series,learning_episode,raw_value,three_point_smoothed_value
"MAPPO (strict 1+5, stochastic train)",1.0,141740.515625,143899.3046875
"MAPPO (strict 1+5, stochastic train)",3.0,146058.09375,144900.33854166666
"MAPPO (strict 1+5, stochastic train)",5.0,146902.40625,148540.48958333334
"MAPPO (strict 1+5, stochastic train)",7.0,152660.96875,154030.15625
"MAPPO (strict 1+5, stochastic train)",9.0,162527.09375,162331.390625
"MAPPO (strict 1+5, stochastic train)",11.0,171806.109375,172495.953125
"MAPPO (strict 1+5, stochastic train)",13.0,183154.65625,181160.19791666666
"MAPPO (strict 1+5, stochastic train)",15.0,188519.828125,190332.21354166666
"MAPPO (strict 1+5, stochastic train)",17.0,199322.15625,197790.47916666666
"MAPPO (strict 1+5, stochastic train)",19.0,205529.453125,206786.72395833334
"MAPPO (strict 1+5, stochastic train)",21.0,215508.5625,212388.33333333334
"MAPPO (strict 1+5, stochastic train)",23.0,216126.984375,219148.44791666666
"MAPPO (strict 1+5, stochastic train)",25.0,225809.796875,224538.79166666666
"MAPPO (strict 1+5, stochastic train)",27.0,231679.59375,230807.27604166666
"MAPPO (strict 1+5, stochastic train)",29.0,234932.4375,235780.94270833334
"MAPPO (strict 1+5, stochastic train)",31.0,240730.796875,238567.77604166666
"MAPPO (strict 1+5, stochastic train)",33.0,240040.09375,243214.75520833334
"MAPPO (strict 1+5, stochastic train)",35.0,248873.375,246410.484375
"MAPPO (strict 1+5, stochastic train)",37.0,250317.984375,251168.30208333334
"MAPPO (strict 1+5, stochastic train)",39.0,254313.546875,256689.01041666666
"MAPPO (strict 1+5, stochastic train)",41.0,265435.5,264180.484375
"MAPPO (strict 1+5, stochastic train)",43.0,272792.40625,271840.65625
"MAPPO (strict 1+5, stochastic train)",45.0,277294.0625,277745.0
"MAPPO (strict 1+5, stochastic train)",47.0,283148.53125,282739.6979166667
"MAPPO (strict 1+5, stochastic train)",49.0,287776.5,286378.9375
"MAPPO (strict 1+5, stochastic train)",51.0,288211.78125,291479.2708333333
"MAPPO (strict 1+5, stochastic train)",53.0,298449.53125,293829.9270833333
"MAPPO (strict 1+5, stochastic train)",55.0,294828.46875,297897.0520833333
"MAPPO (strict 1+5, stochastic train)",57.0,300413.15625,300651.9895833333
"MAPPO (strict 1+5, stochastic train)",59.0,306714.34375,302354.0
"MAPPO (strict 1+5, stochastic train)",61.0,299934.5,303430.8125
"MAPPO (strict 1+5, stochastic train)",63.0,303643.59375,303956.5729166667
"MAPPO (strict 1+5, stochastic train)",65.0,308291.625,308784.9791666667
"MAPPO (strict 1+5, stochastic train)",67.0,314419.71875,311813.9895833333
"MAPPO (strict 1+5, stochastic train)",69.0,312730.625,314790.9791666667
"MAPPO (strict 1+5, stochastic train)",71.0,317222.59375,315457.625
"MAPPO (strict 1+5, stochastic train)",73.0,316419.65625,317686.3541666667
"MAPPO (strict 1+5, stochastic train)",75.0,319416.8125,319172.3125
"MAPPO (strict 1+5, stochastic train)",77.0,321680.46875,322162.0416666667
"MAPPO (strict 1+5, stochastic train)",79.0,325388.84375,325249.8125
"MAPPO (strict 1+5, stochastic train)",81.0,328680.125,328356.6770833333
"MAPPO (strict 1+5, stochastic train)",83.0,331001.0625,330269.96875
"MAPPO (strict 1+5, stochastic train)",85.0,331128.71875,332426.09375
"MAPPO (strict 1+5, stochastic train)",87.0,335148.5,333858.53125
"MAPPO (strict 1+5, stochastic train)",89.0,335298.375,335737.1354166667
"MAPPO (strict 1+5, stochastic train)",91.0,336764.53125,336345.0625
"MAPPO (strict 1+5, stochastic train)",93.0,336972.28125,337709.8645833333
"MAPPO (strict 1+5, stochastic train)",95.0,339392.78125,338859.2395833333
"MAPPO (strict 1+5, stochastic train)",97.0,340212.65625,341601.65625
"MAPPO (strict 1+5, stochastic train)",99.0,345199.53125,342643.5520833333
"MAPPO (strict 1+5, stochastic train)",101.0,342518.46875,344325.4270833333
"MAPPO (strict 1+5, stochastic train)",103.0,345258.28125,344297.9375
"MAPPO (strict 1+5, stochastic train)",105.0,345117.0625,345194.9270833333
"MAPPO (strict 1+5, stochastic train)",107.0,345209.4375,346340.3541666667
"MAPPO (strict 1+5, stochastic train)",109.0,348694.5625,346934.0520833333
"MAPPO (strict 1+5, stochastic train)",111.0,346898.15625,348586.0416666667
"MAPPO (strict 1+5, stochastic train)",113.0,350165.40625,347511.1875
"MAPPO (strict 1+5, stochastic train)",115.0,345470.0,347654.7604166667
"MAPPO (strict 1+5, stochastic train)",117.0,347328.875,347656.7083333333
"MAPPO (strict 1+5, stochastic train)",119.0,350171.25,350429.0520833333
"MAPPO (strict 1+5, stochastic train)",121.0,353787.03125,353013.4895833333
"MAPPO (strict 1+5, stochastic train)",123.0,355082.1875,356596.1041666667
"MAPPO (strict 1+5, stochastic train)",125.0,360919.09375,356248.1666666667
"MAPPO (strict 1+5, stochastic train)",127.0,352743.21875,356972.8125
"MAPPO (strict 1+5, stochastic train)",129.0,357256.125,355209.4895833333
"MAPPO (strict 1+5, stochastic train)",131.0,355629.125,355186.28125
"MAPPO (strict 1+5, stochastic train)",133.0,352673.59375,355489.3229166667
"MAPPO (strict 1+5, stochastic train)",135.0,358165.25,357210.8333333333
"MAPPO (strict 1+5, stochastic train)",137.0,360793.65625,359499.90625
"MAPPO (strict 1+5, stochastic train)",139.0,359540.8125,359119.4895833333
"MAPPO (strict 1+5, stochastic train)",141.0,357024.0,360877.2083333333
"MAPPO (strict 1+5, stochastic train)",143.0,366066.8125,363794.0104166667
"MAPPO (strict 1+5, stochastic train)",145.0,368291.21875,369000.8333333333
"MAPPO (strict 1+5, stochastic train)",147.0,372644.46875,369049.1041666667
"MAPPO (strict 1+5, stochastic train)",149.0,366211.625,366695.6875
"MAPPO (strict 1+5, stochastic train)",151.0,361230.96875,362915.8645833333
"MAPPO (strict 1+5, stochastic train)",153.0,361305.0,362889.1666666667
"MAPPO (strict 1+5, stochastic train)",155.0,366131.53125,364385.4791666667
"MAPPO (strict 1+5, stochastic train)",157.0,365719.90625,369186.5416666667
"MAPPO (strict 1+5, stochastic train)",159.0,375708.1875,372950.375
"MAPPO (strict 1+5, stochastic train)",161.0,377423.03125,376395.59375
"MAPPO (strict 1+5, stochastic train)",163.0,376055.5625,375959.6458333333
"MAPPO (strict 1+5, stochastic train)",165.0,374400.34375,373827.375
"MAPPO (strict 1+5, stochastic train)",167.0,371026.21875,372276.3541666667
"MAPPO (strict 1+5, stochastic train)",169.0,371402.5,372451.5104166667
"MAPPO (strict 1+5, stochastic train)",171.0,374925.8125,374068.71875
"MAPPO (strict 1+5, stochastic train)",173.0,375877.84375,374899.4479166667
"MAPPO (strict 1+5, stochastic train)",175.0,373894.6875,375036.6458333333
"MAPPO (strict 1+5, stochastic train)",177.0,375337.40625,374761.1354166667
"MAPPO (strict 1+5, stochastic train)",179.0,375051.3125,377637.9791666667
"MAPPO (strict 1+5, stochastic train)",181.0,382525.21875,378898.1770833333
"MAPPO (strict 1+5, stochastic train)",183.0,379118.0,381125.1770833333
"MAPPO (strict 1+5, stochastic train)",185.0,381732.3125,381924.8229166667
"MAPPO (strict 1+5, stochastic train)",187.0,384924.15625,383690.3020833333
"MAPPO (strict 1+5, stochastic train)",189.0,384414.4375,385238.6979166667
"MAPPO (strict 1+5, stochastic train)",191.0,386377.5,382756.5625
"MAPPO (strict 1+5, stochastic train)",193.0,377477.75,383627.4270833333
"MAPPO (strict 1+5, stochastic train)",195.0,387027.03125,384605.09375
"MAPPO (strict 1+5, stochastic train)",197.0,389310.5,389911.8645833333
"MAPPO (strict 1+5, stochastic train)",199.0,393398.0625,392633.4375
"MAPPO (strict 1+5, stochastic train)",201.0,395191.75,393607.3854166667
"MAPPO (strict 1+5, stochastic train)",203.0,392232.34375,393965.0833333333
"MAPPO (strict 1+5, stochastic train)",205.0,394471.15625,394798.3229166667
"MAPPO (strict 1+5, stochastic train)",207.0,397691.46875,394206.1979166667
"MAPPO (strict 1+5, stochastic train)",209.0,390455.96875,391550.8125
"MAPPO (strict 1+5, stochastic train)",211.0,386505.0,388882.2708333333
"MAPPO (strict 1+5, stochastic train)",213.0,389685.84375,390205.3229166667
"MAPPO (strict 1+5, stochastic train)",215.0,394425.125,390911.6458333333
"MAPPO (strict 1+5, stochastic train)",217.0,388623.96875,391500.0104166667
"MAPPO (strict 1+5, stochastic train)",219.0,391450.9375,390702.90625
"MAPPO (strict 1+5, stochastic train)",221.0,392033.8125,391554.0833333333
"MAPPO (strict 1+5, stochastic train)",223.0,391177.5,390339.46875
"MAPPO (strict 1+5, stochastic train)",225.0,387807.09375,389690.3958333333
"MAPPO (strict 1+5, stochastic train)",227.0,390086.59375,389800.7395833333
"MAPPO (strict 1+5, stochastic train)",229.0,391508.53125,392175.5520833333
"MAPPO (strict 1+5, stochastic train)",231.0,394931.53125,396662.46875
"MAPPO (strict 1+5, stochastic train)",233.0,403547.34375,398802.7083333333
"MAPPO (strict 1+5, stochastic train)",235.0,397929.25,400324.2291666667
"MAPPO (strict 1+5, stochastic train)",237.0,399496.09375,399625.0
"MAPPO (strict 1+5, stochastic train)",239.0,401449.65625,401502.4375
"MAPPO (strict 1+5, stochastic train)",241.0,403561.5625,402046.03125
"MAPPO (strict 1+5, stochastic train)",243.0,401126.875,402038.2916666667
"MAPPO (strict 1+5, stochastic train)",245.0,401426.4375,401930.0833333333
"MAPPO (strict 1+5, stochastic train)",247.0,403236.9375,402901.5
"MAPPO (strict 1+5, stochastic train)",249.0,404041.125,405243.84375
"MAPPO (strict 1+5, stochastic train)",251.0,408453.46875,406734.3125
"MAPPO (strict 1+5, stochastic train)",253.0,407708.34375,408412.0520833333
"MAPPO (strict 1+5, stochastic train)",255.0,409074.34375,407395.2708333333
"MAPPO (strict 1+5, stochastic train)",257.0,405403.125,407660.8645833333
"MAPPO (strict 1+5, stochastic train)",259.0,408505.125,406264.7291666667
"MAPPO (strict 1+5, stochastic train)",261.0,404885.9375,407084.5
"MAPPO (strict 1+5, stochastic train)",263.0,407862.4375,407730.7604166667
"MAPPO (strict 1+5, stochastic train)",265.0,410443.90625,408852.0416666667
"MAPPO (strict 1+5, stochastic train)",267.0,408249.78125,408783.5104166667
"MAPPO (strict 1+5, stochastic train)",269.0,407656.84375,408758.5416666667
"MAPPO (strict 1+5, stochastic train)",271.0,410369.0,409622.6458333333
"MAPPO (strict 1+5, stochastic train)",273.0,410842.09375,410955.8854166667
"MAPPO (strict 1+5, stochastic train)",275.0,411656.5625,410755.34375
"MAPPO (strict 1+5, stochastic train)",277.0,409767.375,409797.5833333333
"MAPPO (strict 1+5, stochastic train)",279.0,407968.8125,408169.1770833333
"MAPPO (strict 1+5, stochastic train)",281.0,406771.34375,406985.1354166667
"MAPPO (strict 1+5, stochastic train)",283.0,406215.25,407441.8229166667
"MAPPO (strict 1+5, stochastic train)",285.0,409338.875,408195.84375
"MAPPO (strict 1+5, stochastic train)",287.0,409033.40625,408918.4895833333
"MAPPO (strict 1+5, stochastic train)",289.0,408383.1875,410014.3645833333
"MAPPO (strict 1+5, stochastic train)",291.0,412626.5,411091.0104166667
"MAPPO (strict 1+5, stochastic train)",293.0,412263.34375,413082.84375
"MAPPO (strict 1+5, stochastic train)",295.0,414358.6875,416080.9375
"MAPPO (strict 1+5, stochastic train)",297.0,421620.78125,418573.6875
"MAPPO (strict 1+5, stochastic train)",299.0,419741.59375,418925.09375
"MAPPO (strict 1+5, stochastic train)",301.0,415412.90625,415806.6979166667
"MAPPO (strict 1+5, stochastic train)",303.0,412265.59375,415295.78125
"MAPPO (strict 1+5, stochastic train)",305.0,418208.84375,415760.8229166667
"MAPPO (strict 1+5, stochastic train)",307.0,416808.03125,416343.1979166667
"MAPPO (strict 1+5, stochastic train)",309.0,414012.71875,415619.21875
"MAPPO (strict 1+5, stochastic train)",311.0,416036.90625,413754.65625
"MAPPO (strict 1+5, stochastic train)",313.0,411214.34375,413409.53125
"MAPPO (strict 1+5, stochastic train)",315.0,412977.34375,412401.7291666667
"MAPPO (strict 1+5, stochastic train)",317.0,413013.5,413213.8854166667
"MAPPO (strict 1+5, stochastic train)",319.0,413650.8125,413342.7291666667
"MAPPO (strict 1+5, stochastic train)",321.0,413363.875,412896.125
"MAPPO (strict 1+5, stochastic train)",323.0,411673.6875,414120.7395833333
"MAPPO (strict 1+5, stochastic train)",325.0,417324.65625,415710.15625
"MAPPO (strict 1+5, stochastic train)",327.0,418132.125,420739.59375
"MAPPO (strict 1+5, stochastic train)",329.0,426762.0,418199.0520833333
"MAPPO (strict 1+5, stochastic train)",331.0,409703.03125,418513.3958333333
"MAPPO (strict 1+5, stochastic train)",333.0,419075.15625,414947.1458333333
"MAPPO (strict 1+5, stochastic train)",335.0,416063.25,415948.46875
"MAPPO (strict 1+5, stochastic train)",337.0,412707.0,415876.4270833333
"MAPPO (strict 1+5, stochastic train)",339.0,418859.03125,416048.8958333333
"MAPPO (strict 1+5, stochastic train)",341.0,416580.65625,419547.7291666667
"MAPPO (strict 1+5, stochastic train)",343.0,423203.5,418462.9479166667
"MAPPO (strict 1+5, stochastic train)",345.0,415604.6875,418132.2291666667
"MAPPO (strict 1+5, stochastic train)",347.0,415588.5,415888.9583333333
"MAPPO (strict 1+5, stochastic train)",349.0,416473.6875,417861.4166666667
"MAPPO (strict 1+5, stochastic train)",351.0,421522.0625,419265.96875
"MAPPO (strict 1+5, stochastic train)",353.0,419802.15625,419354.5520833333
"MAPPO (strict 1+5, stochastic train)",355.0,416739.4375,420399.7395833333
"MAPPO (strict 1+5, stochastic train)",357.0,424657.625,421405.5520833333
"MAPPO (strict 1+5, stochastic train)",359.0,422819.59375,425291.46875
"MAPPO (strict 1+5, stochastic train)",361.0,428397.1875,426398.9375
"MAPPO (strict 1+5, stochastic train)",363.0,427980.03125,427353.0625
"MAPPO (strict 1+5, stochastic train)",365.0,425681.96875,425843.5729166667
"MAPPO (strict 1+5, stochastic train)",367.0,423868.71875,427179.8854166667
"MAPPO (strict 1+5, stochastic train)",369.0,431988.96875,427962.2604166667
"MAPPO (strict 1+5, stochastic train)",371.0,428029.09375,429385.46875
"MAPPO (strict 1+5, stochastic train)",373.0,428138.34375,426652.6458333333
"MAPPO (strict 1+5, stochastic train)",375.0,423790.5,425005.375
"MAPPO (strict 1+5, stochastic train)",377.0,423087.28125,424388.1875
"MAPPO (strict 1+5, stochastic train)",379.0,426286.78125,425543.8958333333
"MAPPO (strict 1+5, stochastic train)",381.0,427257.625,425591.9583333333
"MAPPO (strict 1+5, stochastic train)",383.0,423231.46875,424795.3645833333
"MAPPO (strict 1+5, stochastic train)",385.0,423897.0,425350.7916666667
"MAPPO (strict 1+5, stochastic train)",387.0,428923.90625,427208.4166666667
"MAPPO (strict 1+5, stochastic train)",389.0,428804.34375,428422.53125
"MAPPO (strict 1+5, stochastic train)",391.0,427539.34375,427977.5
"MAPPO (strict 1+5, stochastic train)",393.0,427588.8125,427171.28125
"MAPPO (strict 1+5, stochastic train)",395.0,426385.6875,427198.1458333333
"MAPPO (strict 1+5, stochastic train)",397.0,427619.9375,427938.6041666667
"MAPPO (strict 1+5, stochastic train)",399.0,429810.1875,428826.8645833333
"MAPPO (strict 1+5, stochastic train)",401.0,429050.46875,430865.84375
"MAPPO (strict 1+5, stochastic train)",403.0,433736.875,430861.6770833333
"MAPPO (strict 1+5, stochastic train)",405.0,429797.6875,431163.8541666667
"MAPPO (strict 1+5, stochastic train)",407.0,429957.0,428097.0416666667
"MAPPO (strict 1+5, stochastic train)",409.0,424536.4375,426826.21875
"MAPPO (strict 1+5, stochastic train)",411.0,425985.21875,424317.5729166667
"MAPPO (strict 1+5, stochastic train)",413.0,422431.0625,426177.4375
"MAPPO (strict 1+5, stochastic train)",415.0,430116.03125,426954.8645833333
"MAPPO (strict 1+5, stochastic train)",417.0,428317.5,428890.2916666667
"MAPPO (strict 1+5, stochastic train)",419.0,428237.34375,429790.46875
"MAPPO (strict 1+5, stochastic train)",421.0,432816.5625,429174.3333333333
"MAPPO (strict 1+5, stochastic train)",423.0,426469.09375,428750.5729166667
"MAPPO (strict 1+5, stochastic train)",425.0,426966.0625,429193.4166666667
"MAPPO (strict 1+5, stochastic train)",427.0,434145.09375,429156.4270833333
"MAPPO (strict 1+5, stochastic train)",429.0,426358.125,430467.5625
"MAPPO (strict 1+5, stochastic train)",431.0,430899.46875,429748.4479166667
"MAPPO (strict 1+5, stochastic train)",433.0,431987.75,432152.125
"MAPPO (strict 1+5, stochastic train)",435.0,433569.15625,432251.9375
"MAPPO (strict 1+5, stochastic train)",437.0,431198.90625,432651.75
"MAPPO (strict 1+5, stochastic train)",439.0,433187.1875,432092.59375
"MAPPO (strict 1+5, stochastic train)",441.0,431891.6875,432882.1979166667
"MAPPO (strict 1+5, stochastic train)",443.0,433567.71875,433585.1145833333
"MAPPO (strict 1+5, stochastic train)",445.0,435295.9375,435172.0104166667
"MAPPO (strict 1+5, stochastic train)",447.0,436652.375,433980.8125
"MAPPO (strict 1+5, stochastic train)",449.0,429994.125,433230.2291666667
"MAPPO (strict 1+5, stochastic train)",451.0,433044.1875,433708.5729166667
"MAPPO (strict 1+5, stochastic train)",453.0,438087.40625,434461.1770833333
"MAPPO (strict 1+5, stochastic train)",455.0,432251.9375,436028.9895833333
"MAPPO (strict 1+5, stochastic train)",457.0,437747.625,434267.09375
"MAPPO (strict 1+5, stochastic train)",459.0,432801.71875,431974.9270833333
"MAPPO (strict 1+5, stochastic train)",461.0,425375.4375,431359.2083333333
"MAPPO (strict 1+5, stochastic train)",463.0,435900.46875,431639.34375
"MAPPO (strict 1+5, stochastic train)",465.0,433642.125,433437.1145833333
"MAPPO (strict 1+5, stochastic train)",467.0,430768.75,431460.59375
"MAPPO (strict 1+5, stochastic train)",469.0,429970.90625,430463.0729166667
"MAPPO (strict 1+5, stochastic train)",471.0,430649.5625,430683.1458333333
"MAPPO (strict 1+5, stochastic train)",473.0,431428.96875,433681.8645833333
"MAPPO (strict 1+5, stochastic train)",475.0,438967.0625,434677.84375
"MAPPO (strict 1+5, stochastic train)",477.0,433637.5,435675.9479166667
"MAPPO (strict 1+5, stochastic train)",479.0,434423.28125,433980.84375
"MAPPO (strict 1+5, stochastic train)",481.0,433881.75,432051.3020833333
"MAPPO (strict 1+5, stochastic train)",483.0,427848.875,430227.9479166667
"MAPPO (strict 1+5, stochastic train)",485.0,428953.21875,427726.7083333333
"MAPPO (strict 1+5, stochastic train)",487.0,426378.03125,430159.5104166667
"MAPPO (strict 1+5, stochastic train)",489.0,435147.28125,430679.75
"MAPPO (strict 1+5, stochastic train)",491.0,430513.9375,432904.78125
"MAPPO (strict 1+5, stochastic train)",493.0,433053.125,433293.6875
"MAPPO (strict 1+5, stochastic train)",495.0,436314.0,435228.0625
"MAPPO (strict 1+5, stochastic train)",497.0,436317.0625,436649.4583333333
"MAPPO (strict 1+5, stochastic train)",499.0,437317.3125,436585.6041666667
"MAPPO (strict 1+5, stochastic train)",501.0,436122.4375,435708.84375
"MAPPO (strict 1+5, stochastic train)",503.0,433686.78125,434197.4791666667
"MAPPO (strict 1+5, stochastic train)",505.0,432783.21875,433709.7395833333
"MAPPO (strict 1+5, stochastic train)",507.0,434659.21875,434095.3854166667
"MAPPO (strict 1+5, stochastic train)",509.0,434843.71875,435173.4270833333
"MAPPO (strict 1+5, stochastic train)",511.0,436017.34375,436455.0625
"MAPPO (strict 1+5, stochastic train)",513.0,438504.125,437325.46875
"MAPPO (strict 1+5, stochastic train)",515.0,437454.9375,437694.46875
"MAPPO (strict 1+5, stochastic train)",517.0,437124.34375,437267.53125
"MAPPO (strict 1+5, stochastic train)",519.0,437223.3125,436732.7604166667
"MAPPO (strict 1+5, stochastic train)",521.0,435850.625,437281.53125
"MAPPO (strict 1+5, stochastic train)",523.0,438770.65625,438227.2604166667
"MAPPO (strict 1+5, stochastic train)",525.0,440060.5,439794.7395833333
"MAPPO (strict 1+5, stochastic train)",527.0,440553.0625,441398.6458333333
"MAPPO (strict 1+5, stochastic train)",529.0,443582.375,441874.75
"MAPPO (strict 1+5, stochastic train)",531.0,441488.8125,440337.3958333333
"MAPPO (strict 1+5, stochastic train)",533.0,435941.0,438459.6145833333
"MAPPO (strict 1+5, stochastic train)",535.0,437949.03125,437294.3333333333
"MAPPO (strict 1+5, stochastic train)",537.0,437992.96875,438238.1770833333
"MAPPO (strict 1+5, stochastic train)",539.0,438772.53125,439850.84375
"MAPPO (strict 1+5, stochastic train)",541.0,442787.03125,442879.6979166667
"MAPPO (strict 1+5, stochastic train)",543.0,447079.53125,445793.3958333333
"MAPPO (strict 1+5, stochastic train)",545.0,447513.625,445904.1354166667
"MAPPO (strict 1+5, stochastic train)",547.0,443119.25,444275.5416666667
"MAPPO (strict 1+5, stochastic train)",549.0,442193.75,441425.4895833333
"MAPPO (strict 1+5, stochastic train)",551.0,438963.46875,441271.1875
"MAPPO (strict 1+5, stochastic train)",553.0,442656.34375,440359.375
"MAPPO (strict 1+5, stochastic train)",555.0,439458.3125,442299.2395833333
"MAPPO (strict 1+5, stochastic train)",557.0,444783.0625,444021.0416666667
"MAPPO (strict 1+5, stochastic train)",559.0,447821.75,445981.7291666667
"MAPPO (strict 1+5, stochastic train)",561.0,445340.375,445929.9791666667
"MAPPO (strict 1+5, stochastic train)",563.0,444627.8125,445601.2395833333
"MAPPO (strict 1+5, stochastic train)",565.0,446835.53125,445578.5104166667
"MAPPO (strict 1+5, stochastic train)",567.0,445272.1875,446536.3854166667
"MAPPO (strict 1+5, stochastic train)",569.0,447501.4375,446607.8645833333
"MAPPO (strict 1+5, stochastic train)",571.0,447049.96875,447604.2083333333
"MAPPO (strict 1+5, stochastic train)",573.0,448261.21875,447469.1458333333
"MAPPO (strict 1+5, stochastic train)",575.0,447096.25,447923.6979166667
"MAPPO (strict 1+5, stochastic train)",577.0,448413.625,447688.59375
"MAPPO (strict 1+5, stochastic train)",579.0,447555.90625,447570.7708333333
"MAPPO (strict 1+5, stochastic train)",581.0,446742.78125,446654.7291666667
"MAPPO (strict 1+5, stochastic train)",583.0,445665.5,446162.1354166667
"MAPPO (strict 1+5, stochastic train)",585.0,446078.125,445568.1875
"MAPPO (strict 1+5, stochastic train)",587.0,444960.9375,445536.8645833333
"MAPPO (strict 1+5, stochastic train)",589.0,445571.53125,443957.6354166667
"MAPPO (strict 1+5, stochastic train)",591.0,441340.4375,443734.2291666667
"MAPPO (strict 1+5, stochastic train)",593.0,444290.71875,444682.9166666667
"MAPPO (strict 1+5, stochastic train)",595.0,448417.59375,446316.34375
"MAPPO (strict 1+5, stochastic train)",597.0,446240.71875,447790.28125
"MAPPO (strict 1+5, stochastic train)",599.0,448712.53125,446992.3541666667
"MAPPO (strict 1+5, stochastic train)",601.0,446023.8125,446692.2604166667
"MAPPO (strict 1+5, stochastic train)",603.0,445340.4375,446048.6458333333
"MAPPO (strict 1+5, stochastic train)",605.0,446781.6875,446350.4375
"MAPPO (strict 1+5, stochastic train)",607.0,446929.1875,444949.53125
"MAPPO (strict 1+5, stochastic train)",609.0,441137.71875,443464.1666666667
"MAPPO (strict 1+5, stochastic train)",611.0,442325.59375,441403.2604166667
"MAPPO (strict 1+5, stochastic train)",613.0,440746.46875,441327.1145833333
"MAPPO (strict 1+5, stochastic train)",615.0,440909.28125,441745.1145833333
"MAPPO (strict 1+5, stochastic train)",617.0,443579.59375,442946.75
"MAPPO (strict 1+5, stochastic train)",619.0,444351.375,444776.8125
"MAPPO (strict 1+5, stochastic train)",621.0,446399.46875,446374.6666666667
"MAPPO (strict 1+5, stochastic train)",623.0,448373.15625,445942.4166666667
"MAPPO (strict 1+5, stochastic train)",625.0,443054.625,446379.75
"MAPPO (strict 1+5, stochastic train)",627.0,447711.46875,447038.5833333333
"MAPPO (strict 1+5, stochastic train)",629.0,450349.65625,449487.7708333333
"MAPPO (strict 1+5, stochastic train)",631.0,450402.1875,447886.3333333333
"MAPPO (strict 1+5, stochastic train)",633.0,442907.15625,447793.0
"MAPPO (strict 1+5, stochastic train)",635.0,450069.65625,448415.1666666667
"MAPPO (strict 1+5, stochastic train)",637.0,452268.6875,450851.7083333333
"MAPPO (strict 1+5, stochastic train)",639.0,450216.78125,451001.3958333333
"MAPPO (strict 1+5, stochastic train)",641.0,450518.71875,449991.3645833333
"MAPPO (strict 1+5, stochastic train)",643.0,449238.59375,450430.3958333333
"MAPPO (strict 1+5, stochastic train)",645.0,451533.875,449241.4791666667
"MAPPO (strict 1+5, stochastic train)",647.0,446951.96875,448854.9270833333
"MAPPO (strict 1+5, stochastic train)",649.0,448078.9375,448728.8958333333
"MAPPO (strict 1+5, stochastic train)",651.0,451155.78125,448736.2291666667
"MAPPO (strict 1+5, stochastic train)",653.0,446973.96875,451067.1770833333
"MAPPO (strict 1+5, stochastic train)",655.0,455071.78125,452245.125
"MAPPO (strict 1+5, stochastic train)",657.0,454689.625,455776.1875
"MAPPO (strict 1+5, stochastic train)",659.0,457567.15625,455717.1666666667
"MAPPO (strict 1+5, stochastic train)",661.0,454894.71875,456091.7291666667
"MAPPO (strict 1+5, stochastic train)",663.0,455813.3125,455014.09375
"MAPPO (strict 1+5, stochastic train)",665.0,454334.25,454509.1145833333
"MAPPO (strict 1+5, stochastic train)",667.0,453379.78125,454278.40625
"MAPPO (strict 1+5, stochastic train)",669.0,455121.1875,453349.90625
"MAPPO (strict 1+5, stochastic train)",671.0,451548.75,453448.15625
"MAPPO (strict 1+5, stochastic train)",673.0,453674.53125,454489.5729166667
"MAPPO (strict 1+5, stochastic train)",675.0,458245.4375,456061.1770833333
"MAPPO (strict 1+5, stochastic train)",677.0,456263.5625,457480.5833333333
"MAPPO (strict 1+5, stochastic train)",679.0,457932.75,458273.6979166667
"MAPPO (strict 1+5, stochastic train)",681.0,460624.78125,459798.3229166667
"MAPPO (strict 1+5, stochastic train)",683.0,460837.4375,460325.8854166667
"MAPPO (strict 1+5, stochastic train)",685.0,459515.4375,460403.8333333333
"MAPPO (strict 1+5, stochastic train)",687.0,460858.625,460627.46875
"MAPPO (strict 1+5, stochastic train)",689.0,461508.34375,461260.4270833333
"MAPPO (strict 1+5, stochastic train)",691.0,461414.3125,458990.28125
"MAPPO (strict 1+5, stochastic train)",693.0,454048.1875,456918.5
"MAPPO (strict 1+5, stochastic train)",695.0,455293.0,455762.5833333333
"MAPPO (strict 1+5, stochastic train)",697.0,457946.5625,456046.8125
"MAPPO (strict 1+5, stochastic train)",699.0,454900.875,455739.5625
"MAPPO (strict 1+5, stochastic train)",701.0,454371.25,453197.2291666667
"MAPPO (strict 1+5, stochastic train)",703.0,450319.5625,451521.2916666667
"MAPPO (strict 1+5, stochastic train)",705.0,449873.0625,449388.03125
"MAPPO (strict 1+5, stochastic train)",707.0,447971.46875,449679.1041666667
"MAPPO (strict 1+5, stochastic train)",709.0,451192.78125,450486.46875
"MAPPO (strict 1+5, stochastic train)",711.0,452295.15625,453439.6041666667
"MAPPO (strict 1+5, stochastic train)",713.0,456830.875,454689.40625
"MAPPO (strict 1+5, stochastic train)",715.0,454942.1875,454702.6770833333
"MAPPO (strict 1+5, stochastic train)",717.0,452334.96875,455302.65625
"MAPPO (strict 1+5, stochastic train)",719.0,458630.8125,455937.9895833333
"MAPPO (strict 1+5, stochastic train)",721.0,456848.1875,458574.90625
"MAPPO (strict 1+5, stochastic train)",723.0,460245.71875,459489.1145833333
"MAPPO (strict 1+5, stochastic train)",725.0,461373.4375,460188.875
"MAPPO (strict 1+5, stochastic train)",727.0,458947.46875,459441.78125
"MAPPO (strict 1+5, stochastic train)",729.0,458004.4375,458742.9479166667
"MAPPO (strict 1+5, stochastic train)",731.0,459276.9375,459508.1666666667
"MAPPO (strict 1+5, stochastic train)",733.0,461243.125,461059.78125
"MAPPO (strict 1+5, stochastic train)",735.0,462659.28125,461967.4895833333
"MAPPO (strict 1+5, stochastic train)",737.0,462000.0625,460836.21875
"MAPPO (strict 1+5, stochastic train)",739.0,457849.3125,458480.71875
"MAPPO (strict 1+5, stochastic train)",741.0,455592.78125,456985.1770833333
"MAPPO (strict 1+5, stochastic train)",743.0,457513.4375,458182.46875
"MAPPO (strict 1+5, stochastic train)",745.0,461441.1875,459607.84375
"MAPPO (strict 1+5, stochastic train)",747.0,459868.90625,461711.40625
"MAPPO (strict 1+5, stochastic train)",749.0,463824.125,461385.0833333333
"MAPPO (strict 1+5, stochastic train)",751.0,460462.21875,461794.3020833333
"MAPPO (strict 1+5, stochastic train)",753.0,461096.5625,461478.1145833333
"MAPPO (strict 1+5, stochastic train)",755.0,462875.5625,462351.0
"MAPPO (strict 1+5, stochastic train)",757.0,463080.875,461808.2395833333
"MAPPO (strict 1+5, stochastic train)",759.0,459468.28125,460936.53125
"MAPPO (strict 1+5, stochastic train)",761.0,460260.4375,461019.0729166667
"MAPPO (strict 1+5, stochastic train)",763.0,463328.5,461295.1979166667
"MAPPO (strict 1+5, stochastic train)",765.0,460296.65625,461549.15625
"MAPPO (strict 1+5, stochastic train)",767.0,461022.3125,462082.1770833333
"MAPPO (strict 1+5, stochastic train)",769.0,464927.5625,463702.5208333333
"MAPPO (strict 1+5, stochastic train)",771.0,465157.6875,464112.875
"MAPPO (strict 1+5, stochastic train)",773.0,462253.375,463104.5520833333
"MAPPO (strict 1+5, stochastic train)",775.0,461902.59375,462313.6979166667
"MAPPO (strict 1+5, stochastic train)",777.0,462785.125,461262.90625
"MAPPO (strict 1+5, stochastic train)",779.0,459101.0,460990.40625
"MAPPO (strict 1+5, stochastic train)",781.0,461085.09375,461014.8645833333
"MAPPO (strict 1+5, stochastic train)",783.0,462858.5,461201.21875
"MAPPO (strict 1+5, stochastic train)",785.0,459660.0625,461810.3958333333
"MAPPO (strict 1+5, stochastic train)",787.0,462912.625,459986.5
"MAPPO (strict 1+5, stochastic train)",789.0,457386.8125,459717.5104166667
"MAPPO (strict 1+5, stochastic train)",791.0,458853.09375,458119.7708333333
"MAPPO (strict 1+5, stochastic train)",793.0,458119.40625,459497.5729166667
"MAPPO (strict 1+5, stochastic train)",795.0,461520.21875,460131.8854166667
"MAPPO (strict 1+5, stochastic train)",797.0,460756.03125,461976.8020833333
"MAPPO (strict 1+5, stochastic train)",799.0,463654.15625,463418.6145833333
"MAPPO (strict 1+5, stochastic train)",801.0,465845.65625,465369.4791666667
"MAPPO (strict 1+5, stochastic train)",803.0,466608.625,467927.5625
"MAPPO (strict 1+5, stochastic train)",805.0,471328.40625,467804.3125
"MAPPO (strict 1+5, stochastic train)",807.0,465475.90625,468264.4375
"MAPPO (strict 1+5, stochastic train)",809.0,467989.0,466561.03125
"MAPPO (strict 1+5, stochastic train)",811.0,466218.1875,467939.9375
"MAPPO (strict 1+5, stochastic train)",813.0,469612.625,469120.8020833333
"MAPPO (strict 1+5, stochastic train)",815.0,471531.59375,470081.90625
"MAPPO (strict 1+5, stochastic train)",817.0,469101.5,470023.0208333333
"MAPPO (strict 1+5, stochastic train)",819.0,469435.96875,468414.6875
"MAPPO (strict 1+5, stochastic train)",821.0,466706.59375,468003.3020833333
"MAPPO (strict 1+5, stochastic train)",823.0,467867.34375,466534.9166666667
"MAPPO (strict 1+5, stochastic train)",825.0,465030.8125,465666.3541666667
"MAPPO (strict 1+5, stochastic train)",827.0,464100.90625,463739.7708333333
"MAPPO (strict 1+5, stochastic train)",829.0,462087.59375,463034.2083333333
"MAPPO (strict 1+5, stochastic train)",831.0,462914.125,462543.4166666667
"MAPPO (strict 1+5, stochastic train)",833.0,462628.53125,463277.3333333333
"MAPPO (strict 1+5, stochastic train)",835.0,464289.34375,462683.7291666667
"MAPPO (strict 1+5, stochastic train)",837.0,461133.3125,462213.7291666667
"MAPPO (strict 1+5, stochastic train)",839.0,461218.53125,462474.8229166667
"MAPPO (strict 1+5, stochastic train)",841.0,465072.625,463527.9479166667
"MAPPO (strict 1+5, stochastic train)",843.0,464292.6875,465444.9479166667
"MAPPO (strict 1+5, stochastic train)",845.0,466969.53125,466718.1770833333
"MAPPO (strict 1+5, stochastic train)",847.0,468892.3125,468383.6979166667
"MAPPO (strict 1+5, stochastic train)",849.0,469289.25,470153.09375
"MAPPO (strict 1+5, stochastic train)",851.0,472277.71875,470693.8125
"MAPPO (strict 1+5, stochastic train)",853.0,470514.46875,470914.6145833333
"MAPPO (strict 1+5, stochastic train)",855.0,469951.65625,469242.625
"MAPPO (strict 1+5, stochastic train)",857.0,467261.75,467184.34375
"MAPPO (strict 1+5, stochastic train)",859.0,464339.625,466572.6041666667
"MAPPO (strict 1+5, stochastic train)",861.0,468116.4375,466380.03125
"MAPPO (strict 1+5, stochastic train)",863.0,466684.03125,466895.375
"MAPPO (strict 1+5, stochastic train)",865.0,465885.65625,465562.2083333333
"MAPPO (strict 1+5, stochastic train)",867.0,464116.9375,466194.59375
"MAPPO (strict 1+5, stochastic train)",869.0,468581.1875,466197.6458333333
"MAPPO (strict 1+5, stochastic train)",871.0,465894.8125,467401.5416666667
"MAPPO (strict 1+5, stochastic train)",873.0,467728.625,467522.6979166667
"MAPPO (strict 1+5, stochastic train)",875.0,468944.65625,468137.9583333333
"MAPPO (strict 1+5, stochastic train)",877.0,467740.59375,468442.46875
"MAPPO (strict 1+5, stochastic train)",879.0,468642.15625,469280.90625
"MAPPO (strict 1+5, stochastic train)",881.0,471459.96875,470296.2708333333
"MAPPO (strict 1+5, stochastic train)",883.0,470786.6875,471823.8541666667
"MAPPO (strict 1+5, stochastic train)",885.0,473224.90625,471653.5729166667
"MAPPO (strict 1+5, stochastic train)",887.0,470949.125,471386.5625
"MAPPO (strict 1+5, stochastic train)",889.0,469985.65625,470379.03125
"MAPPO (strict 1+5, stochastic train)",891.0,470202.3125,469739.9375
"MAPPO (strict 1+5, stochastic train)",893.0,469031.84375,468612.9270833333
"MAPPO (strict 1+5, stochastic train)",895.0,466604.625,469080.8125
"MAPPO (strict 1+5, stochastic train)",897.0,471605.96875,469234.2291666667
"MAPPO (strict 1+5, stochastic train)",899.0,469492.09375,469707.03125
"MAPPO (strict 1+5, stochastic train)",901.0,468023.03125,468640.0625
"MAPPO (strict 1+5, stochastic train)",903.0,468405.0625,468844.8020833333
"MAPPO (strict 1+5, stochastic train)",905.0,470106.3125,469797.53125
"MAPPO (strict 1+5, stochastic train)",907.0,470881.21875,470342.0416666667
"MAPPO (strict 1+5, stochastic train)",909.0,470038.59375,470672.4375
"MAPPO (strict 1+5, stochastic train)",911.0,471097.5,470550.75
"MAPPO (strict 1+5, stochastic train)",913.0,470516.15625,469949.0416666667
"MAPPO (strict 1+5, stochastic train)",915.0,468233.46875,469977.3541666667
"MAPPO (strict 1+5, stochastic train)",917.0,471182.4375,471203.625
"MAPPO (strict 1+5, stochastic train)",919.0,474194.96875,473363.6458333333
"MAPPO (strict 1+5, stochastic train)",921.0,474713.53125,474502.28125
"MAPPO (strict 1+5, stochastic train)",923.0,474598.34375,474149.8645833333
"MAPPO (strict 1+5, stochastic train)",925.0,473137.71875,473614.1458333333
"MAPPO (strict 1+5, stochastic train)",927.0,473106.375,473215.3541666667
"MAPPO (strict 1+5, stochastic train)",929.0,473401.96875,473757.3854166667
"MAPPO (strict 1+5, stochastic train)",931.0,474763.8125,473658.6041666667
"MAPPO (strict 1+5, stochastic train)",933.0,472810.03125,473052.0729166667
"MAPPO (strict 1+5, stochastic train)",935.0,471582.375,471605.125
"MAPPO (strict 1+5, stochastic train)",937.0,470422.96875,472004.1666666667
"MAPPO (strict 1+5, stochastic train)",939.0,474007.15625,472556.28125
"MAPPO (strict 1+5, stochastic train)",941.0,473238.71875,473515.5
"MAPPO (strict 1+5, stochastic train)",943.0,473300.625,472523.6354166667
"MAPPO (strict 1+5, stochastic train)",945.0,471031.5625,471120.4479166667
"MAPPO (strict 1+5, stochastic train)",947.0,469029.15625,470010.46875
"MAPPO (strict 1+5, stochastic train)",949.0,469970.6875,469612.0208333333
"MAPPO (strict 1+5, stochastic train)",951.0,469836.21875,469535.6354166667
"MAPPO (strict 1+5, stochastic train)",953.0,468800.0,469009.0833333333
"MAPPO (strict 1+5, stochastic train)",955.0,468391.03125,469137.78125
"MAPPO (strict 1+5, stochastic train)",957.0,470222.3125,470021.7708333333
"MAPPO (strict 1+5, stochastic train)",959.0,471451.96875,470656.3541666667
"MAPPO (strict 1+5, stochastic train)",961.0,470294.78125,470427.2604166667
"MAPPO (strict 1+5, stochastic train)",963.0,469535.03125,470735.5104166667
"MAPPO (strict 1+5, stochastic train)",965.0,472376.71875,471288.5
"MAPPO (strict 1+5, stochastic train)",967.0,471953.75,472157.25
"MAPPO (strict 1+5, stochastic train)",969.0,472141.28125,471624.5729166667
"MAPPO (strict 1+5, stochastic train)",971.0,470778.6875,471241.2708333333
"MAPPO (strict 1+5, stochastic train)",973.0,470803.84375,470522.8229166667
"MAPPO (strict 1+5, stochastic train)",975.0,469985.9375,471040.7916666667
"MAPPO (strict 1+5, stochastic train)",977.0,472332.59375,471014.9583333333
"MAPPO (strict 1+5, stochastic train)",979.0,470726.34375,471053.3333333333
"MAPPO (strict 1+5, stochastic train)",981.0,470101.0625,469742.8958333333
"MAPPO (strict 1+5, stochastic train)",983.0,468401.28125,469687.7395833333
"MAPPO (strict 1+5, stochastic train)",985.0,470560.875,470106.5
"MAPPO (strict 1+5, stochastic train)",987.0,471357.34375,470291.8125
"MAPPO (strict 1+5, stochastic train)",989.0,468957.21875,470561.0
"MAPPO (strict 1+5, stochastic train)",991.0,471368.4375,470677.6041666667
"MAPPO (strict 1+5, stochastic train)",993.0,471707.15625,471408.84375
"MAPPO (strict 1+5, stochastic train)",995.0,471150.9375,471048.4895833333
"MAPPO (strict 1+5, stochastic train)",997.0,470287.375,471304.2604166667
"MAPPO (strict 1+5, stochastic train)",999.0,472474.46875,472663.1041666667
"MAPPO (strict 1+5, stochastic train)",1001.0,475227.46875,474194.34375
"MAPPO (strict 1+5, stochastic train)",1003.0,474881.09375,474285.4895833333
"MAPPO (strict 1+5, stochastic train)",1005.0,472747.90625,473313.2708333333
"MAPPO (strict 1+5, stochastic train)",1007.0,472310.8125,472549.3645833333
"MAPPO (strict 1+5, stochastic train)",1009.0,472589.375,471539.5729166667
"MAPPO (strict 1+5, stochastic train)",1011.0,469718.53125,470623.8020833333
"MAPPO (strict 1+5, stochastic train)",1013.0,469563.5,469982.3645833333
"MAPPO (strict 1+5, stochastic train)",1015.0,470665.0625,469622.7708333333
"MAPPO (strict 1+5, stochastic train)",1017.0,468639.75,469551.4479166667
"MAPPO (strict 1+5, stochastic train)",1019.0,469349.53125,470038.1041666667
"MAPPO (strict 1+5, stochastic train)",1021.0,472125.03125,470929.2916666667
"MAPPO (strict 1+5, stochastic train)",1023.0,471313.3125,472309.5625
"MAPPO (strict 1+5, stochastic train)",1025.0,473490.34375,472147.9270833333
"MAPPO (strict 1+5, stochastic train)",1027.0,471640.125,472970.0
"MAPPO (strict 1+5, stochastic train)",1029.0,473779.53125,473838.78125
"MAPPO (strict 1+5, stochastic train)",1031.0,476096.6875,474932.6666666667
"MAPPO (strict 1+5, stochastic train)",1033.0,474921.78125,476127.59375
"MAPPO (strict 1+5, stochastic train)",1035.0,477364.3125,476206.1041666667
"MAPPO (strict 1+5, stochastic train)",1037.0,476332.21875,476411.2395833333
"MAPPO (strict 1+5, stochastic train)",1039.0,475537.1875,476808.4479166667
"MAPPO (strict 1+5, stochastic train)",1041.0,478555.9375,477226.8333333333
"MAPPO (strict 1+5, stochastic train)",1043.0,477587.375,477639.375
"MAPPO (strict 1+5, stochastic train)",1045.0,476774.8125,476850.5
"MAPPO (strict 1+5, stochastic train)",1047.0,476189.3125,476303.6666666667
"MAPPO (strict 1+5, stochastic train)",1049.0,475946.875,475108.6875
"MAPPO (strict 1+5, stochastic train)",1051.0,473189.875,473325.7708333333
"MAPPO (strict 1+5, stochastic train)",1053.0,470840.5625,473074.84375
"MAPPO (strict 1+5, stochastic train)",1055.0,475194.09375,473631.8541666667
"MAPPO (strict 1+5, stochastic train)",1057.0,474860.90625,474627.7916666667
"MAPPO (strict 1+5, stochastic train)",1059.0,473828.375,474127.5833333333
"MAPPO (strict 1+5, stochastic train)",1061.0,473693.46875,474475.0833333333
"MAPPO (strict 1+5, stochastic train)",1063.0,475903.40625,473908.6354166667
"MAPPO (strict 1+5, stochastic train)",1065.0,472129.03125,474853.9479166667
"MAPPO (strict 1+5, stochastic train)",1067.0,476529.40625,474702.3645833333
"MAPPO (strict 1+5, stochastic train)",1069.0,475448.65625,475568.75
"MAPPO (strict 1+5, stochastic train)",1071.0,474728.1875,474944.9166666667
"MAPPO (strict 1+5, stochastic train)",1073.0,474657.90625,474767.28125
"MAPPO (strict 1+5, stochastic train)",1075.0,474915.75,476134.6458333333
"MAPPO (strict 1+5, stochastic train)",1077.0,478830.28125,477056.3854166667
"MAPPO (strict 1+5, stochastic train)",1079.0,477423.125,476869.75
"MAPPO (strict 1+5, stochastic train)",1081.0,474355.84375,474243.0104166667
"MAPPO (strict 1+5, stochastic train)",1083.0,470950.0625,473482.625
"MAPPO (strict 1+5, stochastic train)",1085.0,475141.96875,474075.5729166667
"MAPPO (strict 1+5, stochastic train)",1087.0,476134.6875,476192.0729166667
"MAPPO (strict 1+5, stochastic train)",1089.0,477299.5625,476284.7395833333
"MAPPO (strict 1+5, stochastic train)",1091.0,475419.96875,475881.6041666667
"MAPPO (strict 1+5, stochastic train)",1093.0,474925.28125,474487.2083333333
"MAPPO (strict 1+5, stochastic train)",1095.0,473116.375,474237.5833333333
"MAPPO (strict 1+5, stochastic train)",1097.0,474671.09375,473734.2604166667
"MAPPO (strict 1+5, stochastic train)",1099.0,473415.3125,474293.1354166667
"MAPPO (strict 1+5, stochastic train)",1101.0,474793.0,474090.1458333333
"MAPPO (strict 1+5, stochastic train)",1103.0,474062.125,474558.9479166667
"MAPPO (strict 1+5, stochastic train)",1105.0,474821.71875,472960.6875
"MAPPO (strict 1+5, stochastic train)",1107.0,469998.21875,472597.0
"MAPPO (strict 1+5, stochastic train)",1109.0,472971.0625,472604.78125
"MAPPO (strict 1+5, stochastic train)",1111.0,474845.0625,474550.4791666667
"MAPPO (strict 1+5, stochastic train)",1113.0,475835.3125,474499.4375
"MAPPO (strict 1+5, stochastic train)",1115.0,472817.9375,473770.0104166667
"MAPPO (strict 1+5, stochastic train)",1117.0,472656.78125,470528.6770833333
"MAPPO (strict 1+5, stochastic train)",1119.0,466111.3125,468842.5833333333
"MAPPO (strict 1+5, stochastic train)",1121.0,467759.65625,466816.03125
"MAPPO (strict 1+5, stochastic train)",1123.0,466577.125,467121.9479166667
"MAPPO (strict 1+5, stochastic train)",1125.0,467029.0625,466056.5729166667
"MAPPO (strict 1+5, stochastic train)",1127.0,464563.53125,466227.7604166667
"MAPPO (strict 1+5, stochastic train)",1129.0,467090.6875,467315.9479166667
"MAPPO (strict 1+5, stochastic train)",1131.0,470293.625,469866.1979166667
"MAPPO (strict 1+5, stochastic train)",1133.0,472214.28125,471229.5833333333
"MAPPO (strict 1+5, stochastic train)",1135.0,471180.84375,471443.7395833333
"MAPPO (strict 1+5, stochastic train)",1137.0,470936.09375,471904.7083333333
"MAPPO (strict 1+5, stochastic train)",1139.0,473597.1875,472060.09375
"MAPPO (strict 1+5, stochastic train)",1141.0,471647.0,472894.28125
"MAPPO (strict 1+5, stochastic train)",1143.0,473438.65625,471990.8020833333
"MAPPO (strict 1+5, stochastic train)",1145.0,470886.75,471873.09375
"MAPPO (strict 1+5, stochastic train)",1147.0,471293.875,471840.5520833333
"MAPPO (strict 1+5, stochastic train)",1149.0,473341.03125,471929.4375
"MAPPO (strict 1+5, stochastic train)",1151.0,471153.40625,472183.5
"MAPPO (strict 1+5, stochastic train)",1153.0,472056.0625,472066.6354166667
"MAPPO (strict 1+5, stochastic train)",1155.0,472990.4375,473403.0833333333
"MAPPO (strict 1+5, stochastic train)",1157.0,475162.75,474133.6041666667
"MAPPO (strict 1+5, stochastic train)",1159.0,474247.625,474141.1458333333
"MAPPO (strict 1+5, stochastic train)",1161.0,473013.0625,474016.8645833333
"MAPPO (strict 1+5, stochastic train)",1163.0,474789.90625,472740.7708333333
"MAPPO (strict 1+5, stochastic train)",1165.0,470419.34375,474166.0416666667
"MAPPO (strict 1+5, stochastic train)",1167.0,477288.875,473900.71875
"MAPPO (strict 1+5, stochastic train)",1169.0,473993.9375,476255.0208333333
"MAPPO (strict 1+5, stochastic train)",1171.0,477482.25,476197.4791666667
"MAPPO (strict 1+5, stochastic train)",1173.0,477116.25,478047.15625
"MAPPO (strict 1+5, stochastic train)",1175.0,479542.96875,478532.375
"MAPPO (strict 1+5, stochastic train)",1177.0,478937.90625,479496.1041666667
"MAPPO (strict 1+5, stochastic train)",1179.0,480007.4375,479498.9895833333
"MAPPO (strict 1+5, stochastic train)",1181.0,479551.625,479307.15625
"MAPPO (strict 1+5, stochastic train)",1183.0,478362.40625,478217.34375
"MAPPO (strict 1+5, stochastic train)",1185.0,476738.0,477317.1145833333
"MAPPO (strict 1+5, stochastic train)",1187.0,476850.9375,476891.59375
"MAPPO (strict 1+5, stochastic train)",1189.0,477085.84375,476943.625
"MAPPO (strict 1+5, stochastic train)",1191.0,476894.09375,476815.90625
"MAPPO (strict 1+5, stochastic train)",1193.0,476467.78125,476829.5416666667
"MAPPO (strict 1+5, stochastic train)",1195.0,477126.75,476605.2395833333
"MAPPO (strict 1+5, stochastic train)",1197.0,476221.1875,476068.0208333333
"MAPPO (strict 1+5, stochastic train)",1199.0,474856.125,476090.125
"MAPPO (strict 1+5, stochastic train)",1201.0,477193.0625,476119.4791666667
"MAPPO (strict 1+5, stochastic train)",1203.0,476309.25,477858.3020833333
"MAPPO (strict 1+5, stochastic train)",1205.0,480072.59375,477894.7604166667
"MAPPO (strict 1+5, stochastic train)",1207.0,477302.4375,478050.84375
"MAPPO (strict 1+5, stochastic train)",1209.0,476777.5,478731.1354166667
"MAPPO (strict 1+5, stochastic train)",1211.0,482113.46875,479942.65625
"MAPPO (strict 1+5, stochastic train)",1213.0,480937.0,481598.5729166667
"MAPPO (strict 1+5, stochastic train)",1215.0,481745.25,482006.7708333333
"MAPPO (strict 1+5, stochastic train)",1217.0,483338.0625,483113.5520833333
"MAPPO (strict 1+5, stochastic train)",1219.0,484257.34375,484081.78125
"MAPPO (strict 1+5, stochastic train)",1221.0,484649.9375,484768.65625
"MAPPO (strict 1+5, stochastic train)",1223.0,485398.6875,484043.25
"MAPPO (strict 1+5, stochastic train)",1225.0,482081.125,482027.3854166667
"MAPPO (strict 1+5, stochastic train)",1227.0,478602.34375,479537.7083333333
"MAPPO (strict 1+5, stochastic train)",1229.0,477929.65625,478410.09375
"MAPPO (strict 1+5, stochastic train)",1231.0,478698.28125,478140.2708333333
"MAPPO (strict 1+5, stochastic train)",1233.0,477792.875,478047.7916666667
"MAPPO (strict 1+5, stochastic train)",1235.0,477652.21875,478262.8854166667
"MAPPO (strict 1+5, stochastic train)",1237.0,479343.5625,479073.8020833333
"MAPPO (strict 1+5, stochastic train)",1239.0,480225.625,480982.9166666667
"MAPPO (strict 1+5, stochastic train)",1241.0,483379.5625,481574.71875
"MAPPO (strict 1+5, stochastic train)",1243.0,481118.96875,482749.75
"MAPPO (strict 1+5, stochastic train)",1245.0,483750.71875,482593.8854166667
"MAPPO (strict 1+5, stochastic train)",1247.0,482911.96875,482746.1770833333
"MAPPO (strict 1+5, stochastic train)",1249.0,481575.84375,481249.90625
"MAPPO (strict 1+5, stochastic train)",1251.0,479261.90625,478991.6041666667
"MAPPO (strict 1+5, stochastic train)",1253.0,476137.0625,476930.3541666667
"MAPPO (strict 1+5, stochastic train)",1255.0,475392.09375,475576.625
"MAPPO (strict 1+5, stochastic train)",1257.0,475200.71875,475135.3645833333
"MAPPO (strict 1+5, stochastic train)",1259.0,474813.28125,474993.8541666667
"MAPPO (strict 1+5, stochastic train)",1261.0,474967.5625,475541.7604166667
"MAPPO (strict 1+5, stochastic train)",1263.0,476844.4375,475980.3125
"MAPPO (strict 1+5, stochastic train)",1265.0,476128.9375,475463.84375
"MAPPO (strict 1+5, stochastic train)",1267.0,473418.15625,474648.7916666667
"MAPPO (strict 1+5, stochastic train)",1269.0,474399.28125,473991.5625
"MAPPO (strict 1+5, stochastic train)",1271.0,474157.25,474561.7395833333
"MAPPO (strict 1+5, stochastic train)",1273.0,475128.6875,474159.8125
"MAPPO (strict 1+5, stochastic train)",1275.0,473193.5,474176.1770833333
"MAPPO (strict 1+5, stochastic train)",1277.0,474206.34375,473628.8958333333
"MAPPO (strict 1+5, stochastic train)",1279.0,473486.84375,474399.3958333333
"MAPPO (strict 1+5, stochastic train)",1281.0,475505.0,475380.375
"MAPPO (strict 1+5, stochastic train)",1283.0,477149.28125,475868.59375
"MAPPO (strict 1+5, stochastic train)",1285.0,474951.5,476082.6875
"MAPPO (strict 1+5, stochastic train)",1287.0,476147.28125,475032.0625
"MAPPO (strict 1+5, stochastic train)",1289.0,473997.40625,475281.0
"MAPPO (strict 1+5, stochastic train)",1291.0,475698.3125,475521.1041666667
"MAPPO (strict 1+5, stochastic train)",1293.0,476867.59375,476557.3229166667
"MAPPO (strict 1+5, stochastic train)",1295.0,477106.0625,476897.5729166667
"MAPPO (strict 1+5, stochastic train)",1297.0,476719.0625,477012.3645833333
"MAPPO (strict 1+5, stochastic train)",1299.0,477211.96875,476994.8645833333
"MAPPO (strict 1+5, stochastic train)",1301.0,477053.5625,477190.4583333333
"MAPPO (strict 1+5, stochastic train)",1303.0,477305.84375,477652.40625
"MAPPO (strict 1+5, stochastic train)",1305.0,478597.8125,478468.1458333333
"MAPPO (strict 1+5, stochastic train)",1307.0,479500.78125,479346.2604166667
"MAPPO (strict 1+5, stochastic train)",1309.0,479940.1875,480384.3645833333
"MAPPO (strict 1+5, stochastic train)",1311.0,481712.125,481134.6145833333
"MAPPO (strict 1+5, stochastic train)",1313.0,481751.53125,481456.8020833333
"MAPPO (strict 1+5, stochastic train)",1315.0,480906.75,481298.0729166667
"MAPPO (strict 1+5, stochastic train)",1317.0,481235.9375,481184.5520833333
"MAPPO (strict 1+5, stochastic train)",1319.0,481410.96875,480805.15625
"MAPPO (strict 1+5, stochastic train)",1321.0,479768.5625,480096.125
"MAPPO (strict 1+5, stochastic train)",1323.0,479108.84375,479756.125
"MAPPO (strict 1+5, stochastic train)",1325.0,480390.96875,480558.5625
"MAPPO (strict 1+5, stochastic train)",1327.0,482175.875,480464.6458333333
"MAPPO (strict 1+5, stochastic train)",1329.0,478827.09375,479674.90625
"MAPPO (strict 1+5, stochastic train)",1331.0,478021.75,478513.09375
"MAPPO (strict 1+5, stochastic train)",1333.0,478690.4375,478067.46875
"MAPPO (strict 1+5, stochastic train)",1335.0,477490.21875,477203.4895833333
"MAPPO (strict 1+5, stochastic train)",1337.0,475429.8125,477228.1041666667
"MAPPO (strict 1+5, stochastic train)",1339.0,478764.28125,477468.96875
"MAPPO (strict 1+5, stochastic train)",1341.0,478212.8125,478380.1979166667
"MAPPO (strict 1+5, stochastic train)",1343.0,478163.5,478671.75
"MAPPO (strict 1+5, stochastic train)",1345.0,479638.9375,479264.0104166667
"MAPPO (strict 1+5, stochastic train)",1347.0,479989.59375,480546.625
"MAPPO (strict 1+5, stochastic train)",1349.0,482011.34375,480404.5104166667
"MAPPO (strict 1+5, stochastic train)",1351.0,479212.59375,480048.6145833333
"MAPPO (strict 1+5, stochastic train)",1353.0,478921.90625,479577.8541666667
"MAPPO (strict 1+5, stochastic train)",1355.0,480599.0625,479736.0104166667
"MAPPO (strict 1+5, stochastic train)",1357.0,479687.0625,480658.5520833333
"MAPPO (strict 1+5, stochastic train)",1359.0,481689.53125,481161.7291666667
"MAPPO (strict 1+5, stochastic train)",1361.0,482108.59375,481640.875
"MAPPO (strict 1+5, stochastic train)",1363.0,481124.5,480837.84375
"MAPPO (strict 1+5, stochastic train)",1365.0,479280.4375,480498.2291666667
"MAPPO (strict 1+5, stochastic train)",1367.0,481089.75,480420.1770833333
"MAPPO (strict 1+5, stochastic train)",1369.0,480890.34375,481349.03125
"MAPPO (strict 1+5, stochastic train)",1371.0,482067.0,481973.2395833333
"MAPPO (strict 1+5, stochastic train)",1373.0,482962.375,481875.8333333333
"MAPPO (strict 1+5, stochastic train)",1375.0,480598.125,481647.6041666667
"MAPPO (strict 1+5, stochastic train)",1377.0,481382.3125,480858.4166666667
"MAPPO (strict 1+5, stochastic train)",1379.0,480594.8125,481732.625
"MAPPO (strict 1+5, stochastic train)",1381.0,483220.75,481457.3854166667
"MAPPO (strict 1+5, stochastic train)",1383.0,480556.59375,481735.78125
"MAPPO (strict 1+5, stochastic train)",1385.0,481430.0,480825.7395833333
"MAPPO (strict 1+5, stochastic train)",1387.0,480490.625,481122.4375
"MAPPO (strict 1+5, stochastic train)",1389.0,481446.6875,480626.1979166667
"MAPPO (strict 1+5, stochastic train)",1391.0,479941.28125,480946.625
"MAPPO (strict 1+5, stochastic train)",1393.0,481451.90625,481061.0416666667
"MAPPO (strict 1+5, stochastic train)",1395.0,481789.9375,481039.53125
"MAPPO (strict 1+5, stochastic train)",1397.0,479876.75,481050.21875
"MAPPO (strict 1+5, stochastic train)",1399.0,481483.96875,480828.5208333333
"MAPPO (strict 1+5, stochastic train)",1401.0,481124.84375,481925.5104166667
"MAPPO (strict 1+5, stochastic train)",1403.0,483167.71875,482025.6979166667
"MAPPO (strict 1+5, stochastic train)",1405.0,481784.53125,481845.0208333333
"MAPPO (strict 1+5, stochastic train)",1407.0,480582.8125,480725.2083333333
"MAPPO (strict 1+5, stochastic train)",1409.0,479808.28125,479756.15625
"MAPPO (strict 1+5, stochastic train)",1411.0,478877.375,479465.8020833333
"MAPPO (strict 1+5, stochastic train)",1413.0,479711.75,479696.1458333333
"MAPPO (strict 1+5, stochastic train)",1415.0,480499.3125,481029.9166666667
"MAPPO (strict 1+5, stochastic train)",1417.0,482878.6875,481810.1979166667
"MAPPO (strict 1+5, stochastic train)",1419.0,482052.59375,482215.7916666667
"MAPPO (strict 1+5, stochastic train)",1421.0,481716.09375,481644.4895833333
"MAPPO (strict 1+5, stochastic train)",1423.0,481164.78125,481198.8958333333
"MAPPO (strict 1+5, stochastic train)",1425.0,480715.8125,480514.8958333333
"MAPPO (strict 1+5, stochastic train)",1427.0,479664.09375,480221.4375
"MAPPO (strict 1+5, stochastic train)",1429.0,480284.40625,480247.0729166667
"MAPPO (strict 1+5, stochastic train)",1431.0,480792.71875,480264.9479166667
"MAPPO (strict 1+5, stochastic train)",1433.0,479717.71875,481106.3958333333
"MAPPO (strict 1+5, stochastic train)",1435.0,482808.75,481485.3541666667
"MAPPO (strict 1+5, stochastic train)",1437.0,481929.59375,482043.5833333333
"MAPPO (strict 1+5, stochastic train)",1439.0,481392.40625,481643.46875
"MAPPO (strict 1+5, stochastic train)",1441.0,481608.40625,482097.5625
"MAPPO (strict 1+5, stochastic train)",1443.0,483291.875,483215.4895833333
"MAPPO (strict 1+5, stochastic train)",1445.0,484746.1875,484831.15625
"MAPPO (strict 1+5, stochastic train)",1447.0,486455.40625,485791.1458333333
"MAPPO (strict 1+5, stochastic train)",1449.0,486171.84375,485960.8958333333
"MAPPO (strict 1+5, stochastic train)",1451.0,485255.4375,484971.8958333333
"MAPPO (strict 1+5, stochastic train)",1453.0,483488.40625,482692.4895833333
"MAPPO (strict 1+5, stochastic train)",1455.0,479333.625,481225.7291666667
"MAPPO (strict 1+5, stochastic train)",1457.0,480855.15625,479880.6041666667
"MAPPO (strict 1+5, stochastic train)",1459.0,479453.03125,480887.7916666667
"MAPPO (strict 1+5, stochastic train)",1461.0,482355.1875,481829.8958333333
"MAPPO (strict 1+5, stochastic train)",1463.0,483681.46875,483907.25
"MAPPO (strict 1+5, stochastic train)",1465.0,485685.09375,485615.5520833333
"MAPPO (strict 1+5, stochastic train)",1467.0,487480.09375,486588.5833333333
"MAPPO (strict 1+5, stochastic train)",1469.0,486600.5625,486600.03125
"MAPPO (strict 1+5, stochastic train)",1471.0,485719.4375,485577.46875
"MAPPO (strict 1+5, stochastic train)",1473.0,484412.40625,484969.7395833333
"MAPPO (strict 1+5, stochastic train)",1475.0,484777.375,484047.46875
"MAPPO (strict 1+5, stochastic train)",1477.0,482952.625,484156.65625
"MAPPO (strict 1+5, stochastic train)",1479.0,484739.96875,484390.5729166667
"MAPPO (strict 1+5, stochastic train)",1481.0,485479.125,485223.4375
"MAPPO (strict 1+5, stochastic train)",1483.0,485451.21875,484407.46875
"MAPPO (strict 1+5, stochastic train)",1485.0,482292.0625,483999.84375
"MAPPO (strict 1+5, stochastic train)",1487.0,484256.25,483340.8333333333
"MAPPO (strict 1+5, stochastic train)",1489.0,483474.1875,484653.46875
"MAPPO (strict 1+5, stochastic train)",1491.0,486229.96875,485200.8645833333
"MAPPO (strict 1+5, stochastic train)",1493.0,485898.4375,486287.4895833333
"MAPPO (strict 1+5, stochastic train)",1495.0,486734.0625,485782.5520833333
"MAPPO (strict 1+5, stochastic train)",1497.0,484715.15625,484626.46875
"MAPPO (strict 1+5, stochastic train)",1499.0,482430.1875,483675.09375
"MAPPO (strict 1+5, stochastic train)",1501.0,483879.9375,483607.6458333333
"MAPPO (strict 1+5, stochastic train)",1503.0,484512.8125,484483.5208333333
"MAPPO (strict 1+5, stochastic train)",1505.0,485057.8125,485196.6875
"MAPPO (strict 1+5, stochastic train)",1507.0,486019.4375,485472.7291666667
"MAPPO (strict 1+5, stochastic train)",1509.0,485340.9375,486156.6666666667
"MAPPO (strict 1+5, stochastic train)",1511.0,487109.625,487417.3541666667
"MAPPO (strict 1+5, stochastic train)",1513.0,489801.5,488288.6770833333
"MAPPO (strict 1+5, stochastic train)",1515.0,487954.90625,488727.4791666667
"MAPPO (strict 1+5, stochastic train)",1517.0,488426.03125,487985.6770833333
"MAPPO (strict 1+5, stochastic train)",1519.0,487576.09375,488262.9375
"MAPPO (strict 1+5, stochastic train)",1521.0,488786.6875,487705.0208333333
"MAPPO (strict 1+5, stochastic train)",1523.0,486752.28125,487482.84375
"MAPPO (strict 1+5, stochastic train)",1525.0,486909.5625,486866.90625
"MAPPO (strict 1+5, stochastic train)",1527.0,486938.875,486490.5520833333
"MAPPO (strict 1+5, stochastic train)",1529.0,485623.21875,485988.2604166667
"MAPPO (strict 1+5, stochastic train)",1531.0,485402.6875,485842.1458333333
"MAPPO (strict 1+5, stochastic train)",1533.0,486500.53125,485894.375
"MAPPO (strict 1+5, stochastic train)",1535.0,485779.90625,486394.8125
"MAPPO (strict 1+5, stochastic train)",1537.0,486904.0,486788.6979166667
"MAPPO (strict 1+5, stochastic train)",1539.0,487682.1875,487749.1458333333
"MAPPO (strict 1+5, stochastic train)",1541.0,488661.25,488018.3229166667
"MAPPO (strict 1+5, stochastic train)",1543.0,487711.53125,488220.7604166667
"MAPPO (strict 1+5, stochastic train)",1545.0,488289.5,487154.6458333333
"MAPPO (strict 1+5, stochastic train)",1547.0,485462.90625,486305.7083333333
"MAPPO (strict 1+5, stochastic train)",1549.0,485164.71875,485654.2291666667
"MAPPO (strict 1+5, stochastic train)",1551.0,486335.0625,485749.890625
"DC-PPO (strict 1+5, stochastic train)",1.0,141740.515625,143179.1171875
"DC-PPO (strict 1+5, stochastic train)",3.0,144617.71875,143429.875
"DC-PPO (strict 1+5, stochastic train)",5.0,143931.390625,145498.79166666666
"DC-PPO (strict 1+5, stochastic train)",7.0,147947.265625,149542.22395833334
"DC-PPO (strict 1+5, stochastic train)",9.0,156748.015625,156365.625
"DC-PPO (strict 1+5, stochastic train)",11.0,164401.59375,164669.79166666666
"DC-PPO (strict 1+5, stochastic train)",13.0,172859.765625,171873.9375
"DC-PPO (strict 1+5, stochastic train)",15.0,178360.453125,180219.42708333334
"DC-PPO (strict 1+5, stochastic train)",17.0,189438.0625,187562.89583333334
"DC-PPO (strict 1+5, stochastic train)",19.0,194890.171875,195995.22395833334
"DC-PPO (strict 1+5, stochastic train)",21.0,203657.4375,201353.046875
"DC-PPO (strict 1+5, stochastic train)",23.0,205511.53125,207403.32291666666
"DC-PPO (strict 1+5, stochastic train)",25.0,213041.0,212347.71875
"DC-PPO (strict 1+5, stochastic train)",27.0,218490.625,217568.78645833334
"DC-PPO (strict 1+5, stochastic train)",29.0,221174.734375,221757.10416666666
"DC-PPO (strict 1+5, stochastic train)",31.0,225605.953125,223598.48958333334
"DC-PPO (strict 1+5, stochastic train)",33.0,224014.78125,225994.72395833334
"DC-PPO (strict 1+5, stochastic train)",35.0,228363.4375,227088.31770833334
"DC-PPO (strict 1+5, stochastic train)",37.0,228886.734375,229855.8125
"DC-PPO (strict 1+5, stochastic train)",39.0,232317.265625,232973.38541666666
"DC-PPO (strict 1+5, stochastic train)",41.0,237716.15625,236599.59895833334
"DC-PPO (strict 1+5, stochastic train)",43.0,239765.375,240489.00520833334
"DC-PPO (strict 1+5, stochastic train)",45.0,243985.484375,243514.55729166666
"DC-PPO (strict 1+5, stochastic train)",47.0,246792.8125,246644.3125
"DC-PPO (strict 1+5, stochastic train)",49.0,249154.640625,249035.26041666666
"DC-PPO (strict 1+5, stochastic train)",51.0,251158.328125,254412.65625
"DC-PPO (strict 1+5, stochastic train)",53.0,262925.0,257450.13541666666
"DC-PPO (strict 1+5, stochastic train)",55.0,258267.078125,261331.80729166666
"DC-PPO (strict 1+5, stochastic train)",57.0,262803.34375,261729.578125
"DC-PPO (strict 1+5, stochastic train)",59.0,264118.3125,262175.671875
"DC-PPO (strict 1+5, stochastic train)",61.0,259605.359375,262454.5572916667
"DC-PPO (strict 1+5, stochastic train)",63.0,263640.0,264181.8802083333
"DC-PPO (strict 1+5, stochastic train)",65.0,269300.28125,267487.8229166667
"DC-PPO (strict 1+5, stochastic train)",67.0,269523.1875,270184.5208333333
"DC-PPO (strict 1+5, stochastic train)",69.0,271730.09375,272723.3020833333
"DC-PPO (strict 1+5, stochastic train)",71.0,276916.625,275113.6041666667
"DC-PPO (strict 1+5, stochastic train)",73.0,276694.09375,277283.6458333333
"DC-PPO (strict 1+5, stochastic train)",75.0,278240.21875,276743.625
"DC-PPO (strict 1+5, stochastic train)",77.0,275296.5625,277029.0625
"DC-PPO (strict 1+5, stochastic train)",79.0,277550.40625,278385.6666666667
"DC-PPO (strict 1+5, stochastic train)",81.0,282310.03125,282716.5729166667
"DC-PPO (strict 1+5, stochastic train)",83.0,288289.28125,287838.09375
"DC-PPO (strict 1+5, stochastic train)",85.0,292914.96875,291866.21875
"DC-PPO (strict 1+5, stochastic train)",87.0,294394.40625,293018.9270833333
"DC-PPO (strict 1+5, stochastic train)",89.0,291747.40625,293972.5416666667
"DC-PPO (strict 1+5, stochastic train)",91.0,295775.8125,294521.5729166667
"DC-PPO (strict 1+5, stochastic train)",93.0,296041.5,296448.5625
"DC-PPO (strict 1+5, stochastic train)",95.0,297528.375,296335.2604166667
"DC-PPO (strict 1+5, stochastic train)",97.0,295435.90625,297264.21875
"DC-PPO (strict 1+5, stochastic train)",99.0,298828.375,297339.4166666667
"DC-PPO (strict 1+5, stochastic train)",101.0,297753.96875,297800.1979166667
"DC-PPO (strict 1+5, stochastic train)",103.0,296818.25,297775.6875
"DC-PPO (strict 1+5, stochastic train)",105.0,298754.84375,297819.375
"DC-PPO (strict 1+5, stochastic train)",107.0,297885.03125,299320.0833333333
"DC-PPO (strict 1+5, stochastic train)",109.0,301320.375,301522.0520833333
"DC-PPO (strict 1+5, stochastic train)",111.0,305360.75,305682.3020833333
"DC-PPO (strict 1+5, stochastic train)",113.0,310365.78125,307655.09375
"DC-PPO (strict 1+5, stochastic train)",115.0,307238.75,308126.65625
"DC-PPO (strict 1+5, stochastic train)",117.0,306775.4375,308146.7395833333
"DC-PPO (strict 1+5, stochastic train)",119.0,310426.03125,310864.9166666667
"DC-PPO (strict 1+5, stochastic train)",121.0,315393.28125,313442.8541666667
"DC-PPO (strict 1+5, stochastic train)",123.0,314509.25,316358.8125
"DC-PPO (strict 1+5, stochastic train)",125.0,319173.90625,314059.2708333333
"DC-PPO (strict 1+5, stochastic train)",127.0,308494.65625,314659.8645833333
"DC-PPO (strict 1+5, stochastic train)",129.0,316311.03125,313557.5208333333
"DC-PPO (strict 1+5, stochastic train)",131.0,315866.875,314683.0
"DC-PPO (strict 1+5, stochastic train)",133.0,311871.09375,313489.1770833333
"DC-PPO (strict 1+5, stochastic train)",135.0,312729.5625,313801.7916666667
"DC-PPO (strict 1+5, stochastic train)",137.0,316804.71875,315845.4270833333
"DC-PPO (strict 1+5, stochastic train)",139.0,318002.0,317239.3333333333
"DC-PPO (strict 1+5, stochastic train)",141.0,316911.28125,320361.3125
"DC-PPO (strict 1+5, stochastic train)",143.0,326170.65625,323061.8125
"DC-PPO (strict 1+5, stochastic train)",145.0,326103.5,327146.59375
"DC-PPO (strict 1+5, stochastic train)",147.0,329165.625,326376.3020833333
"DC-PPO (strict 1+5, stochastic train)",149.0,323859.78125,325113.78125
"DC-PPO (strict 1+5, stochastic train)",151.0,322315.9375,323163.9166666667
"DC-PPO (strict 1+5, stochastic train)",153.0,323316.03125,322940.4375
"DC-PPO (strict 1+5, stochastic train)",155.0,323189.34375,323031.6354166667
"DC-PPO (strict 1+5, stochastic train)",157.0,322589.53125,325352.4270833333
"DC-PPO (strict 1+5, stochastic train)",159.0,330278.40625,328033.4583333333
"DC-PPO (strict 1+5, stochastic train)",161.0,331232.4375,330998.78125
"DC-PPO (strict 1+5, stochastic train)",163.0,331485.5,330048.0729166667
"DC-PPO (strict 1+5, stochastic train)",165.0,327426.28125,328097.40625
"DC-PPO (strict 1+5, stochastic train)",167.0,325380.4375,327403.21875
"DC-PPO (strict 1+5, stochastic train)",169.0,329402.9375,328198.3541666667
"DC-PPO (strict 1+5, stochastic train)",171.0,329811.6875,329510.59375
"DC-PPO (strict 1+5, stochastic train)",173.0,329317.15625,330489.96875
"DC-PPO (strict 1+5, stochastic train)",175.0,332341.0625,331112.03125
"DC-PPO (strict 1+5, stochastic train)",177.0,331677.875,332671.9375
"DC-PPO (strict 1+5, stochastic train)",179.0,333996.875,334244.8541666667
"DC-PPO (strict 1+5, stochastic train)",181.0,337059.8125,334428.7708333333
"DC-PPO (strict 1+5, stochastic train)",183.0,332229.625,334452.9166666667
"DC-PPO (strict 1+5, stochastic train)",185.0,334069.3125,333351.53125
"DC-PPO (strict 1+5, stochastic train)",187.0,333755.65625,335179.28125
"DC-PPO (strict 1+5, stochastic train)",189.0,337712.875,336230.5104166667
"DC-PPO (strict 1+5, stochastic train)",191.0,337223.0,335429.3333333333
"DC-PPO (strict 1+5, stochastic train)",193.0,331352.125,334617.3229166667
"DC-PPO (strict 1+5, stochastic train)",195.0,335276.84375,334488.15625
"DC-PPO (strict 1+5, stochastic train)",197.0,336835.5,337467.28125
"DC-PPO (strict 1+5, stochastic train)",199.0,340289.5,340526.0104166667
"DC-PPO (strict 1+5, stochastic train)",201.0,344453.03125,342520.625
"DC-PPO (strict 1+5, stochastic train)",203.0,342819.34375,344648.2916666667
"DC-PPO (strict 1+5, stochastic train)",205.0,346672.5,346107.5625
"DC-PPO (strict 1+5, stochastic train)",207.0,348830.84375,346385.21875
"DC-PPO (strict 1+5, stochastic train)",209.0,343652.3125,344172.8020833333
"DC-PPO (strict 1+5, stochastic train)",211.0,340035.25,342604.6041666667
"DC-PPO (strict 1+5, stochastic train)",213.0,344126.25,343027.25
"DC-PPO (strict 1+5, stochastic train)",215.0,344920.25,343450.46875
"DC-PPO (strict 1+5, stochastic train)",217.0,341304.90625,343411.6875
"DC-PPO (strict 1+5, stochastic train)",219.0,344009.90625,343194.59375
"DC-PPO (strict 1+5, stochastic train)",221.0,344268.96875,343622.4166666667
"DC-PPO (strict 1+5, stochastic train)",223.0,342588.375,342391.6458333333
"DC-PPO (strict 1+5, stochastic train)",225.0,340317.59375,341473.9791666667
"DC-PPO (strict 1+5, stochastic train)",227.0,341515.96875,341185.3541666667
"DC-PPO (strict 1+5, stochastic train)",229.0,341722.5,343919.4791666667
"DC-PPO (strict 1+5, stochastic train)",231.0,348519.96875,347344.21875
"DC-PPO (strict 1+5, stochastic train)",233.0,351790.1875,349589.4791666667
"DC-PPO (strict 1+5, stochastic train)",235.0,348458.28125,350829.2604166667
"DC-PPO (strict 1+5, stochastic train)",237.0,352239.3125,348875.59375
"DC-PPO (strict 1+5, stochastic train)",239.0,345929.1875,348839.875
"DC-PPO (strict 1+5, stochastic train)",241.0,348351.125,348386.5833333333
"DC-PPO (strict 1+5, stochastic train)",243.0,350879.4375,349855.53125
"DC-PPO (strict 1+5, stochastic train)",245.0,350336.03125,350069.4583333333
"DC-PPO (strict 1+5, stochastic train)",247.0,348992.90625,350628.1979166667
"DC-PPO (strict 1+5, stochastic train)",249.0,352555.65625,353592.1354166667
"DC-PPO (strict 1+5, stochastic train)",251.0,359227.84375,356526.2083333333
"DC-PPO (strict 1+5, stochastic train)",253.0,357795.125,358066.7291666667
"DC-PPO (strict 1+5, stochastic train)",255.0,357177.21875,358245.4270833333
"DC-PPO (strict 1+5, stochastic train)",257.0,359763.9375,359517.40625
"DC-PPO (strict 1+5, stochastic train)",259.0,361611.0625,359294.96875
"DC-PPO (strict 1+5, stochastic train)",261.0,356509.90625,359148.8854166667
"DC-PPO (strict 1+5, stochastic train)",263.0,359325.6875,358558.4895833333
"DC-PPO (strict 1+5, stochastic train)",265.0,359839.875,359543.5729166667
"DC-PPO (strict 1+5, stochastic train)",267.0,359465.15625,359377.2291666667
"DC-PPO (strict 1+5, stochastic train)",269.0,358826.65625,358822.5520833333
"DC-PPO (strict 1+5, stochastic train)",271.0,358175.84375,358956.84375
"DC-PPO (strict 1+5, stochastic train)",273.0,359868.03125,358970.0520833333
"DC-PPO (strict 1+5, stochastic train)",275.0,358866.28125,359563.71875
"DC-PPO (strict 1+5, stochastic train)",277.0,359956.84375,358310.4166666667
"DC-PPO (strict 1+5, stochastic train)",279.0,356108.125,357382.7604166667
"DC-PPO (strict 1+5, stochastic train)",281.0,356083.3125,355227.3541666667
"DC-PPO (strict 1+5, stochastic train)",283.0,353490.625,356183.34375
"DC-PPO (strict 1+5, stochastic train)",285.0,358976.09375,356755.2916666667
"DC-PPO (strict 1+5, stochastic train)",287.0,357799.15625,359304.84375
"DC-PPO (strict 1+5, stochastic train)",289.0,361139.28125,360917.6666666667
"DC-PPO (strict 1+5, stochastic train)",291.0,363814.5625,362159.1354166667
"DC-PPO (strict 1+5, stochastic train)",293.0,361523.5625,363041.78125
"DC-PPO (strict 1+5, stochastic train)",295.0,363787.21875,365068.0833333333
"DC-PPO (strict 1+5, stochastic train)",297.0,369893.46875,367984.1666666667
"DC-PPO (strict 1+5, stochastic train)",299.0,370271.8125,370095.2395833333
"DC-PPO (strict 1+5, stochastic train)",301.0,370120.4375,368120.2291666667
"DC-PPO (strict 1+5, stochastic train)",303.0,363968.4375,368750.65625
"DC-PPO (strict 1+5, stochastic train)",305.0,372163.09375,369299.7291666667
"DC-PPO (strict 1+5, stochastic train)",307.0,371767.65625,371006.3333333333
"DC-PPO (strict 1+5, stochastic train)",309.0,369088.25,370392.2708333333
"DC-PPO (strict 1+5, stochastic train)",311.0,370320.90625,369584.1770833333
"DC-PPO (strict 1+5, stochastic train)",313.0,369343.375,368526.96875
"DC-PPO (strict 1+5, stochastic train)",315.0,365916.625,367884.75
"DC-PPO (strict 1+5, stochastic train)",317.0,368394.25,368308.3958333333
"DC-PPO (strict 1+5, stochastic train)",319.0,370614.3125,369224.46875
"DC-PPO (strict 1+5, stochastic train)",321.0,368664.84375,368832.3125
"DC-PPO (strict 1+5, stochastic train)",323.0,367217.78125,367778.0416666667
"DC-PPO (strict 1+5, stochastic train)",325.0,367451.5,367767.3125
"DC-PPO (strict 1+5, stochastic train)",327.0,368632.65625,371481.9479166667
"DC-PPO (strict 1+5, stochastic train)",329.0,378361.6875,370420.84375
"DC-PPO (strict 1+5, stochastic train)",331.0,364268.1875,371008.5729166667
"DC-PPO (strict 1+5, stochastic train)",333.0,370395.84375,369360.0833333333
"DC-PPO (strict 1+5, stochastic train)",335.0,373416.21875,372015.3958333333
"DC-PPO (strict 1+5, stochastic train)",337.0,372234.125,373899.6145833333
"DC-PPO (strict 1+5, stochastic train)",339.0,376048.5,374014.0208333333
"DC-PPO (strict 1+5, stochastic train)",341.0,373759.4375,376372.6458333333
"DC-PPO (strict 1+5, stochastic train)",343.0,379310.0,376221.4791666667
"DC-PPO (strict 1+5, stochastic train)",345.0,375595.0,377120.4583333333
"DC-PPO (strict 1+5, stochastic train)",347.0,376456.375,376362.2083333333
"DC-PPO (strict 1+5, stochastic train)",349.0,377035.25,379208.2395833333
"DC-PPO (strict 1+5, stochastic train)",351.0,384133.09375,380897.15625
"DC-PPO (strict 1+5, stochastic train)",353.0,381523.125,381104.5208333333
"DC-PPO (strict 1+5, stochastic train)",355.0,377657.34375,380498.3333333333
"DC-PPO (strict 1+5, stochastic train)",357.0,382314.53125,379134.5625
"DC-PPO (strict 1+5, stochastic train)",359.0,377431.8125,380951.0625
"DC-PPO (strict 1+5, stochastic train)",361.0,383106.84375,382165.0625
"DC-PPO (strict 1+5, stochastic train)",363.0,385956.53125,384496.2916666667
"DC-PPO (strict 1+5, stochastic train)",365.0,384425.5,384550.34375
"DC-PPO (strict 1+5, stochastic train)",367.0,383269.0,384270.9270833333
"DC-PPO (strict 1+5, stochastic train)",369.0,385118.28125,386801.1458333333
"DC-PPO (strict 1+5, stochastic train)",371.0,392016.15625,386753.6875
"DC-PPO (strict 1+5, stochastic train)",373.0,383126.625,385660.8958333333
"DC-PPO (strict 1+5, stochastic train)",375.0,381839.90625,382591.4270833333
"DC-PPO (strict 1+5, stochastic train)",377.0,382807.75,383588.1875
"DC-PPO (strict 1+5, stochastic train)",379.0,386116.90625,385282.3020833333
"DC-PPO (strict 1+5, stochastic train)",381.0,386922.25,385763.96875
"DC-PPO (strict 1+5, stochastic train)",383.0,384252.75,385563.6666666667
"DC-PPO (strict 1+5, stochastic train)",385.0,385516.0,384392.6145833333
"DC-PPO (strict 1+5, stochastic train)",387.0,383409.09375,385516.25
"DC-PPO (strict 1+5, stochastic train)",389.0,387623.65625,383667.09375
"DC-PPO (strict 1+5, stochastic train)",391.0,379968.53125,382309.7916666667
"DC-PPO (strict 1+5, stochastic train)",393.0,379337.1875,380773.7916666667
"DC-PPO (strict 1+5, stochastic train)",395.0,383015.65625,383222.5104166667
"DC-PPO (strict 1+5, stochastic train)",397.0,387314.6875,384539.9375
"DC-PPO (strict 1+5, stochastic train)",399.0,383289.46875,385798.9270833333
"DC-PPO (strict 1+5, stochastic train)",401.0,386792.625,385859.9791666667
"DC-PPO (strict 1+5, stochastic train)",403.0,387497.84375,387359.3958333333
"DC-PPO (strict 1+5, stochastic train)",405.0,387787.71875,386108.1666666667
"DC-PPO (strict 1+5, stochastic train)",407.0,383038.9375,384645.1875
"DC-PPO (strict 1+5, stochastic train)",409.0,383108.90625,382593.6458333333
"DC-PPO (strict 1+5, stochastic train)",411.0,381633.09375,381742.6041666667
"DC-PPO (strict 1+5, stochastic train)",413.0,380485.8125,382956.3125
"DC-PPO (strict 1+5, stochastic train)",415.0,386750.03125,385108.0833333333
"DC-PPO (strict 1+5, stochastic train)",417.0,388088.40625,386350.5520833333
"DC-PPO (strict 1+5, stochastic train)",419.0,384213.21875,385840.7083333333
"DC-PPO (strict 1+5, stochastic train)",421.0,385220.5,384502.40625
"DC-PPO (strict 1+5, stochastic train)",423.0,384073.5,383142.7916666667
"DC-PPO (strict 1+5, stochastic train)",425.0,380134.375,383843.25
"DC-PPO (strict 1+5, stochastic train)",427.0,387321.875,383208.8229166667
"DC-PPO (strict 1+5, stochastic train)",429.0,382170.21875,385682.4791666667
"DC-PPO (strict 1+5, stochastic train)",431.0,387555.34375,385757.125
"DC-PPO (strict 1+5, stochastic train)",433.0,387545.8125,389639.125
"DC-PPO (strict 1+5, stochastic train)",435.0,393816.21875,390989.4479166667
"DC-PPO (strict 1+5, stochastic train)",437.0,391606.3125,392773.7708333333
"DC-PPO (strict 1+5, stochastic train)",439.0,392898.78125,392172.7395833333
"DC-PPO (strict 1+5, stochastic train)",441.0,392013.125,392272.6979166667
"DC-PPO (strict 1+5, stochastic train)",443.0,391906.1875,393326.0416666667
"DC-PPO (strict 1+5, stochastic train)",445.0,396058.8125,395739.8958333333
"DC-PPO (strict 1+5, stochastic train)",447.0,399254.6875,397504.2291666667
"DC-PPO (strict 1+5, stochastic train)",449.0,397199.1875,397741.375
"DC-PPO (strict 1+5, stochastic train)",451.0,396770.25,396350.03125
"DC-PPO (strict 1+5, stochastic train)",453.0,395080.65625,395721.46875
"DC-PPO (strict 1+5, stochastic train)",455.0,395313.5,396388.1770833333
"DC-PPO (strict 1+5, stochastic train)",457.0,398770.375,396976.9375
"DC-PPO (strict 1+5, stochastic train)",459.0,396846.9375,394698.21875
"DC-PPO (strict 1+5, stochastic train)",461.0,388477.34375,393092.4895833333
"DC-PPO (strict 1+5, stochastic train)",463.0,393953.1875,391542.46875
"DC-PPO (strict 1+5, stochastic train)",465.0,392196.875,392812.0833333333
"DC-PPO (strict 1+5, stochastic train)",467.0,392286.1875,392319.03125
"DC-PPO (strict 1+5, stochastic train)",469.0,392474.03125,392943.5208333333
"DC-PPO (strict 1+5, stochastic train)",471.0,394070.34375,394604.4375
"DC-PPO (strict 1+5, stochastic train)",473.0,397268.9375,397361.90625
"DC-PPO (strict 1+5, stochastic train)",475.0,400746.4375,399037.71875
"DC-PPO (strict 1+5, stochastic train)",477.0,399097.78125,398470.7291666667
"DC-PPO (strict 1+5, stochastic train)",479.0,395567.96875,397784.0208333333
"DC-PPO (strict 1+5, stochastic train)",481.0,398686.3125,396102.9479166667
"DC-PPO (strict 1+5, stochastic train)",483.0,394054.5625,395370.75
"DC-PPO (strict 1+5, stochastic train)",485.0,393371.375,393852.9375
"DC-PPO (strict 1+5, stochastic train)",487.0,394132.875,394709.9375
"DC-PPO (strict 1+5, stochastic train)",489.0,396625.5625,394659.1666666667
"DC-PPO (strict 1+5, stochastic train)",491.0,393219.0625,394797.0625
"DC-PPO (strict 1+5, stochastic train)",493.0,394546.5625,395920.375
"DC-PPO (strict 1+5, stochastic train)",495.0,399995.5,397828.375
"DC-PPO (strict 1+5, stochastic train)",497.0,398943.0625,398873.59375
"DC-PPO (strict 1+5, stochastic train)",499.0,397682.21875,397566.9375
"DC-PPO (strict 1+5, stochastic train)",501.0,396075.53125,396561.0104166667
"DC-PPO (strict 1+5, stochastic train)",503.0,395925.28125,396508.3541666667
"DC-PPO (strict 1+5, stochastic train)",505.0,397524.25,396249.5
"DC-PPO (strict 1+5, stochastic train)",507.0,395298.96875,396969.15625
"DC-PPO (strict 1+5, stochastic train)",509.0,398084.25,398013.96875
"DC-PPO (strict 1+5, stochastic train)",511.0,400658.6875,398934.03125
"DC-PPO (strict 1+5, stochastic train)",513.0,398059.15625,400274.78125
"DC-PPO (strict 1+5, stochastic train)",515.0,402106.5,399691.1458333333
"DC-PPO (strict 1+5, stochastic train)",517.0,398907.78125,399961.75
"DC-PPO (strict 1+5, stochastic train)",519.0,398870.96875,397870.9479166667
"DC-PPO (strict 1+5, stochastic train)",521.0,395834.09375,398399.7083333333
"DC-PPO (strict 1+5, stochastic train)",523.0,400494.0625,398599.1354166667
"DC-PPO (strict 1+5, stochastic train)",525.0,399469.25,399651.0625
"DC-PPO (strict 1+5, stochastic train)",527.0,398989.875,401036.4895833333
"DC-PPO (strict 1+5, stochastic train)",529.0,404650.34375,401754.4479166667
"DC-PPO (strict 1+5, stochastic train)",531.0,401623.125,402066.875
"DC-PPO (strict 1+5, stochastic train)",533.0,399927.15625,401050.1875
"DC-PPO (strict 1+5, stochastic train)",535.0,401600.28125,401471.1770833333
"DC-PPO (strict 1+5, stochastic train)",537.0,402886.09375,403352.09375
"DC-PPO (strict 1+5, stochastic train)",539.0,405569.90625,405471.3229166667
"DC-PPO (strict 1+5, stochastic train)",541.0,407957.96875,407248.5625
"DC-PPO (strict 1+5, stochastic train)",543.0,408217.8125,408079.2916666667
"DC-PPO (strict 1+5, stochastic train)",545.0,408062.09375,406602.625
"DC-PPO (strict 1+5, stochastic train)",547.0,403527.96875,405411.3229166667
"DC-PPO (strict 1+5, stochastic train)",549.0,404643.90625,403750.03125
"DC-PPO (strict 1+5, stochastic train)",551.0,403078.21875,403623.5104166667
"DC-PPO (strict 1+5, stochastic train)",553.0,403148.40625,402325.0520833333
"DC-PPO (strict 1+5, stochastic train)",555.0,400748.53125,402427.8541666667
"DC-PPO (strict 1+5, stochastic train)",557.0,403386.625,404181.375
"DC-PPO (strict 1+5, stochastic train)",559.0,408408.96875,406235.40625
"DC-PPO (strict 1+5, stochastic train)",561.0,406910.625,407550.6875
"DC-PPO (strict 1+5, stochastic train)",563.0,407332.46875,407170.21875
"DC-PPO (strict 1+5, stochastic train)",565.0,407267.5625,407371.1979166667
"DC-PPO (strict 1+5, stochastic train)",567.0,407513.5625,406385.7708333333
"DC-PPO (strict 1+5, stochastic train)",569.0,404376.1875,407103.59375
"DC-PPO (strict 1+5, stochastic train)",571.0,409421.03125,407297.2604166667
"DC-PPO (strict 1+5, stochastic train)",573.0,408094.5625,407487.75
"DC-PPO (strict 1+5, stochastic train)",575.0,404947.65625,405711.09375
"DC-PPO (strict 1+5, stochastic train)",577.0,404091.0625,404888.9166666667
"DC-PPO (strict 1+5, stochastic train)",579.0,405628.03125,404690.2916666667
"DC-PPO (strict 1+5, stochastic train)",581.0,404351.78125,403358.1666666667
"DC-PPO (strict 1+5, stochastic train)",583.0,400094.6875,403142.09375
"DC-PPO (strict 1+5, stochastic train)",585.0,404979.8125,403155.5625
"DC-PPO (strict 1+5, stochastic train)",587.0,404392.1875,404674.0520833333
"DC-PPO (strict 1+5, stochastic train)",589.0,404650.15625,404554.8854166667
"DC-PPO (strict 1+5, stochastic train)",591.0,404622.3125,404877.7604166667
"DC-PPO (strict 1+5, stochastic train)",593.0,405360.8125,406925.5104166667
"DC-PPO (strict 1+5, stochastic train)",595.0,410793.40625,408038.9166666667
"DC-PPO (strict 1+5, stochastic train)",597.0,407962.53125,409387.28125
"DC-PPO (strict 1+5, stochastic train)",599.0,409405.90625,407954.0729166667
"DC-PPO (strict 1+5, stochastic train)",601.0,406493.78125,407496.71875
"DC-PPO (strict 1+5, stochastic train)",603.0,406590.46875,407152.5625
"DC-PPO (strict 1+5, stochastic train)",605.0,408373.4375,407399.40625
"DC-PPO (strict 1+5, stochastic train)",607.0,407234.3125,405274.4375
"DC-PPO (strict 1+5, stochastic train)",609.0,400215.5625,403147.1458333333
"DC-PPO (strict 1+5, stochastic train)",611.0,401991.5625,401702.7083333333
"DC-PPO (strict 1+5, stochastic train)",613.0,402901.0,402628.5
"DC-PPO (strict 1+5, stochastic train)",615.0,402992.9375,402765.3958333333
"DC-PPO (strict 1+5, stochastic train)",617.0,402402.25,402759.0104166667
"DC-PPO (strict 1+5, stochastic train)",619.0,402881.84375,403477.1875
"DC-PPO (strict 1+5, stochastic train)",621.0,405147.46875,404959.0
"DC-PPO (strict 1+5, stochastic train)",623.0,406847.6875,405212.1354166667
"DC-PPO (strict 1+5, stochastic train)",625.0,403641.25,406127.0208333333
"DC-PPO (strict 1+5, stochastic train)",627.0,407892.125,405991.5104166667
"DC-PPO (strict 1+5, stochastic train)",629.0,406441.15625,406808.8645833333
"DC-PPO (strict 1+5, stochastic train)",631.0,406093.3125,405317.7708333333
"DC-PPO (strict 1+5, stochastic train)",633.0,403418.84375,406099.90625
"DC-PPO (strict 1+5, stochastic train)",635.0,408787.5625,408879.0520833333
"DC-PPO (strict 1+5, stochastic train)",637.0,414430.75,411346.53125
"DC-PPO (strict 1+5, stochastic train)",639.0,410821.28125,411604.6041666667
"DC-PPO (strict 1+5, stochastic train)",641.0,409561.78125,409866.8541666667
"DC-PPO (strict 1+5, stochastic train)",643.0,409217.5,411478.625
"DC-PPO (strict 1+5, stochastic train)",645.0,415656.59375,411275.1354166667
"DC-PPO (strict 1+5, stochastic train)",647.0,408951.3125,410446.875
"DC-PPO (strict 1+5, stochastic train)",649.0,406732.71875,408161.59375
"DC-PPO (strict 1+5, stochastic train)",651.0,408800.75,406178.5625
"DC-PPO (strict 1+5, stochastic train)",653.0,403002.21875,406998.21875
"DC-PPO (strict 1+5, stochastic train)",655.0,409191.6875,407210.90625
"DC-PPO (strict 1+5, stochastic train)",657.0,409438.8125,412034.03125
"DC-PPO (strict 1+5, stochastic train)",659.0,417471.59375,414485.46875
"DC-PPO (strict 1+5, stochastic train)",661.0,416546.0,416125.5416666667
"DC-PPO (strict 1+5, stochastic train)",663.0,414359.03125,415064.90625
"DC-PPO (strict 1+5, stochastic train)",665.0,414289.6875,414214.75
"DC-PPO (strict 1+5, stochastic train)",667.0,413995.53125,415109.9375
"DC-PPO (strict 1+5, stochastic train)",669.0,417044.59375,415184.3020833333
"DC-PPO (strict 1+5, stochastic train)",671.0,414512.78125,415740.1041666667
"DC-PPO (strict 1+5, stochastic train)",673.0,415662.9375,416502.0
"DC-PPO (strict 1+5, stochastic train)",675.0,419330.28125,417662.6666666667
"DC-PPO (strict 1+5, stochastic train)",677.0,417994.78125,418450.03125
"DC-PPO (strict 1+5, stochastic train)",679.0,418025.03125,419093.4791666667
"DC-PPO (strict 1+5, stochastic train)",681.0,421260.625,418356.125
"DC-PPO (strict 1+5, stochastic train)",683.0,415782.71875,416930.71875
"DC-PPO (strict 1+5, stochastic train)",685.0,413748.8125,415939.5625
"DC-PPO (strict 1+5, stochastic train)",687.0,418287.15625,417597.3645833333
"DC-PPO (strict 1+5, stochastic train)",689.0,420756.125,418664.5833333333
"DC-PPO (strict 1+5, stochastic train)",691.0,416950.46875,418239.2916666667
"DC-PPO (strict 1+5, stochastic train)",693.0,417011.28125,416620.1875
"DC-PPO (strict 1+5, stochastic train)",695.0,415898.8125,415494.4583333333
"DC-PPO (strict 1+5, stochastic train)",697.0,413573.28125,414275.2291666667
"DC-PPO (strict 1+5, stochastic train)",699.0,413353.59375,413942.96875
"DC-PPO (strict 1+5, stochastic train)",701.0,414902.03125,413656.4583333333
"DC-PPO (strict 1+5, stochastic train)",703.0,412713.75,413406.1458333333
"DC-PPO (strict 1+5, stochastic train)",705.0,412602.65625,411199.4791666667
"DC-PPO (strict 1+5, stochastic train)",707.0,408282.03125,410433.0625
"DC-PPO (strict 1+5, stochastic train)",709.0,410414.5,408915.9375
"DC-PPO (strict 1+5, stochastic train)",711.0,408051.28125,410888.6979166667
"DC-PPO (strict 1+5, stochastic train)",713.0,414200.3125,411472.7708333333
"DC-PPO (strict 1+5, stochastic train)",715.0,412166.71875,412235.71875
"DC-PPO (strict 1+5, stochastic train)",717.0,410340.125,412691.0520833333
"DC-PPO (strict 1+5, stochastic train)",719.0,415566.3125,413829.28125
"DC-PPO (strict 1+5, stochastic train)",721.0,415581.40625,415169.3229166667
"DC-PPO (strict 1+5, stochastic train)",723.0,414360.25,415390.3020833333
"DC-PPO (strict 1+5, stochastic train)",725.0,416229.25,416320.1770833333
"DC-PPO (strict 1+5, stochastic train)",727.0,418371.03125,417081.6875
"DC-PPO (strict 1+5, stochastic train)",729.0,416644.78125,416892.5416666667
"DC-PPO (strict 1+5, stochastic train)",731.0,415661.8125,416778.03125
"DC-PPO (strict 1+5, stochastic train)",733.0,418027.5,418734.8645833333
"DC-PPO (strict 1+5, stochastic train)",735.0,422515.28125,420226.78125
"DC-PPO (strict 1+5, stochastic train)",737.0,420137.5625,421412.2083333333
"DC-PPO (strict 1+5, stochastic train)",739.0,421583.78125,418663.0625
"DC-PPO (strict 1+5, stochastic train)",741.0,414267.84375,417391.3645833333
"DC-PPO (strict 1+5, stochastic train)",743.0,416322.46875,415485.96875
"DC-PPO (strict 1+5, stochastic train)",745.0,415867.59375,415203.7604166667
"DC-PPO (strict 1+5, stochastic train)",747.0,413421.21875,415352.875
"DC-PPO (strict 1+5, stochastic train)",749.0,416769.8125,415150.40625
"DC-PPO (strict 1+5, stochastic train)",751.0,415260.1875,416546.6145833333
"DC-PPO (strict 1+5, stochastic train)",753.0,417609.84375,417233.7083333333
"DC-PPO (strict 1+5, stochastic train)",755.0,418831.09375,417939.0208333333
"DC-PPO (strict 1+5, stochastic train)",757.0,417376.125,418568.5104166667
"DC-PPO (strict 1+5, stochastic train)",759.0,419498.3125,417652.6875
"DC-PPO (strict 1+5, stochastic train)",761.0,416083.625,418321.3229166667
"DC-PPO (strict 1+5, stochastic train)",763.0,419382.03125,417001.0
"DC-PPO (strict 1+5, stochastic train)",765.0,415537.34375,417193.4166666667
"DC-PPO (strict 1+5, stochastic train)",767.0,416660.875,416563.8854166667
"DC-PPO (strict 1+5, stochastic train)",769.0,417493.4375,417613.0104166667
"DC-PPO (strict 1+5, stochastic train)",771.0,418684.71875,417958.7083333333
"DC-PPO (strict 1+5, stochastic train)",773.0,417697.96875,418292.9583333333
"DC-PPO (strict 1+5, stochastic train)",775.0,418496.1875,418118.8020833333
"DC-PPO (strict 1+5, stochastic train)",777.0,418162.25,418769.2604166667
"DC-PPO (strict 1+5, stochastic train)",779.0,419649.34375,418897.5
"DC-PPO (strict 1+5, stochastic train)",781.0,418880.90625,418556.78125
"DC-PPO (strict 1+5, stochastic train)",783.0,417140.09375,418463.8645833333
"DC-PPO (strict 1+5, stochastic train)",785.0,419370.59375,419435.6666666667
"DC-PPO (strict 1+5, stochastic train)",787.0,421796.3125,419004.96875
"DC-PPO (strict 1+5, stochastic train)",789.0,415848.0,418781.7083333333
"DC-PPO (strict 1+5, stochastic train)",791.0,418700.8125,418085.1145833333
"DC-PPO (strict 1+5, stochastic train)",793.0,419706.53125,419215.4375
"DC-PPO (strict 1+5, stochastic train)",795.0,419238.96875,420086.1354166667
"DC-PPO (strict 1+5, stochastic train)",797.0,421312.90625,420702.8333333333
"DC-PPO (strict 1+5, stochastic train)",799.0,421556.625,421689.46875
"DC-PPO (strict 1+5, stochastic train)",801.0,422198.875,422529.6875
"DC-PPO (strict 1+5, stochastic train)",803.0,423833.5625,423582.7604166667
"DC-PPO (strict 1+5, stochastic train)",805.0,424715.84375,423665.3333333333
"DC-PPO (strict 1+5, stochastic train)",807.0,422446.59375,424674.3854166667
"DC-PPO (strict 1+5, stochastic train)",809.0,426860.71875,423240.5416666667
"DC-PPO (strict 1+5, stochastic train)",811.0,420414.3125,423260.9791666667
"DC-PPO (strict 1+5, stochastic train)",813.0,422507.90625,422736.8541666667
"DC-PPO (strict 1+5, stochastic train)",815.0,425288.34375,423128.1666666667
"DC-PPO (strict 1+5, stochastic train)",817.0,421588.25,422108.09375
"DC-PPO (strict 1+5, stochastic train)",819.0,419447.6875,420108.5833333333
"DC-PPO (strict 1+5, stochastic train)",821.0,419289.8125,420820.1041666667
"DC-PPO (strict 1+5, stochastic train)",823.0,423722.8125,422584.3333333333
"DC-PPO (strict 1+5, stochastic train)",825.0,424740.375,423031.84375
"DC-PPO (strict 1+5, stochastic train)",827.0,420632.34375,422692.8020833333
"DC-PPO (strict 1+5, stochastic train)",829.0,422705.6875,421651.46875
"DC-PPO (strict 1+5, stochastic train)",831.0,421616.375,422081.2395833333
"DC-PPO (strict 1+5, stochastic train)",833.0,421921.65625,420364.5625
"DC-PPO (strict 1+5, stochastic train)",835.0,417555.65625,419036.84375
"DC-PPO (strict 1+5, stochastic train)",837.0,417633.21875,418376.6666666667
"DC-PPO (strict 1+5, stochastic train)",839.0,419941.125,420134.96875
"DC-PPO (strict 1+5, stochastic train)",841.0,422830.5625,421561.8645833333
"DC-PPO (strict 1+5, stochastic train)",843.0,421913.90625,422976.5208333333
"DC-PPO (strict 1+5, stochastic train)",845.0,424185.09375,423346.0104166667
"DC-PPO (strict 1+5, stochastic train)",847.0,423939.03125,423897.6666666667
"DC-PPO (strict 1+5, stochastic train)",849.0,423568.875,424517.0
"DC-PPO (strict 1+5, stochastic train)",851.0,426043.09375,425463.40625
"DC-PPO (strict 1+5, stochastic train)",853.0,426778.25,427315.7604166667
"DC-PPO (strict 1+5, stochastic train)",855.0,429125.9375,427027.96875
"DC-PPO (strict 1+5, stochastic train)",857.0,425179.71875,424992.21875
"DC-PPO (strict 1+5, stochastic train)",859.0,420671.0,423626.4375
"DC-PPO (strict 1+5, stochastic train)",861.0,425028.59375,423721.2395833333
"DC-PPO (strict 1+5, stochastic train)",863.0,425464.125,425017.96875
"DC-PPO (strict 1+5, stochastic train)",865.0,424561.1875,423679.5208333333
"DC-PPO (strict 1+5, stochastic train)",867.0,421013.25,422536.3854166667
"DC-PPO (strict 1+5, stochastic train)",869.0,422034.71875,421834.5520833333
"DC-PPO (strict 1+5, stochastic train)",871.0,422455.6875,422847.0729166667
"DC-PPO (strict 1+5, stochastic train)",873.0,424050.8125,422821.6666666667
"DC-PPO (strict 1+5, stochastic train)",875.0,421958.5,421936.5520833333
"DC-PPO (strict 1+5, stochastic train)",877.0,419800.34375,420821.0104166667
"DC-PPO (strict 1+5, stochastic train)",879.0,420704.1875,420411.5520833333
"DC-PPO (strict 1+5, stochastic train)",881.0,420730.125,420199.28125
"DC-PPO (strict 1+5, stochastic train)",883.0,419163.53125,421616.1666666667
"DC-PPO (strict 1+5, stochastic train)",885.0,424954.84375,421311.9791666667
"DC-PPO (strict 1+5, stochastic train)",887.0,419817.5625,422693.40625
"DC-PPO (strict 1+5, stochastic train)",889.0,423307.8125,421705.7916666667
"DC-PPO (strict 1+5, stochastic train)",891.0,421992.0,422805.53125
"DC-PPO (strict 1+5, stochastic train)",893.0,423116.78125,421810.96875
"DC-PPO (strict 1+5, stochastic train)",895.0,420324.125,422611.8125
"DC-PPO (strict 1+5, stochastic train)",897.0,424394.53125,422884.0625
"DC-PPO (strict 1+5, stochastic train)",899.0,423933.53125,424617.0520833333
"DC-PPO (strict 1+5, stochastic train)",901.0,425523.09375,424959.28125
"DC-PPO (strict 1+5, stochastic train)",903.0,425421.21875,424672.0208333333
"DC-PPO (strict 1+5, stochastic train)",905.0,423071.75,424049.8333333333
"DC-PPO (strict 1+5, stochastic train)",907.0,423656.53125,423609.7291666667
"DC-PPO (strict 1+5, stochastic train)",909.0,424100.90625,423272.7083333333
"DC-PPO (strict 1+5, stochastic train)",911.0,422060.6875,422133.2083333333
"DC-PPO (strict 1+5, stochastic train)",913.0,420238.03125,420644.7604166667
"DC-PPO (strict 1+5, stochastic train)",915.0,419635.5625,420600.4375
"DC-PPO (strict 1+5, stochastic train)",917.0,421927.71875,421598.7604166667
"DC-PPO (strict 1+5, stochastic train)",919.0,423233.0,421356.4270833333
"DC-PPO (strict 1+5, stochastic train)",921.0,418908.5625,421227.8541666667
"DC-PPO (strict 1+5, stochastic train)",923.0,421542.0,420026.5
"DC-PPO (strict 1+5, stochastic train)",925.0,419628.9375,421655.8020833333
"DC-PPO (strict 1+5, stochastic train)",927.0,423796.46875,422529.25
"DC-PPO (strict 1+5, stochastic train)",929.0,424162.34375,424816.8020833333
"DC-PPO (strict 1+5, stochastic train)",931.0,426491.59375,425458.40625
"DC-PPO (strict 1+5, stochastic train)",933.0,425721.28125,426322.375
"DC-PPO (strict 1+5, stochastic train)",935.0,426754.25,426541.09375
"DC-PPO (strict 1+5, stochastic train)",937.0,427147.75,426836.40625
"DC-PPO (strict 1+5, stochastic train)",939.0,426607.21875,425867.1875
"DC-PPO (strict 1+5, stochastic train)",941.0,423846.59375,424308.9270833333
"DC-PPO (strict 1+5, stochastic train)",943.0,422472.96875,423258.2604166667
"DC-PPO (strict 1+5, stochastic train)",945.0,423455.21875,422601.5416666667
"DC-PPO (strict 1+5, stochastic train)",947.0,421876.4375,424517.8645833333
"DC-PPO (strict 1+5, stochastic train)",949.0,428221.9375,425554.46875
"DC-PPO (strict 1+5, stochastic train)",951.0,426565.03125,426961.875
"DC-PPO (strict 1+5, stochastic train)",953.0,426098.65625,426249.3541666667
"DC-PPO (strict 1+5, stochastic train)",955.0,426084.375,426645.3541666667
"DC-PPO (strict 1+5, stochastic train)",957.0,427753.03125,427394.25
"DC-PPO (strict 1+5, stochastic train)",959.0,428345.34375,427697.21875
"DC-PPO (strict 1+5, stochastic train)",961.0,426993.28125,427006.4791666667
"DC-PPO (strict 1+5, stochastic train)",963.0,425680.8125,424934.5729166667
"DC-PPO (strict 1+5, stochastic train)",965.0,422129.625,422274.46875
"DC-PPO (strict 1+5, stochastic train)",967.0,419012.96875,421211.8645833333
"DC-PPO (strict 1+5, stochastic train)",969.0,422493.0,420722.6666666667
"DC-PPO (strict 1+5, stochastic train)",971.0,420662.03125,421847.1354166667
"DC-PPO (strict 1+5, stochastic train)",973.0,422386.375,420664.03125
"DC-PPO (strict 1+5, stochastic train)",975.0,418943.6875,420541.3020833333
"DC-PPO (strict 1+5, stochastic train)",977.0,420293.84375,420136.90625
"DC-PPO (strict 1+5, stochastic train)",979.0,421173.1875,420781.875
"DC-PPO (strict 1+5, stochastic train)",981.0,420878.59375,420428.5520833333
"DC-PPO (strict 1+5, stochastic train)",983.0,419233.875,419758.40625
"DC-PPO (strict 1+5, stochastic train)",985.0,419162.75,419667.1145833333
"DC-PPO (strict 1+5, stochastic train)",987.0,420604.71875,419277.1770833333
"DC-PPO (strict 1+5, stochastic train)",989.0,418064.0625,418976.53125
"DC-PPO (strict 1+5, stochastic train)",991.0,418260.8125,418477.0208333333
"DC-PPO (strict 1+5, stochastic train)",993.0,419106.1875,420485.8541666667
"DC-PPO (strict 1+5, stochastic train)",995.0,424090.5625,422105.3958333333
"DC-PPO (strict 1+5, stochastic train)",997.0,423119.4375,423277.7916666667
"DC-PPO (strict 1+5, stochastic train)",999.0,422623.375,422748.3229166667
"DC-PPO (strict 1+5, stochastic train)",1001.0,422502.15625,422724.1354166667
"DC-PPO (strict 1+5, stochastic train)",1003.0,423046.875,421805.90625
"DC-PPO (strict 1+5, stochastic train)",1005.0,419868.6875,421750.5520833333
"DC-PPO (strict 1+5, stochastic train)",1007.0,422336.09375,422560.4166666667
"DC-PPO (strict 1+5, stochastic train)",1009.0,425476.46875,423679.09375
"DC-PPO (strict 1+5, stochastic train)",1011.0,423224.71875,424091.9375
"DC-PPO (strict 1+5, stochastic train)",1013.0,423574.625,424736.8958333333
"DC-PPO (strict 1+5, stochastic train)",1015.0,427411.34375,426486.21875
"DC-PPO (strict 1+5, stochastic train)",1017.0,428472.6875,427302.625
"DC-PPO (strict 1+5, stochastic train)",1019.0,426023.84375,426563.2395833333
"DC-PPO (strict 1+5, stochastic train)",1021.0,425193.1875,425154.8958333333
"DC-PPO (strict 1+5, stochastic train)",1023.0,424247.65625,424693.6145833333
"DC-PPO (strict 1+5, stochastic train)",1025.0,424640.0,425825.1666666667
"DC-PPO (strict 1+5, stochastic train)",1027.0,428587.84375,426889.9583333333
"DC-PPO (strict 1+5, stochastic train)",1029.0,427442.03125,427840.3229166667
"DC-PPO (strict 1+5, stochastic train)",1031.0,427491.09375,427526.125
"DC-PPO (strict 1+5, stochastic train)",1033.0,427645.25,427834.7708333333
"DC-PPO (strict 1+5, stochastic train)",1035.0,428367.96875,428617.3229166667
"DC-PPO (strict 1+5, stochastic train)",1037.0,429838.75,429469.625
"DC-PPO (strict 1+5, stochastic train)",1039.0,430202.15625,430373.875
"DC-PPO (strict 1+5, stochastic train)",1041.0,431080.71875,430525.6041666667
"DC-PPO (strict 1+5, stochastic train)",1043.0,430293.9375,430649.3645833333
"DC-PPO (strict 1+5, stochastic train)",1045.0,430573.4375,430122.7291666667
"DC-PPO (strict 1+5, stochastic train)",1047.0,429500.8125,429655.7291666667
"DC-PPO (strict 1+5, stochastic train)",1049.0,428892.9375,429093.3645833333
"DC-PPO (strict 1+5, stochastic train)",1051.0,428886.34375,428101.4375
"DC-PPO (strict 1+5, stochastic train)",1053.0,426525.03125,428754.6354166667
"DC-PPO (strict 1+5, stochastic train)",1055.0,430852.53125,428877.59375
"DC-PPO (strict 1+5, stochastic train)",1057.0,429255.21875,429590.2291666667
"DC-PPO (strict 1+5, stochastic train)",1059.0,428662.9375,429523.6666666667
"DC-PPO (strict 1+5, stochastic train)",1061.0,430652.84375,429673.8541666667
"DC-PPO (strict 1+5, stochastic train)",1063.0,429705.78125,429067.9479166667
"DC-PPO (strict 1+5, stochastic train)",1065.0,426845.21875,429105.78125
"DC-PPO (strict 1+5, stochastic train)",1067.0,430766.34375,428888.4791666667
"DC-PPO (strict 1+5, stochastic train)",1069.0,429053.875,429574.5833333333
"DC-PPO (strict 1+5, stochastic train)",1071.0,428903.53125,428518.6666666667
"DC-PPO (strict 1+5, stochastic train)",1073.0,427598.59375,428594.9479166667
"DC-PPO (strict 1+5, stochastic train)",1075.0,429282.71875,429548.3333333333
"DC-PPO (strict 1+5, stochastic train)",1077.0,431763.6875,430890.1875
"DC-PPO (strict 1+5, stochastic train)",1079.0,431624.15625,430890.2604166667
"DC-PPO (strict 1+5, stochastic train)",1081.0,429282.9375,429711.0833333333
"DC-PPO (strict 1+5, stochastic train)",1083.0,428226.15625,429310.0208333333
"DC-PPO (strict 1+5, stochastic train)",1085.0,430420.96875,430197.9375
"DC-PPO (strict 1+5, stochastic train)",1087.0,431946.6875,431661.375
"DC-PPO (strict 1+5, stochastic train)",1089.0,432616.46875,432195.4270833333
"DC-PPO (strict 1+5, stochastic train)",1091.0,432023.125,431953.59375
"DC-PPO (strict 1+5, stochastic train)",1093.0,431221.1875,431525.8958333333
"DC-PPO (strict 1+5, stochastic train)",1095.0,431333.375,431114.65625
"DC-PPO (strict 1+5, stochastic train)",1097.0,430789.40625,430635.9791666667
"DC-PPO (strict 1+5, stochastic train)",1099.0,429785.15625,430261.4583333333
"DC-PPO (strict 1+5, stochastic train)",1101.0,430209.8125,429476.7395833333
"DC-PPO (strict 1+5, stochastic train)",1103.0,428435.25,430719.5416666667
"DC-PPO (strict 1+5, stochastic train)",1105.0,433513.5625,430481.03125
"DC-PPO (strict 1+5, stochastic train)",1107.0,429494.28125,430833.375
"DC-PPO (strict 1+5, stochastic train)",1109.0,429492.28125,428861.2708333333
"DC-PPO (strict 1+5, stochastic train)",1111.0,427597.25,427837.8854166667
"DC-PPO (strict 1+5, stochastic train)",1113.0,426424.125,426315.4895833333
"DC-PPO (strict 1+5, stochastic train)",1115.0,424925.09375,424823.8645833333
"DC-PPO (strict 1+5, stochastic train)",1117.0,423122.375,421916.8645833333
"DC-PPO (strict 1+5, stochastic train)",1119.0,417703.125,420754.9375
"DC-PPO (strict 1+5, stochastic train)",1121.0,421439.3125,420206.28125
"DC-PPO (strict 1+5, stochastic train)",1123.0,421476.40625,420754.3333333333
"DC-PPO (strict 1+5, stochastic train)",1125.0,419347.28125,420634.9166666667
"DC-PPO (strict 1+5, stochastic train)",1127.0,421081.0625,420839.0104166667
"DC-PPO (strict 1+5, stochastic train)",1129.0,422088.6875,421414.3541666667
"DC-PPO (strict 1+5, stochastic train)",1131.0,421073.3125,422391.4479166667
"DC-PPO (strict 1+5, stochastic train)",1133.0,424012.34375,422758.7395833333
"DC-PPO (strict 1+5, stochastic train)",1135.0,423190.5625,424055.4270833333
"DC-PPO (strict 1+5, stochastic train)",1137.0,424963.375,424474.7291666667
"DC-PPO (strict 1+5, stochastic train)",1139.0,425270.25,424667.4479166667
"DC-PPO (strict 1+5, stochastic train)",1141.0,423768.71875,424007.8854166667
"DC-PPO (strict 1+5, stochastic train)",1143.0,422984.6875,422847.875
"DC-PPO (strict 1+5, stochastic train)",1145.0,421790.21875,423275.0416666667
"DC-PPO (strict 1+5, stochastic train)",1147.0,425050.21875,423892.6145833333
"DC-PPO (strict 1+5, stochastic train)",1149.0,424837.40625,424959.7604166667
"DC-PPO (strict 1+5, stochastic train)",1151.0,424991.65625,424715.2708333333
"DC-PPO (strict 1+5, stochastic train)",1153.0,424316.75,424517.4791666667
"DC-PPO (strict 1+5, stochastic train)",1155.0,424244.03125,424724.2604166667
"DC-PPO (strict 1+5, stochastic train)",1157.0,425612.0,424885.7291666667
"DC-PPO (strict 1+5, stochastic train)",1159.0,424801.15625,425437.5520833333
"DC-PPO (strict 1+5, stochastic train)",1161.0,425899.5,425639.5416666667
"DC-PPO (strict 1+5, stochastic train)",1163.0,426217.96875,425485.5416666667
"DC-PPO (strict 1+5, stochastic train)",1165.0,424339.15625,426388.5208333333
"DC-PPO (strict 1+5, stochastic train)",1167.0,428608.4375,427055.7708333333
"DC-PPO (strict 1+5, stochastic train)",1169.0,428219.71875,429039.40625
"DC-PPO (strict 1+5, stochastic train)",1171.0,430290.0625,429298.3854166667
"DC-PPO (strict 1+5, stochastic train)",1173.0,429385.375,428963.4166666667
"DC-PPO (strict 1+5, stochastic train)",1175.0,427214.8125,428797.9270833333
"DC-PPO (strict 1+5, stochastic train)",1177.0,429793.59375,429510.3333333333
"DC-PPO (strict 1+5, stochastic train)",1179.0,431522.59375,430175.4166666667
"DC-PPO (strict 1+5, stochastic train)",1181.0,429210.0625,430314.0416666667
"DC-PPO (strict 1+5, stochastic train)",1183.0,430209.46875,429266.6875
"DC-PPO (strict 1+5, stochastic train)",1185.0,428380.53125,429008.6458333333
"DC-PPO (strict 1+5, stochastic train)",1187.0,428435.9375,430668.03125
"DC-PPO (strict 1+5, stochastic train)",1189.0,435187.625,433006.1666666667
"DC-PPO (strict 1+5, stochastic train)",1191.0,435394.9375,435884.4375
"DC-PPO (strict 1+5, stochastic train)",1193.0,437070.75,436484.25
"DC-PPO (strict 1+5, stochastic train)",1195.0,436987.0625,436151.3645833333
"DC-PPO (strict 1+5, stochastic train)",1197.0,434396.28125,435458.2604166667
"DC-PPO (strict 1+5, stochastic train)",1199.0,434991.4375,435158.125
"DC-PPO (strict 1+5, stochastic train)",1201.0,436086.65625,436328.6041666667
"DC-PPO (strict 1+5, stochastic train)",1203.0,437907.71875,437438.21875
"DC-PPO (strict 1+5, stochastic train)",1205.0,438320.28125,437908.5
"DC-PPO (strict 1+5, stochastic train)",1207.0,437497.5,437569.2916666667
"DC-PPO (strict 1+5, stochastic train)",1209.0,436890.09375,438395.0520833333
"DC-PPO (strict 1+5, stochastic train)",1211.0,440797.5625,439383.9791666667
"DC-PPO (strict 1+5, stochastic train)",1213.0,440464.28125,440576.5520833333
"DC-PPO (strict 1+5, stochastic train)",1215.0,440467.8125,440808.1458333333
"DC-PPO (strict 1+5, stochastic train)",1217.0,441492.34375,441640.78125
"DC-PPO (strict 1+5, stochastic train)",1219.0,442962.1875,441577.9375
"DC-PPO (strict 1+5, stochastic train)",1221.0,440279.28125,441503.3541666667
"DC-PPO (strict 1+5, stochastic train)",1223.0,441268.59375,440711.71875
"DC-PPO (strict 1+5, stochastic train)",1225.0,440587.28125,440320.1875
"DC-PPO (strict 1+5, stochastic train)",1227.0,439104.6875,438399.28125
"DC-PPO (strict 1+5, stochastic train)",1229.0,435505.875,436945.5208333333
"DC-PPO (strict 1+5, stochastic train)",1231.0,436226.0,435753.7604166667
"DC-PPO (strict 1+5, stochastic train)",1233.0,435529.40625,435242.3333333333
"DC-PPO (strict 1+5, stochastic train)",1235.0,433971.59375,434889.2395833333
"DC-PPO (strict 1+5, stochastic train)",1237.0,435166.71875,434779.6979166667
"DC-PPO (strict 1+5, stochastic train)",1239.0,435200.78125,434946.8854166667
"DC-PPO (strict 1+5, stochastic train)",1241.0,434473.15625,434912.4895833333
"DC-PPO (strict 1+5, stochastic train)",1243.0,435063.53125,435192.4479166667
"DC-PPO (strict 1+5, stochastic train)",1245.0,436040.65625,435906.3645833333
"DC-PPO (strict 1+5, stochastic train)",1247.0,436614.90625,437140.7395833333
"DC-PPO (strict 1+5, stochastic train)",1249.0,438766.65625,437199.9270833333
"DC-PPO (strict 1+5, stochastic train)",1251.0,436218.21875,437908.6770833333
"DC-PPO (strict 1+5, stochastic train)",1253.0,438741.15625,437366.2395833333
"DC-PPO (strict 1+5, stochastic train)",1255.0,437139.34375,437729.125
"DC-PPO (strict 1+5, stochastic train)",1257.0,437306.875,436441.7395833333
"DC-PPO (strict 1+5, stochastic train)",1259.0,434879.0,437180.8229166667
"DC-PPO (strict 1+5, stochastic train)",1261.0,439356.59375,437150.3333333333
"DC-PPO (strict 1+5, stochastic train)",1263.0,437215.40625,437740.5416666667
"DC-PPO (strict 1+5, stochastic train)",1265.0,436649.625,436720.2291666667
"DC-PPO (strict 1+5, stochastic train)",1267.0,436295.65625,436474.9791666667
"DC-PPO (strict 1+5, stochastic train)",1269.0,436479.65625,436984.65625
"DC-PPO (strict 1+5, stochastic train)",1271.0,438178.65625,437381.0208333333
"DC-PPO (strict 1+5, stochastic train)",1273.0,437484.75,438275.1041666667
"DC-PPO (strict 1+5, stochastic train)",1275.0,439161.90625,439525.7395833333
"DC-PPO (strict 1+5, stochastic train)",1277.0,441930.5625,439909.9895833333
"DC-PPO (strict 1+5, stochastic train)",1279.0,438637.5,440676.5
"DC-PPO (strict 1+5, stochastic train)",1281.0,441461.4375,440778.6666666667
"DC-PPO (strict 1+5, stochastic train)",1283.0,442237.0625,442140.53125
"DC-PPO (strict 1+5, stochastic train)",1285.0,442723.09375,441306.6875
"DC-PPO (strict 1+5, stochastic train)",1287.0,438959.90625,440924.84375
"DC-PPO (strict 1+5, stochastic train)",1289.0,441091.53125,439749.6145833333
"DC-PPO (strict 1+5, stochastic train)",1291.0,439197.40625,439976.4583333333
"DC-PPO (strict 1+5, stochastic train)",1293.0,439640.4375,439420.0104166667
"DC-PPO (strict 1+5, stochastic train)",1295.0,439422.1875,439894.3854166667
"DC-PPO (strict 1+5, stochastic train)",1297.0,440620.53125,440875.5104166667
"DC-PPO (strict 1+5, stochastic train)",1299.0,442583.8125,441181.7604166667
"DC-PPO (strict 1+5, stochastic train)",1301.0,440340.9375,440893.4895833333
"DC-PPO (strict 1+5, stochastic train)",1303.0,439755.71875,439631.1354166667
"DC-PPO (strict 1+5, stochastic train)",1305.0,438796.75,439859.7708333333
"DC-PPO (strict 1+5, stochastic train)",1307.0,441026.84375,441787.3125
"DC-PPO (strict 1+5, stochastic train)",1309.0,445538.34375,444065.0520833333
"DC-PPO (strict 1+5, stochastic train)",1311.0,445629.96875,444984.25
"DC-PPO (strict 1+5, stochastic train)",1313.0,443784.4375,443511.875
"DC-PPO (strict 1+5, stochastic train)",1315.0,441121.21875,443115.9270833333
"DC-PPO (strict 1+5, stochastic train)",1317.0,444442.125,443199.28125
"DC-PPO (strict 1+5, stochastic train)",1319.0,444034.5,444279.3958333333
"DC-PPO (strict 1+5, stochastic train)",1321.0,444361.5625,444376.7291666667
"DC-PPO (strict 1+5, stochastic train)",1323.0,444734.125,444672.4479166667
"DC-PPO (strict 1+5, stochastic train)",1325.0,444921.65625,445106.7604166667
"DC-PPO (strict 1+5, stochastic train)",1327.0,445664.5,445343.375
"DC-PPO (strict 1+5, stochastic train)",1329.0,445443.96875,445673.8020833333
"DC-PPO (strict 1+5, stochastic train)",1331.0,445912.9375,445511.3958333333
"DC-PPO (strict 1+5, stochastic train)",1333.0,445177.28125,445150.6041666667
"DC-PPO (strict 1+5, stochastic train)",1335.0,444361.59375,444320.0729166667
"DC-PPO (strict 1+5, stochastic train)",1337.0,443421.34375,444409.6145833333
"DC-PPO (strict 1+5, stochastic train)",1339.0,445445.90625,444254.53125
"DC-PPO (strict 1+5, stochastic train)",1341.0,443896.34375,444246.5625
"DC-PPO (strict 1+5, stochastic train)",1343.0,443397.4375,442523.34375
"DC-PPO (strict 1+5, stochastic train)",1345.0,440276.25,441887.4895833333
"DC-PPO (strict 1+5, stochastic train)",1347.0,441988.78125,440955.9895833333
"DC-PPO (strict 1+5, stochastic train)",1349.0,440602.9375,440471.5416666667
"DC-PPO (strict 1+5, stochastic train)",1351.0,438822.90625,440094.8333333333
"DC-PPO (strict 1+5, stochastic train)",1353.0,440858.65625,440177.6770833333
"DC-PPO (strict 1+5, stochastic train)",1355.0,440851.46875,441003.9895833333
"DC-PPO (strict 1+5, stochastic train)",1357.0,441301.84375,440811.0625
"DC-PPO (strict 1+5, stochastic train)",1359.0,440279.875,441133.84375
"DC-PPO (strict 1+5, stochastic train)",1361.0,441819.8125,440888.0
"DC-PPO (strict 1+5, stochastic train)",1363.0,440564.3125,439932.3958333333
"DC-PPO (strict 1+5, stochastic train)",1365.0,437413.0625,439121.3958333333
"DC-PPO (strict 1+5, stochastic train)",1367.0,439386.8125,437772.1770833333
"DC-PPO (strict 1+5, stochastic train)",1369.0,436516.65625,438245.09375
"DC-PPO (strict 1+5, stochastic train)",1371.0,438831.8125,437489.0416666667
"DC-PPO (strict 1+5, stochastic train)",1373.0,437118.65625,438671.8229166667
"DC-PPO (strict 1+5, stochastic train)",1375.0,440065.0,438940.1979166667
"DC-PPO (strict 1+5, stochastic train)",1377.0,439636.9375,439631.0729166667
"DC-PPO (strict 1+5, stochastic train)",1379.0,439191.28125,440102.34375
"DC-PPO (strict 1+5, stochastic train)",1381.0,441478.8125,440386.3645833333
"DC-PPO (strict 1+5, stochastic train)",1383.0,440489.0,441462.25
"DC-PPO (strict 1+5, stochastic train)",1385.0,442418.9375,441935.4479166667
"DC-PPO (strict 1+5, stochastic train)",1387.0,442898.40625,443055.0729166667
"DC-PPO (strict 1+5, stochastic train)",1389.0,443847.875,442762.1145833333
"DC-PPO (strict 1+5, stochastic train)",1391.0,441540.0625,443453.59375
"DC-PPO (strict 1+5, stochastic train)",1393.0,444972.84375,443269.25
"DC-PPO (strict 1+5, stochastic train)",1395.0,443294.84375,443666.6875
"DC-PPO (strict 1+5, stochastic train)",1397.0,442732.375,442497.4583333333
"DC-PPO (strict 1+5, stochastic train)",1399.0,441465.15625,441970.0208333333
"DC-PPO (strict 1+5, stochastic train)",1401.0,441712.53125,441921.5208333333
"DC-PPO (strict 1+5, stochastic train)",1403.0,442586.875,441864.5208333333
"DC-PPO (strict 1+5, stochastic train)",1405.0,441294.15625,442328.6458333333
"DC-PPO (strict 1+5, stochastic train)",1407.0,443104.90625,442228.8229166667
"DC-PPO (strict 1+5, stochastic train)",1409.0,442287.40625,442898.4479166667
"DC-PPO (strict 1+5, stochastic train)",1411.0,443303.03125,444477.1041666667
"DC-PPO (strict 1+5, stochastic train)",1413.0,447840.875,446644.09375
"DC-PPO (strict 1+5, stochastic train)",1415.0,448788.375,449035.71875
"DC-PPO (strict 1+5, stochastic train)",1417.0,450477.90625,448797.8229166667
"DC-PPO (strict 1+5, stochastic train)",1419.0,447127.1875,448582.9479166667
"DC-PPO (strict 1+5, stochastic train)",1421.0,448143.75,447108.7395833333
"DC-PPO (strict 1+5, stochastic train)",1423.0,446055.28125,446517.09375
"DC-PPO (strict 1+5, stochastic train)",1425.0,445352.25,446328.5520833333
"DC-PPO (strict 1+5, stochastic train)",1427.0,447578.125,445757.96875
"DC-PPO (strict 1+5, stochastic train)",1429.0,444343.53125,445806.34375
"DC-PPO (strict 1+5, stochastic train)",1431.0,445497.375,444754.7604166667
"DC-PPO (strict 1+5, stochastic train)",1433.0,444423.375,445063.4791666667
"DC-PPO (strict 1+5, stochastic train)",1435.0,445269.6875,444645.4479166667
"DC-PPO (strict 1+5, stochastic train)",1437.0,444243.28125,444240.625
"DC-PPO (strict 1+5, stochastic train)",1439.0,443208.90625,443843.7708333333
"DC-PPO (strict 1+5, stochastic train)",1441.0,444079.125,444327.5833333333
"DC-PPO (strict 1+5, stochastic train)",1443.0,445694.71875,443810.8854166667
"DC-PPO (strict 1+5, stochastic train)",1445.0,441658.8125,444098.3958333333
"DC-PPO (strict 1+5, stochastic train)",1447.0,444941.65625,443433.6145833333
"DC-PPO (strict 1+5, stochastic train)",1449.0,443700.375,444403.8958333333
"DC-PPO (strict 1+5, stochastic train)",1451.0,444569.65625,444144.96875
"DC-PPO (strict 1+5, stochastic train)",1453.0,444164.875,444832.9583333333
"DC-PPO (strict 1+5, stochastic train)",1455.0,445764.34375,444930.46875
"DC-PPO (strict 1+5, stochastic train)",1457.0,444862.1875,444893.6458333333
"DC-PPO (strict 1+5, stochastic train)",1459.0,444054.40625,445709.6145833333
"DC-PPO (strict 1+5, stochastic train)",1461.0,448212.25,447403.2395833333
"DC-PPO (strict 1+5, stochastic train)",1463.0,449943.0625,449917.3020833333
"DC-PPO (strict 1+5, stochastic train)",1465.0,451596.59375,451240.625
"DC-PPO (strict 1+5, stochastic train)",1467.0,452182.21875,451790.78125
"DC-PPO (strict 1+5, stochastic train)",1469.0,451593.53125,451783.7395833333
"DC-PPO (strict 1+5, stochastic train)",1471.0,451575.46875,451206.6145833333
"DC-PPO (strict 1+5, stochastic train)",1473.0,450450.84375,451995.90625
"DC-PPO (strict 1+5, stochastic train)",1475.0,453961.40625,452358.8020833333
"DC-PPO (strict 1+5, stochastic train)",1477.0,452664.15625,453601.09375
"DC-PPO (strict 1+5, stochastic train)",1479.0,454177.71875,453609.6145833333
"DC-PPO (strict 1+5, stochastic train)",1481.0,453986.96875,454286.59375
"DC-PPO (strict 1+5, stochastic train)",1483.0,454695.09375,453679.4895833333
"DC-PPO (strict 1+5, stochastic train)",1485.0,452356.40625,452727.1145833333
"DC-PPO (strict 1+5, stochastic train)",1487.0,451129.84375,452395.2395833333
"DC-PPO (strict 1+5, stochastic train)",1489.0,453699.46875,452643.3958333333
"DC-PPO (strict 1+5, stochastic train)",1491.0,453100.875,452754.75
"DC-PPO (strict 1+5, stochastic train)",1493.0,451463.90625,452192.6979166667
"DC-PPO (strict 1+5, stochastic train)",1495.0,452013.3125,451184.2916666667
"DC-PPO (strict 1+5, stochastic train)",1497.0,450075.65625,450697.09375
"DC-PPO (strict 1+5, stochastic train)",1499.0,450002.3125,450537.4791666667
"DC-PPO (strict 1+5, stochastic train)",1501.0,451534.46875,450822.0729166667
"DC-PPO (strict 1+5, stochastic train)",1503.0,450929.4375,450930.6770833333
"DC-PPO (strict 1+5, stochastic train)",1505.0,450328.125,450565.4270833333
"DC-PPO (strict 1+5, stochastic train)",1507.0,450438.71875,450928.40625
"DC-PPO (strict 1+5, stochastic train)",1509.0,452018.375,451394.2083333333
"DC-PPO (strict 1+5, stochastic train)",1511.0,451725.53125,452307.4479166667
"DC-PPO (strict 1+5, stochastic train)",1513.0,453178.4375,452979.1145833333
"DC-PPO (strict 1+5, stochastic train)",1515.0,454033.375,454277.1979166667
"DC-PPO (strict 1+5, stochastic train)",1517.0,455619.78125,454511.5729166667
"DC-PPO (strict 1+5, stochastic train)",1519.0,453881.5625,455553.6041666667
"DC-PPO (strict 1+5, stochastic train)",1521.0,457159.46875,455492.8333333333
"DC-PPO (strict 1+5, stochastic train)",1523.0,455437.46875,455452.5520833333
"DC-PPO (strict 1+5, stochastic train)",1525.0,453760.71875,453354.9791666667
"DC-PPO (strict 1+5, stochastic train)",1527.0,450866.75,452175.6979166667
"DC-PPO (strict 1+5, stochastic train)",1529.0,451899.625,451123.0208333333
"DC-PPO (strict 1+5, stochastic train)",1531.0,450602.6875,450244.125
"DC-PPO (strict 1+5, stochastic train)",1533.0,448230.0625,449293.8958333333
"DC-PPO (strict 1+5, stochastic train)",1535.0,449048.9375,449609.90625
"DC-PPO (strict 1+5, stochastic train)",1537.0,451550.71875,451316.7604166667
"DC-PPO (strict 1+5, stochastic train)",1539.0,453350.625,452656.8229166667
"DC-PPO (strict 1+5, stochastic train)",1541.0,453069.125,453472.21875
"DC-PPO (strict 1+5, stochastic train)",1543.0,453996.90625,454072.9166666667
"DC-PPO (strict 1+5, stochastic train)",1545.0,455152.71875,454207.3541666667
"DC-PPO (strict 1+5, stochastic train)",1547.0,453472.4375,453665.5520833333
"DC-PPO (strict 1+5, stochastic train)",1549.0,452371.5,453963.2291666667
"DC-PPO (strict 1+5, stochastic train)",1551.0,456045.75,454208.625
