series,segment,cumulative_steps,learning_episode,raw_or_mean,three_point_smoothed
"MAPPO (fixed 60, 3 seeds)",historical,25600.0,1.0,123567.34974500869,123567.34974500869
"MAPPO (fixed 60, 3 seeds)",historical,76800.0,3.0,129900.57194010417,129900.57194010417
"MAPPO (fixed 60, 3 seeds)",historical,128000.0,5.0,143286.51079644097,143286.51079644097
"MAPPO (fixed 60, 3 seeds)",historical,179200.0,7.0,159110.2376482928,159110.2376482928
"MAPPO (fixed 60, 3 seeds)",historical,230400.0,9.0,173796.73842592593,173796.73842592593
"MAPPO (fixed 60, 3 seeds)",historical,281600.0,11.0,185642.57338686343,185642.57338686343
"MAPPO (fixed 60, 3 seeds)",historical,332800.0,13.0,194848.43778935182,194848.43778935182
"MAPPO (fixed 60, 3 seeds)",historical,384000.0,15.0,202208.04463252318,202208.04463252318
"MAPPO (fixed 60, 3 seeds)",historical,435200.0,17.0,208543.06011284725,208543.06011284725
"MAPPO (fixed 60, 3 seeds)",historical,486400.0,19.0,214969.5185908565,214969.5185908565
"MAPPO (fixed 60, 3 seeds)",historical,537600.0,21.0,221783.19683159722,221783.19683159722
"MAPPO (fixed 60, 3 seeds)",historical,588800.0,23.0,228850.3974247685,228850.3974247685
"MAPPO (fixed 60, 3 seeds)",historical,640000.0,25.0,235703.30143229166,235703.30143229166
"MAPPO (fixed 60, 3 seeds)",historical,691200.0,27.0,241926.23596643517,241926.23596643517
"MAPPO (fixed 60, 3 seeds)",historical,742400.0,29.0,247780.13874421295,247780.13874421295
"MAPPO (fixed 60, 3 seeds)",historical,793600.0,31.0,253029.95153356483,253029.95153356483
"MAPPO (fixed 60, 3 seeds)",historical,844800.0,33.0,258399.35489004632,258399.35489004632
"MAPPO (fixed 60, 3 seeds)",historical,896000.0,35.0,264167.1591435185,264167.1591435185
"MAPPO (fixed 60, 3 seeds)",historical,947200.0,37.0,270272.3214699074,270272.3214699074
"MAPPO (fixed 60, 3 seeds)",historical,998400.0,39.0,276310.67013888893,276310.67013888893
"MAPPO (fixed 60, 3 seeds)",historical,1049600.0,41.0,281175.4625289352,281175.4625289352
"MAPPO (fixed 60, 3 seeds)",historical,1100800.0,43.0,286014.2491319445,286014.2491319445
"MAPPO (fixed 60, 3 seeds)",historical,1152000.0,45.0,291180.0473090278,291180.0473090278
"MAPPO (fixed 60, 3 seeds)",historical,1203200.0,47.0,297687.03096064815,297687.03096064815
"MAPPO (fixed 60, 3 seeds)",historical,1254400.0,49.0,304266.7615740741,304266.7615740741
"MAPPO (fixed 60, 3 seeds)",historical,1305600.0,51.0,309801.04644097225,309801.04644097225
"MAPPO (fixed 60, 3 seeds)",historical,1356800.0,53.0,314219.7583912037,314219.7583912037
"MAPPO (fixed 60, 3 seeds)",historical,1408000.0,55.0,318141.4385127315,318141.4385127315
"MAPPO (fixed 60, 3 seeds)",historical,1459200.0,57.0,321903.35098379635,321903.35098379635
"MAPPO (fixed 60, 3 seeds)",historical,1510400.0,59.0,325828.22222222225,325828.22222222225
"MAPPO (fixed 60, 3 seeds)",historical,1561600.0,61.0,329326.80034722225,329326.80034722225
"MAPPO (fixed 60, 3 seeds)",historical,1612800.0,63.0,332703.5763888888,332703.5763888888
"MAPPO (fixed 60, 3 seeds)",historical,1664000.0,65.0,335441.76200810185,335441.76200810185
"MAPPO (fixed 60, 3 seeds)",historical,1715200.0,67.0,337672.5859375,337672.5859375
"MAPPO (fixed 60, 3 seeds)",historical,1766400.0,69.0,340040.132957176,340040.132957176
"MAPPO (fixed 60, 3 seeds)",historical,1817600.0,71.0,342289.34635416674,342289.34635416674
"MAPPO (fixed 60, 3 seeds)",historical,1868800.0,73.0,345946.64293981483,345946.64293981483
"MAPPO (fixed 60, 3 seeds)",historical,1920000.0,75.0,349242.50231481483,349242.50231481483
"MAPPO (fixed 60, 3 seeds)",historical,1971200.0,77.0,352973.2919560185,352973.2919560185
"MAPPO (fixed 60, 3 seeds)",historical,2022400.0,79.0,355191.65118634264,355191.65118634264
"MAPPO (fixed 60, 3 seeds)",historical,2073600.0,81.0,356872.49059606483,356872.49059606483
"MAPPO (fixed 60, 3 seeds)",historical,2124800.0,83.0,358134.7439236112,358134.7439236112
"MAPPO (fixed 60, 3 seeds)",historical,2176000.0,85.0,359195.5821759259,359195.5821759259
"MAPPO (fixed 60, 3 seeds)",historical,2227200.0,87.0,361300.55107060185,361300.55107060185
"MAPPO (fixed 60, 3 seeds)",historical,2278400.0,89.0,363279.6901041667,363279.6901041667
"MAPPO (fixed 60, 3 seeds)",historical,2329600.0,91.0,365455.09548611107,365455.09548611107
"MAPPO (fixed 60, 3 seeds)",historical,2380800.0,93.0,366852.634693287,366852.634693287
"MAPPO (fixed 60, 3 seeds)",historical,2432000.0,95.0,367778.173755787,367778.173755787
"MAPPO (fixed 60, 3 seeds)",historical,2483200.0,97.0,369038.5557002315,369038.5557002315
"MAPPO (fixed 60, 3 seeds)",historical,2534400.0,99.0,369846.73799189815,369846.73799189815
"MAPPO (fixed 60, 3 seeds)",historical,2585600.0,101.0,371144.7420428241,371144.7420428241
"MAPPO (fixed 60, 3 seeds)",historical,2636800.0,103.0,371971.12138310185,371971.12138310185
"MAPPO (fixed 60, 3 seeds)",historical,2688000.0,105.0,373840.4599247685,373840.4599247685
"MAPPO (fixed 60, 3 seeds)",historical,2739200.0,107.0,375648.0908564815,375648.0908564815
"MAPPO (fixed 60, 3 seeds)",historical,2790400.0,109.0,376974.62774884264,376974.62774884264
"MAPPO (fixed 60, 3 seeds)",historical,2841600.0,111.0,377381.0095486112,377381.0095486112
"MAPPO (fixed 60, 3 seeds)",historical,2892800.0,113.0,377017.2699652778,377017.2699652778
"MAPPO (fixed 60, 3 seeds)",historical,2944000.0,115.0,377933.26331018517,377933.26331018517
"MAPPO (fixed 60, 3 seeds)",historical,2995200.0,117.0,379052.75549768517,379052.75549768517
"MAPPO (fixed 60, 3 seeds)",historical,3046400.0,119.0,380815.50434027775,380815.50434027775
"MAPPO (fixed 60, 3 seeds)",historical,3097600.0,121.0,381900.9269386574,381900.9269386574
"MAPPO (fixed 60, 3 seeds)",historical,3148800.0,123.0,383115.65379050927,383115.65379050927
"MAPPO (fixed 60, 3 seeds)",historical,3200000.0,125.0,384338.55902777775,384338.55902777775
"MAPPO (fixed 60, 3 seeds)",historical,3251200.0,127.0,385037.33839699073,385037.33839699073
"MAPPO (fixed 60, 3 seeds)",historical,3302400.0,129.0,385748.62037037034,385748.62037037034
"MAPPO (fixed 60, 3 seeds)",historical,3353600.0,131.0,386708.95081018517,386708.95081018517
"MAPPO (fixed 60, 3 seeds)",historical,3404800.0,133.0,388021.6546585648,388021.6546585648
"MAPPO (fixed 60, 3 seeds)",historical,3456000.0,135.0,388697.14510995365,388697.14510995365
"MAPPO (fixed 60, 3 seeds)",historical,3507200.0,137.0,388761.9199942129,388761.9199942129
"MAPPO (fixed 60, 3 seeds)",historical,3558400.0,139.0,389036.3771701388,389036.3771701388
"MAPPO (fixed 60, 3 seeds)",historical,3609600.0,141.0,390181.77271412034,390181.77271412034
"MAPPO (fixed 60, 3 seeds)",historical,3660800.0,143.0,391660.30714699073,391660.30714699073
"MAPPO (fixed 60, 3 seeds)",historical,3712000.0,145.0,393012.2384259259,393012.2384259259
"MAPPO (fixed 60, 3 seeds)",historical,3763200.0,147.0,393199.0830439815,393199.0830439815
"MAPPO (fixed 60, 3 seeds)",historical,3814400.0,149.0,392600.849537037,392600.849537037
"MAPPO (fixed 60, 3 seeds)",historical,3865600.0,151.0,392099.48046875,392099.48046875
"MAPPO (fixed 60, 3 seeds)",historical,3916800.0,153.0,392699.8962673612,392699.8962673612
"MAPPO (fixed 60, 3 seeds)",historical,3968000.0,155.0,394392.537181713,394392.537181713
"MAPPO (fixed 60, 3 seeds)",historical,4019200.0,157.0,396112.6200810186,396112.6200810186
"MAPPO (fixed 60, 3 seeds)",historical,4070400.0,159.0,397504.38802083343,397504.38802083343
"MAPPO (fixed 60, 3 seeds)",historical,4121600.0,161.0,398464.4131944445,398464.4131944445
"MAPPO (fixed 60, 3 seeds)",historical,4172800.0,163.0,399188.0185185186,399188.0185185186
"MAPPO (fixed 60, 3 seeds)",historical,4224000.0,165.0,399843.2635995371,399843.2635995371
"MAPPO (fixed 60, 3 seeds)",historical,4275200.0,167.0,400099.77010995377,400099.77010995377
"MAPPO (fixed 60, 3 seeds)",historical,4326400.0,169.0,400058.8260995371,400058.8260995371
"MAPPO (fixed 60, 3 seeds)",historical,4377600.0,171.0,400043.8269675926,400043.8269675926
"MAPPO (fixed 60, 3 seeds)",historical,4428800.0,173.0,400570.0536747685,400570.0536747685
"MAPPO (fixed 60, 3 seeds)",historical,4480000.0,175.0,401515.544849537,401515.544849537
"MAPPO (fixed 60, 3 seeds)",historical,4531200.0,177.0,402693.8054108796,402693.8054108796
"MAPPO (fixed 60, 3 seeds)",historical,4582400.0,179.0,404514.99782986107,404514.99782986107
"MAPPO (fixed 60, 3 seeds)",historical,4633600.0,181.0,406565.9388020833,406565.9388020833
"MAPPO (fixed 60, 3 seeds)",historical,4684800.0,183.0,408090.60185185185,408090.60185185185
"MAPPO (fixed 60, 3 seeds)",historical,4736000.0,185.0,408830.26475694444,408830.26475694444
"MAPPO (fixed 60, 3 seeds)",historical,4787200.0,187.0,409295.92549189815,409295.92549189815
"MAPPO (fixed 60, 3 seeds)",historical,4838400.0,189.0,410585.27705439815,410585.27705439815
"MAPPO (fixed 60, 3 seeds)",historical,4889600.0,191.0,411102.20847800927,411102.20847800927
"MAPPO (fixed 60, 3 seeds)",historical,4940800.0,193.0,411386.45066550927,411386.45066550927
"MAPPO (fixed 60, 3 seeds)",historical,4992000.0,195.0,410803.1731770833,410803.1731770833
"MAPPO (fixed 60, 3 seeds)",historical,5043200.0,197.0,410771.11559606483,410771.11559606483
"MAPPO (fixed 60, 3 seeds)",historical,5094400.0,199.0,410961.3459201388,410961.3459201388
"MAPPO (fixed 60, 3 seeds)",historical,5145600.0,201.0,411659.80193865736,411659.80193865736
"MAPPO (fixed 60, 3 seeds)",historical,5196800.0,203.0,413081.93431712966,413081.93431712966
"MAPPO (fixed 60, 3 seeds)",historical,5248000.0,205.0,414730.3274016204,414730.3274016204
"MAPPO (fixed 60, 3 seeds)",historical,5299200.0,207.0,415776.12355324073,415776.12355324073
"MAPPO (fixed 60, 3 seeds)",historical,5350400.0,209.0,416120.30830439815,416120.30830439815
"MAPPO (fixed 60, 3 seeds)",historical,5401600.0,211.0,415826.50810185185,415826.50810185185
"MAPPO (fixed 60, 3 seeds)",historical,5452800.0,213.0,416401.62080439815,416401.62080439815
"MAPPO (fixed 60, 3 seeds)",historical,5504000.0,215.0,416723.48784722225,416723.48784722225
"MAPPO (fixed 60, 3 seeds)",historical,5555200.0,217.0,417344.9301215278,417344.9301215278
"MAPPO (fixed 60, 3 seeds)",historical,5606400.0,219.0,416990.1817129629,416990.1817129629
"MAPPO (fixed 60, 3 seeds)",historical,5657600.0,221.0,416924.68793402775,416924.68793402775
"MAPPO (fixed 60, 3 seeds)",historical,5708800.0,223.0,417111.9008969907,417111.9008969907
"MAPPO (fixed 60, 3 seeds)",historical,5760000.0,225.0,417947.0203993055,417947.0203993055
"MAPPO (fixed 60, 3 seeds)",historical,5811200.0,227.0,419033.9871238426,419033.9871238426
"MAPPO (fixed 60, 3 seeds)",historical,5862400.0,229.0,419493.9580439815,419493.9580439815
"MAPPO (fixed 60, 3 seeds)",historical,5913600.0,231.0,419186.3310185185,419186.3310185185
"MAPPO (fixed 60, 3 seeds)",historical,5964800.0,233.0,419130.47786458326,419130.47786458326
"MAPPO (fixed 60, 3 seeds)",historical,6016000.0,235.0,419855.20095486107,419855.20095486107
"MAPPO (fixed 60, 3 seeds)",historical,6067200.0,237.0,422075.9139178241,422075.9139178241
"MAPPO (fixed 60, 3 seeds)",historical,6118400.0,239.0,423636.107494213,423636.107494213
"MAPPO (fixed 60, 3 seeds)",historical,6169600.0,241.0,425190.9063946759,425190.9063946759
"MAPPO (fixed 60, 3 seeds)",historical,6220800.0,243.0,426411.2012442129,426411.2012442129
"MAPPO (fixed 60, 3 seeds)",historical,6272000.0,245.0,427703.17693865736,427703.17693865736
"MAPPO (fixed 60, 3 seeds)",historical,6323200.0,247.0,428571.9087094907,428571.9087094907
"MAPPO (fixed 60, 3 seeds)",historical,6374400.0,249.0,428643.12109375,428643.12109375
"MAPPO (fixed 60, 3 seeds)",historical,6425600.0,251.0,428977.69994212966,428977.69994212966
"MAPPO (fixed 60, 3 seeds)",historical,6476800.0,253.0,428906.5914351852,428906.5914351852
"MAPPO (fixed 60, 3 seeds)",historical,6528000.0,255.0,428453.8682002315,428453.8682002315
"MAPPO (fixed 60, 3 seeds)",historical,6579200.0,257.0,428231.748119213,428231.748119213
"MAPPO (fixed 60, 3 seeds)",historical,6630400.0,259.0,428531.05020254635,428531.05020254635
"MAPPO (fixed 60, 3 seeds)",historical,6681600.0,261.0,429971.15625,429971.15625
"MAPPO (fixed 60, 3 seeds)",historical,6732800.0,263.0,430883.6290509259,430883.6290509259
"MAPPO (fixed 60, 3 seeds)",historical,6784000.0,265.0,432243.6597222222,432243.6597222222
"MAPPO (fixed 60, 3 seeds)",historical,6835200.0,267.0,432798.04615162034,432798.04615162034
"MAPPO (fixed 60, 3 seeds)",historical,6886400.0,269.0,433222.68359374994,433222.68359374994
"MAPPO (fixed 60, 3 seeds)",historical,6937600.0,271.0,432413.8291377315,432413.8291377315
"MAPPO (fixed 60, 3 seeds)",historical,6988800.0,273.0,431904.5455729167,431904.5455729167
"MAPPO (fixed 60, 3 seeds)",historical,7040000.0,275.0,431715.04644097225,431715.04644097225
"MAPPO (fixed 60, 3 seeds)",historical,7091200.0,277.0,432287.61791087966,432287.61791087966
"MAPPO (fixed 60, 3 seeds)",historical,7142400.0,279.0,432677.54846643517,432677.54846643517
"MAPPO (fixed 60, 3 seeds)",historical,7193600.0,281.0,433419.28747106483,433419.28747106483
"MAPPO (fixed 60, 3 seeds)",historical,7244800.0,283.0,434488.95167824073,434488.95167824073
"MAPPO (fixed 60, 3 seeds)",historical,7296000.0,285.0,435820.6734664352,435820.6734664352
"MAPPO (fixed 60, 3 seeds)",historical,7347200.0,287.0,436375.6643518519,436375.6643518519
"MAPPO (fixed 60, 3 seeds)",historical,7398400.0,289.0,436984.51924189815,436984.51924189815
"MAPPO (fixed 60, 3 seeds)",historical,7449600.0,291.0,437641.8417245371,437641.8417245371
"MAPPO (fixed 60, 3 seeds)",historical,7500800.0,293.0,439151.0245949074,439151.0245949074
"MAPPO (fixed 60, 3 seeds)",historical,7552000.0,295.0,439547.0999710648,439547.0999710648
"MAPPO (fixed 60, 3 seeds)",historical,7603200.0,297.0,439113.33637152775,439113.33637152775
"MAPPO (fixed 60, 3 seeds)",historical,7654400.0,299.0,437973.4748263888,437973.4748263888
"MAPPO (fixed 60, 3 seeds)",historical,7705600.0,301.0,437402.2951388888,437402.2951388888
"MAPPO (fixed 60, 3 seeds)",historical,7756800.0,303.0,438096.09432870365,438096.09432870365
"MAPPO (fixed 60, 3 seeds)",historical,7808000.0,305.0,438802.0520833333,438802.0520833333
"MAPPO (fixed 60, 3 seeds)",historical,7859200.0,307.0,439839.45674189815,439839.45674189815
"MAPPO (fixed 60, 3 seeds)",historical,7910400.0,309.0,439759.78168402775,439759.78168402775
"MAPPO (fixed 60, 3 seeds)",historical,7961600.0,311.0,440658.58116319444,440658.58116319444
"MAPPO (fixed 60, 3 seeds)",historical,8012800.0,313.0,441238.03964120365,441238.03964120365
"MAPPO (fixed 60, 3 seeds)",historical,8064000.0,315.0,443037.8262442129,443037.8262442129
"MAPPO (fixed 60, 3 seeds)",historical,8115200.0,317.0,443941.0596064815,443941.0596064815
"MAPPO (fixed 60, 3 seeds)",historical,8166400.0,319.0,445286.35329861107,445286.35329861107
"MAPPO (fixed 60, 3 seeds)",historical,8217600.0,321.0,445736.92737268517,445736.92737268517
"MAPPO (fixed 60, 3 seeds)",historical,8268800.0,323.0,446098.96151620365,446098.96151620365
"MAPPO (fixed 60, 3 seeds)",historical,8320000.0,325.0,445821.330150463,445821.330150463
"MAPPO (fixed 60, 3 seeds)",historical,8371200.0,327.0,445704.4632523148,445704.4632523148
"MAPPO (fixed 60, 3 seeds)",historical,8422400.0,329.0,446141.2997685185,446141.2997685185
"MAPPO (fixed 60, 3 seeds)",historical,8473600.0,331.0,447168.47569444444,447168.47569444444
"MAPPO (fixed 60, 3 seeds)",historical,8524800.0,333.0,448313.61863425927,448313.61863425927
"MAPPO (fixed 60, 3 seeds)",historical,8576000.0,335.0,449002.39380787034,449002.39380787034
"MAPPO (fixed 60, 3 seeds)",historical,8627200.0,337.0,449060.828125,449060.828125
"MAPPO (fixed 60, 3 seeds)",historical,8678400.0,339.0,448590.44097222225,448590.44097222225
"MAPPO (fixed 60, 3 seeds)",historical,8729600.0,341.0,448287.7476851852,448287.7476851852
"MAPPO (fixed 60, 3 seeds)",historical,8780800.0,343.0,449023.88946759264,449023.88946759264
"MAPPO (fixed 60, 3 seeds)",historical,8832000.0,345.0,450607.9921875,450607.9921875
"MAPPO (fixed 60, 3 seeds)",historical,8883200.0,347.0,452210.408275463,452210.408275463
"MAPPO (fixed 60, 3 seeds)",historical,8934400.0,349.0,452806.51099537034,452806.51099537034
"MAPPO (fixed 60, 3 seeds)",historical,8985600.0,351.0,453268.62557870365,453268.62557870365
"MAPPO (fixed 60, 3 seeds)",historical,9036800.0,353.0,453500.3802083333,453500.3802083333
"MAPPO (fixed 60, 3 seeds)",historical,9088000.0,355.0,454311.51244212966,454311.51244212966
"MAPPO (fixed 60, 3 seeds)",historical,9139200.0,357.0,454517.19675925927,454517.19675925927
"MAPPO (fixed 60, 3 seeds)",historical,9190400.0,359.0,455462.8868634259,455462.8868634259
"MAPPO (fixed 60, 3 seeds)",historical,9241600.0,361.0,455478.67129629635,455478.67129629635
"MAPPO (fixed 60, 3 seeds)",historical,9292800.0,363.0,455060.46846064815,455060.46846064815
"MAPPO (fixed 60, 3 seeds)",historical,9344000.0,365.0,453751.36892361107,453751.36892361107
"MAPPO (fixed 60, 3 seeds)",historical,9395200.0,367.0,453042.06365740736,453042.06365740736
"MAPPO (fixed 60, 3 seeds)",historical,9446400.0,369.0,453381.1258680555,453381.1258680555
"MAPPO (fixed 60, 3 seeds)",historical,9497600.0,371.0,454393.3269675926,454393.3269675926
"MAPPO (fixed 60, 3 seeds)",historical,9548800.0,373.0,455402.556712963,455402.556712963
"MAPPO (fixed 60, 3 seeds)",historical,9600000.0,375.0,456210.43894675927,456210.43894675927
"MAPPO (fixed 60, 3 seeds)",historical,9651200.0,377.0,456220.734375,456220.734375
"MAPPO (fixed 60, 3 seeds)",historical,9702400.0,379.0,456347.5118634259,456347.5118634259
"MAPPO (fixed 60, 3 seeds)",historical,9753600.0,381.0,456443.43836805556,456443.43836805556
"MAPPO (fixed 60, 3 seeds)",historical,9804800.0,383.0,456788.64988425927,456788.64988425927
"MAPPO (fixed 60, 3 seeds)",historical,9856000.0,385.0,457228.8243634259,457228.8243634259
"MAPPO (fixed 60, 3 seeds)",historical,9907200.0,387.0,457917.4296875,457917.4296875
"MAPPO (fixed 60, 3 seeds)",historical,9958400.0,389.0,459428.44762731483,459428.44762731483
"MAPPO (fixed 60, 3 seeds)",historical,10009600.0,391.0,460328.7364004629,460328.7364004629
"MAPPO (fixed 60, 3 seeds)",historical,10060800.0,393.0,460509.43518518517,460509.43518518517
"MAPPO (fixed 60, 3 seeds)",historical,10112000.0,395.0,459402.33506944444,459402.33506944444
"MAPPO (fixed 60, 3 seeds)",historical,10163200.0,397.0,458979.05381944444,458979.05381944444
"MAPPO (fixed 60, 3 seeds)",historical,10214400.0,399.0,458867.1817129629,458867.1817129629
"MAPPO (fixed 60, 3 seeds)",historical,10265600.0,401.0,459507.8434606481,459507.8434606481
"MAPPO (fixed 60, 3 seeds)",historical,10316800.0,403.0,460278.21093749994,460278.21093749994
"MAPPO (fixed 60, 3 seeds)",historical,10368000.0,405.0,461069.7239583333,461069.7239583333
"MAPPO (fixed 60, 3 seeds)",historical,10419200.0,407.0,461853.90625,461853.90625
"MAPPO (fixed 60, 3 seeds)",historical,10470400.0,409.0,461803.23987268517,461803.23987268517
"MAPPO (fixed 60, 3 seeds)",historical,10521600.0,411.0,462388.5613425926,462388.5613425926
"MAPPO (fixed 60, 3 seeds)",historical,10572800.0,413.0,463151.13223379635,463151.13223379635
"MAPPO (fixed 60, 3 seeds)",historical,10624000.0,415.0,464515.2071759259,464515.2071759259
"MAPPO (fixed 60, 3 seeds)",historical,10675200.0,417.0,465073.03761574073,465073.03761574073
"MAPPO (fixed 60, 3 seeds)",historical,10726400.0,419.0,465176.64756944444,465176.64756944444
"MAPPO (fixed 60, 3 seeds)",historical,10777600.0,421.0,465365.88599537034,465365.88599537034
"MAPPO (fixed 60, 3 seeds)",historical,10828800.0,423.0,465187.005787037,465187.005787037
"MAPPO (fixed 60, 3 seeds)",historical,10880000.0,425.0,465543.3790509259,465543.3790509259
"MAPPO (fixed 60, 3 seeds)",historical,10931200.0,427.0,465780.7473958333,465780.7473958333
"MAPPO (fixed 60, 3 seeds)",historical,10982400.0,429.0,467497.2685185185,467497.2685185185
"MAPPO (fixed 60, 3 seeds)",historical,11033600.0,431.0,468226.92042824073,468226.92042824073
"MAPPO (fixed 60, 3 seeds)",historical,11084800.0,433.0,468529.4777199074,468529.4777199074
"MAPPO (fixed 60, 3 seeds)",historical,11136000.0,435.0,467428.60792824073,467428.60792824073
"MAPPO (fixed 60, 3 seeds)",historical,11187200.0,437.0,467468.29600694444,467468.29600694444
"MAPPO (fixed 60, 3 seeds)",historical,11238400.0,439.0,467584.4910300926,467584.4910300926
"MAPPO (fixed 60, 3 seeds)",historical,11289600.0,441.0,468487.62326388893,468487.62326388893
"MAPPO (fixed 60, 3 seeds)",historical,11340800.0,443.0,469096.3671875,469096.3671875
"MAPPO (fixed 60, 3 seeds)",historical,11392000.0,445.0,470421.6924189815,470421.6924189815
"MAPPO (fixed 60, 3 seeds)",historical,11443200.0,447.0,471533.7068865741,471533.7068865741
"MAPPO (fixed 60, 3 seeds)",historical,11494400.0,449.0,471667.2537615741,471667.2537615741
"MAPPO (fixed 60, 3 seeds)",historical,11545600.0,451.0,471170.39814814815,471170.39814814815
"MAPPO (fixed 60, 3 seeds)",historical,11596800.0,453.0,470129.18113425927,470129.18113425927
"MAPPO (fixed 60, 3 seeds)",historical,11648000.0,455.0,470312.43923611107,470312.43923611107
"MAPPO (fixed 60, 3 seeds)",historical,11699200.0,457.0,470561.3388310185,470561.3388310185
"MAPPO (fixed 60, 3 seeds)",historical,11750400.0,459.0,472002.8776041667,472002.8776041667
"MAPPO (fixed 60, 3 seeds)",historical,11801600.0,461.0,472942.8023726852,472942.8023726852
"MAPPO (fixed 60, 3 seeds)",historical,11852800.0,463.0,473603.77285879635,473603.77285879635
"MAPPO (fixed 60, 3 seeds)",historical,11904000.0,465.0,473025.85619212966,473025.85619212966
"MAPPO (fixed 60, 3 seeds)",historical,11955200.0,467.0,472493.23495370365,472493.23495370365
"MAPPO (fixed 60, 3 seeds)",historical,12006400.0,469.0,472638.7795138888,472638.7795138888
"MAPPO (fixed 60, 3 seeds)",historical,12057600.0,471.0,472979.76736111107,472979.76736111107
"MAPPO (fixed 60, 3 seeds)",historical,12108800.0,473.0,473721.92997685185,473721.92997685185
"MAPPO (fixed 60, 3 seeds)",historical,12160000.0,475.0,473955.94097222225,473955.94097222225
"MAPPO (fixed 60, 3 seeds)",historical,12211200.0,477.0,474870.8700810185,474870.8700810185
"MAPPO (fixed 60, 3 seeds)",historical,12262400.0,479.0,474632.22222222225,474632.22222222225
"MAPPO (fixed 60, 3 seeds)",historical,12313600.0,481.0,474548.2861689815,474548.2861689815
"MAPPO (fixed 60, 3 seeds)",historical,12364800.0,483.0,474196.02401620377,474196.02401620377
"MAPPO (fixed 60, 3 seeds)",historical,12416000.0,485.0,474983.60011574073,474983.60011574073
"MAPPO (fixed 60, 3 seeds)",historical,12467200.0,487.0,475811.86168981483,475811.86168981483
"MAPPO (fixed 60, 3 seeds)",historical,12518400.0,489.0,476244.7146990741,476244.7146990741
"MAPPO (fixed 60, 3 seeds)",historical,12569600.0,491.0,476318.7763310186,476318.7763310186
"MAPPO (fixed 60, 3 seeds)",historical,12620800.0,493.0,476617.6574074074,476617.6574074074
"MAPPO (fixed 60, 3 seeds)",historical,12672000.0,495.0,477776.04716435185,477776.04716435185
"MAPPO (fixed 60, 3 seeds)",historical,12723200.0,497.0,478911.93142361107,478911.93142361107
"MAPPO (fixed 60, 3 seeds)",historical,12774400.0,499.0,479927.2850115741,479927.2850115741
"MAPPO (fixed 60, 3 seeds)",historical,12825600.0,501.0,480570.1545138888,480570.1545138888
"MAPPO (fixed 60, 3 seeds)",historical,12876800.0,503.0,481303.0419560185,481303.0419560185
"MAPPO (fixed 60, 3 seeds)",historical,12928000.0,505.0,481529.32204861107,481529.32204861107
"MAPPO (fixed 60, 3 seeds)",historical,12979200.0,507.0,480898.8631365741,480898.8631365741
"MAPPO (fixed 60, 3 seeds)",historical,13030400.0,509.0,479763.03790509264,479763.03790509264
"MAPPO (fixed 60, 3 seeds)",historical,13081600.0,511.0,479155.6846064815,479155.6846064815
"MAPPO (fixed 60, 3 seeds)",historical,13132800.0,513.0,478998.8478009259,478998.8478009259
"MAPPO (fixed 60, 3 seeds)",historical,13184000.0,515.0,479381.6684027778,479381.6684027778
"MAPPO (fixed 60, 3 seeds)",historical,13235200.0,517.0,479305.33043981483,479305.33043981483
"MAPPO (fixed 60, 3 seeds)",historical,13286400.0,519.0,479771.71151620377,479771.71151620377
"MAPPO (fixed 60, 3 seeds)",historical,13337600.0,521.0,479862.70196759264,479862.70196759264
"MAPPO (fixed 60, 3 seeds)",historical,13388800.0,523.0,480350.12586805556,480350.12586805556
"MAPPO (fixed 60, 3 seeds)",historical,13440000.0,525.0,480525.5043402778,480525.5043402778
"MAPPO (fixed 60, 3 seeds)",historical,13491200.0,527.0,481164.85011574073,481164.85011574073
"MAPPO (fixed 60, 3 seeds)",historical,13542400.0,529.0,482023.396412037,482023.396412037
"MAPPO (fixed 60, 3 seeds)",historical,13593600.0,531.0,482821.0040509259,482821.0040509259
"MAPPO (fixed 60, 3 seeds)",historical,13644800.0,533.0,483506.06394675927,483506.06394675927
"MAPPO (fixed 60, 3 seeds)",historical,13696000.0,535.0,483501.71035879635,483501.71035879635
"MAPPO (fixed 60, 3 seeds)",historical,13747200.0,537.0,483648.83940972225,483648.83940972225
"MAPPO (fixed 60, 3 seeds)",historical,13798400.0,539.0,483916.81799768517,483916.81799768517
"MAPPO (fixed 60, 3 seeds)",historical,13849600.0,541.0,484590.021412037,484590.021412037
"MAPPO (fixed 60, 3 seeds)",historical,13900800.0,543.0,485269.42910879623,485269.42910879623
"MAPPO (fixed 60, 3 seeds)",historical,13952000.0,545.0,485365.56105324073,485365.56105324073
"MAPPO (fixed 60, 3 seeds)",historical,14003200.0,547.0,485406.83912037034,485406.83912037034
"MAPPO (fixed 60, 3 seeds)",historical,14054400.0,549.0,485237.27112268517,485237.27112268517
"MAPPO (fixed 60, 3 seeds)",historical,14105600.0,551.0,485360.4030671296,485360.4030671296
"MAPPO (fixed 60, 3 seeds)",historical,14156800.0,553.0,485636.96325231483,485636.96325231483
"MAPPO (fixed 60, 3 seeds)",historical,14208000.0,555.0,486153.66261574073,486153.66261574073
"MAPPO (fixed 60, 3 seeds)",historical,14259200.0,557.0,487016.74971064815,487016.74971064815
"MAPPO (fixed 60, 3 seeds)",historical,14310400.0,559.0,487685.9872685185,487685.9872685185
"MAPPO (fixed 60, 3 seeds)",historical,14361600.0,561.0,487997.9962384259,487997.9962384259
"MAPPO (fixed 60, 3 seeds)",historical,14412800.0,563.0,487580.8020833333,487580.8020833333
"MAPPO (fixed 60, 3 seeds)",historical,14464000.0,565.0,487197.3318865741,487197.3318865741
"MAPPO (fixed 60, 3 seeds)",historical,14515200.0,567.0,486961.525462963,486961.525462963
"MAPPO (fixed 60, 3 seeds)",historical,14566400.0,569.0,487356.7141203704,487356.7141203704
"MAPPO (fixed 60, 3 seeds)",historical,14617600.0,571.0,487479.7881944445,487479.7881944445
"MAPPO (fixed 60, 3 seeds)",historical,14668800.0,573.0,487452.4725115741,487452.4725115741
"MAPPO (fixed 60, 3 seeds)",historical,14720000.0,575.0,487188.42418981483,487188.42418981483
"MAPPO (fixed 60, 3 seeds)",historical,14771200.0,577.0,487598.97627314815,487598.97627314815
"MAPPO (fixed 60, 3 seeds)",historical,14822400.0,579.0,488232.59432870365,488232.59432870365
"MAPPO (fixed 60, 3 seeds)",historical,14873600.0,581.0,489043.8249421296,489043.8249421296
"MAPPO (fixed 60, 3 seeds)",historical,14924800.0,583.0,489003.1941550926,489003.1941550926
"MAPPO (fixed 60, 3 seeds)",historical,14976000.0,585.0,489108.3504050926,489108.3504050926
"MAPPO (fixed 60, 3 seeds)",historical,15027200.0,587.0,488607.7549189815,488607.7549189815
"MAPPO (fixed 60, 3 seeds)",historical,15078400.0,589.0,488907.8767361112,488907.8767361112
"MAPPO (fixed 60, 3 seeds)",historical,15129600.0,591.0,488968.91550925927,488968.91550925927
"MAPPO (fixed 60, 3 seeds)",historical,15180800.0,593.0,489879.8616898148,489879.8616898148
"MAPPO (fixed 60, 3 seeds)",historical,15232000.0,595.0,490323.5124421296,490323.5124421296
"MAPPO (fixed 60, 3 seeds)",historical,15283200.0,597.0,490709.90769675927,490709.90769675927
"MAPPO (fixed 60, 3 seeds)",historical,15334400.0,599.0,490616.2841435185,490616.2841435185
"MAPPO (fixed 60, 3 seeds)",historical,15385600.0,601.0,490531.1915509259,490531.1915509259
"MAPPO (fixed 60, 3 seeds)",historical,15436800.0,603.0,490706.89670138893,490706.89670138893
"MAPPO (fixed 60, 3 seeds)",historical,15488000.0,605.0,490935.20457175927,490935.20457175927
"MAPPO (fixed 60, 3 seeds)",historical,15539200.0,607.0,491498.09722222225,491498.09722222225
"MAPPO (fixed 60, 3 seeds)",historical,15590400.0,609.0,492113.533275463,492113.533275463
"MAPPO (fixed 60, 3 seeds)",historical,15641600.0,611.0,492919.4192708333,492919.4192708333
"MAPPO (fixed 60, 3 seeds)",historical,15692800.0,613.0,493587.35763888893,493587.35763888893
"MAPPO (fixed 60, 3 seeds)",historical,15744000.0,615.0,493840.28211805556,493840.28211805556
"MAPPO (fixed 60, 3 seeds)",historical,15795200.0,617.0,493823.0538194445,493823.0538194445
"MAPPO (fixed 60, 3 seeds)",historical,15846400.0,619.0,493629.17158564815,493629.17158564815
"MAPPO (fixed 60, 3 seeds)",historical,15897600.0,621.0,493678.79658564815,493678.79658564815
"MAPPO (fixed 60, 3 seeds)",historical,15948800.0,623.0,493845.95949074073,493845.95949074073
"MAPPO (fixed 60, 3 seeds)",historical,16000000.0,625.0,494352.4346064815,494352.4346064815
"MAPPO (fixed 60, 3 seeds)",historical,16051200.0,627.0,494941.2769097222,494941.2769097222
"MAPPO (fixed 60, 3 seeds)",historical,16102400.0,629.0,495175.3642939815,495175.3642939815
"MAPPO (fixed 60, 3 seeds)",historical,16153600.0,631.0,495267.92447916657,495267.92447916657
"MAPPO (fixed 60, 3 seeds)",historical,16204800.0,633.0,495001.9091435185,495001.9091435185
"MAPPO (fixed 60, 3 seeds)",historical,16256000.0,635.0,495514.42824074073,495514.42824074073
"MAPPO (fixed 60, 3 seeds)",historical,16307200.0,637.0,495314.74768518517,495314.74768518517
"MAPPO (fixed 60, 3 seeds)",historical,16358400.0,639.0,495612.94415509264,495612.94415509264
"MAPPO (fixed 60, 3 seeds)",historical,16409600.0,641.0,495501.1070601852,495501.1070601852
"MAPPO (fixed 60, 3 seeds)",historical,16460800.0,643.0,496059.23379629635,496059.23379629635
"MAPPO (fixed 60, 3 seeds)",historical,16512000.0,645.0,496362.20225694444,496362.20225694444
"MAPPO (fixed 60, 3 seeds)",historical,16563200.0,647.0,496204.9085648148,496204.9085648148
"MAPPO (fixed 60, 3 seeds)",historical,16614400.0,649.0,496284.3029513888,496284.3029513888
"MAPPO (fixed 60, 3 seeds)",historical,16665600.0,651.0,496179.7612847222,496179.7612847222
"MAPPO (fixed 60, 3 seeds)",historical,16716800.0,653.0,496401.0659722222,496401.0659722222
"MAPPO (fixed 60, 3 seeds)",historical,16768000.0,655.0,496026.785011574,496026.785011574
"MAPPO (fixed 60, 3 seeds)",historical,16819200.0,657.0,495775.1779513888,495775.1779513888
"MAPPO (fixed 60, 3 seeds)",historical,16870400.0,659.0,496278.0659722222,496278.0659722222
"MAPPO (fixed 60, 3 seeds)",historical,16921600.0,661.0,497214.9473379629,497214.9473379629
"MAPPO (fixed 60, 3 seeds)",historical,16972800.0,663.0,498837.7520254629,498837.7520254629
"MAPPO (fixed 60, 3 seeds)",historical,17024000.0,665.0,499471.1004050926,499471.1004050926
"MAPPO (fixed 60, 3 seeds)",historical,17075200.0,667.0,499864.27690972225,499864.27690972225
"MAPPO (fixed 60, 3 seeds)",historical,17126400.0,669.0,499234.1698495371,499234.1698495371
"MAPPO (fixed 60, 3 seeds)",historical,17177600.0,671.0,499259.2167245371,499259.2167245371
"MAPPO (fixed 60, 3 seeds)",historical,17228800.0,673.0,499765.16550925927,499765.16550925927
"MAPPO (fixed 60, 3 seeds)",historical,17280000.0,675.0,500646.18663194444,500646.18663194444
"MAPPO (fixed 60, 3 seeds)",historical,17331200.0,677.0,500899.90625,500899.90625
"MAPPO (fixed 60, 3 seeds)",historical,17382400.0,679.0,500977.4539930555,500977.4539930555
"MAPPO (fixed 60, 3 seeds)",historical,17433600.0,681.0,501487.88049768517,501487.88049768517
"MAPPO (fixed 60, 3 seeds)",historical,17484800.0,683.0,502428.06076388893,502428.06076388893
"MAPPO (fixed 60, 3 seeds)",historical,17536000.0,685.0,502499.978587963,502499.978587963
"MAPPO (fixed 60, 3 seeds)",historical,17587200.0,687.0,501789.54224537034,501789.54224537034
"MAPPO (fixed 60, 3 seeds)",historical,17638400.0,689.0,500659.6623263888,500659.6623263888
"MAPPO (fixed 60, 3 seeds)",historical,17689600.0,691.0,500812.4794560185,500812.4794560185
"MAPPO (fixed 60, 3 seeds)",historical,17740800.0,693.0,501747.89496527775,501747.89496527775
"MAPPO (fixed 60, 3 seeds)",historical,17792000.0,695.0,503127.78559027775,503127.78559027775
"MAPPO (fixed 60, 3 seeds)",historical,17843200.0,697.0,503479.6443865741,503479.6443865741
"MAPPO (fixed 60, 3 seeds)",historical,17894400.0,699.0,502244.4140625,502244.4140625
"MAPPO (fixed 60, 3 seeds)",historical,17945600.0,701.0,500663.8194444445,500663.8194444445
"MAPPO (fixed 60, 3 seeds)",historical,17996800.0,703.0,499421.92563657416,499421.92563657416
"MAPPO (fixed 60, 3 seeds)",historical,18048000.0,705.0,500028.1672453704,500028.1672453704
"MAPPO (fixed 60, 3 seeds)",historical,18099200.0,707.0,500772.658275463,500772.658275463
"MAPPO (fixed 60, 3 seeds)",historical,18150400.0,709.0,501376.0118634259,501376.0118634259
"MAPPO (fixed 60, 3 seeds)",historical,18201600.0,711.0,501271.4959490741,501271.4959490741
"MAPPO (fixed 60, 3 seeds)",historical,18252800.0,713.0,501548.86747685185,501548.86747685185
"MAPPO (fixed 60, 3 seeds)",historical,18304000.0,715.0,502187.81394675927,502187.81394675927
"MAPPO (fixed 60, 3 seeds)",historical,18355200.0,717.0,502916.8243634259,502916.8243634259
"MAPPO (fixed 60, 3 seeds)",historical,18406400.0,719.0,503053.4479166667,503053.4479166667
"MAPPO (fixed 60, 3 seeds)",historical,18457600.0,721.0,503290.1863425926,503290.1863425926
"MAPPO (fixed 60, 3 seeds)",historical,18508800.0,723.0,503561.9947916667,503561.9947916667
"MAPPO (fixed 60, 3 seeds)",historical,18560000.0,725.0,504062.8854166667,504062.8854166667
"MAPPO (fixed 60, 3 seeds)",historical,18611200.0,727.0,504471.82494212966,504471.82494212966
"MAPPO (fixed 60, 3 seeds)",historical,18662400.0,729.0,504788.6229745371,504788.6229745371
"MAPPO (fixed 60, 3 seeds)",historical,18713600.0,731.0,505086.7146990741,505086.7146990741
"MAPPO (fixed 60, 3 seeds)",historical,18764800.0,733.0,504800.19589120365,504800.19589120365
"MAPPO (fixed 60, 3 seeds)",historical,18816000.0,735.0,504264.8370949074,504264.8370949074
"MAPPO (fixed 60, 3 seeds)",historical,18867200.0,737.0,504037.3090277778,504037.3090277778
"MAPPO (fixed 60, 3 seeds)",historical,18918400.0,739.0,503753.9464699074,503753.9464699074
"MAPPO (fixed 60, 3 seeds)",historical,18969600.0,741.0,503950.2083333333,503950.2083333333
"MAPPO (fixed 60, 3 seeds)",historical,19020800.0,743.0,504148.78096064815,504148.78096064815
"MAPPO (fixed 60, 3 seeds)",historical,19072000.0,745.0,505291.93518518517,505291.93518518517
"MAPPO (fixed 60, 3 seeds)",historical,19123200.0,747.0,506357.45167824073,506357.45167824073
"MAPPO (fixed 60, 3 seeds)",historical,19174400.0,749.0,506577.4082754629,506577.4082754629
"MAPPO (fixed 60, 3 seeds)",historical,19225600.0,751.0,506457.5520833333,506457.5520833333
"MAPPO (fixed 60, 3 seeds)",historical,19276800.0,753.0,506374.7786458333,506374.7786458333
"MAPPO (fixed 60, 3 seeds)",historical,19328000.0,755.0,507445.93518518517,507445.93518518517
"MAPPO (fixed 60, 3 seeds)",historical,19379200.0,757.0,508251.4007523148,508251.4007523148
"MAPPO (fixed 60, 3 seeds)",historical,19430400.0,759.0,508500.82089120365,508500.82089120365
"MAPPO (fixed 60, 3 seeds)",historical,19481600.0,761.0,507925.88888888893,507925.88888888893
"MAPPO (fixed 60, 3 seeds)",historical,19532800.0,763.0,507587.65306712966,507587.65306712966
"MAPPO (fixed 60, 3 seeds)",historical,19584000.0,765.0,507720.0434027778,507720.0434027778
"MAPPO (fixed 60, 3 seeds)",historical,19635200.0,767.0,508163.78587962966,508163.78587962966
"MAPPO (fixed 60, 3 seeds)",historical,19686400.0,769.0,508564.63802083343,508564.63802083343
"MAPPO (fixed 60, 3 seeds)",historical,19737600.0,771.0,509181.892650463,509181.892650463
"MAPPO (fixed 60, 3 seeds)",historical,19788800.0,773.0,510073.2089120371,510073.2089120371
"MAPPO (fixed 60, 3 seeds)",historical,19840000.0,775.0,510711.59519675927,510711.59519675927
"MAPPO (fixed 60, 3 seeds)",historical,19891200.0,777.0,510581.41956018517,510581.41956018517
"MAPPO (fixed 60, 3 seeds)",historical,19942400.0,779.0,509808.41232638893,509808.41232638893
"MAPPO (fixed 60, 3 seeds)",historical,19993600.0,781.0,509303.12557870365,509303.12557870365
"MAPPO (fixed 60, 3 seeds)",historical,20044800.0,783.0,509380.08912037034,509380.08912037034
"MAPPO (fixed 60, 3 seeds)",historical,20096000.0,785.0,509734.3645833333,509734.3645833333
"MAPPO (fixed 60, 3 seeds)",historical,20147200.0,787.0,510093.50810185185,510093.50810185185
"MAPPO (fixed 60, 3 seeds)",historical,20198400.0,789.0,510359.5743634259,510359.5743634259
"MAPPO (fixed 60, 3 seeds)",historical,20249600.0,791.0,510949.3541666667,510949.3541666667
"MAPPO (fixed 60, 3 seeds)",historical,20300800.0,793.0,511405.39091435185,511405.39091435185
"MAPPO (fixed 60, 3 seeds)",historical,20352000.0,795.0,511405.8816550926,511405.8816550926
"MAPPO (fixed 60, 3 seeds)",historical,20403200.0,797.0,510791.3631365741,510791.3631365741
"MAPPO (fixed 60, 3 seeds)",historical,20454400.0,799.0,510399.05729166674,510399.05729166674
"MAPPO (fixed 60, 3 seeds)",historical,20505600.0,801.0,510535.63368055556,510535.63368055556
"MAPPO (fixed 60, 3 seeds)",historical,20556800.0,803.0,510784.22540509264,510784.22540509264
"MAPPO (fixed 60, 3 seeds)",historical,20608000.0,805.0,510760.0703125,510760.0703125
"MAPPO (fixed 60, 3 seeds)",historical,20659200.0,807.0,510761.4322916667,510761.4322916667
"MAPPO (fixed 60, 3 seeds)",historical,20710400.0,809.0,511018.31192129635,511018.31192129635
"MAPPO (fixed 60, 3 seeds)",historical,20761600.0,811.0,511160.44357638893,511160.44357638893
"MAPPO (fixed 60, 3 seeds)",historical,20812800.0,813.0,510841.853587963,510841.853587963
"MAPPO (fixed 60, 3 seeds)",historical,20864000.0,815.0,510742.7829861112,510742.7829861112
"MAPPO (fixed 60, 3 seeds)",historical,20915200.0,817.0,510606.0963541667,510606.0963541667
"MAPPO (fixed 60, 3 seeds)",historical,20966400.0,819.0,511251.02112268517,511251.02112268517
"MAPPO (fixed 60, 3 seeds)",historical,21017600.0,821.0,511244.599537037,511244.599537037
"MAPPO (fixed 60, 3 seeds)",historical,21068800.0,823.0,511814.84288194444,511814.84288194444
"MAPPO (fixed 60, 3 seeds)",historical,21120000.0,825.0,511680.6458333333,511680.6458333333
"MAPPO (fixed 60, 3 seeds)",historical,21171200.0,827.0,512303.2841435186,512303.2841435186
"MAPPO (fixed 60, 3 seeds)",historical,21222400.0,829.0,512577.830150463,512577.830150463
"MAPPO (fixed 60, 3 seeds)",historical,21273600.0,831.0,513517.4823495371,513517.4823495371
"MAPPO (fixed 60, 3 seeds)",historical,21324800.0,833.0,513622.48292824073,513622.48292824073
"MAPPO (fixed 60, 3 seeds)",historical,21376000.0,835.0,513710.800636574,513710.800636574
"MAPPO (fixed 60, 3 seeds)",historical,21427200.0,837.0,513670.95052083326,513670.95052083326
"MAPPO (fixed 60, 3 seeds)",historical,21478400.0,839.0,514767.6603009259,514767.6603009259
"MAPPO (fixed 60, 3 seeds)",historical,21529600.0,841.0,515955.3504050926,515955.3504050926
"MAPPO (fixed 60, 3 seeds)",historical,21580800.0,843.0,516648.330150463,516648.330150463
"MAPPO (fixed 60, 3 seeds)",historical,21632000.0,845.0,515961.57667824073,515961.57667824073
"MAPPO (fixed 60, 3 seeds)",historical,21683200.0,847.0,515185.7919560185,515185.7919560185
"MAPPO (fixed 60, 3 seeds)",historical,21734400.0,849.0,513901.25752314815,513901.25752314815
"MAPPO (fixed 60, 3 seeds)",historical,21785600.0,851.0,513818.7829861112,513818.7829861112
"MAPPO (fixed 60, 3 seeds)",historical,21836800.0,853.0,513688.1811342593,513688.1811342593
"MAPPO (fixed 60, 3 seeds)",historical,21888000.0,855.0,514577.18026620377,514577.18026620377
"MAPPO (fixed 60, 3 seeds)",historical,21939200.0,857.0,514681.7647569445,514681.7647569445
"MAPPO (fixed 60, 3 seeds)",historical,21990400.0,859.0,515009.0784143519,515009.0784143519
"MAPPO (fixed 60, 3 seeds)",historical,22041600.0,861.0,515093.2297453704,515093.2297453704
"MAPPO (fixed 60, 3 seeds)",historical,22092800.0,863.0,515811.70138888893,515811.70138888893
"MAPPO (fixed 60, 3 seeds)",historical,22144000.0,865.0,516079.45167824073,516079.45167824073
"MAPPO (fixed 60, 3 seeds)",historical,22195200.0,867.0,516600.3738425926,516600.3738425926
"MAPPO (fixed 60, 3 seeds)",historical,22246400.0,869.0,516236.06423611107,516236.06423611107
"MAPPO (fixed 60, 3 seeds)",historical,22297600.0,871.0,516609.966724537,516609.966724537
"MAPPO (fixed 60, 3 seeds)",historical,22348800.0,873.0,516329.859375,516329.859375
"MAPPO (fixed 60, 3 seeds)",historical,22400000.0,875.0,516478.20920138893,516478.20920138893
"MAPPO (fixed 60, 3 seeds)",historical,22451200.0,877.0,515978.30931712966,515978.30931712966
"MAPPO (fixed 60, 3 seeds)",historical,22502400.0,879.0,515636.11689814815,515636.11689814815
"MAPPO (fixed 60, 3 seeds)",historical,22553600.0,881.0,516109.40682870377,516109.40682870377
"MAPPO (fixed 60, 3 seeds)",historical,22604800.0,883.0,517225.83535879635,517225.83535879635
"MAPPO (fixed 60, 3 seeds)",historical,22656000.0,885.0,518702.10329861107,518702.10329861107
"MAPPO (fixed 60, 3 seeds)",historical,22707200.0,887.0,519127.0894097222,519127.0894097222
"MAPPO (fixed 60, 3 seeds)",historical,22758400.0,889.0,518649.8663194445,518649.8663194445
"MAPPO (fixed 60, 3 seeds)",historical,22809600.0,891.0,517959.9973958333,517959.9973958333
"MAPPO (fixed 60, 3 seeds)",historical,22860800.0,893.0,517722.6380208333,517722.6380208333
"MAPPO (fixed 60, 3 seeds)",historical,22912000.0,895.0,518177.85300925927,518177.85300925927
"MAPPO (fixed 60, 3 seeds)",historical,22963200.0,897.0,518635.9247685185,518635.9247685185
"MAPPO (fixed 60, 3 seeds)",historical,23014400.0,899.0,519044.6365740741,519044.6365740741
"MAPPO (fixed 60, 3 seeds)",historical,23065600.0,901.0,519541.6189236112,519541.6189236112
"MAPPO (fixed 60, 3 seeds)",historical,23116800.0,903.0,519996.0188078704,519996.0188078704
"MAPPO (fixed 60, 3 seeds)",historical,23168000.0,905.0,520488.1672453704,520488.1672453704
"MAPPO (fixed 60, 3 seeds)",historical,23219200.0,907.0,520157.7939814815,520157.7939814815
"MAPPO (fixed 60, 3 seeds)",historical,23270400.0,909.0,519492.5978009259,519492.5978009259
"MAPPO (fixed 60, 3 seeds)",historical,23321600.0,911.0,518304.3003472222,518304.3003472222
"MAPPO (fixed 60, 3 seeds)",historical,23372800.0,913.0,517518.14901620365,517518.14901620365
"MAPPO (fixed 60, 3 seeds)",historical,23424000.0,915.0,517709.35503472225,517709.35503472225
"MAPPO (fixed 60, 3 seeds)",historical,23475200.0,917.0,518266.5572916667,518266.5572916667
"MAPPO (fixed 60, 3 seeds)",historical,23526400.0,919.0,519369.7841435185,519369.7841435185
"MAPPO (fixed 60, 3 seeds)",historical,23577600.0,921.0,519836.07060185185,519836.07060185185
"MAPPO (fixed 60, 3 seeds)",historical,23628800.0,923.0,520942.6513310185,520942.6513310185
"MAPPO (fixed 60, 3 seeds)",historical,23680000.0,925.0,521356.8035300926,521356.8035300926
"MAPPO (fixed 60, 3 seeds)",historical,23731200.0,927.0,521726.5370370371,521726.5370370371
"MAPPO (fixed 60, 3 seeds)",historical,23782400.0,929.0,521026.2459490741,521026.2459490741
"MAPPO (fixed 60, 3 seeds)",historical,23833600.0,931.0,520632.3547453704,520632.3547453704
"MAPPO (fixed 60, 3 seeds)",historical,23884800.0,933.0,519981.13339120365,519981.13339120365
"MAPPO (fixed 60, 3 seeds)",historical,23936000.0,935.0,519682.5737847222,519682.5737847222
"MAPPO (fixed 60, 3 seeds)",historical,23987200.0,937.0,519107.4516782407,519107.4516782407
"MAPPO (fixed 60, 3 seeds)",historical,24038400.0,939.0,519384.755787037,519384.755787037
"MAPPO (fixed 60, 3 seeds)",historical,24089600.0,941.0,519985.96730324073,519985.96730324073
"MAPPO (fixed 60, 3 seeds)",historical,24140800.0,943.0,521076.80902777775,521076.80902777775
"MAPPO (fixed 60, 3 seeds)",historical,24192000.0,945.0,520918.38975694444,520918.38975694444
"MAPPO (fixed 60, 3 seeds)",historical,24243200.0,947.0,520187.30815972225,520187.30815972225
"MAPPO (fixed 60, 3 seeds)",historical,24294400.0,949.0,519028.0830439815,519028.0830439815
"MAPPO (fixed 60, 3 seeds)",historical,24345600.0,951.0,519030.2586805555,519030.2586805555
"MAPPO (fixed 60, 3 seeds)",historical,24396800.0,953.0,519464.81192129623,519464.81192129623
"MAPPO (fixed 60, 3 seeds)",historical,24448000.0,955.0,520090.1446759259,520090.1446759259
"MAPPO (fixed 60, 3 seeds)",historical,24499200.0,957.0,519907.53848379635,519907.53848379635
"MAPPO (fixed 60, 3 seeds)",historical,24550400.0,959.0,519492.9875578704,519492.9875578704
"MAPPO (fixed 60, 3 seeds)",historical,24601600.0,961.0,518859.4814814815,518859.4814814815
"MAPPO (fixed 60, 3 seeds)",historical,24652800.0,963.0,518997.31307870365,518997.31307870365
"MAPPO (fixed 60, 3 seeds)",historical,24704000.0,965.0,519579.5107060185,519579.5107060185
"MAPPO (fixed 60, 3 seeds)",historical,24755200.0,967.0,520625.18026620377,520625.18026620377
"MAPPO (fixed 60, 3 seeds)",historical,24806400.0,969.0,521290.71035879635,521290.71035879635
"MAPPO (fixed 60, 3 seeds)",historical,24857600.0,971.0,521982.21035879635,521982.21035879635
"MAPPO (fixed 60, 3 seeds)",historical,24908800.0,973.0,522559.1160300926,522559.1160300926
"MAPPO (fixed 60, 3 seeds)",historical,24960000.0,975.0,523147.82870370365,523147.82870370365
"MAPPO (fixed 60, 3 seeds)",historical,25011200.0,977.0,523108.57031249994,523108.57031249994
"MAPPO (fixed 60, 3 seeds)",historical,25062400.0,979.0,522685.529224537,522685.529224537
"MAPPO (fixed 60, 3 seeds)",historical,25113600.0,981.0,521977.5428240741,521977.5428240741
"MAPPO (fixed 60, 3 seeds)",historical,25164800.0,983.0,521644.93836805556,521644.93836805556
"MAPPO (fixed 60, 3 seeds)",historical,25216000.0,985.0,521484.18923611107,521484.18923611107
"MAPPO (fixed 60, 3 seeds)",historical,25267200.0,987.0,521651.6950231481,521651.6950231481
"MAPPO (fixed 60, 3 seeds)",historical,25318400.0,989.0,521638.0190972222,521638.0190972222
"MAPPO (fixed 60, 3 seeds)",historical,25369600.0,991.0,521789.5691550926,521789.5691550926
"MAPPO (fixed 60, 3 seeds)",historical,25420800.0,993.0,521692.7682291667,521692.7682291667
"MAPPO (fixed 60, 3 seeds)",historical,25472000.0,995.0,522029.60387731483,522029.60387731483
"MAPPO (fixed 60, 3 seeds)",historical,25523200.0,997.0,521953.0480324074,521953.0480324074
"MAPPO (fixed 60, 3 seeds)",historical,25574400.0,999.0,522696.2236689815,522696.2236689815
"MAPPO (fixed 60, 3 seeds)",historical,25625600.0,1001.0,523024.39380787034,523024.39380787034
"MAPPO (fixed 60, 3 seeds)",historical,25676800.0,1003.0,523833.6475694445,523833.6475694445
"MAPPO (fixed 60, 3 seeds)",historical,25728000.0,1005.0,523757.5115740741,523757.5115740741
"MAPPO (fixed 60, 3 seeds)",historical,25779200.0,1007.0,523670.6059027778,523670.6059027778
"MAPPO (fixed 60, 3 seeds)",historical,25830400.0,1009.0,523317.5714699074,523317.5714699074
"MAPPO (fixed 60, 3 seeds)",historical,25881600.0,1011.0,523188.05295138893,523188.05295138893
"MAPPO (fixed 60, 3 seeds)",historical,25932800.0,1013.0,522883.189525463,522883.189525463
"MAPPO (fixed 60, 3 seeds)",historical,25984000.0,1015.0,522772.84230324073,522772.84230324073
"MAPPO (fixed 60, 3 seeds)",historical,26035200.0,1017.0,522710.7358217593,522710.7358217593
"MAPPO (fixed 60, 3 seeds)",historical,26086400.0,1019.0,523392.3585069445,523392.3585069445
"MAPPO (fixed 60, 3 seeds)",historical,26137600.0,1021.0,523916.46556712966,523916.46556712966
"MAPPO (fixed 60, 3 seeds)",historical,26188800.0,1023.0,524401.3975694445,524401.3975694445
"MAPPO (fixed 60, 3 seeds)",historical,26240000.0,1025.0,524388.595775463,524388.595775463
"MAPPO (fixed 60, 3 seeds)",historical,26291200.0,1027.0,524191.9725115741,524191.9725115741
"MAPPO (fixed 60, 3 seeds)",historical,26342400.0,1029.0,523906.2355324075,523906.2355324075
"MAPPO (fixed 60, 3 seeds)",historical,26393600.0,1031.0,523985.2543402778,523985.2543402778
"MAPPO (fixed 60, 3 seeds)",historical,26444800.0,1033.0,524487.0931712963,524487.0931712963
"MAPPO (fixed 60, 3 seeds)",historical,26496000.0,1035.0,524816.1391782407,524816.1391782407
"MAPPO (fixed 60, 3 seeds)",historical,26547200.0,1037.0,524719.0960648148,524719.0960648148
"MAPPO (fixed 60, 3 seeds)",historical,26598400.0,1039.0,524444.4427083334,524444.4427083334
"MAPPO (fixed 60, 3 seeds)",historical,26649600.0,1041.0,524519.5772569444,524519.5772569444
"MAPPO (fixed 60, 3 seeds)",historical,26700800.0,1043.0,524346.849537037,524346.849537037
"MAPPO (fixed 60, 3 seeds)",historical,26752000.0,1045.0,524199.00694444444,524199.00694444444
"MAPPO (fixed 60, 3 seeds)",historical,26803200.0,1047.0,524425.4866898148,524425.4866898148
"MAPPO (fixed 60, 3 seeds)",historical,26854400.0,1049.0,525199.8541666666,525199.8541666666
"MAPPO (fixed 60, 3 seeds)",historical,26905600.0,1051.0,525443.9545717592,525443.9545717592
"MAPPO (fixed 60, 3 seeds)",historical,26956800.0,1053.0,524966.230613426,524966.230613426
"MAPPO (fixed 60, 3 seeds)",historical,27008000.0,1055.0,524423.8619791666,524423.8619791666
"MAPPO (fixed 60, 3 seeds)",historical,27059200.0,1057.0,524857.9192708334,524857.9192708334
"MAPPO (fixed 60, 3 seeds)",historical,27110400.0,1059.0,525992.6102430555,525992.6102430555
"MAPPO (fixed 60, 3 seeds)",historical,27161600.0,1061.0,527193.3888888889,527193.3888888889
"MAPPO (fixed 60, 3 seeds)",historical,27212800.0,1063.0,527812.7769097221,527812.7769097221
"MAPPO (fixed 60, 3 seeds)",historical,27264000.0,1065.0,527787.847511574,527787.847511574
"MAPPO (fixed 60, 3 seeds)",historical,27315200.0,1067.0,527258.5578703703,527258.5578703703
"MAPPO (fixed 60, 3 seeds)",historical,27366400.0,1069.0,526820.6493055556,526820.6493055556
"MAPPO (fixed 60, 3 seeds)",historical,27417600.0,1071.0,526777.5720486111,526777.5720486111
"MAPPO (fixed 60, 3 seeds)",historical,27468800.0,1073.0,527182.6041666669,527182.6041666669
"MAPPO (fixed 60, 3 seeds)",historical,27520000.0,1075.0,527623.0810185187,527623.0810185187
"MAPPO (fixed 60, 3 seeds)",historical,27571200.0,1077.0,527807.587962963,527807.587962963
"MAPPO (fixed 60, 3 seeds)",historical,27622400.0,1079.0,527551.8098958334,527551.8098958334
"MAPPO (fixed 60, 3 seeds)",historical,27673600.0,1081.0,526938.4172453703,526938.4172453703
"MAPPO (fixed 60, 3 seeds)",historical,27724800.0,1083.0,525606.9542824074,525606.9542824074
"MAPPO (fixed 60, 3 seeds)",historical,27776000.0,1085.0,524584.5734953705,524584.5734953705
"MAPPO (fixed 60, 3 seeds)",historical,27827200.0,1087.0,524175.4519675926,524175.4519675926
"MAPPO (fixed 60, 3 seeds)",historical,27878400.0,1089.0,525281.90625,525281.90625
"MAPPO (fixed 60, 3 seeds)",historical,27929600.0,1091.0,526350.8822337962,526350.8822337962
"MAPPO (fixed 60, 3 seeds)",historical,27980800.0,1093.0,526991.1715856481,526991.1715856481
"MAPPO (fixed 60, 3 seeds)",historical,28032000.0,1095.0,526876.9322916665,526876.9322916665
"MAPPO (fixed 60, 3 seeds)",historical,28083200.0,1097.0,526648.8443287037,526648.8443287037
"MAPPO (fixed 60, 3 seeds)",historical,28134400.0,1099.0,526763.7060185185,526763.7060185185
"MAPPO (fixed 60, 3 seeds)",historical,28185600.0,1101.0,527027.6432291669,527027.6432291669
"MAPPO (fixed 60, 3 seeds)",historical,28236800.0,1103.0,527919.2245370372,527919.2245370372
"MAPPO (fixed 60, 3 seeds)",historical,28288000.0,1105.0,528247.252025463,528247.252025463
"MAPPO (fixed 60, 3 seeds)",historical,28339200.0,1107.0,528059.3451967593,528059.3451967593
"MAPPO (fixed 60, 3 seeds)",historical,28390400.0,1109.0,527027.8680555555,527027.8680555555
"MAPPO (fixed 60, 3 seeds)",historical,28441600.0,1111.0,526473.7873263889,526473.7873263889
"MAPPO (fixed 60, 3 seeds)",historical,28492800.0,1113.0,526298.1857638889,526298.1857638889
"MAPPO (fixed 60, 3 seeds)",historical,28544000.0,1115.0,526341.6782407408,526341.6782407408
"MAPPO (fixed 60, 3 seeds)",historical,28595200.0,1117.0,526095.2554976852,526095.2554976852
"MAPPO (fixed 60, 3 seeds)",historical,28646400.0,1119.0,525869.589988426,525869.589988426
"MAPPO (fixed 60, 3 seeds)",historical,28697600.0,1121.0,526202.5940393518,526202.5940393518
"MAPPO (fixed 60, 3 seeds)",historical,28748800.0,1123.0,526754.306712963,526754.306712963
"MAPPO (fixed 60, 3 seeds)",historical,28800000.0,1125.0,527910.0685763889,527910.0685763889
"MAPPO (fixed 60, 3 seeds)",historical,28851200.0,1127.0,528644.3596643518,528644.3596643518
"MAPPO (fixed 60, 3 seeds)",historical,28902400.0,1129.0,529406.3509837963,529406.3509837963
"MAPPO (fixed 60, 3 seeds)",historical,28953600.0,1131.0,529189.123263889,529189.123263889
"MAPPO (fixed 60, 3 seeds)",historical,29004800.0,1133.0,528895.8304398148,528895.8304398148
"MAPPO (fixed 60, 3 seeds)",historical,29056000.0,1135.0,528735.9169560185,528735.9169560185
"MAPPO (fixed 60, 3 seeds)",historical,29107200.0,1137.0,528773.5344328703,528773.5344328703
"MAPPO (fixed 60, 3 seeds)",historical,29158400.0,1139.0,528645.0089699075,528645.0089699075
"MAPPO (fixed 60, 3 seeds)",historical,29209600.0,1141.0,528025.433738426,528025.433738426
"MAPPO (fixed 60, 3 seeds)",historical,29260800.0,1143.0,527631.8171296297,527631.8171296297
"MAPPO (fixed 60, 3 seeds)",historical,29312000.0,1145.0,527759.9563078703,527759.9563078703
"MAPPO (fixed 60, 3 seeds)",historical,29363200.0,1147.0,528125.6342592593,528125.6342592593
"MAPPO (fixed 60, 3 seeds)",historical,29414400.0,1149.0,528365.3269675927,528365.3269675927
"MAPPO (fixed 60, 3 seeds)",historical,29465600.0,1151.0,528271.6278935185,528271.6278935185
"MAPPO (fixed 60, 3 seeds)",historical,29516800.0,1153.0,528384.8249421297,528384.8249421297
"MAPPO (fixed 60, 3 seeds)",historical,29568000.0,1155.0,528829.8804976852,528829.8804976852
"MAPPO (fixed 60, 3 seeds)",historical,29619200.0,1157.0,529463.9189814813,529463.9189814813
"MAPPO (fixed 60, 3 seeds)",historical,29670400.0,1159.0,529979.7627314815,529979.7627314815
"MAPPO (fixed 60, 3 seeds)",historical,29721600.0,1161.0,530029.017361111,530029.017361111
"MAPPO (fixed 60, 3 seeds)",historical,29772800.0,1163.0,529778.5211226852,529778.5211226852
"MAPPO (fixed 60, 3 seeds)",historical,29824000.0,1165.0,529361.4615162037,529361.4615162037
"MAPPO (fixed 60, 3 seeds)",historical,29875200.0,1167.0,529173.7719907407,529173.7719907407
"MAPPO (fixed 60, 3 seeds)",historical,29926400.0,1169.0,529035.8816550925,529035.8816550925
"MAPPO (fixed 60, 3 seeds)",historical,29977600.0,1171.0,528696.5338541666,528696.5338541666
"MAPPO (fixed 60, 3 seeds)",historical,30028800.0,1173.0,528183.6397569444,528183.6397569444
"MAPPO (fixed 60, 3 seeds)",historical,30080000.0,1175.0,527590.4267939815,527590.4267939815
"MAPPO (fixed 60, 3 seeds)",historical,30131200.0,1177.0,527523.7696759258,527523.7696759258
"MAPPO (fixed 60, 3 seeds)",historical,30182400.0,1179.0,527751.6999421297,527751.6999421297
"MAPPO (fixed 60, 3 seeds)",historical,30233600.0,1181.0,528327.4994212963,528327.4994212963
"MAPPO (fixed 60, 3 seeds)",historical,30284800.0,1183.0,528458.0532407408,528458.0532407408
"MAPPO (fixed 60, 3 seeds)",historical,30336000.0,1185.0,528763.1278935185,528763.1278935185
"MAPPO (fixed 60, 3 seeds)",historical,30387200.0,1187.0,528894.4525462963,528894.4525462963
"MAPPO (fixed 60, 3 seeds)",historical,30438400.0,1189.0,529507.7439236111,529507.7439236111
"MAPPO (fixed 60, 3 seeds)",historical,30489600.0,1191.0,529502.7795138889,529502.7795138889
"MAPPO (fixed 60, 3 seeds)",historical,30540800.0,1193.0,529591.457175926,529591.457175926
"MAPPO (fixed 60, 3 seeds)",historical,30592000.0,1195.0,529251.3787615742,529251.3787615742
"MAPPO (fixed 60, 3 seeds)",historical,30643200.0,1197.0,529257.449363426,529257.449363426
"MAPPO (fixed 60, 3 seeds)",historical,30694400.0,1199.0,529151.9502314815,529151.9502314815
"MAPPO (fixed 60, 3 seeds)",historical,30745600.0,1201.0,529207.181423611,529207.181423611
"MAPPO (fixed 60, 3 seeds)",historical,30796800.0,1203.0,529202.8344907407,529202.8344907407
"MAPPO (fixed 60, 3 seeds)",historical,30848000.0,1205.0,529163.064525463,529163.064525463
"MAPPO (fixed 60, 3 seeds)",historical,30899200.0,1207.0,529047.0888310185,529047.0888310185
"MAPPO (fixed 60, 3 seeds)",historical,30950400.0,1209.0,528908.2896412038,528908.2896412038
"MAPPO (fixed 60, 3 seeds)",historical,31001600.0,1211.0,528214.2884837963,528214.2884837963
"MAPPO (fixed 60, 3 seeds)",historical,31052800.0,1213.0,527661.761574074,527661.761574074
"MAPPO (fixed 60, 3 seeds)",historical,31104000.0,1215.0,526925.4898726852,526925.4898726852
"MAPPO (fixed 60, 3 seeds)",historical,31155200.0,1217.0,527443.4401041666,527443.4401041666
"MAPPO (fixed 60, 3 seeds)",historical,31206400.0,1219.0,528066.3151041666,528066.3151041666
"MAPPO (fixed 60, 3 seeds)",historical,31257600.0,1221.0,528821.9019097224,528821.9019097224
"MAPPO (fixed 60, 3 seeds)",historical,31308800.0,1223.0,528814.060474537,528814.060474537
"MAPPO (fixed 60, 3 seeds)",historical,31360000.0,1225.0,528455.9499421297,528455.9499421297
"MAPPO (fixed 60, 3 seeds)",historical,31411200.0,1227.0,528360.7309027779,528360.7309027779
"MAPPO (fixed 60, 3 seeds)",historical,31462400.0,1229.0,527974.3515625001,527974.3515625001
"MAPPO (fixed 60, 3 seeds)",historical,31513600.0,1231.0,527547.8469328705,527547.8469328705
"MAPPO (fixed 60, 3 seeds)",historical,31564800.0,1233.0,526436.1218171297,526436.1218171297
"MAPPO (fixed 60, 3 seeds)",historical,31616000.0,1235.0,526251.7855902776,526251.7855902776
"MAPPO (fixed 60, 3 seeds)",historical,31667200.0,1237.0,526225.3862847221,526225.3862847221
"MAPPO (fixed 60, 3 seeds)",historical,31718400.0,1239.0,526855.1299189815,526855.1299189815
"MAPPO (fixed 60, 3 seeds)",historical,31769600.0,1241.0,526716.271412037,526716.271412037
"MAPPO (fixed 60, 3 seeds)",historical,31820800.0,1243.0,526873.3255208334,526873.3255208334
"MAPPO (fixed 60, 3 seeds)",historical,31872000.0,1245.0,527038.4398148148,527038.4398148148
"MAPPO (fixed 60, 3 seeds)",historical,31923200.0,1247.0,527802.3101851853,527802.3101851853
"MAPPO (fixed 60, 3 seeds)",historical,31974400.0,1249.0,528318.7630208334,528318.7630208334
"MAPPO (fixed 60, 3 seeds)",historical,32025600.0,1251.0,528641.6166087962,528641.6166087962
"MAPPO (fixed 60, 3 seeds)",historical,32076800.0,1253.0,528110.7526041666,528110.7526041666
"MAPPO (fixed 60, 3 seeds)",historical,32128000.0,1255.0,528167.1412037037,528167.1412037037
"MAPPO (fixed 60, 3 seeds)",historical,32179200.0,1257.0,528704.2560763889,528704.2560763889
"MAPPO (fixed 60, 3 seeds)",historical,32230400.0,1259.0,530306.185474537,530306.185474537
"MAPPO (fixed 60, 3 seeds)",historical,32281600.0,1261.0,530706.2329282407,530706.2329282407
"MAPPO (fixed 60, 3 seeds)",historical,32332800.0,1263.0,530097.8064236111,530097.8064236111
"MAPPO (fixed 60, 3 seeds)",historical,32384000.0,1265.0,528416.2251157408,528416.2251157408
"MAPPO (fixed 60, 3 seeds)",historical,32435200.0,1267.0,527443.1721643518,527443.1721643518
"MAPPO (fixed 60, 3 seeds)",historical,32486400.0,1269.0,527379.2141203703,527379.2141203703
"MAPPO (fixed 60, 3 seeds)",historical,32537600.0,1271.0,528177.427662037,528177.427662037
"MAPPO (fixed 60, 3 seeds)",historical,32588800.0,1273.0,529127.0324074074,529127.0324074074
"MAPPO (fixed 60, 3 seeds)",historical,32640000.0,1275.0,529905.9282407408,529905.9282407408
"MAPPO (fixed 60, 3 seeds)",historical,32691200.0,1277.0,530226.6493055556,530226.6493055556
"MAPPO (fixed 60, 3 seeds)",historical,32742400.0,1279.0,530156.6892361111,530156.6892361111
"MAPPO (fixed 60, 3 seeds)",historical,32793600.0,1281.0,529834.9346064815,529834.9346064815
"MAPPO (fixed 60, 3 seeds)",historical,32844800.0,1283.0,529619.1588541666,529619.1588541666
"MAPPO (fixed 60, 3 seeds)",historical,32896000.0,1285.0,529486.7771990742,529486.7771990742
"MAPPO (fixed 60, 3 seeds)",historical,32947200.0,1287.0,529280.7178819445,529280.7178819445
"MAPPO (fixed 60, 3 seeds)",historical,32998400.0,1289.0,529278.7957175927,529278.7957175927
"MAPPO (fixed 60, 3 seeds)",historical,33049600.0,1291.0,529682.0092592593,529682.0092592593
"MAPPO (fixed 60, 3 seeds)",historical,33100800.0,1293.0,529972.9603587963,529972.9603587963
"MAPPO (fixed 60, 3 seeds)",historical,33152000.0,1295.0,530104.8825231482,530104.8825231482
"MAPPO (fixed 60, 3 seeds)",historical,33203200.0,1297.0,529799.8605324073,529799.8605324073
"MAPPO (fixed 60, 3 seeds)",historical,33254400.0,1299.0,529672.884837963,529672.884837963
"MAPPO (fixed 60, 3 seeds)",historical,33305600.0,1301.0,529594.7092013889,529594.7092013889
"MAPPO (fixed 60, 3 seeds)",historical,33356800.0,1303.0,529532.877025463,529532.877025463
"MAPPO (fixed 60, 3 seeds)",historical,33408000.0,1305.0,530052.4019097221,530052.4019097221
"MAPPO (fixed 60, 3 seeds)",historical,33459200.0,1307.0,530271.5248842593,530271.5248842593
"MAPPO (fixed 60, 3 seeds)",historical,33510400.0,1309.0,530707.3237847222,530707.3237847222
"MAPPO (fixed 60, 3 seeds)",historical,33561600.0,1311.0,530481.1860532408,530481.1860532408
"MAPPO (fixed 60, 3 seeds)",historical,33612800.0,1313.0,530578.9056712963,530578.9056712963
"MAPPO (fixed 60, 3 seeds)",historical,33664000.0,1315.0,530467.978587963,530467.978587963
"MAPPO (fixed 60, 3 seeds)",historical,33715200.0,1317.0,530508.2196180555,530508.2196180555
"MAPPO (fixed 60, 3 seeds)",historical,33766400.0,1319.0,530344.0509259258,530344.0509259258
"MAPPO (fixed 60, 3 seeds)",historical,33817600.0,1321.0,530754.0465856482,530754.0465856482
"MAPPO (fixed 60, 3 seeds)",historical,33868800.0,1323.0,531039.8967013889,531039.8967013889
"MAPPO (fixed 60, 3 seeds)",historical,33920000.0,1325.0,531628.8449074073,531628.8449074073
"MAPPO (fixed 60, 3 seeds)",historical,33971200.0,1327.0,531175.2980324073,531175.2980324073
"MAPPO (fixed 60, 3 seeds)",historical,34022400.0,1329.0,530722.6947337963,530722.6947337963
"MAPPO (fixed 60, 3 seeds)",historical,34073600.0,1331.0,529820.8368055555,529820.8368055555
"MAPPO (fixed 60, 3 seeds)",historical,34124800.0,1333.0,529080.4777199074,529080.4777199074
"MAPPO (fixed 60, 3 seeds)",historical,34176000.0,1335.0,528571.5127314815,528571.5127314815
"MAPPO (fixed 60, 3 seeds)",historical,34227200.0,1337.0,528462.8061342592,528462.8061342592
"MAPPO (fixed 60, 3 seeds)",historical,34278400.0,1339.0,529116.1987847224,529116.1987847224
"MAPPO (fixed 60, 3 seeds)",historical,34329600.0,1341.0,529460.3469328703,529460.3469328703
"MAPPO (fixed 60, 3 seeds)",historical,34380800.0,1343.0,529629.863425926,529629.863425926
"MAPPO (fixed 60, 3 seeds)",historical,34432000.0,1345.0,529269.732349537,529269.732349537
"MAPPO (fixed 60, 3 seeds)",historical,34483200.0,1347.0,529484.5248842592,529484.5248842592
"MAPPO (fixed 60, 3 seeds)",historical,34534400.0,1349.0,529383.3266782407,529383.3266782407
"MAPPO (fixed 60, 3 seeds)",historical,34585600.0,1351.0,529482.6200810185,529482.6200810185
"MAPPO (fixed 60, 3 seeds)",historical,34636800.0,1353.0,529044.6307870371,529044.6307870371
"MAPPO (fixed 60, 3 seeds)",historical,34688000.0,1355.0,529234.675636574,529234.675636574
"MAPPO (fixed 60, 3 seeds)",historical,34739200.0,1357.0,529300.1574074074,529300.1574074074
"MAPPO (fixed 60, 3 seeds)",historical,34790400.0,1359.0,529654.0630787037,529654.0630787037
"MAPPO (fixed 60, 3 seeds)",historical,34841600.0,1361.0,529347.2097800925,529347.2097800925
"MAPPO (fixed 60, 3 seeds)",historical,34892800.0,1363.0,529436.5167824073,529436.5167824073
"MAPPO (fixed 60, 3 seeds)",historical,34944000.0,1365.0,529395.6414930555,529395.6414930555
"MAPPO (fixed 60, 3 seeds)",historical,34995200.0,1367.0,529852.7439236111,529852.7439236111
"MAPPO (fixed 60, 3 seeds)",historical,35046400.0,1369.0,529821.816550926,529821.816550926
"MAPPO (fixed 60, 3 seeds)",historical,35097600.0,1371.0,529695.2034143518,529695.2034143518
"MAPPO (fixed 60, 3 seeds)",historical,35148800.0,1373.0,529301.2265625,529301.2265625
"MAPPO (fixed 60, 3 seeds)",historical,35200000.0,1375.0,528884.9427083334,528884.9427083334
"MAPPO (fixed 60, 3 seeds)",historical,35251200.0,1377.0,528576.6886574073,528576.6886574073
"MAPPO (fixed 60, 3 seeds)",historical,35302400.0,1379.0,528830.8020833334,528830.8020833334
"MAPPO (fixed 60, 3 seeds)",historical,35353600.0,1381.0,529669.8862847221,529669.8862847221
"MAPPO (fixed 60, 3 seeds)",historical,35404800.0,1383.0,530495.8984375,530495.8984375
"MAPPO (fixed 60, 3 seeds)",historical,35456000.0,1385.0,530569.4363425927,530569.4363425927
"MAPPO (fixed 60, 3 seeds)",historical,35507200.0,1387.0,530107.0558449074,530107.0558449074
"MAPPO (fixed 60, 3 seeds)",historical,35558400.0,1389.0,529771.0775462963,529771.0775462963
"MAPPO (fixed 60, 3 seeds)",historical,35609600.0,1391.0,530229.0451388889,530229.0451388889
"MAPPO (fixed 60, 3 seeds)",historical,35660800.0,1393.0,530682.4976851852,530682.4976851852
"MAPPO (fixed 60, 3 seeds)",historical,35712000.0,1395.0,530844.5460069445,530844.5460069445
"MAPPO (fixed 60, 3 seeds)",historical,35763200.0,1397.0,530174.4780092593,530174.4780092593
"MAPPO (fixed 60, 3 seeds)",historical,35814400.0,1399.0,530081.6976273148,530081.6976273148
"MAPPO (fixed 60, 3 seeds)",historical,35865600.0,1401.0,530559.0665509258,530559.0665509258
"MAPPO (fixed 60, 3 seeds)",historical,35916800.0,1403.0,531278.1440972221,531278.1440972221
"MAPPO (fixed 60, 3 seeds)",historical,35968000.0,1405.0,531030.3061342592,531030.3061342592
"MAPPO (fixed 60, 3 seeds)",historical,36019200.0,1407.0,530173.0315393518,530173.0315393518
"MAPPO (fixed 60, 3 seeds)",historical,36070400.0,1409.0,529220.3480902776,529220.3480902776
"MAPPO (fixed 60, 3 seeds)",historical,36121600.0,1411.0,528518.2071759258,528518.2071759258
"MAPPO (fixed 60, 3 seeds)",historical,36172800.0,1413.0,527887.8755787037,527887.8755787037
"MAPPO (fixed 60, 3 seeds)",historical,36224000.0,1415.0,527852.011863426,527852.011863426
"MAPPO (fixed 60, 3 seeds)",historical,36275200.0,1417.0,528438.4681712963,528438.4681712963
"MAPPO (fixed 60, 3 seeds)",historical,36326400.0,1419.0,528778.5393518518,528778.5393518518
"MAPPO (fixed 60, 3 seeds)",historical,36377600.0,1421.0,528803.4285300925,528803.4285300925
"MAPPO (fixed 60, 3 seeds)",historical,36428800.0,1423.0,528403.5280671297,528403.5280671297
"MAPPO (fixed 60, 3 seeds)",historical,36480000.0,1425.0,528916.7138310185,528916.7138310185
"MAPPO (fixed 60, 3 seeds)",historical,36531200.0,1427.0,529396.0066550925,529396.0066550925
"MAPPO (fixed 60, 3 seeds)",historical,36582400.0,1429.0,530006.3831018518,530006.3831018518
"MAPPO (fixed 60, 3 seeds)",historical,36633600.0,1431.0,530087.8663194444,530087.8663194444
"MAPPO (fixed 60, 3 seeds)",historical,36684800.0,1433.0,529892.2913773148,529892.2913773148
"MAPPO (fixed 60, 3 seeds)",historical,36736000.0,1435.0,529854.6125578705,529854.6125578705
"MAPPO (fixed 60, 3 seeds)",historical,36787200.0,1437.0,529978.5347222224,529978.5347222224
"MAPPO (fixed 60, 3 seeds)",historical,36838400.0,1439.0,530556.089988426,530556.089988426
"MAPPO (fixed 60, 3 seeds)",historical,36889600.0,1441.0,531248.640625,531248.640625
"MAPPO (fixed 60, 3 seeds)",historical,36940800.0,1443.0,532277.0923032407,532277.0923032407
"MAPPO (fixed 60, 3 seeds)",historical,36992000.0,1445.0,533406.794849537,533406.794849537
"MAPPO (fixed 60, 3 seeds)",historical,37043200.0,1447.0,534316.5257523148,534316.5257523148
"MAPPO (fixed 60, 3 seeds)",historical,37094400.0,1449.0,534394.8504050927,534394.8504050927
"MAPPO (fixed 60, 3 seeds)",historical,37145600.0,1451.0,534191.9467592593,534191.9467592593
"MAPPO (fixed 60, 3 seeds)",historical,37196800.0,1453.0,533561.0989583334,533561.0989583334
"MAPPO (fixed 60, 3 seeds)",historical,37248000.0,1455.0,533027.4403935185,533027.4403935185
"MAPPO (fixed 60, 3 seeds)",historical,37299200.0,1457.0,532348.4675925925,532348.4675925925
"MAPPO (fixed 60, 3 seeds)",historical,37350400.0,1459.0,532549.4016203705,532549.4016203705
"MAPPO (fixed 60, 3 seeds)",historical,37401600.0,1461.0,532790.4247685185,532790.4247685185
"MAPPO (fixed 60, 3 seeds)",historical,37452800.0,1463.0,533256.9270833334,533256.9270833334
"MAPPO (fixed 60, 3 seeds)",historical,37504000.0,1465.0,532948.0228587963,532948.0228587963
"MAPPO (fixed 60, 3 seeds)",historical,37555200.0,1467.0,533200.5341435185,533200.5341435185
"MAPPO (fixed 60, 3 seeds)",historical,37606400.0,1469.0,533452.3912037037,533452.3912037037
"MAPPO (fixed 60, 3 seeds)",historical,37657600.0,1471.0,533801.0199652776,533801.0199652776
"MAPPO (fixed 60, 3 seeds)",historical,37708800.0,1473.0,533918.8269675925,533918.8269675925
"MAPPO (fixed 60, 3 seeds)",historical,37760000.0,1475.0,534202.1409143518,534202.1409143518
"MAPPO (fixed 60, 3 seeds)",historical,37811200.0,1477.0,534896.9131944445,534896.9131944445
"MAPPO (fixed 60, 3 seeds)",historical,37862400.0,1479.0,535543.0121527779,535543.0121527779
"MAPPO (fixed 60, 3 seeds)",historical,37913600.0,1481.0,535564.8159722221,535564.8159722221
"MAPPO (fixed 60, 3 seeds)",historical,37964800.0,1483.0,535241.099537037,535241.099537037
"MAPPO (fixed 60, 3 seeds)",historical,38016000.0,1485.0,534766.6576967592,534766.6576967592
"MAPPO (fixed 60, 3 seeds)",historical,38067200.0,1487.0,534619.275462963,534619.275462963
"MAPPO (fixed 60, 3 seeds)",historical,38118400.0,1489.0,534641.6140046297,534641.6140046297
"MAPPO (fixed 60, 3 seeds)",historical,38169600.0,1491.0,534847.8883101853,534847.8883101853
"MAPPO (fixed 60, 3 seeds)",historical,38220800.0,1493.0,535368.671875,535368.671875
"MAPPO (fixed 60, 3 seeds)",historical,38272000.0,1495.0,535617.130497685,535617.130497685
"MAPPO (fixed 60, 3 seeds)",historical,38323200.0,1497.0,535442.7424768518,535442.7424768518
"MAPPO (fixed 60, 3 seeds)",historical,38374400.0,1499.0,534615.3078703703,534615.3078703703
"MAPPO (fixed 60, 3 seeds)",historical,38425600.0,1501.0,534319.8298611111,534319.8298611111
"MAPPO (fixed 60, 3 seeds)",historical,38476800.0,1503.0,534872.3234953705,534872.3234953705
"MAPPO (fixed 60, 3 seeds)",historical,38528000.0,1505.0,536234.277488426,536234.277488426
"MAPPO (fixed 60, 3 seeds)",historical,38579200.0,1507.0,537511.166087963,537511.166087963
"MAPPO (fixed 60, 3 seeds)",historical,38630400.0,1509.0,538337.8127893518,538337.8127893518
"MAPPO (fixed 60, 3 seeds)",historical,38681600.0,1511.0,538622.6501736111,538622.6501736111
"MAPPO (fixed 60, 3 seeds)",historical,38732800.0,1513.0,538537.8741319445,538537.8741319445
"MAPPO (fixed 60, 3 seeds)",historical,38784000.0,1515.0,538298.8255208334,538298.8255208334
"MAPPO (fixed 60, 3 seeds)",historical,38835200.0,1517.0,538221.111111111,538221.111111111
"MAPPO (fixed 60, 3 seeds)",historical,38886400.0,1519.0,538221.0645254628,538221.0645254628
"MAPPO (fixed 60, 3 seeds)",historical,38937600.0,1521.0,537977.9916087962,537977.9916087962
"MAPPO (fixed 60, 3 seeds)",historical,38988800.0,1523.0,537913.7222222221,537913.7222222221
"MAPPO (fixed 60, 3 seeds)",historical,39040000.0,1525.0,537974.1197916666,537974.1197916666
"MAPPO (fixed 60, 3 seeds)",historical,39091200.0,1527.0,538715.9580439815,538715.9580439815
"MAPPO (fixed 60, 3 seeds)",historical,39142400.0,1529.0,538965.5014467592,538965.5014467592
"MAPPO (fixed 60, 3 seeds)",historical,39193600.0,1531.0,538827.4942129628,538827.4942129628
"MAPPO (fixed 60, 3 seeds)",historical,39244800.0,1533.0,538203.3153935185,538203.3153935185
"MAPPO (fixed 60, 3 seeds)",historical,39296000.0,1535.0,537896.4192708334,537896.4192708334
"MAPPO (fixed 60, 3 seeds)",historical,39347200.0,1537.0,538274.3281249999,538274.3281249999
"MAPPO (fixed 60, 3 seeds)",historical,39398400.0,1539.0,538998.8703703703,538998.8703703703
"MAPPO (fixed 60, 3 seeds)",historical,39449600.0,1541.0,539911.543113426,539911.543113426
"MAPPO (fixed 60, 3 seeds)",historical,39500800.0,1543.0,540407.7259837963,540407.7259837963
"MAPPO (fixed 60, 3 seeds)",historical,39552000.0,1545.0,540512.0014467593,540512.0014467593
"MAPPO (fixed 60, 3 seeds)",historical,39603200.0,1547.0,539967.4484953703,539967.4484953703
"MAPPO (fixed 60, 3 seeds)",historical,39654400.0,1549.0,539219.5575810185,539219.5575810185
"MAPPO (fixed 60, 3 seeds)",historical,39705600.0,1551.0,538662.1024305555,538662.1024305555
"MAPPO (fixed 60, 3 seeds)",historical,39756800.0,1553.0,539025.347800926,539025.347800926
"MAPPO (fixed 60, 3 seeds)",historical,39808000.0,1555.0,539729.2387152779,539729.2387152779
"MAPPO (fixed 60, 3 seeds)",historical,39859200.0,1557.0,540685.6339699073,540685.6339699073
"MAPPO (fixed 60, 3 seeds)",historical,39910400.0,1559.0,541129.6921296295,541129.6921296295
"MAPPO (fixed 60, 3 seeds)",historical,39961600.0,1561.0,541128.357349537,541128.357349537
"MAPPO (fixed 60, 3 seeds)",historical,40012800.0,1563.0,540271.8553240742,540271.8553240742
"MAPPO (fixed 60, 3 seeds)",historical,40064000.0,1565.0,539235.9664351852,539235.9664351852
"MAPPO (fixed 60, 3 seeds)",historical,40115200.0,1567.0,538719.5020254628,538719.5020254628
"MAPPO (fixed 60, 3 seeds)",historical,40166400.0,1569.0,539118.7473958333,539118.7473958333
"MAPPO (fixed 60, 3 seeds)",historical,40217600.0,1571.0,539313.9033564815,539313.9033564815
"MAPPO (fixed 60, 3 seeds)",historical,40268800.0,1573.0,539180.3993055556,539180.3993055556
"MAPPO (fixed 60, 3 seeds)",historical,40320000.0,1575.0,538666.318576389,538666.318576389
"MAPPO (fixed 60, 3 seeds)",historical,40371200.0,1577.0,538618.6472800927,538618.6472800927
"MAPPO (fixed 60, 3 seeds)",historical,40422400.0,1579.0,538869.46875,538869.46875
"MAPPO (fixed 60, 3 seeds)",historical,40473600.0,1581.0,538962.9212962963,538962.9212962963
"MAPPO (fixed 60, 3 seeds)",historical,40524800.0,1583.0,539346.6079282407,539346.6079282407
"MAPPO (fixed 60, 3 seeds)",historical,40576000.0,1585.0,539413.0190972221,539413.0190972221
"MAPPO (fixed 60, 3 seeds)",historical,40627200.0,1587.0,539614.863425926,539614.863425926
"MAPPO (fixed 60, 3 seeds)",historical,40678400.0,1589.0,539062.6478587963,539062.6478587963
"MAPPO (fixed 60, 3 seeds)",historical,40729600.0,1591.0,538254.1085069444,538254.1085069444
"MAPPO (fixed 60, 3 seeds)",historical,40780800.0,1593.0,537790.4670138889,537790.4670138889
"MAPPO (fixed 60, 3 seeds)",historical,40832000.0,1595.0,537618.261863426,537618.261863426
"MAPPO (fixed 60, 3 seeds)",historical,40883200.0,1597.0,538350.5642361111,538350.5642361111
"MAPPO (fixed 60, 3 seeds)",historical,40934400.0,1599.0,538853.365162037,538853.365162037
"MAPPO (fixed 60, 3 seeds)",historical,40985600.0,1601.0,539787.8972800926,539787.8972800926
"MAPPO (fixed 60, 3 seeds)",historical,41036800.0,1603.0,540178.2346643518,540178.2346643518
"MAPPO (fixed 60, 3 seeds)",historical,41088000.0,1605.0,540361.9212962963,540361.9212962963
"MAPPO (fixed 60, 3 seeds)",historical,41139200.0,1607.0,539974.3697916666,539974.3697916666
"MAPPO (fixed 60, 3 seeds)",historical,41190400.0,1609.0,539952.4360532407,539952.4360532407
"MAPPO (fixed 60, 3 seeds)",historical,41241600.0,1611.0,540351.722511574,540351.722511574
"MAPPO (fixed 60, 3 seeds)",historical,41292800.0,1613.0,541092.3330439815,541092.3330439815
"MAPPO (fixed 60, 3 seeds)",historical,41344000.0,1615.0,541427.1293402779,541427.1293402779
"MAPPO (fixed 60, 3 seeds)",historical,41395200.0,1617.0,541629.6160300927,541629.6160300927
"MAPPO (fixed 60, 3 seeds)",historical,41446400.0,1619.0,541888.0240162037,541888.0240162037
"MAPPO (fixed 60, 3 seeds)",historical,41497600.0,1621.0,542193.7112268518,542193.7112268518
"MAPPO (fixed 60, 3 seeds)",historical,41548800.0,1623.0,542527.3009259258,542527.3009259258
"MAPPO (fixed 60, 3 seeds)",historical,41600000.0,1625.0,542828.6553819445,542828.6553819445
"MAPPO (fixed 60, 3 seeds)",historical,41651200.0,1627.0,543000.2259837963,543000.2259837963
"MAPPO (fixed 60, 3 seeds)",historical,41702400.0,1629.0,542713.7468171297,542713.7468171297
"MAPPO (fixed 60, 3 seeds)",historical,41753600.0,1631.0,542250.3929398148,542250.3929398148
"MAPPO (fixed 60, 3 seeds)",historical,41804800.0,1633.0,542153.7242476852,542153.7242476852
"MAPPO (fixed 60, 3 seeds)",historical,41856000.0,1635.0,542750.9467592593,542750.9467592593
"MAPPO (fixed 60, 3 seeds)",historical,41907200.0,1637.0,543277.2439236111,543277.2439236111
"MAPPO (fixed 60, 3 seeds)",historical,41958400.0,1639.0,543676.752314815,543676.752314815
"MAPPO (fixed 60, 3 seeds)",historical,42009600.0,1641.0,543172.0506365742,543172.0506365742
"MAPPO (fixed 60, 3 seeds)",historical,42060800.0,1643.0,542494.0147569445,542494.0147569445
"MAPPO (fixed 60, 3 seeds)",historical,42112000.0,1645.0,541527.091724537,541527.091724537
"MAPPO (fixed 60, 3 seeds)",historical,42163200.0,1647.0,541028.2025462963,541028.2025462963
"MAPPO (fixed 60, 3 seeds)",historical,42214400.0,1649.0,540719.0523726852,540719.0523726852
"MAPPO (fixed 60, 3 seeds)",historical,42265600.0,1651.0,540498.4496527779,540498.4496527779
"MAPPO (fixed 60, 3 seeds)",historical,42316800.0,1653.0,540190.7563657408,540190.7563657408
"MAPPO (fixed 60, 3 seeds)",historical,42368000.0,1655.0,539759.5636574075,539759.5636574075
"MAPPO (fixed 60, 3 seeds)",historical,42419200.0,1657.0,539379.3671875,539379.3671875
"MAPPO (fixed 60, 3 seeds)",historical,42470400.0,1659.0,539216.857349537,539216.857349537
"MAPPO (fixed 60, 3 seeds)",historical,42521600.0,1661.0,539175.8125,539175.8125
"MAPPO (fixed 60, 3 seeds)",historical,42572800.0,1663.0,538751.2890625,538751.2890625
"MAPPO (fixed 60, 3 seeds)",historical,42624000.0,1665.0,538024.3544560185,538024.3544560185
"MAPPO (fixed 60, 3 seeds)",historical,42675200.0,1667.0,537370.9184027779,537370.9184027779
"MAPPO (fixed 60, 3 seeds)",historical,42726400.0,1669.0,537347.1197916666,537347.1197916666
"MAPPO (fixed 60, 3 seeds)",historical,42777600.0,1671.0,537391.4774305556,537391.4774305556
"MAPPO (fixed 60, 3 seeds)",historical,42828800.0,1673.0,537944.7725694445,537944.7725694445
"MAPPO (fixed 60, 3 seeds)",historical,42880000.0,1675.0,538579.5633680555,538579.5633680555
"MAPPO (fixed 60, 3 seeds)",historical,42931200.0,1677.0,539207.0089699073,539207.0089699073
"MAPPO (fixed 60, 3 seeds)",historical,42982400.0,1679.0,538943.7355324073,538943.7355324073
"MAPPO (fixed 60, 3 seeds)",historical,43033600.0,1681.0,538243.9048032407,538243.9048032407
"MAPPO (fixed 60, 3 seeds)",historical,43084800.0,1683.0,537856.0222800925,537856.0222800925
"MAPPO (fixed 60, 3 seeds)",historical,43136000.0,1685.0,537393.925925926,537393.925925926
"MAPPO (fixed 60, 3 seeds)",historical,43187200.0,1687.0,536826.7818287037,536826.7818287037
"MAPPO (fixed 60, 3 seeds)",historical,43238400.0,1689.0,535631.5688657408,535631.5688657408
"MAPPO (fixed 60, 3 seeds)",historical,43289600.0,1691.0,534639.1215277779,534639.1215277779
"MAPPO (fixed 60, 3 seeds)",historical,43340800.0,1693.0,533669.4522569445,533669.4522569445
"MAPPO (fixed 60, 3 seeds)",historical,43392000.0,1695.0,532854.2685185185,532854.2685185185
"MAPPO (fixed 60, 3 seeds)",historical,43443200.0,1697.0,532802.449363426,532802.449363426
"MAPPO (fixed 60, 3 seeds)",historical,43494400.0,1699.0,532930.263888889,532930.263888889
"MAPPO (fixed 60, 3 seeds)",historical,43545600.0,1701.0,533783.7242476852,533783.7242476852
"MAPPO (fixed 60, 3 seeds)",historical,43596800.0,1703.0,533788.8258101852,533788.8258101852
"MAPPO (fixed 60, 3 seeds)",historical,43648000.0,1705.0,534040.2826967593,534040.2826967593
"MAPPO (fixed 60, 3 seeds)",historical,43699200.0,1707.0,533629.005787037,533629.005787037
"MAPPO (fixed 60, 3 seeds)",historical,43750400.0,1709.0,533373.0688657408,533373.0688657408
"MAPPO (fixed 60, 3 seeds)",historical,43801600.0,1711.0,533121.5028935185,533121.5028935185
"MAPPO (fixed 60, 3 seeds)",historical,43852800.0,1713.0,533040.9484953705,533040.9484953705
"MAPPO (fixed 60, 3 seeds)",historical,43904000.0,1715.0,533642.9716435185,533642.9716435185
"MAPPO (fixed 60, 3 seeds)",historical,43955200.0,1717.0,533922.8761574075,533922.8761574075
"MAPPO (fixed 60, 3 seeds)",historical,44006400.0,1719.0,534495.6472800927,534495.6472800927
"MAPPO (fixed 60, 3 seeds)",historical,44057600.0,1721.0,534291.6704282408,534291.6704282408
"MAPPO (fixed 60, 3 seeds)",historical,44108800.0,1723.0,534122.2123842593,534122.2123842593
"MAPPO (fixed 60, 3 seeds)",historical,44160000.0,1725.0,533624.5688657408,533624.5688657408
"MAPPO (fixed 60, 3 seeds)",historical,44211200.0,1727.0,532850.5257523148,532850.5257523148
"MAPPO (fixed 60, 3 seeds)",historical,44262400.0,1729.0,532144.058738426,532144.058738426
"MAPPO (fixed 60, 3 seeds)",historical,44313600.0,1731.0,531187.8023726852,531187.8023726852
"MAPPO (fixed 60, 3 seeds)",historical,44364800.0,1733.0,530902.3142361111,530902.3142361111
"MAPPO (fixed 60, 3 seeds)",historical,44416000.0,1735.0,530184.8660300927,530184.8660300927
"MAPPO (fixed 60, 3 seeds)",historical,44467200.0,1737.0,529935.2621527779,529935.2621527779
"MAPPO (fixed 60, 3 seeds)",historical,44518400.0,1739.0,529236.9421296297,529236.9421296297
"MAPPO (fixed 60, 3 seeds)",historical,44569600.0,1741.0,529226.9652777779,529226.9652777779
"MAPPO (fixed 60, 3 seeds)",historical,44620800.0,1743.0,528299.3599537037,528299.3599537037
"MAPPO (fixed 60, 3 seeds)",historical,44672000.0,1745.0,527377.4554398148,527377.4554398148
"MAPPO (fixed 60, 3 seeds)",historical,44723200.0,1747.0,525988.9852430555,525988.9852430555
"MAPPO (fixed 60, 3 seeds)",historical,44774400.0,1749.0,525563.3116319444,525563.3116319444
"MAPPO (fixed 60, 3 seeds)",historical,44825600.0,1751.0,525330.6524884258,525330.6524884258
"MAPPO (fixed 60, 3 seeds)",historical,44876800.0,1753.0,524812.2855902776,524812.2855902776
"MAPPO (fixed 60, 3 seeds)",historical,44928000.0,1755.0,523654.24276620365,523654.24276620365
"MAPPO (fixed 60, 3 seeds)",historical,44979200.0,1757.0,522459.43923611107,522459.43923611107
"MAPPO (fixed 60, 3 seeds)",historical,45030400.0,1759.0,521988.70225694444,521988.70225694444
"MAPPO (fixed 60, 3 seeds)",historical,45081600.0,1761.0,522181.9791666667,522181.9791666667
"MAPPO (fixed 60, 3 seeds)",historical,45132800.0,1763.0,522703.01620370377,522703.01620370377
"MAPPO (fixed 60, 3 seeds)",historical,45184000.0,1765.0,522863.74565972225,522863.74565972225
"MAPPO (fixed 60, 3 seeds)",historical,45235200.0,1767.0,522596.015625,522596.015625
"MAPPO (fixed 60, 3 seeds)",historical,45286400.0,1769.0,521630.99537037034,521630.99537037034
"MAPPO (fixed 60, 3 seeds)",historical,45337600.0,1771.0,520534.1354166667,520534.1354166667
"MAPPO (fixed 60, 3 seeds)",historical,45388800.0,1773.0,519631.60300925915,519631.60300925915
"MAPPO (fixed 60, 3 seeds)",historical,45440000.0,1775.0,519451.4814814814,519451.4814814814
"MAPPO (fixed 60, 3 seeds)",historical,45491200.0,1777.0,519612.8214699074,519612.8214699074
"MAPPO (fixed 60, 3 seeds)",historical,45542400.0,1779.0,520249.1675347222,520249.1675347222
"MAPPO (fixed 60, 3 seeds)",historical,45593600.0,1781.0,521404.326099537,521404.326099537
"MAPPO (fixed 60, 3 seeds)",historical,45644800.0,1783.0,522561.99363425927,522561.99363425927
"MAPPO (fixed 60, 3 seeds)",historical,45696000.0,1785.0,523028.7239583333,523028.7239583333
"MAPPO (fixed 60, 3 seeds)",historical,45747200.0,1787.0,522404.56597222225,522404.56597222225
"MAPPO (fixed 60, 3 seeds)",historical,45798400.0,1789.0,522075.92216435185,522075.92216435185
"MAPPO (fixed 60, 3 seeds)",historical,45849600.0,1791.0,521708.0810185185,521708.0810185185
"MAPPO (fixed 60, 3 seeds)",historical,45900800.0,1793.0,521658.75925925927,521658.75925925927
"MAPPO (fixed 60, 3 seeds)",historical,45952000.0,1795.0,521754.9079861112,521754.9079861112
"MAPPO (fixed 60, 3 seeds)",historical,46003200.0,1797.0,522567.75636574085,522567.75636574085
"MAPPO (fixed 60, 3 seeds)",historical,46054400.0,1799.0,523867.3026620371,523867.3026620371
"MAPPO (fixed 60, 3 seeds)",historical,46105600.0,1801.0,524829.9198495371,524829.9198495371
"MAPPO (fixed 60, 3 seeds)",historical,46156800.0,1803.0,525475.8958333334,525475.8958333334
"MAPPO (fixed 60, 3 seeds)",historical,46208000.0,1805.0,525760.9655671297,525760.9655671297
"MAPPO (fixed 60, 3 seeds)",historical,46259200.0,1807.0,525484.2662037037,525484.2662037037
"MAPPO (fixed 60, 3 seeds)",historical,46310400.0,1809.0,525320.0931712963,525320.0931712963
"MAPPO (fixed 60, 3 seeds)",historical,46361600.0,1811.0,524899.6423611111,524899.6423611111
"MAPPO (fixed 60, 3 seeds)",historical,46412800.0,1813.0,524999.5011574074,524999.5011574074
"MAPPO (fixed 60, 3 seeds)",historical,46464000.0,1815.0,524983.6142939815,524983.6142939815
"MAPPO (fixed 60, 3 seeds)",historical,46515200.0,1817.0,525257.4429976852,525257.4429976852
"MAPPO (fixed 60, 3 seeds)",historical,46566400.0,1819.0,525801.3295717592,525801.3295717592
"MAPPO (fixed 60, 3 seeds)",historical,46617600.0,1821.0,526453.0894097222,526453.0894097222
"MAPPO (fixed 60, 3 seeds)",historical,46668800.0,1823.0,527226.7826967592,527226.7826967592
"MAPPO (fixed 60, 3 seeds)",historical,46720000.0,1825.0,527743.6261574074,527743.6261574074
"MAPPO (fixed 60, 3 seeds)",historical,46771200.0,1827.0,527703.3654513889,527703.3654513889
"MAPPO (fixed 60, 3 seeds)",historical,46822400.0,1829.0,527798.6686921297,527798.6686921297
"MAPPO (fixed 60, 3 seeds)",historical,46873600.0,1831.0,528135.8836805556,528135.8836805556
"MAPPO (fixed 60, 3 seeds)",historical,46924800.0,1833.0,529593.9696180556,529593.9696180556
"MAPPO (fixed 60, 3 seeds)",historical,46976000.0,1835.0,531038.3854166666,531038.3854166666
"MAPPO (fixed 60, 3 seeds)",historical,47027200.0,1837.0,532178.2685185185,532178.2685185185
"MAPPO (fixed 60, 3 seeds)",historical,47078400.0,1839.0,532442.0454282408,532442.0454282408
"MAPPO (fixed 60, 3 seeds)",historical,47129600.0,1841.0,532335.296875,532335.296875
"MAPPO (fixed 60, 3 seeds)",historical,47180800.0,1843.0,532710.5986689815,532710.5986689815
"MAPPO (fixed 60, 3 seeds)",historical,47232000.0,1845.0,533341.1657986111,533341.1657986111
"MAPPO (fixed 60, 3 seeds)",historical,47283200.0,1847.0,533710.3764467593,533710.3764467593
"MAPPO (fixed 60, 3 seeds)",historical,47334400.0,1849.0,532995.8104745372,532995.8104745372
"MAPPO (fixed 60, 3 seeds)",historical,47385600.0,1851.0,531878.9320023148,531878.9320023148
"MAPPO (fixed 60, 3 seeds)",historical,47436800.0,1853.0,531591.4583333334,531591.4583333334
"MAPPO (fixed 60, 3 seeds)",historical,47488000.0,1855.0,531838.3680555556,531838.3680555556
"MAPPO (fixed 60, 3 seeds)",historical,47539200.0,1857.0,532335.3541666666,532335.3541666666
"MAPPO (fixed 60, 3 seeds)",historical,47590400.0,1859.0,532336.9114583334,532336.9114583334
"MAPPO (fixed 60, 3 seeds)",historical,47641600.0,1861.0,532933.3932291666,532933.3932291666
"MAPPO (fixed 60, 3 seeds)",historical,47692800.0,1863.0,534016.4134837963,534016.4134837963
"MAPPO (fixed 60, 3 seeds)",historical,47744000.0,1865.0,534868.1099537037,534868.1099537037
"MAPPO (fixed 60, 3 seeds)",historical,47795200.0,1867.0,534813.8616898148,534813.8616898148
"MAPPO (fixed 60, 3 seeds)",historical,47846400.0,1869.0,534605.3831018518,534605.3831018518
"MAPPO (fixed 60, 3 seeds)",historical,47897600.0,1871.0,535098.2534722222,535098.2534722222
"MAPPO (fixed 60, 3 seeds)",historical,47948800.0,1873.0,536441.142650463,536441.142650463
"MAPPO (fixed 60, 3 seeds)",historical,48000000.0,1875.0,537672.8344907408,537672.8344907408
"MAPPO (fixed 60, 3 seeds)",historical,48051200.0,1877.0,538500.4134837963,538500.4134837963
"MAPPO (fixed 60, 3 seeds)",historical,48102400.0,1879.0,538669.7054398148,538669.7054398148
"MAPPO (fixed 60, 3 seeds)",historical,48153600.0,1881.0,538078.349537037,538078.349537037
"MAPPO (fixed 60, 3 seeds)",historical,48204800.0,1883.0,536815.870949074,536815.870949074
"MAPPO (fixed 60, 3 seeds)",historical,48256000.0,1885.0,535562.9360532407,535562.9360532407
"MAPPO (fixed 60, 3 seeds)",historical,48307200.0,1887.0,534975.6215277776,534975.6215277776
"MAPPO (fixed 60, 3 seeds)",historical,48358400.0,1889.0,535238.9742476852,535238.9742476852
"MAPPO (fixed 60, 3 seeds)",historical,48409600.0,1891.0,535417.8408564815,535417.8408564815
"MAPPO (fixed 60, 3 seeds)",historical,48460800.0,1893.0,535525.0066550925,535525.0066550925
"MAPPO (fixed 60, 3 seeds)",historical,48512000.0,1895.0,535656.494212963,535656.494212963
"MAPPO (fixed 60, 3 seeds)",historical,48563200.0,1897.0,536067.9470486111,536067.9470486111
"MAPPO (fixed 60, 3 seeds)",historical,48614400.0,1899.0,536383.3544560187,536383.3544560187
"MAPPO (fixed 60, 3 seeds)",historical,48665600.0,1901.0,536296.8200231482,536296.8200231482
"MAPPO (fixed 60, 3 seeds)",historical,48716800.0,1903.0,536337.4646990742,536337.4646990742
"MAPPO (fixed 60, 3 seeds)",historical,48768000.0,1905.0,536491.5266203703,536491.5266203703
"MAPPO (fixed 60, 3 seeds)",historical,48819200.0,1907.0,536299.8854166666,536299.8854166666
"MAPPO (fixed 60, 3 seeds)",historical,48870400.0,1909.0,535796.1276041666,535796.1276041666
"MAPPO (fixed 60, 3 seeds)",historical,48921600.0,1911.0,535254.5407986111,535254.5407986111
"MAPPO (fixed 60, 3 seeds)",historical,48972800.0,1913.0,535286.2219328703,535286.2219328703
"MAPPO (fixed 60, 3 seeds)",historical,49024000.0,1915.0,535454.6273148148,535454.6273148148
"MAPPO (fixed 60, 3 seeds)",historical,49075200.0,1917.0,535432.1195023148,535432.1195023148
"MAPPO (fixed 60, 3 seeds)",historical,49126400.0,1919.0,535468.6423611111,535468.6423611111
"MAPPO (fixed 60, 3 seeds)",historical,49177600.0,1921.0,535499.3961226852,535499.3961226852
"MAPPO (fixed 60, 3 seeds)",historical,49228800.0,1923.0,535677.7569444445,535677.7569444445
"MAPPO (fixed 60, 3 seeds)",historical,49280000.0,1925.0,535025.0911458334,535025.0911458334
"MAPPO (fixed 60, 3 seeds)",historical,49331200.0,1927.0,533922.8324652779,533922.8324652779
"MAPPO (fixed 60, 3 seeds)",historical,49382400.0,1929.0,532484.2589699073,532484.2589699073
"MAPPO (fixed 60, 3 seeds)",historical,49433600.0,1931.0,531916.3990162037,531916.3990162037
"MAPPO (fixed 60, 3 seeds)",historical,49484800.0,1933.0,531821.3217592593,531821.3217592593
"MAPPO (fixed 60, 3 seeds)",historical,49536000.0,1935.0,532391.853587963,532391.853587963
"MAPPO (fixed 60, 3 seeds)",historical,49587200.0,1937.0,532455.8828125001,532455.8828125001
"MAPPO (fixed 60, 3 seeds)",historical,49638400.0,1939.0,532515.9976851853,532515.9976851853
"MAPPO (fixed 60, 3 seeds)",historical,49689600.0,1941.0,531447.0445601853,531447.0445601853
"MAPPO (fixed 60, 3 seeds)",historical,49740800.0,1943.0,530688.2957175927,530688.2957175927
"MAPPO (fixed 60, 3 seeds)",historical,49792000.0,1945.0,529524.6886574075,529524.6886574075
"MAPPO (fixed 60, 3 seeds)",historical,49843200.0,1947.0,529495.4754050927,529495.4754050927
"MAPPO (fixed 60, 3 seeds)",historical,49894400.0,1949.0,529870.2511574075,529870.2511574075
"MAPPO (fixed 60, 3 seeds)",historical,49945600.0,1951.0,531124.2650462963,531124.2650462963
"MAPPO (fixed 60, 3 seeds)",historical,49996800.0,1953.0,532241.0266203703,532241.0266203703
"MAPPO (fixed 60, 3 seeds)",historical,50048000.0,1955.0,532627.6831597221,532627.6831597221
"MAPPO (fixed 60, 3 seeds)",historical,50099200.0,1957.0,532120.4945023148,532120.4945023148
"MAPPO (fixed 60, 3 seeds)",historical,50150400.0,1959.0,531427.9221643518,531427.9221643518
"MAPPO (fixed 60, 3 seeds)",historical,50201600.0,1961.0,531158.480324074,531158.480324074
"MAPPO (fixed 60, 3 seeds)",historical,50252800.0,1963.0,531890.2809606482,531890.2809606482
"MAPPO (fixed 60, 3 seeds)",historical,50304000.0,1965.0,533086.5570023148,533086.5570023148
"MAPPO (fixed 60, 3 seeds)",historical,50355200.0,1967.0,534318.5914351852,534318.5914351852
"MAPPO (fixed 60, 3 seeds)",historical,50406400.0,1969.0,535025.8603877315,535025.8603877315
"MAPPO (fixed 60, 3 seeds)",historical,50457600.0,1971.0,534848.0533854166,534848.0533854166
"MAPPO (fixed 60, 3 seeds)",historical,50508800.0,1973.0,534631.0597511573,534631.0597511573
"MAPPO (fixed 60, 3 seeds)",historical,50560000.0,1975.0,534101.0345775463,534101.0345775463
"MAPPO (fixed 60, 3 seeds)",historical,50611200.0,1977.0,533832.3265335647,533832.3265335647
"MAPPO (fixed 60, 3 seeds)",historical,50662400.0,1979.0,532930.4419849537,532930.4419849537
"MAPPO (fixed 60, 3 seeds)",historical,50713600.0,1981.0,532463.4401041666,532463.4401041666
"MAPPO (fixed 60, 3 seeds)",historical,50764800.0,1983.0,532631.470775463,532631.470775463
"MAPPO (fixed 60, 3 seeds)",historical,50816000.0,1985.0,532913.4555844907,532913.4555844907
"MAPPO (fixed 60, 3 seeds)",historical,50867200.0,1987.0,532351.0474537037,532351.0474537037
"MAPPO (fixed 60, 3 seeds)",historical,50918400.0,1989.0,531186.4693287037,531186.4693287037
"MAPPO (fixed 60, 3 seeds)",historical,50969600.0,1991.0,530332.7197627315,530332.7197627315
"MAPPO (fixed 60, 3 seeds)",historical,51020800.0,1993.0,530042.6336805555,530042.6336805555
"MAPPO (fixed 60, 3 seeds)",historical,51072000.0,1995.0,529716.5105613427,529716.5105613427
"MAPPO (fixed 60, 3 seeds)",historical,51123200.0,1997.0,529925.804832176,529925.804832176
"MAPPO (fixed 60, 3 seeds)",historical,51174400.0,1999.0,530041.2089120372,530041.2089120372
"MAPPO (fixed 60, 3 seeds)",historical,51225600.0,2001.0,529748.4772858797,529748.4772858797
"MAPPO (fixed 60, 3 seeds)",historical,51276800.0,2003.0,528313.1964699075,528313.1964699075
"MAPPO (fixed 60, 3 seeds)",historical,51328000.0,2005.0,527371.7741608797,527371.7741608797
"MAPPO (fixed 60, 3 seeds)",historical,51379200.0,2007.0,527104.589988426,527104.589988426
"MAPPO (fixed 60, 3 seeds)",historical,51430400.0,2009.0,527671.6099537037,527671.6099537037
"MAPPO (fixed 60, 3 seeds)",historical,51481600.0,2011.0,527064.662037037,527064.662037037
"MAPPO (fixed 60, 3 seeds)",historical,51532800.0,2013.0,526087.333912037,526087.333912037
"MAPPO (fixed 60, 3 seeds)",historical,51584000.0,2015.0,525051.912037037,525051.912037037
"MAPPO (fixed 60, 3 seeds)",historical,51635200.0,2017.0,525461.341579861,525461.341579861
"MAPPO (fixed 60, 3 seeds)",historical,51686400.0,2019.0,526258.1558159721,526258.1558159721
"MAPPO (fixed 60, 3 seeds)",historical,51737600.0,2021.0,527186.5400752315,527186.5400752315
"MAPPO (fixed 60, 3 seeds)",historical,51788800.0,2023.0,527116.3865740742,527116.3865740742
"MAPPO (fixed 60, 3 seeds)",historical,51840000.0,2025.0,526933.7876157408,526933.7876157408
"MAPPO (fixed 60, 3 seeds)",historical,51891200.0,2027.0,526309.4592013889,526309.4592013889
"MAPPO (fixed 60, 3 seeds)",historical,51942400.0,2029.0,526059.8029513889,526059.8029513889
"MAPPO (fixed 60, 3 seeds)",historical,51993600.0,2031.0,525564.2799479166,525564.2799479166
"MAPPO (fixed 60, 3 seeds)",historical,52044800.0,2033.0,524840.1556712963,524840.1556712963
"MAPPO (fixed 60, 3 seeds)",historical,52096000.0,2035.0,524017.3767361112,524017.3767361112
"MAPPO (fixed 60, 3 seeds)",historical,52147200.0,2037.0,523521.23857060185,523521.23857060185
"MAPPO (fixed 60, 3 seeds)",historical,52198400.0,2039.0,523886.86385995365,523886.86385995365
"MAPPO (fixed 60, 3 seeds)",historical,52249600.0,2041.0,524588.5853587963,524588.5853587963
"MAPPO (fixed 60, 3 seeds)",historical,52300800.0,2043.0,525484.5202546297,525484.5202546297
"MAPPO (fixed 60, 3 seeds)",historical,52352000.0,2045.0,526206.8305844907,526206.8305844907
"MAPPO (fixed 60, 3 seeds)",historical,52403200.0,2047.0,527028.136574074,527028.136574074
"MAPPO (fixed 60, 3 seeds)",historical,52454400.0,2049.0,527322.7725694445,527322.7725694445
"MAPPO (fixed 60, 3 seeds)",historical,52505600.0,2051.0,527466.2093460648,527466.2093460648
"MAPPO (fixed 60, 3 seeds)",historical,52556800.0,2053.0,527040.0189525463,527040.0189525463
"MAPPO (fixed 60, 3 seeds)",historical,52608000.0,2055.0,527082.8784722221,527082.8784722221
"MAPPO (fixed 60, 3 seeds)",historical,52659200.0,2057.0,526803.9181134258,526803.9181134258
"MAPPO (fixed 60, 3 seeds)",historical,52710400.0,2059.0,526633.2041377315,526633.2041377315
"MAPPO (fixed 60, 3 seeds)",historical,52761600.0,2061.0,526197.1587094908,526197.1587094908
"MAPPO (fixed 60, 3 seeds)",historical,52812800.0,2063.0,525566.9324363427,525566.9324363427
"MAPPO (fixed 60, 3 seeds)",historical,52864000.0,2065.0,524973.3255208334,524973.3255208334
"MAPPO (fixed 60, 3 seeds)",historical,52915200.0,2067.0,523960.97048611107,523960.97048611107
"MAPPO (fixed 60, 3 seeds)",historical,52966400.0,2069.0,522930.82899305556,522930.82899305556
"MAPPO (fixed 60, 3 seeds)",historical,53017600.0,2071.0,521824.95457175927,521824.95457175927
"MAPPO (fixed 60, 3 seeds)",historical,53068800.0,2073.0,520770.615306713,520770.615306713
"MAPPO (fixed 60, 3 seeds)",historical,53120000.0,2075.0,520402.30801504635,520402.30801504635
"MAPPO (fixed 60, 3 seeds)",historical,53171200.0,2077.0,520042.33058449073,520042.33058449073
"MAPPO (fixed 60, 3 seeds)",historical,53222400.0,2079.0,520592.81799768517,520592.81799768517
"MAPPO (fixed 60, 3 seeds)",historical,53273600.0,2081.0,520765.58420138893,520765.58420138893
"MAPPO (fixed 60, 3 seeds)",historical,53324800.0,2083.0,520857.5232928241,520857.5232928241
"MAPPO (fixed 60, 3 seeds)",historical,53376000.0,2085.0,519646.9752604167,519646.9752604167
"MAPPO (fixed 60, 3 seeds)",historical,53427200.0,2087.0,518534.9544270833,518534.9544270833
"MAPPO (fixed 60, 3 seeds)",historical,53478400.0,2089.0,517444.77184606483,517444.77184606483
"MAPPO (fixed 60, 3 seeds)",historical,53529600.0,2091.0,517596.0818865741,517596.0818865741
"MAPPO (fixed 60, 3 seeds)",historical,53580800.0,2093.0,517545.001880787,517545.001880787
"MAPPO (fixed 60, 3 seeds)",historical,53632000.0,2095.0,518100.5685763888,518100.5685763888
"MAPPO (fixed 60, 3 seeds)",historical,53683200.0,2097.0,517566.1720196759,517566.1720196759
"MAPPO (fixed 60, 3 seeds)",historical,53734400.0,2099.0,516906.1103877315,516906.1103877315
"MAPPO (fixed 60, 3 seeds)",historical,53785600.0,2101.0,515900.77792245365,515900.77792245365
"MAPPO (fixed 60, 3 seeds)",historical,53836800.0,2103.0,515460.2604166667,515460.2604166667
"MAPPO (fixed 60, 3 seeds)",historical,53888000.0,2105.0,515502.7861689814,515502.7861689814
"MAPPO (fixed 60, 3 seeds)",historical,53939200.0,2107.0,515229.86082175927,515229.86082175927
"MAPPO (fixed 60, 3 seeds)",historical,53990400.0,2109.0,515140.5950520833,515140.5950520833
"MAPPO (fixed 60, 3 seeds)",historical,54041600.0,2111.0,514749.60807291657,514749.60807291657
"MAPPO (fixed 60, 3 seeds)",historical,54092800.0,2113.0,514422.46122685185,514422.46122685185
"MAPPO (fixed 60, 3 seeds)",historical,54144000.0,2115.0,513967.66637731483,513967.66637731483
"MAPPO (fixed 60, 3 seeds)",historical,54195200.0,2117.0,513949.959056713,513949.959056713
"MAPPO (fixed 60, 3 seeds)",historical,54246400.0,2119.0,514342.44892939815,514342.44892939815
"MAPPO (fixed 60, 3 seeds)",historical,54297600.0,2121.0,515215.47685185185,515215.47685185185
"MAPPO (fixed 60, 3 seeds)",historical,54348800.0,2123.0,515964.49291087966,515964.49291087966
"MAPPO (fixed 60, 3 seeds)",historical,54400000.0,2125.0,516540.96050347225,516540.96050347225
"MAPPO (fixed 60, 3 seeds)",historical,54451200.0,2127.0,516658.9820601852,516658.9820601852
"MAPPO (fixed 60, 3 seeds)",historical,54502400.0,2129.0,516447.2654803241,516447.2654803241
"MAPPO (fixed 60, 3 seeds)",historical,54553600.0,2131.0,516438.4558738426,516438.4558738426
"MAPPO (fixed 60, 3 seeds)",historical,54604800.0,2133.0,515665.49580439815,515665.49580439815
"MAPPO (fixed 60, 3 seeds)",historical,54656000.0,2135.0,515088.32392939815,515088.32392939815
"MAPPO (fixed 60, 3 seeds)",historical,54707200.0,2137.0,513782.84736689815,513782.84736689815
"MAPPO (fixed 60, 3 seeds)",historical,54758400.0,2139.0,513510.96513310185,513510.96513310185
"MAPPO (fixed 60, 3 seeds)",historical,54809600.0,2141.0,513313.701099537,513313.701099537
"MAPPO (fixed 60, 3 seeds)",historical,54860800.0,2143.0,513715.72829861107,513715.72829861107
"MAPPO (fixed 60, 3 seeds)",historical,54912000.0,2145.0,513834.7576678241,513834.7576678241
"MAPPO (fixed 60, 3 seeds)",historical,54963200.0,2147.0,513802.19892939826,513802.19892939826
"MAPPO (fixed 60, 3 seeds)",historical,55014400.0,2149.0,513406.65118634264,513406.65118634264
"MAPPO (fixed 60, 3 seeds)",historical,55065600.0,2151.0,513055.2375578704,513055.2375578704
"MAPPO (fixed 60, 3 seeds)",historical,55116800.0,2153.0,512206.72627314815,512206.72627314815
"MAPPO (fixed 60, 3 seeds)",historical,55168000.0,2155.0,511428.1098090278,511428.1098090278
"MAPPO (fixed 60, 3 seeds)",historical,55219200.0,2157.0,510344.49074074073,510344.49074074073
"MAPPO (fixed 60, 3 seeds)",historical,55270400.0,2159.0,510005.31669560185,510005.31669560185
"MAPPO (fixed 60, 3 seeds)",historical,55321600.0,2161.0,509720.3055555555,509720.3055555555
"MAPPO (fixed 60, 3 seeds)",historical,55372800.0,2163.0,509558.91449652775,509558.91449652775
"MAPPO (fixed 60, 3 seeds)",historical,55424000.0,2165.0,508712.1901041667,508712.1901041667
"MAPPO (fixed 60, 3 seeds)",historical,55475200.0,2167.0,508401.0,508401.0
"MAPPO (fixed 60, 3 seeds)",historical,55526400.0,2169.0,508475.9979745371,508475.9979745371
"MAPPO (fixed 60, 3 seeds)",historical,55577600.0,2171.0,509407.0941840278,509407.0941840278
"MAPPO (fixed 60, 3 seeds)",historical,55628800.0,2173.0,509984.29325810185,509984.29325810185
"MAPPO (fixed 60, 3 seeds)",historical,55680000.0,2175.0,509764.3723958333,509764.3723958333
"MAPPO (fixed 60, 3 seeds)",historical,55731200.0,2177.0,509201.357349537,509201.357349537
"MAPPO (fixed 60, 3 seeds)",historical,55782400.0,2179.0,508291.42722800927,508291.42722800927
"MAPPO (fixed 60, 3 seeds)",historical,55833600.0,2181.0,508208.896556713,508208.896556713
"MAPPO (fixed 60, 3 seeds)",historical,55884800.0,2183.0,508194.921875,508194.921875
"MAPPO (fixed 60, 3 seeds)",historical,55936000.0,2185.0,508193.521412037,508193.521412037
"MAPPO (fixed 60, 3 seeds)",historical,55987200.0,2187.0,507784.32537615736,507784.32537615736
"MAPPO (fixed 60, 3 seeds)",historical,56038400.0,2189.0,507174.61863425927,507174.61863425927
"MAPPO (fixed 60, 3 seeds)",historical,56089600.0,2191.0,506921.1892361112,506921.1892361112
"MAPPO (fixed 60, 3 seeds)",historical,56140800.0,2193.0,506750.24565972225,506750.24565972225
"MAPPO (fixed 60, 3 seeds)",historical,56192000.0,2195.0,506420.71860532416,506420.71860532416
"MAPPO (fixed 60, 3 seeds)",historical,56243200.0,2197.0,506275.41869212966,506275.41869212966
"MAPPO (fixed 60, 3 seeds)",historical,56294400.0,2199.0,506214.22482638893,506214.22482638893
"MAPPO (fixed 60, 3 seeds)",historical,56345600.0,2201.0,506866.46947337966,506866.46947337966
"MAPPO (fixed 60, 3 seeds)",historical,56396800.0,2203.0,507178.43995949073,507178.43995949073
"MAPPO (fixed 60, 3 seeds)",historical,56448000.0,2205.0,507478.84924768517,507478.84924768517
"MAPPO (fixed 60, 3 seeds)",historical,56499200.0,2207.0,507321.27126736107,507321.27126736107
"MAPPO (fixed 60, 3 seeds)",historical,56550400.0,2209.0,507242.6346932871,507242.6346932871
"MAPPO (fixed 60, 3 seeds)",historical,56601600.0,2211.0,507145.6828703704,507145.6828703704
"MAPPO (fixed 60, 3 seeds)",historical,56652800.0,2213.0,507015.24522569444,507015.24522569444
"MAPPO (fixed 60, 3 seeds)",historical,56704000.0,2215.0,507203.6885127315,507203.6885127315
"MAPPO (fixed 60, 3 seeds)",historical,56755200.0,2217.0,507311.40957754635,507311.40957754635
"MAPPO (fixed 60, 3 seeds)",historical,56806400.0,2219.0,507834.78472222225,507834.78472222225
"MAPPO (fixed 60, 3 seeds)",historical,56857600.0,2221.0,507973.71339699073,507973.71339699073
"MAPPO (fixed 60, 3 seeds)",historical,56908800.0,2223.0,508624.58810763893,508624.58810763893
"MAPPO (fixed 60, 3 seeds)",historical,56960000.0,2225.0,508478.78732638893,508478.78732638893
"MAPPO (fixed 60, 3 seeds)",historical,57011200.0,2227.0,508734.58434606483,508734.58434606483
"MAPPO (fixed 60, 3 seeds)",historical,57062400.0,2229.0,508111.53949652775,508111.53949652775
"MAPPO (fixed 60, 3 seeds)",historical,57113600.0,2231.0,508218.6083622685,508218.6083622685
"MAPPO (fixed 60, 3 seeds)",historical,57164800.0,2233.0,507923.1927083333,507923.1927083333
"MAPPO (fixed 60, 3 seeds)",historical,57216000.0,2235.0,508538.7245370371,508538.7245370371
"MAPPO (fixed 60, 3 seeds)",historical,57267200.0,2237.0,508836.158275463,508836.158275463
"MAPPO (fixed 60, 3 seeds)",historical,57318400.0,2239.0,509217.234519676,509217.234519676
"MAPPO (fixed 60, 3 seeds)",historical,57369600.0,2241.0,509016.44111689815,509016.44111689815
"MAPPO (fixed 60, 3 seeds)",historical,57420800.0,2243.0,508745.74175347225,508745.74175347225
"MAPPO (fixed 60, 3 seeds)",historical,57472000.0,2245.0,508250.75347222225,508250.75347222225
"MAPPO (fixed 60, 3 seeds)",historical,57523200.0,2247.0,507622.377025463,507622.377025463
"MAPPO (fixed 60, 3 seeds)",historical,57574400.0,2249.0,507108.2161458333,507108.2161458333
"MAPPO (fixed 60, 3 seeds)",historical,57625600.0,2251.0,507048.93359375,507048.93359375
"MAPPO (fixed 60, 3 seeds)",historical,57676800.0,2253.0,507466.81799768517,507466.81799768517
"MAPPO (fixed 60, 3 seeds)",historical,57728000.0,2255.0,508596.63368055556,508596.63368055556
"MAPPO (fixed 60, 3 seeds)",historical,57779200.0,2257.0,510004.3535879629,510004.3535879629
"MAPPO (fixed 60, 3 seeds)",historical,57830400.0,2259.0,511288.0646701388,511288.0646701388
"MAPPO (fixed 60, 3 seeds)",historical,57881600.0,2261.0,511366.7897858796,511366.7897858796
"MAPPO (fixed 60, 3 seeds)",historical,57932800.0,2263.0,510628.33738425927,510628.33738425927
"MAPPO (fixed 60, 3 seeds)",historical,57984000.0,2265.0,510015.5911458333,510015.5911458333
"MAPPO (fixed 60, 3 seeds)",historical,58035200.0,2267.0,509937.35792824073,509937.35792824073
"MAPPO (fixed 60, 3 seeds)",historical,58086400.0,2269.0,510004.9836516204,510004.9836516204
"MAPPO (fixed 60, 3 seeds)",historical,58137600.0,2271.0,509803.30295138893,509803.30295138893
"MAPPO (fixed 60, 3 seeds)",historical,58188800.0,2273.0,510069.40668402775,510069.40668402775
"MAPPO (fixed 60, 3 seeds)",historical,58240000.0,2275.0,510627.30396412034,510627.30396412034
"MAPPO (fixed 60, 3 seeds)",historical,58291200.0,2277.0,511563.1720196759,511563.1720196759
"MAPPO (fixed 60, 3 seeds)",historical,58342400.0,2279.0,511719.77170138893,511719.77170138893
"MAPPO (fixed 60, 3 seeds)",historical,58393600.0,2281.0,512131.3464988426,512131.3464988426
"MAPPO (fixed 60, 3 seeds)",historical,58444800.0,2283.0,511827.18692129623,511827.18692129623
"MAPPO (fixed 60, 3 seeds)",historical,58496000.0,2285.0,511069.8237847222,511069.8237847222
"MAPPO (fixed 60, 3 seeds)",historical,58547200.0,2287.0,509265.19068287034,509265.19068287034
"MAPPO (fixed 60, 3 seeds)",historical,58598400.0,2289.0,507546.27705439815,507546.27705439815
"MAPPO (fixed 60, 3 seeds)",historical,58649600.0,2291.0,506546.07060185185,506546.07060185185
"MAPPO (fixed 60, 3 seeds)",historical,58700800.0,2293.0,506199.4736689814,506199.4736689814
"MAPPO (fixed 60, 3 seeds)",historical,58752000.0,2295.0,506420.9402488426,506420.9402488426
"MAPPO (fixed 60, 3 seeds)",historical,58803200.0,2297.0,507213.8940972222,507213.8940972222
"MAPPO (fixed 60, 3 seeds)",historical,58854400.0,2299.0,508326.95486111107,508326.95486111107
"MAPPO (fixed 60, 3 seeds)",historical,58905600.0,2301.0,509389.1407696759,509389.1407696759
"MAPPO (fixed 60, 3 seeds)",historical,58956800.0,2303.0,509999.0397858796,509999.0397858796
"MAPPO (fixed 60, 3 seeds)",historical,59008000.0,2305.0,510823.7744502315,510823.7744502315
"MAPPO (fixed 60, 3 seeds)",historical,59059200.0,2307.0,512092.1482928241,512092.1482928241
"MAPPO (fixed 60, 3 seeds)",historical,59110400.0,2309.0,513752.9178240741,513752.9178240741
"MAPPO (fixed 60, 3 seeds)",historical,59161600.0,2311.0,515006.91869212966,515006.91869212966
"MAPPO (fixed 60, 3 seeds)",historical,59212800.0,2313.0,515760.9267939815,515760.9267939815
"MAPPO (fixed 60, 3 seeds)",historical,59264000.0,2315.0,516184.1456886574,516184.1456886574
"MAPPO (fixed 60, 3 seeds)",historical,59315200.0,2317.0,516609.2649739583,516609.2649739583
"MAPPO (fixed 60, 3 seeds)",historical,59366400.0,2319.0,517012.6736111112,517012.6736111112
"MAPPO (fixed 60, 3 seeds)",historical,59417600.0,2321.0,517657.187572338,517657.187572338
"MAPPO (fixed 60, 3 seeds)",historical,59468800.0,2323.0,518466.9100115741,518466.9100115741
"MAPPO (fixed 60, 3 seeds)",historical,59520000.0,2325.0,519188.8310908564,519188.8310908564
"MAPPO (fixed 60, 3 seeds)",historical,59571200.0,2327.0,519363.6820023148,519363.6820023148
"MAPPO (fixed 60, 3 seeds)",historical,59622400.0,2329.0,519039.369068287,519039.369068287
"MAPPO (fixed 60, 3 seeds)",historical,59673600.0,2331.0,518731.583912037,518731.583912037
"MAPPO (fixed 60, 3 seeds)",historical,59724800.0,2333.0,518499.05092592584,518499.05092592584
"MAPPO (fixed 60, 3 seeds)",historical,59776000.0,2335.0,518380.4365596064,518380.4365596064
"MAPPO (fixed 60, 3 seeds)",historical,59827200.0,2337.0,517684.34678819444,517684.34678819444
"MAPPO (fixed 60, 3 seeds)",historical,59878400.0,2339.0,516370.78855613427,516370.78855613427
"MAPPO (fixed 60, 3 seeds)",historical,59929600.0,2341.0,515364.73191550927,515364.73191550927
"MAPPO (fixed 60, 3 seeds)",historical,59980800.0,2343.0,514408.49963831017,514408.49963831017
"MAPPO (fixed 60, 3 seeds)",historical,60032000.0,2345.0,513913.5410879629,513913.5410879629
"MAPPO (fixed 60, 3 seeds)",historical,60083200.0,2347.0,512536.417824074,512536.417824074
"MAPPO (fixed 60, 3 seeds)",historical,60134400.0,2349.0,511515.7892071759,511515.7892071759
"MAPPO (fixed 60, 3 seeds)",historical,60185600.0,2351.0,510669.18330439815,510669.18330439815
"MAPPO (fixed 60, 3 seeds)",historical,60236800.0,2353.0,510302.865162037,510302.865162037
"MAPPO (fixed 60, 3 seeds)",historical,60288000.0,2355.0,510084.73770254623,510084.73770254623
"MAPPO (fixed 60, 3 seeds)",historical,60339200.0,2357.0,510108.0879629629,510108.0879629629
"MAPPO (fixed 60, 3 seeds)",historical,60390400.0,2359.0,510615.75564236107,510615.75564236107
"MAPPO (fixed 60, 3 seeds)",historical,60441600.0,2361.0,511497.2320601852,511497.2320601852
"MAPPO (fixed 60, 3 seeds)",historical,60492800.0,2363.0,512062.939525463,512062.939525463
"MAPPO (fixed 60, 3 seeds)",historical,60544000.0,2365.0,512257.595775463,512257.595775463
"MAPPO (fixed 60, 3 seeds)",historical,60595200.0,2367.0,511975.0221354167,511975.0221354167
"MAPPO (fixed 60, 3 seeds)",historical,60646400.0,2369.0,511900.12572337966,511900.12572337966
"MAPPO (fixed 60, 3 seeds)",historical,60697600.0,2371.0,512047.5204716435,512047.5204716435
"MAPPO (fixed 60, 3 seeds)",historical,60748800.0,2373.0,512426.1022858796,512426.1022858796
"MAPPO (fixed 60, 3 seeds)",historical,60800000.0,2375.0,512891.92411747685,512891.92411747685
"MAPPO (fixed 60, 3 seeds)",historical,60851200.0,2377.0,513039.47120949073,513039.47120949073
"MAPPO (fixed 60, 3 seeds)",historical,60902400.0,2379.0,512853.1047453704,512853.1047453704
"MAPPO (fixed 60, 3 seeds)",historical,60953600.0,2381.0,511970.8380353009,511970.8380353009
"MAPPO (fixed 60, 3 seeds)",historical,61004800.0,2383.0,511521.2371961805,511521.2371961805
"MAPPO (fixed 60, 3 seeds)",historical,61056000.0,2385.0,511013.564380787,511013.564380787
"MAPPO (fixed 60, 3 seeds)",historical,61107200.0,2387.0,511497.50802951393,511497.50802951393
"MAPPO (fixed 60, 3 seeds)",historical,61158400.0,2389.0,511406.5596064815,511406.5596064815
"MAPPO (fixed 60, 3 seeds)",historical,61209600.0,2391.0,511662.96433738427,511662.96433738427
"MAPPO (fixed 60, 3 seeds)",historical,61260800.0,2393.0,511301.74197048607,511301.74197048607
"MAPPO (fixed 60, 3 seeds)",historical,61312000.0,2395.0,511562.14981192123,511562.14981192123
"MAPPO (fixed 60, 3 seeds)",historical,61363200.0,2397.0,511544.984375,511544.984375
"MAPPO (fixed 60, 3 seeds)",historical,61414400.0,2399.0,511933.22229456017,511933.22229456017
"MAPPO (fixed 60, 3 seeds)",historical,61465600.0,2401.0,511862.546730324,511862.546730324
"MAPPO (fixed 60, 3 seeds)",historical,61516800.0,2403.0,511527.824146412,511527.824146412
"MAPPO (fixed 60, 3 seeds)",historical,61568000.0,2405.0,510756.4599247685,510756.4599247685
"MAPPO (fixed 60, 3 seeds)",historical,61619200.0,2407.0,510296.976634838,510296.976634838
"MAPPO (fixed 60, 3 seeds)",historical,61670400.0,2409.0,510355.20645254635,510355.20645254635
"MAPPO (fixed 60, 3 seeds)",historical,61721600.0,2411.0,510727.8810763888,510727.8810763888
"MAPPO (fixed 60, 3 seeds)",historical,61772800.0,2413.0,511202.6506076388,511202.6506076388
"MAPPO (fixed 60, 3 seeds)",historical,61824000.0,2415.0,512236.56698495365,512236.56698495365
"MAPPO (fixed 60, 3 seeds)",historical,61875200.0,2417.0,513024.2721354167,513024.2721354167
"MAPPO (fixed 60, 3 seeds)",historical,61926400.0,2419.0,513471.527488426,513471.527488426
"MAPPO (fixed 60, 3 seeds)",historical,61977600.0,2421.0,513307.54759837966,513307.54759837966
"MAPPO (fixed 60, 3 seeds)",historical,62028800.0,2423.0,513440.4314959491,513440.4314959491
"MAPPO (fixed 60, 3 seeds)",historical,62080000.0,2425.0,513926.46166087966,513926.46166087966
"MAPPO (fixed 60, 3 seeds)",historical,62131200.0,2427.0,514520.8292824074,514520.8292824074
"MAPPO (fixed 60, 3 seeds)",historical,62182400.0,2429.0,514740.02097800927,514740.02097800927
"MAPPO (fixed 60, 3 seeds)",historical,62233600.0,2431.0,514611.30396412034,514611.30396412034
"MAPPO (fixed 60, 3 seeds)",historical,62284800.0,2433.0,514132.4940682871,514132.4940682871
"MAPPO (fixed 60, 3 seeds)",historical,62336000.0,2435.0,513861.96831597225,513861.96831597225
"MAPPO (fixed 60, 3 seeds)",historical,62387200.0,2437.0,513888.279441551,513888.279441551
"MAPPO (fixed 60, 3 seeds)",historical,62438400.0,2439.0,514313.49956597225,514313.49956597225
"MAPPO (fixed 60, 3 seeds)",historical,62489600.0,2441.0,514927.66427951393,514927.66427951393
"MAPPO (fixed 60, 3 seeds)",historical,62540800.0,2443.0,515284.1621817129,515284.1621817129
"MAPPO (fixed 60, 3 seeds)",historical,62592000.0,2445.0,515746.90277777775,515746.90277777775
"MAPPO (fixed 60, 3 seeds)",historical,62643200.0,2447.0,516278.4675925926,516278.4675925926
"MAPPO (fixed 60, 3 seeds)",historical,62694400.0,2449.0,517181.84223090275,517181.84223090275
"MAPPO (fixed 60, 3 seeds)",historical,62745600.0,2451.0,517523.9045138888,517523.9045138888
"MAPPO (fixed 60, 3 seeds)",historical,62796800.0,2453.0,517783.7451533564,517783.7451533564
"MAPPO (fixed 60, 3 seeds)",historical,62848000.0,2455.0,517812.42939814815,517812.42939814815
"MAPPO (fixed 60, 3 seeds)",historical,62899200.0,2457.0,518446.51953125,518446.51953125
"MAPPO (fixed 60, 3 seeds)",historical,62950400.0,2459.0,519023.7057291667,519023.7057291667
"MAPPO (fixed 60, 3 seeds)",historical,63001600.0,2461.0,519602.14713541657,519602.14713541657
"MAPPO (fixed 60, 3 seeds)",historical,63052800.0,2463.0,519822.2754629629,519822.2754629629
"MAPPO (fixed 60, 3 seeds)",historical,63104000.0,2465.0,519951.41355613427,519951.41355613427
"MAPPO (fixed 60, 3 seeds)",historical,63155200.0,2467.0,520011.9571759259,520011.9571759259
"MAPPO (fixed 60, 3 seeds)",historical,63206400.0,2469.0,520294.7920283564,520294.7920283564
"MAPPO (fixed 60, 3 seeds)",historical,63257600.0,2471.0,520483.8198784722,520483.8198784722
"MAPPO (fixed 60, 3 seeds)",historical,63308800.0,2473.0,520693.0612702546,520693.0612702546
"MAPPO (fixed 60, 3 seeds)",historical,63360000.0,2475.0,521034.5208333333,521034.5208333333
"MAPPO (fixed 60, 3 seeds)",historical,63411200.0,2477.0,521408.70370370365,521408.70370370365
"MAPPO (fixed 60, 3 seeds)",historical,63462400.0,2479.0,522056.8907696759,522056.8907696759
"MAPPO (fixed 60, 3 seeds)",historical,63513600.0,2481.0,522263.2638888888,522263.2638888888
"MAPPO (fixed 60, 3 seeds)",historical,63564800.0,2483.0,522804.38802083326,522804.38802083326
"MAPPO (fixed 60, 3 seeds)",historical,63616000.0,2485.0,523119.757667824,523119.757667824
"MAPPO (fixed 60, 3 seeds)",historical,63667200.0,2487.0,523467.628761574,523467.628761574
"MAPPO (fixed 60, 3 seeds)",historical,63718400.0,2489.0,523476.44979745365,523476.44979745365
"MAPPO (fixed 60, 3 seeds)",historical,63769600.0,2491.0,523413.2640335648,523413.2640335648
"MAPPO (fixed 60, 3 seeds)",historical,63820800.0,2493.0,523351.9551504629,523351.9551504629
"MAPPO (fixed 60, 3 seeds)",historical,63872000.0,2495.0,523124.24377893517,523124.24377893517
"MAPPO (fixed 60, 3 seeds)",historical,63923200.0,2497.0,522680.119068287,522680.119068287
"MAPPO (fixed 60, 3 seeds)",historical,63974400.0,2499.0,522135.75506365736,522135.75506365736
"MAPPO (fixed 60, 3 seeds)",historical,64025600.0,2501.0,522068.99131944444,522068.99131944444
"MAPPO (fixed 60, 3 seeds)",historical,64076800.0,2503.0,522434.79267939815,522434.79267939815
"MAPPO (fixed 60, 3 seeds)",historical,64128000.0,2505.0,523226.81495949073,523226.81495949073
"MAPPO (fixed 60, 3 seeds)",historical,64179200.0,2507.0,523920.994068287,523920.994068287
"MAPPO (fixed 60, 3 seeds)",historical,64230400.0,2509.0,524561.185474537,524561.185474537
"MAPPO (fixed 60, 3 seeds)",historical,64281600.0,2511.0,525217.1396122685,525217.1396122685
"MAPPO (fixed 60, 3 seeds)",historical,64332800.0,2513.0,525214.9195601852,525214.9195601852
"MAPPO (fixed 60, 3 seeds)",historical,64384000.0,2515.0,524940.0687210647,524940.0687210647
"MAPPO (fixed 60, 3 seeds)",historical,64435200.0,2517.0,524209.703125,524209.703125
"MAPPO (fixed 60, 3 seeds)",historical,64486400.0,2519.0,524416.533130787,524416.533130787
"MAPPO (fixed 60, 3 seeds)",historical,64537600.0,2521.0,524744.6604456018,524744.6604456018
"MAPPO (fixed 60, 3 seeds)",historical,64588800.0,2523.0,525576.6882233797,525576.6882233797
"MAPPO (fixed 60, 3 seeds)",historical,64640000.0,2525.0,525949.8013599537,525949.8013599537
"MAPPO (fixed 60, 3 seeds)",historical,64691200.0,2527.0,526600.6950231482,526600.6950231482
"MAPPO (fixed 60, 3 seeds)",historical,64742400.0,2529.0,527156.8161168982,527156.8161168982
"MAPPO (fixed 60, 3 seeds)",historical,64793600.0,2531.0,527773.1278935185,527773.1278935185
"MAPPO (fixed 60, 3 seeds)",historical,64844800.0,2533.0,528254.8158275463,528254.8158275463
"MAPPO (fixed 60, 3 seeds)",historical,64896000.0,2535.0,528672.4418402779,528672.4418402779
"MAPPO (fixed 60, 3 seeds)",historical,64947200.0,2537.0,529066.3381076389,529066.3381076389
"MAPPO (fixed 60, 3 seeds)",historical,64998400.0,2539.0,529085.9445891203,529085.9445891203
"MAPPO (fixed 60, 3 seeds)",historical,65049600.0,2541.0,528724.0769675925,528724.0769675925
"MAPPO (fixed 60, 3 seeds)",historical,65100800.0,2543.0,528470.28515625,528470.28515625
"MAPPO (fixed 60, 3 seeds)",historical,65152000.0,2545.0,528915.7560763889,528915.7560763889
"MAPPO (fixed 60, 3 seeds)",historical,65203200.0,2547.0,529575.4130497685,529575.4130497685
"MAPPO (fixed 60, 3 seeds)",historical,65254400.0,2549.0,530158.8469328703,530158.8469328703
"MAPPO (fixed 60, 3 seeds)",historical,65305600.0,2551.0,529875.2385706018,529875.2385706018
"MAPPO (fixed 60, 3 seeds)",historical,65356800.0,2553.0,529670.0031828703,529670.0031828703
"MAPPO (fixed 60, 3 seeds)",historical,65408000.0,2555.0,529183.2611400463,529183.2611400463
"MAPPO (fixed 60, 3 seeds)",historical,65459200.0,2557.0,529040.0464409724,529040.0464409724
"MAPPO (fixed 60, 3 seeds)",historical,65510400.0,2559.0,528916.2271412037,528916.2271412037
"MAPPO (fixed 60, 3 seeds)",historical,65561600.0,2561.0,529362.1508969908,529362.1508969908
"MAPPO (fixed 60, 3 seeds)",historical,65612800.0,2563.0,530260.9266493056,530260.9266493056
"MAPPO (fixed 60, 3 seeds)",historical,65664000.0,2565.0,531579.2429108797,531579.2429108797
"MAPPO (fixed 60, 3 seeds)",historical,65715200.0,2567.0,532513.1161747685,532513.1161747685
"MAPPO (fixed 60, 3 seeds)",historical,65766400.0,2569.0,532962.12109375,532962.12109375
"MAPPO (fixed 60, 3 seeds)",historical,65817600.0,2571.0,532472.5946180555,532472.5946180555
"MAPPO (fixed 60, 3 seeds)",historical,65868800.0,2573.0,532408.546730324,532408.546730324
"MAPPO (fixed 60, 3 seeds)",historical,65920000.0,2575.0,532761.6079282408,532761.6079282408
"MAPPO (fixed 60, 3 seeds)",historical,65971200.0,2577.0,533605.1799768518,533605.1799768518
"MAPPO (fixed 60, 3 seeds)",historical,66022400.0,2579.0,533674.2417534721,533674.2417534721
"MAPPO (fixed 60, 3 seeds)",historical,66073600.0,2581.0,532818.021701389,532818.021701389
"MAPPO (fixed 60, 3 seeds)",historical,66124800.0,2583.0,531687.497974537,531687.497974537
"MAPPO (fixed 60, 3 seeds)",historical,66176000.0,2585.0,530767.3049768518,530767.3049768518
"MAPPO (fixed 60, 3 seeds)",historical,66227200.0,2587.0,530757.1242766203,530757.1242766203
"MAPPO (fixed 60, 3 seeds)",historical,66278400.0,2589.0,531240.4662905093,531240.4662905093
"MAPPO (fixed 60, 3 seeds)",historical,66329600.0,2591.0,532055.4185474537,532055.4185474537
"MAPPO (fixed 60, 3 seeds)",historical,66380800.0,2593.0,532925.4829282407,532925.4829282407
"MAPPO (fixed 60, 3 seeds)",historical,66432000.0,2595.0,533698.9307002315,533698.9307002315
"MAPPO (fixed 60, 3 seeds)",historical,66483200.0,2597.0,534729.3560474537,534729.3560474537
"MAPPO (fixed 60, 3 seeds)",historical,66534400.0,2599.0,535496.621238426,535496.621238426
"MAPPO (fixed 60, 3 seeds)",historical,66585600.0,2601.0,536582.5651041666,536582.5651041666
"MAPPO (fixed 60, 3 seeds)",historical,66636800.0,2603.0,537308.9949363427,537308.9949363427
"MAPPO (fixed 60, 3 seeds)",historical,66688000.0,2605.0,538190.3901909722,538190.3901909722
"MAPPO (fixed 60, 3 seeds)",historical,66739200.0,2607.0,538364.8217592593,538364.8217592593
"MAPPO (fixed 60, 3 seeds)",historical,66790400.0,2609.0,538405.2977430556,538405.2977430556
"MAPPO (fixed 60, 3 seeds)",historical,66841600.0,2611.0,538013.750144676,538013.750144676
"MAPPO (fixed 60, 3 seeds)",historical,66892800.0,2613.0,537947.4299768519,537947.4299768519
"MAPPO (fixed 60, 3 seeds)",historical,66944000.0,2615.0,538281.9984085648,538281.9984085648
"MAPPO (fixed 60, 3 seeds)",historical,66995200.0,2617.0,538806.71875,538806.71875
"MAPPO (fixed 60, 3 seeds)",historical,67046400.0,2619.0,539309.0206886573,539309.0206886573
"MAPPO (fixed 60, 3 seeds)",historical,67097600.0,2621.0,539083.1506076389,539083.1506076389
"MAPPO (fixed 60, 3 seeds)",historical,67148800.0,2623.0,538440.8894675926,538440.8894675926
"MAPPO (fixed 60, 3 seeds)",historical,67200000.0,2625.0,537651.0620659724,537651.0620659724
"MAPPO (fixed 60, 3 seeds)",historical,67251200.0,2627.0,537315.3276909721,537315.3276909721
"MAPPO (fixed 60, 3 seeds)",historical,67302400.0,2629.0,537500.4078414352,537500.4078414352
"MAPPO (fixed 60, 3 seeds)",historical,67353600.0,2631.0,538092.8342013889,538092.8342013889
"MAPPO (fixed 60, 3 seeds)",historical,67404800.0,2633.0,538528.1195023148,538528.1195023148
"MAPPO (fixed 60, 3 seeds)",historical,67456000.0,2635.0,539046.7868923611,539046.7868923611
"MAPPO (fixed 60, 3 seeds)",historical,67507200.0,2637.0,538920.8791956018,538920.8791956018
"MAPPO (fixed 60, 3 seeds)",historical,67558400.0,2639.0,539131.9932002315,539131.9932002315
"MAPPO (fixed 60, 3 seeds)",historical,67609600.0,2641.0,539301.5373263889,539301.5373263889
"MAPPO (fixed 60, 3 seeds)",historical,67660800.0,2643.0,539638.6228298611,539638.6228298611
"MAPPO (fixed 60, 3 seeds)",historical,67712000.0,2645.0,539872.4914641203,539872.4914641203
"MAPPO (fixed 60, 3 seeds)",historical,67763200.0,2647.0,539749.1106770834,539749.1106770834
"MAPPO (fixed 60, 3 seeds)",historical,67814400.0,2649.0,539396.4900173611,539396.4900173611
"MAPPO (fixed 60, 3 seeds)",historical,67865600.0,2651.0,539019.681568287,539019.681568287
"MAPPO (fixed 60, 3 seeds)",historical,67916800.0,2653.0,538954.8679108797,538954.8679108797
"MAPPO (fixed 60, 3 seeds)",historical,67968000.0,2655.0,540114.6503182872,540114.6503182872
"MAPPO (fixed 60, 3 seeds)",historical,68019200.0,2657.0,541395.599826389,541395.599826389
"MAPPO (fixed 60, 3 seeds)",historical,68070400.0,2659.0,542680.4199942129,542680.4199942129
"MAPPO (fixed 60, 3 seeds)",historical,68121600.0,2661.0,542693.2725694445,542693.2725694445
"MAPPO (fixed 60, 3 seeds)",historical,68172800.0,2663.0,542005.3700810185,542005.3700810185
"MAPPO (fixed 60, 3 seeds)",historical,68224000.0,2665.0,540926.070457176,540926.070457176
"MAPPO (fixed 60, 3 seeds)",historical,68275200.0,2667.0,539924.474681713,539924.474681713
"MAPPO (fixed 60, 3 seeds)",historical,68326400.0,2669.0,539348.7622974538,539348.7622974538
"MAPPO (fixed 60, 3 seeds)",historical,68377600.0,2671.0,538792.650607639,538792.650607639
"MAPPO (fixed 60, 3 seeds)",historical,68428800.0,2673.0,538486.1374421297,538486.1374421297
"MAPPO (fixed 60, 3 seeds)",historical,68480000.0,2675.0,538597.6958912037,538597.6958912037
"MAPPO (fixed 60, 3 seeds)",historical,68531200.0,2677.0,539063.0402199074,539063.0402199074
"MAPPO (fixed 60, 3 seeds)",historical,68582400.0,2679.0,539732.056568287,539732.056568287
"MAPPO (fixed 60, 3 seeds)",historical,68633600.0,2681.0,539662.5192418982,539662.5192418982
"MAPPO (fixed 60, 3 seeds)",historical,68684800.0,2683.0,539502.2505787037,539502.2505787037
"MAPPO (fixed 60, 3 seeds)",historical,68736000.0,2685.0,538983.0978009258,538983.0978009258
"MAPPO (fixed 60, 3 seeds)",historical,68787200.0,2687.0,539146.255642361,539146.255642361
"MAPPO (fixed 60, 3 seeds)",historical,68838400.0,2689.0,538406.21484375,538406.21484375
"MAPPO (fixed 60, 3 seeds)",historical,68889600.0,2691.0,538048.4989872685,538048.4989872685
"MAPPO (fixed 60, 3 seeds)",historical,68940800.0,2693.0,536675.779224537,536675.779224537
"MAPPO (fixed 60, 3 seeds)",historical,68992000.0,2695.0,536816.878761574,536816.878761574
"MAPPO (fixed 60, 3 seeds)",historical,69043200.0,2697.0,536805.504050926,536805.504050926
"MAPPO (fixed 60, 3 seeds)",historical,69094400.0,2699.0,537884.550925926,537884.550925926
"MAPPO (fixed 60, 3 seeds)",historical,69145600.0,2701.0,537983.8350694445,537983.8350694445
"MAPPO (fixed 60, 3 seeds)",historical,69196800.0,2703.0,537841.2751736111,537841.2751736111
"MAPPO (fixed 60, 3 seeds)",historical,69248000.0,2705.0,536956.9837962963,536956.9837962963
"MAPPO (fixed 60, 3 seeds)",historical,69299200.0,2707.0,536778.3780381945,536778.3780381945
"MAPPO (fixed 60, 3 seeds)",historical,69350400.0,2709.0,537053.1948784721,537053.1948784721
"MAPPO (fixed 60, 3 seeds)",historical,69401600.0,2711.0,537792.449074074,537792.449074074
"MAPPO (fixed 60, 3 seeds)",historical,69452800.0,2713.0,538149.2151331018,538149.2151331018
"MAPPO (fixed 60, 3 seeds)",historical,69504000.0,2715.0,538192.5305266205,538192.5305266205
"MAPPO (fixed 60, 3 seeds)",historical,69555200.0,2717.0,538074.2355324073,538074.2355324073
"MAPPO (fixed 60, 3 seeds)",historical,69606400.0,2719.0,537980.172019676,537980.172019676
"MAPPO (fixed 60, 3 seeds)",historical,69657600.0,2721.0,537627.7530381945,537627.7530381945
"MAPPO (fixed 60, 3 seeds)",historical,69708800.0,2723.0,537599.8651620371,537599.8651620371
"MAPPO (fixed 60, 3 seeds)",historical,69760000.0,2725.0,537709.7649016205,537709.7649016205
"MAPPO (fixed 60, 3 seeds)",historical,69811200.0,2727.0,538731.9937789352,538731.9937789352
"MAPPO (fixed 60, 3 seeds)",historical,69862400.0,2729.0,539058.5222800925,539058.5222800925
"MAPPO (fixed 60, 3 seeds)",historical,69913600.0,2731.0,539120.9733796295,539120.9733796295
"MAPPO (fixed 60, 3 seeds)",historical,69964800.0,2733.0,537981.6069155092,537981.6069155092
"MAPPO (fixed 60, 3 seeds)",historical,70016000.0,2735.0,537177.5555555555,537177.5555555555
"MAPPO (fixed 60, 3 seeds)",historical,70067200.0,2737.0,536385.906394676,536385.906394676
"MAPPO (fixed 60, 3 seeds)",historical,70118400.0,2739.0,536234.3861400462,536234.3861400462
"MAPPO (fixed 60, 3 seeds)",historical,70169600.0,2741.0,535963.3077256944,535963.3077256944
"MAPPO (fixed 60, 3 seeds)",historical,70220800.0,2743.0,535397.0998263889,535397.0998263889
"MAPPO (fixed 60, 3 seeds)",historical,70272000.0,2745.0,535453.7662037037,535453.7662037037
"MAPPO (fixed 60, 3 seeds)",historical,70323200.0,2747.0,536203.199363426,536203.199363426
"MAPPO (fixed 60, 3 seeds)",historical,70374400.0,2749.0,537520.8984375,537520.8984375
"MAPPO (fixed 60, 3 seeds)",historical,70425600.0,2751.0,537879.734375,537879.734375
"MAPPO (fixed 60, 3 seeds)",historical,70476800.0,2753.0,537446.201099537,537446.201099537
"MAPPO (fixed 60, 3 seeds)",historical,70528000.0,2755.0,537066.7003761573,537066.7003761573
"MAPPO (fixed 60, 3 seeds)",historical,70579200.0,2757.0,537268.7330729166,537268.7330729166
"MAPPO (fixed 60, 3 seeds)",historical,70630400.0,2759.0,537997.2690972221,537997.2690972221
"MAPPO (fixed 60, 3 seeds)",historical,70681600.0,2761.0,538243.3509837963,538243.3509837963
"MAPPO (fixed 60, 3 seeds)",historical,70732800.0,2763.0,537450.048755787,537450.048755787
"MAPPO (fixed 60, 3 seeds)",historical,70784000.0,2765.0,536064.5559895834,536064.5559895834
"MAPPO (fixed 60, 3 seeds)",historical,70835200.0,2767.0,535178.5811631945,535178.5811631945
"MAPPO (fixed 60, 3 seeds)",historical,70886400.0,2769.0,535727.7595486111,535727.7595486111
"MAPPO (fixed 60, 3 seeds)",historical,70937600.0,2771.0,536601.1950231482,536601.1950231482
"MAPPO (fixed 60, 3 seeds)",historical,70988800.0,2773.0,536830.4398148148,536830.4398148148
"MAPPO (fixed 60, 3 seeds)",historical,71040000.0,2775.0,535700.6278935187,535700.6278935187
"MAPPO (fixed 60, 3 seeds)",historical,71091200.0,2777.0,534641.4784432872,534641.4784432872
"MAPPO (fixed 60, 3 seeds)",historical,71142400.0,2779.0,533603.560619213,533603.560619213
"MAPPO (fixed 60, 3 seeds)",historical,71193600.0,2781.0,533434.3295717592,533434.3295717592
"MAPPO (fixed 60, 3 seeds)",historical,71244800.0,2783.0,532985.0899884258,532985.0899884258
"MAPPO (fixed 60, 3 seeds)",historical,71296000.0,2785.0,533215.6685474537,533215.6685474537
"MAPPO (fixed 60, 3 seeds)",historical,71347200.0,2787.0,533068.8783275463,533068.8783275463
"MAPPO (fixed 60, 3 seeds)",historical,71398400.0,2789.0,532997.8210358797,532997.8210358797
"MAPPO (fixed 60, 3 seeds)",historical,71449600.0,2791.0,532553.7410300927,532553.7410300927
"MAPPO (fixed 60, 3 seeds)",historical,71500800.0,2793.0,532103.9706307872,532103.9706307872
"MAPPO (fixed 60, 3 seeds)",historical,71552000.0,2795.0,531680.4985532408,531680.4985532408
"MAPPO (fixed 60, 3 seeds)",historical,71603200.0,2797.0,530586.6909722221,530586.6909722221
"MAPPO (fixed 60, 3 seeds)",historical,71654400.0,2799.0,529699.0326967592,529699.0326967592
"MAPPO (fixed 60, 3 seeds)",historical,71705600.0,2801.0,528870.8917824073,528870.8917824073
"MAPPO (fixed 60, 3 seeds)",historical,71756800.0,2803.0,529247.720630787,529247.720630787
"MAPPO (fixed 60, 3 seeds)",historical,71808000.0,2805.0,529550.5043402779,529550.5043402779
"MAPPO (fixed 60, 3 seeds)",historical,71859200.0,2807.0,529841.8274016203,529841.8274016203
"MAPPO (fixed 60, 3 seeds)",historical,71910400.0,2809.0,529439.6506076389,529439.6506076389
"MAPPO (fixed 60, 3 seeds)",historical,71961600.0,2811.0,529289.5166377315,529289.5166377315
"MAPPO (fixed 60, 3 seeds)",historical,72012800.0,2813.0,529384.5324074073,529384.5324074073
"MAPPO (fixed 60, 3 seeds)",historical,72064000.0,2815.0,530056.636574074,530056.636574074
"MAPPO (fixed 60, 3 seeds)",historical,72115200.0,2817.0,531065.1631944444,531065.1631944444
"MAPPO (fixed 60, 3 seeds)",historical,72166400.0,2819.0,531648.6851851852,531648.6851851852
"MAPPO (fixed 60, 3 seeds)",historical,72217600.0,2821.0,531523.5276331018,531523.5276331018
"MAPPO (fixed 60, 3 seeds)",historical,72268800.0,2823.0,530965.2269965279,530965.2269965279
"MAPPO (fixed 60, 3 seeds)",historical,72320000.0,2825.0,531692.7808159721,531692.7808159721
"MAPPO (fixed 60, 3 seeds)",historical,72371200.0,2827.0,533339.2644675926,533339.2644675926
"MAPPO (fixed 60, 3 seeds)",historical,72422400.0,2829.0,534466.6510416666,534466.6510416666
"MAPPO (fixed 60, 3 seeds)",historical,72473600.0,2831.0,533935.316550926,533935.316550926
"MAPPO (fixed 60, 3 seeds)",historical,72524800.0,2833.0,532439.1399016203,532439.1399016203
"MAPPO (fixed 60, 3 seeds)",historical,72576000.0,2835.0,531606.4405381944,531606.4405381944
"MAPPO (fixed 60, 3 seeds)",historical,72627200.0,2837.0,531409.0993923611,531409.0993923611
"MAPPO (fixed 60, 3 seeds)",historical,72678400.0,2839.0,532331.5520833334,532331.5520833334
"MAPPO (fixed 60, 3 seeds)",historical,72729600.0,2841.0,533059.2936921297,533059.2936921297
"MAPPO (fixed 60, 3 seeds)",historical,72780800.0,2843.0,534019.273582176,534019.273582176
"MAPPO (fixed 60, 3 seeds)",historical,72832000.0,2845.0,534079.2317708334,534079.2317708334
"MAPPO (fixed 60, 3 seeds)",historical,72883200.0,2847.0,534725.9716435185,534725.9716435185
"MAPPO (fixed 60, 3 seeds)",historical,72934400.0,2849.0,535071.1976273148,535071.1976273148
"MAPPO (fixed 60, 3 seeds)",historical,72985600.0,2851.0,535907.4011863427,535907.4011863427
"MAPPO (fixed 60, 3 seeds)",historical,73036800.0,2853.0,535911.609519676,535911.609519676
"MAPPO (fixed 60, 3 seeds)",historical,73088000.0,2855.0,536504.0603298611,536504.0603298611
"MAPPO (fixed 60, 3 seeds)",historical,73139200.0,2857.0,536508.3097511573,536508.3097511573
"MAPPO (fixed 60, 3 seeds)",historical,73190400.0,2859.0,536612.5315393518,536612.5315393518
"MAPPO (fixed 60, 3 seeds)",historical,73241600.0,2861.0,535890.8771701389,535890.8771701389
"MAPPO (fixed 60, 3 seeds)",historical,73292800.0,2863.0,535804.7922453703,535804.7922453703
"MAPPO (fixed 60, 3 seeds)",historical,73344000.0,2865.0,536273.0460069445,536273.0460069445
"MAPPO (fixed 60, 3 seeds)",historical,73395200.0,2867.0,537282.5397858797,537282.5397858797
"MAPPO (fixed 60, 3 seeds)",historical,73446400.0,2869.0,537802.402633102,537802.402633102
"MAPPO (fixed 60, 3 seeds)",historical,73497600.0,2871.0,537898.6491608797,537898.6491608797
"MAPPO (fixed 60, 3 seeds)",historical,73548800.0,2873.0,537775.8971354166,537775.8971354166
"MAPPO (fixed 60, 3 seeds)",historical,73600000.0,2875.0,537823.2786458334,537823.2786458334
"MAPPO (fixed 60, 3 seeds)",historical,73651200.0,2877.0,537938.6144386575,537938.6144386575
"MAPPO (fixed 60, 3 seeds)",historical,73702400.0,2879.0,538005.9823495371,538005.9823495371
"MAPPO (fixed 60, 3 seeds)",historical,73753600.0,2881.0,537877.2839988427,537877.2839988427
"MAPPO (fixed 60, 3 seeds)",historical,73804800.0,2883.0,537751.2546296297,537751.2546296297
"MAPPO (fixed 60, 3 seeds)",historical,73856000.0,2885.0,537635.9642650463,537635.9642650463
"MAPPO (fixed 60, 3 seeds)",historical,73907200.0,2887.0,537978.0915798611,537978.0915798611
"MAPPO (fixed 60, 3 seeds)",historical,73958400.0,2889.0,538578.7346643518,538578.7346643518
"MAPPO (fixed 60, 3 seeds)",historical,74009600.0,2891.0,539411.083912037,539411.083912037
"MAPPO (fixed 60, 3 seeds)",historical,74060800.0,2893.0,539736.8695023148,539736.8695023148
"MAPPO (fixed 60, 3 seeds)",historical,74112000.0,2895.0,539488.2314814815,539488.2314814815
"MAPPO (fixed 60, 3 seeds)",historical,74163200.0,2897.0,539095.3414351852,539095.3414351852
"MAPPO (fixed 60, 3 seeds)",historical,74214400.0,2899.0,539176.1516203703,539176.1516203703
"MAPPO (fixed 60, 3 seeds)",historical,74265600.0,2901.0,539460.1980613425,539460.1980613425
"MAPPO (fixed 60, 3 seeds)",historical,74316800.0,2903.0,539692.4117476852,539692.4117476852
"MAPPO (fixed 60, 3 seeds)",historical,74368000.0,2905.0,539524.2628761573,539524.2628761573
"MAPPO (fixed 60, 3 seeds)",historical,74419200.0,2907.0,539513.3758680556,539513.3758680556
"MAPPO (fixed 60, 3 seeds)",historical,74470400.0,2909.0,539743.0772569445,539743.0772569445
"MAPPO (fixed 60, 3 seeds)",historical,74521600.0,2911.0,540121.0818865742,540121.0818865742
"MAPPO (fixed 60, 3 seeds)",historical,74572800.0,2913.0,540207.7397280092,540207.7397280092
"MAPPO (fixed 60, 3 seeds)",historical,74624000.0,2915.0,539502.0023148148,539502.0023148148
"MAPPO (fixed 60, 3 seeds)",historical,74675200.0,2917.0,538932.4348958334,538932.4348958334
"MAPPO (fixed 60, 3 seeds)",historical,74726400.0,2919.0,538630.070601852,538630.070601852
"MAPPO (fixed 60, 3 seeds)",historical,74777600.0,2921.0,539390.037326389,539390.037326389
"MAPPO (fixed 60, 3 seeds)",historical,74828800.0,2923.0,540217.2173032408,540217.2173032408
"MAPPO (fixed 60, 3 seeds)",historical,74880000.0,2925.0,540910.533275463,540910.533275463
"MAPPO (fixed 60, 3 seeds)",historical,74931200.0,2927.0,540965.7251157407,540965.7251157407
"MAPPO (fixed 60, 3 seeds)",historical,74982400.0,2929.0,540470.0714699073,540470.0714699073
"MAPPO (fixed 60, 3 seeds)",historical,75033600.0,2931.0,540079.8969907407,540079.8969907407
"MAPPO (fixed 60, 3 seeds)",historical,75084800.0,2933.0,539909.247974537,539909.247974537
"MAPPO (fixed 60, 3 seeds)",historical,75136000.0,2935.0,539782.6762152776,539782.6762152776
"MAPPO (fixed 60, 3 seeds)",historical,75187200.0,2937.0,539777.8070023148,539777.8070023148
"MAPPO (fixed 60, 3 seeds)",historical,75238400.0,2939.0,539515.9450231482,539515.9450231482
"MAPPO (fixed 60, 3 seeds)",historical,75289600.0,2941.0,540287.0862268518,540287.0862268518
"MAPPO (fixed 60, 3 seeds)",historical,75340800.0,2943.0,540736.6157407408,540736.6157407408
"MAPPO (fixed 60, 3 seeds)",historical,75392000.0,2945.0,541271.0364583334,541271.0364583334
"MAPPO (fixed 60, 3 seeds)",historical,75443200.0,2947.0,541052.2120949075,541052.2120949075
"MAPPO (fixed 60, 3 seeds)",historical,75494400.0,2949.0,540863.7893518518,540863.7893518518
"MAPPO (fixed 60, 3 seeds)",historical,75545600.0,2951.0,540683.3599537037,540683.3599537037
"MAPPO (fixed 60, 3 seeds)",historical,75596800.0,2953.0,540528.6799768518,540528.6799768518
"MAPPO (fixed 60, 3 seeds)",historical,75648000.0,2955.0,540830.298900463,540830.298900463
"MAPPO (fixed 60, 3 seeds)",historical,75699200.0,2957.0,541475.6753472221,541475.6753472221
"MAPPO (fixed 60, 3 seeds)",historical,75750400.0,2959.0,541708.4137731482,541708.4137731482
"MAPPO (fixed 60, 3 seeds)",historical,75801600.0,2961.0,541233.3943865742,541233.3943865742
"MAPPO (fixed 60, 3 seeds)",historical,75852800.0,2963.0,540854.5535300927,540854.5535300927
"MAPPO (fixed 60, 3 seeds)",historical,75904000.0,2965.0,541099.990451389,541099.990451389
"MAPPO (fixed 60, 3 seeds)",historical,75955200.0,2967.0,541941.5390625,541941.5390625
"MAPPO (fixed 60, 3 seeds)",historical,76006400.0,2969.0,542157.3686342592,542157.3686342592
"MAPPO (fixed 60, 3 seeds)",historical,76057600.0,2971.0,542218.2601273148,542218.2601273148
"MAPPO (fixed 60, 3 seeds)",historical,76108800.0,2973.0,541743.9557291666,541743.9557291666
"MAPPO (fixed 60, 3 seeds)",historical,76160000.0,2975.0,541384.043113426,541384.043113426
"MAPPO (fixed 60, 3 seeds)",historical,76211200.0,2977.0,541234.2844328703,541234.2844328703
"MAPPO (fixed 60, 3 seeds)",historical,76262400.0,2979.0,541595.113136574,541595.113136574
"MAPPO (fixed 60, 3 seeds)",historical,76313600.0,2981.0,542030.4852430556,542030.4852430556
"MAPPO (fixed 60, 3 seeds)",historical,76364800.0,2983.0,541768.9007523148,541768.9007523148
"MAPPO (fixed 60, 3 seeds)",historical,76416000.0,2985.0,541259.685763889,541259.685763889
"MAPPO (fixed 60, 3 seeds)",historical,76467200.0,2987.0,540528.5535300927,540528.5535300927
"MAPPO (fixed 60, 3 seeds)",historical,76518400.0,2989.0,540247.0008680555,540247.0008680555
"MAPPO (fixed 60, 3 seeds)",historical,76569600.0,2991.0,539675.5671296297,539675.5671296297
"MAPPO (fixed 60, 3 seeds)",historical,76620800.0,2993.0,539560.4606481482,539560.4606481482
"MAPPO (fixed 60, 3 seeds)",historical,76672000.0,2995.0,538788.169849537,538788.169849537
"MAPPO (fixed 60, 3 seeds)",historical,76723200.0,2997.0,538656.5164930555,538656.5164930555
"MAPPO (fixed 60, 3 seeds)",historical,76774400.0,2999.0,538670.6828703703,538670.6828703703
"MAPPO (fixed 60, 3 seeds)",historical,76825600.0,3001.0,539672.2063078703,539672.2063078703
"MAPPO (fixed 60, 3 seeds)",historical,76876800.0,3003.0,539950.9675925927,539950.9675925927
"MAPPO (fixed 60, 3 seeds)",historical,76928000.0,3005.0,539633.0483217593,539633.0483217593
"MAPPO (fixed 60, 3 seeds)",historical,76979200.0,3007.0,538970.1574074074,538970.1574074074
"MAPPO (fixed 60, 3 seeds)",historical,77030400.0,3009.0,538904.9001736111,538904.9001736111
"MAPPO (fixed 60, 3 seeds)",historical,77081600.0,3011.0,538832.9664351852,538832.9664351852
"MAPPO (fixed 60, 3 seeds)",historical,77132800.0,3013.0,538823.6487268518,538823.6487268518
"MAPPO (fixed 60, 3 seeds)",historical,77184000.0,3015.0,538781.2126736111,538781.2126736111
"MAPPO (fixed 60, 3 seeds)",historical,77235200.0,3017.0,539247.9600694445,539247.9600694445
"MAPPO (fixed 60, 3 seeds)",historical,77286400.0,3019.0,539831.8434606482,539831.8434606482
"MAPPO (fixed 60, 3 seeds)",historical,77337600.0,3021.0,540254.9351851852,540254.9351851852
"MAPPO (fixed 60, 3 seeds)",historical,77388800.0,3023.0,540891.988425926,540891.988425926
"MAPPO (fixed 60, 3 seeds)",historical,77440000.0,3025.0,541479.7751736111,541479.7751736111
"MAPPO (fixed 60, 3 seeds)",historical,77491200.0,3027.0,541875.5026041666,541875.5026041666
"MAPPO (fixed 60, 3 seeds)",historical,77542400.0,3029.0,541365.0341435185,541365.0341435185
"MAPPO (fixed 60, 3 seeds)",historical,77593600.0,3031.0,540714.1663773148,540714.1663773148
"MAPPO (fixed 60, 3 seeds)",historical,77644800.0,3033.0,540855.3451967593,540855.3451967593
"MAPPO (fixed 60, 3 seeds)",historical,77696000.0,3035.0,541351.3148148148,541351.3148148148
"MAPPO (fixed 60, 3 seeds)",historical,77747200.0,3037.0,541767.1822916666,541767.1822916666
"MAPPO (fixed 60, 3 seeds)",historical,77798400.0,3039.0,541214.4108796297,541214.4108796297
"MAPPO (fixed 60, 3 seeds)",historical,77849600.0,3041.0,540778.6313657408,540778.6313657408
"MAPPO (fixed 60, 3 seeds)",historical,77900800.0,3043.0,540571.738425926,540571.738425926
"MAPPO (fixed 60, 3 seeds)",historical,77952000.0,3045.0,540834.8570601852,540834.8570601852
"MAPPO (fixed 60, 3 seeds)",historical,78003200.0,3047.0,541375.7265625,541375.7265625
"MAPPO (fixed 60, 3 seeds)",historical,78054400.0,3049.0,541345.4302662037,541345.4302662037
"MAPPO (fixed 60, 3 seeds)",historical,78105600.0,3051.0,541383.3049768518,541383.3049768518
"MAPPO (fixed 60, 3 seeds)",historical,78156800.0,3053.0,541089.7633101852,541089.7633101852
"MAPPO (fixed 60, 3 seeds)",historical,78208000.0,3055.0,541254.2453703705,541254.2453703705
"MAPPO (fixed 60, 3 seeds)",historical,78259200.0,3057.0,541117.6782407408,541117.6782407408
"MAPPO (fixed 60, 3 seeds)",historical,78310400.0,3059.0,540836.1843171297,540836.1843171297
"MAPPO (fixed 60, 3 seeds)",historical,78361600.0,3061.0,540393.5746527776,540393.5746527776
"MAPPO (fixed 60, 3 seeds)",historical,78412800.0,3063.0,539778.7708333333,539778.7708333333
"MAPPO (fixed 60, 3 seeds)",historical,78464000.0,3065.0,539464.4398148148,539464.4398148148
"MAPPO (fixed 60, 3 seeds)",historical,78515200.0,3067.0,539381.6469907407,539381.6469907407
"MAPPO (fixed 60, 3 seeds)",historical,78566400.0,3069.0,539840.8663194445,539840.8663194445
"MAPPO (fixed 60, 3 seeds)",historical,78617600.0,3071.0,540051.0824652779,540051.0824652779
"MAPPO (fixed 60, 3 seeds)",historical,78668800.0,3073.0,540085.1958912037,540085.1958912037
"MAPPO (fixed 60, 3 seeds)",historical,78720000.0,3075.0,539686.1339699074,539686.1339699074
"MAPPO (fixed 60, 3 seeds)",historical,78771200.0,3077.0,539641.3208912038,539641.3208912038
"MAPPO (fixed 60, 3 seeds)",historical,78822400.0,3079.0,539608.4791666666,539608.4791666666
"MAPPO (fixed 60, 3 seeds)",historical,78873600.0,3081.0,539943.0509259258,539943.0509259258
"MAPPO (fixed 60, 3 seeds)",historical,78924800.0,3083.0,539237.5737847221,539237.5737847221
"MAPPO (fixed 60, 3 seeds)",historical,78976000.0,3085.0,538620.890335648,538620.890335648
"MAPPO (fixed 60, 3 seeds)",historical,79027200.0,3087.0,537720.9597800925,537720.9597800925
"MAPPO (fixed 60, 3 seeds)",historical,79078400.0,3089.0,538430.004050926,538430.004050926
"MAPPO (fixed 60, 3 seeds)",historical,79129600.0,3091.0,539355.4910300927,539355.4910300927
"MAPPO (fixed 60, 3 seeds)",historical,79180800.0,3093.0,540499.7398726853,540499.7398726853
"MAPPO (fixed 60, 3 seeds)",historical,79232000.0,3095.0,540671.4265046297,540671.4265046297
"MAPPO (fixed 60, 3 seeds)",historical,79283200.0,3097.0,540311.8874421297,540311.8874421297
"MAPPO (fixed 60, 3 seeds)",historical,79334400.0,3099.0,539663.8297164352,539663.8297164352
"MAPPO (fixed 60, 3 seeds)",historical,79385600.0,3101.0,539127.449074074,539127.449074074
"MAPPO (fixed 60, 3 seeds)",historical,79436800.0,3103.0,538933.3169849537,538933.3169849537
"MAPPO (fixed 60, 3 seeds)",historical,79488000.0,3105.0,539128.8715277779,539128.8715277779
"MAPPO (fixed 60, 3 seeds)",historical,79539200.0,3107.0,539414.5264756945,539414.5264756945
"MAPPO (fixed 60, 3 seeds)",historical,79590400.0,3109.0,539866.3910590279,539866.3910590279
"MAPPO (fixed 60, 3 seeds)",historical,79641600.0,3111.0,539691.4218750001,539691.4218750001
"MAPPO (fixed 60, 3 seeds)",historical,79692800.0,3113.0,539759.9140625,539759.9140625
"MAPPO (fixed 60, 3 seeds)",historical,79744000.0,3115.0,539640.3097511573,539640.3097511573
"MAPPO (fixed 60, 3 seeds)",historical,79795200.0,3117.0,540658.2193287037,540658.2193287037
"MAPPO (fixed 60, 3 seeds)",historical,79846400.0,3119.0,541484.6870659724,541484.6870659724
"MAPPO (fixed 60, 3 seeds)",historical,79897600.0,3121.0,542286.8151041666,542286.8151041666
"MAPPO (fixed 60, 3 seeds)",historical,79948800.0,3123.0,542156.0756655093,542156.0756655093
"MAPPO (fixed 60, 3 seeds)",historical,80000000.0,3125.0,541875.6315104166,541875.6315104166
"MAPPO (fixed 60, 3 seeds)",historical,80051200.0,3127.0,541266.8655960648,541266.8655960648
"MAPPO (fixed 60, 3 seeds)",historical,80102400.0,3129.0,540665.2311921297,540665.2311921297
"MAPPO (fixed 60, 3 seeds)",historical,80153600.0,3131.0,540172.8022280093,540172.8022280093
"MAPPO (fixed 60, 3 seeds)",historical,80204800.0,3133.0,540029.1046006945,540029.1046006945
"MAPPO (fixed 60, 3 seeds)",historical,80256000.0,3135.0,539806.0502025463,539806.0502025463
"MAPPO (fixed 60, 3 seeds)",historical,80307200.0,3137.0,539278.9599247685,539278.9599247685
"MAPPO (fixed 60, 3 seeds)",historical,80358400.0,3139.0,538458.5209780092,538458.5209780092
"MAPPO (fixed 60, 3 seeds)",historical,80409600.0,3141.0,538090.8232060185,538090.8232060185
"MAPPO (fixed 60, 3 seeds)",historical,80460800.0,3143.0,537966.2465277779,537966.2465277779
"MAPPO (fixed 60, 3 seeds)",historical,80512000.0,3145.0,538020.361400463,538020.361400463
"MAPPO (fixed 60, 3 seeds)",historical,80563200.0,3147.0,537705.6662326389,537705.6662326389
"MAPPO (fixed 60, 3 seeds)",historical,80614400.0,3149.0,537478.2097800926,537478.2097800926
"MAPPO (fixed 60, 3 seeds)",historical,80665600.0,3151.0,537672.4263599537,537672.4263599537
"MAPPO (fixed 60, 3 seeds)",historical,80716800.0,3153.0,538231.1711516203,538231.1711516203
"MAPPO (fixed 60, 3 seeds)",historical,80768000.0,3155.0,538533.4850983795,538533.4850983795
"MAPPO (fixed 60, 3 seeds)",historical,80819200.0,3157.0,538314.8933738425,538314.8933738425
"MAPPO (fixed 60, 3 seeds)",historical,80870400.0,3159.0,537963.4126157407,537963.4126157407
"MAPPO (fixed 60, 3 seeds)",historical,80921600.0,3161.0,538096.0632233797,538096.0632233797
"MAPPO (fixed 60, 3 seeds)",historical,80972800.0,3163.0,538653.8699363427,538653.8699363427
"MAPPO (fixed 60, 3 seeds)",historical,81024000.0,3165.0,539313.1047453705,539313.1047453705
"MAPPO (fixed 60, 3 seeds)",historical,81075200.0,3167.0,539361.3201678242,539361.3201678242
"MAPPO (fixed 60, 3 seeds)",historical,81126400.0,3169.0,539110.9422743055,539110.9422743055
"MAPPO (fixed 60, 3 seeds)",historical,81177600.0,3171.0,538568.0457175925,538568.0457175925
"MAPPO (fixed 60, 3 seeds)",historical,81228800.0,3173.0,538612.9661458331,538612.9661458331
"MAPPO (fixed 60, 3 seeds)",historical,81280000.0,3175.0,538333.5726273147,538333.5726273147
"MAPPO (fixed 60, 3 seeds)",historical,81331200.0,3177.0,538292.4473379629,538292.4473379629
"MAPPO (fixed 60, 3 seeds)",historical,81382400.0,3179.0,537768.9541377315,537768.9541377315
"MAPPO (fixed 60, 3 seeds)",historical,81433600.0,3181.0,537558.9874131945,537558.9874131945
"MAPPO (fixed 60, 3 seeds)",historical,81484800.0,3183.0,537118.0315393518,537118.0315393518
"MAPPO (fixed 60, 3 seeds)",historical,81536000.0,3185.0,536992.4066840278,536992.4066840278
"MAPPO (fixed 60, 3 seeds)",historical,81587200.0,3187.0,537243.6142939813,537243.6142939813
"MAPPO (fixed 60, 3 seeds)",historical,81638400.0,3189.0,537888.228443287,537888.228443287
"MAPPO (fixed 60, 3 seeds)",historical,81689600.0,3191.0,538481.699363426,538481.699363426
"MAPPO (fixed 60, 3 seeds)",historical,81740800.0,3193.0,538652.1005497685,538652.1005497685
"MAPPO (fixed 60, 3 seeds)",historical,81792000.0,3195.0,538495.0494791666,538495.0494791666
"MAPPO (fixed 60, 3 seeds)",historical,81843200.0,3197.0,538539.0561342592,538539.0561342592
"MAPPO (fixed 60, 3 seeds)",historical,81894400.0,3199.0,538904.066550926,538904.066550926
"MAPPO (fixed 60, 3 seeds)",historical,81945600.0,3201.0,539375.26953125,539375.26953125
"MAPPO (fixed 60, 3 seeds)",historical,81996800.0,3203.0,539090.5379050925,539090.5379050925
"MAPPO (fixed 60, 3 seeds)",historical,82048000.0,3205.0,538575.5859374999,538575.5859374999
"MAPPO (fixed 60, 3 seeds)",historical,82099200.0,3207.0,538106.445167824,538106.445167824
"MAPPO (fixed 60, 3 seeds)",historical,82150400.0,3209.0,538514.9105902779,538514.9105902779
"MAPPO (fixed 60, 3 seeds)",historical,82201600.0,3211.0,538915.4101562501,538915.4101562501
"MAPPO (fixed 60, 3 seeds)",historical,82252800.0,3213.0,539464.7489872687,539464.7489872687
"MAPPO (fixed 60, 3 seeds)",historical,82304000.0,3215.0,540159.7024016205,540159.7024016205
"MAPPO (fixed 60, 3 seeds)",historical,82355200.0,3217.0,540884.7313368056,540884.7313368056
"MAPPO (fixed 60, 3 seeds)",historical,82406400.0,3219.0,541533.1331018518,541533.1331018518
"MAPPO (fixed 60, 3 seeds)",historical,82457600.0,3221.0,541830.6481481482,541830.6481481482
"MAPPO (fixed 60, 3 seeds)",historical,82508800.0,3223.0,542212.0776909721,542212.0776909721
"MAPPO (fixed 60, 3 seeds)",historical,82560000.0,3225.0,542319.0493344908,542319.0493344908
"MAPPO (fixed 60, 3 seeds)",historical,82611200.0,3227.0,541950.2975983797,541950.2975983797
"MAPPO (fixed 60, 3 seeds)",historical,82662400.0,3229.0,541447.3929398148,541447.3929398148
"MAPPO (fixed 60, 3 seeds)",historical,82713600.0,3231.0,541285.1527777776,541285.1527777776
"MAPPO (fixed 60, 3 seeds)",historical,82764800.0,3233.0,541379.7798032407,541379.7798032407
"MAPPO (fixed 60, 3 seeds)",historical,82816000.0,3235.0,541463.9897280092,541463.9897280092
"MAPPO (fixed 60, 3 seeds)",historical,82867200.0,3237.0,541151.9156539352,541151.9156539352
"MAPPO (fixed 60, 3 seeds)",historical,82918400.0,3239.0,540953.4963831018,540953.4963831018
"MAPPO (fixed 60, 3 seeds)",historical,82969600.0,3241.0,541391.8777488427,541391.8777488427
"MAPPO (fixed 60, 3 seeds)",historical,83020800.0,3243.0,542396.3446180556,542396.3446180556
"MAPPO (fixed 60, 3 seeds)",historical,83072000.0,3245.0,543756.474826389,543756.474826389
"MAPPO (fixed 60, 3 seeds)",historical,83123200.0,3247.0,544383.4832175927,544383.4832175927
"MAPPO (fixed 60, 3 seeds)",historical,83174400.0,3249.0,544773.0289351852,544773.0289351852
"MAPPO (fixed 60, 3 seeds)",historical,83225600.0,3251.0,544674.4377893518,544674.4377893518
"MAPPO (fixed 60, 3 seeds)",historical,83276800.0,3253.0,544603.1692708334,544603.1692708334
"MAPPO (fixed 60, 3 seeds)",historical,83328000.0,3255.0,544783.4840856482,544783.4840856482
"MAPPO (fixed 60, 3 seeds)",historical,83379200.0,3257.0,545287.3700810185,545287.3700810185
"MAPPO (fixed 60, 3 seeds)",historical,83430400.0,3259.0,545937.6692708334,545937.6692708334
"MAPPO (fixed 60, 3 seeds)",historical,83481600.0,3261.0,545503.8472222224,545503.8472222224
"MAPPO (fixed 60, 3 seeds)",historical,83532800.0,3263.0,544450.2135416666,544450.2135416666
"MAPPO (fixed 60, 3 seeds)",historical,83584000.0,3265.0,543913.3446180556,543913.3446180556
"MAPPO (fixed 60, 3 seeds)",historical,83635200.0,3267.0,544299.6377314815,544299.6377314815
"MAPPO (fixed 60, 3 seeds)",historical,83686400.0,3269.0,545418.5813078703,545418.5813078703
"MAPPO (fixed 60, 3 seeds)",historical,83737600.0,3271.0,545806.890625,545806.890625
"MAPPO (fixed 60, 3 seeds)",historical,83788800.0,3273.0,546308.4464699073,546308.4464699073
"MAPPO (fixed 60, 3 seeds)",historical,83840000.0,3275.0,546752.2960069444,546752.2960069444
"MAPPO (fixed 60, 3 seeds)",historical,83891200.0,3277.0,547219.7905092592,547219.7905092592
"MAPPO (fixed 60, 3 seeds)",historical,83942400.0,3279.0,547360.3608217592,547360.3608217592
"MAPPO (fixed 60, 3 seeds)",historical,83993600.0,3281.0,547127.7008101852,547127.7008101852
"MAPPO (fixed 60, 3 seeds)",historical,84044800.0,3283.0,546858.7569444444,546858.7569444444
"MAPPO (fixed 60, 3 seeds)",historical,84096000.0,3285.0,546397.1064814815,546397.1064814815
"MAPPO (fixed 60, 3 seeds)",historical,84147200.0,3287.0,545502.3587962963,545502.3587962963
"MAPPO (fixed 60, 3 seeds)",historical,84198400.0,3289.0,544941.2916666666,544941.2916666666
"MAPPO (fixed 60, 3 seeds)",historical,84249600.0,3291.0,544561.560474537,544561.560474537
"MAPPO (fixed 60, 3 seeds)",historical,84300800.0,3293.0,544973.7711226852,544973.7711226852
"MAPPO (fixed 60, 3 seeds)",historical,84352000.0,3295.0,545592.7708333334,545592.7708333334
"MAPPO (fixed 60, 3 seeds)",historical,84403200.0,3297.0,546448.4076967593,546448.4076967593
"MAPPO (fixed 60, 3 seeds)",historical,84454400.0,3299.0,546911.4403935185,546911.4403935185
"MAPPO (fixed 60, 3 seeds)",historical,84505600.0,3301.0,546939.1906828703,546939.1906828703
"MAPPO (fixed 60, 3 seeds)",historical,84556800.0,3303.0,546341.6200810185,546341.6200810185
"MAPPO (fixed 60, 3 seeds)",historical,84608000.0,3305.0,545934.7931134258,545934.7931134258
"MAPPO (fixed 60, 3 seeds)",historical,84659200.0,3307.0,545254.7530381944,545254.7530381944
"MAPPO (fixed 60, 3 seeds)",historical,84710400.0,3309.0,545048.7144097221,545048.7144097221
"MAPPO (fixed 60, 3 seeds)",historical,84761600.0,3311.0,544497.0166377315,544497.0166377315
"MAPPO (fixed 60, 3 seeds)",historical,84812800.0,3313.0,544467.9994212963,544467.9994212963
"MAPPO (fixed 60, 3 seeds)",historical,84864000.0,3315.0,544264.8271122685,544264.8271122685
"MAPPO (fixed 60, 3 seeds)",historical,84915200.0,3317.0,544251.1533564815,544251.1533564815
"MAPPO (fixed 60, 3 seeds)",historical,84966400.0,3319.0,544358.9716435185,544358.9716435185
"MAPPO (fixed 60, 3 seeds)",historical,85017600.0,3321.0,544508.9270833334,544508.9270833334
"MAPPO (fixed 60, 3 seeds)",historical,85068800.0,3323.0,545133.6168981482,545133.6168981482
"MAPPO (fixed 60, 3 seeds)",historical,85120000.0,3325.0,545732.3784722221,545732.3784722221
"MAPPO (fixed 60, 3 seeds)",historical,85171200.0,3327.0,546582.1166087963,546582.1166087963
"MAPPO (fixed 60, 3 seeds)",historical,85222400.0,3329.0,546822.3043981482,546822.3043981482
"MAPPO (fixed 60, 3 seeds)",historical,85273600.0,3331.0,546526.1111111111,546526.1111111111
"MAPPO (fixed 60, 3 seeds)",historical,85324800.0,3333.0,546568.5656828703,546568.5656828703
"MAPPO (fixed 60, 3 seeds)",historical,85376000.0,3335.0,547178.4273726852,547178.4273726852
"MAPPO (fixed 60, 3 seeds)",historical,85427200.0,3337.0,548235.9149305555,548235.9149305555
"MAPPO (fixed 60, 3 seeds)",historical,85478400.0,3339.0,548453.818287037,548453.818287037
"MAPPO (fixed 60, 3 seeds)",historical,85529600.0,3341.0,548296.2329282407,548296.2329282407
"MAPPO (fixed 60, 3 seeds)",historical,85580800.0,3343.0,547753.5980902779,547753.5980902779
"MAPPO (fixed 60, 3 seeds)",historical,85632000.0,3345.0,547152.4988425927,547152.4988425927
"MAPPO (fixed 60, 3 seeds)",historical,85683200.0,3347.0,545918.666232639,545918.666232639
"MAPPO (fixed 60, 3 seeds)",historical,85734400.0,3349.0,544672.7526041666,544672.7526041666
"MAPPO (fixed 60, 3 seeds)",historical,85785600.0,3351.0,543609.9367766203,543609.9367766203
"MAPPO (fixed 60, 3 seeds)",historical,85836800.0,3353.0,543756.7560763889,543756.7560763889
"MAPPO (fixed 60, 3 seeds)",historical,85888000.0,3355.0,544243.2981770834,544243.2981770834
"MAPPO (fixed 60, 3 seeds)",historical,85939200.0,3357.0,545557.4612268518,545557.4612268518
"MAPPO (fixed 60, 3 seeds)",historical,85990400.0,3359.0,545866.3640046297,545866.3640046297
"MAPPO (fixed 60, 3 seeds)",historical,86041600.0,3361.0,546023.9568865742,546023.9568865742
"MAPPO (fixed 60, 3 seeds)",historical,86092800.0,3363.0,544822.2042824075,544822.2042824075
"MAPPO (fixed 60, 3 seeds)",historical,86144000.0,3365.0,544205.1892361111,544205.1892361111
"MAPPO (fixed 60, 3 seeds)",historical,86195200.0,3367.0,543647.4001736111,543647.4001736111
"MAPPO (fixed 60, 3 seeds)",historical,86246400.0,3369.0,543779.0361689817,543779.0361689817
"MAPPO (fixed 60, 3 seeds)",historical,86297600.0,3371.0,543881.846064815,543881.846064815
"MAPPO (fixed 60, 3 seeds)",historical,86348800.0,3373.0,543725.7922453705,543725.7922453705
"MAPPO (fixed 60, 3 seeds)",historical,86400000.0,3375.0,543682.2213541666,543682.2213541666
"MAPPO (fixed 60, 3 seeds)",historical,86451200.0,3377.0,543216.1941550925,543216.1941550925
"MAPPO (fixed 60, 3 seeds)",historical,86502400.0,3379.0,543311.4105902778,543311.4105902778
"MAPPO (fixed 60, 3 seeds)",historical,86553600.0,3381.0,543159.9956597221,543159.9956597221
"MAPPO (fixed 60, 3 seeds)",historical,86604800.0,3383.0,543795.9207175927,543795.9207175927
"MAPPO (fixed 60, 3 seeds)",historical,86656000.0,3385.0,544059.8744212963,544059.8744212963
"MAPPO (fixed 60, 3 seeds)",historical,86707200.0,3387.0,544974.9403935185,544974.9403935185
"MAPPO (fixed 60, 3 seeds)",historical,86758400.0,3389.0,545446.65625,545446.65625
"MAPPO (fixed 60, 3 seeds)",historical,86809600.0,3391.0,546084.0691550925,546084.0691550925
"MAPPO (fixed 60, 3 seeds)",historical,86860800.0,3393.0,546438.3434606482,546438.3434606482
"MAPPO (fixed 60, 3 seeds)",historical,86912000.0,3395.0,546789.1432291666,546789.1432291666
"MAPPO (fixed 60, 3 seeds)",historical,86963200.0,3397.0,547613.6710069444,547613.6710069444
"MAPPO (fixed 60, 3 seeds)",historical,87014400.0,3399.0,547942.6611689815,547942.6611689815
"MAPPO (fixed 60, 3 seeds)",historical,87065600.0,3401.0,548315.6342592592,548315.6342592592
"MAPPO (fixed 60, 3 seeds)",historical,87116800.0,3403.0,547902.240162037,547902.240162037
"MAPPO (fixed 60, 3 seeds)",historical,87168000.0,3405.0,548119.3368055556,548119.3368055556
"MAPPO (fixed 60, 3 seeds)",historical,87219200.0,3407.0,548533.3295717592,548533.3295717592
"MAPPO (fixed 60, 3 seeds)",historical,87270400.0,3409.0,549192.3544560185,549192.3544560185
"MAPPO (fixed 60, 3 seeds)",historical,87321600.0,3411.0,549839.3136574073,549839.3136574073
"MAPPO (fixed 60, 3 seeds)",historical,87372800.0,3413.0,549875.1970486111,549875.1970486111
"MAPPO (fixed 60, 3 seeds)",historical,87424000.0,3415.0,549985.4484953703,549985.4484953703
"MAPPO (fixed 60, 3 seeds)",historical,87475200.0,3417.0,549279.4719328703,549279.4719328703
"MAPPO (fixed 60, 3 seeds)",historical,87526400.0,3419.0,548944.9971064815,548944.9971064815
"MAPPO (fixed 60, 3 seeds)",historical,87577600.0,3421.0,548113.6310763889,548113.6310763889
"MAPPO (fixed 60, 3 seeds)",historical,87628800.0,3423.0,547562.8978587963,547562.8978587963
"MAPPO (fixed 60, 3 seeds)",historical,87680000.0,3425.0,546875.2722800926,546875.2722800926
"MAPPO (fixed 60, 3 seeds)",historical,87731200.0,3427.0,546864.6006944445,546864.6006944445
"MAPPO (fixed 60, 3 seeds)",historical,87782400.0,3429.0,547656.8978587963,547656.8978587963
"MAPPO (fixed 60, 3 seeds)",historical,87833600.0,3431.0,549227.1151620371,549227.1151620371
"MAPPO (fixed 60, 3 seeds)",historical,87884800.0,3433.0,550284.8171296297,550284.8171296297
"MAPPO (fixed 60, 3 seeds)",historical,87936000.0,3435.0,550745.0967881945,550745.0967881945
"MAPPO (fixed 60, 3 seeds)",historical,87987200.0,3437.0,550202.677662037,550202.677662037
"MAPPO (fixed 60, 3 seeds)",historical,88038400.0,3439.0,550247.1070601852,550247.1070601852
"MAPPO (fixed 60, 3 seeds)",historical,88089600.0,3441.0,550211.7109375,550211.7109375
"MAPPO (fixed 60, 3 seeds)",historical,88140800.0,3443.0,550621.7418981482,550621.7418981482
"MAPPO (fixed 60, 3 seeds)",historical,88192000.0,3445.0,550628.1354166666,550628.1354166666
"MAPPO (fixed 60, 3 seeds)",historical,88243200.0,3447.0,550740.6461226852,550740.6461226852
"MAPPO (fixed 60, 3 seeds)",historical,88294400.0,3449.0,550640.5795717593,550640.5795717593
"MAPPO (fixed 60, 3 seeds)",historical,88345600.0,3451.0,550680.3797743056,550680.3797743056
"MAPPO (fixed 60, 3 seeds)",historical,88396800.0,3453.0,550959.6184895834,550959.6184895834
"MAPPO (fixed 60, 3 seeds)",historical,88448000.0,3455.0,551433.785011574,551433.785011574
"MAPPO (fixed 60, 3 seeds)",historical,88499200.0,3457.0,552060.4344618055,552060.4344618055
"MAPPO (fixed 60, 3 seeds)",historical,88550400.0,3459.0,552161.8214699075,552161.8214699075
"MAPPO (fixed 60, 3 seeds)",historical,88601600.0,3461.0,552462.9506655093,552462.9506655093
"MAPPO (fixed 60, 3 seeds)",historical,88652800.0,3463.0,552503.4561631945,552503.4561631945
"MAPPO (fixed 60, 3 seeds)",historical,88704000.0,3465.0,552774.9700520834,552774.9700520834
"MAPPO (fixed 60, 3 seeds)",historical,88755200.0,3467.0,552506.1273148148,552506.1273148148
"MAPPO (fixed 60, 3 seeds)",historical,88806400.0,3469.0,552060.8797743055,552060.8797743055
"MAPPO (fixed 60, 3 seeds)",historical,88857600.0,3471.0,551453.6859085647,551453.6859085647
"MAPPO (fixed 60, 3 seeds)",historical,88908800.0,3473.0,551191.2769097221,551191.2769097221
"MAPPO (fixed 60, 3 seeds)",historical,88960000.0,3475.0,551147.706886574,551147.706886574
"MAPPO (fixed 60, 3 seeds)",historical,89011200.0,3477.0,551676.26171875,551676.26171875
"MAPPO (fixed 60, 3 seeds)",historical,89062400.0,3479.0,552220.1174768518,552220.1174768518
"MAPPO (fixed 60, 3 seeds)",historical,89113600.0,3481.0,552611.2965856482,552611.2965856482
"MAPPO (fixed 60, 3 seeds)",historical,89164800.0,3483.0,552938.791087963,552938.791087963
"MAPPO (fixed 60, 3 seeds)",historical,89216000.0,3485.0,553020.5852141205,553020.5852141205
"MAPPO (fixed 60, 3 seeds)",historical,89267200.0,3487.0,553416.0010127315,553416.0010127315
"MAPPO (fixed 60, 3 seeds)",historical,89318400.0,3489.0,552943.4563078703,552943.4563078703
"MAPPO (fixed 60, 3 seeds)",historical,89369600.0,3491.0,552871.8386863427,552871.8386863427
"MAPPO (fixed 60, 3 seeds)",historical,89420800.0,3493.0,552464.1958912037,552464.1958912037
"MAPPO (fixed 60, 3 seeds)",historical,89472000.0,3495.0,552681.9596354166,552681.9596354166
"MAPPO (fixed 60, 3 seeds)",historical,89523200.0,3497.0,552454.8820167825,552454.8820167825
"MAPPO (fixed 60, 3 seeds)",historical,89574400.0,3499.0,552451.3863932292,552451.3863932292
"DC-PPO (fixed 60, 3 seeds)",historical,25600.0,1.0,123880.4013264974,123880.4013264974
"DC-PPO (fixed 60, 3 seeds)",historical,76800.0,3.0,130177.36589445891,130177.36589445891
"DC-PPO (fixed 60, 3 seeds)",historical,128000.0,5.0,143328.83881293403,143328.83881293403
"DC-PPO (fixed 60, 3 seeds)",historical,179200.0,7.0,158379.4080222801,158379.4080222801
"DC-PPO (fixed 60, 3 seeds)",historical,230400.0,9.0,171677.39814814818,171677.39814814818
"DC-PPO (fixed 60, 3 seeds)",historical,281600.0,11.0,181684.80584490742,181684.80584490742
"DC-PPO (fixed 60, 3 seeds)",historical,332800.0,13.0,189167.8330439815,189167.8330439815
"DC-PPO (fixed 60, 3 seeds)",historical,384000.0,15.0,195254.94856770834,195254.94856770834
"DC-PPO (fixed 60, 3 seeds)",historical,435200.0,17.0,200907.1715133102,200907.1715133102
"DC-PPO (fixed 60, 3 seeds)",historical,486400.0,19.0,206433.75202546295,206433.75202546295
"DC-PPO (fixed 60, 3 seeds)",historical,537600.0,21.0,212320.5078125,212320.5078125
"DC-PPO (fixed 60, 3 seeds)",historical,588800.0,23.0,218149.87181712964,218149.87181712964
"DC-PPO (fixed 60, 3 seeds)",historical,640000.0,25.0,224229.1512586806,224229.1512586806
"DC-PPO (fixed 60, 3 seeds)",historical,691200.0,27.0,229610.39228877318,229610.39228877318
"DC-PPO (fixed 60, 3 seeds)",historical,742400.0,29.0,234767.2845775463,234767.2845775463
"DC-PPO (fixed 60, 3 seeds)",historical,793600.0,31.0,239233.10112847222,239233.10112847222
"DC-PPO (fixed 60, 3 seeds)",historical,844800.0,33.0,243976.45298032407,243976.45298032407
"DC-PPO (fixed 60, 3 seeds)",historical,896000.0,35.0,249059.9224537037,249059.9224537037
"DC-PPO (fixed 60, 3 seeds)",historical,947200.0,37.0,254318.92592592593,254318.92592592593
"DC-PPO (fixed 60, 3 seeds)",historical,998400.0,39.0,259219.828125,259219.828125
"DC-PPO (fixed 60, 3 seeds)",historical,1049600.0,41.0,263154.0833333333,263154.0833333333
"DC-PPO (fixed 60, 3 seeds)",historical,1100800.0,43.0,267035.1014178241,267035.1014178241
"DC-PPO (fixed 60, 3 seeds)",historical,1152000.0,45.0,270870.830150463,270870.830150463
"DC-PPO (fixed 60, 3 seeds)",historical,1203200.0,47.0,275106.455005787,275106.455005787
"DC-PPO (fixed 60, 3 seeds)",historical,1254400.0,49.0,278965.57870370365,278965.57870370365
"DC-PPO (fixed 60, 3 seeds)",historical,1305600.0,51.0,282295.72583912034,282295.72583912034
"DC-PPO (fixed 60, 3 seeds)",historical,1356800.0,53.0,285243.2482638888,285243.2482638888
"DC-PPO (fixed 60, 3 seeds)",historical,1408000.0,55.0,288204.28096064815,288204.28096064815
"DC-PPO (fixed 60, 3 seeds)",historical,1459200.0,57.0,290949.91377314815,290949.91377314815
"DC-PPO (fixed 60, 3 seeds)",historical,1510400.0,59.0,293711.8475115741,293711.8475115741
"DC-PPO (fixed 60, 3 seeds)",historical,1561600.0,61.0,296334.7730034722,296334.7730034722
"DC-PPO (fixed 60, 3 seeds)",historical,1612800.0,63.0,299671.39684606483,299671.39684606483
"DC-PPO (fixed 60, 3 seeds)",historical,1664000.0,65.0,303169.849537037,303169.849537037
"DC-PPO (fixed 60, 3 seeds)",historical,1715200.0,67.0,306189.88324652775,306189.88324652775
"DC-PPO (fixed 60, 3 seeds)",historical,1766400.0,69.0,308236.88440393517,308236.88440393517
"DC-PPO (fixed 60, 3 seeds)",historical,1817600.0,71.0,309633.74768518517,309633.74768518517
"DC-PPO (fixed 60, 3 seeds)",historical,1868800.0,73.0,312278.25636574073,312278.25636574073
"DC-PPO (fixed 60, 3 seeds)",historical,1920000.0,75.0,315630.89930555556,315630.89930555556
"DC-PPO (fixed 60, 3 seeds)",historical,1971200.0,77.0,320008.71571180556,320008.71571180556
"DC-PPO (fixed 60, 3 seeds)",historical,2022400.0,79.0,323311.2486979167,323311.2486979167
"DC-PPO (fixed 60, 3 seeds)",historical,2073600.0,81.0,325874.89597800927,325874.89597800927
"DC-PPO (fixed 60, 3 seeds)",historical,2124800.0,83.0,327570.3282696759,327570.3282696759
"DC-PPO (fixed 60, 3 seeds)",historical,2176000.0,85.0,329218.94864004635,329218.94864004635
"DC-PPO (fixed 60, 3 seeds)",historical,2227200.0,87.0,332078.65986689815,332078.65986689815
"DC-PPO (fixed 60, 3 seeds)",historical,2278400.0,89.0,335018.7517361112,335018.7517361112
"DC-PPO (fixed 60, 3 seeds)",historical,2329600.0,91.0,337934.66623263893,337934.66623263893
"DC-PPO (fixed 60, 3 seeds)",historical,2380800.0,93.0,339552.7934027778,339552.7934027778
"DC-PPO (fixed 60, 3 seeds)",historical,2432000.0,95.0,340729.50448495377,340729.50448495377
"DC-PPO (fixed 60, 3 seeds)",historical,2483200.0,97.0,341922.6047453704,341922.6047453704
"DC-PPO (fixed 60, 3 seeds)",historical,2534400.0,99.0,342885.0069444445,342885.0069444445
"DC-PPO (fixed 60, 3 seeds)",historical,2585600.0,101.0,344178.8449074074,344178.8449074074
"DC-PPO (fixed 60, 3 seeds)",historical,2636800.0,103.0,344964.5695891204,344964.5695891204
"DC-PPO (fixed 60, 3 seeds)",historical,2688000.0,105.0,346379.1925636574,346379.1925636574
"DC-PPO (fixed 60, 3 seeds)",historical,2739200.0,107.0,347861.94082754635,347861.94082754635
"DC-PPO (fixed 60, 3 seeds)",historical,2790400.0,109.0,349685.8019386574,349685.8019386574
"DC-PPO (fixed 60, 3 seeds)",historical,2841600.0,111.0,351506.27502893517,351506.27502893517
"DC-PPO (fixed 60, 3 seeds)",historical,2892800.0,113.0,352547.9644097222,352547.9644097222
"DC-PPO (fixed 60, 3 seeds)",historical,2944000.0,115.0,353972.2392939815,353972.2392939815
"DC-PPO (fixed 60, 3 seeds)",historical,2995200.0,117.0,354864.1637731481,354864.1637731481
"DC-PPO (fixed 60, 3 seeds)",historical,3046400.0,119.0,356545.2588252314,356545.2588252314
"DC-PPO (fixed 60, 3 seeds)",historical,3097600.0,121.0,357595.2624421296,357595.2624421296
"DC-PPO (fixed 60, 3 seeds)",historical,3148800.0,123.0,359018.08955439815,359018.08955439815
"DC-PPO (fixed 60, 3 seeds)",historical,3200000.0,125.0,360024.42751736107,360024.42751736107
"DC-PPO (fixed 60, 3 seeds)",historical,3251200.0,127.0,361257.2369791667,361257.2369791667
"DC-PPO (fixed 60, 3 seeds)",historical,3302400.0,129.0,362532.5151909722,362532.5151909722
"DC-PPO (fixed 60, 3 seeds)",historical,3353600.0,131.0,364249.36689814815,364249.36689814815
"DC-PPO (fixed 60, 3 seeds)",historical,3404800.0,133.0,365611.86255787034,365611.86255787034
"DC-PPO (fixed 60, 3 seeds)",historical,3456000.0,135.0,365977.76316550927,365977.76316550927
"DC-PPO (fixed 60, 3 seeds)",historical,3507200.0,137.0,365565.48972800927,365565.48972800927
"DC-PPO (fixed 60, 3 seeds)",historical,3558400.0,139.0,365586.22497106483,365586.22497106483
"DC-PPO (fixed 60, 3 seeds)",historical,3609600.0,141.0,367232.87890625,367232.87890625
"DC-PPO (fixed 60, 3 seeds)",historical,3660800.0,143.0,369544.2870370371,369544.2870370371
"DC-PPO (fixed 60, 3 seeds)",historical,3712000.0,145.0,371844.0251736112,371844.0251736112
"DC-PPO (fixed 60, 3 seeds)",historical,3763200.0,147.0,372487.2045717593,372487.2045717593
"DC-PPO (fixed 60, 3 seeds)",historical,3814400.0,149.0,372212.60243055556,372212.60243055556
"DC-PPO (fixed 60, 3 seeds)",historical,3865600.0,151.0,371709.32450810185,371709.32450810185
"DC-PPO (fixed 60, 3 seeds)",historical,3916800.0,153.0,372496.0794270833,372496.0794270833
"DC-PPO (fixed 60, 3 seeds)",historical,3968000.0,155.0,374450.50925925927,374450.50925925927
"DC-PPO (fixed 60, 3 seeds)",historical,4019200.0,157.0,376723.2453703704,376723.2453703704
"DC-PPO (fixed 60, 3 seeds)",historical,4070400.0,159.0,378385.46629050927,378385.46629050927
"DC-PPO (fixed 60, 3 seeds)",historical,4121600.0,161.0,379230.68185763893,379230.68185763893
"DC-PPO (fixed 60, 3 seeds)",historical,4172800.0,163.0,379866.9425636574,379866.9425636574
"DC-PPO (fixed 60, 3 seeds)",historical,4224000.0,165.0,380176.43995949073,380176.43995949073
"DC-PPO (fixed 60, 3 seeds)",historical,4275200.0,167.0,380314.9571759259,380314.9571759259
"DC-PPO (fixed 60, 3 seeds)",historical,4326400.0,169.0,380035.8958333333,380035.8958333333
"DC-PPO (fixed 60, 3 seeds)",historical,4377600.0,171.0,380568.1979166667,380568.1979166667
"DC-PPO (fixed 60, 3 seeds)",historical,4428800.0,173.0,381942.96397569444,381942.96397569444
"DC-PPO (fixed 60, 3 seeds)",historical,4480000.0,175.0,383824.57103587966,383824.57103587966
"DC-PPO (fixed 60, 3 seeds)",historical,4531200.0,177.0,385733.384693287,385733.384693287
"DC-PPO (fixed 60, 3 seeds)",historical,4582400.0,179.0,388085.1796875,388085.1796875
"DC-PPO (fixed 60, 3 seeds)",historical,4633600.0,181.0,390437.103443287,390437.103443287
"DC-PPO (fixed 60, 3 seeds)",historical,4684800.0,183.0,391839.4806134259,391839.4806134259
"DC-PPO (fixed 60, 3 seeds)",historical,4736000.0,185.0,392424.0285011574,392424.0285011574
"DC-PPO (fixed 60, 3 seeds)",historical,4787200.0,187.0,392895.4613715278,392895.4613715278
"DC-PPO (fixed 60, 3 seeds)",historical,4838400.0,189.0,394137.65885416674,394137.65885416674
"DC-PPO (fixed 60, 3 seeds)",historical,4889600.0,191.0,394576.79817708343,394576.79817708343
"DC-PPO (fixed 60, 3 seeds)",historical,4940800.0,193.0,394537.4874131945,394537.4874131945
"DC-PPO (fixed 60, 3 seeds)",historical,4992000.0,195.0,393697.587962963,393697.587962963
"DC-PPO (fixed 60, 3 seeds)",historical,5043200.0,197.0,393463.52676504623,393463.52676504623
"DC-PPO (fixed 60, 3 seeds)",historical,5094400.0,199.0,393907.6624710648,393907.6624710648
"DC-PPO (fixed 60, 3 seeds)",historical,5145600.0,201.0,395377.8308738426,395377.8308738426
"DC-PPO (fixed 60, 3 seeds)",historical,5196800.0,203.0,397513.9127604167,397513.9127604167
"DC-PPO (fixed 60, 3 seeds)",historical,5248000.0,205.0,399810.53515625,399810.53515625
"DC-PPO (fixed 60, 3 seeds)",historical,5299200.0,207.0,401913.56293402775,401913.56293402775
"DC-PPO (fixed 60, 3 seeds)",historical,5350400.0,209.0,403513.5127314815,403513.5127314815
"DC-PPO (fixed 60, 3 seeds)",historical,5401600.0,211.0,404589.1957465278,404589.1957465278
"DC-PPO (fixed 60, 3 seeds)",historical,5452800.0,213.0,405614.03602430556,405614.03602430556
"DC-PPO (fixed 60, 3 seeds)",historical,5504000.0,215.0,406158.43142361107,406158.43142361107
"DC-PPO (fixed 60, 3 seeds)",historical,5555200.0,217.0,406331.1860532407,406331.1860532407
"DC-PPO (fixed 60, 3 seeds)",historical,5606400.0,219.0,405596.71484375,405596.71484375
"DC-PPO (fixed 60, 3 seeds)",historical,5657600.0,221.0,405372.0782696759,405372.0782696759
"DC-PPO (fixed 60, 3 seeds)",historical,5708800.0,223.0,406019.85489004635,406019.85489004635
"DC-PPO (fixed 60, 3 seeds)",historical,5760000.0,225.0,407454.25448495377,407454.25448495377
"DC-PPO (fixed 60, 3 seeds)",historical,5811200.0,227.0,409114.8165509259,409114.8165509259
"DC-PPO (fixed 60, 3 seeds)",historical,5862400.0,229.0,409890.4175347222,409890.4175347222
"DC-PPO (fixed 60, 3 seeds)",historical,5913600.0,231.0,409823.90928819444,409823.90928819444
"DC-PPO (fixed 60, 3 seeds)",historical,5964800.0,233.0,409717.65306712966,409717.65306712966
"DC-PPO (fixed 60, 3 seeds)",historical,6016000.0,235.0,410466.06192129635,410466.06192129635
"DC-PPO (fixed 60, 3 seeds)",historical,6067200.0,237.0,412859.43518518517,412859.43518518517
"DC-PPO (fixed 60, 3 seeds)",historical,6118400.0,239.0,414865.6134259259,414865.6134259259
"DC-PPO (fixed 60, 3 seeds)",historical,6169600.0,241.0,416875.203125,416875.203125
"DC-PPO (fixed 60, 3 seeds)",historical,6220800.0,243.0,418104.95746527775,418104.95746527775
"DC-PPO (fixed 60, 3 seeds)",historical,6272000.0,245.0,419043.5623553241,419043.5623553241
"DC-PPO (fixed 60, 3 seeds)",historical,6323200.0,247.0,419443.3466435186,419443.3466435186
"DC-PPO (fixed 60, 3 seeds)",historical,6374400.0,249.0,419291.111400463,419291.111400463
"DC-PPO (fixed 60, 3 seeds)",historical,6425600.0,251.0,419580.65176504635,419580.65176504635
"DC-PPO (fixed 60, 3 seeds)",historical,6476800.0,253.0,419371.5910011574,419371.5910011574
"DC-PPO (fixed 60, 3 seeds)",historical,6528000.0,255.0,419147.80512152775,419147.80512152775
"DC-PPO (fixed 60, 3 seeds)",historical,6579200.0,257.0,418765.58897569444,418765.58897569444
"DC-PPO (fixed 60, 3 seeds)",historical,6630400.0,259.0,418572.80642361107,418572.80642361107
"DC-PPO (fixed 60, 3 seeds)",historical,6681600.0,261.0,419305.16970486107,419305.16970486107
"DC-PPO (fixed 60, 3 seeds)",historical,6732800.0,263.0,420534.0959201388,420534.0959201388
"DC-PPO (fixed 60, 3 seeds)",historical,6784000.0,265.0,423081.6027199074,423081.6027199074
"DC-PPO (fixed 60, 3 seeds)",historical,6835200.0,267.0,424734.37340856483,424734.37340856483
"DC-PPO (fixed 60, 3 seeds)",historical,6886400.0,269.0,425535.77893518517,425535.77893518517
"DC-PPO (fixed 60, 3 seeds)",historical,6937600.0,271.0,424980.5428240741,424980.5428240741
"DC-PPO (fixed 60, 3 seeds)",historical,6988800.0,273.0,424402.39756944444,424402.39756944444
"DC-PPO (fixed 60, 3 seeds)",historical,7040000.0,275.0,424100.4887152778,424100.4887152778
"DC-PPO (fixed 60, 3 seeds)",historical,7091200.0,277.0,423976.54918981483,423976.54918981483
"DC-PPO (fixed 60, 3 seeds)",historical,7142400.0,279.0,423961.08506944444,423961.08506944444
"DC-PPO (fixed 60, 3 seeds)",historical,7193600.0,281.0,424212.6284722222,424212.6284722222
"DC-PPO (fixed 60, 3 seeds)",historical,7244800.0,283.0,424890.0332754629,424890.0332754629
"DC-PPO (fixed 60, 3 seeds)",historical,7296000.0,285.0,426193.95630787034,426193.95630787034
"DC-PPO (fixed 60, 3 seeds)",historical,7347200.0,287.0,427086.38194444444,427086.38194444444
"DC-PPO (fixed 60, 3 seeds)",historical,7398400.0,289.0,428005.42795138893,428005.42795138893
"DC-PPO (fixed 60, 3 seeds)",historical,7449600.0,291.0,428411.1142939815,428411.1142939815
"DC-PPO (fixed 60, 3 seeds)",historical,7500800.0,293.0,429068.55497685185,429068.55497685185
"DC-PPO (fixed 60, 3 seeds)",historical,7552000.0,295.0,429222.9317129629,429222.9317129629
"DC-PPO (fixed 60, 3 seeds)",historical,7603200.0,297.0,429212.25723379623,429212.25723379623
"DC-PPO (fixed 60, 3 seeds)",historical,7654400.0,299.0,429312.73263888893,429312.73263888893
"DC-PPO (fixed 60, 3 seeds)",historical,7705600.0,301.0,429321.6527777778,429321.6527777778
"DC-PPO (fixed 60, 3 seeds)",historical,7756800.0,303.0,429503.82667824085,429503.82667824085
"DC-PPO (fixed 60, 3 seeds)",historical,7808000.0,305.0,429417.23263888893,429417.23263888893
"DC-PPO (fixed 60, 3 seeds)",historical,7859200.0,307.0,429678.38831018517,429678.38831018517
"DC-PPO (fixed 60, 3 seeds)",historical,7910400.0,309.0,429752.15856481483,429752.15856481483
"DC-PPO (fixed 60, 3 seeds)",historical,7961600.0,311.0,430634.8370949074,430634.8370949074
"DC-PPO (fixed 60, 3 seeds)",historical,8012800.0,313.0,431774.9513888888,431774.9513888888
"DC-PPO (fixed 60, 3 seeds)",historical,8064000.0,315.0,434059.7549189814,434059.7549189814
"DC-PPO (fixed 60, 3 seeds)",historical,8115200.0,317.0,435584.93518518517,435584.93518518517
"DC-PPO (fixed 60, 3 seeds)",historical,8166400.0,319.0,436801.58362268517,436801.58362268517
"DC-PPO (fixed 60, 3 seeds)",historical,8217600.0,321.0,436278.17997685185,436278.17997685185
"DC-PPO (fixed 60, 3 seeds)",historical,8268800.0,323.0,435149.3723958333,435149.3723958333
"DC-PPO (fixed 60, 3 seeds)",historical,8320000.0,325.0,433708.76649305556,433708.76649305556
"DC-PPO (fixed 60, 3 seeds)",historical,8371200.0,327.0,433138.46556712966,433138.46556712966
"DC-PPO (fixed 60, 3 seeds)",historical,8422400.0,329.0,433355.33940972225,433355.33940972225
"DC-PPO (fixed 60, 3 seeds)",historical,8473600.0,331.0,434105.2783564815,434105.2783564815
"DC-PPO (fixed 60, 3 seeds)",historical,8524800.0,333.0,434888.9725115741,434888.9725115741
"DC-PPO (fixed 60, 3 seeds)",historical,8576000.0,335.0,435623.3706597222,435623.3706597222
"DC-PPO (fixed 60, 3 seeds)",historical,8627200.0,337.0,436086.505787037,436086.505787037
"DC-PPO (fixed 60, 3 seeds)",historical,8678400.0,339.0,436470.26620370365,436470.26620370365
"DC-PPO (fixed 60, 3 seeds)",historical,8729600.0,341.0,436915.4675925926,436915.4675925926
"DC-PPO (fixed 60, 3 seeds)",historical,8780800.0,343.0,437879.77256944444,437879.77256944444
"DC-PPO (fixed 60, 3 seeds)",historical,8832000.0,345.0,438813.05815972225,438813.05815972225
"DC-PPO (fixed 60, 3 seeds)",historical,8883200.0,347.0,439803.1762152778,439803.1762152778
"DC-PPO (fixed 60, 3 seeds)",historical,8934400.0,349.0,440376.27285879635,440376.27285879635
"DC-PPO (fixed 60, 3 seeds)",historical,8985600.0,351.0,441279.6278935186,441279.6278935186
"DC-PPO (fixed 60, 3 seeds)",historical,9036800.0,353.0,441865.70254629635,441865.70254629635
"DC-PPO (fixed 60, 3 seeds)",historical,9088000.0,355.0,442525.84230324073,442525.84230324073
"DC-PPO (fixed 60, 3 seeds)",historical,9139200.0,357.0,442839.5283564814,442839.5283564814
"DC-PPO (fixed 60, 3 seeds)",historical,9190400.0,359.0,443675.36487268517,443675.36487268517
"DC-PPO (fixed 60, 3 seeds)",historical,9241600.0,361.0,444229.3553240741,444229.3553240741
"DC-PPO (fixed 60, 3 seeds)",historical,9292800.0,363.0,444503.52170138893,444503.52170138893
"DC-PPO (fixed 60, 3 seeds)",historical,9344000.0,365.0,444158.81973379635,444158.81973379635
"DC-PPO (fixed 60, 3 seeds)",historical,9395200.0,367.0,443870.64409722225,443870.64409722225
"DC-PPO (fixed 60, 3 seeds)",historical,9446400.0,369.0,443726.9965277778,443726.9965277778
"DC-PPO (fixed 60, 3 seeds)",historical,9497600.0,371.0,444317.01909722225,444317.01909722225
"DC-PPO (fixed 60, 3 seeds)",historical,9548800.0,373.0,445185.4207175926,445185.4207175926
"DC-PPO (fixed 60, 3 seeds)",historical,9600000.0,375.0,446357.44299768517,446357.44299768517
"DC-PPO (fixed 60, 3 seeds)",historical,9651200.0,377.0,446349.53761574073,446349.53761574073
"DC-PPO (fixed 60, 3 seeds)",historical,9702400.0,379.0,445650.07494212966,445650.07494212966
"DC-PPO (fixed 60, 3 seeds)",historical,9753600.0,381.0,445034.3151041667,445034.3151041667
"DC-PPO (fixed 60, 3 seeds)",historical,9804800.0,383.0,445146.17042824073,445146.17042824073
"DC-PPO (fixed 60, 3 seeds)",historical,9856000.0,385.0,446138.2693865741,446138.2693865741
"DC-PPO (fixed 60, 3 seeds)",historical,9907200.0,387.0,447338.515625,447338.515625
"DC-PPO (fixed 60, 3 seeds)",historical,9958400.0,389.0,448851.52980324073,448851.52980324073
"DC-PPO (fixed 60, 3 seeds)",historical,10009600.0,391.0,449770.81018518517,449770.81018518517
"DC-PPO (fixed 60, 3 seeds)",historical,10060800.0,393.0,449502.6990740741,449502.6990740741
"DC-PPO (fixed 60, 3 seeds)",historical,10112000.0,395.0,448479.14699074073,448479.14699074073
"DC-PPO (fixed 60, 3 seeds)",historical,10163200.0,397.0,447943.03298611107,447943.03298611107
"DC-PPO (fixed 60, 3 seeds)",historical,10214400.0,399.0,447726.8342013888,447726.8342013888
"DC-PPO (fixed 60, 3 seeds)",historical,10265600.0,401.0,447532.8671875,447532.8671875
"DC-PPO (fixed 60, 3 seeds)",historical,10316800.0,403.0,446871.31857638893,446871.31857638893
"DC-PPO (fixed 60, 3 seeds)",historical,10368000.0,405.0,446931.8819444445,446931.8819444445
"DC-PPO (fixed 60, 3 seeds)",historical,10419200.0,407.0,447513.35243055556,447513.35243055556
"DC-PPO (fixed 60, 3 seeds)",historical,10470400.0,409.0,448107.82986111107,448107.82986111107
"DC-PPO (fixed 60, 3 seeds)",historical,10521600.0,411.0,448313.3307291667,448313.3307291667
"DC-PPO (fixed 60, 3 seeds)",historical,10572800.0,413.0,448172.0107060185,448172.0107060185
"DC-PPO (fixed 60, 3 seeds)",historical,10624000.0,415.0,448332.6533564815,448332.6533564815
"DC-PPO (fixed 60, 3 seeds)",historical,10675200.0,417.0,448813.75028935185,448813.75028935185
"DC-PPO (fixed 60, 3 seeds)",historical,10726400.0,419.0,449707.6270254629,449707.6270254629
"DC-PPO (fixed 60, 3 seeds)",historical,10777600.0,421.0,451053.9024884259,451053.9024884259
"DC-PPO (fixed 60, 3 seeds)",historical,10828800.0,423.0,451765.6336805555,451765.6336805555
"DC-PPO (fixed 60, 3 seeds)",historical,10880000.0,425.0,452642.3396990741,452642.3396990741
"DC-PPO (fixed 60, 3 seeds)",historical,10931200.0,427.0,452765.80121527775,452765.80121527775
"DC-PPO (fixed 60, 3 seeds)",historical,10982400.0,429.0,453738.4334490741,453738.4334490741
"DC-PPO (fixed 60, 3 seeds)",historical,11033600.0,431.0,453420.11371527775,453420.11371527775
"DC-PPO (fixed 60, 3 seeds)",historical,11084800.0,433.0,452578.44589120365,452578.44589120365
"DC-PPO (fixed 60, 3 seeds)",historical,11136000.0,435.0,450674.97743055556,450674.97743055556
"DC-PPO (fixed 60, 3 seeds)",historical,11187200.0,437.0,450147.38194444444,450147.38194444444
"DC-PPO (fixed 60, 3 seeds)",historical,11238400.0,439.0,450512.5127314815,450512.5127314815
"DC-PPO (fixed 60, 3 seeds)",historical,11289600.0,441.0,451845.890625,451845.890625
"DC-PPO (fixed 60, 3 seeds)",historical,11340800.0,443.0,452761.62181712966,452761.62181712966
"DC-PPO (fixed 60, 3 seeds)",historical,11392000.0,445.0,453958.4560185186,453958.4560185186
"DC-PPO (fixed 60, 3 seeds)",historical,11443200.0,447.0,454776.6328125,454776.6328125
"DC-PPO (fixed 60, 3 seeds)",historical,11494400.0,449.0,455155.78067129623,455155.78067129623
"DC-PPO (fixed 60, 3 seeds)",historical,11545600.0,451.0,454947.57986111107,454947.57986111107
"DC-PPO (fixed 60, 3 seeds)",historical,11596800.0,453.0,454535.72222222225,454535.72222222225
"DC-PPO (fixed 60, 3 seeds)",historical,11648000.0,455.0,454830.74826388893,454830.74826388893
"DC-PPO (fixed 60, 3 seeds)",historical,11699200.0,457.0,455191.53298611107,455191.53298611107
"DC-PPO (fixed 60, 3 seeds)",historical,11750400.0,459.0,456140.716724537,456140.716724537
"DC-PPO (fixed 60, 3 seeds)",historical,11801600.0,461.0,456514.0584490741,456514.0584490741
"DC-PPO (fixed 60, 3 seeds)",historical,11852800.0,463.0,456669.6383101852,456669.6383101852
"DC-PPO (fixed 60, 3 seeds)",historical,11904000.0,465.0,456301.2983217593,456301.2983217593
"DC-PPO (fixed 60, 3 seeds)",historical,11955200.0,467.0,456269.5393518519,456269.5393518519
"DC-PPO (fixed 60, 3 seeds)",historical,12006400.0,469.0,456624.6579861112,456624.6579861112
"DC-PPO (fixed 60, 3 seeds)",historical,12057600.0,471.0,456491.98668981483,456491.98668981483
"DC-PPO (fixed 60, 3 seeds)",historical,12108800.0,473.0,456704.11660879623,456704.11660879623
"DC-PPO (fixed 60, 3 seeds)",historical,12160000.0,475.0,457065.7002314815,457065.7002314815
"DC-PPO (fixed 60, 3 seeds)",historical,12211200.0,477.0,458686.8561921296,458686.8561921296
"DC-PPO (fixed 60, 3 seeds)",historical,12262400.0,479.0,459166.8582175926,459166.8582175926
"DC-PPO (fixed 60, 3 seeds)",historical,12313600.0,481.0,458908.04456018517,458908.04456018517
"DC-PPO (fixed 60, 3 seeds)",historical,12364800.0,483.0,457917.7300347222,457917.7300347222
"DC-PPO (fixed 60, 3 seeds)",historical,12416000.0,485.0,457892.910011574,457892.910011574
"DC-PPO (fixed 60, 3 seeds)",historical,12467200.0,487.0,458441.1545138888,458441.1545138888
"DC-PPO (fixed 60, 3 seeds)",historical,12518400.0,489.0,458876.19675925927,458876.19675925927
"DC-PPO (fixed 60, 3 seeds)",historical,12569600.0,491.0,458992.01504629623,458992.01504629623
"DC-PPO (fixed 60, 3 seeds)",historical,12620800.0,493.0,459022.5112847222,459022.5112847222
"DC-PPO (fixed 60, 3 seeds)",historical,12672000.0,495.0,459772.21903935174,459772.21903935174
"DC-PPO (fixed 60, 3 seeds)",historical,12723200.0,497.0,460428.74334490736,460428.74334490736
"DC-PPO (fixed 60, 3 seeds)",historical,12774400.0,499.0,461023.46990740736,461023.46990740736
"DC-PPO (fixed 60, 3 seeds)",historical,12825600.0,501.0,460476.9638310185,460476.9638310185
"DC-PPO (fixed 60, 3 seeds)",historical,12876800.0,503.0,459847.59519675927,459847.59519675927
"DC-PPO (fixed 60, 3 seeds)",historical,12928000.0,505.0,458505.49276620365,458505.49276620365
"DC-PPO (fixed 60, 3 seeds)",historical,12979200.0,507.0,457501.02893518517,457501.02893518517
"DC-PPO (fixed 60, 3 seeds)",historical,13030400.0,509.0,456582.9754050926,456582.9754050926
"DC-PPO (fixed 60, 3 seeds)",historical,13081600.0,511.0,456927.24363425927,456927.24363425927
"DC-PPO (fixed 60, 3 seeds)",historical,13132800.0,513.0,457277.2277199074,457277.2277199074
"DC-PPO (fixed 60, 3 seeds)",historical,13184000.0,515.0,457734.5752314815,457734.5752314815
"DC-PPO (fixed 60, 3 seeds)",historical,13235200.0,517.0,457438.4273726852,457438.4273726852
"DC-PPO (fixed 60, 3 seeds)",historical,13286400.0,519.0,457728.23668981483,457728.23668981483
"DC-PPO (fixed 60, 3 seeds)",historical,13337600.0,521.0,457871.619212963,457871.619212963
"DC-PPO (fixed 60, 3 seeds)",historical,13388800.0,523.0,458501.7178819445,458501.7178819445
"DC-PPO (fixed 60, 3 seeds)",historical,13440000.0,525.0,458727.41435185185,458727.41435185185
"DC-PPO (fixed 60, 3 seeds)",historical,13491200.0,527.0,459128.83564814815,459128.83564814815
"DC-PPO (fixed 60, 3 seeds)",historical,13542400.0,529.0,458992.47424768517,458992.47424768517
"DC-PPO (fixed 60, 3 seeds)",historical,13593600.0,531.0,458929.931712963,458929.931712963
"DC-PPO (fixed 60, 3 seeds)",historical,13644800.0,533.0,458761.5107060185,458761.5107060185
"DC-PPO (fixed 60, 3 seeds)",historical,13696000.0,535.0,458593.85243055556,458593.85243055556
"DC-PPO (fixed 60, 3 seeds)",historical,13747200.0,537.0,458525.2714120371,458525.2714120371
"DC-PPO (fixed 60, 3 seeds)",historical,13798400.0,539.0,458978.4079861112,458978.4079861112
"DC-PPO (fixed 60, 3 seeds)",historical,13849600.0,541.0,459735.6053240741,459735.6053240741
"DC-PPO (fixed 60, 3 seeds)",historical,13900800.0,543.0,460230.10778356483,460230.10778356483
"DC-PPO (fixed 60, 3 seeds)",historical,13952000.0,545.0,459643.24565972225,459643.24565972225
"DC-PPO (fixed 60, 3 seeds)",historical,14003200.0,547.0,458882.82769097225,458882.82769097225
"DC-PPO (fixed 60, 3 seeds)",historical,14054400.0,549.0,458309.5118634259,458309.5118634259
"DC-PPO (fixed 60, 3 seeds)",historical,14105600.0,551.0,458538.57479745365,458538.57479745365
"DC-PPO (fixed 60, 3 seeds)",historical,14156800.0,553.0,459056.3953993055,459056.3953993055
"DC-PPO (fixed 60, 3 seeds)",historical,14208000.0,555.0,459871.01215277775,459871.01215277775
"DC-PPO (fixed 60, 3 seeds)",historical,14259200.0,557.0,460921.7214988426,460921.7214988426
"DC-PPO (fixed 60, 3 seeds)",historical,14310400.0,559.0,461992.7714120371,461992.7714120371
"DC-PPO (fixed 60, 3 seeds)",historical,14361600.0,561.0,462471.9373553241,462471.9373553241
"DC-PPO (fixed 60, 3 seeds)",historical,14412800.0,563.0,462152.77777777775,462152.77777777775
"DC-PPO (fixed 60, 3 seeds)",historical,14464000.0,565.0,461952.38194444444,461952.38194444444
"DC-PPO (fixed 60, 3 seeds)",historical,14515200.0,567.0,462121.6903935185,462121.6903935185
"DC-PPO (fixed 60, 3 seeds)",historical,14566400.0,569.0,463138.5833333333,463138.5833333333
"DC-PPO (fixed 60, 3 seeds)",historical,14617600.0,571.0,463717.56973379623,463717.56973379623
"DC-PPO (fixed 60, 3 seeds)",historical,14668800.0,573.0,464375.0335648148,464375.0335648148
"DC-PPO (fixed 60, 3 seeds)",historical,14720000.0,575.0,464428.5567129629,464428.5567129629
"DC-PPO (fixed 60, 3 seeds)",historical,14771200.0,577.0,464981.84432870365,464981.84432870365
"DC-PPO (fixed 60, 3 seeds)",historical,14822400.0,579.0,465278.4401041667,465278.4401041667
"DC-PPO (fixed 60, 3 seeds)",historical,14873600.0,581.0,465769.91956018517,465769.91956018517
"DC-PPO (fixed 60, 3 seeds)",historical,14924800.0,583.0,465315.28211805556,465315.28211805556
"DC-PPO (fixed 60, 3 seeds)",historical,14976000.0,585.0,464957.6432291667,464957.6432291667
"DC-PPO (fixed 60, 3 seeds)",historical,15027200.0,587.0,464140.13831018517,464140.13831018517
"DC-PPO (fixed 60, 3 seeds)",historical,15078400.0,589.0,464353.94010416657,464353.94010416657
"DC-PPO (fixed 60, 3 seeds)",historical,15129600.0,591.0,464450.39322916657,464450.39322916657
"DC-PPO (fixed 60, 3 seeds)",historical,15180800.0,593.0,465387.61660879635,465387.61660879635
"DC-PPO (fixed 60, 3 seeds)",historical,15232000.0,595.0,465687.6067708333,465687.6067708333
"DC-PPO (fixed 60, 3 seeds)",historical,15283200.0,597.0,466044.0361689815,466044.0361689815
"DC-PPO (fixed 60, 3 seeds)",historical,15334400.0,599.0,466181.90190972225,466181.90190972225
"DC-PPO (fixed 60, 3 seeds)",historical,15385600.0,601.0,466584.24160879635,466584.24160879635
"DC-PPO (fixed 60, 3 seeds)",historical,15436800.0,603.0,467047.42274305556,467047.42274305556
"DC-PPO (fixed 60, 3 seeds)",historical,15488000.0,605.0,467123.9794560185,467123.9794560185
"DC-PPO (fixed 60, 3 seeds)",historical,15539200.0,607.0,467247.9985532407,467247.9985532407
"DC-PPO (fixed 60, 3 seeds)",historical,15590400.0,609.0,467617.42737268517,467617.42737268517
"DC-PPO (fixed 60, 3 seeds)",historical,15641600.0,611.0,468441.59375,468441.59375
"DC-PPO (fixed 60, 3 seeds)",historical,15692800.0,613.0,469392.5888310186,469392.5888310186
"DC-PPO (fixed 60, 3 seeds)",historical,15744000.0,615.0,469936.6814236112,469936.6814236112
"DC-PPO (fixed 60, 3 seeds)",historical,15795200.0,617.0,469864.06568287034,469864.06568287034
"DC-PPO (fixed 60, 3 seeds)",historical,15846400.0,619.0,469238.00810185185,469238.00810185185
"DC-PPO (fixed 60, 3 seeds)",historical,15897600.0,621.0,468594.0205439814,468594.0205439814
"DC-PPO (fixed 60, 3 seeds)",historical,15948800.0,623.0,468818.72511574073,468818.72511574073
"DC-PPO (fixed 60, 3 seeds)",historical,16000000.0,625.0,469243.95254629635,469243.95254629635
"DC-PPO (fixed 60, 3 seeds)",historical,16051200.0,627.0,470182.84027777775,470182.84027777775
"DC-PPO (fixed 60, 3 seeds)",historical,16102400.0,629.0,469750.169849537,469750.169849537
"DC-PPO (fixed 60, 3 seeds)",historical,16153600.0,631.0,470002.2763310185,470002.2763310185
"DC-PPO (fixed 60, 3 seeds)",historical,16204800.0,633.0,469850.6435185185,469850.6435185185
"DC-PPO (fixed 60, 3 seeds)",historical,16256000.0,635.0,470943.11284722225,470943.11284722225
"DC-PPO (fixed 60, 3 seeds)",historical,16307200.0,637.0,470831.73668981483,470831.73668981483
"DC-PPO (fixed 60, 3 seeds)",historical,16358400.0,639.0,470538.6495949074,470538.6495949074
"DC-PPO (fixed 60, 3 seeds)",historical,16409600.0,641.0,469953.265625,469953.265625
"DC-PPO (fixed 60, 3 seeds)",historical,16460800.0,643.0,470088.6915509259,470088.6915509259
"DC-PPO (fixed 60, 3 seeds)",historical,16512000.0,645.0,470802.45254629635,470802.45254629635
"DC-PPO (fixed 60, 3 seeds)",historical,16563200.0,647.0,471207.56857638893,471207.56857638893
"DC-PPO (fixed 60, 3 seeds)",historical,16614400.0,649.0,471763.4803240741,471763.4803240741
"DC-PPO (fixed 60, 3 seeds)",historical,16665600.0,651.0,471557.32725694444,471557.32725694444
"DC-PPO (fixed 60, 3 seeds)",historical,16716800.0,653.0,471465.6704282407,471465.6704282407
"DC-PPO (fixed 60, 3 seeds)",historical,16768000.0,655.0,471082.39583333326,471082.39583333326
"DC-PPO (fixed 60, 3 seeds)",historical,16819200.0,657.0,471264.88715277775,471264.88715277775
"DC-PPO (fixed 60, 3 seeds)",historical,16870400.0,659.0,472354.4322916667,472354.4322916667
"DC-PPO (fixed 60, 3 seeds)",historical,16921600.0,661.0,473862.6469907407,473862.6469907407
"DC-PPO (fixed 60, 3 seeds)",historical,16972800.0,663.0,475529.3200231481,475529.3200231481
"DC-PPO (fixed 60, 3 seeds)",historical,17024000.0,665.0,475663.82812499994,475663.82812499994
"DC-PPO (fixed 60, 3 seeds)",historical,17075200.0,667.0,475073.46643518517,475073.46643518517
"DC-PPO (fixed 60, 3 seeds)",historical,17126400.0,669.0,473864.953125,473864.953125
"DC-PPO (fixed 60, 3 seeds)",historical,17177600.0,671.0,473752.1414930555,473752.1414930555
"DC-PPO (fixed 60, 3 seeds)",historical,17228800.0,673.0,474234.68721064815,474234.68721064815
"DC-PPO (fixed 60, 3 seeds)",historical,17280000.0,675.0,475311.68605324073,475311.68605324073
"DC-PPO (fixed 60, 3 seeds)",historical,17331200.0,677.0,475430.587962963,475430.587962963
"DC-PPO (fixed 60, 3 seeds)",historical,17382400.0,679.0,475104.615162037,475104.615162037
"DC-PPO (fixed 60, 3 seeds)",historical,17433600.0,681.0,474523.9317129629,474523.9317129629
"DC-PPO (fixed 60, 3 seeds)",historical,17484800.0,683.0,474558.972511574,474558.972511574
"DC-PPO (fixed 60, 3 seeds)",historical,17536000.0,685.0,474578.4279513888,474578.4279513888
"DC-PPO (fixed 60, 3 seeds)",historical,17587200.0,687.0,474188.98090277775,474188.98090277775
"DC-PPO (fixed 60, 3 seeds)",historical,17638400.0,689.0,473972.91724537034,473972.91724537034
"DC-PPO (fixed 60, 3 seeds)",historical,17689600.0,691.0,474521.54456018517,474521.54456018517
"DC-PPO (fixed 60, 3 seeds)",historical,17740800.0,693.0,475906.85706018517,475906.85706018517
"DC-PPO (fixed 60, 3 seeds)",historical,17792000.0,695.0,477330.765625,477330.765625
"DC-PPO (fixed 60, 3 seeds)",historical,17843200.0,697.0,477946.06423611107,477946.06423611107
"DC-PPO (fixed 60, 3 seeds)",historical,17894400.0,699.0,477523.42939814815,477523.42939814815
"DC-PPO (fixed 60, 3 seeds)",historical,17945600.0,701.0,476715.1484375,476715.1484375
"DC-PPO (fixed 60, 3 seeds)",historical,17996800.0,703.0,475955.47482638893,475955.47482638893
"DC-PPO (fixed 60, 3 seeds)",historical,18048000.0,705.0,475976.35792824073,475976.35792824073
"DC-PPO (fixed 60, 3 seeds)",historical,18099200.0,707.0,476033.81886574073,476033.81886574073
"DC-PPO (fixed 60, 3 seeds)",historical,18150400.0,709.0,476303.3324652778,476303.3324652778
"DC-PPO (fixed 60, 3 seeds)",historical,18201600.0,711.0,476530.5824652778,476530.5824652778
"DC-PPO (fixed 60, 3 seeds)",historical,18252800.0,713.0,477027.39033564815,477027.39033564815
"DC-PPO (fixed 60, 3 seeds)",historical,18304000.0,715.0,478029.3689236112,478029.3689236112
"DC-PPO (fixed 60, 3 seeds)",historical,18355200.0,717.0,478887.69357638893,478887.69357638893
"DC-PPO (fixed 60, 3 seeds)",historical,18406400.0,719.0,479520.37557870365,479520.37557870365
"DC-PPO (fixed 60, 3 seeds)",historical,18457600.0,721.0,479554.3544560185,479554.3544560185
"DC-PPO (fixed 60, 3 seeds)",historical,18508800.0,723.0,479588.0353009259,479588.0353009259
"DC-PPO (fixed 60, 3 seeds)",historical,18560000.0,725.0,479625.73408564815,479625.73408564815
"DC-PPO (fixed 60, 3 seeds)",historical,18611200.0,727.0,480058.46267361107,480058.46267361107
"DC-PPO (fixed 60, 3 seeds)",historical,18662400.0,729.0,481024.6912615741,481024.6912615741
"DC-PPO (fixed 60, 3 seeds)",historical,18713600.0,731.0,482212.72222222225,482212.72222222225
"DC-PPO (fixed 60, 3 seeds)",historical,18764800.0,733.0,482942.40682870377,482942.40682870377
"DC-PPO (fixed 60, 3 seeds)",historical,18816000.0,735.0,482487.71846064815,482487.71846064815
"DC-PPO (fixed 60, 3 seeds)",historical,18867200.0,737.0,481783.92650462966,481783.92650462966
"DC-PPO (fixed 60, 3 seeds)",historical,18918400.0,739.0,480751.91087962966,480751.91087962966
"DC-PPO (fixed 60, 3 seeds)",historical,18969600.0,741.0,480587.0978009259,480587.0978009259
"DC-PPO (fixed 60, 3 seeds)",historical,19020800.0,743.0,480860.4829282407,480860.4829282407
"DC-PPO (fixed 60, 3 seeds)",historical,19072000.0,745.0,481818.34317129635,481818.34317129635
"DC-PPO (fixed 60, 3 seeds)",historical,19123200.0,747.0,482546.1440972222,482546.1440972222
"DC-PPO (fixed 60, 3 seeds)",historical,19174400.0,749.0,482217.9427083333,482217.9427083333
"DC-PPO (fixed 60, 3 seeds)",historical,19225600.0,751.0,481824.5066550926,481824.5066550926
"DC-PPO (fixed 60, 3 seeds)",historical,19276800.0,753.0,481136.4748263888,481136.4748263888
"DC-PPO (fixed 60, 3 seeds)",historical,19328000.0,755.0,481195.0364583333,481195.0364583333
"DC-PPO (fixed 60, 3 seeds)",historical,19379200.0,757.0,480842.53732638893,480842.53732638893
"DC-PPO (fixed 60, 3 seeds)",historical,19430400.0,759.0,481051.6533564815,481051.6533564815
"DC-PPO (fixed 60, 3 seeds)",historical,19481600.0,761.0,481599.9725115741,481599.9725115741
"DC-PPO (fixed 60, 3 seeds)",historical,19532800.0,763.0,482501.65625,482501.65625
"DC-PPO (fixed 60, 3 seeds)",historical,19584000.0,765.0,483241.07204861107,483241.07204861107
"DC-PPO (fixed 60, 3 seeds)",historical,19635200.0,767.0,483449.724537037,483449.724537037
"DC-PPO (fixed 60, 3 seeds)",historical,19686400.0,769.0,483651.78182870365,483651.78182870365
"DC-PPO (fixed 60, 3 seeds)",historical,19737600.0,771.0,484143.1533564815,484143.1533564815
"DC-PPO (fixed 60, 3 seeds)",historical,19788800.0,773.0,484939.65190972225,484939.65190972225
"DC-PPO (fixed 60, 3 seeds)",historical,19840000.0,775.0,485864.21788194444,485864.21788194444
"DC-PPO (fixed 60, 3 seeds)",historical,19891200.0,777.0,485668.1134259259,485668.1134259259
"DC-PPO (fixed 60, 3 seeds)",historical,19942400.0,779.0,485303.91956018517,485303.91956018517
"DC-PPO (fixed 60, 3 seeds)",historical,19993600.0,781.0,484619.9418402778,484619.9418402778
"DC-PPO (fixed 60, 3 seeds)",historical,20044800.0,783.0,484900.4921875,484900.4921875
"DC-PPO (fixed 60, 3 seeds)",historical,20096000.0,785.0,485247.0159143519,485247.0159143519
"DC-PPO (fixed 60, 3 seeds)",historical,20147200.0,787.0,485770.63310185185,485770.63310185185
"DC-PPO (fixed 60, 3 seeds)",historical,20198400.0,789.0,485831.16493055556,485831.16493055556
"DC-PPO (fixed 60, 3 seeds)",historical,20249600.0,791.0,485596.21238425927,485596.21238425927
"DC-PPO (fixed 60, 3 seeds)",historical,20300800.0,793.0,484880.4574652778,484880.4574652778
"DC-PPO (fixed 60, 3 seeds)",historical,20352000.0,795.0,484428.7256944445,484428.7256944445
"DC-PPO (fixed 60, 3 seeds)",historical,20403200.0,797.0,484025.53182870377,484025.53182870377
"DC-PPO (fixed 60, 3 seeds)",historical,20454400.0,799.0,484129.75057870377,484129.75057870377
"DC-PPO (fixed 60, 3 seeds)",historical,20505600.0,801.0,483692.0017361112,483692.0017361112
"DC-PPO (fixed 60, 3 seeds)",historical,20556800.0,803.0,483162.4835069445,483162.4835069445
"DC-PPO (fixed 60, 3 seeds)",historical,20608000.0,805.0,482827.31799768517,482827.31799768517
"DC-PPO (fixed 60, 3 seeds)",historical,20659200.0,807.0,483097.3967013888,483097.3967013888
"DC-PPO (fixed 60, 3 seeds)",historical,20710400.0,809.0,483873.62644675927,483873.62644675927
"DC-PPO (fixed 60, 3 seeds)",historical,20761600.0,811.0,483998.27806712966,483998.27806712966
"DC-PPO (fixed 60, 3 seeds)",historical,20812800.0,813.0,483890.02980324073,483890.02980324073
"DC-PPO (fixed 60, 3 seeds)",historical,20864000.0,815.0,483328.07870370365,483328.07870370365
"DC-PPO (fixed 60, 3 seeds)",historical,20915200.0,817.0,482983.83449074073,482983.83449074073
"DC-PPO (fixed 60, 3 seeds)",historical,20966400.0,819.0,483390.3506944445,483390.3506944445
"DC-PPO (fixed 60, 3 seeds)",historical,21017600.0,821.0,483649.69299768517,483649.69299768517
"DC-PPO (fixed 60, 3 seeds)",historical,21068800.0,823.0,484272.06076388893,484272.06076388893
"DC-PPO (fixed 60, 3 seeds)",historical,21120000.0,825.0,483588.6394675926,483588.6394675926
"DC-PPO (fixed 60, 3 seeds)",historical,21171200.0,827.0,483724.2841435185,483724.2841435185
"DC-PPO (fixed 60, 3 seeds)",historical,21222400.0,829.0,483716.1660879629,483716.1660879629
"DC-PPO (fixed 60, 3 seeds)",historical,21273600.0,831.0,485068.0535300926,485068.0535300926
"DC-PPO (fixed 60, 3 seeds)",historical,21324800.0,833.0,485625.7566550926,485625.7566550926
"DC-PPO (fixed 60, 3 seeds)",historical,21376000.0,835.0,485772.0810185185,485772.0810185185
"DC-PPO (fixed 60, 3 seeds)",historical,21427200.0,837.0,485362.62731481483,485362.62731481483
"DC-PPO (fixed 60, 3 seeds)",historical,21478400.0,839.0,485884.4024884259,485884.4024884259
"DC-PPO (fixed 60, 3 seeds)",historical,21529600.0,841.0,486922.19068287034,486922.19068287034
"DC-PPO (fixed 60, 3 seeds)",historical,21580800.0,843.0,487602.89785879623,487602.89785879623
"DC-PPO (fixed 60, 3 seeds)",historical,21632000.0,845.0,487285.32581018517,487285.32581018517
"DC-PPO (fixed 60, 3 seeds)",historical,21683200.0,847.0,486918.3984375,486918.3984375
"DC-PPO (fixed 60, 3 seeds)",historical,21734400.0,849.0,486415.92158564815,486415.92158564815
"DC-PPO (fixed 60, 3 seeds)",historical,21785600.0,851.0,486661.4033564815,486661.4033564815
"DC-PPO (fixed 60, 3 seeds)",historical,21836800.0,853.0,486718.44212962966,486718.44212962966
"DC-PPO (fixed 60, 3 seeds)",historical,21888000.0,855.0,487684.5572916667,487684.5572916667
"DC-PPO (fixed 60, 3 seeds)",historical,21939200.0,857.0,488194.7667824074,488194.7667824074
"DC-PPO (fixed 60, 3 seeds)",historical,21990400.0,859.0,488964.30931712966,488964.30931712966
"DC-PPO (fixed 60, 3 seeds)",historical,22041600.0,861.0,489008.9806134259,489008.9806134259
"DC-PPO (fixed 60, 3 seeds)",historical,22092800.0,863.0,489305.4317129629,489305.4317129629
"DC-PPO (fixed 60, 3 seeds)",historical,22144000.0,865.0,489156.61747685185,489156.61747685185
"DC-PPO (fixed 60, 3 seeds)",historical,22195200.0,867.0,489439.7138310185,489439.7138310185
"DC-PPO (fixed 60, 3 seeds)",historical,22246400.0,869.0,489064.6385995371,489064.6385995371
"DC-PPO (fixed 60, 3 seeds)",historical,22297600.0,871.0,488917.87557870377,488917.87557870377
"DC-PPO (fixed 60, 3 seeds)",historical,22348800.0,873.0,488130.02488425927,488130.02488425927
"DC-PPO (fixed 60, 3 seeds)",historical,22400000.0,875.0,487486.16869212966,487486.16869212966
"DC-PPO (fixed 60, 3 seeds)",historical,22451200.0,877.0,487151.23206018517,487151.23206018517
"DC-PPO (fixed 60, 3 seeds)",historical,22502400.0,879.0,487045.34924768517,487045.34924768517
"DC-PPO (fixed 60, 3 seeds)",historical,22553600.0,881.0,487974.1510416667,487974.1510416667
"DC-PPO (fixed 60, 3 seeds)",historical,22604800.0,883.0,488463.9875578704,488463.9875578704
"DC-PPO (fixed 60, 3 seeds)",historical,22656000.0,885.0,489357.2042824074,489357.2042824074
"DC-PPO (fixed 60, 3 seeds)",historical,22707200.0,887.0,489476.119212963,489476.119212963
"DC-PPO (fixed 60, 3 seeds)",historical,22758400.0,889.0,489574.34519675927,489574.34519675927
"DC-PPO (fixed 60, 3 seeds)",historical,22809600.0,891.0,489299.314525463,489299.314525463
"DC-PPO (fixed 60, 3 seeds)",historical,22860800.0,893.0,489048.08246527775,489048.08246527775
"DC-PPO (fixed 60, 3 seeds)",historical,22912000.0,895.0,488919.96875,488919.96875
"DC-PPO (fixed 60, 3 seeds)",historical,22963200.0,897.0,488800.67910879623,488800.67910879623
"DC-PPO (fixed 60, 3 seeds)",historical,23014400.0,899.0,488894.10214120365,488894.10214120365
"DC-PPO (fixed 60, 3 seeds)",historical,23065600.0,901.0,489005.44560185185,489005.44560185185
"DC-PPO (fixed 60, 3 seeds)",historical,23116800.0,903.0,489146.92013888893,489146.92013888893
"DC-PPO (fixed 60, 3 seeds)",historical,23168000.0,905.0,489191.99247685185,489191.99247685185
"DC-PPO (fixed 60, 3 seeds)",historical,23219200.0,907.0,489212.0830439815,489212.0830439815
"DC-PPO (fixed 60, 3 seeds)",historical,23270400.0,909.0,488876.43692129635,488876.43692129635
"DC-PPO (fixed 60, 3 seeds)",historical,23321600.0,911.0,488191.16348379635,488191.16348379635
"DC-PPO (fixed 60, 3 seeds)",historical,23372800.0,913.0,487498.18200231483,487498.18200231483
"DC-PPO (fixed 60, 3 seeds)",historical,23424000.0,915.0,487820.0078125,487820.0078125
"DC-PPO (fixed 60, 3 seeds)",historical,23475200.0,917.0,488249.8567708333,488249.8567708333
"DC-PPO (fixed 60, 3 seeds)",historical,23526400.0,919.0,489316.8159722222,489316.8159722222
"DC-PPO (fixed 60, 3 seeds)",historical,23577600.0,921.0,490057.17274305556,490057.17274305556
"DC-PPO (fixed 60, 3 seeds)",historical,23628800.0,923.0,491569.89930555556,491569.89930555556
"DC-PPO (fixed 60, 3 seeds)",historical,23680000.0,925.0,491963.8475115741,491963.8475115741
"DC-PPO (fixed 60, 3 seeds)",historical,23731200.0,927.0,491840.10995370365,491840.10995370365
"DC-PPO (fixed 60, 3 seeds)",historical,23782400.0,929.0,490523.00231481483,490523.00231481483
"DC-PPO (fixed 60, 3 seeds)",historical,23833600.0,931.0,489626.5888310185,489626.5888310185
"DC-PPO (fixed 60, 3 seeds)",historical,23884800.0,933.0,488394.0037615741,488394.0037615741
"DC-PPO (fixed 60, 3 seeds)",historical,23936000.0,935.0,487939.1125578704,487939.1125578704
"DC-PPO (fixed 60, 3 seeds)",historical,23987200.0,937.0,487298.793113426,487298.793113426
"DC-PPO (fixed 60, 3 seeds)",historical,24038400.0,939.0,487599.199363426,487599.199363426
"DC-PPO (fixed 60, 3 seeds)",historical,24089600.0,941.0,487260.449363426,487260.449363426
"DC-PPO (fixed 60, 3 seeds)",historical,24140800.0,943.0,487798.2459490741,487798.2459490741
"DC-PPO (fixed 60, 3 seeds)",historical,24192000.0,945.0,487200.0978009259,487200.0978009259
"DC-PPO (fixed 60, 3 seeds)",historical,24243200.0,947.0,487139.67100694444,487139.67100694444
"DC-PPO (fixed 60, 3 seeds)",historical,24294400.0,949.0,486378.46412037034,486378.46412037034
"DC-PPO (fixed 60, 3 seeds)",historical,24345600.0,951.0,487195.5587384259,487195.5587384259
"DC-PPO (fixed 60, 3 seeds)",historical,24396800.0,953.0,488003.48611111107,488003.48611111107
"DC-PPO (fixed 60, 3 seeds)",historical,24448000.0,955.0,488566.90075231483,488566.90075231483
"DC-PPO (fixed 60, 3 seeds)",historical,24499200.0,957.0,487925.0017361112,487925.0017361112
"DC-PPO (fixed 60, 3 seeds)",historical,24550400.0,959.0,487007.2714120371,487007.2714120371
"DC-PPO (fixed 60, 3 seeds)",historical,24601600.0,961.0,486148.158275463,486148.158275463
"DC-PPO (fixed 60, 3 seeds)",historical,24652800.0,963.0,485582.94878472225,485582.94878472225
"DC-PPO (fixed 60, 3 seeds)",historical,24704000.0,965.0,485296.5616319445,485296.5616319445
"DC-PPO (fixed 60, 3 seeds)",historical,24755200.0,967.0,485462.1730324074,485462.1730324074
"DC-PPO (fixed 60, 3 seeds)",historical,24806400.0,969.0,485826.22598379623,485826.22598379623
"DC-PPO (fixed 60, 3 seeds)",historical,24857600.0,971.0,486347.8457754629,486347.8457754629
"DC-PPO (fixed 60, 3 seeds)",historical,24908800.0,973.0,487380.6678240741,487380.6678240741
"DC-PPO (fixed 60, 3 seeds)",historical,24960000.0,975.0,488347.7621527778,488347.7621527778
"DC-PPO (fixed 60, 3 seeds)",historical,25011200.0,977.0,489036.168113426,489036.168113426
"DC-PPO (fixed 60, 3 seeds)",historical,25062400.0,979.0,488782.4088541667,488782.4088541667
"DC-PPO (fixed 60, 3 seeds)",historical,25113600.0,981.0,488791.4548611112,488791.4548611112
"DC-PPO (fixed 60, 3 seeds)",historical,25164800.0,983.0,488850.7890625,488850.7890625
"DC-PPO (fixed 60, 3 seeds)",historical,25216000.0,985.0,489299.3043981481,489299.3043981481
"DC-PPO (fixed 60, 3 seeds)",historical,25267200.0,987.0,489400.5283564815,489400.5283564815
"DC-PPO (fixed 60, 3 seeds)",historical,25318400.0,989.0,489566.2598379629,489566.2598379629
"DC-PPO (fixed 60, 3 seeds)",historical,25369600.0,991.0,490007.51331018517,490007.51331018517
"DC-PPO (fixed 60, 3 seeds)",historical,25420800.0,993.0,490649.11111111107,490649.11111111107
"DC-PPO (fixed 60, 3 seeds)",historical,25472000.0,995.0,491398.7763310185,491398.7763310185
"DC-PPO (fixed 60, 3 seeds)",historical,25523200.0,997.0,490997.69068287034,490997.69068287034
"DC-PPO (fixed 60, 3 seeds)",historical,25574400.0,999.0,490494.50057870365,490494.50057870365
"DC-PPO (fixed 60, 3 seeds)",historical,25625600.0,1001.0,489817.6417824074,489817.6417824074
"DC-PPO (fixed 60, 3 seeds)",historical,25676800.0,1003.0,490450.58680555556,490450.58680555556
"DC-PPO (fixed 60, 3 seeds)",historical,25728000.0,1005.0,491290.0,491290.0
"DC-PPO (fixed 60, 3 seeds)",historical,25779200.0,1007.0,492018.16956018517,492018.16956018517
"DC-PPO (fixed 60, 3 seeds)",historical,25830400.0,1009.0,491964.8240740741,491964.8240740741
"DC-PPO (fixed 60, 3 seeds)",historical,25881600.0,1011.0,491568.9522569445,491568.9522569445
"DC-PPO (fixed 60, 3 seeds)",historical,25932800.0,1013.0,490993.8752893519,490993.8752893519
"DC-PPO (fixed 60, 3 seeds)",historical,25984000.0,1015.0,490731.7005208333,490731.7005208333
"DC-PPO (fixed 60, 3 seeds)",historical,26035200.0,1017.0,490636.353587963,490636.353587963
"DC-PPO (fixed 60, 3 seeds)",historical,26086400.0,1019.0,491612.6901041667,491612.6901041667
"DC-PPO (fixed 60, 3 seeds)",historical,26137600.0,1021.0,492779.5234375,492779.5234375
"DC-PPO (fixed 60, 3 seeds)",historical,26188800.0,1023.0,493694.7054398148,493694.7054398148
"DC-PPO (fixed 60, 3 seeds)",historical,26240000.0,1025.0,493745.06221064815,493745.06221064815
"DC-PPO (fixed 60, 3 seeds)",historical,26291200.0,1027.0,493187.0714699074,493187.0714699074
"DC-PPO (fixed 60, 3 seeds)",historical,26342400.0,1029.0,493230.18836805556,493230.18836805556
"DC-PPO (fixed 60, 3 seeds)",historical,26393600.0,1031.0,493450.2699652778,493450.2699652778
"DC-PPO (fixed 60, 3 seeds)",historical,26444800.0,1033.0,494227.97685185185,494227.97685185185
"DC-PPO (fixed 60, 3 seeds)",historical,26496000.0,1035.0,494279.2314814814,494279.2314814814
"DC-PPO (fixed 60, 3 seeds)",historical,26547200.0,1037.0,494317.7317708333,494317.7317708333
"DC-PPO (fixed 60, 3 seeds)",historical,26598400.0,1039.0,493899.3388310185,493899.3388310185
"DC-PPO (fixed 60, 3 seeds)",historical,26649600.0,1041.0,493773.056712963,493773.056712963
"DC-PPO (fixed 60, 3 seeds)",historical,26700800.0,1043.0,493324.15972222225,493324.15972222225
"DC-PPO (fixed 60, 3 seeds)",historical,26752000.0,1045.0,493359.44357638893,493359.44357638893
"DC-PPO (fixed 60, 3 seeds)",historical,26803200.0,1047.0,493872.2853009259,493872.2853009259
"DC-PPO (fixed 60, 3 seeds)",historical,26854400.0,1049.0,494872.08159722225,494872.08159722225
"DC-PPO (fixed 60, 3 seeds)",historical,26905600.0,1051.0,495255.92939814815,495255.92939814815
"DC-PPO (fixed 60, 3 seeds)",historical,26956800.0,1053.0,495010.34837962966,495010.34837962966
"DC-PPO (fixed 60, 3 seeds)",historical,27008000.0,1055.0,494166.01215277775,494166.01215277775
"DC-PPO (fixed 60, 3 seeds)",historical,27059200.0,1057.0,494086.3721064814,494086.3721064814
"DC-PPO (fixed 60, 3 seeds)",historical,27110400.0,1059.0,494272.4045138888,494272.4045138888
"DC-PPO (fixed 60, 3 seeds)",historical,27161600.0,1061.0,494786.9956597222,494786.9956597222
"DC-PPO (fixed 60, 3 seeds)",historical,27212800.0,1063.0,494768.193287037,494768.193287037
"DC-PPO (fixed 60, 3 seeds)",historical,27264000.0,1065.0,494456.3865740741,494456.3865740741
"DC-PPO (fixed 60, 3 seeds)",historical,27315200.0,1067.0,494120.64293981483,494120.64293981483
"DC-PPO (fixed 60, 3 seeds)",historical,27366400.0,1069.0,493698.4820601851,493698.4820601851
"DC-PPO (fixed 60, 3 seeds)",historical,27417600.0,1071.0,493549.23437499994,493549.23437499994
"DC-PPO (fixed 60, 3 seeds)",historical,27468800.0,1073.0,493819.85069444444,493819.85069444444
"DC-PPO (fixed 60, 3 seeds)",historical,27520000.0,1075.0,494336.0245949074,494336.0245949074
"DC-PPO (fixed 60, 3 seeds)",historical,27571200.0,1077.0,494528.2824074074,494528.2824074074
"DC-PPO (fixed 60, 3 seeds)",historical,27622400.0,1079.0,493681.1513310185,493681.1513310185
"DC-PPO (fixed 60, 3 seeds)",historical,27673600.0,1081.0,492557.5737847222,492557.5737847222
"DC-PPO (fixed 60, 3 seeds)",historical,27724800.0,1083.0,491426.28906249994,491426.28906249994
"DC-PPO (fixed 60, 3 seeds)",historical,27776000.0,1085.0,490960.38281249994,490960.38281249994
"DC-PPO (fixed 60, 3 seeds)",historical,27827200.0,1087.0,490738.48987268517,490738.48987268517
"DC-PPO (fixed 60, 3 seeds)",historical,27878400.0,1089.0,490649.5677083333,490649.5677083333
"DC-PPO (fixed 60, 3 seeds)",historical,27929600.0,1091.0,490088.14785879635,490088.14785879635
"DC-PPO (fixed 60, 3 seeds)",historical,27980800.0,1093.0,489452.72714120377,489452.72714120377
"DC-PPO (fixed 60, 3 seeds)",historical,28032000.0,1095.0,488598.7549189815,488598.7549189815
"DC-PPO (fixed 60, 3 seeds)",historical,28083200.0,1097.0,488466.61574074073,488466.61574074073
"DC-PPO (fixed 60, 3 seeds)",historical,28134400.0,1099.0,488506.40017361107,488506.40017361107
"DC-PPO (fixed 60, 3 seeds)",historical,28185600.0,1101.0,489392.6863425926,489392.6863425926
"DC-PPO (fixed 60, 3 seeds)",historical,28236800.0,1103.0,490059.064525463,490059.064525463
"DC-PPO (fixed 60, 3 seeds)",historical,28288000.0,1105.0,489861.642650463,489861.642650463
"DC-PPO (fixed 60, 3 seeds)",historical,28339200.0,1107.0,488305.2578125,488305.2578125
"DC-PPO (fixed 60, 3 seeds)",historical,28390400.0,1109.0,486116.1287615741,486116.1287615741
"DC-PPO (fixed 60, 3 seeds)",historical,28441600.0,1111.0,484805.86168981483,484805.86168981483
"DC-PPO (fixed 60, 3 seeds)",historical,28492800.0,1113.0,484640.29340277775,484640.29340277775
"DC-PPO (fixed 60, 3 seeds)",historical,28544000.0,1115.0,485099.5101273148,485099.5101273148
"DC-PPO (fixed 60, 3 seeds)",historical,28595200.0,1117.0,485186.1513310185,485186.1513310185
"DC-PPO (fixed 60, 3 seeds)",historical,28646400.0,1119.0,484676.3174189815,484676.3174189815
"DC-PPO (fixed 60, 3 seeds)",historical,28697600.0,1121.0,484485.7068865741,484485.7068865741
"DC-PPO (fixed 60, 3 seeds)",historical,28748800.0,1123.0,485087.3614004629,485087.3614004629
"DC-PPO (fixed 60, 3 seeds)",historical,28800000.0,1125.0,486767.7294560185,486767.7294560185
"DC-PPO (fixed 60, 3 seeds)",historical,28851200.0,1127.0,488503.025462963,488503.025462963
"DC-PPO (fixed 60, 3 seeds)",historical,28902400.0,1129.0,489864.9806134259,489864.9806134259
"DC-PPO (fixed 60, 3 seeds)",historical,28953600.0,1131.0,490283.9464699074,490283.9464699074
"DC-PPO (fixed 60, 3 seeds)",historical,29004800.0,1133.0,490292.48582175927,490292.48582175927
"DC-PPO (fixed 60, 3 seeds)",historical,29056000.0,1135.0,490393.85185185185,490393.85185185185
"DC-PPO (fixed 60, 3 seeds)",historical,29107200.0,1137.0,490833.88512731483,490833.88512731483
"DC-PPO (fixed 60, 3 seeds)",historical,29158400.0,1139.0,491320.314525463,491320.314525463
"DC-PPO (fixed 60, 3 seeds)",historical,29209600.0,1141.0,491551.1932870371,491551.1932870371
"DC-PPO (fixed 60, 3 seeds)",historical,29260800.0,1143.0,491568.0978009259,491568.0978009259
"DC-PPO (fixed 60, 3 seeds)",historical,29312000.0,1145.0,491787.076099537,491787.076099537
"DC-PPO (fixed 60, 3 seeds)",historical,29363200.0,1147.0,491993.7511574074,491993.7511574074
"DC-PPO (fixed 60, 3 seeds)",historical,29414400.0,1149.0,492128.109375,492128.109375
"DC-PPO (fixed 60, 3 seeds)",historical,29465600.0,1151.0,492030.8854166667,492030.8854166667
"DC-PPO (fixed 60, 3 seeds)",historical,29516800.0,1153.0,491997.60850694444,491997.60850694444
"DC-PPO (fixed 60, 3 seeds)",historical,29568000.0,1155.0,492353.85850694444,492353.85850694444
"DC-PPO (fixed 60, 3 seeds)",historical,29619200.0,1157.0,492764.4988425926,492764.4988425926
"DC-PPO (fixed 60, 3 seeds)",historical,29670400.0,1159.0,492976.5107060186,492976.5107060186
"DC-PPO (fixed 60, 3 seeds)",historical,29721600.0,1161.0,492710.07638888893,492710.07638888893
"DC-PPO (fixed 60, 3 seeds)",historical,29772800.0,1163.0,492299.6657986112,492299.6657986112
"DC-PPO (fixed 60, 3 seeds)",historical,29824000.0,1165.0,491884.171875,491884.171875
"DC-PPO (fixed 60, 3 seeds)",historical,29875200.0,1167.0,491591.78356481483,491591.78356481483
"DC-PPO (fixed 60, 3 seeds)",historical,29926400.0,1169.0,491081.7080439815,491081.7080439815
"DC-PPO (fixed 60, 3 seeds)",historical,29977600.0,1171.0,490812.267650463,490812.267650463
"DC-PPO (fixed 60, 3 seeds)",historical,30028800.0,1173.0,490550.158275463,490550.158275463
"DC-PPO (fixed 60, 3 seeds)",historical,30080000.0,1175.0,490602.9348958333,490602.9348958333
"DC-PPO (fixed 60, 3 seeds)",historical,30131200.0,1177.0,490812.7607060185,490812.7607060185
"DC-PPO (fixed 60, 3 seeds)",historical,30182400.0,1179.0,491005.22511574073,491005.22511574073
"DC-PPO (fixed 60, 3 seeds)",historical,30233600.0,1181.0,491310.58420138893,491310.58420138893
"DC-PPO (fixed 60, 3 seeds)",historical,30284800.0,1183.0,491068.919849537,491068.919849537
"DC-PPO (fixed 60, 3 seeds)",historical,30336000.0,1185.0,491437.3790509259,491437.3790509259
"DC-PPO (fixed 60, 3 seeds)",historical,30387200.0,1187.0,491527.03298611107,491527.03298611107
"DC-PPO (fixed 60, 3 seeds)",historical,30438400.0,1189.0,492328.28819444444,492328.28819444444
"DC-PPO (fixed 60, 3 seeds)",historical,30489600.0,1191.0,492628.4427083333,492628.4427083333
"DC-PPO (fixed 60, 3 seeds)",historical,30540800.0,1193.0,493488.5625,493488.5625
"DC-PPO (fixed 60, 3 seeds)",historical,30592000.0,1195.0,493691.4230324074,493691.4230324074
"DC-PPO (fixed 60, 3 seeds)",historical,30643200.0,1197.0,493611.58940972225,493611.58940972225
"DC-PPO (fixed 60, 3 seeds)",historical,30694400.0,1199.0,492958.20399305556,492958.20399305556
"DC-PPO (fixed 60, 3 seeds)",historical,30745600.0,1201.0,492654.82175925927,492654.82175925927
"DC-PPO (fixed 60, 3 seeds)",historical,30796800.0,1203.0,492415.4597800926,492415.4597800926
"DC-PPO (fixed 60, 3 seeds)",historical,30848000.0,1205.0,491714.9490740741,491714.9490740741
"DC-PPO (fixed 60, 3 seeds)",historical,30899200.0,1207.0,490518.7086226852,490518.7086226852
"DC-PPO (fixed 60, 3 seeds)",historical,30950400.0,1209.0,489825.77199074073,489825.77199074073
"DC-PPO (fixed 60, 3 seeds)",historical,31001600.0,1211.0,490011.1371527778,490011.1371527778
"DC-PPO (fixed 60, 3 seeds)",historical,31052800.0,1213.0,490796.57783564815,490796.57783564815
"DC-PPO (fixed 60, 3 seeds)",historical,31104000.0,1215.0,491269.6915509259,491269.6915509259
"DC-PPO (fixed 60, 3 seeds)",historical,31155200.0,1217.0,492076.2228009259,492076.2228009259
"DC-PPO (fixed 60, 3 seeds)",historical,31206400.0,1219.0,493039.25057870365,493039.25057870365
"DC-PPO (fixed 60, 3 seeds)",historical,31257600.0,1221.0,493853.21817129623,493853.21817129623
"DC-PPO (fixed 60, 3 seeds)",historical,31308800.0,1223.0,493896.1550925926,493896.1550925926
"DC-PPO (fixed 60, 3 seeds)",historical,31360000.0,1225.0,493672.81221064815,493672.81221064815
"DC-PPO (fixed 60, 3 seeds)",historical,31411200.0,1227.0,493374.9580439815,493374.9580439815
"DC-PPO (fixed 60, 3 seeds)",historical,31462400.0,1229.0,493181.60098379635,493181.60098379635
"DC-PPO (fixed 60, 3 seeds)",historical,31513600.0,1231.0,492816.5416666667,492816.5416666667
"DC-PPO (fixed 60, 3 seeds)",historical,31564800.0,1233.0,492760.77488425927,492760.77488425927
"DC-PPO (fixed 60, 3 seeds)",historical,31616000.0,1235.0,493280.97685185185,493280.97685185185
"DC-PPO (fixed 60, 3 seeds)",historical,31667200.0,1237.0,493974.76707175927,493974.76707175927
"DC-PPO (fixed 60, 3 seeds)",historical,31718400.0,1239.0,494905.6122685185,494905.6122685185
"DC-PPO (fixed 60, 3 seeds)",historical,31769600.0,1241.0,494953.5925925925,494953.5925925925
"DC-PPO (fixed 60, 3 seeds)",historical,31820800.0,1243.0,495116.9117476851,495116.9117476851
"DC-PPO (fixed 60, 3 seeds)",historical,31872000.0,1245.0,494862.64207175915,494862.64207175915
"DC-PPO (fixed 60, 3 seeds)",historical,31923200.0,1247.0,494982.41521990736,494982.41521990736
"DC-PPO (fixed 60, 3 seeds)",historical,31974400.0,1249.0,494481.671875,494481.671875
"DC-PPO (fixed 60, 3 seeds)",historical,32025600.0,1251.0,494018.4453125,494018.4453125
"DC-PPO (fixed 60, 3 seeds)",historical,32076800.0,1253.0,493324.68692129635,493324.68692129635
"DC-PPO (fixed 60, 3 seeds)",historical,32128000.0,1255.0,493086.44994212966,493086.44994212966
"DC-PPO (fixed 60, 3 seeds)",historical,32179200.0,1257.0,493100.37355324073,493100.37355324073
"DC-PPO (fixed 60, 3 seeds)",historical,32230400.0,1259.0,493818.0286458333,493818.0286458333
"DC-PPO (fixed 60, 3 seeds)",historical,32281600.0,1261.0,494418.130787037,494418.130787037
"DC-PPO (fixed 60, 3 seeds)",historical,32332800.0,1263.0,494928.76620370365,494928.76620370365
"DC-PPO (fixed 60, 3 seeds)",historical,32384000.0,1265.0,494730.3020833333,494730.3020833333
"DC-PPO (fixed 60, 3 seeds)",historical,32435200.0,1267.0,494692.52806712966,494692.52806712966
"DC-PPO (fixed 60, 3 seeds)",historical,32486400.0,1269.0,494505.9262152778,494505.9262152778
"DC-PPO (fixed 60, 3 seeds)",historical,32537600.0,1271.0,494880.61950231483,494880.61950231483
"DC-PPO (fixed 60, 3 seeds)",historical,32588800.0,1273.0,495231.46817129635,495231.46817129635
"DC-PPO (fixed 60, 3 seeds)",historical,32640000.0,1275.0,495810.2471064815,495810.2471064815
"DC-PPO (fixed 60, 3 seeds)",historical,32691200.0,1277.0,495750.9563078704,495750.9563078704
"DC-PPO (fixed 60, 3 seeds)",historical,32742400.0,1279.0,495655.64293981483,495655.64293981483
"DC-PPO (fixed 60, 3 seeds)",historical,32793600.0,1281.0,495298.00636574073,495298.00636574073
"DC-PPO (fixed 60, 3 seeds)",historical,32844800.0,1283.0,495450.8946759259,495450.8946759259
"DC-PPO (fixed 60, 3 seeds)",historical,32896000.0,1285.0,495589.7925347222,495589.7925347222
"DC-PPO (fixed 60, 3 seeds)",historical,32947200.0,1287.0,495790.70862268517,495790.70862268517
"DC-PPO (fixed 60, 3 seeds)",historical,32998400.0,1289.0,496084.0353009259,496084.0353009259
"DC-PPO (fixed 60, 3 seeds)",historical,33049600.0,1291.0,496460.0043402778,496460.0043402778
"DC-PPO (fixed 60, 3 seeds)",historical,33100800.0,1293.0,496943.4971064816,496943.4971064816
"DC-PPO (fixed 60, 3 seeds)",historical,33152000.0,1295.0,497224.0405092593,497224.0405092593
"DC-PPO (fixed 60, 3 seeds)",historical,33203200.0,1297.0,497395.7320601852,497395.7320601852
"DC-PPO (fixed 60, 3 seeds)",historical,33254400.0,1299.0,497717.53674768517,497717.53674768517
"DC-PPO (fixed 60, 3 seeds)",historical,33305600.0,1301.0,497918.03559027775,497918.03559027775
"DC-PPO (fixed 60, 3 seeds)",historical,33356800.0,1303.0,497935.4774305555,497935.4774305555
"DC-PPO (fixed 60, 3 seeds)",historical,33408000.0,1305.0,497899.56192129623,497899.56192129623
"DC-PPO (fixed 60, 3 seeds)",historical,33459200.0,1307.0,497681.0208333333,497681.0208333333
"DC-PPO (fixed 60, 3 seeds)",historical,33510400.0,1309.0,498376.1432291667,498376.1432291667
"DC-PPO (fixed 60, 3 seeds)",historical,33561600.0,1311.0,498513.18026620377,498513.18026620377
"DC-PPO (fixed 60, 3 seeds)",historical,33612800.0,1313.0,498979.16319444444,498979.16319444444
"DC-PPO (fixed 60, 3 seeds)",historical,33664000.0,1315.0,498417.1044560185,498417.1044560185
"DC-PPO (fixed 60, 3 seeds)",historical,33715200.0,1317.0,498241.5309606481,498241.5309606481
"DC-PPO (fixed 60, 3 seeds)",historical,33766400.0,1319.0,498372.73582175927,498372.73582175927
"DC-PPO (fixed 60, 3 seeds)",historical,33817600.0,1321.0,498978.2690972222,498978.2690972222
"DC-PPO (fixed 60, 3 seeds)",historical,33868800.0,1323.0,499466.0295138888,499466.0295138888
"DC-PPO (fixed 60, 3 seeds)",historical,33920000.0,1325.0,499771.0144675926,499771.0144675926
"DC-PPO (fixed 60, 3 seeds)",historical,33971200.0,1327.0,499919.978587963,499919.978587963
"DC-PPO (fixed 60, 3 seeds)",historical,34022400.0,1329.0,500758.3475115741,500758.3475115741
"DC-PPO (fixed 60, 3 seeds)",historical,34073600.0,1331.0,501105.11776620377,501105.11776620377
"DC-PPO (fixed 60, 3 seeds)",historical,34124800.0,1333.0,501092.57378472225,501092.57378472225
"DC-PPO (fixed 60, 3 seeds)",historical,34176000.0,1335.0,500348.1064814815,500348.1064814815
"DC-PPO (fixed 60, 3 seeds)",historical,34227200.0,1337.0,499822.54600694444,499822.54600694444
"DC-PPO (fixed 60, 3 seeds)",historical,34278400.0,1339.0,499834.17824074073,499834.17824074073
"DC-PPO (fixed 60, 3 seeds)",historical,34329600.0,1341.0,499935.11487268517,499935.11487268517
"DC-PPO (fixed 60, 3 seeds)",historical,34380800.0,1343.0,500369.1394675926,500369.1394675926
"DC-PPO (fixed 60, 3 seeds)",historical,34432000.0,1345.0,500287.7942708333,500287.7942708333
"DC-PPO (fixed 60, 3 seeds)",historical,34483200.0,1347.0,500627.435474537,500627.435474537
"DC-PPO (fixed 60, 3 seeds)",historical,34534400.0,1349.0,500331.61863425915,500331.61863425915
"DC-PPO (fixed 60, 3 seeds)",historical,34585600.0,1351.0,500621.7847222222,500621.7847222222
"DC-PPO (fixed 60, 3 seeds)",historical,34636800.0,1353.0,500130.7589699074,500130.7589699074
"DC-PPO (fixed 60, 3 seeds)",historical,34688000.0,1355.0,500329.83680555556,500329.83680555556
"DC-PPO (fixed 60, 3 seeds)",historical,34739200.0,1357.0,500657.5949074074,500657.5949074074
"DC-PPO (fixed 60, 3 seeds)",historical,34790400.0,1359.0,501649.1027199074,501649.1027199074
"DC-PPO (fixed 60, 3 seeds)",historical,34841600.0,1361.0,501893.88512731483,501893.88512731483
"DC-PPO (fixed 60, 3 seeds)",historical,34892800.0,1363.0,501907.63136574073,501907.63136574073
"DC-PPO (fixed 60, 3 seeds)",historical,34944000.0,1365.0,502024.0665509259,502024.0665509259
"DC-PPO (fixed 60, 3 seeds)",historical,34995200.0,1367.0,502803.24652777775,502803.24652777775
"DC-PPO (fixed 60, 3 seeds)",historical,35046400.0,1369.0,503170.15943287034,503170.15943287034
"DC-PPO (fixed 60, 3 seeds)",historical,35097600.0,1371.0,503058.1429398148,503058.1429398148
"DC-PPO (fixed 60, 3 seeds)",historical,35148800.0,1373.0,503006.57089120365,503006.57089120365
"DC-PPO (fixed 60, 3 seeds)",historical,35200000.0,1375.0,503303.763599537,503303.763599537
"DC-PPO (fixed 60, 3 seeds)",historical,35251200.0,1377.0,503740.796875,503740.796875
"DC-PPO (fixed 60, 3 seeds)",historical,35302400.0,1379.0,503775.79050925927,503775.79050925927
"DC-PPO (fixed 60, 3 seeds)",historical,35353600.0,1381.0,503730.60300925927,503730.60300925927
"DC-PPO (fixed 60, 3 seeds)",historical,35404800.0,1383.0,503417.48379629623,503417.48379629623
"DC-PPO (fixed 60, 3 seeds)",historical,35456000.0,1385.0,502977.216724537,502977.216724537
"DC-PPO (fixed 60, 3 seeds)",historical,35507200.0,1387.0,502235.07783564815,502235.07783564815
"DC-PPO (fixed 60, 3 seeds)",historical,35558400.0,1389.0,501370.0992476852,501370.0992476852
"DC-PPO (fixed 60, 3 seeds)",historical,35609600.0,1391.0,500852.68981481483,500852.68981481483
"DC-PPO (fixed 60, 3 seeds)",historical,35660800.0,1393.0,500657.95225694444,500657.95225694444
"DC-PPO (fixed 60, 3 seeds)",historical,35712000.0,1395.0,501169.5052083333,501169.5052083333
"DC-PPO (fixed 60, 3 seeds)",historical,35763200.0,1397.0,501422.81365740736,501422.81365740736
"DC-PPO (fixed 60, 3 seeds)",historical,35814400.0,1399.0,501917.4372106481,501917.4372106481
"DC-PPO (fixed 60, 3 seeds)",historical,35865600.0,1401.0,502045.0101273148,502045.0101273148
"DC-PPO (fixed 60, 3 seeds)",historical,35916800.0,1403.0,501855.0347222222,501855.0347222222
"DC-PPO (fixed 60, 3 seeds)",historical,35968000.0,1405.0,501121.0833333333,501121.0833333333
"DC-PPO (fixed 60, 3 seeds)",historical,36019200.0,1407.0,500372.57725694444,500372.57725694444
"DC-PPO (fixed 60, 3 seeds)",historical,36070400.0,1409.0,500267.8544560185,500267.8544560185
"DC-PPO (fixed 60, 3 seeds)",historical,36121600.0,1411.0,500243.935474537,500243.935474537
"DC-PPO (fixed 60, 3 seeds)",historical,36172800.0,1413.0,500372.9716435186,500372.9716435186
"DC-PPO (fixed 60, 3 seeds)",historical,36224000.0,1415.0,500607.2531828704,500607.2531828704
"DC-PPO (fixed 60, 3 seeds)",historical,36275200.0,1417.0,500861.21180555556,500861.21180555556
"DC-PPO (fixed 60, 3 seeds)",historical,36326400.0,1419.0,500825.68605324073,500825.68605324073
"DC-PPO (fixed 60, 3 seeds)",historical,36377600.0,1421.0,500556.140625,500556.140625
"DC-PPO (fixed 60, 3 seeds)",historical,36428800.0,1423.0,500817.62934027775,500817.62934027775
"DC-PPO (fixed 60, 3 seeds)",historical,36480000.0,1425.0,501754.5410879629,501754.5410879629
"DC-PPO (fixed 60, 3 seeds)",historical,36531200.0,1427.0,502898.3333333333,502898.3333333333
"DC-PPO (fixed 60, 3 seeds)",historical,36582400.0,1429.0,504025.8142361112,504025.8142361112
"DC-PPO (fixed 60, 3 seeds)",historical,36633600.0,1431.0,504684.7297453704,504684.7297453704
"DC-PPO (fixed 60, 3 seeds)",historical,36684800.0,1433.0,504730.810474537,504730.810474537
"DC-PPO (fixed 60, 3 seeds)",historical,36736000.0,1435.0,504397.6857638888,504397.6857638888
"DC-PPO (fixed 60, 3 seeds)",historical,36787200.0,1437.0,504263.21006944444,504263.21006944444
"DC-PPO (fixed 60, 3 seeds)",historical,36838400.0,1439.0,504678.5208333333,504678.5208333333
"DC-PPO (fixed 60, 3 seeds)",historical,36889600.0,1441.0,505047.8865740741,505047.8865740741
"DC-PPO (fixed 60, 3 seeds)",historical,36940800.0,1443.0,505567.22887731483,505567.22887731483
"DC-PPO (fixed 60, 3 seeds)",historical,36992000.0,1445.0,505798.72540509264,505798.72540509264
"DC-PPO (fixed 60, 3 seeds)",historical,37043200.0,1447.0,506404.798900463,506404.798900463
"DC-PPO (fixed 60, 3 seeds)",historical,37094400.0,1449.0,506187.68721064815,506187.68721064815
"DC-PPO (fixed 60, 3 seeds)",historical,37145600.0,1451.0,506441.34548611107,506441.34548611107
"DC-PPO (fixed 60, 3 seeds)",historical,37196800.0,1453.0,506231.8096064815,506231.8096064815
"DC-PPO (fixed 60, 3 seeds)",historical,37248000.0,1455.0,506221.2109375,506221.2109375
"DC-PPO (fixed 60, 3 seeds)",historical,37299200.0,1457.0,505703.71556712966,505703.71556712966
"DC-PPO (fixed 60, 3 seeds)",historical,37350400.0,1459.0,505402.3738425926,505402.3738425926
"DC-PPO (fixed 60, 3 seeds)",historical,37401600.0,1461.0,505566.33506944444,505566.33506944444
"DC-PPO (fixed 60, 3 seeds)",historical,37452800.0,1463.0,505546.67881944444,505546.67881944444
"DC-PPO (fixed 60, 3 seeds)",historical,37504000.0,1465.0,505140.93605324073,505140.93605324073
"DC-PPO (fixed 60, 3 seeds)",historical,37555200.0,1467.0,504407.06684027775,504407.06684027775
"DC-PPO (fixed 60, 3 seeds)",historical,37606400.0,1469.0,504182.70457175927,504182.70457175927
"DC-PPO (fixed 60, 3 seeds)",historical,37657600.0,1471.0,504661.4910300926,504661.4910300926
"DC-PPO (fixed 60, 3 seeds)",historical,37708800.0,1473.0,505498.0260416667,505498.0260416667
"DC-PPO (fixed 60, 3 seeds)",historical,37760000.0,1475.0,506298.1623263888,506298.1623263888
"DC-PPO (fixed 60, 3 seeds)",historical,37811200.0,1477.0,506939.3556134259,506939.3556134259
"DC-PPO (fixed 60, 3 seeds)",historical,37862400.0,1479.0,507352.6692708333,507352.6692708333
"DC-PPO (fixed 60, 3 seeds)",historical,37913600.0,1481.0,507229.4354745371,507229.4354745371
"DC-PPO (fixed 60, 3 seeds)",historical,37964800.0,1483.0,506676.6510416667,506676.6510416667
"DC-PPO (fixed 60, 3 seeds)",historical,38016000.0,1485.0,505845.27199074073,505845.27199074073
"DC-PPO (fixed 60, 3 seeds)",historical,38067200.0,1487.0,505438.7468171296,505438.7468171296
"DC-PPO (fixed 60, 3 seeds)",historical,38118400.0,1489.0,504919.96730324073,504919.96730324073
"DC-PPO (fixed 60, 3 seeds)",historical,38169600.0,1491.0,504726.64785879635,504726.64785879635
"DC-PPO (fixed 60, 3 seeds)",historical,38220800.0,1493.0,504338.5703125,504338.5703125
"DC-PPO (fixed 60, 3 seeds)",historical,38272000.0,1495.0,504601.37326388893,504601.37326388893
"DC-PPO (fixed 60, 3 seeds)",historical,38323200.0,1497.0,504727.5295138888,504727.5295138888
"DC-PPO (fixed 60, 3 seeds)",historical,38374400.0,1499.0,504976.54050925927,504976.54050925927
"DC-PPO (fixed 60, 3 seeds)",historical,38425600.0,1501.0,504829.4551504629,504829.4551504629
"DC-PPO (fixed 60, 3 seeds)",historical,38476800.0,1503.0,504967.3914930555,504967.3914930555
"DC-PPO (fixed 60, 3 seeds)",historical,38528000.0,1505.0,505030.451099537,505030.451099537
"DC-PPO (fixed 60, 3 seeds)",historical,38579200.0,1507.0,505102.3289930555,505102.3289930555
"DC-PPO (fixed 60, 3 seeds)",historical,38630400.0,1509.0,504820.7612847222,504820.7612847222
"DC-PPO (fixed 60, 3 seeds)",historical,38681600.0,1511.0,504786.71875,504786.71875
"DC-PPO (fixed 60, 3 seeds)",historical,38732800.0,1513.0,505026.3394097222,505026.3394097222
"DC-PPO (fixed 60, 3 seeds)",historical,38784000.0,1515.0,505526.20833333326,505526.20833333326
"DC-PPO (fixed 60, 3 seeds)",historical,38835200.0,1517.0,505855.75896990736,505855.75896990736
"DC-PPO (fixed 60, 3 seeds)",historical,38886400.0,1519.0,505933.00434027775,505933.00434027775
"DC-PPO (fixed 60, 3 seeds)",historical,38937600.0,1521.0,505588.65451388893,505588.65451388893
"DC-PPO (fixed 60, 3 seeds)",historical,38988800.0,1523.0,505276.64409722225,505276.64409722225
"DC-PPO (fixed 60, 3 seeds)",historical,39040000.0,1525.0,505012.75549768517,505012.75549768517
"DC-PPO (fixed 60, 3 seeds)",historical,39091200.0,1527.0,505262.017650463,505262.017650463
"DC-PPO (fixed 60, 3 seeds)",historical,39142400.0,1529.0,505447.19212962966,505447.19212962966
"DC-PPO (fixed 60, 3 seeds)",historical,39193600.0,1531.0,505473.11660879623,505473.11660879623
"DC-PPO (fixed 60, 3 seeds)",historical,39244800.0,1533.0,505181.1299189815,505181.1299189815
"DC-PPO (fixed 60, 3 seeds)",historical,39296000.0,1535.0,504936.1385995371,504936.1385995371
"DC-PPO (fixed 60, 3 seeds)",historical,39347200.0,1537.0,505022.254050926,505022.254050926
"DC-PPO (fixed 60, 3 seeds)",historical,39398400.0,1539.0,505733.8723958333,505733.8723958333
"DC-PPO (fixed 60, 3 seeds)",historical,39449600.0,1541.0,506529.69618055556,506529.69618055556
"DC-PPO (fixed 60, 3 seeds)",historical,39500800.0,1543.0,507390.533275463,507390.533275463
"DC-PPO (fixed 60, 3 seeds)",historical,39552000.0,1545.0,507484.9716435186,507484.9716435186
"DC-PPO (fixed 60, 3 seeds)",historical,39603200.0,1547.0,507507.2928240741,507507.2928240741
"DC-PPO (fixed 60, 3 seeds)",historical,39654400.0,1549.0,507064.3475115741,507064.3475115741
"DC-PPO (fixed 60, 3 seeds)",historical,39705600.0,1551.0,506839.74305555556,506839.74305555556
"DC-PPO (fixed 60, 3 seeds)",historical,39756800.0,1553.0,506594.68721064815,506594.68721064815
"DC-PPO (fixed 60, 3 seeds)",historical,39808000.0,1555.0,506416.3388310185,506416.3388310185
"DC-PPO (fixed 60, 3 seeds)",historical,39859200.0,1557.0,506192.146412037,506192.146412037
"DC-PPO (fixed 60, 3 seeds)",historical,39910400.0,1559.0,505870.466724537,505870.466724537
"DC-PPO (fixed 60, 3 seeds)",historical,39961600.0,1561.0,505581.42332175927,505581.42332175927
"DC-PPO (fixed 60, 3 seeds)",historical,40012800.0,1563.0,505237.0428240741,505237.0428240741
"DC-PPO (fixed 60, 3 seeds)",historical,40064000.0,1565.0,504889.5625,504889.5625
"DC-PPO (fixed 60, 3 seeds)",historical,40115200.0,1567.0,504497.29513888893,504497.29513888893
"DC-PPO (fixed 60, 3 seeds)",historical,40166400.0,1569.0,504322.76880787034,504322.76880787034
"DC-PPO (fixed 60, 3 seeds)",historical,40217600.0,1571.0,503930.90393518517,503930.90393518517
"DC-PPO (fixed 60, 3 seeds)",historical,40268800.0,1573.0,503677.05005787034,503677.05005787034
"DC-PPO (fixed 60, 3 seeds)",historical,40320000.0,1575.0,503203.87818287034,503203.87818287034
"DC-PPO (fixed 60, 3 seeds)",historical,40371200.0,1577.0,503191.34375,503191.34375
"DC-PPO (fixed 60, 3 seeds)",historical,40422400.0,1579.0,503383.9826388888,503383.9826388888
"DC-PPO (fixed 60, 3 seeds)",historical,40473600.0,1581.0,503662.7068865741,503662.7068865741
"DC-PPO (fixed 60, 3 seeds)",historical,40524800.0,1583.0,503708.4988425926,503708.4988425926
"DC-PPO (fixed 60, 3 seeds)",historical,40576000.0,1585.0,503459.5925925926,503459.5925925926
"DC-PPO (fixed 60, 3 seeds)",historical,40627200.0,1587.0,503494.7352430555,503494.7352430555
"DC-PPO (fixed 60, 3 seeds)",historical,40678400.0,1589.0,503500.4097222222,503500.4097222222
"DC-PPO (fixed 60, 3 seeds)",historical,40729600.0,1591.0,503631.9942129629,503631.9942129629
"DC-PPO (fixed 60, 3 seeds)",historical,40780800.0,1593.0,503488.78153935185,503488.78153935185
"DC-PPO (fixed 60, 3 seeds)",historical,40832000.0,1595.0,503408.9482060185,503408.9482060185
"DC-PPO (fixed 60, 3 seeds)",historical,40883200.0,1597.0,503124.49276620365,503124.49276620365
"DC-PPO (fixed 60, 3 seeds)",historical,40934400.0,1599.0,502910.1649305555,502910.1649305555
"DC-PPO (fixed 60, 3 seeds)",historical,40985600.0,1601.0,502989.82783564815,502989.82783564815
"DC-PPO (fixed 60, 3 seeds)",historical,41036800.0,1603.0,503635.08043981483,503635.08043981483
"DC-PPO (fixed 60, 3 seeds)",historical,41088000.0,1605.0,504455.8023726852,504455.8023726852
"DC-PPO (fixed 60, 3 seeds)",historical,41139200.0,1607.0,505267.0480324074,505267.0480324074
"DC-PPO (fixed 60, 3 seeds)",historical,41190400.0,1609.0,506025.53096064815,506025.53096064815
"DC-PPO (fixed 60, 3 seeds)",historical,41241600.0,1611.0,506788.9207175926,506788.9207175926
"DC-PPO (fixed 60, 3 seeds)",historical,41292800.0,1613.0,507451.1310763888,507451.1310763888
"DC-PPO (fixed 60, 3 seeds)",historical,41344000.0,1615.0,507798.9722222222,507798.9722222222
"DC-PPO (fixed 60, 3 seeds)",historical,41395200.0,1617.0,507947.9942129629,507947.9942129629
"DC-PPO (fixed 60, 3 seeds)",historical,41446400.0,1619.0,507651.4239004629,507651.4239004629
"DC-PPO (fixed 60, 3 seeds)",historical,41497600.0,1621.0,507642.4189814815,507642.4189814815
"DC-PPO (fixed 60, 3 seeds)",historical,41548800.0,1623.0,507612.2381365741,507612.2381365741
"DC-PPO (fixed 60, 3 seeds)",historical,41600000.0,1625.0,508225.40625,508225.40625
"DC-PPO (fixed 60, 3 seeds)",historical,41651200.0,1627.0,507964.7068865741,507964.7068865741
"DC-PPO (fixed 60, 3 seeds)",historical,41702400.0,1629.0,507679.83940972225,507679.83940972225
"DC-PPO (fixed 60, 3 seeds)",historical,41753600.0,1631.0,506958.2126736112,506958.2126736112
"DC-PPO (fixed 60, 3 seeds)",historical,41804800.0,1633.0,506569.80902777775,506569.80902777775
"DC-PPO (fixed 60, 3 seeds)",historical,41856000.0,1635.0,506194.3735532407,506194.3735532407
"DC-PPO (fixed 60, 3 seeds)",historical,41907200.0,1637.0,505895.9930555555,505895.9930555555
"DC-PPO (fixed 60, 3 seeds)",historical,41958400.0,1639.0,506250.693287037,506250.693287037
"DC-PPO (fixed 60, 3 seeds)",historical,42009600.0,1641.0,506446.1927083333,506446.1927083333
"DC-PPO (fixed 60, 3 seeds)",historical,42060800.0,1643.0,506699.80005787034,506699.80005787034
"DC-PPO (fixed 60, 3 seeds)",historical,42112000.0,1645.0,506561.92505787034,506561.92505787034
"DC-PPO (fixed 60, 3 seeds)",historical,42163200.0,1647.0,506741.0584490741,506741.0584490741
"DC-PPO (fixed 60, 3 seeds)",historical,42214400.0,1649.0,506883.4403935185,506883.4403935185
"DC-PPO (fixed 60, 3 seeds)",historical,42265600.0,1651.0,506961.6015625,506961.6015625
"DC-PPO (fixed 60, 3 seeds)",historical,42316800.0,1653.0,507172.96325231483,507172.96325231483
"DC-PPO (fixed 60, 3 seeds)",historical,42368000.0,1655.0,507412.8347800926,507412.8347800926
"DC-PPO (fixed 60, 3 seeds)",historical,42419200.0,1657.0,507290.62065972225,507290.62065972225
"DC-PPO (fixed 60, 3 seeds)",historical,42470400.0,1659.0,506507.73408564815,506507.73408564815
"DC-PPO (fixed 60, 3 seeds)",historical,42521600.0,1661.0,505687.50144675927,505687.50144675927
"DC-PPO (fixed 60, 3 seeds)",historical,42572800.0,1663.0,505709.0850694445,505709.0850694445
"DC-PPO (fixed 60, 3 seeds)",historical,42624000.0,1665.0,506133.05005787034,506133.05005787034
"DC-PPO (fixed 60, 3 seeds)",historical,42675200.0,1667.0,506295.05237268517,506295.05237268517
"DC-PPO (fixed 60, 3 seeds)",historical,42726400.0,1669.0,506012.2366898148,506012.2366898148
"DC-PPO (fixed 60, 3 seeds)",historical,42777600.0,1671.0,505799.5769675926,505799.5769675926
"DC-PPO (fixed 60, 3 seeds)",historical,42828800.0,1673.0,506749.6140046296,506749.6140046296
"DC-PPO (fixed 60, 3 seeds)",historical,42880000.0,1675.0,507380.8162615741,507380.8162615741
"DC-PPO (fixed 60, 3 seeds)",historical,42931200.0,1677.0,507649.55787037034,507649.55787037034
"DC-PPO (fixed 60, 3 seeds)",historical,42982400.0,1679.0,506036.4560185185,506036.4560185185
"DC-PPO (fixed 60, 3 seeds)",historical,43033600.0,1681.0,505105.3712384259,505105.3712384259
"DC-PPO (fixed 60, 3 seeds)",historical,43084800.0,1683.0,504730.5130208333,504730.5130208333
"DC-PPO (fixed 60, 3 seeds)",historical,43136000.0,1685.0,505393.5517939815,505393.5517939815
"DC-PPO (fixed 60, 3 seeds)",historical,43187200.0,1687.0,505802.97627314815,505802.97627314815
"DC-PPO (fixed 60, 3 seeds)",historical,43238400.0,1689.0,505647.14525462966,505647.14525462966
"DC-PPO (fixed 60, 3 seeds)",historical,43289600.0,1691.0,505538.61284722225,505538.61284722225
"DC-PPO (fixed 60, 3 seeds)",historical,43340800.0,1693.0,504976.154224537,504976.154224537
"DC-PPO (fixed 60, 3 seeds)",historical,43392000.0,1695.0,504377.21846064815,504377.21846064815
"DC-PPO (fixed 60, 3 seeds)",historical,43443200.0,1697.0,503535.88975694444,503535.88975694444
"DC-PPO (fixed 60, 3 seeds)",historical,43494400.0,1699.0,502658.15972222225,502658.15972222225
"DC-PPO (fixed 60, 3 seeds)",historical,43545600.0,1701.0,502354.328125,502354.328125
"DC-PPO (fixed 60, 3 seeds)",historical,43596800.0,1703.0,501944.01880787034,501944.01880787034
"DC-PPO (fixed 60, 3 seeds)",historical,43648000.0,1705.0,502042.3651620371,502042.3651620371
"DC-PPO (fixed 60, 3 seeds)",historical,43699200.0,1707.0,501853.1041666667,501853.1041666667
"DC-PPO (fixed 60, 3 seeds)",historical,43750400.0,1709.0,501873.89236111107,501873.89236111107
"DC-PPO (fixed 60, 3 seeds)",historical,43801600.0,1711.0,502466.17332175927,502466.17332175927
"DC-PPO (fixed 60, 3 seeds)",historical,43852800.0,1713.0,503172.60792824073,503172.60792824073
"DC-PPO (fixed 60, 3 seeds)",historical,43904000.0,1715.0,504106.27430555556,504106.27430555556
"DC-PPO (fixed 60, 3 seeds)",historical,43955200.0,1717.0,503868.32175925927,503868.32175925927
"DC-PPO (fixed 60, 3 seeds)",historical,44006400.0,1719.0,503559.88136574073,503559.88136574073
"DC-PPO (fixed 60, 3 seeds)",historical,44057600.0,1721.0,503339.7335069445,503339.7335069445
"DC-PPO (fixed 60, 3 seeds)",historical,44108800.0,1723.0,503740.783275463,503740.783275463
"DC-PPO (fixed 60, 3 seeds)",historical,44160000.0,1725.0,504232.8388310185,504232.8388310185
"DC-PPO (fixed 60, 3 seeds)",historical,44211200.0,1727.0,504199.3810763888,504199.3810763888
"DC-PPO (fixed 60, 3 seeds)",historical,44262400.0,1729.0,504396.5451388888,504396.5451388888
"DC-PPO (fixed 60, 3 seeds)",historical,44313600.0,1731.0,504598.130787037,504598.130787037
"DC-PPO (fixed 60, 3 seeds)",historical,44364800.0,1733.0,505534.5442708333,505534.5442708333
"DC-PPO (fixed 60, 3 seeds)",historical,44416000.0,1735.0,506049.37731481483,506049.37731481483
"DC-PPO (fixed 60, 3 seeds)",historical,44467200.0,1737.0,506462.3012152778,506462.3012152778
"DC-PPO (fixed 60, 3 seeds)",historical,44518400.0,1739.0,506499.45196759264,506499.45196759264
"DC-PPO (fixed 60, 3 seeds)",historical,44569600.0,1741.0,506663.0717592593,506663.0717592593
"DC-PPO (fixed 60, 3 seeds)",historical,44620800.0,1743.0,506983.29658564815,506983.29658564815
"DC-PPO (fixed 60, 3 seeds)",historical,44672000.0,1745.0,507194.11255787034,507194.11255787034
"DC-PPO (fixed 60, 3 seeds)",historical,44723200.0,1747.0,507450.8778935185,507450.8778935185
"DC-PPO (fixed 60, 3 seeds)",historical,44774400.0,1749.0,507556.9296875,507556.9296875
"DC-PPO (fixed 60, 3 seeds)",historical,44825600.0,1751.0,507625.29050925927,507625.29050925927
"DC-PPO (fixed 60, 3 seeds)",historical,44876800.0,1753.0,507655.4499421296,507655.4499421296
"DC-PPO (fixed 60, 3 seeds)",historical,44928000.0,1755.0,507748.68055555556,507748.68055555556
"DC-PPO (fixed 60, 3 seeds)",historical,44979200.0,1757.0,508071.10011574073,508071.10011574073
"DC-PPO (fixed 60, 3 seeds)",historical,45030400.0,1759.0,508284.4030671296,508284.4030671296
"DC-PPO (fixed 60, 3 seeds)",historical,45081600.0,1761.0,508328.7612847222,508328.7612847222
"DC-PPO (fixed 60, 3 seeds)",historical,45132800.0,1763.0,507664.6426504629,507664.6426504629
"DC-PPO (fixed 60, 3 seeds)",historical,45184000.0,1765.0,506689.6524884259,506689.6524884259
"DC-PPO (fixed 60, 3 seeds)",historical,45235200.0,1767.0,505896.2745949074,505896.2745949074
"DC-PPO (fixed 60, 3 seeds)",historical,45286400.0,1769.0,505391.6733217593,505391.6733217593
"DC-PPO (fixed 60, 3 seeds)",historical,45337600.0,1771.0,505214.8831018519,505214.8831018519
"DC-PPO (fixed 60, 3 seeds)",historical,45388800.0,1773.0,505071.99074074073,505071.99074074073
"DC-PPO (fixed 60, 3 seeds)",historical,45440000.0,1775.0,505635.81105324073,505635.81105324073
"DC-PPO (fixed 60, 3 seeds)",historical,45491200.0,1777.0,506508.9947916667,506508.9947916667
"DC-PPO (fixed 60, 3 seeds)",historical,45542400.0,1779.0,507052.4580439814,507052.4580439814
"DC-PPO (fixed 60, 3 seeds)",historical,45593600.0,1781.0,507373.6921296296,507373.6921296296
"DC-PPO (fixed 60, 3 seeds)",historical,45644800.0,1783.0,507273.7873263888,507273.7873263888
"DC-PPO (fixed 60, 3 seeds)",historical,45696000.0,1785.0,507739.34924768517,507739.34924768517
"DC-PPO (fixed 60, 3 seeds)",historical,45747200.0,1787.0,507754.9424189815,507754.9424189815
"DC-PPO (fixed 60, 3 seeds)",historical,45798400.0,1789.0,508238.46932870365,508238.46932870365
"DC-PPO (fixed 60, 3 seeds)",historical,45849600.0,1791.0,508081.65277777775,508081.65277777775
"DC-PPO (fixed 60, 3 seeds)",historical,45900800.0,1793.0,508340.6206597222,508340.6206597222
"DC-PPO (fixed 60, 3 seeds)",historical,45952000.0,1795.0,508578.71006944444,508578.71006944444
"DC-PPO (fixed 60, 3 seeds)",historical,46003200.0,1797.0,509561.9010416667,509561.9010416667
"DC-PPO (fixed 60, 3 seeds)",historical,46054400.0,1799.0,510480.2711226852,510480.2711226852
"DC-PPO (fixed 60, 3 seeds)",historical,46105600.0,1801.0,511174.1371527778,511174.1371527778
"DC-PPO (fixed 60, 3 seeds)",historical,46156800.0,1803.0,511345.41348379635,511345.41348379635
"DC-PPO (fixed 60, 3 seeds)",historical,46208000.0,1805.0,511302.83362268517,511302.83362268517
"DC-PPO (fixed 60, 3 seeds)",historical,46259200.0,1807.0,510797.5127314815,510797.5127314815
"DC-PPO (fixed 60, 3 seeds)",historical,46310400.0,1809.0,510477.93142361107,510477.93142361107
"DC-PPO (fixed 60, 3 seeds)",historical,46361600.0,1811.0,509951.4091435185,509951.4091435185
"DC-PPO (fixed 60, 3 seeds)",historical,46412800.0,1813.0,509566.0517939814,509566.0517939814
"DC-PPO (fixed 60, 3 seeds)",historical,46464000.0,1815.0,508757.8854166667,508757.8854166667
"DC-PPO (fixed 60, 3 seeds)",historical,46515200.0,1817.0,508303.86574074073,508303.86574074073
"DC-PPO (fixed 60, 3 seeds)",historical,46566400.0,1819.0,508317.17939814815,508317.17939814815
"DC-PPO (fixed 60, 3 seeds)",historical,46617600.0,1821.0,508965.66174768517,508965.66174768517
"DC-PPO (fixed 60, 3 seeds)",historical,46668800.0,1823.0,509276.78935185185,509276.78935185185
"DC-PPO (fixed 60, 3 seeds)",historical,46720000.0,1825.0,509151.8203125,509151.8203125
"DC-PPO (fixed 60, 3 seeds)",historical,46771200.0,1827.0,508388.2627314815,508388.2627314815
"DC-PPO (fixed 60, 3 seeds)",historical,46822400.0,1829.0,508245.3651620371,508245.3651620371
"DC-PPO (fixed 60, 3 seeds)",historical,46873600.0,1831.0,508731.6516203704,508731.6516203704
"DC-PPO (fixed 60, 3 seeds)",historical,46924800.0,1833.0,509816.8787615741,509816.8787615741
"DC-PPO (fixed 60, 3 seeds)",historical,46976000.0,1835.0,511089.2306134259,511089.2306134259
"DC-PPO (fixed 60, 3 seeds)",historical,47027200.0,1837.0,512188.9181134259,512188.9181134259
"DC-PPO (fixed 60, 3 seeds)",historical,47078400.0,1839.0,513369.2375578704,513369.2375578704
"DC-PPO (fixed 60, 3 seeds)",historical,47129600.0,1841.0,513988.18315972225,513988.18315972225
"DC-PPO (fixed 60, 3 seeds)",historical,47180800.0,1843.0,514521.7392939815,514521.7392939815
"DC-PPO (fixed 60, 3 seeds)",historical,47232000.0,1845.0,514817.9244791667,514817.9244791667
"DC-PPO (fixed 60, 3 seeds)",historical,47283200.0,1847.0,515039.32638888893,515039.32638888893
"DC-PPO (fixed 60, 3 seeds)",historical,47334400.0,1849.0,515205.63223379635,515205.63223379635
"DC-PPO (fixed 60, 3 seeds)",historical,47385600.0,1851.0,515179.0277777778,515179.0277777778
"DC-PPO (fixed 60, 3 seeds)",historical,47436800.0,1853.0,515586.8544560185,515586.8544560185
"DC-PPO (fixed 60, 3 seeds)",historical,47488000.0,1855.0,515767.48003472225,515767.48003472225
"DC-PPO (fixed 60, 3 seeds)",historical,47539200.0,1857.0,515862.95283564815,515862.95283564815
"DC-PPO (fixed 60, 3 seeds)",historical,47590400.0,1859.0,515512.9704861112,515512.9704861112
"DC-PPO (fixed 60, 3 seeds)",historical,47641600.0,1861.0,515726.53935185185,515726.53935185185
"DC-PPO (fixed 60, 3 seeds)",historical,47692800.0,1863.0,516413.912037037,516413.912037037
"DC-PPO (fixed 60, 3 seeds)",historical,47744000.0,1865.0,516785.32175925927,516785.32175925927
"DC-PPO (fixed 60, 3 seeds)",historical,47795200.0,1867.0,516006.322337963,516006.322337963
"DC-PPO (fixed 60, 3 seeds)",historical,47846400.0,1869.0,514752.68807870365,514752.68807870365
"DC-PPO (fixed 60, 3 seeds)",historical,47897600.0,1871.0,514178.84143518517,514178.84143518517
"DC-PPO (fixed 60, 3 seeds)",historical,47948800.0,1873.0,514413.1189236112,514413.1189236112
"DC-PPO (fixed 60, 3 seeds)",historical,48000000.0,1875.0,515100.85214120377,515100.85214120377
"DC-PPO (fixed 60, 3 seeds)",historical,48051200.0,1877.0,515298.6359953704,515298.6359953704
"DC-PPO (fixed 60, 3 seeds)",historical,48102400.0,1879.0,515316.12847222225,515316.12847222225
"DC-PPO (fixed 60, 3 seeds)",historical,48153600.0,1881.0,514752.72800925927,514752.72800925927
"DC-PPO (fixed 60, 3 seeds)",historical,48204800.0,1883.0,514269.13715277775,514269.13715277775
"DC-PPO (fixed 60, 3 seeds)",historical,48256000.0,1885.0,514340.1374421296,514340.1374421296
"DC-PPO (fixed 60, 3 seeds)",historical,48307200.0,1887.0,514551.5350115741,514551.5350115741
"DC-PPO (fixed 60, 3 seeds)",historical,48358400.0,1889.0,514889.09027777775,514889.09027777775
"DC-PPO (fixed 60, 3 seeds)",historical,48409600.0,1891.0,514187.7708333333,514187.7708333333
"DC-PPO (fixed 60, 3 seeds)",historical,48460800.0,1893.0,514088.3512731481,514088.3512731481
"DC-PPO (fixed 60, 3 seeds)",historical,48512000.0,1895.0,514667.9997106481,514667.9997106481
"DC-PPO (fixed 60, 3 seeds)",historical,48563200.0,1897.0,516075.38454861107,516075.38454861107
"DC-PPO (fixed 60, 3 seeds)",historical,48614400.0,1899.0,516781.80439814815,516781.80439814815
"DC-PPO (fixed 60, 3 seeds)",historical,48665600.0,1901.0,516560.2957175926,516560.2957175926
"DC-PPO (fixed 60, 3 seeds)",historical,48716800.0,1903.0,516045.1591435185,516045.1591435185
"DC-PPO (fixed 60, 3 seeds)",historical,48768000.0,1905.0,515598.1652199074,515598.1652199074
"DC-PPO (fixed 60, 3 seeds)",historical,48819200.0,1907.0,515108.78935185185,515108.78935185185
"DC-PPO (fixed 60, 3 seeds)",historical,48870400.0,1909.0,514693.603587963,514693.603587963
"DC-PPO (fixed 60, 3 seeds)",historical,48921600.0,1911.0,514461.6223958333,514461.6223958333
"DC-PPO (fixed 60, 3 seeds)",historical,48972800.0,1913.0,514832.7734375,514832.7734375
"DC-PPO (fixed 60, 3 seeds)",historical,49024000.0,1915.0,514897.92795138893,514897.92795138893
"DC-PPO (fixed 60, 3 seeds)",historical,49075200.0,1917.0,514840.7722800926,514840.7722800926
"DC-PPO (fixed 60, 3 seeds)",historical,49126400.0,1919.0,514303.32581018517,514303.32581018517
"DC-PPO (fixed 60, 3 seeds)",historical,49177600.0,1921.0,513906.716724537,513906.716724537
"DC-PPO (fixed 60, 3 seeds)",historical,49228800.0,1923.0,513352.0625,513352.0625
"DC-PPO (fixed 60, 3 seeds)",historical,49280000.0,1925.0,512702.9806134259,512702.9806134259
"DC-PPO (fixed 60, 3 seeds)",historical,49331200.0,1927.0,511957.46267361107,511957.46267361107
"DC-PPO (fixed 60, 3 seeds)",historical,49382400.0,1929.0,511546.63223379623,511546.63223379623
"DC-PPO (fixed 60, 3 seeds)",historical,49433600.0,1931.0,511366.1038773148,511366.1038773148
"DC-PPO (fixed 60, 3 seeds)",historical,49484800.0,1933.0,511667.11168981483,511667.11168981483
"DC-PPO (fixed 60, 3 seeds)",historical,49536000.0,1935.0,512008.4655671296,512008.4655671296
"DC-PPO (fixed 60, 3 seeds)",historical,49587200.0,1937.0,512541.0607638888,512541.0607638888
"DC-PPO (fixed 60, 3 seeds)",historical,49638400.0,1939.0,512814.31423611107,512814.31423611107
"DC-PPO (fixed 60, 3 seeds)",historical,49689600.0,1941.0,513008.10185185185,513008.10185185185
"DC-PPO (fixed 60, 3 seeds)",historical,49740800.0,1943.0,513214.1767939815,513214.1767939815
"DC-PPO (fixed 60, 3 seeds)",historical,49792000.0,1945.0,513373.58738425927,513373.58738425927
"DC-PPO (fixed 60, 3 seeds)",historical,49843200.0,1947.0,513848.7942708333,513848.7942708333
"DC-PPO (fixed 60, 3 seeds)",historical,49894400.0,1949.0,514370.23582175927,514370.23582175927
"DC-PPO (fixed 60, 3 seeds)",historical,49945600.0,1951.0,515231.158275463,515231.158275463
"DC-PPO (fixed 60, 3 seeds)",historical,49996800.0,1953.0,515505.54253472225,515505.54253472225
"DC-PPO (fixed 60, 3 seeds)",historical,50048000.0,1955.0,515678.3336226852,515678.3336226852
"DC-PPO (fixed 60, 3 seeds)",historical,50099200.0,1957.0,515100.0677083333,515100.0677083333
"DC-PPO (fixed 60, 3 seeds)",historical,50150400.0,1959.0,515202.5040509259,515202.5040509259
"DC-PPO (fixed 60, 3 seeds)",historical,50201600.0,1961.0,515142.5896990741,515142.5896990741
"DC-PPO (fixed 60, 3 seeds)",historical,50252800.0,1963.0,516107.5810185186,516107.5810185186
"DC-PPO (fixed 60, 3 seeds)",historical,50304000.0,1965.0,516507.13512731483,516507.13512731483
"DC-PPO (fixed 60, 3 seeds)",historical,50355200.0,1967.0,516995.5324074074,516995.5324074074
"DC-PPO (fixed 60, 3 seeds)",historical,50406400.0,1969.0,517083.3162615741,517083.3162615741
"DC-PPO (fixed 60, 3 seeds)",historical,50457600.0,1971.0,516858.6004050926,516858.6004050926
"DC-PPO (fixed 60, 3 seeds)",historical,50508800.0,1973.0,516706.880787037,516706.880787037
"DC-PPO (fixed 60, 3 seeds)",historical,50560000.0,1975.0,515888.26331018517,515888.26331018517
"DC-PPO (fixed 60, 3 seeds)",historical,50611200.0,1977.0,515757.1024305555,515757.1024305555
"DC-PPO (fixed 60, 3 seeds)",historical,50662400.0,1979.0,515490.6484375,515490.6484375
"DC-PPO (fixed 60, 3 seeds)",historical,50713600.0,1981.0,515937.6067708333,515937.6067708333
"DC-PPO (fixed 60, 3 seeds)",historical,50764800.0,1983.0,516224.1770833333,516224.1770833333
"DC-PPO (fixed 60, 3 seeds)",historical,50816000.0,1985.0,516210.8697916667,516210.8697916667
"DC-PPO (fixed 60, 3 seeds)",historical,50867200.0,1987.0,515996.4658564815,515996.4658564815
"DC-PPO (fixed 60, 3 seeds)",historical,50918400.0,1989.0,515939.10185185185,515939.10185185185
"DC-PPO (fixed 60, 3 seeds)",historical,50969600.0,1991.0,516209.68807870377,516209.68807870377
"DC-PPO (fixed 60, 3 seeds)",historical,51020800.0,1993.0,516482.8307291667,516482.8307291667
"DC-PPO (fixed 60, 3 seeds)",historical,51072000.0,1995.0,516293.83333333343,516293.83333333343
"DC-PPO (fixed 60, 3 seeds)",historical,51123200.0,1997.0,516574.6417824074,516574.6417824074
"DC-PPO (fixed 60, 3 seeds)",historical,51174400.0,1999.0,516716.2120949074,516716.2120949074
"DC-PPO (fixed 60, 3 seeds)",historical,51225600.0,2001.0,517170.79716435185,517170.79716435185
"DC-PPO (fixed 60, 3 seeds)",historical,51276800.0,2003.0,516713.3723958333,516713.3723958333
"DC-PPO (fixed 60, 3 seeds)",historical,51328000.0,2005.0,516253.2225115741,516253.2225115741
"DC-PPO (fixed 60, 3 seeds)",historical,51379200.0,2007.0,515430.35908564815,515430.35908564815
"DC-PPO (fixed 60, 3 seeds)",historical,51430400.0,2009.0,514661.4597800926,514661.4597800926
"DC-PPO (fixed 60, 3 seeds)",historical,51481600.0,2011.0,513838.0086805555,513838.0086805555
"DC-PPO (fixed 60, 3 seeds)",historical,51532800.0,2013.0,512917.9363425926,512917.9363425926
"DC-PPO (fixed 60, 3 seeds)",historical,51584000.0,2015.0,512933.0494791667,512933.0494791667
"DC-PPO (fixed 60, 3 seeds)",historical,51635200.0,2017.0,513202.60185185185,513202.60185185185
"DC-PPO (fixed 60, 3 seeds)",historical,51686400.0,2019.0,514126.9635416667,514126.9635416667
"DC-PPO (fixed 60, 3 seeds)",historical,51737600.0,2021.0,514577.0535300926,514577.0535300926
"DC-PPO (fixed 60, 3 seeds)",historical,51788800.0,2023.0,515078.5717592593,515078.5717592593
"DC-PPO (fixed 60, 3 seeds)",historical,51840000.0,2025.0,515375.9299768519,515375.9299768519
"DC-PPO (fixed 60, 3 seeds)",historical,51891200.0,2027.0,515608.3723958333,515608.3723958333
"DC-PPO (fixed 60, 3 seeds)",historical,51942400.0,2029.0,515630.6649305555,515630.6649305555
"DC-PPO (fixed 60, 3 seeds)",historical,51993600.0,2031.0,515705.316261574,515705.316261574
"DC-PPO (fixed 60, 3 seeds)",historical,52044800.0,2033.0,515761.28964120365,515761.28964120365
"DC-PPO (fixed 60, 3 seeds)",historical,52096000.0,2035.0,515741.3576388888,515741.3576388888
"DC-PPO (fixed 60, 3 seeds)",historical,52147200.0,2037.0,515519.43778935185,515519.43778935185
"DC-PPO (fixed 60, 3 seeds)",historical,52198400.0,2039.0,515542.8249421296,515542.8249421296
"DC-PPO (fixed 60, 3 seeds)",historical,52249600.0,2041.0,516210.8035300926,516210.8035300926
"DC-PPO (fixed 60, 3 seeds)",historical,52300800.0,2043.0,517136.9950810185,517136.9950810185
"DC-PPO (fixed 60, 3 seeds)",historical,52352000.0,2045.0,517985.19502314815,517985.19502314815
"DC-PPO (fixed 60, 3 seeds)",historical,52403200.0,2047.0,518321.71556712966,518321.71556712966
"DC-PPO (fixed 60, 3 seeds)",historical,52454400.0,2049.0,518232.7317708333,518232.7317708333
"DC-PPO (fixed 60, 3 seeds)",historical,52505600.0,2051.0,518171.51649305556,518171.51649305556
"DC-PPO (fixed 60, 3 seeds)",historical,52556800.0,2053.0,518126.07667824073,518126.07667824073
"DC-PPO (fixed 60, 3 seeds)",historical,52608000.0,2055.0,518910.9765625,518910.9765625
"DC-PPO (fixed 60, 3 seeds)",historical,52659200.0,2057.0,519323.80150462966,519323.80150462966
"DC-PPO (fixed 60, 3 seeds)",historical,52710400.0,2059.0,519809.2879050926,519809.2879050926
"DC-PPO (fixed 60, 3 seeds)",historical,52761600.0,2061.0,519721.6076388888,519721.6076388888
"DC-PPO (fixed 60, 3 seeds)",historical,52812800.0,2063.0,519713.95630787034,519713.95630787034
"DC-PPO (fixed 60, 3 seeds)",historical,52864000.0,2065.0,519760.5422453704,519760.5422453704
"DC-PPO (fixed 60, 3 seeds)",historical,52915200.0,2067.0,519611.6536458333,519611.6536458333
"DC-PPO (fixed 60, 3 seeds)",historical,52966400.0,2069.0,519543.28587962966,519543.28587962966
"DC-PPO (fixed 60, 3 seeds)",historical,53017600.0,2071.0,519608.75925925927,519608.75925925927
"DC-PPO (fixed 60, 3 seeds)",historical,53068800.0,2073.0,519915.31307870365,519915.31307870365
"DC-PPO (fixed 60, 3 seeds)",historical,53120000.0,2075.0,520417.49074074073,520417.49074074073
"DC-PPO (fixed 60, 3 seeds)",historical,53171200.0,2077.0,520449.25462962966,520449.25462962966
"DC-PPO (fixed 60, 3 seeds)",historical,53222400.0,2079.0,520068.8631365741,520068.8631365741
"DC-PPO (fixed 60, 3 seeds)",historical,53273600.0,2081.0,519300.77372685185,519300.77372685185
"DC-PPO (fixed 60, 3 seeds)",historical,53324800.0,2083.0,518286.8637152778,518286.8637152778
"DC-PPO (fixed 60, 3 seeds)",historical,53376000.0,2085.0,517460.5911458333,517460.5911458333
"DC-PPO (fixed 60, 3 seeds)",historical,53427200.0,2087.0,516936.0026041667,516936.0026041667
"DC-PPO (fixed 60, 3 seeds)",historical,53478400.0,2089.0,516989.91840277775,516989.91840277775
"DC-PPO (fixed 60, 3 seeds)",historical,53529600.0,2091.0,517529.79716435185,517529.79716435185
"DC-PPO (fixed 60, 3 seeds)",historical,53580800.0,2093.0,518137.3162615741,518137.3162615741
"DC-PPO (fixed 60, 3 seeds)",historical,53632000.0,2095.0,518802.30150462966,518802.30150462966
"DC-PPO (fixed 60, 3 seeds)",historical,53683200.0,2097.0,518851.94531250006,518851.94531250006
"DC-PPO (fixed 60, 3 seeds)",historical,53734400.0,2099.0,518436.42274305556,518436.42274305556
"DC-PPO (fixed 60, 3 seeds)",historical,53785600.0,2101.0,517946.2161458333,517946.2161458333
"DC-PPO (fixed 60, 3 seeds)",historical,53836800.0,2103.0,517498.296875,517498.296875
"DC-PPO (fixed 60, 3 seeds)",historical,53888000.0,2105.0,517645.8075810185,517645.8075810185
"DC-PPO (fixed 60, 3 seeds)",historical,53939200.0,2107.0,517434.53385416657,517434.53385416657
"DC-PPO (fixed 60, 3 seeds)",historical,53990400.0,2109.0,518047.57754629623,518047.57754629623
"DC-PPO (fixed 60, 3 seeds)",historical,54041600.0,2111.0,518057.68287037034,518057.68287037034
"DC-PPO (fixed 60, 3 seeds)",historical,54092800.0,2113.0,518365.32262731483,518365.32262731483
"DC-PPO (fixed 60, 3 seeds)",historical,54144000.0,2115.0,518108.6024305555,518108.6024305555
"DC-PPO (fixed 60, 3 seeds)",historical,54195200.0,2117.0,518719.4192708333,518719.4192708333
"DC-PPO (fixed 60, 3 seeds)",historical,54246400.0,2119.0,519380.81973379635,519380.81973379635
"DC-PPO (fixed 60, 3 seeds)",historical,54297600.0,2121.0,520087.68836805556,520087.68836805556
"DC-PPO (fixed 60, 3 seeds)",historical,54348800.0,2123.0,520327.4375,520327.4375
"DC-PPO (fixed 60, 3 seeds)",historical,54400000.0,2125.0,520697.1611689815,520697.1611689815
"DC-PPO (fixed 60, 3 seeds)",historical,54451200.0,2127.0,520975.85474537034,520975.85474537034
"DC-PPO (fixed 60, 3 seeds)",historical,54502400.0,2129.0,520703.9114583333,520703.9114583333
"DC-PPO (fixed 60, 3 seeds)",historical,54553600.0,2131.0,520413.3787615741,520413.3787615741
"DC-PPO (fixed 60, 3 seeds)",historical,54604800.0,2133.0,520209.1154513888,520209.1154513888
"DC-PPO (fixed 60, 3 seeds)",historical,54656000.0,2135.0,520844.97309027775,520844.97309027775
"DC-PPO (fixed 60, 3 seeds)",historical,54707200.0,2137.0,520861.01736111107,520861.01736111107
"DC-PPO (fixed 60, 3 seeds)",historical,54758400.0,2139.0,520712.55410879635,520712.55410879635
"DC-PPO (fixed 60, 3 seeds)",historical,54809600.0,2141.0,520148.92939814815,520148.92939814815
"DC-PPO (fixed 60, 3 seeds)",historical,54860800.0,2143.0,520140.2910879629,520140.2910879629
"DC-PPO (fixed 60, 3 seeds)",historical,54912000.0,2145.0,520066.39091435185,520066.39091435185
"DC-PPO (fixed 60, 3 seeds)",historical,54963200.0,2147.0,519920.7230902778,519920.7230902778
"DC-PPO (fixed 60, 3 seeds)",historical,55014400.0,2149.0,519604.1345486112,519604.1345486112
"DC-PPO (fixed 60, 3 seeds)",historical,55065600.0,2151.0,519816.28877314815,519816.28877314815
"DC-PPO (fixed 60, 3 seeds)",historical,55116800.0,2153.0,520114.7861689815,520114.7861689815
"DC-PPO (fixed 60, 3 seeds)",historical,55168000.0,2155.0,520227.7268518519,520227.7268518519
"DC-PPO (fixed 60, 3 seeds)",historical,55219200.0,2157.0,520138.24189814815,520138.24189814815
"DC-PPO (fixed 60, 3 seeds)",historical,55270400.0,2159.0,520433.72424768517,520433.72424768517
"DC-PPO (fixed 60, 3 seeds)",historical,55321600.0,2161.0,521455.39207175927,521455.39207175927
"DC-PPO (fixed 60, 3 seeds)",historical,55372800.0,2163.0,522087.91579861107,522087.91579861107
"DC-PPO (fixed 60, 3 seeds)",historical,55424000.0,2165.0,521974.87818287034,521974.87818287034
"DC-PPO (fixed 60, 3 seeds)",historical,55475200.0,2167.0,521214.31481481483,521214.31481481483
"DC-PPO (fixed 60, 3 seeds)",historical,55526400.0,2169.0,520691.9487847222,520691.9487847222
"DC-PPO (fixed 60, 3 seeds)",historical,55577600.0,2171.0,520950.4030671296,520950.4030671296
"DC-PPO (fixed 60, 3 seeds)",historical,55628800.0,2173.0,521808.0570023148,521808.0570023148
"DC-PPO (fixed 60, 3 seeds)",historical,55680000.0,2175.0,523025.27285879623,523025.27285879623
"DC-PPO (fixed 60, 3 seeds)",historical,55731200.0,2177.0,524317.6721643518,524317.6721643518
"DC-PPO (fixed 60, 3 seeds)",historical,55782400.0,2179.0,524712.1252893518,524712.1252893518
"DC-PPO (fixed 60, 3 seeds)",historical,55833600.0,2181.0,524679.6206597224,524679.6206597224
"DC-PPO (fixed 60, 3 seeds)",historical,55884800.0,2183.0,524033.0381944445,524033.0381944445
"DC-PPO (fixed 60, 3 seeds)",historical,55936000.0,2185.0,523776.9131944445,523776.9131944445
"DC-PPO (fixed 60, 3 seeds)",historical,55987200.0,2187.0,523242.25144675927,523242.25144675927
"DC-PPO (fixed 60, 3 seeds)",historical,56038400.0,2189.0,522847.39091435185,522847.39091435185
"DC-PPO (fixed 60, 3 seeds)",historical,56089600.0,2191.0,522695.10416666657,522695.10416666657
"DC-PPO (fixed 60, 3 seeds)",historical,56140800.0,2193.0,523057.21874999994,523057.21874999994
"DC-PPO (fixed 60, 3 seeds)",historical,56192000.0,2195.0,523504.46643518517,523504.46643518517
"DC-PPO (fixed 60, 3 seeds)",historical,56243200.0,2197.0,523950.0298032407,523950.0298032407
"DC-PPO (fixed 60, 3 seeds)",historical,56294400.0,2199.0,524076.0752314815,524076.0752314815
"DC-PPO (fixed 60, 3 seeds)",historical,56345600.0,2201.0,523581.5089699074,523581.5089699074
"DC-PPO (fixed 60, 3 seeds)",historical,56396800.0,2203.0,522570.26504629635,522570.26504629635
"DC-PPO (fixed 60, 3 seeds)",historical,56448000.0,2205.0,521884.13599537034,521884.13599537034
"DC-PPO (fixed 60, 3 seeds)",historical,56499200.0,2207.0,522030.40393518517,522030.40393518517
"DC-PPO (fixed 60, 3 seeds)",historical,56550400.0,2209.0,521970.51707175927,521970.51707175927
"DC-PPO (fixed 60, 3 seeds)",historical,56601600.0,2211.0,521263.37442129635,521263.37442129635
"DC-PPO (fixed 60, 3 seeds)",historical,56652800.0,2213.0,519993.92158564815,519993.92158564815
"DC-PPO (fixed 60, 3 seeds)",historical,56704000.0,2215.0,519187.13339120377,519187.13339120377
"DC-PPO (fixed 60, 3 seeds)",historical,56755200.0,2217.0,518502.82349537034,518502.82349537034
"DC-PPO (fixed 60, 3 seeds)",historical,56806400.0,2219.0,517835.97685185185,517835.97685185185
"DC-PPO (fixed 60, 3 seeds)",historical,56857600.0,2221.0,517570.17650462966,517570.17650462966
"DC-PPO (fixed 60, 3 seeds)",historical,56908800.0,2223.0,518026.51996527775,518026.51996527775
"DC-PPO (fixed 60, 3 seeds)",historical,56960000.0,2225.0,519045.01678240736,519045.01678240736
"DC-PPO (fixed 60, 3 seeds)",historical,57011200.0,2227.0,519887.3330439814,519887.3330439814
"DC-PPO (fixed 60, 3 seeds)",historical,57062400.0,2229.0,520229.81018518517,520229.81018518517
"DC-PPO (fixed 60, 3 seeds)",historical,57113600.0,2231.0,520019.7228009259,520019.7228009259
"DC-PPO (fixed 60, 3 seeds)",historical,57164800.0,2233.0,519234.5260416667,519234.5260416667
"DC-PPO (fixed 60, 3 seeds)",historical,57216000.0,2235.0,518602.17245370365,518602.17245370365
"DC-PPO (fixed 60, 3 seeds)",historical,57267200.0,2237.0,518346.91956018517,518346.91956018517
"DC-PPO (fixed 60, 3 seeds)",historical,57318400.0,2239.0,518670.4814814814,518670.4814814814
"DC-PPO (fixed 60, 3 seeds)",historical,57369600.0,2241.0,518864.0625,518864.0625
"DC-PPO (fixed 60, 3 seeds)",historical,57420800.0,2243.0,518656.9881365741,518656.9881365741
"DC-PPO (fixed 60, 3 seeds)",historical,57472000.0,2245.0,518125.5549768519,518125.5549768519
"DC-PPO (fixed 60, 3 seeds)",historical,57523200.0,2247.0,517770.07638888893,517770.07638888893
"DC-PPO (fixed 60, 3 seeds)",historical,57574400.0,2249.0,517929.21961805556,517929.21961805556
"DC-PPO (fixed 60, 3 seeds)",historical,57625600.0,2251.0,518381.0381944445,518381.0381944445
"DC-PPO (fixed 60, 3 seeds)",historical,57676800.0,2253.0,518661.07754629635,518661.07754629635
"DC-PPO (fixed 60, 3 seeds)",historical,57728000.0,2255.0,518784.7057291667,518784.7057291667
"DC-PPO (fixed 60, 3 seeds)",historical,57779200.0,2257.0,518975.9270833333,518975.9270833333
"DC-PPO (fixed 60, 3 seeds)",historical,57830400.0,2259.0,519357.4493634259,519357.4493634259
"DC-PPO (fixed 60, 3 seeds)",historical,57881600.0,2261.0,519756.4256365741,519756.4256365741
"DC-PPO (fixed 60, 3 seeds)",historical,57932800.0,2263.0,520163.1585648148,520163.1585648148
"DC-PPO (fixed 60, 3 seeds)",historical,57984000.0,2265.0,520701.3075810185,520701.3075810185
"DC-PPO (fixed 60, 3 seeds)",historical,58035200.0,2267.0,521096.6707175926,521096.6707175926
"DC-PPO (fixed 60, 3 seeds)",historical,58086400.0,2269.0,520953.7685185186,520953.7685185186
"DC-PPO (fixed 60, 3 seeds)",historical,58137600.0,2271.0,520528.9814814815,520528.9814814815
"DC-PPO (fixed 60, 3 seeds)",historical,58188800.0,2273.0,520594.5870949074,520594.5870949074
"DC-PPO (fixed 60, 3 seeds)",historical,58240000.0,2275.0,521140.9421296296,521140.9421296296
"DC-PPO (fixed 60, 3 seeds)",historical,58291200.0,2277.0,521592.0986689815,521592.0986689815
"DC-PPO (fixed 60, 3 seeds)",historical,58342400.0,2279.0,520831.0792824074,520831.0792824074
"DC-PPO (fixed 60, 3 seeds)",historical,58393600.0,2281.0,519940.3799189815,519940.3799189815
"DC-PPO (fixed 60, 3 seeds)",historical,58444800.0,2283.0,518861.25607638893,518861.25607638893
"DC-PPO (fixed 60, 3 seeds)",historical,58496000.0,2285.0,518559.44878472225,518559.44878472225
"DC-PPO (fixed 60, 3 seeds)",historical,58547200.0,2287.0,518369.6290509259,518369.6290509259
"DC-PPO (fixed 60, 3 seeds)",historical,58598400.0,2289.0,519017.83217592584,519017.83217592584
"DC-PPO (fixed 60, 3 seeds)",historical,58649600.0,2291.0,519902.1533564814,519902.1533564814
"DC-PPO (fixed 60, 3 seeds)",historical,58700800.0,2293.0,520409.5260416667,520409.5260416667
"DC-PPO (fixed 60, 3 seeds)",historical,58752000.0,2295.0,520414.1519097222,520414.1519097222
"DC-PPO (fixed 60, 3 seeds)",historical,58803200.0,2297.0,520149.3234953704,520149.3234953704
"DC-PPO (fixed 60, 3 seeds)",historical,58854400.0,2299.0,520302.2242476852,520302.2242476852
"DC-PPO (fixed 60, 3 seeds)",historical,58905600.0,2301.0,520747.95920138893,520747.95920138893
"DC-PPO (fixed 60, 3 seeds)",historical,58956800.0,2303.0,521591.97106481483,521591.97106481483
"DC-PPO (fixed 60, 3 seeds)",historical,59008000.0,2305.0,522306.9308449074,522306.9308449074
"DC-PPO (fixed 60, 3 seeds)",historical,59059200.0,2307.0,522647.7144097222,522647.7144097222
"DC-PPO (fixed 60, 3 seeds)",historical,59110400.0,2309.0,522564.3223379629,522564.3223379629
"DC-PPO (fixed 60, 3 seeds)",historical,59161600.0,2311.0,522588.3802083333,522588.3802083333
"DC-PPO (fixed 60, 3 seeds)",historical,59212800.0,2313.0,522999.19762731483,522999.19762731483
"DC-PPO (fixed 60, 3 seeds)",historical,59264000.0,2315.0,523397.67332175927,523397.67332175927
"DC-PPO (fixed 60, 3 seeds)",historical,59315200.0,2317.0,523499.3645833333,523499.3645833333
"DC-PPO (fixed 60, 3 seeds)",historical,59366400.0,2319.0,522912.60850694444,522912.60850694444
"DC-PPO (fixed 60, 3 seeds)",historical,59417600.0,2321.0,522599.22135416657,522599.22135416657
"DC-PPO (fixed 60, 3 seeds)",historical,59468800.0,2323.0,522113.21209490736,522113.21209490736
"DC-PPO (fixed 60, 3 seeds)",historical,59520000.0,2325.0,522218.4670138888,522218.4670138888
"DC-PPO (fixed 60, 3 seeds)",historical,59571200.0,2327.0,522111.53067129635,522111.53067129635
"DC-PPO (fixed 60, 3 seeds)",historical,59622400.0,2329.0,522520.91232638893,522520.91232638893
"DC-PPO (fixed 60, 3 seeds)",historical,59673600.0,2331.0,522698.9088541667,522698.9088541667
"DC-PPO (fixed 60, 3 seeds)",historical,59724800.0,2333.0,522795.5564236112,522795.5564236112
"DC-PPO (fixed 60, 3 seeds)",historical,59776000.0,2335.0,522445.0888310186,522445.0888310186
"DC-PPO (fixed 60, 3 seeds)",historical,59827200.0,2337.0,521794.5888310186,521794.5888310186
"DC-PPO (fixed 60, 3 seeds)",historical,59878400.0,2339.0,520518.3859953704,520518.3859953704
"DC-PPO (fixed 60, 3 seeds)",historical,59929600.0,2341.0,519276.12326388893,519276.12326388893
"DC-PPO (fixed 60, 3 seeds)",historical,59980800.0,2343.0,518237.10474537034,518237.10474537034
"DC-PPO (fixed 60, 3 seeds)",historical,60032000.0,2345.0,518157.31973379623,518157.31973379623
"DC-PPO (fixed 60, 3 seeds)",historical,60083200.0,2347.0,518567.54774305556,518567.54774305556
"DC-PPO (fixed 60, 3 seeds)",historical,60134400.0,2349.0,519501.2022569445,519501.2022569445
"DC-PPO (fixed 60, 3 seeds)",historical,60185600.0,2351.0,520553.2335069445,520553.2335069445
"DC-PPO (fixed 60, 3 seeds)",historical,60236800.0,2353.0,521601.1825810185,521601.1825810185
"DC-PPO (fixed 60, 3 seeds)",historical,60288000.0,2355.0,522120.82465277775,522120.82465277775
"DC-PPO (fixed 60, 3 seeds)",historical,60339200.0,2357.0,522283.93692129623,522283.93692129623
"DC-PPO (fixed 60, 3 seeds)",historical,60390400.0,2359.0,522169.9866898148,522169.9866898148
"DC-PPO (fixed 60, 3 seeds)",historical,60441600.0,2361.0,522078.0295138888,522078.0295138888
"DC-PPO (fixed 60, 3 seeds)",historical,60492800.0,2363.0,522145.50839120365,522145.50839120365
"DC-PPO (fixed 60, 3 seeds)",historical,60544000.0,2365.0,522273.4765625,522273.4765625
"DC-PPO (fixed 60, 3 seeds)",historical,60595200.0,2367.0,522783.49276620365,522783.49276620365
"DC-PPO (fixed 60, 3 seeds)",historical,60646400.0,2369.0,522989.0899884259,522989.0899884259
"DC-PPO (fixed 60, 3 seeds)",historical,60697600.0,2371.0,523072.62471064815,523072.62471064815
"DC-PPO (fixed 60, 3 seeds)",historical,60748800.0,2373.0,522783.6189236112,522783.6189236112
"DC-PPO (fixed 60, 3 seeds)",historical,60800000.0,2375.0,522399.4768518519,522399.4768518519
"DC-PPO (fixed 60, 3 seeds)",historical,60851200.0,2377.0,522226.69675925927,522226.69675925927
"DC-PPO (fixed 60, 3 seeds)",historical,60902400.0,2379.0,522224.4493634259,522224.4493634259
"DC-PPO (fixed 60, 3 seeds)",historical,60953600.0,2381.0,522769.39120370365,522769.39120370365
"DC-PPO (fixed 60, 3 seeds)",historical,61004800.0,2383.0,523197.658275463,523197.658275463
"DC-PPO (fixed 60, 3 seeds)",historical,61056000.0,2385.0,523676.3619791667,523676.3619791667
"DC-PPO (fixed 60, 3 seeds)",historical,61107200.0,2387.0,523778.47309027775,523778.47309027775
"DC-PPO (fixed 60, 3 seeds)",historical,61158400.0,2389.0,523685.50144675915,523685.50144675915
"DC-PPO (fixed 60, 3 seeds)",historical,61209600.0,2391.0,523682.394386574,523682.394386574
"DC-PPO (fixed 60, 3 seeds)",historical,61260800.0,2393.0,523789.40393518517,523789.40393518517
"DC-PPO (fixed 60, 3 seeds)",historical,61312000.0,2395.0,524644.3029513889,524644.3029513889
"DC-PPO (fixed 60, 3 seeds)",historical,61363200.0,2397.0,524977.0112847221,524977.0112847221
"DC-PPO (fixed 60, 3 seeds)",historical,61414400.0,2399.0,525430.6168981482,525430.6168981482
"DC-PPO (fixed 60, 3 seeds)",historical,61465600.0,2401.0,525054.400462963,525054.400462963
"DC-PPO (fixed 60, 3 seeds)",historical,61516800.0,2403.0,524846.0500578703,524846.0500578703
"DC-PPO (fixed 60, 3 seeds)",historical,61568000.0,2405.0,524270.9968171296,524270.9968171296
"DC-PPO (fixed 60, 3 seeds)",historical,61619200.0,2407.0,523616.75347222225,523616.75347222225
"DC-PPO (fixed 60, 3 seeds)",historical,61670400.0,2409.0,522989.9406828704,522989.9406828704
"DC-PPO (fixed 60, 3 seeds)",historical,61721600.0,2411.0,522206.400462963,522206.400462963
"DC-PPO (fixed 60, 3 seeds)",historical,61772800.0,2413.0,521717.86776620377,521717.86776620377
"DC-PPO (fixed 60, 3 seeds)",historical,61824000.0,2415.0,521499.97511574073,521499.97511574073
"DC-PPO (fixed 60, 3 seeds)",historical,61875200.0,2417.0,521625.6825810185,521625.6825810185
"DC-PPO (fixed 60, 3 seeds)",historical,61926400.0,2419.0,522046.11950231483,522046.11950231483
"DC-PPO (fixed 60, 3 seeds)",historical,61977600.0,2421.0,522219.652199074,522219.652199074
"DC-PPO (fixed 60, 3 seeds)",historical,62028800.0,2423.0,522703.0364583333,522703.0364583333
"DC-PPO (fixed 60, 3 seeds)",historical,62080000.0,2425.0,522658.4962384259,522658.4962384259
"DC-PPO (fixed 60, 3 seeds)",historical,62131200.0,2427.0,522666.64062500006,522666.64062500006
"DC-PPO (fixed 60, 3 seeds)",historical,62182400.0,2429.0,522123.877025463,522123.877025463
"DC-PPO (fixed 60, 3 seeds)",historical,62233600.0,2431.0,522024.80353009264,522024.80353009264
"DC-PPO (fixed 60, 3 seeds)",historical,62284800.0,2433.0,521764.5975115741,521764.5975115741
"DC-PPO (fixed 60, 3 seeds)",historical,62336000.0,2435.0,522008.1652199074,522008.1652199074
"DC-PPO (fixed 60, 3 seeds)",historical,62387200.0,2437.0,522037.27893518517,522037.27893518517
"DC-PPO (fixed 60, 3 seeds)",historical,62438400.0,2439.0,522737.9667245371,522737.9667245371
"DC-PPO (fixed 60, 3 seeds)",historical,62489600.0,2441.0,523301.0578703704,523301.0578703704
"DC-PPO (fixed 60, 3 seeds)",historical,62540800.0,2443.0,524153.2222222223,524153.2222222223
"DC-PPO (fixed 60, 3 seeds)",historical,62592000.0,2445.0,524684.962962963,524684.962962963
"DC-PPO (fixed 60, 3 seeds)",historical,62643200.0,2447.0,525309.6909722224,525309.6909722224
"DC-PPO (fixed 60, 3 seeds)",historical,62694400.0,2449.0,525660.3764467593,525660.3764467593
"DC-PPO (fixed 60, 3 seeds)",historical,62745600.0,2451.0,525512.8819444445,525512.8819444445
"DC-PPO (fixed 60, 3 seeds)",historical,62796800.0,2453.0,524984.2230902778,524984.2230902778
"DC-PPO (fixed 60, 3 seeds)",historical,62848000.0,2455.0,524592.9117476852,524592.9117476852
"DC-PPO (fixed 60, 3 seeds)",historical,62899200.0,2457.0,525339.9389467592,525339.9389467592
"DC-PPO (fixed 60, 3 seeds)",historical,62950400.0,2459.0,526256.8315972221,526256.8315972221
"DC-PPO (fixed 60, 3 seeds)",historical,63001600.0,2461.0,526882.0164930555,526882.0164930555
"DC-PPO (fixed 60, 3 seeds)",historical,63052800.0,2463.0,526267.576099537,526267.576099537
"DC-PPO (fixed 60, 3 seeds)",historical,63104000.0,2465.0,525836.8096064815,525836.8096064815
"DC-PPO (fixed 60, 3 seeds)",historical,63155200.0,2467.0,525864.359375,525864.359375
"DC-PPO (fixed 60, 3 seeds)",historical,63206400.0,2469.0,526513.5419560185,526513.5419560185
"DC-PPO (fixed 60, 3 seeds)",historical,63257600.0,2471.0,527054.4372106482,527054.4372106482
"DC-PPO (fixed 60, 3 seeds)",historical,63308800.0,2473.0,527197.4470486111,527197.4470486111
"DC-PPO (fixed 60, 3 seeds)",historical,63360000.0,2475.0,526669.5462962963,526669.5462962963
"DC-PPO (fixed 60, 3 seeds)",historical,63411200.0,2477.0,525963.0766782407,525963.0766782407
"DC-PPO (fixed 60, 3 seeds)",historical,63462400.0,2479.0,525360.6822916666,525360.6822916666
"DC-PPO (fixed 60, 3 seeds)",historical,63513600.0,2481.0,525654.9782986111,525654.9782986111
"DC-PPO (fixed 60, 3 seeds)",historical,63564800.0,2483.0,525863.365162037,525863.365162037
"DC-PPO (fixed 60, 3 seeds)",historical,63616000.0,2485.0,526072.5002893518,526072.5002893518
"DC-PPO (fixed 60, 3 seeds)",historical,63667200.0,2487.0,525397.0541087963,525397.0541087963
"DC-PPO (fixed 60, 3 seeds)",historical,63718400.0,2489.0,524807.6782407408,524807.6782407408
"DC-PPO (fixed 60, 3 seeds)",historical,63769600.0,2491.0,523768.1096643519,523768.1096643519
"DC-PPO (fixed 60, 3 seeds)",historical,63820800.0,2493.0,523291.962962963,523291.962962963
"DC-PPO (fixed 60, 3 seeds)",historical,63872000.0,2495.0,522653.6600115741,522653.6600115741
"DC-PPO (fixed 60, 3 seeds)",historical,63923200.0,2497.0,522585.22106481483,522585.22106481483
"DC-PPO (fixed 60, 3 seeds)",historical,63974400.0,2499.0,521911.61082175927,521911.61082175927
"DC-PPO (fixed 60, 3 seeds)",historical,64025600.0,2501.0,521914.8932291667,521914.8932291667
"DC-PPO (fixed 60, 3 seeds)",historical,64076800.0,2503.0,521727.2997685186,521727.2997685186
"DC-PPO (fixed 60, 3 seeds)",historical,64128000.0,2505.0,522397.37557870365,522397.37557870365
"DC-PPO (fixed 60, 3 seeds)",historical,64179200.0,2507.0,522567.6657986112,522567.6657986112
"DC-PPO (fixed 60, 3 seeds)",historical,64230400.0,2509.0,523408.02112268517,523408.02112268517
"DC-PPO (fixed 60, 3 seeds)",historical,64281600.0,2511.0,524615.6221064815,524615.6221064815
"DC-PPO (fixed 60, 3 seeds)",historical,64332800.0,2513.0,526268.1507523148,526268.1507523148
"DC-PPO (fixed 60, 3 seeds)",historical,64384000.0,2515.0,527444.8402777778,527444.8402777778
"DC-PPO (fixed 60, 3 seeds)",historical,64435200.0,2517.0,528158.2094907408,528158.2094907408
"DC-PPO (fixed 60, 3 seeds)",historical,64486400.0,2519.0,528413.9635416666,528413.9635416666
"DC-PPO (fixed 60, 3 seeds)",historical,64537600.0,2521.0,528284.8405671297,528284.8405671297
"DC-PPO (fixed 60, 3 seeds)",historical,64588800.0,2523.0,527691.7028356482,527691.7028356482
"DC-PPO (fixed 60, 3 seeds)",historical,64640000.0,2525.0,527257.015625,527257.015625
"DC-PPO (fixed 60, 3 seeds)",historical,64691200.0,2527.0,527328.7511574075,527328.7511574075
"DC-PPO (fixed 60, 3 seeds)",historical,64742400.0,2529.0,527498.1643518518,527498.1643518518
"DC-PPO (fixed 60, 3 seeds)",historical,64793600.0,2531.0,527554.2424768518,527554.2424768518
"DC-PPO (fixed 60, 3 seeds)",historical,64844800.0,2533.0,527406.0784143518,527406.0784143518
"DC-PPO (fixed 60, 3 seeds)",historical,64896000.0,2535.0,527580.9091435185,527580.9091435185
"DC-PPO (fixed 60, 3 seeds)",historical,64947200.0,2537.0,527683.5295138889,527683.5295138889
"DC-PPO (fixed 60, 3 seeds)",historical,64998400.0,2539.0,527765.9673032408,527765.9673032408
"DC-PPO (fixed 60, 3 seeds)",historical,65049600.0,2541.0,527640.5868055555,527640.5868055555
"DC-PPO (fixed 60, 3 seeds)",historical,65100800.0,2543.0,528238.3880208334,528238.3880208334
"DC-PPO (fixed 60, 3 seeds)",historical,65152000.0,2545.0,528800.6652199073,528800.6652199073
"DC-PPO (fixed 60, 3 seeds)",historical,65203200.0,2547.0,529368.6715856482,529368.6715856482
"DC-PPO (fixed 60, 3 seeds)",historical,65254400.0,2549.0,528793.6414930555,528793.6414930555
"DC-PPO (fixed 60, 3 seeds)",historical,65305600.0,2551.0,528054.7465277779,528054.7465277779
"DC-PPO (fixed 60, 3 seeds)",historical,65356800.0,2553.0,527221.6805555555,527221.6805555555
"DC-PPO (fixed 60, 3 seeds)",historical,65408000.0,2555.0,526877.3061342592,526877.3061342592
"DC-PPO (fixed 60, 3 seeds)",historical,65459200.0,2557.0,526533.1125578703,526533.1125578703
"DC-PPO (fixed 60, 3 seeds)",historical,65510400.0,2559.0,526261.849537037,526261.849537037
"DC-PPO (fixed 60, 3 seeds)",historical,65561600.0,2561.0,526232.1226851852,526232.1226851852
"DC-PPO (fixed 60, 3 seeds)",historical,65612800.0,2563.0,526661.3767361111,526661.3767361111
"DC-PPO (fixed 60, 3 seeds)",historical,65664000.0,2565.0,527252.6310763889,527252.6310763889
"DC-PPO (fixed 60, 3 seeds)",historical,65715200.0,2567.0,527587.5824652779,527587.5824652779
"DC-PPO (fixed 60, 3 seeds)",historical,65766400.0,2569.0,527611.6646412037,527611.6646412037
"DC-PPO (fixed 60, 3 seeds)",historical,65817600.0,2571.0,527298.7100694445,527298.7100694445
"DC-PPO (fixed 60, 3 seeds)",historical,65868800.0,2573.0,527119.4673032407,527119.4673032407
"DC-PPO (fixed 60, 3 seeds)",historical,65920000.0,2575.0,527341.2786458334,527341.2786458334
"DC-PPO (fixed 60, 3 seeds)",historical,65971200.0,2577.0,528024.1177662037,528024.1177662037
"DC-PPO (fixed 60, 3 seeds)",historical,66022400.0,2579.0,528966.5983796297,528966.5983796297
"DC-PPO (fixed 60, 3 seeds)",historical,66073600.0,2581.0,529729.7798032408,529729.7798032408
"DC-PPO (fixed 60, 3 seeds)",historical,66124800.0,2583.0,530462.8900462963,530462.8900462963
"DC-PPO (fixed 60, 3 seeds)",historical,66176000.0,2585.0,530621.033275463,530621.033275463
"DC-PPO (fixed 60, 3 seeds)",historical,66227200.0,2587.0,530522.8032407407,530522.8032407407
"DC-PPO (fixed 60, 3 seeds)",historical,66278400.0,2589.0,529953.8029513889,529953.8029513889
"DC-PPO (fixed 60, 3 seeds)",historical,66329600.0,2591.0,529671.2783564813,529671.2783564813
"DC-PPO (fixed 60, 3 seeds)",historical,66380800.0,2593.0,529386.4065393518,529386.4065393518
"DC-PPO (fixed 60, 3 seeds)",historical,66432000.0,2595.0,529411.771412037,529411.771412037
"DC-PPO (fixed 60, 3 seeds)",historical,66483200.0,2597.0,529677.3527199073,529677.3527199073
"DC-PPO (fixed 60, 3 seeds)",historical,66534400.0,2599.0,530067.0153356482,530067.0153356482
"DC-PPO (fixed 60, 3 seeds)",historical,66585600.0,2601.0,530273.7919560185,530273.7919560185
"DC-PPO (fixed 60, 3 seeds)",historical,66636800.0,2603.0,529956.787037037,529956.787037037
"DC-PPO (fixed 60, 3 seeds)",historical,66688000.0,2605.0,529284.1527777776,529284.1527777776
"DC-PPO (fixed 60, 3 seeds)",historical,66739200.0,2607.0,528867.0387731482,528867.0387731482
"DC-PPO (fixed 60, 3 seeds)",historical,66790400.0,2609.0,528492.6481481482,528492.6481481482
"DC-PPO (fixed 60, 3 seeds)",historical,66841600.0,2611.0,528710.5335648148,528710.5335648148
"DC-PPO (fixed 60, 3 seeds)",historical,66892800.0,2613.0,528687.296875,528687.296875
"DC-PPO (fixed 60, 3 seeds)",historical,66944000.0,2615.0,529343.7925347221,529343.7925347221
"DC-PPO (fixed 60, 3 seeds)",historical,66995200.0,2617.0,529964.2352430556,529964.2352430556
"DC-PPO (fixed 60, 3 seeds)",historical,67046400.0,2619.0,530736.2783564815,530736.2783564815
"DC-PPO (fixed 60, 3 seeds)",historical,67097600.0,2621.0,530917.9019097224,530917.9019097224
"DC-PPO (fixed 60, 3 seeds)",historical,67148800.0,2623.0,530366.5515046297,530366.5515046297
"DC-PPO (fixed 60, 3 seeds)",historical,67200000.0,2625.0,529802.3229166666,529802.3229166666
"DC-PPO (fixed 60, 3 seeds)",historical,67251200.0,2627.0,529105.4458912037,529105.4458912037
"DC-PPO (fixed 60, 3 seeds)",historical,67302400.0,2629.0,528980.8359375,528980.8359375
"DC-PPO (fixed 60, 3 seeds)",historical,67353600.0,2631.0,528428.041087963,528428.041087963
"DC-PPO (fixed 60, 3 seeds)",historical,67404800.0,2633.0,527949.8110532408,527949.8110532408
"DC-PPO (fixed 60, 3 seeds)",historical,67456000.0,2635.0,527186.3179976852,527186.3179976852
"DC-PPO (fixed 60, 3 seeds)",historical,67507200.0,2637.0,527177.4811921297,527177.4811921297
"DC-PPO (fixed 60, 3 seeds)",historical,67558400.0,2639.0,527340.6773726852,527340.6773726852
"DC-PPO (fixed 60, 3 seeds)",historical,67609600.0,2641.0,527930.0338541666,527930.0338541666
"DC-PPO (fixed 60, 3 seeds)",historical,67660800.0,2643.0,527902.9227430555,527902.9227430555
"DC-PPO (fixed 60, 3 seeds)",historical,67712000.0,2645.0,528076.2485532408,528076.2485532408
"DC-PPO (fixed 60, 3 seeds)",historical,67763200.0,2647.0,527767.6727430555,527767.6727430555
"DC-PPO (fixed 60, 3 seeds)",historical,67814400.0,2649.0,527524.1203703703,527524.1203703703
"DC-PPO (fixed 60, 3 seeds)",historical,67865600.0,2651.0,527051.1006944444,527051.1006944444
"DC-PPO (fixed 60, 3 seeds)",historical,67916800.0,2653.0,526818.7774884258,526818.7774884258
"DC-PPO (fixed 60, 3 seeds)",historical,67968000.0,2655.0,527207.7896412037,527207.7896412037
"DC-PPO (fixed 60, 3 seeds)",historical,68019200.0,2657.0,527749.7277199075,527749.7277199075
"DC-PPO (fixed 60, 3 seeds)",historical,68070400.0,2659.0,528608.533275463,528608.533275463
"DC-PPO (fixed 60, 3 seeds)",historical,68121600.0,2661.0,528963.0622106482,528963.0622106482
"DC-PPO (fixed 60, 3 seeds)",historical,68172800.0,2663.0,529031.8868634258,529031.8868634258
"DC-PPO (fixed 60, 3 seeds)",historical,68224000.0,2665.0,528651.9438657407,528651.9438657407
"DC-PPO (fixed 60, 3 seeds)",historical,68275200.0,2667.0,527883.0445601852,527883.0445601852
"DC-PPO (fixed 60, 3 seeds)",historical,68326400.0,2669.0,527084.0804398148,527084.0804398148
"DC-PPO (fixed 60, 3 seeds)",historical,68377600.0,2671.0,526285.3807870371,526285.3807870371
"DC-PPO (fixed 60, 3 seeds)",historical,68428800.0,2673.0,526014.0882523148,526014.0882523148
"DC-PPO (fixed 60, 3 seeds)",historical,68480000.0,2675.0,526353.0706018518,526353.0706018518
"DC-PPO (fixed 60, 3 seeds)",historical,68531200.0,2677.0,527220.519675926,527220.519675926
"DC-PPO (fixed 60, 3 seeds)",historical,68582400.0,2679.0,527830.5384837962,527830.5384837962
"DC-PPO (fixed 60, 3 seeds)",historical,68633600.0,2681.0,527643.7679398147,527643.7679398147
"DC-PPO (fixed 60, 3 seeds)",historical,68684800.0,2683.0,526637.3891782408,526637.3891782408
"DC-PPO (fixed 60, 3 seeds)",historical,68736000.0,2685.0,525977.4811921297,525977.4811921297
"DC-PPO (fixed 60, 3 seeds)",historical,68787200.0,2687.0,525658.0888310185,525658.0888310185
"DC-PPO (fixed 60, 3 seeds)",historical,68838400.0,2689.0,525580.4398148148,525580.4398148148
"DC-PPO (fixed 60, 3 seeds)",historical,68889600.0,2691.0,525269.3761574073,525269.3761574073
"DC-PPO (fixed 60, 3 seeds)",historical,68940800.0,2693.0,525334.9036458334,525334.9036458334
"DC-PPO (fixed 60, 3 seeds)",historical,68992000.0,2695.0,525996.3828125,525996.3828125
"DC-PPO (fixed 60, 3 seeds)",historical,69043200.0,2697.0,526918.662037037,526918.662037037
"DC-PPO (fixed 60, 3 seeds)",historical,69094400.0,2699.0,527617.65625,527617.65625
"DC-PPO (fixed 60, 3 seeds)",historical,69145600.0,2701.0,528034.9375,528034.9375
"DC-PPO (fixed 60, 3 seeds)",historical,69196800.0,2703.0,528250.8862847222,528250.8862847222
"DC-PPO (fixed 60, 3 seeds)",historical,69248000.0,2705.0,528182.4580439815,528182.4580439815
"DC-PPO (fixed 60, 3 seeds)",historical,69299200.0,2707.0,528299.3483796297,528299.3483796297
"DC-PPO (fixed 60, 3 seeds)",historical,69350400.0,2709.0,528688.9696180556,528688.9696180556
"DC-PPO (fixed 60, 3 seeds)",historical,69401600.0,2711.0,529387.1044560185,529387.1044560185
"DC-PPO (fixed 60, 3 seeds)",historical,69452800.0,2713.0,529644.386863426,529644.386863426
"DC-PPO (fixed 60, 3 seeds)",historical,69504000.0,2715.0,529660.997974537,529660.997974537
"DC-PPO (fixed 60, 3 seeds)",historical,69555200.0,2717.0,529732.8214699075,529732.8214699075
"DC-PPO (fixed 60, 3 seeds)",historical,69606400.0,2719.0,529909.224537037,529909.224537037
"DC-PPO (fixed 60, 3 seeds)",historical,69657600.0,2721.0,530067.064525463,530067.064525463
"DC-PPO (fixed 60, 3 seeds)",historical,69708800.0,2723.0,530061.1050347221,530061.1050347221
"DC-PPO (fixed 60, 3 seeds)",historical,69760000.0,2725.0,529848.5969328703,529848.5969328703
"DC-PPO (fixed 60, 3 seeds)",historical,69811200.0,2727.0,529734.013599537,529734.013599537
"DC-PPO (fixed 60, 3 seeds)",historical,69862400.0,2729.0,529337.1591435185,529337.1591435185
"DC-PPO (fixed 60, 3 seeds)",historical,69913600.0,2731.0,529084.4192708334,529084.4192708334
"DC-PPO (fixed 60, 3 seeds)",historical,69964800.0,2733.0,528416.8342013889,528416.8342013889
"DC-PPO (fixed 60, 3 seeds)",historical,70016000.0,2735.0,528038.1484375,528038.1484375
"DC-PPO (fixed 60, 3 seeds)",historical,70067200.0,2737.0,527749.1860532408,527749.1860532408
"DC-PPO (fixed 60, 3 seeds)",historical,70118400.0,2739.0,527839.0558449075,527839.0558449075
"DC-PPO (fixed 60, 3 seeds)",historical,70169600.0,2741.0,527779.7413194445,527779.7413194445
"DC-PPO (fixed 60, 3 seeds)",historical,70220800.0,2743.0,527609.1409143518,527609.1409143518
"DC-PPO (fixed 60, 3 seeds)",historical,70272000.0,2745.0,527223.9811921297,527223.9811921297
"DC-PPO (fixed 60, 3 seeds)",historical,70323200.0,2747.0,527018.4849537037,527018.4849537037
"DC-PPO (fixed 60, 3 seeds)",historical,70374400.0,2749.0,526896.5208333334,526896.5208333334
"DC-PPO (fixed 60, 3 seeds)",historical,70425600.0,2751.0,527395.3090277776,527395.3090277776
"DC-PPO (fixed 60, 3 seeds)",historical,70476800.0,2753.0,527582.6116898148,527582.6116898148
"DC-PPO (fixed 60, 3 seeds)",historical,70528000.0,2755.0,528006.4461805555,528006.4461805555
"DC-PPO (fixed 60, 3 seeds)",historical,70579200.0,2757.0,527786.6750578703,527786.6750578703
"DC-PPO (fixed 60, 3 seeds)",historical,70630400.0,2759.0,528092.6730324074,528092.6730324074
"DC-PPO (fixed 60, 3 seeds)",historical,70681600.0,2761.0,528117.4279513889,528117.4279513889
"DC-PPO (fixed 60, 3 seeds)",historical,70732800.0,2763.0,528394.667824074,528394.667824074
"DC-PPO (fixed 60, 3 seeds)",historical,70784000.0,2765.0,528021.0159143518,528021.0159143518
"DC-PPO (fixed 60, 3 seeds)",historical,70835200.0,2767.0,527469.1779513889,527469.1779513889
"DC-PPO (fixed 60, 3 seeds)",historical,70886400.0,2769.0,526314.8585069445,526314.8585069445
"DC-PPO (fixed 60, 3 seeds)",historical,70937600.0,2771.0,525560.2297453703,525560.2297453703
"DC-PPO (fixed 60, 3 seeds)",historical,70988800.0,2773.0,525247.4036458334,525247.4036458334
"DC-PPO (fixed 60, 3 seeds)",historical,71040000.0,2775.0,525676.2358217592,525676.2358217592
"DC-PPO (fixed 60, 3 seeds)",historical,71091200.0,2777.0,526407.1059027779,526407.1059027779
"DC-PPO (fixed 60, 3 seeds)",historical,71142400.0,2779.0,527137.4241898148,527137.4241898148
"DC-PPO (fixed 60, 3 seeds)",historical,71193600.0,2781.0,527720.0584490742,527720.0584490742
"DC-PPO (fixed 60, 3 seeds)",historical,71244800.0,2783.0,527612.3778935185,527612.3778935185
"DC-PPO (fixed 60, 3 seeds)",historical,71296000.0,2785.0,527261.7569444445,527261.7569444445
"DC-PPO (fixed 60, 3 seeds)",historical,71347200.0,2787.0,526993.3342013889,526993.3342013889
"DC-PPO (fixed 60, 3 seeds)",historical,71398400.0,2789.0,526896.3289930556,526896.3289930556
"DC-PPO (fixed 60, 3 seeds)",historical,71449600.0,2791.0,526819.9522569444,526819.9522569444
"DC-PPO (fixed 60, 3 seeds)",historical,71500800.0,2793.0,526140.4655671295,526140.4655671295
"DC-PPO (fixed 60, 3 seeds)",historical,71552000.0,2795.0,525887.6394675927,525887.6394675927
"DC-PPO (fixed 60, 3 seeds)",historical,71603200.0,2797.0,525427.0746527776,525427.0746527776
"DC-PPO (fixed 60, 3 seeds)",historical,71654400.0,2799.0,525696.9858217592,525696.9858217592
"DC-PPO (fixed 60, 3 seeds)",historical,71705600.0,2801.0,526064.923611111,526064.923611111
"DC-PPO (fixed 60, 3 seeds)",historical,71756800.0,2803.0,526636.8408564815,526636.8408564815
"DC-PPO (fixed 60, 3 seeds)",historical,71808000.0,2805.0,526773.8220486111,526773.8220486111
"DC-PPO (fixed 60, 3 seeds)",historical,71859200.0,2807.0,526149.9632523148,526149.9632523148
"DC-PPO (fixed 60, 3 seeds)",historical,71910400.0,2809.0,525782.8625578703,525782.8625578703
"DC-PPO (fixed 60, 3 seeds)",historical,71961600.0,2811.0,525816.6452546297,525816.6452546297
"DC-PPO (fixed 60, 3 seeds)",historical,72012800.0,2813.0,526405.060474537,526405.060474537
"DC-PPO (fixed 60, 3 seeds)",historical,72064000.0,2815.0,526679.6339699073,526679.6339699073
"DC-PPO (fixed 60, 3 seeds)",historical,72115200.0,2817.0,526517.1258680555,526517.1258680555
"DC-PPO (fixed 60, 3 seeds)",historical,72166400.0,2819.0,526211.394386574,526211.394386574
"DC-PPO (fixed 60, 3 seeds)",historical,72217600.0,2821.0,525751.472511574,525751.472511574
"DC-PPO (fixed 60, 3 seeds)",historical,72268800.0,2823.0,525097.7578125001,525097.7578125001
"DC-PPO (fixed 60, 3 seeds)",historical,72320000.0,2825.0,524154.8778935185,524154.8778935185
"DC-PPO (fixed 60, 3 seeds)",historical,72371200.0,2827.0,523474.5078125,523474.5078125
"DC-PPO (fixed 60, 3 seeds)",historical,72422400.0,2829.0,523399.4646990741,523399.4646990741
"DC-PPO (fixed 60, 3 seeds)",historical,72473600.0,2831.0,523610.28009259264,523610.28009259264
"DC-PPO (fixed 60, 3 seeds)",historical,72524800.0,2833.0,523591.611400463,523591.611400463
"DC-PPO (fixed 60, 3 seeds)",historical,72576000.0,2835.0,522924.5092592593,522924.5092592593
"DC-PPO (fixed 60, 3 seeds)",historical,72627200.0,2837.0,522049.92795138893,522049.92795138893
"DC-PPO (fixed 60, 3 seeds)",historical,72678400.0,2839.0,521897.9490740741,521897.9490740741
"DC-PPO (fixed 60, 3 seeds)",historical,72729600.0,2841.0,522705.5572916667,522705.5572916667
"DC-PPO (fixed 60, 3 seeds)",historical,72780800.0,2843.0,523798.4939236112,523798.4939236112
"DC-PPO (fixed 60, 3 seeds)",historical,72832000.0,2845.0,523982.5034722222,523982.5034722222
"DC-PPO (fixed 60, 3 seeds)",historical,72883200.0,2847.0,523424.625,523424.625
"DC-PPO (fixed 60, 3 seeds)",historical,72934400.0,2849.0,523004.9684606481,523004.9684606481
"DC-PPO (fixed 60, 3 seeds)",historical,72985600.0,2851.0,523332.5274884259,523332.5274884259
"DC-PPO (fixed 60, 3 seeds)",historical,73036800.0,2853.0,523967.6892361112,523967.6892361112
"DC-PPO (fixed 60, 3 seeds)",historical,73088000.0,2855.0,524379.6892361111,524379.6892361111
"DC-PPO (fixed 60, 3 seeds)",historical,73139200.0,2857.0,524180.642650463,524180.642650463
"DC-PPO (fixed 60, 3 seeds)",historical,73190400.0,2859.0,523752.0031828704,523752.0031828704
"DC-PPO (fixed 60, 3 seeds)",historical,73241600.0,2861.0,523148.00723379635,523148.00723379635
"DC-PPO (fixed 60, 3 seeds)",historical,73292800.0,2863.0,522770.6261574074,522770.6261574074
"DC-PPO (fixed 60, 3 seeds)",historical,73344000.0,2865.0,522465.6467013888,522465.6467013888
"DC-PPO (fixed 60, 3 seeds)",historical,73395200.0,2867.0,522611.5833333333,522611.5833333333
"DC-PPO (fixed 60, 3 seeds)",historical,73446400.0,2869.0,522628.3229166667,522628.3229166667
"DC-PPO (fixed 60, 3 seeds)",historical,73497600.0,2871.0,522728.8984375,522728.8984375
"DC-PPO (fixed 60, 3 seeds)",historical,73548800.0,2873.0,522586.99276620365,522586.99276620365
"DC-PPO (fixed 60, 3 seeds)",historical,73600000.0,2875.0,522832.10879629623,522832.10879629623
"DC-PPO (fixed 60, 3 seeds)",historical,73651200.0,2877.0,523146.64496527775,523146.64496527775
"DC-PPO (fixed 60, 3 seeds)",historical,73702400.0,2879.0,523408.8619791667,523408.8619791667
"DC-PPO (fixed 60, 3 seeds)",historical,73753600.0,2881.0,523366.58564814815,523366.58564814815
"DC-PPO (fixed 60, 3 seeds)",historical,73804800.0,2883.0,523335.7696759259,523335.7696759259
"DC-PPO (fixed 60, 3 seeds)",historical,73856000.0,2885.0,523283.35214120365,523283.35214120365
"DC-PPO (fixed 60, 3 seeds)",historical,73907200.0,2887.0,522983.76504629635,522983.76504629635
"DC-PPO (fixed 60, 3 seeds)",historical,73958400.0,2889.0,522484.3787615741,522484.3787615741
"DC-PPO (fixed 60, 3 seeds)",historical,74009600.0,2891.0,521992.75868055556,521992.75868055556
"DC-PPO (fixed 60, 3 seeds)",historical,74060800.0,2893.0,522058.28443287034,522058.28443287034
"DC-PPO (fixed 60, 3 seeds)",historical,74112000.0,2895.0,522525.11574074073,522525.11574074073
"DC-PPO (fixed 60, 3 seeds)",historical,74163200.0,2897.0,523265.2922453704,523265.2922453704
"DC-PPO (fixed 60, 3 seeds)",historical,74214400.0,2899.0,524336.1278935185,524336.1278935185
"DC-PPO (fixed 60, 3 seeds)",historical,74265600.0,2901.0,524987.0243055555,524987.0243055555
"DC-PPO (fixed 60, 3 seeds)",historical,74316800.0,2903.0,525689.8046875,525689.8046875
"DC-PPO (fixed 60, 3 seeds)",historical,74368000.0,2905.0,526369.1221064815,526369.1221064815
"DC-PPO (fixed 60, 3 seeds)",historical,74419200.0,2907.0,527658.2465277779,527658.2465277779
"DC-PPO (fixed 60, 3 seeds)",historical,74470400.0,2909.0,528615.8778935185,528615.8778935185
"DC-PPO (fixed 60, 3 seeds)",historical,74521600.0,2911.0,528604.019386574,528604.019386574
"DC-PPO (fixed 60, 3 seeds)",historical,74572800.0,2913.0,528176.199363426,528176.199363426
"DC-PPO (fixed 60, 3 seeds)",historical,74624000.0,2915.0,527910.1967592592,527910.1967592592
"DC-PPO (fixed 60, 3 seeds)",historical,74675200.0,2917.0,528442.6877893518,528442.6877893518
"DC-PPO (fixed 60, 3 seeds)",historical,74726400.0,2919.0,528671.5422453703,528671.5422453703
"DC-PPO (fixed 60, 3 seeds)",historical,74777600.0,2921.0,529161.7575231482,529161.7575231482
"DC-PPO (fixed 60, 3 seeds)",historical,74828800.0,2923.0,529358.8914930556,529358.8914930556
"DC-PPO (fixed 60, 3 seeds)",historical,74880000.0,2925.0,530034.1788194445,530034.1788194445
"DC-PPO (fixed 60, 3 seeds)",historical,74931200.0,2927.0,530294.2890625,530294.2890625
"DC-PPO (fixed 60, 3 seeds)",historical,74982400.0,2929.0,530216.660011574,530216.660011574
"DC-PPO (fixed 60, 3 seeds)",historical,75033600.0,2931.0,529448.1137152776,529448.1137152776
"DC-PPO (fixed 60, 3 seeds)",historical,75084800.0,2933.0,528741.03125,528741.03125
"DC-PPO (fixed 60, 3 seeds)",historical,75136000.0,2935.0,528350.6875,528350.6875
"DC-PPO (fixed 60, 3 seeds)",historical,75187200.0,2937.0,528840.918113426,528840.918113426
"DC-PPO (fixed 60, 3 seeds)",historical,75238400.0,2939.0,529526.2268518518,529526.2268518518
"DC-PPO (fixed 60, 3 seeds)",historical,75289600.0,2941.0,530452.1762152779,530452.1762152779
"DC-PPO (fixed 60, 3 seeds)",historical,75340800.0,2943.0,530741.5457175927,530741.5457175927
"DC-PPO (fixed 60, 3 seeds)",historical,75392000.0,2945.0,530317.879050926,530317.879050926
"DC-PPO (fixed 60, 3 seeds)",historical,75443200.0,2947.0,528826.9140625,528826.9140625
"DC-PPO (fixed 60, 3 seeds)",historical,75494400.0,2949.0,527585.9516782407,527585.9516782407
"DC-PPO (fixed 60, 3 seeds)",historical,75545600.0,2951.0,526639.0040509258,526639.0040509258
"DC-PPO (fixed 60, 3 seeds)",historical,75596800.0,2953.0,526724.921875,526724.921875
"DC-PPO (fixed 60, 3 seeds)",historical,75648000.0,2955.0,526308.4623842592,526308.4623842592
"DC-PPO (fixed 60, 3 seeds)",historical,75699200.0,2957.0,526334.1166087963,526334.1166087963
"DC-PPO (fixed 60, 3 seeds)",historical,75750400.0,2959.0,525957.1336805556,525957.1336805556
"DC-PPO (fixed 60, 3 seeds)",historical,75801600.0,2961.0,526203.5104166666,526203.5104166666
"DC-PPO (fixed 60, 3 seeds)",historical,75852800.0,2963.0,526329.8206018518,526329.8206018518
"DC-PPO (fixed 60, 3 seeds)",historical,75904000.0,2965.0,526452.1791087963,526452.1791087963
"DC-PPO (fixed 60, 3 seeds)",historical,75955200.0,2967.0,526506.1310763889,526506.1310763889
"DC-PPO (fixed 60, 3 seeds)",historical,76006400.0,2969.0,526323.0462962963,526323.0462962963
"DC-PPO (fixed 60, 3 seeds)",historical,76057600.0,2971.0,526731.081886574,526731.081886574
"DC-PPO (fixed 60, 3 seeds)",historical,76108800.0,2973.0,526844.2390046295,526844.2390046295
"DC-PPO (fixed 60, 3 seeds)",historical,76160000.0,2975.0,527298.0387731482,527298.0387731482
"DC-PPO (fixed 60, 3 seeds)",historical,76211200.0,2977.0,526900.3489583334,526900.3489583334
"DC-PPO (fixed 60, 3 seeds)",historical,76262400.0,2979.0,526407.9123263889,526407.9123263889
"DC-PPO (fixed 60, 3 seeds)",historical,76313600.0,2981.0,525584.2748842592,525584.2748842592
"DC-PPO (fixed 60, 3 seeds)",historical,76364800.0,2983.0,525359.4939236111,525359.4939236111
"DC-PPO (fixed 60, 3 seeds)",historical,76416000.0,2985.0,525988.1689814815,525988.1689814815
"DC-PPO (fixed 60, 3 seeds)",historical,76467200.0,2987.0,526584.7624421297,526584.7624421297
"DC-PPO (fixed 60, 3 seeds)",historical,76518400.0,2989.0,527152.3425925925,527152.3425925925
"DC-PPO (fixed 60, 3 seeds)",historical,76569600.0,2991.0,526904.7326388889,526904.7326388889
"DC-PPO (fixed 60, 3 seeds)",historical,76620800.0,2993.0,526840.5419560185,526840.5419560185
"DC-PPO (fixed 60, 3 seeds)",historical,76672000.0,2995.0,526334.4120370371,526334.4120370371
"DC-PPO (fixed 60, 3 seeds)",historical,76723200.0,2997.0,526367.7230902778,526367.7230902778
"DC-PPO (fixed 60, 3 seeds)",historical,76774400.0,2999.0,526464.5749421297,526464.5749421297
"DC-PPO (fixed 60, 3 seeds)",historical,76825600.0,3001.0,526893.9175347221,526893.9175347221
"DC-PPO (fixed 60, 3 seeds)",historical,76876800.0,3003.0,526706.9169560185,526706.9169560185
"DC-PPO (fixed 60, 3 seeds)",historical,76928000.0,3005.0,526704.168113426,526704.168113426
"DC-PPO (fixed 60, 3 seeds)",historical,76979200.0,3007.0,526995.3645833334,526995.3645833334
"DC-PPO (fixed 60, 3 seeds)",historical,77030400.0,3009.0,527701.0836226852,527701.0836226852
"DC-PPO (fixed 60, 3 seeds)",historical,77081600.0,3011.0,527980.3498263889,527980.3498263889
"DC-PPO (fixed 60, 3 seeds)",historical,77132800.0,3013.0,527962.5818865742,527962.5818865742
"DC-PPO (fixed 60, 3 seeds)",historical,77184000.0,3015.0,528428.0732060187,528428.0732060187
"DC-PPO (fixed 60, 3 seeds)",historical,77235200.0,3017.0,529523.4398148148,529523.4398148148
"DC-PPO (fixed 60, 3 seeds)",historical,77286400.0,3019.0,530829.1715856482,530829.1715856482
"DC-PPO (fixed 60, 3 seeds)",historical,77337600.0,3021.0,531120.8518518519,531120.8518518519
"DC-PPO (fixed 60, 3 seeds)",historical,77388800.0,3023.0,530891.4745370372,530891.4745370372
"DC-PPO (fixed 60, 3 seeds)",historical,77440000.0,3025.0,530233.0095486111,530233.0095486111
"DC-PPO (fixed 60, 3 seeds)",historical,77491200.0,3027.0,529985.7320601852,529985.7320601852
"DC-PPO (fixed 60, 3 seeds)",historical,77542400.0,3029.0,529541.1918402776,529541.1918402776
"DC-PPO (fixed 60, 3 seeds)",historical,77593600.0,3031.0,529534.7673611111,529534.7673611111
"DC-PPO (fixed 60, 3 seeds)",historical,77644800.0,3033.0,530059.1591435185,530059.1591435185
"DC-PPO (fixed 60, 3 seeds)",historical,77696000.0,3035.0,530966.1299189815,530966.1299189815
"DC-PPO (fixed 60, 3 seeds)",historical,77747200.0,3037.0,531385.9175347221,531385.9175347221
"DC-PPO (fixed 60, 3 seeds)",historical,77798400.0,3039.0,531002.3735532407,531002.3735532407
"DC-PPO (fixed 60, 3 seeds)",historical,77849600.0,3041.0,530334.4291087962,530334.4291087962
"DC-PPO (fixed 60, 3 seeds)",historical,77900800.0,3043.0,530234.2045717592,530234.2045717592
"DC-PPO (fixed 60, 3 seeds)",historical,77952000.0,3045.0,530785.769386574,530785.769386574
"DC-PPO (fixed 60, 3 seeds)",historical,78003200.0,3047.0,531546.9982638889,531546.9982638889
"DC-PPO (fixed 60, 3 seeds)",historical,78054400.0,3049.0,531677.9360532407,531677.9360532407
"DC-PPO (fixed 60, 3 seeds)",historical,78105600.0,3051.0,531420.8035300926,531420.8035300926
"DC-PPO (fixed 60, 3 seeds)",historical,78156800.0,3053.0,531143.9406828703,531143.9406828703
"DC-PPO (fixed 60, 3 seeds)",historical,78208000.0,3055.0,531246.5512152779,531246.5512152779
"DC-PPO (fixed 60, 3 seeds)",historical,78259200.0,3057.0,531204.842013889,531204.842013889
"DC-PPO (fixed 60, 3 seeds)",historical,78310400.0,3059.0,530896.3197337963,530896.3197337963
"DC-PPO (fixed 60, 3 seeds)",historical,78361600.0,3061.0,530597.9945023148,530597.9945023148
"DC-PPO (fixed 60, 3 seeds)",historical,78412800.0,3063.0,530534.2314814815,530534.2314814815
"DC-PPO (fixed 60, 3 seeds)",historical,78464000.0,3065.0,531003.1646412037,531003.1646412037
"DC-PPO (fixed 60, 3 seeds)",historical,78515200.0,3067.0,531421.2635995371,531421.2635995371
"DC-PPO (fixed 60, 3 seeds)",historical,78566400.0,3069.0,531861.8544560187,531861.8544560187
"DC-PPO (fixed 60, 3 seeds)",historical,78617600.0,3071.0,531833.9490740742,531833.9490740742
"DC-PPO (fixed 60, 3 seeds)",historical,78668800.0,3073.0,531756.834201389,531756.834201389
"DC-PPO (fixed 60, 3 seeds)",historical,78720000.0,3075.0,531567.5792824074,531567.5792824074
"DC-PPO (fixed 60, 3 seeds)",historical,78771200.0,3077.0,531958.9947916666,531958.9947916666
"DC-PPO (fixed 60, 3 seeds)",historical,78822400.0,3079.0,532463.4904513889,532463.4904513889
"DC-PPO (fixed 60, 3 seeds)",historical,78873600.0,3081.0,533143.4273726852,533143.4273726852
"DC-PPO (fixed 60, 3 seeds)",historical,78924800.0,3083.0,532905.2268518518,532905.2268518518
"DC-PPO (fixed 60, 3 seeds)",historical,78976000.0,3085.0,532327.1452546297,532327.1452546297
"DC-PPO (fixed 60, 3 seeds)",historical,79027200.0,3087.0,531276.4869791666,531276.4869791666
"DC-PPO (fixed 60, 3 seeds)",historical,79078400.0,3089.0,530865.0523726852,530865.0523726852
"DC-PPO (fixed 60, 3 seeds)",historical,79129600.0,3091.0,530472.0063657408,530472.0063657408
"DC-PPO (fixed 60, 3 seeds)",historical,79180800.0,3093.0,530363.5350115742,530363.5350115742
"DC-PPO (fixed 60, 3 seeds)",historical,79232000.0,3095.0,529913.4910300927,529913.4910300927
"DC-PPO (fixed 60, 3 seeds)",historical,79283200.0,3097.0,529824.994212963,529824.994212963
"DC-PPO (fixed 60, 3 seeds)",historical,79334400.0,3099.0,530087.2433449073,530087.2433449073
"DC-PPO (fixed 60, 3 seeds)",historical,79385600.0,3101.0,531018.1941550925,531018.1941550925
"DC-PPO (fixed 60, 3 seeds)",historical,79436800.0,3103.0,532000.701099537,532000.701099537
"DC-PPO (fixed 60, 3 seeds)",historical,79488000.0,3105.0,532733.2725694445,532733.2725694445
"DC-PPO (fixed 60, 3 seeds)",historical,79539200.0,3107.0,532713.5732060185,532713.5732060185
"DC-PPO (fixed 60, 3 seeds)",historical,79590400.0,3109.0,532762.0170717592,532762.0170717592
"DC-PPO (fixed 60, 3 seeds)",historical,79641600.0,3111.0,532841.9097222221,532841.9097222221
"DC-PPO (fixed 60, 3 seeds)",historical,79692800.0,3113.0,533564.8428819445,533564.8428819445
"DC-PPO (fixed 60, 3 seeds)",historical,79744000.0,3115.0,533921.5873842592,533921.5873842592
"DC-PPO (fixed 60, 3 seeds)",historical,79795200.0,3117.0,534476.7777777778,534476.7777777778
"DC-PPO (fixed 60, 3 seeds)",historical,79846400.0,3119.0,534599.0813078703,534599.0813078703
"DC-PPO (fixed 60, 3 seeds)",historical,79897600.0,3121.0,535090.2248263889,535090.2248263889
"DC-PPO (fixed 60, 3 seeds)",historical,79948800.0,3123.0,535134.646701389,535134.646701389
"DC-PPO (fixed 60, 3 seeds)",historical,80000000.0,3125.0,535191.6284722221,535191.6284722221
"DC-PPO (fixed 60, 3 seeds)",historical,80051200.0,3127.0,534536.662037037,534536.662037037
"DC-PPO (fixed 60, 3 seeds)",historical,80102400.0,3129.0,533879.3492476852,533879.3492476852
"DC-PPO (fixed 60, 3 seeds)",historical,80153600.0,3131.0,533466.8831018518,533466.8831018518
"DC-PPO (fixed 60, 3 seeds)",historical,80204800.0,3133.0,534153.9366319444,534153.9366319444
"DC-PPO (fixed 60, 3 seeds)",historical,80256000.0,3135.0,535182.9655671297,535182.9655671297
"DC-PPO (fixed 60, 3 seeds)",historical,80307200.0,3137.0,535907.9858217592,535907.9858217592
"DC-PPO (fixed 60, 3 seeds)",historical,80358400.0,3139.0,535736.2757523148,535736.2757523148
"DC-PPO (fixed 60, 3 seeds)",historical,80409600.0,3141.0,535508.7213541666,535508.7213541666
"DC-PPO (fixed 60, 3 seeds)",historical,80460800.0,3143.0,535299.3362268518,535299.3362268518
"DC-PPO (fixed 60, 3 seeds)",historical,80512000.0,3145.0,535012.802951389,535012.802951389
"DC-PPO (fixed 60, 3 seeds)",historical,80563200.0,3147.0,534384.0752314815,534384.0752314815
"DC-PPO (fixed 60, 3 seeds)",historical,80614400.0,3149.0,533970.3318865742,533970.3318865742
"DC-PPO (fixed 60, 3 seeds)",historical,80665600.0,3151.0,533855.7743055555,533855.7743055555
"DC-PPO (fixed 60, 3 seeds)",historical,80716800.0,3153.0,534102.0529513889,534102.0529513889
"DC-PPO (fixed 60, 3 seeds)",historical,80768000.0,3155.0,534335.2609953703,534335.2609953703
"DC-PPO (fixed 60, 3 seeds)",historical,80819200.0,3157.0,534984.5966435185,534984.5966435185
"DC-PPO (fixed 60, 3 seeds)",historical,80870400.0,3159.0,535585.2387152779,535585.2387152779
"DC-PPO (fixed 60, 3 seeds)",historical,80921600.0,3161.0,536310.005787037,536310.005787037
"DC-PPO (fixed 60, 3 seeds)",historical,80972800.0,3163.0,537007.2320601852,537007.2320601852
"DC-PPO (fixed 60, 3 seeds)",historical,81024000.0,3165.0,537696.9681712963,537696.9681712963
"DC-PPO (fixed 60, 3 seeds)",historical,81075200.0,3167.0,538086.7447916667,538086.7447916667
"DC-PPO (fixed 60, 3 seeds)",historical,81126400.0,3169.0,537784.560474537,537784.560474537
"DC-PPO (fixed 60, 3 seeds)",historical,81177600.0,3171.0,537734.8871527779,537734.8871527779
"DC-PPO (fixed 60, 3 seeds)",historical,81228800.0,3173.0,537824.0028935185,537824.0028935185
"DC-PPO (fixed 60, 3 seeds)",historical,81280000.0,3175.0,538325.6383101852,538325.6383101852
"DC-PPO (fixed 60, 3 seeds)",historical,81331200.0,3177.0,537683.2135416666,537683.2135416666
"DC-PPO (fixed 60, 3 seeds)",historical,81382400.0,3179.0,536833.0949074073,536833.0949074073
"DC-PPO (fixed 60, 3 seeds)",historical,81433600.0,3181.0,535839.8810763889,535839.8810763889
"DC-PPO (fixed 60, 3 seeds)",historical,81484800.0,3183.0,535948.9282407407,535948.9282407407
"DC-PPO (fixed 60, 3 seeds)",historical,81536000.0,3185.0,536378.4076967592,536378.4076967592
"DC-PPO (fixed 60, 3 seeds)",historical,81587200.0,3187.0,536854.7560763889,536854.7560763889
"DC-PPO (fixed 60, 3 seeds)",historical,81638400.0,3189.0,537333.6504629628,537333.6504629628
"DC-PPO (fixed 60, 3 seeds)",historical,81689600.0,3191.0,537307.6953125,537307.6953125
"DC-PPO (fixed 60, 3 seeds)",historical,81740800.0,3193.0,537214.3130787037,537214.3130787037
"DC-PPO (fixed 60, 3 seeds)",historical,81792000.0,3195.0,536613.3368055555,536613.3368055555
"DC-PPO (fixed 60, 3 seeds)",historical,81843200.0,3197.0,536370.9528356482,536370.9528356482
"DC-PPO (fixed 60, 3 seeds)",historical,81894400.0,3199.0,536063.8990162037,536063.8990162037
"DC-PPO (fixed 60, 3 seeds)",historical,81945600.0,3201.0,536119.4363425927,536119.4363425927
"DC-PPO (fixed 60, 3 seeds)",historical,81996800.0,3203.0,536201.4247685185,536201.4247685185
"DC-PPO (fixed 60, 3 seeds)",historical,82048000.0,3205.0,536529.5052083334,536529.5052083334
"DC-PPO (fixed 60, 3 seeds)",historical,82099200.0,3207.0,536728.0931712962,536728.0931712962
"DC-PPO (fixed 60, 3 seeds)",historical,82150400.0,3209.0,537020.3414351852,537020.3414351852
"DC-PPO (fixed 60, 3 seeds)",historical,82201600.0,3211.0,537065.7005208334,537065.7005208334
"DC-PPO (fixed 60, 3 seeds)",historical,82252800.0,3213.0,536745.642650463,536745.642650463
"DC-PPO (fixed 60, 3 seeds)",historical,82304000.0,3215.0,536088.6241319444,536088.6241319444
"DC-PPO (fixed 60, 3 seeds)",historical,82355200.0,3217.0,535420.560474537,535420.560474537
"DC-PPO (fixed 60, 3 seeds)",historical,82406400.0,3219.0,535204.2847222221,535204.2847222221
"DC-PPO (fixed 60, 3 seeds)",historical,82457600.0,3221.0,535266.2482638889,535266.2482638889
"DC-PPO (fixed 60, 3 seeds)",historical,82508800.0,3223.0,535266.277199074,535266.277199074
"DC-PPO (fixed 60, 3 seeds)",historical,82560000.0,3225.0,535252.2633101852,535252.2633101852
"DC-PPO (fixed 60, 3 seeds)",historical,82611200.0,3227.0,535322.5130208334,535322.5130208334
"DC-PPO (fixed 60, 3 seeds)",historical,82662400.0,3229.0,536231.9076967593,536231.9076967593
"DC-PPO (fixed 60, 3 seeds)",historical,82713600.0,3231.0,537361.1258680556,537361.1258680556
"DC-PPO (fixed 60, 3 seeds)",historical,82764800.0,3233.0,538092.8255208334,538092.8255208334
"DC-PPO (fixed 60, 3 seeds)",historical,82816000.0,3235.0,538095.0217013889,538095.0217013889
"DC-PPO (fixed 60, 3 seeds)",historical,82867200.0,3237.0,537351.1851851852,537351.1851851852
"DC-PPO (fixed 60, 3 seeds)",historical,82918400.0,3239.0,536817.2401620372,536817.2401620372
"DC-PPO (fixed 60, 3 seeds)",historical,82969600.0,3241.0,536079.4823495371,536079.4823495371
"DC-PPO (fixed 60, 3 seeds)",historical,83020800.0,3243.0,535631.4432870372,535631.4432870372
"DC-PPO (fixed 60, 3 seeds)",historical,83072000.0,3245.0,535124.6689814815,535124.6689814815
"DC-PPO (fixed 60, 3 seeds)",historical,83123200.0,3247.0,534836.5445601852,534836.5445601852
"DC-PPO (fixed 60, 3 seeds)",historical,83174400.0,3249.0,534622.5787037037,534622.5787037037
"DC-PPO (fixed 60, 3 seeds)",historical,83225600.0,3251.0,534226.3107638889,534226.3107638889
"DC-PPO (fixed 60, 3 seeds)",historical,83276800.0,3253.0,533876.8148148148,533876.8148148148
"DC-PPO (fixed 60, 3 seeds)",historical,83328000.0,3255.0,534088.6047453703,534088.6047453703
"DC-PPO (fixed 60, 3 seeds)",historical,83379200.0,3257.0,534498.775462963,534498.775462963
"DC-PPO (fixed 60, 3 seeds)",historical,83430400.0,3259.0,534819.6747685185,534819.6747685185
"DC-PPO (fixed 60, 3 seeds)",historical,83481600.0,3261.0,533642.6721643518,533642.6721643518
"DC-PPO (fixed 60, 3 seeds)",historical,83532800.0,3263.0,532539.6226851852,532539.6226851852
"DC-PPO (fixed 60, 3 seeds)",historical,83584000.0,3265.0,531857.7152777779,531857.7152777779
"DC-PPO (fixed 60, 3 seeds)",historical,83635200.0,3267.0,532879.0972222224,532879.0972222224
"DC-PPO (fixed 60, 3 seeds)",historical,83686400.0,3269.0,533911.2505787037,533911.2505787037
"DC-PPO (fixed 60, 3 seeds)",historical,83737600.0,3271.0,534198.8408564815,534198.8408564815
"DC-PPO (fixed 60, 3 seeds)",historical,83788800.0,3273.0,533465.3376736111,533465.3376736111
"DC-PPO (fixed 60, 3 seeds)",historical,83840000.0,3275.0,532517.0694444445,532517.0694444445
"DC-PPO (fixed 60, 3 seeds)",historical,83891200.0,3277.0,532303.3130787038,532303.3130787038
"DC-PPO (fixed 60, 3 seeds)",historical,83942400.0,3279.0,532672.9751157408,532672.9751157408
"DC-PPO (fixed 60, 3 seeds)",historical,83993600.0,3281.0,533254.865451389,533254.865451389
"DC-PPO (fixed 60, 3 seeds)",historical,84044800.0,3283.0,533039.6458333334,533039.6458333334
"DC-PPO (fixed 60, 3 seeds)",historical,84096000.0,3285.0,532313.8903356482,532313.8903356482
"DC-PPO (fixed 60, 3 seeds)",historical,84147200.0,3287.0,531653.3700810185,531653.3700810185
"DC-PPO (fixed 60, 3 seeds)",historical,84198400.0,3289.0,532007.8683449075,532007.8683449075
"DC-PPO (fixed 60, 3 seeds)",historical,84249600.0,3291.0,532634.5827546297,532634.5827546297
"DC-PPO (fixed 60, 3 seeds)",historical,84300800.0,3293.0,533358.9733796297,533358.9733796297
"DC-PPO (fixed 60, 3 seeds)",historical,84352000.0,3295.0,533749.0671296297,533749.0671296297
"DC-PPO (fixed 60, 3 seeds)",historical,84403200.0,3297.0,534428.6527777779,534428.6527777779
"DC-PPO (fixed 60, 3 seeds)",historical,84454400.0,3299.0,534785.6458333334,534785.6458333334
"DC-PPO (fixed 60, 3 seeds)",historical,84505600.0,3301.0,534872.660011574,534872.660011574
"DC-PPO (fixed 60, 3 seeds)",historical,84556800.0,3303.0,534099.4010416666,534099.4010416666
"DC-PPO (fixed 60, 3 seeds)",historical,84608000.0,3305.0,533938.8353587963,533938.8353587963
"DC-PPO (fixed 60, 3 seeds)",historical,84659200.0,3307.0,533926.7378472224,533926.7378472224
"DC-PPO (fixed 60, 3 seeds)",historical,84710400.0,3309.0,535084.796875,535084.796875
"DC-PPO (fixed 60, 3 seeds)",historical,84761600.0,3311.0,535528.0457175927,535528.0457175927
"DC-PPO (fixed 60, 3 seeds)",historical,84812800.0,3313.0,535843.7323495372,535843.7323495372
"DC-PPO (fixed 60, 3 seeds)",historical,84864000.0,3315.0,535264.3324652779,535264.3324652779
"DC-PPO (fixed 60, 3 seeds)",historical,84915200.0,3317.0,534745.1105324075,534745.1105324075
"DC-PPO (fixed 60, 3 seeds)",historical,84966400.0,3319.0,534196.3240740742,534196.3240740742
"DC-PPO (fixed 60, 3 seeds)",historical,85017600.0,3321.0,533634.0358796297,533634.0358796297
"DC-PPO (fixed 60, 3 seeds)",historical,85068800.0,3323.0,533309.8113425927,533309.8113425927
"DC-PPO (fixed 60, 3 seeds)",historical,85120000.0,3325.0,533172.5263310185,533172.5263310185
"DC-PPO (fixed 60, 3 seeds)",historical,85171200.0,3327.0,533876.890625,533876.890625
"DC-PPO (fixed 60, 3 seeds)",historical,85222400.0,3329.0,534325.8877314815,534325.8877314815
"DC-PPO (fixed 60, 3 seeds)",historical,85273600.0,3331.0,534799.1848958334,534799.1848958334
"DC-PPO (fixed 60, 3 seeds)",historical,85324800.0,3333.0,534681.6006944444,534681.6006944444
"DC-PPO (fixed 60, 3 seeds)",historical,85376000.0,3335.0,534510.0486111111,534510.0486111111
"DC-PPO (fixed 60, 3 seeds)",historical,85427200.0,3337.0,534102.9953703703,534102.9953703703
"DC-PPO (fixed 60, 3 seeds)",historical,85478400.0,3339.0,533842.269675926,533842.269675926
"DC-PPO (fixed 60, 3 seeds)",historical,85529600.0,3341.0,534114.0905671297,534114.0905671297
"DC-PPO (fixed 60, 3 seeds)",historical,85580800.0,3343.0,535052.9296875,535052.9296875
"DC-PPO (fixed 60, 3 seeds)",historical,85632000.0,3345.0,535930.8987268518,535930.8987268518
"DC-PPO (fixed 60, 3 seeds)",historical,85683200.0,3347.0,536620.7346643518,536620.7346643518
"DC-PPO (fixed 60, 3 seeds)",historical,85734400.0,3349.0,536550.8530092592,536550.8530092592
"DC-PPO (fixed 60, 3 seeds)",historical,85785600.0,3351.0,536103.0248842592,536103.0248842592
"DC-PPO (fixed 60, 3 seeds)",historical,85836800.0,3353.0,535569.097511574,535569.097511574
"DC-PPO (fixed 60, 3 seeds)",historical,85888000.0,3355.0,534997.2337962963,534997.2337962963
"DC-PPO (fixed 60, 3 seeds)",historical,85939200.0,3357.0,535174.0199652779,535174.0199652779
"DC-PPO (fixed 60, 3 seeds)",historical,85990400.0,3359.0,535533.7233796297,535533.7233796297
"DC-PPO (fixed 60, 3 seeds)",historical,86041600.0,3361.0,536622.9522569445,536622.9522569445
"DC-PPO (fixed 60, 3 seeds)",historical,86092800.0,3363.0,537137.9320023148,537137.9320023148
"DC-PPO (fixed 60, 3 seeds)",historical,86144000.0,3365.0,537515.1982060187,537515.1982060187
"DC-PPO (fixed 60, 3 seeds)",historical,86195200.0,3367.0,537360.7858796297,537360.7858796297
"DC-PPO (fixed 60, 3 seeds)",historical,86246400.0,3369.0,537583.544849537,537583.544849537
"DC-PPO (fixed 60, 3 seeds)",historical,86297600.0,3371.0,537822.0422453703,537822.0422453703
"DC-PPO (fixed 60, 3 seeds)",historical,86348800.0,3373.0,537981.125,537981.125
"DC-PPO (fixed 60, 3 seeds)",historical,86400000.0,3375.0,537827.9794560185,537827.9794560185
"DC-PPO (fixed 60, 3 seeds)",historical,86451200.0,3377.0,537318.7693865742,537318.7693865742
"DC-PPO (fixed 60, 3 seeds)",historical,86502400.0,3379.0,536766.5396412038,536766.5396412038
"DC-PPO (fixed 60, 3 seeds)",historical,86553600.0,3381.0,536088.4456018518,536088.4456018518
"DC-PPO (fixed 60, 3 seeds)",historical,86604800.0,3383.0,535767.8284143518,535767.8284143518
"DC-PPO (fixed 60, 3 seeds)",historical,86656000.0,3385.0,535809.8269675925,535809.8269675925
"DC-PPO (fixed 60, 3 seeds)",historical,86707200.0,3387.0,536231.927662037,536231.927662037
"DC-PPO (fixed 60, 3 seeds)",historical,86758400.0,3389.0,536715.6302083334,536715.6302083334
"DC-PPO (fixed 60, 3 seeds)",historical,86809600.0,3391.0,537390.5298032408,537390.5298032408
"DC-PPO (fixed 60, 3 seeds)",historical,86860800.0,3393.0,538180.9655671297,538180.9655671297
"DC-PPO (fixed 60, 3 seeds)",historical,86912000.0,3395.0,538630.0581597221,538630.0581597221
"DC-PPO (fixed 60, 3 seeds)",historical,86963200.0,3397.0,538494.9719328703,538494.9719328703
"DC-PPO (fixed 60, 3 seeds)",historical,87014400.0,3399.0,537774.2112268518,537774.2112268518
"DC-PPO (fixed 60, 3 seeds)",historical,87065600.0,3401.0,537615.4134837963,537615.4134837963
"DC-PPO (fixed 60, 3 seeds)",historical,87116800.0,3403.0,538029.5500578703,538029.5500578703
"DC-PPO (fixed 60, 3 seeds)",historical,87168000.0,3405.0,539230.252025463,539230.252025463
"DC-PPO (fixed 60, 3 seeds)",historical,87219200.0,3407.0,539940.025462963,539940.025462963
"DC-PPO (fixed 60, 3 seeds)",historical,87270400.0,3409.0,540159.5306712963,540159.5306712963
"DC-PPO (fixed 60, 3 seeds)",historical,87321600.0,3411.0,539991.4134837963,539991.4134837963
"DC-PPO (fixed 60, 3 seeds)",historical,87372800.0,3413.0,540297.254050926,540297.254050926
"DC-PPO (fixed 60, 3 seeds)",historical,87424000.0,3415.0,541005.0014467593,541005.0014467593
"DC-PPO (fixed 60, 3 seeds)",historical,87475200.0,3417.0,541326.7173032408,541326.7173032408
"DC-PPO (fixed 60, 3 seeds)",historical,87526400.0,3419.0,541273.1472800927,541273.1472800927
"DC-PPO (fixed 60, 3 seeds)",historical,87577600.0,3421.0,540717.9383680556,540717.9383680556
"DC-PPO (fixed 60, 3 seeds)",historical,87628800.0,3423.0,540506.1617476852,540506.1617476852
"DC-PPO (fixed 60, 3 seeds)",historical,87680000.0,3425.0,539840.5086805555,539840.5086805555
"DC-PPO (fixed 60, 3 seeds)",historical,87731200.0,3427.0,538641.9456018518,538641.9456018518
"DC-PPO (fixed 60, 3 seeds)",historical,87782400.0,3429.0,536649.9991319444,536649.9991319444
"DC-PPO (fixed 60, 3 seeds)",historical,87833600.0,3431.0,534633.097511574,534633.097511574
"DC-PPO (fixed 60, 3 seeds)",historical,87884800.0,3433.0,532941.5104166666,532941.5104166666
"DC-PPO (fixed 60, 3 seeds)",historical,87936000.0,3435.0,531654.1996527779,531654.1996527779
"DC-PPO (fixed 60, 3 seeds)",historical,87987200.0,3437.0,530548.6299189815,530548.6299189815
"DC-PPO (fixed 60, 3 seeds)",historical,88038400.0,3439.0,530055.121238426,530055.121238426
"DC-PPO (fixed 60, 3 seeds)",historical,88089600.0,3441.0,529858.9973958334,529858.9973958334
"DC-PPO (fixed 60, 3 seeds)",historical,88140800.0,3443.0,530052.8599537037,530052.8599537037
"DC-PPO (fixed 60, 3 seeds)",historical,88192000.0,3445.0,530087.1950231482,530087.1950231482
"DC-PPO (fixed 60, 3 seeds)",historical,88243200.0,3447.0,530378.8064236111,530378.8064236111
"DC-PPO (fixed 60, 3 seeds)",historical,88294400.0,3449.0,530642.5688657407,530642.5688657407
"DC-PPO (fixed 60, 3 seeds)",historical,88345600.0,3451.0,530902.5348668982,530902.5348668982
"DC-PPO (fixed 60, 3 seeds)",historical,88396800.0,3453.0,530990.3469328703,530990.3469328703
"DC-PPO (fixed 60, 3 seeds)",historical,88448000.0,3455.0,531112.7923900463,531112.7923900463
"DC-PPO (fixed 60, 3 seeds)",historical,88499200.0,3457.0,531256.2065972221,531256.2065972221
"DC-PPO (fixed 60, 3 seeds)",historical,88550400.0,3459.0,530877.220630787,530877.220630787
"DC-PPO (fixed 60, 3 seeds)",historical,88601600.0,3461.0,530367.910011574,530367.910011574
"DC-PPO (fixed 60, 3 seeds)",historical,88652800.0,3463.0,530017.2662037037,530017.2662037037
"DC-PPO (fixed 60, 3 seeds)",historical,88704000.0,3465.0,530542.9360532407,530542.9360532407
"DC-PPO (fixed 60, 3 seeds)",historical,88755200.0,3467.0,531245.152199074,531245.152199074
"DC-PPO (fixed 60, 3 seeds)",historical,88806400.0,3469.0,531519.9872685185,531519.9872685185
"DC-PPO (fixed 60, 3 seeds)",historical,88857600.0,3471.0,531320.0995370372,531320.0995370372
"DC-PPO (fixed 60, 3 seeds)",historical,88908800.0,3473.0,531122.6730324075,531122.6730324075
"DC-PPO (fixed 60, 3 seeds)",historical,88960000.0,3475.0,531354.0694444445,531354.0694444445
"DC-PPO (fixed 60, 3 seeds)",historical,89011200.0,3477.0,531715.9496527779,531715.9496527779
"DC-PPO (fixed 60, 3 seeds)",historical,89062400.0,3479.0,531643.8327546297,531643.8327546297
"DC-PPO (fixed 60, 3 seeds)",historical,89113600.0,3481.0,531366.5338541666,531366.5338541666
"DC-PPO (fixed 60, 3 seeds)",historical,89164800.0,3483.0,531021.8301504628,531021.8301504628
"DC-PPO (fixed 60, 3 seeds)",historical,89216000.0,3485.0,531103.1056134258,531103.1056134258
"DC-PPO (fixed 60, 3 seeds)",historical,89267200.0,3487.0,531302.2193287037,531302.2193287037
"DC-PPO (fixed 60, 3 seeds)",historical,89318400.0,3489.0,531473.9212962963,531473.9212962963
"DC-PPO (fixed 60, 3 seeds)",historical,89369600.0,3491.0,531587.2789351852,531587.2789351852
"DC-PPO (fixed 60, 3 seeds)",historical,89420800.0,3493.0,531186.443287037,531186.443287037
"DC-PPO (fixed 60, 3 seeds)",historical,89472000.0,3495.0,530712.4930555555,530712.4930555555
"DC-PPO (fixed 60, 3 seeds)",historical,89523200.0,3497.0,530044.9833622685,530044.9833622685
"DC-PPO (fixed 60, 3 seeds)",historical,89574400.0,3499.0,529861.302734375,529861.302734375
MAPPO strict 1+5 (stitched 100M),0-50M,25600,1.0,90780.0517578125,93380.3671875
MAPPO strict 1+5 (stitched 100M),0-50M,76800,3.0,95980.6826171875,94596.98502604167
MAPPO strict 1+5 (stitched 100M),0-50M,128000,5.0,97030.220703125,98762.73177083333
MAPPO strict 1+5 (stitched 100M),0-50M,179200,7.0,103277.2919921875,105007.06315104167
MAPPO strict 1+5 (stitched 100M),0-50M,230400,9.0,114713.6767578125,114478.505859375
MAPPO strict 1+5 (stitched 100M),0-50M,281600,11.0,125444.548828125,126191.66438802083
MAPPO strict 1+5 (stitched 100M),0-50M,332800,13.0,138416.767578125,136016.96875
MAPPO strict 1+5 (stitched 100M),0-50M,384000,15.0,144189.58984375,146393.689453125
MAPPO strict 1+5 (stitched 100M),0-50M,435200,17.0,156574.7109375,154602.73893229166
MAPPO strict 1+5 (stitched 100M),0-50M,486400,19.0,163043.916015625,164804.92643229166
MAPPO strict 1+5 (stitched 100M),0-50M,537600,21.0,174796.15234375,170966.052734375
MAPPO strict 1+5 (stitched 100M),0-50M,588800,23.0,175058.08984375,178577.23697916666
MAPPO strict 1+5 (stitched 100M),0-50M,640000,25.0,185877.46875,184275.29296875
MAPPO strict 1+5 (stitched 100M),0-50M,691200,27.0,191890.3203125,190945.55924479166
MAPPO strict 1+5 (stitched 100M),0-50M,742400,29.0,195068.888671875,195993.03841145834
MAPPO strict 1+5 (stitched 100M),0-50M,793600,31.0,201019.90625,198591.16861979166
MAPPO strict 1+5 (stitched 100M),0-50M,844800,33.0,199684.7109375,203440.50455729166
MAPPO strict 1+5 (stitched 100M),0-50M,896000,35.0,209616.896484375,206606.369140625
MAPPO strict 1+5 (stitched 100M),0-50M,947200,37.0,210517.5,211685.255859375
MAPPO strict 1+5 (stitched 100M),0-50M,998400,39.0,214921.37109375,217650.06380208334
MAPPO strict 1+5 (stitched 100M),0-50M,1049600,41.0,227511.3203125,226046.296875
MAPPO strict 1+5 (stitched 100M),0-50M,1100800,43.0,235706.19921875,234441.94791666666
MAPPO strict 1+5 (stitched 100M),0-50M,1152000,45.0,240108.32421875,240849.02734375
MAPPO strict 1+5 (stitched 100M),0-50M,1203200,47.0,246732.55859375,246144.14713541666
MAPPO strict 1+5 (stitched 100M),0-50M,1254400,49.0,251591.55859375,249937.36458333334
MAPPO strict 1+5 (stitched 100M),0-50M,1305600,51.0,251487.9765625,255524.91015625
MAPPO strict 1+5 (stitched 100M),0-50M,1356800,53.0,263495.1953125,257886.0859375
MAPPO strict 1+5 (stitched 100M),0-50M,1408000,55.0,258675.0859375,262463.94140625
MAPPO strict 1+5 (stitched 100M),0-50M,1459200,57.0,265221.54296875,265289.2578125
MAPPO strict 1+5 (stitched 100M),0-50M,1510400,59.0,271971.14453125,267030.18359375
MAPPO strict 1+5 (stitched 100M),0-50M,1561600,61.0,263897.86328125,267891.1341145833
MAPPO strict 1+5 (stitched 100M),0-50M,1612800,63.0,267804.39453125,268273.5026041667
MAPPO strict 1+5 (stitched 100M),0-50M,1664000,65.0,273118.25,273597.2109375
MAPPO strict 1+5 (stitched 100M),0-50M,1715200,67.0,279868.98828125,276888.9791666667
MAPPO strict 1+5 (stitched 100M),0-50M,1766400,69.0,277679.69921875,280097.7122395833
MAPPO strict 1+5 (stitched 100M),0-50M,1817600,71.0,282744.44921875,280641.2161458333
MAPPO strict 1+5 (stitched 100M),0-50M,1868800,73.0,281499.5,283067.7721354167
MAPPO strict 1+5 (stitched 100M),0-50M,1920000,75.0,284959.3671875,284657.2200520833
MAPPO strict 1+5 (stitched 100M),0-50M,1971200,77.0,287512.79296875,287909.2213541667
MAPPO strict 1+5 (stitched 100M),0-50M,2022400,79.0,291255.50390625,291183.1588541667
MAPPO strict 1+5 (stitched 100M),0-50M,2073600,81.0,294781.1796875,294436.2994791667
MAPPO strict 1+5 (stitched 100M),0-50M,2124800,83.0,297272.21484375,296460.7018229167
MAPPO strict 1+5 (stitched 100M),0-50M,2176000,85.0,297328.7109375,298777.0416666667
MAPPO strict 1+5 (stitched 100M),0-50M,2227200,87.0,301730.19921875,300252.6145833333
MAPPO strict 1+5 (stitched 100M),0-50M,2278400,89.0,301698.93359375,302314.0234375
MAPPO strict 1+5 (stitched 100M),0-50M,2329600,91.0,303512.9375,302850.37890625
MAPPO strict 1+5 (stitched 100M),0-50M,2380800,93.0,303339.265625,304276.8854166667
MAPPO strict 1+5 (stitched 100M),0-50M,2432000,95.0,305978.453125,305360.8268229167
MAPPO strict 1+5 (stitched 100M),0-50M,2483200,97.0,306764.76171875,308344.6028645833
MAPPO strict 1+5 (stitched 100M),0-50M,2534400,99.0,312290.59375,309361.2825520833
MAPPO strict 1+5 (stitched 100M),0-50M,2585600,101.0,309028.4921875,311166.56640625
MAPPO strict 1+5 (stitched 100M),0-50M,2636800,103.0,312180.61328125,311100.9752604167
MAPPO strict 1+5 (stitched 100M),0-50M,2688000,105.0,312093.8203125,312091.0520833333
MAPPO strict 1+5 (stitched 100M),0-50M,2739200,107.0,311998.72265625,313353.3333333333
MAPPO strict 1+5 (stitched 100M),0-50M,2790400,109.0,315967.45703125,313954.9895833333
MAPPO strict 1+5 (stitched 100M),0-50M,2841600,111.0,313898.7890625,315756.7408854167
MAPPO strict 1+5 (stitched 100M),0-50M,2892800,113.0,317403.9765625,314465.0911458333
MAPPO strict 1+5 (stitched 100M),0-50M,2944000,115.0,312092.5078125,314612.2356770833
MAPPO strict 1+5 (stitched 100M),0-50M,2995200,117.0,314340.22265625,314666.8841145833
MAPPO strict 1+5 (stitched 100M),0-50M,3046400,119.0,317567.921875,317810.7096354167
MAPPO strict 1+5 (stitched 100M),0-50M,3097600,121.0,321523.984375,320628.8932291667
MAPPO strict 1+5 (stitched 100M),0-50M,3148800,123.0,322794.7734375,324558.2786458333
MAPPO strict 1+5 (stitched 100M),0-50M,3200000,125.0,329356.078125,324118.05078125
MAPPO strict 1+5 (stitched 100M),0-50M,3251200,127.0,320203.30078125,324952.2578125
MAPPO strict 1+5 (stitched 100M),0-50M,3302400,129.0,325297.39453125,322970.6731770833
MAPPO strict 1+5 (stitched 100M),0-50M,3353600,131.0,323411.32421875,322996.5026041667
MAPPO strict 1+5 (stitched 100M),0-50M,3404800,133.0,320280.7890625,323342.9505208333
MAPPO strict 1+5 (stitched 100M),0-50M,3456000,135.0,326336.73828125,325285.9544270833
MAPPO strict 1+5 (stitched 100M),0-50M,3507200,137.0,329240.3359375,327711.0325520833
MAPPO strict 1+5 (stitched 100M),0-50M,3558400,139.0,327556.0234375,327153.7669270833
MAPPO strict 1+5 (stitched 100M),0-50M,3609600,141.0,324664.94140625,329072.4466145833
MAPPO strict 1+5 (stitched 100M),0-50M,3660800,143.0,334996.375,332372.3346354167
MAPPO strict 1+5 (stitched 100M),0-50M,3712000,145.0,337455.6875,338295.97265625
MAPPO strict 1+5 (stitched 100M),0-50M,3763200,147.0,342435.85546875,338294.2122395833
MAPPO strict 1+5 (stitched 100M),0-50M,3814400,149.0,334991.09375,335650.6796875
MAPPO strict 1+5 (stitched 100M),0-50M,3865600,151.0,329525.08984375,331358.68359375
MAPPO strict 1+5 (stitched 100M),0-50M,3916800,153.0,329559.8671875,331336.7981770833
MAPPO strict 1+5 (stitched 100M),0-50M,3968000,155.0,334925.4375,333020.5286458333
MAPPO strict 1+5 (stitched 100M),0-50M,4019200,157.0,334576.28125,338366.6145833333
MAPPO strict 1+5 (stitched 100M),0-50M,4070400,159.0,345598.125,342568.3450520833
MAPPO strict 1+5 (stitched 100M),0-50M,4121600,161.0,347530.62890625,346390.4778645833
MAPPO strict 1+5 (stitched 100M),0-50M,4172800,163.0,346042.6796875,345783.2838541667
MAPPO strict 1+5 (stitched 100M),0-50M,4224000,165.0,343776.54296875,343250.9075520833
MAPPO strict 1+5 (stitched 100M),0-50M,4275200,167.0,339933.5,341372.98828125
MAPPO strict 1+5 (stitched 100M),0-50M,4326400,169.0,340408.921875,341576.6953125
MAPPO strict 1+5 (stitched 100M),0-50M,4377600,171.0,344387.6640625,343252.48828125
MAPPO strict 1+5 (stitched 100M),0-50M,4428800,173.0,344960.87890625,344042.7291666667
MAPPO strict 1+5 (stitched 100M),0-50M,4480000,175.0,342779.64453125,344098.3984375
MAPPO strict 1+5 (stitched 100M),0-50M,4531200,177.0,344554.671875,343833.9791666667
MAPPO strict 1+5 (stitched 100M),0-50M,4582400,179.0,344167.62109375,347149.5130208333
MAPPO strict 1+5 (stitched 100M),0-50M,4633600,181.0,352726.24609375,348571.375
MAPPO strict 1+5 (stitched 100M),0-50M,4684800,183.0,348820.2578125,351088.88671875
MAPPO strict 1+5 (stitched 100M),0-50M,4736000,185.0,351720.15625,351860.8059895833
MAPPO strict 1+5 (stitched 100M),0-50M,4787200,187.0,355042.00390625,353776.82421875
MAPPO strict 1+5 (stitched 100M),0-50M,4838400,189.0,354568.3125,355404.8684895833
MAPPO strict 1+5 (stitched 100M),0-50M,4889600,191.0,356604.2890625,352553.8854166667
MAPPO strict 1+5 (stitched 100M),0-50M,4940800,193.0,346489.0546875,353354.3671875
MAPPO strict 1+5 (stitched 100M),0-50M,4992000,195.0,356969.7578125,354329.3841145833
MAPPO strict 1+5 (stitched 100M),0-50M,5043200,197.0,359529.33984375,360258.6158854167
MAPPO strict 1+5 (stitched 100M),0-50M,5094400,199.0,364276.75,363411.4322916667
MAPPO strict 1+5 (stitched 100M),0-50M,5145600,201.0,366428.20703125,364619.5455729167
MAPPO strict 1+5 (stitched 100M),0-50M,5196800,203.0,363153.6796875,365065.3671875
MAPPO strict 1+5 (stitched 100M),0-50M,5248000,205.0,365614.21484375,366008.38671875
MAPPO strict 1+5 (stitched 100M),0-50M,5299200,207.0,369257.265625,365363.953125
MAPPO strict 1+5 (stitched 100M),0-50M,5350400,209.0,361220.37890625,362333.5611979167
MAPPO strict 1+5 (stitched 100M),0-50M,5401600,211.0,356523.0390625,359303.9817708333
MAPPO strict 1+5 (stitched 100M),0-50M,5452800,213.0,360168.52734375,360678.6848958333
MAPPO strict 1+5 (stitched 100M),0-50M,5504000,215.0,365344.48828125,361346.0403645833
MAPPO strict 1+5 (stitched 100M),0-50M,5555200,217.0,358525.10546875,361864.9505208333
MAPPO strict 1+5 (stitched 100M),0-50M,5606400,219.0,361725.2578125,360931.5729166667
MAPPO strict 1+5 (stitched 100M),0-50M,5657600,221.0,362544.35546875,361950.2356770833
MAPPO strict 1+5 (stitched 100M),0-50M,5708800,223.0,361581.09375,360677.03515625
MAPPO strict 1+5 (stitched 100M),0-50M,5760000,225.0,357905.65625,359978.6302083333
MAPPO strict 1+5 (stitched 100M),0-50M,5811200,227.0,360449.140625,360131.39453125
MAPPO strict 1+5 (stitched 100M),0-50M,5862400,229.0,362039.38671875,362761.65625
MAPPO strict 1+5 (stitched 100M),0-50M,5913600,231.0,365796.44140625,367778.5481770833
MAPPO strict 1+5 (stitched 100M),0-50M,5964800,233.0,375499.81640625,370035.42578125
MAPPO strict 1+5 (stitched 100M),0-50M,6016000,235.0,368810.01953125,371628.8203125
MAPPO strict 1+5 (stitched 100M),0-50M,6067200,237.0,370576.625,370746.8997395833
MAPPO strict 1+5 (stitched 100M),0-50M,6118400,239.0,372854.0546875,372877.0716145833
MAPPO strict 1+5 (stitched 100M),0-50M,6169600,241.0,375200.53515625,373474.6966145833
MAPPO strict 1+5 (stitched 100M),0-50M,6220800,243.0,372369.5,373472.3671875
MAPPO strict 1+5 (stitched 100M),0-50M,6272000,245.0,372847.06640625,373334.5143229167
MAPPO strict 1+5 (stitched 100M),0-50M,6323200,247.0,374786.9765625,374454.1653645833
MAPPO strict 1+5 (stitched 100M),0-50M,6374400,249.0,375728.453125,377043.7161458333
MAPPO strict 1+5 (stitched 100M),0-50M,6425600,251.0,380615.71875,378715.03125
MAPPO strict 1+5 (stitched 100M),0-50M,6476800,253.0,379800.921875,380602.7825520833
MAPPO strict 1+5 (stitched 100M),0-50M,6528000,255.0,381391.70703125,379503.25
MAPPO strict 1+5 (stitched 100M),0-50M,6579200,257.0,377317.12109375,379875.6953125
MAPPO strict 1+5 (stitched 100M),0-50M,6630400,259.0,380918.2578125,378327.3255208333
MAPPO strict 1+5 (stitched 100M),0-50M,6681600,261.0,376746.59765625,379261.0221354167
MAPPO strict 1+5 (stitched 100M),0-50M,6732800,263.0,380118.2109375,379955.18359375
MAPPO strict 1+5 (stitched 100M),0-50M,6784000,265.0,383000.7421875,381170.3828125
MAPPO strict 1+5 (stitched 100M),0-50M,6835200,267.0,380392.1953125,381028.9205729167
MAPPO strict 1+5 (stitched 100M),0-50M,6886400,269.0,379693.82421875,380950.2890625
MAPPO strict 1+5 (stitched 100M),0-50M,6937600,271.0,382764.84765625,381970.4557291667
MAPPO strict 1+5 (stitched 100M),0-50M,6988800,273.0,383452.6953125,383543.19921875
MAPPO strict 1+5 (stitched 100M),0-50M,7040000,275.0,384412.0546875,383397.2447916667
MAPPO strict 1+5 (stitched 100M),0-50M,7091200,277.0,382326.984375,382387.41796875
MAPPO strict 1+5 (stitched 100M),0-50M,7142400,279.0,380423.21484375,380649.2708333333
MAPPO strict 1+5 (stitched 100M),0-50M,7193600,281.0,379197.61328125,379354.5520833333
MAPPO strict 1+5 (stitched 100M),0-50M,7244800,283.0,378442.828125,379827.7291666667
MAPPO strict 1+5 (stitched 100M),0-50M,7296000,285.0,381842.74609375,380611.6458333333
MAPPO strict 1+5 (stitched 100M),0-50M,7347200,287.0,381549.36328125,381392.5481770833
MAPPO strict 1+5 (stitched 100M),0-50M,7398400,289.0,380785.53515625,382637.07421875
MAPPO strict 1+5 (stitched 100M),0-50M,7449600,291.0,385576.32421875,383754.0
MAPPO strict 1+5 (stitched 100M),0-50M,7500800,293.0,384900.140625,386002.7200520833
MAPPO strict 1+5 (stitched 100M),0-50M,7552000,295.0,387531.6953125,389351.8932291667
MAPPO strict 1+5 (stitched 100M),0-50M,7603200,297.0,395623.84375,392254.4635416667
MAPPO strict 1+5 (stitched 100M),0-50M,7654400,299.0,393607.8515625,392567.8802083333
MAPPO strict 1+5 (stitched 100M),0-50M,7705600,301.0,388471.9453125,388989.0859375
MAPPO strict 1+5 (stitched 100M),0-50M,7756800,303.0,384887.4609375,388340.1223958333
MAPPO strict 1+5 (stitched 100M),0-50M,7808000,305.0,391660.9609375,388833.9466145833
MAPPO strict 1+5 (stitched 100M),0-50M,7859200,307.0,389953.41796875,389473.1979166667
MAPPO strict 1+5 (stitched 100M),0-50M,7910400,309.0,386805.21484375,388602.5364583333
MAPPO strict 1+5 (stitched 100M),0-50M,7961600,311.0,389048.9765625,386455.71484375
MAPPO strict 1+5 (stitched 100M),0-50M,8012800,313.0,383512.953125,386116.7213541667
MAPPO strict 1+5 (stitched 100M),0-50M,8064000,315.0,385788.234375,385028.6966145833
MAPPO strict 1+5 (stitched 100M),0-50M,8115200,317.0,385784.90234375,386021.69140625
MAPPO strict 1+5 (stitched 100M),0-50M,8166400,319.0,386491.9375,386166.640625
MAPPO strict 1+5 (stitched 100M),0-50M,8217600,321.0,386223.08203125,385679.5403645833
MAPPO strict 1+5 (stitched 100M),0-50M,8268800,323.0,384323.6015625,387135.1705729167
MAPPO strict 1+5 (stitched 100M),0-50M,8320000,325.0,390858.828125,388901.5611979167
MAPPO strict 1+5 (stitched 100M),0-50M,8371200,327.0,391522.25390625,394609.2473958333
MAPPO strict 1+5 (stitched 100M),0-50M,8422400,329.0,401446.66015625,391666.7916666667
MAPPO strict 1+5 (stitched 100M),0-50M,8473600,331.0,382031.4609375,392016.66015625
MAPPO strict 1+5 (stitched 100M),0-50M,8524800,333.0,392571.859375,387929.9921875
MAPPO strict 1+5 (stitched 100M),0-50M,8576000,335.0,389186.65625,389031.6328125
MAPPO strict 1+5 (stitched 100M),0-50M,8627200,337.0,385336.3828125,388934.03125
MAPPO strict 1+5 (stitched 100M),0-50M,8678400,339.0,392279.0546875,389087.3385416667
MAPPO strict 1+5 (stitched 100M),0-50M,8729600,341.0,389646.578125,393079.1380208333
MAPPO strict 1+5 (stitched 100M),0-50M,8780800,343.0,397311.78125,391865.7981770833
MAPPO strict 1+5 (stitched 100M),0-50M,8832000,345.0,388639.03515625,391489.4205729167
MAPPO strict 1+5 (stitched 100M),0-50M,8883200,347.0,388517.4453125,388935.9869791667
MAPPO strict 1+5 (stitched 100M),0-50M,8934400,349.0,389651.48046875,391189.984375
MAPPO strict 1+5 (stitched 100M),0-50M,8985600,351.0,395401.02734375,392786.5104166667
MAPPO strict 1+5 (stitched 100M),0-50M,9036800,353.0,393307.0234375,392780.1770833333
MAPPO strict 1+5 (stitched 100M),0-50M,9088000,355.0,389632.48046875,393843.1927083333
MAPPO strict 1+5 (stitched 100M),0-50M,9139200,357.0,398590.07421875,394876.1575520833
MAPPO strict 1+5 (stitched 100M),0-50M,9190400,359.0,396405.91796875,399181.5703125
MAPPO strict 1+5 (stitched 100M),0-50M,9241600,361.0,402548.71875,400421.8385416667
MAPPO strict 1+5 (stitched 100M),0-50M,9292800,363.0,402310.87890625,401522.56640625
MAPPO strict 1+5 (stitched 100M),0-50M,9344000,365.0,399708.1015625,399924.68359375
MAPPO strict 1+5 (stitched 100M),0-50M,9395200,367.0,397755.0703125,401527.63671875
MAPPO strict 1+5 (stitched 100M),0-50M,9446400,369.0,407119.73828125,402421.1067708333
MAPPO strict 1+5 (stitched 100M),0-50M,9497600,371.0,402388.51171875,403941.6953125
MAPPO strict 1+5 (stitched 100M),0-50M,9548800,373.0,402316.8359375,400668.37109375
MAPPO strict 1+5 (stitched 100M),0-50M,9600000,375.0,397299.765625,398782.05859375
MAPPO strict 1+5 (stitched 100M),0-50M,9651200,377.0,396729.57421875,398152.7981770833
MAPPO strict 1+5 (stitched 100M),0-50M,9702400,379.0,400429.0546875,399587.1028645833
MAPPO strict 1+5 (stitched 100M),0-50M,9753600,381.0,401602.6796875,399711.32421875
MAPPO strict 1+5 (stitched 100M),0-50M,9804800,383.0,397102.23828125,398885.9986979167
MAPPO strict 1+5 (stitched 100M),0-50M,9856000,385.0,397953.078125,399496.48828125
MAPPO strict 1+5 (stitched 100M),0-50M,9907200,387.0,403434.1484375,401562.015625
MAPPO strict 1+5 (stitched 100M),0-50M,9958400,389.0,403298.8203125,402811.8684895833
MAPPO strict 1+5 (stitched 100M),0-50M,10009600,391.0,401702.63671875,402288.9830729167
MAPPO strict 1+5 (stitched 100M),0-50M,10060800,393.0,401865.4921875,401327.015625
MAPPO strict 1+5 (stitched 100M),0-50M,10112000,395.0,400412.91796875,401381.5260416667
MAPPO strict 1+5 (stitched 100M),0-50M,10163200,397.0,401866.16796875,402220.96875
MAPPO strict 1+5 (stitched 100M),0-50M,10214400,399.0,404383.8203125,403262.88671875
MAPPO strict 1+5 (stitched 100M),0-50M,10265600,401.0,403538.671875,405594.9986979167
MAPPO strict 1+5 (stitched 100M),0-50M,10316800,403.0,408862.50390625,405473.3125
MAPPO strict 1+5 (stitched 100M),0-50M,10368000,405.0,404018.76171875,405684.9075520833
MAPPO strict 1+5 (stitched 100M),0-50M,10419200,407.0,404173.45703125,402083.1015625
MAPPO strict 1+5 (stitched 100M),0-50M,10470400,409.0,398057.0859375,400694.41015625
MAPPO strict 1+5 (stitched 100M),0-50M,10521600,411.0,399852.6875,397933.28125
MAPPO strict 1+5 (stitched 100M),0-50M,10572800,413.0,395890.0703125,400172.9895833333
MAPPO strict 1+5 (stitched 100M),0-50M,10624000,415.0,404776.2109375,401144.5091145833
MAPPO strict 1+5 (stitched 100M),0-50M,10675200,417.0,402767.24609375,403435.5768229167
MAPPO strict 1+5 (stitched 100M),0-50M,10726400,419.0,402763.2734375,404472.3059895833
MAPPO strict 1+5 (stitched 100M),0-50M,10777600,421.0,407886.3984375,403731.80859375
MAPPO strict 1+5 (stitched 100M),0-50M,10828800,423.0,400545.75390625,403242.2994791667
MAPPO strict 1+5 (stitched 100M),0-50M,10880000,425.0,401294.74609375,403717.3828125
MAPPO strict 1+5 (stitched 100M),0-50M,10931200,427.0,409311.6484375,403650.2682291667
MAPPO strict 1+5 (stitched 100M),0-50M,10982400,429.0,400344.41015625,405046.0052083333
MAPPO strict 1+5 (stitched 100M),0-50M,11033600,431.0,405481.95703125,404162.4869791667
MAPPO strict 1+5 (stitched 100M),0-50M,11084800,433.0,406661.09375,406941.0651041667
MAPPO strict 1+5 (stitched 100M),0-50M,11136000,435.0,408680.14453125,407041.0911458333
MAPPO strict 1+5 (stitched 100M),0-50M,11187200,437.0,405782.03515625,407568.1653645833
MAPPO strict 1+5 (stitched 100M),0-50M,11238400,439.0,408242.31640625,406937.2447916667
MAPPO strict 1+5 (stitched 100M),0-50M,11289600,441.0,406787.3828125,407903.98828125
MAPPO strict 1+5 (stitched 100M),0-50M,11340800,443.0,408682.265625,408601.9192708333
MAPPO strict 1+5 (stitched 100M),0-50M,11392000,445.0,410336.109375,410328.6875
MAPPO strict 1+5 (stitched 100M),0-50M,11443200,447.0,411967.6875,408937.0143229167
MAPPO strict 1+5 (stitched 100M),0-50M,11494400,449.0,404507.24609375,408158.87109375
MAPPO strict 1+5 (stitched 100M),0-50M,11545600,451.0,408001.6796875,408707.0208333333
MAPPO strict 1+5 (stitched 100M),0-50M,11596800,453.0,413612.13671875,409513.4505208333
MAPPO strict 1+5 (stitched 100M),0-50M,11648000,455.0,406926.53515625,411208.6549479167
MAPPO strict 1+5 (stitched 100M),0-50M,11699200,457.0,413087.29296875,409108.1002604167
MAPPO strict 1+5 (stitched 100M),0-50M,11750400,459.0,407310.47265625,406470.90625
MAPPO strict 1+5 (stitched 100M),0-50M,11801600,461.0,399014.953125,405852.3528645833
MAPPO strict 1+5 (stitched 100M),0-50M,11852800,463.0,411231.6328125,406214.1145833333
MAPPO strict 1+5 (stitched 100M),0-50M,11904000,465.0,408395.7578125,408307.01171875
MAPPO strict 1+5 (stitched 100M),0-50M,11955200,467.0,405293.64453125,406047.5364583333
MAPPO strict 1+5 (stitched 100M),0-50M,12006400,469.0,404453.20703125,404998.5794270833
MAPPO strict 1+5 (stitched 100M),0-50M,12057600,471.0,405248.88671875,405299.390625
MAPPO strict 1+5 (stitched 100M),0-50M,12108800,473.0,406196.078125,408784.6393229167
MAPPO strict 1+5 (stitched 100M),0-50M,12160000,475.0,414908.953125,409946.8190104167
MAPPO strict 1+5 (stitched 100M),0-50M,12211200,477.0,408735.42578125,411147.1380208333
MAPPO strict 1+5 (stitched 100M),0-50M,12262400,479.0,409797.03515625,409275.01171875
MAPPO strict 1+5 (stitched 100M),0-50M,12313600,481.0,409292.57421875,407215.8333333333
MAPPO strict 1+5 (stitched 100M),0-50M,12364800,483.0,402557.890625,405157.2513020833
MAPPO strict 1+5 (stitched 100M),0-50M,12416000,485.0,403621.2890625,402327.55859375
MAPPO strict 1+5 (stitched 100M),0-50M,12467200,487.0,400803.49609375,405004.3372395833
MAPPO strict 1+5 (stitched 100M),0-50M,12518400,489.0,410588.2265625,405522.1536458333
MAPPO strict 1+5 (stitched 100M),0-50M,12569600,491.0,405174.73828125,407945.8138020833
MAPPO strict 1+5 (stitched 100M),0-50M,12620800,493.0,408074.4765625,408383.6809895833
MAPPO strict 1+5 (stitched 100M),0-50M,12672000,495.0,411901.828125,410548.0208333333
MAPPO strict 1+5 (stitched 100M),0-50M,12723200,497.0,411667.7578125,412178.8346354167
MAPPO strict 1+5 (stitched 100M),0-50M,12774400,499.0,412966.91796875,412069.86328125
MAPPO strict 1+5 (stitched 100M),0-50M,12825600,501.0,411574.9140625,411187.2083333333
MAPPO strict 1+5 (stitched 100M),0-50M,12876800,503.0,409019.79296875,409494.5481770833
MAPPO strict 1+5 (stitched 100M),0-50M,12928000,505.0,407888.9375,408988.4114583333
MAPPO strict 1+5 (stitched 100M),0-50M,12979200,507.0,410056.50390625,409268.4140625
MAPPO strict 1+5 (stitched 100M),0-50M,13030400,509.0,409859.80078125,410306.84765625
MAPPO strict 1+5 (stitched 100M),0-50M,13081600,511.0,411004.23828125,411613.0065104167
MAPPO strict 1+5 (stitched 100M),0-50M,13132800,513.0,413974.98046875,412583.2317708333
MAPPO strict 1+5 (stitched 100M),0-50M,13184000,515.0,412770.4765625,413056.3359375
MAPPO strict 1+5 (stitched 100M),0-50M,13235200,517.0,412423.55078125,412668.4544270833
MAPPO strict 1+5 (stitched 100M),0-50M,13286400,519.0,412811.3359375,412227.1666666667
MAPPO strict 1+5 (stitched 100M),0-50M,13337600,521.0,411446.61328125,413015.6419270833
MAPPO strict 1+5 (stitched 100M),0-50M,13388800,523.0,414788.9765625,414072.98046875
MAPPO strict 1+5 (stitched 100M),0-50M,13440000,525.0,415983.3515625,415730.0989583333
MAPPO strict 1+5 (stitched 100M),0-50M,13491200,527.0,416417.96875,417430.9921875
MAPPO strict 1+5 (stitched 100M),0-50M,13542400,529.0,419891.65625,417927.3515625
MAPPO strict 1+5 (stitched 100M),0-50M,13593600,531.0,417472.4296875,416152.2565104167
MAPPO strict 1+5 (stitched 100M),0-50M,13644800,533.0,411092.68359375,413972.7838541667
MAPPO strict 1+5 (stitched 100M),0-50M,13696000,535.0,413353.23828125,412705.6588541667
MAPPO strict 1+5 (stitched 100M),0-50M,13747200,537.0,413671.0546875,413835.2734375
MAPPO strict 1+5 (stitched 100M),0-50M,13798400,539.0,414481.52734375,415698.9309895833
MAPPO strict 1+5 (stitched 100M),0-50M,13849600,541.0,418944.2109375,419095.6940104167
MAPPO strict 1+5 (stitched 100M),0-50M,13900800,543.0,423861.34375,422310.53125
MAPPO strict 1+5 (stitched 100M),0-50M,13952000,545.0,424126.0390625,422390.4986979167
MAPPO strict 1+5 (stitched 100M),0-50M,14003200,547.0,419184.11328125,420503.1666666667
MAPPO strict 1+5 (stitched 100M),0-50M,14054400,549.0,418199.34765625,417331.1354166667
MAPPO strict 1+5 (stitched 100M),0-50M,14105600,551.0,414609.9453125,417113.3828125
MAPPO strict 1+5 (stitched 100M),0-50M,14156800,553.0,418530.85546875,416095.6380208333
MAPPO strict 1+5 (stitched 100M),0-50M,14208000,555.0,415146.11328125,418242.9518229167
MAPPO strict 1+5 (stitched 100M),0-50M,14259200,557.0,421051.88671875,420195.2734375
MAPPO strict 1+5 (stitched 100M),0-50M,14310400,559.0,424387.8203125,422332.6809895833
MAPPO strict 1+5 (stitched 100M),0-50M,14361600,561.0,421558.3359375,422230.1588541667
MAPPO strict 1+5 (stitched 100M),0-50M,14412800,563.0,420744.3203125,421829.0234375
MAPPO strict 1+5 (stitched 100M),0-50M,14464000,565.0,423184.4140625,421703.703125
MAPPO strict 1+5 (stitched 100M),0-50M,14515200,567.0,421182.375,422710.75
MAPPO strict 1+5 (stitched 100M),0-50M,14566400,569.0,423765.4609375,422763.1302083333
MAPPO strict 1+5 (stitched 100M),0-50M,14617600,571.0,423341.5546875,423888.34375
MAPPO strict 1+5 (stitched 100M),0-50M,14668800,573.0,424558.015625,423766.2317708333
MAPPO strict 1+5 (stitched 100M),0-50M,14720000,575.0,423399.125,424275.7421875
MAPPO strict 1+5 (stitched 100M),0-50M,14771200,577.0,424870.0859375,424058.3880208333
MAPPO strict 1+5 (stitched 100M),0-50M,14822400,579.0,423905.953125,423912.3697916667
MAPPO strict 1+5 (stitched 100M),0-50M,14873600,581.0,422961.0703125,422886.5481770833
MAPPO strict 1+5 (stitched 100M),0-50M,14924800,583.0,421792.62109375,422364.3294270833
MAPPO strict 1+5 (stitched 100M),0-50M,14976000,585.0,422339.296875,421789.3958333333
MAPPO strict 1+5 (stitched 100M),0-50M,15027200,587.0,421236.26953125,421847.28515625
MAPPO strict 1+5 (stitched 100M),0-50M,15078400,589.0,421966.2890625,420159.46484375
MAPPO strict 1+5 (stitched 100M),0-50M,15129600,591.0,417275.8359375,419973.0729166667
MAPPO strict 1+5 (stitched 100M),0-50M,15180800,593.0,420677.09375,421076.9140625
MAPPO strict 1+5 (stitched 100M),0-50M,15232000,595.0,425277.8125,422907.0026041667
MAPPO strict 1+5 (stitched 100M),0-50M,15283200,597.0,422766.1015625,424540.2395833333
MAPPO strict 1+5 (stitched 100M),0-50M,15334400,599.0,425576.8046875,423545.84375
MAPPO strict 1+5 (stitched 100M),0-50M,15385600,601.0,422294.625,423219.1705729167
MAPPO strict 1+5 (stitched 100M),0-50M,15436800,603.0,421786.08203125,422475.6940104167
MAPPO strict 1+5 (stitched 100M),0-50M,15488000,605.0,423346.375,422976.7799479167
MAPPO strict 1+5 (stitched 100M),0-50M,15539200,607.0,423797.8828125,421466.34765625
MAPPO strict 1+5 (stitched 100M),0-50M,15590400,609.0,417254.78515625,419977.6497395833
MAPPO strict 1+5 (stitched 100M),0-50M,15641600,611.0,418880.28125,417711.6510416667
MAPPO strict 1+5 (stitched 100M),0-50M,15692800,613.0,416999.88671875,417680.2434895833
MAPPO strict 1+5 (stitched 100M),0-50M,15744000,615.0,417160.5625,418105.7252604167
MAPPO strict 1+5 (stitched 100M),0-50M,15795200,617.0,420156.7265625,419475.6796875
MAPPO strict 1+5 (stitched 100M),0-50M,15846400,619.0,421109.75,421515.3854166667
MAPPO strict 1+5 (stitched 100M),0-50M,15897600,621.0,423279.6796875,423252.0338541667
MAPPO strict 1+5 (stitched 100M),0-50M,15948800,623.0,425366.671875,422634.5833333333
MAPPO strict 1+5 (stitched 100M),0-50M,16000000,625.0,419257.3984375,423016.3880208333
MAPPO strict 1+5 (stitched 100M),0-50M,16051200,627.0,424425.09375,423674.0364583333
MAPPO strict 1+5 (stitched 100M),0-50M,16102400,629.0,427339.6171875,426435.6901041667
MAPPO strict 1+5 (stitched 100M),0-50M,16153600,631.0,427542.359375,424611.40625
MAPPO strict 1+5 (stitched 100M),0-50M,16204800,633.0,418952.2421875,424594.6276041667
MAPPO strict 1+5 (stitched 100M),0-50M,16256000,635.0,427289.28125,425326.1015625
MAPPO strict 1+5 (stitched 100M),0-50M,16307200,637.0,429736.78125,428193.2734375
MAPPO strict 1+5 (stitched 100M),0-50M,16358400,639.0,427553.7578125,428367.4192708333
MAPPO strict 1+5 (stitched 100M),0-50M,16409600,641.0,427811.71875,427231.2864583333
MAPPO strict 1+5 (stitched 100M),0-50M,16460800,643.0,426328.3828125,427723.2473958333
MAPPO strict 1+5 (stitched 100M),0-50M,16512000,645.0,429029.640625,426381.2786458333
MAPPO strict 1+5 (stitched 100M),0-50M,16563200,647.0,423785.8125,425922.7604166667
MAPPO strict 1+5 (stitched 100M),0-50M,16614400,649.0,424952.828125,425730.1770833333
MAPPO strict 1+5 (stitched 100M),0-50M,16665600,651.0,428451.890625,425670.8489583333
MAPPO strict 1+5 (stitched 100M),0-50M,16716800,653.0,423607.828125,428337.1848958333
MAPPO strict 1+5 (stitched 100M),0-50M,16768000,655.0,432951.8359375,429671.9895833333
MAPPO strict 1+5 (stitched 100M),0-50M,16819200,657.0,432456.3046875,433655.7760416667
MAPPO strict 1+5 (stitched 100M),0-50M,16870400,659.0,435559.1875,433412.7213541667
MAPPO strict 1+5 (stitched 100M),0-50M,16921600,661.0,432222.671875,433661.65625
MAPPO strict 1+5 (stitched 100M),0-50M,16972800,663.0,433203.109375,432325.1171875
MAPPO strict 1+5 (stitched 100M),0-50M,17024000,665.0,431549.5703125,431809.4010416667
MAPPO strict 1+5 (stitched 100M),0-50M,17075200,667.0,430675.5234375,431676.2864583333
MAPPO strict 1+5 (stitched 100M),0-50M,17126400,669.0,432803.765625,430732.0494791667
MAPPO strict 1+5 (stitched 100M),0-50M,17177600,671.0,428716.859375,430903.1276041667
MAPPO strict 1+5 (stitched 100M),0-50M,17228800,673.0,431188.7578125,432055.0833333333
MAPPO strict 1+5 (stitched 100M),0-50M,17280000,675.0,436259.6328125,433781.4947916667
MAPPO strict 1+5 (stitched 100M),0-50M,17331200,677.0,433896.09375,435318.3151041667
MAPPO strict 1+5 (stitched 100M),0-50M,17382400,679.0,435799.21875,436126.5390625
MAPPO strict 1+5 (stitched 100M),0-50M,17433600,681.0,438684.3046875,437758.4869791667
MAPPO strict 1+5 (stitched 100M),0-50M,17484800,683.0,438791.9375,438301.2916666667
MAPPO strict 1+5 (stitched 100M),0-50M,17536000,685.0,437427.6328125,438408.3854166667
MAPPO strict 1+5 (stitched 100M),0-50M,17587200,687.0,439005.5859375,438757.5390625
MAPPO strict 1+5 (stitched 100M),0-50M,17638400,689.0,439839.3984375,439551.4348958333
MAPPO strict 1+5 (stitched 100M),0-50M,17689600,691.0,439809.3203125,437013.3151041667
MAPPO strict 1+5 (stitched 100M),0-50M,17740800,693.0,431391.2265625,434705.1380208333
MAPPO strict 1+5 (stitched 100M),0-50M,17792000,695.0,432914.8671875,433435.4765625
MAPPO strict 1+5 (stitched 100M),0-50M,17843200,697.0,436000.3359375,433863.3958333333
MAPPO strict 1+5 (stitched 100M),0-50M,17894400,699.0,432674.984375,433625.7447916667
MAPPO strict 1+5 (stitched 100M),0-50M,17945600,701.0,432201.9140625,430778.6458333333
MAPPO strict 1+5 (stitched 100M),0-50M,17996800,703.0,427459.0390625,428891.9895833333
MAPPO strict 1+5 (stitched 100M),0-50M,18048000,705.0,427015.015625,426436.7005208333
MAPPO strict 1+5 (stitched 100M),0-50M,18099200,707.0,424836.046875,426727.8255208333
MAPPO strict 1+5 (stitched 100M),0-50M,18150400,709.0,428332.4140625,427504.0989583333
MAPPO strict 1+5 (stitched 100M),0-50M,18201600,711.0,429343.8359375,430763.296875
MAPPO strict 1+5 (stitched 100M),0-50M,18252800,713.0,434613.640625,432176.0442708333
MAPPO strict 1+5 (stitched 100M),0-50M,18304000,715.0,432570.65625,432235.4479166667
MAPPO strict 1+5 (stitched 100M),0-50M,18355200,717.0,429522.046875,432988.4010416667
MAPPO strict 1+5 (stitched 100M),0-50M,18406400,719.0,436872.5,433696.0963541667
MAPPO strict 1+5 (stitched 100M),0-50M,18457600,721.0,434693.7421875,436778.0911458333
MAPPO strict 1+5 (stitched 100M),0-50M,18508800,723.0,438768.03125,437779.6119791667
MAPPO strict 1+5 (stitched 100M),0-50M,18560000,725.0,439877.0625,438544.6432291667
MAPPO strict 1+5 (stitched 100M),0-50M,18611200,727.0,436988.8359375,437530.0234375
MAPPO strict 1+5 (stitched 100M),0-50M,18662400,729.0,435724.171875,436718.1119791667
MAPPO strict 1+5 (stitched 100M),0-50M,18713600,731.0,437441.328125,437650.8671875
MAPPO strict 1+5 (stitched 100M),0-50M,18764800,733.0,439787.1015625,439521.1796875
MAPPO strict 1+5 (stitched 100M),0-50M,18816000,735.0,441335.109375,440548.9609375
MAPPO strict 1+5 (stitched 100M),0-50M,18867200,737.0,440524.671875,439189.75
MAPPO strict 1+5 (stitched 100M),0-50M,18918400,739.0,435709.46875,436510.6510416667
MAPPO strict 1+5 (stitched 100M),0-50M,18969600,741.0,433297.8125,434827.296875
MAPPO strict 1+5 (stitched 100M),0-50M,19020800,743.0,435474.609375,436193.8046875
MAPPO strict 1+5 (stitched 100M),0-50M,19072000,745.0,439808.9921875,437781.3359375
MAPPO strict 1+5 (stitched 100M),0-50M,19123200,747.0,438060.40625,440170.8255208333
MAPPO strict 1+5 (stitched 100M),0-50M,19174400,749.0,442643.078125,439828.8385416667
MAPPO strict 1+5 (stitched 100M),0-50M,19225600,751.0,438783.03125,440241.6640625
MAPPO strict 1+5 (stitched 100M),0-50M,19276800,753.0,439298.8828125,439770.8385416667
MAPPO strict 1+5 (stitched 100M),0-50M,19328000,755.0,441230.6015625,440691.1901041667
MAPPO strict 1+5 (stitched 100M),0-50M,19379200,757.0,441544.0859375,440026.2552083333
MAPPO strict 1+5 (stitched 100M),0-50M,19430400,759.0,437304.078125,439062.984375
MAPPO strict 1+5 (stitched 100M),0-50M,19481600,761.0,438340.7890625,439089.6901041667
MAPPO strict 1+5 (stitched 100M),0-50M,19532800,763.0,441624.203125,439402.8854166667
MAPPO strict 1+5 (stitched 100M),0-50M,19584000,765.0,438243.6640625,439661.7369791667
MAPPO strict 1+5 (stitched 100M),0-50M,19635200,767.0,439117.34375,440275.7265625
MAPPO strict 1+5 (stitched 100M),0-50M,19686400,769.0,443466.171875,442046.2760416667
MAPPO strict 1+5 (stitched 100M),0-50M,19737600,771.0,443555.3125,442394.4427083333
MAPPO strict 1+5 (stitched 100M),0-50M,19788800,773.0,440161.84375,441226.2942708333
MAPPO strict 1+5 (stitched 100M),0-50M,19840000,775.0,439961.7265625,440359.7109375
MAPPO strict 1+5 (stitched 100M),0-50M,19891200,777.0,440955.5625,439219.5729166667
MAPPO strict 1+5 (stitched 100M),0-50M,19942400,779.0,436741.4296875,438901.0625
MAPPO strict 1+5 (stitched 100M),0-50M,19993600,781.0,439006.1953125,438955.0416666667
MAPPO strict 1+5 (stitched 100M),0-50M,20044800,783.0,441117.5,439159.0989583333
MAPPO strict 1+5 (stitched 100M),0-50M,20096000,785.0,437353.6015625,439831.0286458333
MAPPO strict 1+5 (stitched 100M),0-50M,20147200,787.0,441021.984375,437799.9244791667
MAPPO strict 1+5 (stitched 100M),0-50M,20198400,789.0,435024.1875,437581.7317708333
MAPPO strict 1+5 (stitched 100M),0-50M,20249600,791.0,436699.0234375,435851.3567708333
MAPPO strict 1+5 (stitched 100M),0-50M,20300800,793.0,435830.859375,437416.5546875
MAPPO strict 1+5 (stitched 100M),0-50M,20352000,795.0,439719.78125,438056.8697916667
MAPPO strict 1+5 (stitched 100M),0-50M,20403200,797.0,438619.96875,440130.0078125
MAPPO strict 1+5 (stitched 100M),0-50M,20454400,799.0,442050.2734375,441726.203125
MAPPO strict 1+5 (stitched 100M),0-50M,20505600,801.0,444508.3671875,443964.9947916667
MAPPO strict 1+5 (stitched 100M),0-50M,20556800,803.0,445336.34375,446785.1536458333
MAPPO strict 1+5 (stitched 100M),0-50M,20608000,805.0,450510.75,446549.5598958333
MAPPO strict 1+5 (stitched 100M),0-50M,20659200,807.0,443801.5859375,446969.4140625
MAPPO strict 1+5 (stitched 100M),0-50M,20710400,809.0,446595.90625,444989.1953125
MAPPO strict 1+5 (stitched 100M),0-50M,20761600,811.0,444570.09375,446576.6796875
MAPPO strict 1+5 (stitched 100M),0-50M,20812800,813.0,448564.0390625,447966.0078125
MAPPO strict 1+5 (stitched 100M),0-50M,20864000,815.0,450763.890625,449100.9427083333
MAPPO strict 1+5 (stitched 100M),0-50M,20915200,817.0,447974.8984375,448966.4661458333
MAPPO strict 1+5 (stitched 100M),0-50M,20966400,819.0,448160.609375,447120.2604166667
MAPPO strict 1+5 (stitched 100M),0-50M,21017600,821.0,445225.2734375,446680.4505208333
MAPPO strict 1+5 (stitched 100M),0-50M,21068800,823.0,446655.46875,445130.8359375
MAPPO strict 1+5 (stitched 100M),0-50M,21120000,825.0,443511.765625,444249.4557291667
MAPPO strict 1+5 (stitched 100M),0-50M,21171200,827.0,442581.1328125,442125.4270833333
MAPPO strict 1+5 (stitched 100M),0-50M,21222400,829.0,440283.3828125,441364.9401041667
MAPPO strict 1+5 (stitched 100M),0-50M,21273600,831.0,441230.3046875,440864.2421875
MAPPO strict 1+5 (stitched 100M),0-50M,21324800,833.0,441079.0390625,441742.2239583333
MAPPO strict 1+5 (stitched 100M),0-50M,21376000,835.0,442917.328125,441117.1458333333
MAPPO strict 1+5 (stitched 100M),0-50M,21427200,837.0,439355.0703125,440558.1822916667
MAPPO strict 1+5 (stitched 100M),0-50M,21478400,839.0,439402.1484375,440787.8463541667
MAPPO strict 1+5 (stitched 100M),0-50M,21529600,841.0,443606.3203125,441893.2083333333
MAPPO strict 1+5 (stitched 100M),0-50M,21580800,843.0,442671.15625,443970.1484375
MAPPO strict 1+5 (stitched 100M),0-50M,21632000,845.0,445632.96875,445401.1979166667
MAPPO strict 1+5 (stitched 100M),0-50M,21683200,847.0,447899.46875,447326.1614583333
MAPPO strict 1+5 (stitched 100M),0-50M,21734400,849.0,448446.046875,449405.3203125
MAPPO strict 1+5 (stitched 100M),0-50M,21785600,851.0,451870.4453125,450085.234375
MAPPO strict 1+5 (stitched 100M),0-50M,21836800,853.0,449939.2109375,450377.359375
MAPPO strict 1+5 (stitched 100M),0-50M,21888000,855.0,449322.421875,448503.5755208333
MAPPO strict 1+5 (stitched 100M),0-50M,21939200,857.0,446249.09375,446225.8203125
MAPPO strict 1+5 (stitched 100M),0-50M,21990400,859.0,443105.9453125,445607.21875
MAPPO strict 1+5 (stitched 100M),0-50M,22041600,861.0,447466.6171875,445499.4088541667
MAPPO strict 1+5 (stitched 100M),0-50M,22092800,863.0,445925.6640625,446145.9557291667
MAPPO strict 1+5 (stitched 100M),0-50M,22144000,865.0,445045.5859375,444599.0885416667
MAPPO strict 1+5 (stitched 100M),0-50M,22195200,867.0,442826.015625,445234.2526041667
MAPPO strict 1+5 (stitched 100M),0-50M,22246400,869.0,447831.15625,445167.6119791667
MAPPO strict 1+5 (stitched 100M),0-50M,22297600,871.0,444845.6640625,446491.1354166667
MAPPO strict 1+5 (stitched 100M),0-50M,22348800,873.0,446796.5859375,446634.9348958333
MAPPO strict 1+5 (stitched 100M),0-50M,22400000,875.0,448262.5546875,447304.6692708333
MAPPO strict 1+5 (stitched 100M),0-50M,22451200,877.0,446854.8671875,447671.7708333333
MAPPO strict 1+5 (stitched 100M),0-50M,22502400,879.0,447897.890625,448633.0364583333
MAPPO strict 1+5 (stitched 100M),0-50M,22553600,881.0,451146.3515625,449823.7291666667
MAPPO strict 1+5 (stitched 100M),0-50M,22604800,883.0,450426.9453125,451535.5208333333
MAPPO strict 1+5 (stitched 100M),0-50M,22656000,885.0,453033.265625,451355.0390625
MAPPO strict 1+5 (stitched 100M),0-50M,22707200,887.0,450604.90625,451053.515625
MAPPO strict 1+5 (stitched 100M),0-50M,22758400,889.0,449522.375,449980.2630208333
MAPPO strict 1+5 (stitched 100M),0-50M,22809600,891.0,449813.5078125,449179.3098958333
MAPPO strict 1+5 (stitched 100M),0-50M,22860800,893.0,448202.046875,447834.234375
MAPPO strict 1+5 (stitched 100M),0-50M,22912000,895.0,445487.1484375,448264.1536458333
MAPPO strict 1+5 (stitched 100M),0-50M,22963200,897.0,451103.265625,448421.3203125
MAPPO strict 1+5 (stitched 100M),0-50M,23014400,899.0,448673.546875,448901.3723958333
MAPPO strict 1+5 (stitched 100M),0-50M,23065600,901.0,446927.3046875,447645.8671875
MAPPO strict 1+5 (stitched 100M),0-50M,23116800,903.0,447336.75,447890.578125
MAPPO strict 1+5 (stitched 100M),0-50M,23168000,905.0,449407.6796875,448958.7161458333
MAPPO strict 1+5 (stitched 100M),0-50M,23219200,907.0,450131.71875,449592.125
MAPPO strict 1+5 (stitched 100M),0-50M,23270400,909.0,449236.9765625,449900.5598958333
MAPPO strict 1+5 (stitched 100M),0-50M,23321600,911.0,450332.984375,449749.6432291667
MAPPO strict 1+5 (stitched 100M),0-50M,23372800,913.0,449678.96875,449093.1640625
MAPPO strict 1+5 (stitched 100M),0-50M,23424000,915.0,447267.5390625,449216.5234375
MAPPO strict 1+5 (stitched 100M),0-50M,23475200,917.0,450703.0625,450708.5885416667
MAPPO strict 1+5 (stitched 100M),0-50M,23526400,919.0,454155.1640625,453226.9375
MAPPO strict 1+5 (stitched 100M),0-50M,23577600,921.0,454822.5859375,454530.6848958333
MAPPO strict 1+5 (stitched 100M),0-50M,23628800,923.0,454614.3046875,454196.5286458333
MAPPO strict 1+5 (stitched 100M),0-50M,23680000,925.0,453152.6953125,453663.9479166667
MAPPO strict 1+5 (stitched 100M),0-50M,23731200,927.0,453224.84375,453216.28125
MAPPO strict 1+5 (stitched 100M),0-50M,23782400,929.0,453271.3046875,453751.7239583333
MAPPO strict 1+5 (stitched 100M),0-50M,23833600,931.0,454759.0234375,453528.2317708333
MAPPO strict 1+5 (stitched 100M),0-50M,23884800,933.0,452554.3671875,452845.1015625
MAPPO strict 1+5 (stitched 100M),0-50M,23936000,935.0,451221.9140625,451291.65625
MAPPO strict 1+5 (stitched 100M),0-50M,23987200,937.0,450098.6875,451740.7552083333
MAPPO strict 1+5 (stitched 100M),0-50M,24038400,939.0,453901.6640625,452367.8567708333
MAPPO strict 1+5 (stitched 100M),0-50M,24089600,941.0,453103.21875,453458.2916666667
MAPPO strict 1+5 (stitched 100M),0-50M,24140800,943.0,453369.9921875,452427.9921875
MAPPO strict 1+5 (stitched 100M),0-50M,24192000,945.0,450810.765625,450897.9427083333
MAPPO strict 1+5 (stitched 100M),0-50M,24243200,947.0,448513.0703125,449616.5703125
MAPPO strict 1+5 (stitched 100M),0-50M,24294400,949.0,449525.875,449127.9609375
MAPPO strict 1+5 (stitched 100M),0-50M,24345600,951.0,449344.9375,449067.5989583333
MAPPO strict 1+5 (stitched 100M),0-50M,24396800,953.0,448331.984375,448433.7994791667
MAPPO strict 1+5 (stitched 100M),0-50M,24448000,955.0,447624.4765625,448545.8776041667
MAPPO strict 1+5 (stitched 100M),0-50M,24499200,957.0,449681.171875,449413.1536458333
MAPPO strict 1+5 (stitched 100M),0-50M,24550400,959.0,450933.8125,450134.0885416667
MAPPO strict 1+5 (stitched 100M),0-50M,24601600,961.0,449787.28125,449821.9114583333
MAPPO strict 1+5 (stitched 100M),0-50M,24652800,963.0,448744.640625,450210.4296875
MAPPO strict 1+5 (stitched 100M),0-50M,24704000,965.0,452099.3671875,450810.6302083333
MAPPO strict 1+5 (stitched 100M),0-50M,24755200,967.0,451587.8828125,451875.9114583333
MAPPO strict 1+5 (stitched 100M),0-50M,24806400,969.0,451940.484375,451287.921875
MAPPO strict 1+5 (stitched 100M),0-50M,24857600,971.0,450335.3984375,450879.265625
MAPPO strict 1+5 (stitched 100M),0-50M,24908800,973.0,450361.9140625,450069.0416666667
MAPPO strict 1+5 (stitched 100M),0-50M,24960000,975.0,449509.8125,450696.6015625
MAPPO strict 1+5 (stitched 100M),0-50M,25011200,977.0,452218.078125,450601.0416666667
MAPPO strict 1+5 (stitched 100M),0-50M,25062400,979.0,450075.234375,450571.0572916667
MAPPO strict 1+5 (stitched 100M),0-50M,25113600,981.0,449419.859375,448970.4713541667
MAPPO strict 1+5 (stitched 100M),0-50M,25164800,983.0,447416.3203125,448858.3072916667
MAPPO strict 1+5 (stitched 100M),0-50M,25216000,985.0,449738.7421875,449294.515625
MAPPO strict 1+5 (stitched 100M),0-50M,25267200,987.0,450728.484375,449523.2578125
MAPPO strict 1+5 (stitched 100M),0-50M,25318400,989.0,448102.546875,449927.5911458333
MAPPO strict 1+5 (stitched 100M),0-50M,25369600,991.0,450951.7421875,450097.6510416667
MAPPO strict 1+5 (stitched 100M),0-50M,25420800,993.0,451238.6640625,450906.34375
MAPPO strict 1+5 (stitched 100M),0-50M,25472000,995.0,450528.625,450367.7395833333
MAPPO strict 1+5 (stitched 100M),0-50M,25523200,997.0,449335.9296875,450567.0598958333
MAPPO strict 1+5 (stitched 100M),0-50M,25574400,999.0,451836.625,452010.1041666667
MAPPO strict 1+5 (stitched 100M),0-50M,25625600,1001.0,454857.7578125,453731.4453125
MAPPO strict 1+5 (stitched 100M),0-50M,25676800,1003.0,454499.953125,453823.1171875
MAPPO strict 1+5 (stitched 100M),0-50M,25728000,1005.0,452111.640625,452756.7890625
MAPPO strict 1+5 (stitched 100M),0-50M,25779200,1007.0,451658.7734375,451982.375
MAPPO strict 1+5 (stitched 100M),0-50M,25830400,1009.0,452176.7109375,450857.2604166667
MAPPO strict 1+5 (stitched 100M),0-50M,25881600,1011.0,448736.296875,449863.0755208333
MAPPO strict 1+5 (stitched 100M),0-50M,25932800,1013.0,448676.21875,449170.1953125
MAPPO strict 1+5 (stitched 100M),0-50M,25984000,1015.0,450098.0703125,448865.7708333333
MAPPO strict 1+5 (stitched 100M),0-50M,26035200,1017.0,447823.0234375,448886.9296875
MAPPO strict 1+5 (stitched 100M),0-50M,26086400,1019.0,448739.6953125,449414.6770833333
MAPPO strict 1+5 (stitched 100M),0-50M,26137600,1021.0,451681.3125,450334.921875
MAPPO strict 1+5 (stitched 100M),0-50M,26188800,1023.0,450583.7578125,451751.3359375
MAPPO strict 1+5 (stitched 100M),0-50M,26240000,1025.0,452988.9375,451487.9192708333
MAPPO strict 1+5 (stitched 100M),0-50M,26291200,1027.0,450891.0625,452427.4947916667
MAPPO strict 1+5 (stitched 100M),0-50M,26342400,1029.0,453402.484375,453450.9895833333
MAPPO strict 1+5 (stitched 100M),0-50M,26393600,1031.0,456059.421875,454702.75
MAPPO strict 1+5 (stitched 100M),0-50M,26444800,1033.0,454646.34375,456058.4609375
MAPPO strict 1+5 (stitched 100M),0-50M,26496000,1035.0,457469.6171875,456145.4140625
MAPPO strict 1+5 (stitched 100M),0-50M,26547200,1037.0,456320.28125,456389.1692708333
MAPPO strict 1+5 (stitched 100M),0-50M,26598400,1039.0,455377.609375,456800.1692708333
MAPPO strict 1+5 (stitched 100M),0-50M,26649600,1041.0,458702.6171875,457207.6328125
MAPPO strict 1+5 (stitched 100M),0-50M,26700800,1043.0,457542.671875,457695.0208333333
MAPPO strict 1+5 (stitched 100M),0-50M,26752000,1045.0,456839.7734375,456862.2161458333
MAPPO strict 1+5 (stitched 100M),0-50M,26803200,1047.0,456204.203125,456324.5338541667
MAPPO strict 1+5 (stitched 100M),0-50M,26854400,1049.0,455929.625,454970.1380208333
MAPPO strict 1+5 (stitched 100M),0-50M,26905600,1051.0,452776.5859375,452929.5598958333
MAPPO strict 1+5 (stitched 100M),0-50M,26956800,1053.0,450082.46875,452611.7005208333
MAPPO strict 1+5 (stitched 100M),0-50M,27008000,1055.0,454976.046875,453137.3828125
MAPPO strict 1+5 (stitched 100M),0-50M,27059200,1057.0,454353.6328125,454120.703125
MAPPO strict 1+5 (stitched 100M),0-50M,27110400,1059.0,453032.4296875,453454.0026041667
MAPPO strict 1+5 (stitched 100M),0-50M,27161600,1061.0,452975.9453125,453851.1744791667
MAPPO strict 1+5 (stitched 100M),0-50M,27212800,1063.0,455545.1484375,453251.40625
MAPPO strict 1+5 (stitched 100M),0-50M,27264000,1065.0,451233.125,454312.5677083333
MAPPO strict 1+5 (stitched 100M),0-50M,27315200,1067.0,456159.4296875,454121.2526041667
MAPPO strict 1+5 (stitched 100M),0-50M,27366400,1069.0,454971.203125,455120.0104166667
MAPPO strict 1+5 (stitched 100M),0-50M,27417600,1071.0,454229.3984375,454495.921875
MAPPO strict 1+5 (stitched 100M),0-50M,27468800,1073.0,454287.1640625,454367.3567708333
MAPPO strict 1+5 (stitched 100M),0-50M,27520000,1075.0,454585.5078125,455981.4765625
MAPPO strict 1+5 (stitched 100M),0-50M,27571200,1077.0,459071.7578125,457044.15625
MAPPO strict 1+5 (stitched 100M),0-50M,27622400,1079.0,457475.203125,456906.0677083333
MAPPO strict 1+5 (stitched 100M),0-50M,27673600,1081.0,454171.2421875,453920.4947916667
MAPPO strict 1+5 (stitched 100M),0-50M,27724800,1083.0,450115.0390625,453071.53125
MAPPO strict 1+5 (stitched 100M),0-50M,27776000,1085.0,454928.3125,453678.5755208333
MAPPO strict 1+5 (stitched 100M),0-50M,27827200,1087.0,455992.375,456073.1979166667
MAPPO strict 1+5 (stitched 100M),0-50M,27878400,1089.0,457298.90625,456187.703125
MAPPO strict 1+5 (stitched 100M),0-50M,27929600,1091.0,455271.828125,455769.046875
MAPPO strict 1+5 (stitched 100M),0-50M,27980800,1093.0,454736.40625,454189.296875
MAPPO strict 1+5 (stitched 100M),0-50M,28032000,1095.0,452559.65625,453911.4140625
MAPPO strict 1+5 (stitched 100M),0-50M,28083200,1097.0,454438.1796875,453395.1276041667
MAPPO strict 1+5 (stitched 100M),0-50M,28134400,1099.0,453187.546875,454087.7708333333
MAPPO strict 1+5 (stitched 100M),0-50M,28185600,1101.0,454637.5859375,453880.3697916667
MAPPO strict 1+5 (stitched 100M),0-50M,28236800,1103.0,453815.9765625,454345.4296875
MAPPO strict 1+5 (stitched 100M),0-50M,28288000,1105.0,454582.7265625,452496.1822916667
MAPPO strict 1+5 (stitched 100M),0-50M,28339200,1107.0,449089.84375,452000.4375
MAPPO strict 1+5 (stitched 100M),0-50M,28390400,1109.0,452328.7421875,452008.2057291667
MAPPO strict 1+5 (stitched 100M),0-50M,28441600,1111.0,454606.03125,454294.0078125
MAPPO strict 1+5 (stitched 100M),0-50M,28492800,1113.0,455947.25,454402.265625
MAPPO strict 1+5 (stitched 100M),0-50M,28544000,1115.0,452653.515625,453736.40625
MAPPO strict 1+5 (stitched 100M),0-50M,28595200,1117.0,452608.453125,450259.96875
MAPPO strict 1+5 (stitched 100M),0-50M,28646400,1119.0,445517.9375,448556.125
MAPPO strict 1+5 (stitched 100M),0-50M,28697600,1121.0,447541.984375,446494.453125
MAPPO strict 1+5 (stitched 100M),0-50M,28748800,1123.0,446423.4375,446876.6380208333
MAPPO strict 1+5 (stitched 100M),0-50M,28800000,1125.0,446664.4921875,445748.7526041667
MAPPO strict 1+5 (stitched 100M),0-50M,28851200,1127.0,444158.328125,445940.6822916667
MAPPO strict 1+5 (stitched 100M),0-50M,28902400,1129.0,446999.2265625,447159.2291666667
MAPPO strict 1+5 (stitched 100M),0-50M,28953600,1131.0,450320.1328125,449899.7083333333
MAPPO strict 1+5 (stitched 100M),0-50M,29004800,1133.0,452379.765625,451304.625
MAPPO strict 1+5 (stitched 100M),0-50M,29056000,1135.0,451213.9765625,451540.8203125
MAPPO strict 1+5 (stitched 100M),0-50M,29107200,1137.0,451028.71875,452057.5625
MAPPO strict 1+5 (stitched 100M),0-50M,29158400,1139.0,453929.9921875,452207.7916666667
MAPPO strict 1+5 (stitched 100M),0-50M,29209600,1141.0,451664.6640625,453098.1197916667
MAPPO strict 1+5 (stitched 100M),0-50M,29260800,1143.0,453699.703125,452020.2682291667
MAPPO strict 1+5 (stitched 100M),0-50M,29312000,1145.0,450696.4375,451802.4244791667
MAPPO strict 1+5 (stitched 100M),0-50M,29363200,1147.0,451011.1328125,451701.09375
MAPPO strict 1+5 (stitched 100M),0-50M,29414400,1149.0,453395.7109375,451771.4713541667
MAPPO strict 1+5 (stitched 100M),0-50M,29465600,1151.0,450907.5703125,452010.9505208333
MAPPO strict 1+5 (stitched 100M),0-50M,29516800,1153.0,451729.5703125,451836.0911458333
MAPPO strict 1+5 (stitched 100M),0-50M,29568000,1155.0,452871.1328125,453347.6432291667
MAPPO strict 1+5 (stitched 100M),0-50M,29619200,1157.0,455442.2265625,454230.6432291667
MAPPO strict 1+5 (stitched 100M),0-50M,29670400,1159.0,454378.5703125,454241.4453125
MAPPO strict 1+5 (stitched 100M),0-50M,29721600,1161.0,452903.5390625,454004.0729166667
MAPPO strict 1+5 (stitched 100M),0-50M,29772800,1163.0,454730.109375,452406.40625
MAPPO strict 1+5 (stitched 100M),0-50M,29824000,1165.0,449585.5703125,453839.2890625
MAPPO strict 1+5 (stitched 100M),0-50M,29875200,1167.0,457202.1875,453474.5651041667
MAPPO strict 1+5 (stitched 100M),0-50M,29926400,1169.0,453635.9375,456102.7864583333
MAPPO strict 1+5 (stitched 100M),0-50M,29977600,1171.0,457470.234375,456009.609375
MAPPO strict 1+5 (stitched 100M),0-50M,30028800,1173.0,456922.65625,458006.3984375
MAPPO strict 1+5 (stitched 100M),0-50M,30080000,1175.0,459626.3046875,458487.7395833333
MAPPO strict 1+5 (stitched 100M),0-50M,30131200,1177.0,458914.2578125,459528.5755208333
MAPPO strict 1+5 (stitched 100M),0-50M,30182400,1179.0,460045.1640625,459524.1067708333
MAPPO strict 1+5 (stitched 100M),0-50M,30233600,1181.0,459612.8984375,459313.2994791667
MAPPO strict 1+5 (stitched 100M),0-50M,30284800,1183.0,458281.8359375,458135.0416666667
MAPPO strict 1+5 (stitched 100M),0-50M,30336000,1185.0,456510.390625,457109.7057291667
MAPPO strict 1+5 (stitched 100M),0-50M,30387200,1187.0,456536.890625,456624.53125
MAPPO strict 1+5 (stitched 100M),0-50M,30438400,1189.0,456826.3125,456700.2473958333
MAPPO strict 1+5 (stitched 100M),0-50M,30489600,1191.0,456737.5390625,456581.4427083333
MAPPO strict 1+5 (stitched 100M),0-50M,30540800,1193.0,456180.4765625,456629.9114583333
MAPPO strict 1+5 (stitched 100M),0-50M,30592000,1195.0,456971.71875,456332.7578125
MAPPO strict 1+5 (stitched 100M),0-50M,30643200,1197.0,455846.078125,455752.2916666667
MAPPO strict 1+5 (stitched 100M),0-50M,30694400,1199.0,454439.078125,455749.8411458333
MAPPO strict 1+5 (stitched 100M),0-50M,30745600,1201.0,456964.3671875,455798.1432291667
MAPPO strict 1+5 (stitched 100M),0-50M,30796800,1203.0,455990.984375,457714.1510416667
MAPPO strict 1+5 (stitched 100M),0-50M,30848000,1205.0,460187.1015625,457743.4427083333
MAPPO strict 1+5 (stitched 100M),0-50M,30899200,1207.0,457052.2421875,457883.4088541667
MAPPO strict 1+5 (stitched 100M),0-50M,30950400,1209.0,456410.8828125,458678.2057291667
MAPPO strict 1+5 (stitched 100M),0-50M,31001600,1211.0,462571.4921875,460040.1458333333
MAPPO strict 1+5 (stitched 100M),0-50M,31052800,1213.0,461138.0625,461974.6953125
MAPPO strict 1+5 (stitched 100M),0-50M,31104000,1215.0,462214.53125,462474.8854166667
MAPPO strict 1+5 (stitched 100M),0-50M,31155200,1217.0,464072.0625,463810.9869791667
MAPPO strict 1+5 (stitched 100M),0-50M,31206400,1219.0,465146.3671875,464938.828125
MAPPO strict 1+5 (stitched 100M),0-50M,31257600,1221.0,465598.0546875,465756.15625
MAPPO strict 1+5 (stitched 100M),0-50M,31308800,1223.0,466524.046875,464961.296875
MAPPO strict 1+5 (stitched 100M),0-50M,31360000,1225.0,462761.7890625,462769.9296875
MAPPO strict 1+5 (stitched 100M),0-50M,31411200,1227.0,459023.953125,459974.1328125
MAPPO strict 1+5 (stitched 100M),0-50M,31462400,1229.0,458136.65625,458731.59375
MAPPO strict 1+5 (stitched 100M),0-50M,31513600,1231.0,459034.171875,458358.7994791667
MAPPO strict 1+5 (stitched 100M),0-50M,31564800,1233.0,457905.5703125,458229.5572916667
MAPPO strict 1+5 (stitched 100M),0-50M,31616000,1235.0,457748.9296875,458438.3411458333
MAPPO strict 1+5 (stitched 100M),0-50M,31667200,1237.0,459660.5234375,459360.4401041667
MAPPO strict 1+5 (stitched 100M),0-50M,31718400,1239.0,460671.8671875,461489.515625
MAPPO strict 1+5 (stitched 100M),0-50M,31769600,1241.0,464136.15625,462109.2942708333
MAPPO strict 1+5 (stitched 100M),0-50M,31820800,1243.0,461519.859375,463370.7239583333
MAPPO strict 1+5 (stitched 100M),0-50M,31872000,1245.0,464456.15625,463136.6197916667
MAPPO strict 1+5 (stitched 100M),0-50M,31923200,1247.0,463433.84375,463303.4010416667
MAPPO strict 1+5 (stitched 100M),0-50M,31974400,1249.0,462020.203125,461683.7708333333
MAPPO strict 1+5 (stitched 100M),0-50M,32025600,1251.0,459597.265625,459258.3802083333
MAPPO strict 1+5 (stitched 100M),0-50M,32076800,1253.0,456157.671875,457013.4453125
MAPPO strict 1+5 (stitched 100M),0-50M,32128000,1255.0,455285.3984375,455524.4270833333
MAPPO strict 1+5 (stitched 100M),0-50M,32179200,1257.0,455130.2109375,455010.8203125
MAPPO strict 1+5 (stitched 100M),0-50M,32230400,1259.0,454616.8515625,454875.3151041667
MAPPO strict 1+5 (stitched 100M),0-50M,32281600,1261.0,454878.8828125,455471.3958333333
MAPPO strict 1+5 (stitched 100M),0-50M,32332800,1263.0,456918.453125,455983.4921875
MAPPO strict 1+5 (stitched 100M),0-50M,32384000,1265.0,456153.140625,455382.1901041667
MAPPO strict 1+5 (stitched 100M),0-50M,32435200,1267.0,453074.9765625,454440.9114583333
MAPPO strict 1+5 (stitched 100M),0-50M,32486400,1269.0,454094.6171875,453704.125
MAPPO strict 1+5 (stitched 100M),0-50M,32537600,1271.0,453942.78125,454388.6640625
MAPPO strict 1+5 (stitched 100M),0-50M,32588800,1273.0,455128.59375,453994.9661458333
MAPPO strict 1+5 (stitched 100M),0-50M,32640000,1275.0,452913.5234375,454098.3645833333
MAPPO strict 1+5 (stitched 100M),0-50M,32691200,1277.0,454252.9765625,453540.2760416667
MAPPO strict 1+5 (stitched 100M),0-50M,32742400,1279.0,453454.328125,454490.5651041667
MAPPO strict 1+5 (stitched 100M),0-50M,32793600,1281.0,455764.390625,455595.7317708333
MAPPO strict 1+5 (stitched 100M),0-50M,32844800,1283.0,457568.4765625,456127.2395833333
MAPPO strict 1+5 (stitched 100M),0-50M,32896000,1285.0,455048.8515625,456371.3619791667
MAPPO strict 1+5 (stitched 100M),0-50M,32947200,1287.0,456496.7578125,455199.2473958333
MAPPO strict 1+5 (stitched 100M),0-50M,32998400,1289.0,454052.1328125,455500.7682291667
MAPPO strict 1+5 (stitched 100M),0-50M,33049600,1291.0,455953.4140625,455799.59375
MAPPO strict 1+5 (stitched 100M),0-50M,33100800,1293.0,457393.234375,456932.5546875
MAPPO strict 1+5 (stitched 100M),0-50M,33152000,1295.0,457451.015625,457322.6015625
MAPPO strict 1+5 (stitched 100M),0-50M,33203200,1297.0,457123.5546875,457394.765625
MAPPO strict 1+5 (stitched 100M),0-50M,33254400,1299.0,457609.7265625,457340.2916666667
MAPPO strict 1+5 (stitched 100M),0-50M,33305600,1301.0,457287.59375,457501.09375
MAPPO strict 1+5 (stitched 100M),0-50M,33356800,1303.0,457605.9609375,457944.046875
MAPPO strict 1+5 (stitched 100M),0-50M,33408000,1305.0,458938.5859375,458807.0677083333
MAPPO strict 1+5 (stitched 100M),0-50M,33459200,1307.0,459876.65625,459720.8463541667
MAPPO strict 1+5 (stitched 100M),0-50M,33510400,1309.0,460347.296875,460820.4583333333
MAPPO strict 1+5 (stitched 100M),0-50M,33561600,1311.0,462237.421875,461602.4791666667
MAPPO strict 1+5 (stitched 100M),0-50M,33612800,1313.0,462222.71875,461841.0677083333
MAPPO strict 1+5 (stitched 100M),0-50M,33664000,1315.0,461063.0625,461540.9635416667
MAPPO strict 1+5 (stitched 100M),0-50M,33715200,1317.0,461337.109375,461351.3333333333
MAPPO strict 1+5 (stitched 100M),0-50M,33766400,1319.0,461653.828125,460925.8958333333
MAPPO strict 1+5 (stitched 100M),0-50M,33817600,1321.0,459786.75,460137.0911458333
MAPPO strict 1+5 (stitched 100M),0-50M,33868800,1323.0,458970.6953125,459746.0572916667
MAPPO strict 1+5 (stitched 100M),0-50M,33920000,1325.0,460480.7265625,460593.7578125
MAPPO strict 1+5 (stitched 100M),0-50M,33971200,1327.0,462329.8515625,460412.4114583333
MAPPO strict 1+5 (stitched 100M),0-50M,34022400,1329.0,458426.65625,459382.2447916667
MAPPO strict 1+5 (stitched 100M),0-50M,34073600,1331.0,457390.2265625,458037.2005208333
MAPPO strict 1+5 (stitched 100M),0-50M,34124800,1333.0,458294.71875,457476.1927083333
MAPPO strict 1+5 (stitched 100M),0-50M,34176000,1335.0,456743.6328125,456535.078125
MAPPO strict 1+5 (stitched 100M),0-50M,34227200,1337.0,454566.8828125,456517.2552083333
MAPPO strict 1+5 (stitched 100M),0-50M,34278400,1339.0,458241.25,456814.9140625
MAPPO strict 1+5 (stitched 100M),0-50M,34329600,1341.0,457636.609375,457808.0
MAPPO strict 1+5 (stitched 100M),0-50M,34380800,1343.0,457546.140625,458172.1510416667
MAPPO strict 1+5 (stitched 100M),0-50M,34432000,1345.0,459333.703125,458856.1536458333
MAPPO strict 1+5 (stitched 100M),0-50M,34483200,1347.0,459688.6171875,460375.0208333333
MAPPO strict 1+5 (stitched 100M),0-50M,34534400,1349.0,462102.7421875,460206.640625
MAPPO strict 1+5 (stitched 100M),0-50M,34585600,1351.0,458828.5625,459851.3359375
MAPPO strict 1+5 (stitched 100M),0-50M,34636800,1353.0,458622.703125,459328.8151041667
MAPPO strict 1+5 (stitched 100M),0-50M,34688000,1355.0,460535.1796875,459530.0390625
MAPPO strict 1+5 (stitched 100M),0-50M,34739200,1357.0,459432.234375,460562.0651041667
MAPPO strict 1+5 (stitched 100M),0-50M,34790400,1359.0,461718.78125,461122.65625
MAPPO strict 1+5 (stitched 100M),0-50M,34841600,1361.0,462216.953125,461649.5442708333
MAPPO strict 1+5 (stitched 100M),0-50M,34892800,1363.0,461012.8984375,460711.7447916667
MAPPO strict 1+5 (stitched 100M),0-50M,34944000,1365.0,458905.3828125,460274.8151041667
MAPPO strict 1+5 (stitched 100M),0-50M,34995200,1367.0,460906.1640625,460172.3072916667
MAPPO strict 1+5 (stitched 100M),0-50M,35046400,1369.0,460705.375,461238.6302083333
MAPPO strict 1+5 (stitched 100M),0-50M,35097600,1371.0,462104.3515625,461982.3046875
MAPPO strict 1+5 (stitched 100M),0-50M,35148800,1373.0,463137.1875,461869.0338541667
MAPPO strict 1+5 (stitched 100M),0-50M,35200000,1375.0,460365.5625,461596.2838541667
MAPPO strict 1+5 (stitched 100M),0-50M,35251200,1377.0,461286.1015625,460715.7708333333
MAPPO strict 1+5 (stitched 100M),0-50M,35302400,1379.0,460495.6484375,461744.109375
MAPPO strict 1+5 (stitched 100M),0-50M,35353600,1381.0,463450.578125,461412.3932291667
MAPPO strict 1+5 (stitched 100M),0-50M,35404800,1383.0,460290.953125,461696.8307291667
MAPPO strict 1+5 (stitched 100M),0-50M,35456000,1385.0,461348.9609375,460747.4713541667
MAPPO strict 1+5 (stitched 100M),0-50M,35507200,1387.0,460602.5,461182.1380208333
MAPPO strict 1+5 (stitched 100M),0-50M,35558400,1389.0,461594.953125,460704.3723958333
MAPPO strict 1+5 (stitched 100M),0-50M,35609600,1391.0,459915.6640625,461085.6119791667
MAPPO strict 1+5 (stitched 100M),0-50M,35660800,1393.0,461746.21875,461270.4244791667
MAPPO strict 1+5 (stitched 100M),0-50M,35712000,1395.0,462149.390625,461284.1744791667
MAPPO strict 1+5 (stitched 100M),0-50M,35763200,1397.0,459956.9140625,461339.5494791667
MAPPO strict 1+5 (stitched 100M),0-50M,35814400,1399.0,461912.34375,461165.3098958333
MAPPO strict 1+5 (stitched 100M),0-50M,35865600,1401.0,461626.671875,462480.2083333333
MAPPO strict 1+5 (stitched 100M),0-50M,35916800,1403.0,463901.609375,462671.8723958333
MAPPO strict 1+5 (stitched 100M),0-50M,35968000,1405.0,462487.3359375,462479.3203125
MAPPO strict 1+5 (stitched 100M),0-50M,36019200,1407.0,461049.015625,461199.5625
MAPPO strict 1+5 (stitched 100M),0-50M,36070400,1409.0,460062.3359375,460052.7135416667
MAPPO strict 1+5 (stitched 100M),0-50M,36121600,1411.0,459046.7890625,459661.2291666667
MAPPO strict 1+5 (stitched 100M),0-50M,36172800,1413.0,459874.5625,459843.1614583333
MAPPO strict 1+5 (stitched 100M),0-50M,36224000,1415.0,460608.1328125,461229.578125
MAPPO strict 1+5 (stitched 100M),0-50M,36275200,1417.0,463206.0390625,461968.8723958333
MAPPO strict 1+5 (stitched 100M),0-50M,36326400,1419.0,462092.4453125,462328.3984375
MAPPO strict 1+5 (stitched 100M),0-50M,36377600,1421.0,461686.7109375,461686.796875
MAPPO strict 1+5 (stitched 100M),0-50M,36428800,1423.0,461281.234375,461208.2369791667
MAPPO strict 1+5 (stitched 100M),0-50M,36480000,1425.0,460656.765625,460483.203125
MAPPO strict 1+5 (stitched 100M),0-50M,36531200,1427.0,459511.609375,460105.9401041667
MAPPO strict 1+5 (stitched 100M),0-50M,36582400,1429.0,460149.4453125,460126.1692708333
MAPPO strict 1+5 (stitched 100M),0-50M,36633600,1431.0,460717.453125,460107.6640625
MAPPO strict 1+5 (stitched 100M),0-50M,36684800,1433.0,459456.09375,461068.6432291667
MAPPO strict 1+5 (stitched 100M),0-50M,36736000,1435.0,463032.3828125,461465.421875
MAPPO strict 1+5 (stitched 100M),0-50M,36787200,1437.0,461907.7890625,462050.2526041667
MAPPO strict 1+5 (stitched 100M),0-50M,36838400,1439.0,461210.5859375,461548.3411458333
MAPPO strict 1+5 (stitched 100M),0-50M,36889600,1441.0,461526.6484375,462093.2473958333
MAPPO strict 1+5 (stitched 100M),0-50M,36940800,1443.0,463542.5078125,463420.5130208333
MAPPO strict 1+5 (stitched 100M),0-50M,36992000,1445.0,465192.3828125,465250.9140625
MAPPO strict 1+5 (stitched 100M),0-50M,37043200,1447.0,467017.8515625,466330.6927083333
MAPPO strict 1+5 (stitched 100M),0-50M,37094400,1449.0,466781.84375,466483.359375
MAPPO strict 1+5 (stitched 100M),0-50M,37145600,1451.0,465650.3828125,465389.6848958333
MAPPO strict 1+5 (stitched 100M),0-50M,37196800,1453.0,463736.828125,462780.9322916667
MAPPO strict 1+5 (stitched 100M),0-50M,37248000,1455.0,458955.5859375,461122.0859375
MAPPO strict 1+5 (stitched 100M),0-50M,37299200,1457.0,460673.84375,459624.6979166667
MAPPO strict 1+5 (stitched 100M),0-50M,37350400,1459.0,459244.6640625,460819.0989583333
MAPPO strict 1+5 (stitched 100M),0-50M,37401600,1461.0,462538.7890625,461947.328125
MAPPO strict 1+5 (stitched 100M),0-50M,37452800,1463.0,464058.53125,464319.5677083333
MAPPO strict 1+5 (stitched 100M),0-50M,37504000,1465.0,466361.3828125,466289.7890625
MAPPO strict 1+5 (stitched 100M),0-50M,37555200,1467.0,468449.453125,467408.1536458333
MAPPO strict 1+5 (stitched 100M),0-50M,37606400,1469.0,467413.625,467459.2552083333
MAPPO strict 1+5 (stitched 100M),0-50M,37657600,1471.0,466514.6875,466396.6354166667
MAPPO strict 1+5 (stitched 100M),0-50M,37708800,1473.0,465261.59375,465789.0286458333
MAPPO strict 1+5 (stitched 100M),0-50M,37760000,1475.0,465590.8046875,464835.515625
MAPPO strict 1+5 (stitched 100M),0-50M,37811200,1477.0,463654.1484375,464972.71875
MAPPO strict 1+5 (stitched 100M),0-50M,37862400,1479.0,465673.203125,465261.9088541667
MAPPO strict 1+5 (stitched 100M),0-50M,37913600,1481.0,466458.375,466178.3619791667
MAPPO strict 1+5 (stitched 100M),0-50M,37964800,1483.0,466403.5078125,465209.3463541667
MAPPO strict 1+5 (stitched 100M),0-50M,38016000,1485.0,462766.15625,464711.9635416667
MAPPO strict 1+5 (stitched 100M),0-50M,38067200,1487.0,464966.2265625,463866.4270833333
MAPPO strict 1+5 (stitched 100M),0-50M,38118400,1489.0,463866.8984375,465332.3203125
MAPPO strict 1+5 (stitched 100M),0-50M,38169600,1491.0,467163.8359375,465918.1822916667
MAPPO strict 1+5 (stitched 100M),0-50M,38220800,1493.0,466723.8125,467217.8307291667
MAPPO strict 1+5 (stitched 100M),0-50M,38272000,1495.0,467765.84375,466586.8307291667
MAPPO strict 1+5 (stitched 100M),0-50M,38323200,1497.0,465270.8359375,465235.9791666667
MAPPO strict 1+5 (stitched 100M),0-50M,38374400,1499.0,462671.2578125,464120.7604166667
MAPPO strict 1+5 (stitched 100M),0-50M,38425600,1501.0,464420.1875,464050.9765625
MAPPO strict 1+5 (stitched 100M),0-50M,38476800,1503.0,465061.484375,465053.0911458333
MAPPO strict 1+5 (stitched 100M),0-50M,38528000,1505.0,465677.6015625,465797.0208333333
MAPPO strict 1+5 (stitched 100M),0-50M,38579200,1507.0,466651.9765625,466070.4192708333
MAPPO strict 1+5 (stitched 100M),0-50M,38630400,1509.0,465881.6796875,466817.4817708333
MAPPO strict 1+5 (stitched 100M),0-50M,38681600,1511.0,467918.7890625,468246.0442708333
MAPPO strict 1+5 (stitched 100M),0-50M,38732800,1513.0,470937.6640625,469238.7864583333
MAPPO strict 1+5 (stitched 100M),0-50M,38784000,1515.0,468859.90625,469760.5625
MAPPO strict 1+5 (stitched 100M),0-50M,38835200,1517.0,469484.1171875,468920.328125
MAPPO strict 1+5 (stitched 100M),0-50M,38886400,1519.0,468416.9609375,469276.5885416667
MAPPO strict 1+5 (stitched 100M),0-50M,38937600,1521.0,469928.6875,468636.7578125
MAPPO strict 1+5 (stitched 100M),0-50M,38988800,1523.0,467564.625,468399.4453125
MAPPO strict 1+5 (stitched 100M),0-50M,39040000,1525.0,467705.0234375,467604.7994791667
MAPPO strict 1+5 (stitched 100M),0-50M,39091200,1527.0,467544.75,467168.3333333333
MAPPO strict 1+5 (stitched 100M),0-50M,39142400,1529.0,466255.2265625,466566.6197916667
MAPPO strict 1+5 (stitched 100M),0-50M,39193600,1531.0,465899.8828125,466483.1588541667
MAPPO strict 1+5 (stitched 100M),0-50M,39244800,1533.0,467294.3671875,466586.7473958333
MAPPO strict 1+5 (stitched 100M),0-50M,39296000,1535.0,466565.9921875,467206.8046875
MAPPO strict 1+5 (stitched 100M),0-50M,39347200,1537.0,467760.0546875,467636.65625
MAPPO strict 1+5 (stitched 100M),0-50M,39398400,1539.0,468583.921875,468691.78125
MAPPO strict 1+5 (stitched 100M),0-50M,39449600,1541.0,469731.3671875,469008.578125
MAPPO strict 1+5 (stitched 100M),0-50M,39500800,1543.0,468710.4453125,469307.6223958333
MAPPO strict 1+5 (stitched 100M),0-50M,39552000,1545.0,469481.0546875,468187.1302083333
MAPPO strict 1+5 (stitched 100M),0-50M,39603200,1547.0,466369.890625,467247.1770833333
MAPPO strict 1+5 (stitched 100M),0-50M,39654400,1549.0,465890.5859375,466564.9401041667
MAPPO strict 1+5 (stitched 100M),0-50M,39705600,1551.0,467434.34375,466447.3776041667
MAPPO strict 1+5 (stitched 100M),0-50M,39756800,1553.0,466017.203125,467503.0989583333
MAPPO strict 1+5 (stitched 100M),0-50M,39808000,1555.0,469057.75,467538.4609375
MAPPO strict 1+5 (stitched 100M),0-50M,39859200,1557.0,467540.4296875,468426.6510416667
MAPPO strict 1+5 (stitched 100M),0-50M,39910400,1559.0,468681.7734375,467610.5572916667
MAPPO strict 1+5 (stitched 100M),0-50M,39961600,1561.0,466609.46875,466648.5260416667
MAPPO strict 1+5 (stitched 100M),0-50M,40012800,1563.0,464654.3359375,465513.2526041667
MAPPO strict 1+5 (stitched 100M),0-50M,40064000,1565.0,465275.953125,464744.6119791667
MAPPO strict 1+5 (stitched 100M),0-50M,40115200,1567.0,464303.546875,464677.2473958333
MAPPO strict 1+5 (stitched 100M),0-50M,40166400,1569.0,464452.2421875,463839.5859375
MAPPO strict 1+5 (stitched 100M),0-50M,40217600,1571.0,462762.96875,463148.2552083333
MAPPO strict 1+5 (stitched 100M),0-50M,40268800,1573.0,462229.5546875,463144.125
MAPPO strict 1+5 (stitched 100M),0-50M,40320000,1575.0,464439.8515625,463707.2447916667
MAPPO strict 1+5 (stitched 100M),0-50M,40371200,1577.0,464452.328125,463811.3515625
MAPPO strict 1+5 (stitched 100M),0-50M,40422400,1579.0,462541.875,463887.1927083333
MAPPO strict 1+5 (stitched 100M),0-50M,40473600,1581.0,464667.375,463948.2109375
MAPPO strict 1+5 (stitched 100M),0-50M,40524800,1583.0,464635.3828125,464241.7604166667
MAPPO strict 1+5 (stitched 100M),0-50M,40576000,1585.0,463422.5234375,464073.8723958333
MAPPO strict 1+5 (stitched 100M),0-50M,40627200,1587.0,464163.7109375,463791.3333333333
MAPPO strict 1+5 (stitched 100M),0-50M,40678400,1589.0,463787.765625,463923.7161458333
MAPPO strict 1+5 (stitched 100M),0-50M,40729600,1591.0,463819.671875,464935.7552083333
MAPPO strict 1+5 (stitched 100M),0-50M,40780800,1593.0,467199.828125,465477.5520833333
MAPPO strict 1+5 (stitched 100M),0-50M,40832000,1595.0,465413.15625,466089.2526041667
MAPPO strict 1+5 (stitched 100M),0-50M,40883200,1597.0,465654.7734375,465576.2239583333
MAPPO strict 1+5 (stitched 100M),0-50M,40934400,1599.0,465660.7421875,465410.5052083333
MAPPO strict 1+5 (stitched 100M),0-50M,40985600,1601.0,464916.0,464026.8567708333
MAPPO strict 1+5 (stitched 100M),0-50M,41036800,1603.0,461503.828125,462955.5989583333
MAPPO strict 1+5 (stitched 100M),0-50M,41088000,1605.0,462446.96875,462331.4947916667
MAPPO strict 1+5 (stitched 100M),0-50M,41139200,1607.0,463043.6875,463453.4713541667
MAPPO strict 1+5 (stitched 100M),0-50M,41190400,1609.0,464869.7578125,464768.7942708333
MAPPO strict 1+5 (stitched 100M),0-50M,41241600,1611.0,466392.9375,466426.6197916667
MAPPO strict 1+5 (stitched 100M),0-50M,41292800,1613.0,468017.1640625,467416.8567708333
MAPPO strict 1+5 (stitched 100M),0-50M,41344000,1615.0,467840.46875,467686.4713541667
MAPPO strict 1+5 (stitched 100M),0-50M,41395200,1617.0,467201.78125,467370.5911458333
MAPPO strict 1+5 (stitched 100M),0-50M,41446400,1619.0,467069.5234375,467070.6875
MAPPO strict 1+5 (stitched 100M),0-50M,41497600,1621.0,466940.7578125,466933.546875
MAPPO strict 1+5 (stitched 100M),0-50M,41548800,1623.0,466790.359375,466593.2630208333
MAPPO strict 1+5 (stitched 100M),0-50M,41600000,1625.0,466048.671875,466185.9036458333
MAPPO strict 1+5 (stitched 100M),0-50M,41651200,1627.0,465718.6796875,465951.0859375
MAPPO strict 1+5 (stitched 100M),0-50M,41702400,1629.0,466085.90625,466493.9713541667
MAPPO strict 1+5 (stitched 100M),0-50M,41753600,1631.0,467677.328125,466990.6432291667
MAPPO strict 1+5 (stitched 100M),0-50M,41804800,1633.0,467208.6953125,467243.9505208333
MAPPO strict 1+5 (stitched 100M),0-50M,41856000,1635.0,466845.828125,467248.7604166667
MAPPO strict 1+5 (stitched 100M),0-50M,41907200,1637.0,467691.7578125,467787.6380208333
MAPPO strict 1+5 (stitched 100M),0-50M,41958400,1639.0,468825.328125,469237.390625
MAPPO strict 1+5 (stitched 100M),0-50M,42009600,1641.0,471195.0859375,470652.5625
MAPPO strict 1+5 (stitched 100M),0-50M,42060800,1643.0,471937.2734375,470951.8880208333
MAPPO strict 1+5 (stitched 100M),0-50M,42112000,1645.0,469723.3046875,471192.3359375
MAPPO strict 1+5 (stitched 100M),0-50M,42163200,1647.0,471916.4296875,470566.9296875
MAPPO strict 1+5 (stitched 100M),0-50M,42214400,1649.0,470061.0546875,470274.5
MAPPO strict 1+5 (stitched 100M),0-50M,42265600,1651.0,468846.015625,468977.3177083333
MAPPO strict 1+5 (stitched 100M),0-50M,42316800,1653.0,468024.8828125,467950.546875
MAPPO strict 1+5 (stitched 100M),0-50M,42368000,1655.0,466980.7421875,468606.7994791667
MAPPO strict 1+5 (stitched 100M),0-50M,42419200,1657.0,470814.7734375,468124.6953125
MAPPO strict 1+5 (stitched 100M),0-50M,42470400,1659.0,466578.5703125,469274.9010416667
MAPPO strict 1+5 (stitched 100M),0-50M,42521600,1661.0,470431.359375,469799.0807291667
MAPPO strict 1+5 (stitched 100M),0-50M,42572800,1663.0,472387.3125,471849.84375
MAPPO strict 1+5 (stitched 100M),0-50M,42624000,1665.0,472730.859375,472016.2291666667
MAPPO strict 1+5 (stitched 100M),0-50M,42675200,1667.0,470930.515625,472171.3619791667
MAPPO strict 1+5 (stitched 100M),0-50M,42726400,1669.0,472852.7109375,472399.5677083333
MAPPO strict 1+5 (stitched 100M),0-50M,42777600,1671.0,473415.4765625,472841.96875
MAPPO strict 1+5 (stitched 100M),0-50M,42828800,1673.0,472257.71875,472096.0286458333
MAPPO strict 1+5 (stitched 100M),0-50M,42880000,1675.0,470614.890625,470628.9739583333
MAPPO strict 1+5 (stitched 100M),0-50M,42931200,1677.0,469014.3125,469150.71875
MAPPO strict 1+5 (stitched 100M),0-50M,42982400,1679.0,467822.953125,467725.4322916667
MAPPO strict 1+5 (stitched 100M),0-50M,43033600,1681.0,466339.03125,466414.3098958333
MAPPO strict 1+5 (stitched 100M),0-50M,43084800,1683.0,465080.9453125,465908.2161458333
MAPPO strict 1+5 (stitched 100M),0-50M,43136000,1685.0,466304.671875,466376.3828125
MAPPO strict 1+5 (stitched 100M),0-50M,43187200,1687.0,467743.53125,468132.8828125
MAPPO strict 1+5 (stitched 100M),0-50M,43238400,1689.0,470350.4453125,470132.0833333333
MAPPO strict 1+5 (stitched 100M),0-50M,43289600,1691.0,472302.2734375,471159.6380208333
MAPPO strict 1+5 (stitched 100M),0-50M,43340800,1693.0,470826.1953125,470875.0338541667
MAPPO strict 1+5 (stitched 100M),0-50M,43392000,1695.0,469496.6328125,469686.9765625
MAPPO strict 1+5 (stitched 100M),0-50M,43443200,1697.0,468738.1015625,469814.8307291667
MAPPO strict 1+5 (stitched 100M),0-50M,43494400,1699.0,471209.7578125,470311.0598958333
MAPPO strict 1+5 (stitched 100M),0-50M,43545600,1701.0,470985.3203125,470709.1041666667
MAPPO strict 1+5 (stitched 100M),0-50M,43596800,1703.0,469932.234375,470363.0078125
MAPPO strict 1+5 (stitched 100M),0-50M,43648000,1705.0,470171.46875,469199.5729166667
MAPPO strict 1+5 (stitched 100M),0-50M,43699200,1707.0,467495.015625,468092.640625
MAPPO strict 1+5 (stitched 100M),0-50M,43750400,1709.0,466611.4375,466493.4661458333
MAPPO strict 1+5 (stitched 100M),0-50M,43801600,1711.0,465373.9453125,466987.578125
MAPPO strict 1+5 (stitched 100M),0-50M,43852800,1713.0,468977.3515625,467566.3098958333
MAPPO strict 1+5 (stitched 100M),0-50M,43904000,1715.0,468347.6328125,469428.546875
MAPPO strict 1+5 (stitched 100M),0-50M,43955200,1717.0,470960.65625,469349.1067708333
MAPPO strict 1+5 (stitched 100M),0-50M,44006400,1719.0,468739.03125,469586.8385416667
MAPPO strict 1+5 (stitched 100M),0-50M,44057600,1721.0,469060.828125,469046.9895833333
MAPPO strict 1+5 (stitched 100M),0-50M,44108800,1723.0,469341.109375,468952.6796875
MAPPO strict 1+5 (stitched 100M),0-50M,44160000,1725.0,468456.1015625,469840.5989583333
MAPPO strict 1+5 (stitched 100M),0-50M,44211200,1727.0,471724.5859375,470581.4166666667
MAPPO strict 1+5 (stitched 100M),0-50M,44262400,1729.0,471563.5625,472416.1979166667
MAPPO strict 1+5 (stitched 100M),0-50M,44313600,1731.0,473960.4453125,472068.6666666667
MAPPO strict 1+5 (stitched 100M),0-50M,44364800,1733.0,470681.9921875,471692.1510416667
MAPPO strict 1+5 (stitched 100M),0-50M,44416000,1735.0,470434.015625,470595.9244791667
MAPPO strict 1+5 (stitched 100M),0-50M,44467200,1737.0,470671.765625,471097.2942708333
MAPPO strict 1+5 (stitched 100M),0-50M,44518400,1739.0,472186.1015625,471257.1380208333
MAPPO strict 1+5 (stitched 100M),0-50M,44569600,1741.0,470913.546875,472167.5208333333
MAPPO strict 1+5 (stitched 100M),0-50M,44620800,1743.0,473402.9140625,472902.5338541667
MAPPO strict 1+5 (stitched 100M),0-50M,44672000,1745.0,474391.140625,473426.34375
MAPPO strict 1+5 (stitched 100M),0-50M,44723200,1747.0,472484.9765625,472924.546875
MAPPO strict 1+5 (stitched 100M),0-50M,44774400,1749.0,471897.5234375,471590.25
MAPPO strict 1+5 (stitched 100M),0-50M,44825600,1751.0,470388.25,470639.625
MAPPO strict 1+5 (stitched 100M),0-50M,44876800,1753.0,469633.1015625,470896.3151041667
MAPPO strict 1+5 (stitched 100M),0-50M,44928000,1755.0,472667.59375,471255.9192708333
MAPPO strict 1+5 (stitched 100M),0-50M,44979200,1757.0,471467.0625,471814.6536458333
MAPPO strict 1+5 (stitched 100M),0-50M,45030400,1759.0,471309.3046875,471216.8645833333
MAPPO strict 1+5 (stitched 100M),0-50M,45081600,1761.0,470874.2265625,471252.9010416667
MAPPO strict 1+5 (stitched 100M),0-50M,45132800,1763.0,471575.171875,471659.7369791667
MAPPO strict 1+5 (stitched 100M),0-50M,45184000,1765.0,472529.8125,471902.7057291667
MAPPO strict 1+5 (stitched 100M),0-50M,45235200,1767.0,471603.1328125,472293.2317708333
MAPPO strict 1+5 (stitched 100M),0-50M,45286400,1769.0,472746.75,471196.765625
MAPPO strict 1+5 (stitched 100M),0-50M,45337600,1771.0,469240.4140625,471270.6171875
MAPPO strict 1+5 (stitched 100M),0-50M,45388800,1773.0,471824.6875,470526.1692708333
MAPPO strict 1+5 (stitched 100M),0-50M,45440000,1775.0,470513.40625,470263.7552083333
MAPPO strict 1+5 (stitched 100M),0-50M,45491200,1777.0,468453.171875,468835.4479166667
MAPPO strict 1+5 (stitched 100M),0-50M,45542400,1779.0,467539.765625,468009.65625
MAPPO strict 1+5 (stitched 100M),0-50M,45593600,1781.0,468036.03125,467506.1276041667
MAPPO strict 1+5 (stitched 100M),0-50M,45644800,1783.0,466942.5859375,467950.0989583333
MAPPO strict 1+5 (stitched 100M),0-50M,45696000,1785.0,468871.6796875,467853.234375
MAPPO strict 1+5 (stitched 100M),0-50M,45747200,1787.0,467745.4375,467712.7239583333
MAPPO strict 1+5 (stitched 100M),0-50M,45798400,1789.0,466521.0546875,465920.296875
MAPPO strict 1+5 (stitched 100M),0-50M,45849600,1791.0,463494.3984375,464490.0104166667
MAPPO strict 1+5 (stitched 100M),0-50M,45900800,1793.0,463454.578125,463355.3359375
MAPPO strict 1+5 (stitched 100M),0-50M,45952000,1795.0,463117.03125,464138.09375
MAPPO strict 1+5 (stitched 100M),0-50M,46003200,1797.0,465842.671875,464401.6484375
MAPPO strict 1+5 (stitched 100M),0-50M,46054400,1799.0,464245.2421875,465201.1302083333
MAPPO strict 1+5 (stitched 100M),0-50M,46105600,1801.0,465515.4765625,465401.1302083333
MAPPO strict 1+5 (stitched 100M),0-50M,46156800,1803.0,466442.671875,467008.5729166667
MAPPO strict 1+5 (stitched 100M),0-50M,46208000,1805.0,469067.5703125,467827.8072916667
MAPPO strict 1+5 (stitched 100M),0-50M,46259200,1807.0,467973.1796875,469298.0130208333
MAPPO strict 1+5 (stitched 100M),0-50M,46310400,1809.0,470853.2890625,469584.4583333333
MAPPO strict 1+5 (stitched 100M),0-50M,46361600,1811.0,469926.90625,469299.0078125
MAPPO strict 1+5 (stitched 100M),0-50M,46412800,1813.0,467116.828125,469135.8984375
MAPPO strict 1+5 (stitched 100M),0-50M,46464000,1815.0,470363.9609375,468992.5598958333
MAPPO strict 1+5 (stitched 100M),0-50M,46515200,1817.0,469496.890625,468723.3645833333
MAPPO strict 1+5 (stitched 100M),0-50M,46566400,1819.0,466309.2421875,468859.1770833333
MAPPO strict 1+5 (stitched 100M),0-50M,46617600,1821.0,470771.3984375,468346.3203125
MAPPO strict 1+5 (stitched 100M),0-50M,46668800,1823.0,467958.3203125,468753.2734375
MAPPO strict 1+5 (stitched 100M),0-50M,46720000,1825.0,467530.1015625,467653.3307291667
MAPPO strict 1+5 (stitched 100M),0-50M,46771200,1827.0,467471.5703125,467751.984375
MAPPO strict 1+5 (stitched 100M),0-50M,46822400,1829.0,468254.28125,467527.0703125
MAPPO strict 1+5 (stitched 100M),0-50M,46873600,1831.0,466855.359375,467510.2708333333
MAPPO strict 1+5 (stitched 100M),0-50M,46924800,1833.0,467421.171875,466645.2526041667
MAPPO strict 1+5 (stitched 100M),0-50M,46976000,1835.0,465659.2265625,466194.4739583333
MAPPO strict 1+5 (stitched 100M),0-50M,47027200,1837.0,465503.0234375,465616.25
MAPPO strict 1+5 (stitched 100M),0-50M,47078400,1839.0,465686.5,466104.8333333333
MAPPO strict 1+5 (stitched 100M),0-50M,47129600,1841.0,467124.9765625,467764.609375
MAPPO strict 1+5 (stitched 100M),0-50M,47180800,1843.0,470482.3515625,468893.53125
MAPPO strict 1+5 (stitched 100M),0-50M,47232000,1845.0,469073.265625,469675.6692708333
MAPPO strict 1+5 (stitched 100M),0-50M,47283200,1847.0,469471.390625,468607.9401041667
MAPPO strict 1+5 (stitched 100M),0-50M,47334400,1849.0,467279.1640625,467848.5911458333
MAPPO strict 1+5 (stitched 100M),0-50M,47385600,1851.0,466795.21875,467482.7369791667
MAPPO strict 1+5 (stitched 100M),0-50M,47436800,1853.0,468373.828125,467140.2317708333
MAPPO strict 1+5 (stitched 100M),0-50M,47488000,1855.0,466251.6484375,467178.6692708333
MAPPO strict 1+5 (stitched 100M),0-50M,47539200,1857.0,466910.53125,465912.6041666667
MAPPO strict 1+5 (stitched 100M),0-50M,47590400,1859.0,464575.6328125,465374.4895833333
MAPPO strict 1+5 (stitched 100M),0-50M,47641600,1861.0,464637.3046875,465820.234375
MAPPO strict 1+5 (stitched 100M),0-50M,47692800,1863.0,468247.765625,467619.6875
MAPPO strict 1+5 (stitched 100M),0-50M,47744000,1865.0,469973.9921875,469379.8541666667
MAPPO strict 1+5 (stitched 100M),0-50M,47795200,1867.0,469917.8046875,470194.9895833333
MAPPO strict 1+5 (stitched 100M),0-50M,47846400,1869.0,470693.171875,470739.6848958333
MAPPO strict 1+5 (stitched 100M),0-50M,47897600,1871.0,471608.078125,470422.6640625
MAPPO strict 1+5 (stitched 100M),0-50M,47948800,1873.0,468966.7421875,470499.9661458333
MAPPO strict 1+5 (stitched 100M),0-50M,48000000,1875.0,470925.078125,470116.4140625
MAPPO strict 1+5 (stitched 100M),0-50M,48051200,1877.0,470457.421875,469872.5390625
MAPPO strict 1+5 (stitched 100M),0-50M,48102400,1879.0,468235.1171875,469185.8463541667
MAPPO strict 1+5 (stitched 100M),0-50M,48153600,1881.0,468865.0,468019.4817708333
MAPPO strict 1+5 (stitched 100M),0-50M,48204800,1883.0,466958.328125,467518.3828125
MAPPO strict 1+5 (stitched 100M),0-50M,48256000,1885.0,466731.8203125,466888.5833333333
MAPPO strict 1+5 (stitched 100M),0-50M,48307200,1887.0,466975.6015625,465990.0755208333
MAPPO strict 1+5 (stitched 100M),0-50M,48358400,1889.0,464262.8046875,465676.7239583333
MAPPO strict 1+5 (stitched 100M),0-50M,48409600,1891.0,465791.765625,464694.2213541667
MAPPO strict 1+5 (stitched 100M),0-50M,48460800,1893.0,464028.09375,464357.0182291667
MAPPO strict 1+5 (stitched 100M),0-50M,48512000,1895.0,463251.1953125,463373.6770833333
MAPPO strict 1+5 (stitched 100M),0-50M,48563200,1897.0,462841.7421875,462966.3359375
MAPPO strict 1+5 (stitched 100M),0-50M,48614400,1899.0,462806.0703125,462681.0625
MAPPO strict 1+5 (stitched 100M),0-50M,48665600,1901.0,462395.375,462450.7682291667
MAPPO strict 1+5 (stitched 100M),0-50M,48716800,1903.0,462150.859375,462012.1302083333
MAPPO strict 1+5 (stitched 100M),0-50M,48768000,1905.0,461490.15625,461725.3958333333
MAPPO strict 1+5 (stitched 100M),0-50M,48819200,1907.0,461535.171875,461264.8307291667
MAPPO strict 1+5 (stitched 100M),0-50M,48870400,1909.0,460769.1640625,461376.5208333333
MAPPO strict 1+5 (stitched 100M),0-50M,48921600,1911.0,461825.2265625,462046.1171875
MAPPO strict 1+5 (stitched 100M),0-50M,48972800,1913.0,463543.9609375,463101.8463541667
MAPPO strict 1+5 (stitched 100M),0-50M,49024000,1915.0,463936.3515625,464167.1171875
MAPPO strict 1+5 (stitched 100M),0-50M,49075200,1917.0,465021.0390625,465692.5390625
MAPPO strict 1+5 (stitched 100M),0-50M,49126400,1919.0,468120.2265625,467309.5234375
MAPPO strict 1+5 (stitched 100M),0-50M,49177600,1921.0,468787.3046875,468350.4479166667
MAPPO strict 1+5 (stitched 100M),0-50M,49228800,1923.0,468143.8125,468300.6015625
MAPPO strict 1+5 (stitched 100M),0-50M,49280000,1925.0,467970.6875,468776.2942708333
MAPPO strict 1+5 (stitched 100M),0-50M,49331200,1927.0,470214.3828125,469049.4010416667
MAPPO strict 1+5 (stitched 100M),0-50M,49382400,1929.0,468963.1328125,469341.4270833333
MAPPO strict 1+5 (stitched 100M),0-50M,49433600,1931.0,468846.765625,469320.5078125
MAPPO strict 1+5 (stitched 100M),0-50M,49484800,1933.0,470151.625,469723.2057291667
MAPPO strict 1+5 (stitched 100M),0-50M,49536000,1935.0,470171.2265625,469973.1380208333
MAPPO strict 1+5 (stitched 100M),0-50M,49587200,1937.0,469596.5625,470731.2369791667
MAPPO strict 1+5 (stitched 100M),0-50M,49638400,1939.0,472425.921875,470886.5442708333
MAPPO strict 1+5 (stitched 100M),0-50M,49689600,1941.0,470637.1484375,471619.859375
MAPPO strict 1+5 (stitched 100M),0-50M,49740800,1943.0,471796.5078125,471863.6276041667
MAPPO strict 1+5 (stitched 100M),0-50M,49792000,1945.0,473157.2265625,471810.3333333333
MAPPO strict 1+5 (stitched 100M),0-50M,49843200,1947.0,470477.265625,471487.109375
MAPPO strict 1+5 (stitched 100M),0-50M,49894400,1949.0,470826.8359375,470902.3828125
MAPPO strict 1+5 (stitched 100M),0-50M,49945600,1951.0,471403.046875,470995.4166666667
MAPPO strict 1+5 (stitched 100M),0-50M,49996800,1953.0,470756.3671875,470532.3098958333
MAPPO strict 1+5 (stitched 100M),50-100M,50025600,1954.125,469437.515625,470053.6927083333
MAPPO strict 1+5 (stitched 100M),50-100M,50076800,1956.125,469967.1953125,470128.7369791667
MAPPO strict 1+5 (stitched 100M),50-100M,50128000,1958.125,470981.5,470781.28125
MAPPO strict 1+5 (stitched 100M),50-100M,50179200,1960.125,471395.1484375,470797.25
MAPPO strict 1+5 (stitched 100M),50-100M,50230400,1962.125,470015.1015625,471173.9166666667
MAPPO strict 1+5 (stitched 100M),50-100M,50281600,1964.125,472111.5,470978.4036458333
MAPPO strict 1+5 (stitched 100M),50-100M,50332800,1966.125,470808.609375,471437.703125
MAPPO strict 1+5 (stitched 100M),50-100M,50384000,1968.125,471393.0,471355.1614583333
MAPPO strict 1+5 (stitched 100M),50-100M,50435200,1970.125,471863.875,471613.53125
MAPPO strict 1+5 (stitched 100M),50-100M,50486400,1972.125,471583.71875,470933.2317708333
MAPPO strict 1+5 (stitched 100M),50-100M,50537600,1974.125,469352.1015625,470557.2526041667
MAPPO strict 1+5 (stitched 100M),50-100M,50588800,1976.125,470735.9375,470543.5911458333
MAPPO strict 1+5 (stitched 100M),50-100M,50640000,1978.125,471542.734375,470858.7421875
MAPPO strict 1+5 (stitched 100M),50-100M,50691200,1980.125,470297.5546875,470885.5807291667
MAPPO strict 1+5 (stitched 100M),50-100M,50742400,1982.125,470816.453125,470482.2630208333
MAPPO strict 1+5 (stitched 100M),50-100M,50793600,1984.125,470332.78125,471036.4140625
MAPPO strict 1+5 (stitched 100M),50-100M,50844800,1986.125,471960.0078125,471546.0078125
MAPPO strict 1+5 (stitched 100M),50-100M,50896000,1988.125,472345.234375,472263.6692708333
MAPPO strict 1+5 (stitched 100M),50-100M,50947200,1990.125,472485.765625,472482.5520833333
MAPPO strict 1+5 (stitched 100M),50-100M,50998400,1992.125,472616.65625,473010.2864583333
MAPPO strict 1+5 (stitched 100M),50-100M,51049600,1994.125,473928.4375,473746.0078125
MAPPO strict 1+5 (stitched 100M),50-100M,51100800,1996.125,474692.9296875,474084.0989583333
MAPPO strict 1+5 (stitched 100M),50-100M,51152000,1998.125,473630.9296875,474327.4739583333
MAPPO strict 1+5 (stitched 100M),50-100M,51203200,2000.125,474658.5625,473957.6276041667
MAPPO strict 1+5 (stitched 100M),50-100M,51254400,2002.125,473583.390625,474105.6067708333
MAPPO strict 1+5 (stitched 100M),50-100M,51305600,2004.125,474074.8671875,474266.9557291667
MAPPO strict 1+5 (stitched 100M),50-100M,51356800,2006.125,475142.609375,474556.2083333333
MAPPO strict 1+5 (stitched 100M),50-100M,51408000,2008.125,474451.1484375,474887.75
MAPPO strict 1+5 (stitched 100M),50-100M,51459200,2010.125,475069.4921875,474407.3515625
MAPPO strict 1+5 (stitched 100M),50-100M,51510400,2012.125,473701.4140625,475105.7786458333
MAPPO strict 1+5 (stitched 100M),50-100M,51561600,2014.125,476546.4296875,474847.1588541667
MAPPO strict 1+5 (stitched 100M),50-100M,51612800,2016.125,474293.6328125,474830.0546875
MAPPO strict 1+5 (stitched 100M),50-100M,51664000,2018.125,473650.1015625,473751.2109375
MAPPO strict 1+5 (stitched 100M),50-100M,51715200,2020.125,473309.8984375,473450.0234375
MAPPO strict 1+5 (stitched 100M),50-100M,51766400,2022.125,473390.0703125,472859.9348958333
MAPPO strict 1+5 (stitched 100M),50-100M,51817600,2024.125,471879.8359375,471939.4973958333
MAPPO strict 1+5 (stitched 100M),50-100M,51868800,2026.125,470548.5859375,471100.8645833333
MAPPO strict 1+5 (stitched 100M),50-100M,51920000,2028.125,470874.171875,470517.9114583333
MAPPO strict 1+5 (stitched 100M),50-100M,51971200,2030.125,470130.9765625,470443.6328125
MAPPO strict 1+5 (stitched 100M),50-100M,52022400,2032.125,470325.75,470402.2864583333
MAPPO strict 1+5 (stitched 100M),50-100M,52073600,2034.125,470750.1328125,470973.4192708333
MAPPO strict 1+5 (stitched 100M),50-100M,52124800,2036.125,471844.375,471850.4192708333
MAPPO strict 1+5 (stitched 100M),50-100M,52176000,2038.125,472956.75,472274.0963541667
MAPPO strict 1+5 (stitched 100M),50-100M,52227200,2040.125,472021.1640625,473262.5729166667
MAPPO strict 1+5 (stitched 100M),50-100M,52278400,2042.125,474809.8046875,473676.1901041667
MAPPO strict 1+5 (stitched 100M),50-100M,52329600,2044.125,474197.6015625,474313.7864583333
MAPPO strict 1+5 (stitched 100M),50-100M,52380800,2046.125,473933.953125,473441.0052083333
MAPPO strict 1+5 (stitched 100M),50-100M,52432000,2048.125,472191.4609375,473280.5755208333
MAPPO strict 1+5 (stitched 100M),50-100M,52483200,2050.125,473716.3125,473014.7291666667
MAPPO strict 1+5 (stitched 100M),50-100M,52534400,2052.125,473136.4140625,473072.2421875
MAPPO strict 1+5 (stitched 100M),50-100M,52585600,2054.125,472364.0,472464.2838541667
MAPPO strict 1+5 (stitched 100M),50-100M,52636800,2056.125,471892.4375,473079.9817708333
MAPPO strict 1+5 (stitched 100M),50-100M,52688000,2058.125,474983.5078125,473187.5182291667
MAPPO strict 1+5 (stitched 100M),50-100M,52739200,2060.125,472686.609375,473165.3020833333
MAPPO strict 1+5 (stitched 100M),50-100M,52790400,2062.125,471825.7890625,471610.9401041667
MAPPO strict 1+5 (stitched 100M),50-100M,52841600,2064.125,470320.421875,470959.265625
MAPPO strict 1+5 (stitched 100M),50-100M,52892800,2066.125,470731.5859375,470184.3802083333
MAPPO strict 1+5 (stitched 100M),50-100M,52944000,2068.125,469501.1328125,470235.59375
MAPPO strict 1+5 (stitched 100M),50-100M,52995200,2070.125,470474.0625,470155.6901041667
MAPPO strict 1+5 (stitched 100M),50-100M,53046400,2072.125,470491.875,470889.8723958333
MAPPO strict 1+5 (stitched 100M),50-100M,53097600,2074.125,471703.6796875,471600.1067708333
MAPPO strict 1+5 (stitched 100M),50-100M,53148800,2076.125,472604.765625,471449.6276041667
MAPPO strict 1+5 (stitched 100M),50-100M,53200000,2078.125,470040.4375,470619.2213541667
MAPPO strict 1+5 (stitched 100M),50-100M,53251200,2080.125,469212.4609375,469373.5755208333
MAPPO strict 1+5 (stitched 100M),50-100M,53302400,2082.125,468867.828125,468535.6119791667
MAPPO strict 1+5 (stitched 100M),50-100M,53353600,2084.125,467526.546875,467584.0052083333
MAPPO strict 1+5 (stitched 100M),50-100M,53404800,2086.125,466357.640625,467115.2005208333
MAPPO strict 1+5 (stitched 100M),50-100M,53456000,2088.125,467461.4140625,467563.7734375
MAPPO strict 1+5 (stitched 100M),50-100M,53507200,2090.125,468872.265625,468517.2447916667
MAPPO strict 1+5 (stitched 100M),50-100M,53558400,2092.125,469218.0546875,469226.3385416667
MAPPO strict 1+5 (stitched 100M),50-100M,53609600,2094.125,469588.6953125,469485.1276041667
MAPPO strict 1+5 (stitched 100M),50-100M,53660800,2096.125,469648.6328125,469122.0807291667
MAPPO strict 1+5 (stitched 100M),50-100M,53712000,2098.125,468128.9140625,468212.8984375
MAPPO strict 1+5 (stitched 100M),50-100M,53763200,2100.125,466861.1484375,467603.5807291667
MAPPO strict 1+5 (stitched 100M),50-100M,53814400,2102.125,467820.6796875,467397.1145833333
MAPPO strict 1+5 (stitched 100M),50-100M,53865600,2104.125,467509.515625,467314.3723958333
MAPPO strict 1+5 (stitched 100M),50-100M,53916800,2106.125,466612.921875,466494.4817708333
MAPPO strict 1+5 (stitched 100M),50-100M,53968000,2108.125,465361.0078125,466428.2734375
MAPPO strict 1+5 (stitched 100M),50-100M,54019200,2110.125,467310.890625,466729.0442708333
MAPPO strict 1+5 (stitched 100M),50-100M,54070400,2112.125,467515.234375,467198.3645833333
MAPPO strict 1+5 (stitched 100M),50-100M,54121600,2114.125,466768.96875,466336.65625
MAPPO strict 1+5 (stitched 100M),50-100M,54172800,2116.125,464725.765625,465832.7838541667
MAPPO strict 1+5 (stitched 100M),50-100M,54224000,2118.125,466003.6171875,465161.5572916667
MAPPO strict 1+5 (stitched 100M),50-100M,54275200,2120.125,464755.2890625,465271.9505208333
MAPPO strict 1+5 (stitched 100M),50-100M,54326400,2122.125,465056.9453125,465621.296875
MAPPO strict 1+5 (stitched 100M),50-100M,54377600,2124.125,467051.65625,466797.0651041667
MAPPO strict 1+5 (stitched 100M),50-100M,54428800,2126.125,468282.59375,467838.296875
MAPPO strict 1+5 (stitched 100M),50-100M,54480000,2128.125,468180.640625,467741.5130208333
MAPPO strict 1+5 (stitched 100M),50-100M,54531200,2130.125,466761.3046875,467552.9973958333
MAPPO strict 1+5 (stitched 100M),50-100M,54582400,2132.125,467717.046875,467252.7265625
MAPPO strict 1+5 (stitched 100M),50-100M,54633600,2134.125,467279.828125,467462.4505208333
MAPPO strict 1+5 (stitched 100M),50-100M,54684800,2136.125,467390.4765625,467278.0416666667
MAPPO strict 1+5 (stitched 100M),50-100M,54736000,2138.125,467163.8203125,466489.7005208333
MAPPO strict 1+5 (stitched 100M),50-100M,54787200,2140.125,464914.8046875,465810.0703125
MAPPO strict 1+5 (stitched 100M),50-100M,54838400,2142.125,465351.5859375,465111.8958333333
MAPPO strict 1+5 (stitched 100M),50-100M,54889600,2144.125,465069.296875,464986.90625
MAPPO strict 1+5 (stitched 100M),50-100M,54940800,2146.125,464539.8359375,463732.421875
MAPPO strict 1+5 (stitched 100M),50-100M,54992000,2148.125,461588.1328125,462855.9036458333
MAPPO strict 1+5 (stitched 100M),50-100M,55043200,2150.125,462439.7421875,462187.046875
MAPPO strict 1+5 (stitched 100M),50-100M,55094400,2152.125,462533.265625,463347.3463541667
MAPPO strict 1+5 (stitched 100M),50-100M,55145600,2154.125,465069.03125,464463.6796875
MAPPO strict 1+5 (stitched 100M),50-100M,55196800,2156.125,465788.7421875,466730.0807291667
MAPPO strict 1+5 (stitched 100M),50-100M,55248000,2158.125,469332.46875,468497.7864583333
MAPPO strict 1+5 (stitched 100M),50-100M,55299200,2160.125,470372.1484375,469499.5390625
MAPPO strict 1+5 (stitched 100M),50-100M,55350400,2162.125,468794.0,469782.6145833333
MAPPO strict 1+5 (stitched 100M),50-100M,55401600,2164.125,470181.6953125,469849.2760416667
MAPPO strict 1+5 (stitched 100M),50-100M,55452800,2166.125,470572.1328125,470468.5963541667
MAPPO strict 1+5 (stitched 100M),50-100M,55504000,2168.125,470651.9609375,471634.4739583333
MAPPO strict 1+5 (stitched 100M),50-100M,55555200,2170.125,473679.328125,472675.5104166667
MAPPO strict 1+5 (stitched 100M),50-100M,55606400,2172.125,473695.2421875,473404.1953125
MAPPO strict 1+5 (stitched 100M),50-100M,55657600,2174.125,472838.015625,473258.1432291667
MAPPO strict 1+5 (stitched 100M),50-100M,55708800,2176.125,473241.171875,472815.140625
MAPPO strict 1+5 (stitched 100M),50-100M,55760000,2178.125,472366.234375,472224.7526041667
MAPPO strict 1+5 (stitched 100M),50-100M,55811200,2180.125,471066.8515625,472412.1302083333
MAPPO strict 1+5 (stitched 100M),50-100M,55862400,2182.125,473803.3046875,473030.3802083333
MAPPO strict 1+5 (stitched 100M),50-100M,55913600,2184.125,474220.984375,474361.8333333333
MAPPO strict 1+5 (stitched 100M),50-100M,55964800,2186.125,475061.2109375,474698.5651041667
MAPPO strict 1+5 (stitched 100M),50-100M,56016000,2188.125,474813.5,475350.4817708333
MAPPO strict 1+5 (stitched 100M),50-100M,56067200,2190.125,476176.734375,476395.484375
MAPPO strict 1+5 (stitched 100M),50-100M,56118400,2192.125,478196.21875,477350.9869791667
MAPPO strict 1+5 (stitched 100M),50-100M,56169600,2194.125,477680.0078125,477858.7708333333
MAPPO strict 1+5 (stitched 100M),50-100M,56220800,2196.125,477700.0859375,477801.0833333333
MAPPO strict 1+5 (stitched 100M),50-100M,56272000,2198.125,478023.15625,477998.453125
MAPPO strict 1+5 (stitched 100M),50-100M,56323200,2200.125,478272.1171875,478284.0963541667
MAPPO strict 1+5 (stitched 100M),50-100M,56374400,2202.125,478557.015625,478289.4635416667
MAPPO strict 1+5 (stitched 100M),50-100M,56425600,2204.125,478039.2578125,478771.4166666667
MAPPO strict 1+5 (stitched 100M),50-100M,56476800,2206.125,479717.9765625,478901.3828125
MAPPO strict 1+5 (stitched 100M),50-100M,56528000,2208.125,478946.9140625,479065.984375
MAPPO strict 1+5 (stitched 100M),50-100M,56579200,2210.125,478533.0625,478520.7682291667
MAPPO strict 1+5 (stitched 100M),50-100M,56630400,2212.125,478082.328125,478125.6901041667
MAPPO strict 1+5 (stitched 100M),50-100M,56681600,2214.125,477761.6796875,477701.4192708333
MAPPO strict 1+5 (stitched 100M),50-100M,56732800,2216.125,477260.25,476983.2369791667
MAPPO strict 1+5 (stitched 100M),50-100M,56784000,2218.125,475927.78125,475761.0182291667
MAPPO strict 1+5 (stitched 100M),50-100M,56835200,2220.125,474095.0234375,474743.7786458333
MAPPO strict 1+5 (stitched 100M),50-100M,56886400,2222.125,474208.53125,474281.6979166667
MAPPO strict 1+5 (stitched 100M),50-100M,56937600,2224.125,474541.5390625,474821.9765625
MAPPO strict 1+5 (stitched 100M),50-100M,56988800,2226.125,475715.859375,475491.1901041667
MAPPO strict 1+5 (stitched 100M),50-100M,57040000,2228.125,476216.171875,476444.0625
MAPPO strict 1+5 (stitched 100M),50-100M,57091200,2230.125,477400.15625,476234.4010416667
MAPPO strict 1+5 (stitched 100M),50-100M,57142400,2232.125,475086.875,476737.0677083333
MAPPO strict 1+5 (stitched 100M),50-100M,57193600,2234.125,477724.171875,476880.6744791667
MAPPO strict 1+5 (stitched 100M),50-100M,57244800,2236.125,477830.9765625,477860.4322916667
MAPPO strict 1+5 (stitched 100M),50-100M,57296000,2238.125,478026.1484375,477885.7604166667
MAPPO strict 1+5 (stitched 100M),50-100M,57347200,2240.125,477800.15625,477806.8307291667
MAPPO strict 1+5 (stitched 100M),50-100M,57398400,2242.125,477594.1875,477327.5130208333
MAPPO strict 1+5 (stitched 100M),50-100M,57449600,2244.125,476588.1953125,477940.7786458333
MAPPO strict 1+5 (stitched 100M),50-100M,57500800,2246.125,479639.953125,478200.6848958333
MAPPO strict 1+5 (stitched 100M),50-100M,57552000,2248.125,478373.90625,479513.8385416667
MAPPO strict 1+5 (stitched 100M),50-100M,57603200,2250.125,480527.65625,479269.171875
MAPPO strict 1+5 (stitched 100M),50-100M,57654400,2252.125,478905.953125,479709.0625
MAPPO strict 1+5 (stitched 100M),50-100M,57705600,2254.125,479693.578125,479825.125
MAPPO strict 1+5 (stitched 100M),50-100M,57756800,2256.125,480875.84375,480527.3697916667
MAPPO strict 1+5 (stitched 100M),50-100M,57808000,2258.125,481012.6875,481081.0729166667
MAPPO strict 1+5 (stitched 100M),50-100M,57859200,2260.125,481354.6875,480764.6614583333
MAPPO strict 1+5 (stitched 100M),50-100M,57910400,2262.125,479926.609375,479709.7447916667
MAPPO strict 1+5 (stitched 100M),50-100M,57961600,2264.125,477847.9375,478842.453125
MAPPO strict 1+5 (stitched 100M),50-100M,58012800,2266.125,478752.8125,477996.4583333333
MAPPO strict 1+5 (stitched 100M),50-100M,58064000,2268.125,477388.625,478157.5572916667
MAPPO strict 1+5 (stitched 100M),50-100M,58115200,2270.125,478331.234375,477796.2786458333
MAPPO strict 1+5 (stitched 100M),50-100M,58166400,2272.125,477668.9765625,478226.9088541667
MAPPO strict 1+5 (stitched 100M),50-100M,58217600,2274.125,478680.515625,477755.4296875
MAPPO strict 1+5 (stitched 100M),50-100M,58268800,2276.125,476916.796875,477812.2473958333
MAPPO strict 1+5 (stitched 100M),50-100M,58320000,2278.125,477839.4296875,477810.7708333333
MAPPO strict 1+5 (stitched 100M),50-100M,58371200,2280.125,478676.0859375,478433.1953125
MAPPO strict 1+5 (stitched 100M),50-100M,58422400,2282.125,478784.0703125,478383.1640625
MAPPO strict 1+5 (stitched 100M),50-100M,58473600,2284.125,477689.3359375,478084.3333333333
MAPPO strict 1+5 (stitched 100M),50-100M,58524800,2286.125,477779.59375,477255.8515625
MAPPO strict 1+5 (stitched 100M),50-100M,58576000,2288.125,476298.625,476912.9088541667
MAPPO strict 1+5 (stitched 100M),50-100M,58627200,2290.125,476660.5078125,476770.8489583333
MAPPO strict 1+5 (stitched 100M),50-100M,58678400,2292.125,477353.4140625,477543.4505208333
MAPPO strict 1+5 (stitched 100M),50-100M,58729600,2294.125,478616.4296875,477166.34375
MAPPO strict 1+5 (stitched 100M),50-100M,58780800,2296.125,475529.1875,477110.0859375
MAPPO strict 1+5 (stitched 100M),50-100M,58832000,2298.125,477184.640625,476374.296875
MAPPO strict 1+5 (stitched 100M),50-100M,58883200,2300.125,476409.0625,476475.8307291667
MAPPO strict 1+5 (stitched 100M),50-100M,58934400,2302.125,475833.7890625,476015.7708333333
MAPPO strict 1+5 (stitched 100M),50-100M,58985600,2304.125,475804.4609375,475487.40625
MAPPO strict 1+5 (stitched 100M),50-100M,59036800,2306.125,474823.96875,475223.0989583333
MAPPO strict 1+5 (stitched 100M),50-100M,59088000,2308.125,475040.8671875,474629.5494791667
MAPPO strict 1+5 (stitched 100M),50-100M,59139200,2310.125,474023.8125,475209.3619791667
MAPPO strict 1+5 (stitched 100M),50-100M,59190400,2312.125,476563.40625,475554.2213541667
MAPPO strict 1+5 (stitched 100M),50-100M,59241600,2314.125,476075.4453125,475693.078125
MAPPO strict 1+5 (stitched 100M),50-100M,59292800,2316.125,474440.3828125,475166.7526041667
MAPPO strict 1+5 (stitched 100M),50-100M,59344000,2318.125,474984.4296875,474429.9947916667
MAPPO strict 1+5 (stitched 100M),50-100M,59395200,2320.125,473865.171875,474285.5494791667
MAPPO strict 1+5 (stitched 100M),50-100M,59446400,2322.125,474007.046875,474467.1328125
MAPPO strict 1+5 (stitched 100M),50-100M,59497600,2324.125,475529.1796875,475484.75
MAPPO strict 1+5 (stitched 100M),50-100M,59548800,2326.125,476918.0234375,476629.2916666667
MAPPO strict 1+5 (stitched 100M),50-100M,59600000,2328.125,477440.671875,477167.1119791667
MAPPO strict 1+5 (stitched 100M),50-100M,59651200,2330.125,477142.640625,477950.6041666667
MAPPO strict 1+5 (stitched 100M),50-100M,59702400,2332.125,479268.5,478391.734375
MAPPO strict 1+5 (stitched 100M),50-100M,59753600,2334.125,478764.0625,478167.0286458333
MAPPO strict 1+5 (stitched 100M),50-100M,59804800,2336.125,476468.5234375,477076.6927083333
MAPPO strict 1+5 (stitched 100M),50-100M,59856000,2338.125,475997.4921875,476539.21875
MAPPO strict 1+5 (stitched 100M),50-100M,59907200,2340.125,477151.640625,477222.75
MAPPO strict 1+5 (stitched 100M),50-100M,59958400,2342.125,478519.1171875,477950.8463541667
MAPPO strict 1+5 (stitched 100M),50-100M,60009600,2344.125,478181.78125,478009.9427083333
MAPPO strict 1+5 (stitched 100M),50-100M,60060800,2346.125,477328.9296875,477170.1614583333
MAPPO strict 1+5 (stitched 100M),50-100M,60112000,2348.125,475999.7734375,476262.0755208333
MAPPO strict 1+5 (stitched 100M),50-100M,60163200,2350.125,475457.5234375,475463.2005208333
MAPPO strict 1+5 (stitched 100M),50-100M,60214400,2352.125,474932.3046875,475139.4583333333
MAPPO strict 1+5 (stitched 100M),50-100M,60265600,2354.125,475028.546875,474567.671875
MAPPO strict 1+5 (stitched 100M),50-100M,60316800,2356.125,473742.1640625,473819.3958333333
MAPPO strict 1+5 (stitched 100M),50-100M,60368000,2358.125,472687.4765625,473553.6067708333
MAPPO strict 1+5 (stitched 100M),50-100M,60419200,2360.125,474231.1796875,474032.296875
MAPPO strict 1+5 (stitched 100M),50-100M,60470400,2362.125,475178.234375,475180.5989583333
MAPPO strict 1+5 (stitched 100M),50-100M,60521600,2364.125,476132.3828125,475458.5677083333
MAPPO strict 1+5 (stitched 100M),50-100M,60572800,2366.125,475065.0859375,475730.3020833333
MAPPO strict 1+5 (stitched 100M),50-100M,60624000,2368.125,475993.4375,475135.0651041667
MAPPO strict 1+5 (stitched 100M),50-100M,60675200,2370.125,474346.671875,475217.9192708333
MAPPO strict 1+5 (stitched 100M),50-100M,60726400,2372.125,475313.6484375,474620.203125
MAPPO strict 1+5 (stitched 100M),50-100M,60777600,2374.125,474200.2890625,474204.6588541667
MAPPO strict 1+5 (stitched 100M),50-100M,60828800,2376.125,473100.0390625,473499.6015625
MAPPO strict 1+5 (stitched 100M),50-100M,60880000,2378.125,473198.4765625,473014.0286458333
MAPPO strict 1+5 (stitched 100M),50-100M,60931200,2380.125,472743.5703125,473190.4557291667
MAPPO strict 1+5 (stitched 100M),50-100M,60982400,2382.125,473629.3203125,474239.1119791667
MAPPO strict 1+5 (stitched 100M),50-100M,61033600,2384.125,476344.4453125,474999.3125
MAPPO strict 1+5 (stitched 100M),50-100M,61084800,2386.125,475024.171875,476134.8489583333
MAPPO strict 1+5 (stitched 100M),50-100M,61136000,2388.125,477035.9296875,475396.7109375
MAPPO strict 1+5 (stitched 100M),50-100M,61187200,2390.125,474130.03125,475949.296875
MAPPO strict 1+5 (stitched 100M),50-100M,61238400,2392.125,476681.9296875,475747.1223958333
MAPPO strict 1+5 (stitched 100M),50-100M,61289600,2394.125,476429.40625,476491.4739583333
MAPPO strict 1+5 (stitched 100M),50-100M,61340800,2396.125,476363.0859375,475863.3098958333
MAPPO strict 1+5 (stitched 100M),50-100M,61392000,2398.125,474797.4375,475450.9921875
MAPPO strict 1+5 (stitched 100M),50-100M,61443200,2400.125,475192.453125,474427.6171875
MAPPO strict 1+5 (stitched 100M),50-100M,61494400,2402.125,473292.9609375,474295.765625
MAPPO strict 1+5 (stitched 100M),50-100M,61545600,2404.125,474401.8828125,473758.34375
MAPPO strict 1+5 (stitched 100M),50-100M,61596800,2406.125,473580.1875,474158.3802083333
MAPPO strict 1+5 (stitched 100M),50-100M,61648000,2408.125,474493.0703125,473873.8723958333
MAPPO strict 1+5 (stitched 100M),50-100M,61699200,2410.125,473548.359375,473522.0546875
MAPPO strict 1+5 (stitched 100M),50-100M,61750400,2412.125,472524.734375,472350.3958333333
MAPPO strict 1+5 (stitched 100M),50-100M,61801600,2414.125,470978.09375,472635.4557291667
MAPPO strict 1+5 (stitched 100M),50-100M,61852800,2416.125,474403.5390625,473226.21875
MAPPO strict 1+5 (stitched 100M),50-100M,61904000,2418.125,474297.0234375,473948.3177083333
MAPPO strict 1+5 (stitched 100M),50-100M,61955200,2420.125,473144.390625,472904.7838541667
MAPPO strict 1+5 (stitched 100M),50-100M,62006400,2422.125,471272.9375,472613.4296875
MAPPO strict 1+5 (stitched 100M),50-100M,62057600,2424.125,473422.9609375,473057.7135416667
MAPPO strict 1+5 (stitched 100M),50-100M,62108800,2426.125,474477.2421875,474137.2552083333
MAPPO strict 1+5 (stitched 100M),50-100M,62160000,2428.125,474511.5625,474717.6484375
MAPPO strict 1+5 (stitched 100M),50-100M,62211200,2430.125,475164.140625,474416.1276041667
MAPPO strict 1+5 (stitched 100M),50-100M,62262400,2432.125,473572.6796875,474580.0078125
MAPPO strict 1+5 (stitched 100M),50-100M,62313600,2434.125,475003.203125,474823.8359375
MAPPO strict 1+5 (stitched 100M),50-100M,62364800,2436.125,475895.625,474857.3515625
MAPPO strict 1+5 (stitched 100M),50-100M,62416000,2438.125,473673.2265625,475414.6536458333
MAPPO strict 1+5 (stitched 100M),50-100M,62467200,2440.125,476675.109375,475599.9322916667
MAPPO strict 1+5 (stitched 100M),50-100M,62518400,2442.125,476451.4609375,476079.9557291667
MAPPO strict 1+5 (stitched 100M),50-100M,62569600,2444.125,475113.296875,476538.7578125
MAPPO strict 1+5 (stitched 100M),50-100M,62620800,2446.125,478051.515625,477166.4921875
MAPPO strict 1+5 (stitched 100M),50-100M,62672000,2448.125,478334.6640625,478928.6953125
MAPPO strict 1+5 (stitched 100M),50-100M,62723200,2450.125,480399.90625,479818.0338541667
MAPPO strict 1+5 (stitched 100M),50-100M,62774400,2452.125,480719.53125,480362.3932291667
MAPPO strict 1+5 (stitched 100M),50-100M,62825600,2454.125,479967.7421875,479779.8151041667
MAPPO strict 1+5 (stitched 100M),50-100M,62876800,2456.125,478652.171875,478535.5104166667
MAPPO strict 1+5 (stitched 100M),50-100M,62928000,2458.125,476986.6171875,477631.2786458333
MAPPO strict 1+5 (stitched 100M),50-100M,62979200,2460.125,477255.046875,476482.7291666667
MAPPO strict 1+5 (stitched 100M),50-100M,63030400,2462.125,475206.5234375,476497.6223958333
MAPPO strict 1+5 (stitched 100M),50-100M,63081600,2464.125,477031.296875,475448.328125
MAPPO strict 1+5 (stitched 100M),50-100M,63132800,2466.125,474107.1640625,475136.7369791667
MAPPO strict 1+5 (stitched 100M),50-100M,63184000,2468.125,474271.75,474391.5546875
MAPPO strict 1+5 (stitched 100M),50-100M,63235200,2470.125,474795.75,474163.0572916667
MAPPO strict 1+5 (stitched 100M),50-100M,63286400,2472.125,473421.671875,474472.4947916667
MAPPO strict 1+5 (stitched 100M),50-100M,63337600,2474.125,475200.0625,474450.1328125
MAPPO strict 1+5 (stitched 100M),50-100M,63388800,2476.125,474728.6640625,474657.9609375
MAPPO strict 1+5 (stitched 100M),50-100M,63440000,2478.125,474045.15625,474249.9140625
MAPPO strict 1+5 (stitched 100M),50-100M,63491200,2480.125,473975.921875,474546.8203125
MAPPO strict 1+5 (stitched 100M),50-100M,63542400,2482.125,475619.3828125,474873.1822916667
MAPPO strict 1+5 (stitched 100M),50-100M,63593600,2484.125,475024.2421875,475487.1979166667
MAPPO strict 1+5 (stitched 100M),50-100M,63644800,2486.125,475817.96875,475278.7239583333
MAPPO strict 1+5 (stitched 100M),50-100M,63696000,2488.125,474993.9609375,475341.8515625
MAPPO strict 1+5 (stitched 100M),50-100M,63747200,2490.125,475213.625,475230.3151041667
MAPPO strict 1+5 (stitched 100M),50-100M,63798400,2492.125,475483.359375,475635.8984375
MAPPO strict 1+5 (stitched 100M),50-100M,63849600,2494.125,476210.7109375,476935.0651041667
MAPPO strict 1+5 (stitched 100M),50-100M,63900800,2496.125,479111.125,477240.7916666667
MAPPO strict 1+5 (stitched 100M),50-100M,63952000,2498.125,476400.5390625,477442.4114583333
MAPPO strict 1+5 (stitched 100M),50-100M,64003200,2500.125,476815.5703125,475984.2734375
MAPPO strict 1+5 (stitched 100M),50-100M,64054400,2502.125,474736.7109375,475508.9869791667
MAPPO strict 1+5 (stitched 100M),50-100M,64105600,2504.125,474974.6796875,475938.8880208333
MAPPO strict 1+5 (stitched 100M),50-100M,64156800,2506.125,478105.2734375,475993.1927083333
MAPPO strict 1+5 (stitched 100M),50-100M,64208000,2508.125,474899.625,476066.5364583333
MAPPO strict 1+5 (stitched 100M),50-100M,64259200,2510.125,475194.7109375,475102.8385416667
MAPPO strict 1+5 (stitched 100M),50-100M,64310400,2512.125,475214.1796875,474577.2838541667
MAPPO strict 1+5 (stitched 100M),50-100M,64361600,2514.125,473322.9609375,474328.2291666667
MAPPO strict 1+5 (stitched 100M),50-100M,64412800,2516.125,474447.546875,474735.6770833333
MAPPO strict 1+5 (stitched 100M),50-100M,64464000,2518.125,476436.5234375,476360.8619791667
MAPPO strict 1+5 (stitched 100M),50-100M,64515200,2520.125,478198.515625,476597.7526041667
MAPPO strict 1+5 (stitched 100M),50-100M,64566400,2522.125,475158.21875,476950.0625
MAPPO strict 1+5 (stitched 100M),50-100M,64617600,2524.125,477493.453125,476342.7213541667
MAPPO strict 1+5 (stitched 100M),50-100M,64668800,2526.125,476376.4921875,477049.3098958333
MAPPO strict 1+5 (stitched 100M),50-100M,64720000,2528.125,477277.984375,477344.3463541667
MAPPO strict 1+5 (stitched 100M),50-100M,64771200,2530.125,478378.5625,478010.9375
MAPPO strict 1+5 (stitched 100M),50-100M,64822400,2532.125,478376.265625,478498.8411458333
MAPPO strict 1+5 (stitched 100M),50-100M,64873600,2534.125,478741.6953125,477927.53125
MAPPO strict 1+5 (stitched 100M),50-100M,64924800,2536.125,476664.6328125,477394.7838541667
MAPPO strict 1+5 (stitched 100M),50-100M,64976000,2538.125,476778.0234375,476815.5364583333
MAPPO strict 1+5 (stitched 100M),50-100M,65027200,2540.125,477003.953125,476831.3020833333
MAPPO strict 1+5 (stitched 100M),50-100M,65078400,2542.125,476711.9296875,476707.8645833333
MAPPO strict 1+5 (stitched 100M),50-100M,65129600,2544.125,476407.7109375,476059.0234375
MAPPO strict 1+5 (stitched 100M),50-100M,65180800,2546.125,475057.4296875,475963.5546875
MAPPO strict 1+5 (stitched 100M),50-100M,65232000,2548.125,476425.5234375,476018.7473958333
MAPPO strict 1+5 (stitched 100M),50-100M,65283200,2550.125,476573.2890625,477024.8255208333
MAPPO strict 1+5 (stitched 100M),50-100M,65334400,2552.125,478075.6640625,477319.9296875
MAPPO strict 1+5 (stitched 100M),50-100M,65385600,2554.125,477310.8359375,477452.6067708333
MAPPO strict 1+5 (stitched 100M),50-100M,65436800,2556.125,476971.3203125,477443.4192708333
MAPPO strict 1+5 (stitched 100M),50-100M,65488000,2558.125,478048.1015625,477821.5026041667
MAPPO strict 1+5 (stitched 100M),50-100M,65539200,2560.125,478445.0859375,477952.84375
MAPPO strict 1+5 (stitched 100M),50-100M,65590400,2562.125,477365.34375,477729.3489583333
MAPPO strict 1+5 (stitched 100M),50-100M,65641600,2564.125,477377.6171875,476708.75
MAPPO strict 1+5 (stitched 100M),50-100M,65692800,2566.125,475383.2890625,476827.40625
MAPPO strict 1+5 (stitched 100M),50-100M,65744000,2568.125,477721.3125,476599.328125
MAPPO strict 1+5 (stitched 100M),50-100M,65795200,2570.125,476693.3828125,477459.6145833333
MAPPO strict 1+5 (stitched 100M),50-100M,65846400,2572.125,477964.1484375,477339.9166666667
MAPPO strict 1+5 (stitched 100M),50-100M,65897600,2574.125,477362.21875,477770.390625
MAPPO strict 1+5 (stitched 100M),50-100M,65948800,2576.125,477984.8046875,477662.109375
MAPPO strict 1+5 (stitched 100M),50-100M,66000000,2578.125,477639.3046875,477723.2760416667
MAPPO strict 1+5 (stitched 100M),50-100M,66051200,2580.125,477545.71875,478284.1041666667
MAPPO strict 1+5 (stitched 100M),50-100M,66102400,2582.125,479667.2890625,478716.3932291667
MAPPO strict 1+5 (stitched 100M),50-100M,66153600,2584.125,478936.171875,479032.875
MAPPO strict 1+5 (stitched 100M),50-100M,66204800,2586.125,478495.1640625,478116.3671875
MAPPO strict 1+5 (stitched 100M),50-100M,66256000,2588.125,476917.765625,477579.1744791667
MAPPO strict 1+5 (stitched 100M),50-100M,66307200,2590.125,477324.59375,477749.296875
MAPPO strict 1+5 (stitched 100M),50-100M,66358400,2592.125,479005.53125,478944.4973958333
MAPPO strict 1+5 (stitched 100M),50-100M,66409600,2594.125,480503.3671875,480856.4114583333
MAPPO strict 1+5 (stitched 100M),50-100M,66460800,2596.125,483060.3359375,481486.8177083333
MAPPO strict 1+5 (stitched 100M),50-100M,66512000,2598.125,480896.75,481280.9036458333
MAPPO strict 1+5 (stitched 100M),50-100M,66563200,2600.125,479885.625,480632.8098958333
MAPPO strict 1+5 (stitched 100M),50-100M,66614400,2602.125,481116.0546875,480520.7864583333
MAPPO strict 1+5 (stitched 100M),50-100M,66665600,2604.125,480560.6796875,480044.9401041667
MAPPO strict 1+5 (stitched 100M),50-100M,66716800,2606.125,478458.0859375,479983.7734375
MAPPO strict 1+5 (stitched 100M),50-100M,66768000,2608.125,480932.5546875,479924.2838541667
MAPPO strict 1+5 (stitched 100M),50-100M,66819200,2610.125,480382.2109375,481121.125
MAPPO strict 1+5 (stitched 100M),50-100M,66870400,2612.125,482048.609375,481786.1510416667
MAPPO strict 1+5 (stitched 100M),50-100M,66921600,2614.125,482927.6328125,481358.0989583333
MAPPO strict 1+5 (stitched 100M),50-100M,66972800,2616.125,479098.0546875,480119.8411458333
MAPPO strict 1+5 (stitched 100M),50-100M,67024000,2618.125,478333.8359375,478425.3984375
MAPPO strict 1+5 (stitched 100M),50-100M,67075200,2620.125,477844.3046875,477604.5130208333
MAPPO strict 1+5 (stitched 100M),50-100M,67126400,2622.125,476635.3984375,477181.4869791667
MAPPO strict 1+5 (stitched 100M),50-100M,67177600,2624.125,477064.7578125,477006.6458333333
MAPPO strict 1+5 (stitched 100M),50-100M,67228800,2626.125,477319.78125,477714.7942708333
MAPPO strict 1+5 (stitched 100M),50-100M,67280000,2628.125,478759.84375,478792.2109375
MAPPO strict 1+5 (stitched 100M),50-100M,67331200,2630.125,480297.0078125,479996.8932291667
MAPPO strict 1+5 (stitched 100M),50-100M,67382400,2632.125,480933.828125,481525.1145833333
MAPPO strict 1+5 (stitched 100M),50-100M,67433600,2634.125,483344.5078125,482817.5572916667
MAPPO strict 1+5 (stitched 100M),50-100M,67484800,2636.125,484174.3359375,482975.9375
MAPPO strict 1+5 (stitched 100M),50-100M,67536000,2638.125,481408.96875,482316.1848958333
MAPPO strict 1+5 (stitched 100M),50-100M,67587200,2640.125,481365.25,481734.6197916667
MAPPO strict 1+5 (stitched 100M),50-100M,67638400,2642.125,482429.640625,481943.4869791667
MAPPO strict 1+5 (stitched 100M),50-100M,67689600,2644.125,482035.5703125,481823.1328125
MAPPO strict 1+5 (stitched 100M),50-100M,67740800,2646.125,481004.1875,480761.7734375
MAPPO strict 1+5 (stitched 100M),50-100M,67792000,2648.125,479245.5625,480090.3229166667
MAPPO strict 1+5 (stitched 100M),50-100M,67843200,2650.125,480021.21875,479541.5338541667
MAPPO strict 1+5 (stitched 100M),50-100M,67894400,2652.125,479357.8203125,479690.1744791667
MAPPO strict 1+5 (stitched 100M),50-100M,67945600,2654.125,479691.484375,479570.1197916667
MAPPO strict 1+5 (stitched 100M),50-100M,67996800,2656.125,479661.0546875,479293.1927083333
MAPPO strict 1+5 (stitched 100M),50-100M,68048000,2658.125,478527.0390625,479120.4036458333
MAPPO strict 1+5 (stitched 100M),50-100M,68099200,2660.125,479173.1171875,479722.3776041667
MAPPO strict 1+5 (stitched 100M),50-100M,68150400,2662.125,481466.9765625,481044.2942708333
MAPPO strict 1+5 (stitched 100M),50-100M,68201600,2664.125,482492.7890625,481529.53125
MAPPO strict 1+5 (stitched 100M),50-100M,68252800,2666.125,480628.828125,481009.7708333333
MAPPO strict 1+5 (stitched 100M),50-100M,68304000,2668.125,479907.6953125,480317.3984375
MAPPO strict 1+5 (stitched 100M),50-100M,68355200,2670.125,480415.671875,479550.6119791667
MAPPO strict 1+5 (stitched 100M),50-100M,68406400,2672.125,478328.46875,479451.5520833333
MAPPO strict 1+5 (stitched 100M),50-100M,68457600,2674.125,479610.515625,479429.3046875
MAPPO strict 1+5 (stitched 100M),50-100M,68508800,2676.125,480348.9296875,480442.28125
MAPPO strict 1+5 (stitched 100M),50-100M,68560000,2678.125,481367.3984375,481534.2473958333
MAPPO strict 1+5 (stitched 100M),50-100M,68611200,2680.125,482886.4140625,481818.984375
MAPPO strict 1+5 (stitched 100M),50-100M,68662400,2682.125,481203.140625,481265.5625
MAPPO strict 1+5 (stitched 100M),50-100M,68713600,2684.125,479707.1328125,480015.2369791667
MAPPO strict 1+5 (stitched 100M),50-100M,68764800,2686.125,479135.4375,479652.5364583333
MAPPO strict 1+5 (stitched 100M),50-100M,68816000,2688.125,480115.0390625,479442.2369791667
MAPPO strict 1+5 (stitched 100M),50-100M,68867200,2690.125,479076.234375,479735.7552083333
MAPPO strict 1+5 (stitched 100M),50-100M,68918400,2692.125,480015.9921875,478685.75
MAPPO strict 1+5 (stitched 100M),50-100M,68969600,2694.125,476965.0234375,478701.8776041667
MAPPO strict 1+5 (stitched 100M),50-100M,69020800,2696.125,479124.6171875,478854.7265625
MAPPO strict 1+5 (stitched 100M),50-100M,69072000,2698.125,480474.5390625,479886.3828125
MAPPO strict 1+5 (stitched 100M),50-100M,69123200,2700.125,480059.9921875,479897.9479166667
MAPPO strict 1+5 (stitched 100M),50-100M,69174400,2702.125,479159.3125,479713.4947916667
MAPPO strict 1+5 (stitched 100M),50-100M,69225600,2704.125,479921.1796875,479511.609375
MAPPO strict 1+5 (stitched 100M),50-100M,69276800,2706.125,479454.3359375,479601.8671875
MAPPO strict 1+5 (stitched 100M),50-100M,69328000,2708.125,479430.0859375,479811.0286458333
MAPPO strict 1+5 (stitched 100M),50-100M,69379200,2710.125,480548.6640625,480466.7890625
MAPPO strict 1+5 (stitched 100M),50-100M,69430400,2712.125,481421.6171875,481266.7916666667
MAPPO strict 1+5 (stitched 100M),50-100M,69481600,2714.125,481830.09375,481583.0677083333
MAPPO strict 1+5 (stitched 100M),50-100M,69532800,2716.125,481497.4921875,481489.0989583333
MAPPO strict 1+5 (stitched 100M),50-100M,69584000,2718.125,481139.7109375,481077.1302083333
MAPPO strict 1+5 (stitched 100M),50-100M,69635200,2720.125,480594.1875,480865.25
MAPPO strict 1+5 (stitched 100M),50-100M,69686400,2722.125,480861.8515625,481666.5494791667
MAPPO strict 1+5 (stitched 100M),50-100M,69737600,2724.125,483543.609375,481941.4427083333
MAPPO strict 1+5 (stitched 100M),50-100M,69788800,2726.125,481418.8671875,482798.8151041667
MAPPO strict 1+5 (stitched 100M),50-100M,69840000,2728.125,483433.96875,483487.859375
MAPPO strict 1+5 (stitched 100M),50-100M,69891200,2730.125,485610.7421875,483269.2109375
MAPPO strict 1+5 (stitched 100M),50-100M,69942400,2732.125,480762.921875,483099.6145833333
MAPPO strict 1+5 (stitched 100M),50-100M,69993600,2734.125,482925.1796875,482278.1041666667
MAPPO strict 1+5 (stitched 100M),50-100M,70044800,2736.125,483146.2109375,482817.9375
MAPPO strict 1+5 (stitched 100M),50-100M,70096000,2738.125,482382.421875,483306.5182291667
MAPPO strict 1+5 (stitched 100M),50-100M,70147200,2740.125,484390.921875,482867.0833333333
MAPPO strict 1+5 (stitched 100M),50-100M,70198400,2742.125,481827.90625,482367.5026041667
MAPPO strict 1+5 (stitched 100M),50-100M,70249600,2744.125,480883.6796875,481380.5520833333
MAPPO strict 1+5 (stitched 100M),50-100M,70300800,2746.125,481430.0703125,481820.3984375
MAPPO strict 1+5 (stitched 100M),50-100M,70352000,2748.125,483147.4453125,482360.28125
MAPPO strict 1+5 (stitched 100M),50-100M,70403200,2750.125,482503.328125,481996.2630208333
MAPPO strict 1+5 (stitched 100M),50-100M,70454400,2752.125,480338.015625,481349.5390625
MAPPO strict 1+5 (stitched 100M),50-100M,70505600,2754.125,481207.2734375,481072.5260416667
MAPPO strict 1+5 (stitched 100M),50-100M,70556800,2756.125,481672.2890625,482380.2916666667
MAPPO strict 1+5 (stitched 100M),50-100M,70608000,2758.125,484261.3125,482750.9895833333
MAPPO strict 1+5 (stitched 100M),50-100M,70659200,2760.125,482319.3671875,484013.7161458333
MAPPO strict 1+5 (stitched 100M),50-100M,70710400,2762.125,485460.46875,483493.4869791667
MAPPO strict 1+5 (stitched 100M),50-100M,70761600,2764.125,482700.625,484309.6197916667
MAPPO strict 1+5 (stitched 100M),50-100M,70812800,2766.125,484767.765625,484286.1744791667
MAPPO strict 1+5 (stitched 100M),50-100M,70864000,2768.125,485390.1328125,484863.0364583333
MAPPO strict 1+5 (stitched 100M),50-100M,70915200,2770.125,484431.2109375,484169.1614583333
MAPPO strict 1+5 (stitched 100M),50-100M,70966400,2772.125,482686.140625,483459.0807291667
MAPPO strict 1+5 (stitched 100M),50-100M,71017600,2774.125,483259.890625,482474.2395833333
MAPPO strict 1+5 (stitched 100M),50-100M,71068800,2776.125,481476.6875,481329.4791666667
MAPPO strict 1+5 (stitched 100M),50-100M,71120000,2778.125,479251.859375,480054.71875
MAPPO strict 1+5 (stitched 100M),50-100M,71171200,2780.125,479435.609375,479472.4557291667
MAPPO strict 1+5 (stitched 100M),50-100M,71222400,2782.125,479729.8984375,479225.0885416667
MAPPO strict 1+5 (stitched 100M),50-100M,71273600,2784.125,478509.7578125,478981.9166666667
MAPPO strict 1+5 (stitched 100M),50-100M,71324800,2786.125,478706.09375,478711.328125
MAPPO strict 1+5 (stitched 100M),50-100M,71376000,2788.125,478918.1328125,478550.4739583333
MAPPO strict 1+5 (stitched 100M),50-100M,71427200,2790.125,478027.1953125,477888.6119791667
MAPPO strict 1+5 (stitched 100M),50-100M,71478400,2792.125,476720.5078125,477981.0546875
MAPPO strict 1+5 (stitched 100M),50-100M,71529600,2794.125,479195.4609375,477860.6744791667
MAPPO strict 1+5 (stitched 100M),50-100M,71580800,2796.125,477666.0546875,478906.9322916667
MAPPO strict 1+5 (stitched 100M),50-100M,71632000,2798.125,479859.28125,479616.7473958333
MAPPO strict 1+5 (stitched 100M),50-100M,71683200,2800.125,481324.90625,480191.4088541667
MAPPO strict 1+5 (stitched 100M),50-100M,71734400,2802.125,479390.0390625,480495.8567708333
MAPPO strict 1+5 (stitched 100M),50-100M,71785600,2804.125,480772.625,480539.609375
MAPPO strict 1+5 (stitched 100M),50-100M,71836800,2806.125,481456.1640625,481235.9895833333
MAPPO strict 1+5 (stitched 100M),50-100M,71888000,2808.125,481479.1796875,481348.1770833333
MAPPO strict 1+5 (stitched 100M),50-100M,71939200,2810.125,481109.1875,481598.7630208333
MAPPO strict 1+5 (stitched 100M),50-100M,71990400,2812.125,482207.921875,482228.578125
MAPPO strict 1+5 (stitched 100M),50-100M,72041600,2814.125,483368.625,482685.1927083333
MAPPO strict 1+5 (stitched 100M),50-100M,72092800,2816.125,482479.03125,482622.9661458333
MAPPO strict 1+5 (stitched 100M),50-100M,72144000,2818.125,482021.2421875,482241.4583333333
MAPPO strict 1+5 (stitched 100M),50-100M,72195200,2820.125,482224.1015625,481780.2395833333
MAPPO strict 1+5 (stitched 100M),50-100M,72246400,2822.125,481095.375,481579.3567708333
MAPPO strict 1+5 (stitched 100M),50-100M,72297600,2824.125,481418.59375,480816.5989583333
MAPPO strict 1+5 (stitched 100M),50-100M,72348800,2826.125,479935.828125,480824.53125
MAPPO strict 1+5 (stitched 100M),50-100M,72400000,2828.125,481119.171875,481043.1640625
MAPPO strict 1+5 (stitched 100M),50-100M,72451200,2830.125,482074.4921875,481693.3203125
MAPPO strict 1+5 (stitched 100M),50-100M,72502400,2832.125,481886.296875,482069.7395833333
MAPPO strict 1+5 (stitched 100M),50-100M,72553600,2834.125,482248.4296875,481687.8880208333
MAPPO strict 1+5 (stitched 100M),50-100M,72604800,2836.125,480928.9375,481727.1432291667
MAPPO strict 1+5 (stitched 100M),50-100M,72656000,2838.125,482004.0625,481957.1796875
MAPPO strict 1+5 (stitched 100M),50-100M,72707200,2840.125,482938.5390625,483056.0651041667
MAPPO strict 1+5 (stitched 100M),50-100M,72758400,2842.125,484225.59375,484008.1536458333
MAPPO strict 1+5 (stitched 100M),50-100M,72809600,2844.125,484860.328125,484645.046875
MAPPO strict 1+5 (stitched 100M),50-100M,72860800,2846.125,484849.21875,484668.875
MAPPO strict 1+5 (stitched 100M),50-100M,72912000,2848.125,484297.078125,485213.1536458333
MAPPO strict 1+5 (stitched 100M),50-100M,72963200,2850.125,486493.1640625,485089.6901041667
MAPPO strict 1+5 (stitched 100M),50-100M,73014400,2852.125,484478.828125,484991.2578125
MAPPO strict 1+5 (stitched 100M),50-100M,73065600,2854.125,484001.78125,484581.6328125
MAPPO strict 1+5 (stitched 100M),50-100M,73116800,2856.125,485264.2890625,484240.7239583333
MAPPO strict 1+5 (stitched 100M),50-100M,73168000,2858.125,483456.1015625,484529.6041666667
MAPPO strict 1+5 (stitched 100M),50-100M,73219200,2860.125,484868.421875,484117.8255208333
MAPPO strict 1+5 (stitched 100M),50-100M,73270400,2862.125,484028.953125,483886.4739583333
MAPPO strict 1+5 (stitched 100M),50-100M,73321600,2864.125,482762.046875,483849.5520833333
MAPPO strict 1+5 (stitched 100M),50-100M,73372800,2866.125,484757.65625,484221.7265625
MAPPO strict 1+5 (stitched 100M),50-100M,73424000,2868.125,485145.4765625,484641.71875
MAPPO strict 1+5 (stitched 100M),50-100M,73475200,2870.125,484022.0234375,485185.3229166667
MAPPO strict 1+5 (stitched 100M),50-100M,73526400,2872.125,486388.46875,485494.9661458333
MAPPO strict 1+5 (stitched 100M),50-100M,73577600,2874.125,486074.40625,486270.5364583333
MAPPO strict 1+5 (stitched 100M),50-100M,73628800,2876.125,486348.734375,486988.6614583333
MAPPO strict 1+5 (stitched 100M),50-100M,73680000,2878.125,488542.84375,487819.2213541667
MAPPO strict 1+5 (stitched 100M),50-100M,73731200,2880.125,488566.0859375,488814.7447916667
MAPPO strict 1+5 (stitched 100M),50-100M,73782400,2882.125,489335.3046875,489305.4010416667
MAPPO strict 1+5 (stitched 100M),50-100M,73833600,2884.125,490014.8125,489375.0208333333
MAPPO strict 1+5 (stitched 100M),50-100M,73884800,2886.125,488774.9453125,489417.4348958333
MAPPO strict 1+5 (stitched 100M),50-100M,73936000,2888.125,489462.546875,488247.3854166667
MAPPO strict 1+5 (stitched 100M),50-100M,73987200,2890.125,486504.6640625,487521.8333333333
MAPPO strict 1+5 (stitched 100M),50-100M,74038400,2892.125,486598.2890625,485219.8151041667
MAPPO strict 1+5 (stitched 100M),50-100M,74089600,2894.125,482556.4921875,484267.90625
MAPPO strict 1+5 (stitched 100M),50-100M,74140800,2896.125,483648.9375,482487.6770833333
MAPPO strict 1+5 (stitched 100M),50-100M,74192000,2898.125,481257.6015625,481751.5911458333
MAPPO strict 1+5 (stitched 100M),50-100M,74243200,2900.125,480348.234375,480328.9895833333
MAPPO strict 1+5 (stitched 100M),50-100M,74294400,2902.125,479381.1328125,480346.109375
MAPPO strict 1+5 (stitched 100M),50-100M,74345600,2904.125,481308.9609375,480029.328125
MAPPO strict 1+5 (stitched 100M),50-100M,74396800,2906.125,479397.890625,481005.5364583333
MAPPO strict 1+5 (stitched 100M),50-100M,74448000,2908.125,482309.7578125,481072.5390625
MAPPO strict 1+5 (stitched 100M),50-100M,74499200,2910.125,481509.96875,481760.9348958333
MAPPO strict 1+5 (stitched 100M),50-100M,74550400,2912.125,481463.078125,481478.9322916667
MAPPO strict 1+5 (stitched 100M),50-100M,74601600,2914.125,481463.75,481282.7473958333
MAPPO strict 1+5 (stitched 100M),50-100M,74652800,2916.125,480921.4140625,480927.6901041667
MAPPO strict 1+5 (stitched 100M),50-100M,74704000,2918.125,480397.90625,480525.890625
MAPPO strict 1+5 (stitched 100M),50-100M,74755200,2920.125,480258.3515625,480410.734375
MAPPO strict 1+5 (stitched 100M),50-100M,74806400,2922.125,480575.9453125,480839.3697916667
MAPPO strict 1+5 (stitched 100M),50-100M,74857600,2924.125,481683.8125,481315.5911458333
MAPPO strict 1+5 (stitched 100M),50-100M,74908800,2926.125,481687.015625,481287.6276041667
MAPPO strict 1+5 (stitched 100M),50-100M,74960000,2928.125,480492.0546875,481552.7057291667
MAPPO strict 1+5 (stitched 100M),50-100M,75011200,2930.125,482479.046875,481477.6197916667
MAPPO strict 1+5 (stitched 100M),50-100M,75062400,2932.125,481461.7578125,481764.6145833333
MAPPO strict 1+5 (stitched 100M),50-100M,75113600,2934.125,481353.0390625,482099.5026041667
MAPPO strict 1+5 (stitched 100M),50-100M,75164800,2936.125,483483.7109375,482181.5651041667
MAPPO strict 1+5 (stitched 100M),50-100M,75216000,2938.125,481707.9453125,482503.8046875
MAPPO strict 1+5 (stitched 100M),50-100M,75267200,2940.125,482319.7578125,481344.5598958333
MAPPO strict 1+5 (stitched 100M),50-100M,75318400,2942.125,480005.9765625,481303.0182291667
MAPPO strict 1+5 (stitched 100M),50-100M,75369600,2944.125,481583.3203125,480918.7213541667
MAPPO strict 1+5 (stitched 100M),50-100M,75420800,2946.125,481166.8671875,481365.9583333333
MAPPO strict 1+5 (stitched 100M),50-100M,75472000,2948.125,481347.6875,481286.6380208333
MAPPO strict 1+5 (stitched 100M),50-100M,75523200,2950.125,481345.359375,481468.6380208333
MAPPO strict 1+5 (stitched 100M),50-100M,75574400,2952.125,481712.8671875,481699.4244791667
MAPPO strict 1+5 (stitched 100M),50-100M,75625600,2954.125,482040.046875,481531.5364583333
MAPPO strict 1+5 (stitched 100M),50-100M,75676800,2956.125,480841.6953125,480593.6328125
MAPPO strict 1+5 (stitched 100M),50-100M,75728000,2958.125,478899.15625,479299.7760416667
MAPPO strict 1+5 (stitched 100M),50-100M,75779200,2960.125,478158.4765625,478431.53125
MAPPO strict 1+5 (stitched 100M),50-100M,75830400,2962.125,478236.9609375,478576.5494791667
MAPPO strict 1+5 (stitched 100M),50-100M,75881600,2964.125,479334.2109375,478476.6510416667
MAPPO strict 1+5 (stitched 100M),50-100M,75932800,2966.125,477858.78125,478316.203125
MAPPO strict 1+5 (stitched 100M),50-100M,75984000,2968.125,477755.6171875,478524.6536458333
MAPPO strict 1+5 (stitched 100M),50-100M,76035200,2970.125,479959.5625,479260.2395833333
MAPPO strict 1+5 (stitched 100M),50-100M,76086400,2972.125,480065.5390625,479533.2057291667
MAPPO strict 1+5 (stitched 100M),50-100M,76137600,2974.125,478574.515625,479226.4140625
MAPPO strict 1+5 (stitched 100M),50-100M,76188800,2976.125,479039.1875,479196.6927083333
MAPPO strict 1+5 (stitched 100M),50-100M,76240000,2978.125,479976.375,479793.875
MAPPO strict 1+5 (stitched 100M),50-100M,76291200,2980.125,480366.0625,480308.1901041667
MAPPO strict 1+5 (stitched 100M),50-100M,76342400,2982.125,480582.1328125,480389.7708333333
MAPPO strict 1+5 (stitched 100M),50-100M,76393600,2984.125,480221.1171875,480258.7708333333
MAPPO strict 1+5 (stitched 100M),50-100M,76444800,2986.125,479973.0625,480510.0963541667
MAPPO strict 1+5 (stitched 100M),50-100M,76496000,2988.125,481336.109375,480477.7057291667
MAPPO strict 1+5 (stitched 100M),50-100M,76547200,2990.125,480123.9453125,480749.2552083333
MAPPO strict 1+5 (stitched 100M),50-100M,76598400,2992.125,480787.7109375,480766.953125
MAPPO strict 1+5 (stitched 100M),50-100M,76649600,2994.125,481389.203125,481430.984375
MAPPO strict 1+5 (stitched 100M),50-100M,76700800,2996.125,482116.0390625,481928.3463541667
MAPPO strict 1+5 (stitched 100M),50-100M,76752000,2998.125,482279.796875,482605.3255208333
MAPPO strict 1+5 (stitched 100M),50-100M,76803200,3000.125,483420.140625,482744.2708333333
MAPPO strict 1+5 (stitched 100M),50-100M,76854400,3002.125,482532.875,483487.3776041667
MAPPO strict 1+5 (stitched 100M),50-100M,76905600,3004.125,484509.1171875,482587.1510416667
MAPPO strict 1+5 (stitched 100M),50-100M,76956800,3006.125,480719.4609375,482850.3984375
MAPPO strict 1+5 (stitched 100M),50-100M,77008000,3008.125,483322.6171875,482418.5911458333
MAPPO strict 1+5 (stitched 100M),50-100M,77059200,3010.125,483213.6953125,482966.2369791667
MAPPO strict 1+5 (stitched 100M),50-100M,77110400,3012.125,482362.3984375,482772.3307291667
MAPPO strict 1+5 (stitched 100M),50-100M,77161600,3014.125,482740.8984375,482373.8255208333
MAPPO strict 1+5 (stitched 100M),50-100M,77212800,3016.125,482018.1796875,482688.078125
MAPPO strict 1+5 (stitched 100M),50-100M,77264000,3018.125,483305.15625,483106.0104166667
MAPPO strict 1+5 (stitched 100M),50-100M,77315200,3020.125,483994.6953125,483322.9921875
MAPPO strict 1+5 (stitched 100M),50-100M,77366400,3022.125,482669.125,483360.9791666667
MAPPO strict 1+5 (stitched 100M),50-100M,77417600,3024.125,483419.1171875,482859.4765625
MAPPO strict 1+5 (stitched 100M),50-100M,77468800,3026.125,482490.1875,482968.8046875
MAPPO strict 1+5 (stitched 100M),50-100M,77520000,3028.125,482997.109375,483277.3411458333
MAPPO strict 1+5 (stitched 100M),50-100M,77571200,3030.125,484344.7265625,483740.0364583333
MAPPO strict 1+5 (stitched 100M),50-100M,77622400,3032.125,483878.2734375,484319.1015625
MAPPO strict 1+5 (stitched 100M),50-100M,77673600,3034.125,484734.3046875,484342.7916666667
MAPPO strict 1+5 (stitched 100M),50-100M,77724800,3036.125,484415.796875,483597.9895833333
MAPPO strict 1+5 (stitched 100M),50-100M,77776000,3038.125,481643.8671875,483195.53125
MAPPO strict 1+5 (stitched 100M),50-100M,77827200,3040.125,483526.9296875,481864.5989583333
MAPPO strict 1+5 (stitched 100M),50-100M,77878400,3042.125,480423.0,481436.5677083333
MAPPO strict 1+5 (stitched 100M),50-100M,77929600,3044.125,480359.7734375,480496.71875
MAPPO strict 1+5 (stitched 100M),50-100M,77980800,3046.125,480707.3828125,480519.1328125
MAPPO strict 1+5 (stitched 100M),50-100M,78032000,3048.125,480490.2421875,480329.3255208333
MAPPO strict 1+5 (stitched 100M),50-100M,78083200,3050.125,479790.3515625,479832.6614583333
MAPPO strict 1+5 (stitched 100M),50-100M,78134400,3052.125,479217.390625,479572.8515625
MAPPO strict 1+5 (stitched 100M),50-100M,78185600,3054.125,479710.8125,479300.4036458333
MAPPO strict 1+5 (stitched 100M),50-100M,78236800,3056.125,478973.0078125,479715.453125
MAPPO strict 1+5 (stitched 100M),50-100M,78288000,3058.125,480462.5390625,479815.3828125
MAPPO strict 1+5 (stitched 100M),50-100M,78339200,3060.125,480010.6015625,480341.4140625
MAPPO strict 1+5 (stitched 100M),50-100M,78390400,3062.125,480551.1015625,480104.4661458333
MAPPO strict 1+5 (stitched 100M),50-100M,78441600,3064.125,479751.6953125,479659.328125
MAPPO strict 1+5 (stitched 100M),50-100M,78492800,3066.125,478675.1875,479039.6692708333
MAPPO strict 1+5 (stitched 100M),50-100M,78544000,3068.125,478692.125,478911.7760416667
MAPPO strict 1+5 (stitched 100M),50-100M,78595200,3070.125,479368.015625,478814.7213541667
MAPPO strict 1+5 (stitched 100M),50-100M,78646400,3072.125,478384.0234375,478285.5442708333
MAPPO strict 1+5 (stitched 100M),50-100M,78697600,3074.125,477104.59375,477204.4635416667
MAPPO strict 1+5 (stitched 100M),50-100M,78748800,3076.125,476124.7734375,476982.6119791667
MAPPO strict 1+5 (stitched 100M),50-100M,78800000,3078.125,477718.46875,476855.1588541667
MAPPO strict 1+5 (stitched 100M),50-100M,78851200,3080.125,476722.234375,477171.7005208333
MAPPO strict 1+5 (stitched 100M),50-100M,78902400,3082.125,477074.3984375,476916.0182291667
MAPPO strict 1+5 (stitched 100M),50-100M,78953600,3084.125,476951.421875,477296.9010416667
MAPPO strict 1+5 (stitched 100M),50-100M,79004800,3086.125,477864.8828125,477088.7473958333
MAPPO strict 1+5 (stitched 100M),50-100M,79056000,3088.125,476449.9375,477266.6015625
MAPPO strict 1+5 (stitched 100M),50-100M,79107200,3090.125,477484.984375,477630.1328125
MAPPO strict 1+5 (stitched 100M),50-100M,79158400,3092.125,478955.4765625,478569.2317708333
MAPPO strict 1+5 (stitched 100M),50-100M,79209600,3094.125,479267.234375,479021.4088541667
MAPPO strict 1+5 (stitched 100M),50-100M,79260800,3096.125,478841.515625,479299.6510416667
MAPPO strict 1+5 (stitched 100M),50-100M,79312000,3098.125,479790.203125,480408.4557291667
MAPPO strict 1+5 (stitched 100M),50-100M,79363200,3100.125,482593.6484375,481839.4088541667
MAPPO strict 1+5 (stitched 100M),50-100M,79414400,3102.125,483134.375,482584.2369791667
MAPPO strict 1+5 (stitched 100M),50-100M,79465600,3104.125,482024.6875,482410.0755208333
MAPPO strict 1+5 (stitched 100M),50-100M,79516800,3106.125,482071.1640625,482668.7526041667
MAPPO strict 1+5 (stitched 100M),50-100M,79568000,3108.125,483910.40625,483227.3515625
MAPPO strict 1+5 (stitched 100M),50-100M,79619200,3110.125,483700.484375,483935.2552083333
MAPPO strict 1+5 (stitched 100M),50-100M,79670400,3112.125,484194.875,483910.9322916667
MAPPO strict 1+5 (stitched 100M),50-100M,79721600,3114.125,483837.4375,483831.03125
MAPPO strict 1+5 (stitched 100M),50-100M,79772800,3116.125,483460.78125,483429.9348958333
MAPPO strict 1+5 (stitched 100M),50-100M,79824000,3118.125,482991.5859375,483921.6822916667
MAPPO strict 1+5 (stitched 100M),50-100M,79875200,3120.125,485312.6796875,484249.2786458333
MAPPO strict 1+5 (stitched 100M),50-100M,79926400,3122.125,484443.5703125,484545.3541666667
MAPPO strict 1+5 (stitched 100M),50-100M,79977600,3124.125,483879.8125,483833.8802083333
MAPPO strict 1+5 (stitched 100M),50-100M,80028800,3126.125,483178.2578125,483268.9583333333
MAPPO strict 1+5 (stitched 100M),50-100M,80080000,3128.125,482748.8046875,483183.1328125
MAPPO strict 1+5 (stitched 100M),50-100M,80131200,3130.125,483622.3359375,483664.0338541667
MAPPO strict 1+5 (stitched 100M),50-100M,80182400,3132.125,484620.9609375,484212.1145833333
MAPPO strict 1+5 (stitched 100M),50-100M,80233600,3134.125,484393.046875,484198.3776041667
MAPPO strict 1+5 (stitched 100M),50-100M,80284800,3136.125,483581.125,483395.9348958333
MAPPO strict 1+5 (stitched 100M),50-100M,80336000,3138.125,482213.6328125,482768.5729166667
MAPPO strict 1+5 (stitched 100M),50-100M,80387200,3140.125,482510.9609375,482275.7994791667
MAPPO strict 1+5 (stitched 100M),50-100M,80438400,3142.125,482102.8046875,482682.25
MAPPO strict 1+5 (stitched 100M),50-100M,80489600,3144.125,483432.984375,482963.8880208333
MAPPO strict 1+5 (stitched 100M),50-100M,80540800,3146.125,483355.875,483426.0989583333
MAPPO strict 1+5 (stitched 100M),50-100M,80592000,3148.125,483489.4375,483063.7265625
MAPPO strict 1+5 (stitched 100M),50-100M,80643200,3150.125,482345.8671875,482918.6380208333
MAPPO strict 1+5 (stitched 100M),50-100M,80694400,3152.125,482920.609375,483300.828125
MAPPO strict 1+5 (stitched 100M),50-100M,80745600,3154.125,484636.0078125,483750.6328125
MAPPO strict 1+5 (stitched 100M),50-100M,80796800,3156.125,483695.28125,483875.1119791667
MAPPO strict 1+5 (stitched 100M),50-100M,80848000,3158.125,483294.046875,483999.5416666667
MAPPO strict 1+5 (stitched 100M),50-100M,80899200,3160.125,485009.296875,483444.9427083333
MAPPO strict 1+5 (stitched 100M),50-100M,80950400,3162.125,482031.484375,483695.4791666667
MAPPO strict 1+5 (stitched 100M),50-100M,81001600,3164.125,484045.65625,483294.265625
MAPPO strict 1+5 (stitched 100M),50-100M,81052800,3166.125,483805.65625,483909.8203125
MAPPO strict 1+5 (stitched 100M),50-100M,81104000,3168.125,483878.1484375,482968.6979166667
MAPPO strict 1+5 (stitched 100M),50-100M,81155200,3170.125,481222.2890625,482818.71875
MAPPO strict 1+5 (stitched 100M),50-100M,81206400,3172.125,483355.71875,482827.0729166667
MAPPO strict 1+5 (stitched 100M),50-100M,81257600,3174.125,483903.2109375,483738.359375
MAPPO strict 1+5 (stitched 100M),50-100M,81308800,3176.125,483956.1484375,483847.875
MAPPO strict 1+5 (stitched 100M),50-100M,81360000,3178.125,483684.265625,482916.46875
MAPPO strict 1+5 (stitched 100M),50-100M,81411200,3180.125,481108.9921875,481999.109375
MAPPO strict 1+5 (stitched 100M),50-100M,81462400,3182.125,481204.0703125,481558.9427083333
MAPPO strict 1+5 (stitched 100M),50-100M,81513600,3184.125,482363.765625,482568.1145833333
MAPPO strict 1+5 (stitched 100M),50-100M,81564800,3186.125,484136.5078125,482737.7786458333
MAPPO strict 1+5 (stitched 100M),50-100M,81616000,3188.125,481713.0625,482539.3098958333
MAPPO strict 1+5 (stitched 100M),50-100M,81667200,3190.125,481768.359375,482462.3567708333
MAPPO strict 1+5 (stitched 100M),50-100M,81718400,3192.125,483905.6484375,483185.8046875
MAPPO strict 1+5 (stitched 100M),50-100M,81769600,3194.125,483883.40625,484579.4010416667
MAPPO strict 1+5 (stitched 100M),50-100M,81820800,3196.125,485949.1484375,484940.5572916667
MAPPO strict 1+5 (stitched 100M),50-100M,81872000,3198.125,484989.1171875,485674.4713541667
MAPPO strict 1+5 (stitched 100M),50-100M,81923200,3200.125,486085.1484375,485637.8177083333
MAPPO strict 1+5 (stitched 100M),50-100M,81974400,3202.125,485839.1875,485332.9140625
MAPPO strict 1+5 (stitched 100M),50-100M,82025600,3204.125,484074.40625,484528.2109375
MAPPO strict 1+5 (stitched 100M),50-100M,82076800,3206.125,483671.0390625,484227.4479166667
MAPPO strict 1+5 (stitched 100M),50-100M,82128000,3208.125,484936.8984375,484496.2239583333
MAPPO strict 1+5 (stitched 100M),50-100M,82179200,3210.125,484880.734375,484603.84375
MAPPO strict 1+5 (stitched 100M),50-100M,82230400,3212.125,483993.8984375,484485.3255208333
MAPPO strict 1+5 (stitched 100M),50-100M,82281600,3214.125,484581.34375,484863.21875
MAPPO strict 1+5 (stitched 100M),50-100M,82332800,3216.125,486014.4140625,485419.0520833333
MAPPO strict 1+5 (stitched 100M),50-100M,82384000,3218.125,485661.3984375,485434.0651041667
MAPPO strict 1+5 (stitched 100M),50-100M,82435200,3220.125,484626.3828125,484822.3880208333
MAPPO strict 1+5 (stitched 100M),50-100M,82486400,3222.125,484179.3828125,484257.6171875
MAPPO strict 1+5 (stitched 100M),50-100M,82537600,3224.125,483967.0859375,483822.5677083333
MAPPO strict 1+5 (stitched 100M),50-100M,82588800,3226.125,483321.234375,483505.8515625
MAPPO strict 1+5 (stitched 100M),50-100M,82640000,3228.125,483229.234375,483341.328125
MAPPO strict 1+5 (stitched 100M),50-100M,82691200,3230.125,483473.515625,483827.8255208333
MAPPO strict 1+5 (stitched 100M),50-100M,82742400,3232.125,484780.7265625,484145.1588541667
MAPPO strict 1+5 (stitched 100M),50-100M,82793600,3234.125,484181.234375,484578.3671875
MAPPO strict 1+5 (stitched 100M),50-100M,82844800,3236.125,484773.140625,484468.1354166667
MAPPO strict 1+5 (stitched 100M),50-100M,82896000,3238.125,484450.03125,484085.3072916667
MAPPO strict 1+5 (stitched 100M),50-100M,82947200,3240.125,483032.75,483577.5677083333
MAPPO strict 1+5 (stitched 100M),50-100M,82998400,3242.125,483249.921875,483297.9895833333
MAPPO strict 1+5 (stitched 100M),50-100M,83049600,3244.125,483611.296875,482865.1640625
MAPPO strict 1+5 (stitched 100M),50-100M,83100800,3246.125,481734.2734375,482099.7291666667
MAPPO strict 1+5 (stitched 100M),50-100M,83152000,3248.125,480953.6171875,481325.7994791667
MAPPO strict 1+5 (stitched 100M),50-100M,83203200,3250.125,481289.5078125,481628.2994791667
MAPPO strict 1+5 (stitched 100M),50-100M,83254400,3252.125,482641.7734375,481743.0130208333
MAPPO strict 1+5 (stitched 100M),50-100M,83305600,3254.125,481297.7578125,482317.2005208333
MAPPO strict 1+5 (stitched 100M),50-100M,83356800,3256.125,483012.0703125,482614.9427083333
MAPPO strict 1+5 (stitched 100M),50-100M,83408000,3258.125,483535.0,483246.1927083333
MAPPO strict 1+5 (stitched 100M),50-100M,83459200,3260.125,483191.5078125,483329.4973958333
MAPPO strict 1+5 (stitched 100M),50-100M,83510400,3262.125,483261.984375,483263.7447916667
MAPPO strict 1+5 (stitched 100M),50-100M,83561600,3264.125,483337.7421875,483432.8333333333
MAPPO strict 1+5 (stitched 100M),50-100M,83612800,3266.125,483698.7734375,483728.2864583333
MAPPO strict 1+5 (stitched 100M),50-100M,83664000,3268.125,484148.34375,483429.046875
MAPPO strict 1+5 (stitched 100M),50-100M,83715200,3270.125,482440.0234375,482361.6875
MAPPO strict 1+5 (stitched 100M),50-100M,83766400,3272.125,480496.6953125,481567.4739583333
MAPPO strict 1+5 (stitched 100M),50-100M,83817600,3274.125,481765.703125,481626.4166666667
MAPPO strict 1+5 (stitched 100M),50-100M,83868800,3276.125,482616.8515625,481746.7447916667
MAPPO strict 1+5 (stitched 100M),50-100M,83920000,3278.125,480857.6796875,481763.3072916667
MAPPO strict 1+5 (stitched 100M),50-100M,83971200,3280.125,481815.390625,481649.5677083333
MAPPO strict 1+5 (stitched 100M),50-100M,84022400,3282.125,482275.6328125,481976.0911458333
MAPPO strict 1+5 (stitched 100M),50-100M,84073600,3284.125,481837.25,482036.9817708333
MAPPO strict 1+5 (stitched 100M),50-100M,84124800,3286.125,481998.0625,481018.2838541667
MAPPO strict 1+5 (stitched 100M),50-100M,84176000,3288.125,479219.5390625,480480.2369791667
MAPPO strict 1+5 (stitched 100M),50-100M,84227200,3290.125,480223.109375,479534.2864583333
MAPPO strict 1+5 (stitched 100M),50-100M,84278400,3292.125,479160.2109375,479497.0677083333
MAPPO strict 1+5 (stitched 100M),50-100M,84329600,3294.125,479107.8828125,478774.3229166667
MAPPO strict 1+5 (stitched 100M),50-100M,84380800,3296.125,478054.875,478803.5625
MAPPO strict 1+5 (stitched 100M),50-100M,84432000,3298.125,479247.9296875,478708.359375
MAPPO strict 1+5 (stitched 100M),50-100M,84483200,3300.125,478822.2734375,478961.6380208333
MAPPO strict 1+5 (stitched 100M),50-100M,84534400,3302.125,478814.7109375,478779.984375
MAPPO strict 1+5 (stitched 100M),50-100M,84585600,3304.125,478702.96875,478476.7291666667
MAPPO strict 1+5 (stitched 100M),50-100M,84636800,3306.125,477912.5078125,478560.4635416667
MAPPO strict 1+5 (stitched 100M),50-100M,84688000,3308.125,479065.9140625,478591.4895833333
MAPPO strict 1+5 (stitched 100M),50-100M,84739200,3310.125,478796.046875,478549.8671875
MAPPO strict 1+5 (stitched 100M),50-100M,84790400,3312.125,477787.640625,477617.9869791667
MAPPO strict 1+5 (stitched 100M),50-100M,84841600,3314.125,476270.2734375,476894.4791666667
MAPPO strict 1+5 (stitched 100M),50-100M,84892800,3316.125,476625.5234375,476659.6588541667
MAPPO strict 1+5 (stitched 100M),50-100M,84944000,3318.125,477083.1796875,477073.4296875
MAPPO strict 1+5 (stitched 100M),50-100M,84995200,3320.125,477511.5859375,476948.8984375
MAPPO strict 1+5 (stitched 100M),50-100M,85046400,3322.125,476251.9296875,476791.2604166667
MAPPO strict 1+5 (stitched 100M),50-100M,85097600,3324.125,476610.265625,476467.3619791667
MAPPO strict 1+5 (stitched 100M),50-100M,85148800,3326.125,476539.890625,476027.7083333333
MAPPO strict 1+5 (stitched 100M),50-100M,85200000,3328.125,474932.96875,476473.5859375
MAPPO strict 1+5 (stitched 100M),50-100M,85251200,3330.125,477947.8984375,476031.7630208333
MAPPO strict 1+5 (stitched 100M),50-100M,85302400,3332.125,475214.421875,476974.921875
MAPPO strict 1+5 (stitched 100M),50-100M,85353600,3334.125,477762.4453125,477150.0885416667
MAPPO strict 1+5 (stitched 100M),50-100M,85404800,3336.125,478473.3984375,477842.9348958333
MAPPO strict 1+5 (stitched 100M),50-100M,85456000,3338.125,477292.9609375,477873.2942708333
MAPPO strict 1+5 (stitched 100M),50-100M,85507200,3340.125,477853.5234375,477121.2161458333
MAPPO strict 1+5 (stitched 100M),50-100M,85558400,3342.125,476217.1640625,477101.6588541667
MAPPO strict 1+5 (stitched 100M),50-100M,85609600,3344.125,477234.2890625,477696.5234375
MAPPO strict 1+5 (stitched 100M),50-100M,85660800,3346.125,479638.1171875,478474.515625
MAPPO strict 1+5 (stitched 100M),50-100M,85712000,3348.125,478551.140625,478601.3802083333
MAPPO strict 1+5 (stitched 100M),50-100M,85763200,3350.125,477614.8828125,478431.84375
MAPPO strict 1+5 (stitched 100M),50-100M,85814400,3352.125,479129.5078125,479397.9583333333
MAPPO strict 1+5 (stitched 100M),50-100M,85865600,3354.125,481449.484375,481062.125
MAPPO strict 1+5 (stitched 100M),50-100M,85916800,3356.125,482607.3828125,482276.8984375
MAPPO strict 1+5 (stitched 100M),50-100M,85968000,3358.125,482773.828125,482094.3697916667
MAPPO strict 1+5 (stitched 100M),50-100M,86019200,3360.125,480901.8984375,481721.8046875
MAPPO strict 1+5 (stitched 100M),50-100M,86070400,3362.125,481489.6875,482040.5885416667
MAPPO strict 1+5 (stitched 100M),50-100M,86121600,3364.125,483730.1796875,483399.7630208333
MAPPO strict 1+5 (stitched 100M),50-100M,86172800,3366.125,484979.421875,484962.21875
MAPPO strict 1+5 (stitched 100M),50-100M,86224000,3368.125,486177.0546875,486163.7213541667
MAPPO strict 1+5 (stitched 100M),50-100M,86275200,3370.125,487334.6875,486020.2447916667
MAPPO strict 1+5 (stitched 100M),50-100M,86326400,3372.125,484548.9921875,485572.6848958333
MAPPO strict 1+5 (stitched 100M),50-100M,86377600,3374.125,484834.375,484547.0963541667
MAPPO strict 1+5 (stitched 100M),50-100M,86428800,3376.125,484257.921875,484539.2005208333
MAPPO strict 1+5 (stitched 100M),50-100M,86480000,3378.125,484525.3046875,484204.8177083333
MAPPO strict 1+5 (stitched 100M),50-100M,86531200,3380.125,483831.2265625,484328.2734375
MAPPO strict 1+5 (stitched 100M),50-100M,86582400,3382.125,484628.2890625,485063.1223958333
MAPPO strict 1+5 (stitched 100M),50-100M,86633600,3384.125,486729.8515625,485763.1666666667
MAPPO strict 1+5 (stitched 100M),50-100M,86684800,3386.125,485931.359375,486224.625
MAPPO strict 1+5 (stitched 100M),50-100M,86736000,3388.125,486012.6640625,485948.8255208333
MAPPO strict 1+5 (stitched 100M),50-100M,86787200,3390.125,485902.453125,485239.4453125
MAPPO strict 1+5 (stitched 100M),50-100M,86838400,3392.125,483803.21875,485208.6640625
MAPPO strict 1+5 (stitched 100M),50-100M,86889600,3394.125,485920.3203125,485684.828125
MAPPO strict 1+5 (stitched 100M),50-100M,86940800,3396.125,487330.9453125,486237.8098958333
MAPPO strict 1+5 (stitched 100M),50-100M,86992000,3398.125,485462.1640625,486139.9479166667
MAPPO strict 1+5 (stitched 100M),50-100M,87043200,3400.125,485626.734375,485781.1744791667
MAPPO strict 1+5 (stitched 100M),50-100M,87094400,3402.125,486254.625,486248.609375
MAPPO strict 1+5 (stitched 100M),50-100M,87145600,3404.125,486864.46875,486568.0520833333
MAPPO strict 1+5 (stitched 100M),50-100M,87196800,3406.125,486585.0625,486038.0260416667
MAPPO strict 1+5 (stitched 100M),50-100M,87248000,3408.125,484664.546875,485544.0442708333
MAPPO strict 1+5 (stitched 100M),50-100M,87299200,3410.125,485382.5234375,485405.9557291667
MAPPO strict 1+5 (stitched 100M),50-100M,87350400,3412.125,486170.796875,486639.4869791667
MAPPO strict 1+5 (stitched 100M),50-100M,87401600,3414.125,488365.140625,487392.7838541667
MAPPO strict 1+5 (stitched 100M),50-100M,87452800,3416.125,487642.4140625,488121.453125
MAPPO strict 1+5 (stitched 100M),50-100M,87504000,3418.125,488356.8046875,488026.2630208333
MAPPO strict 1+5 (stitched 100M),50-100M,87555200,3420.125,488079.5703125,488075.7291666667
MAPPO strict 1+5 (stitched 100M),50-100M,87606400,3422.125,487790.8125,488423.109375
MAPPO strict 1+5 (stitched 100M),50-100M,87657600,3424.125,489398.9453125,488892.4375
MAPPO strict 1+5 (stitched 100M),50-100M,87708800,3426.125,489487.5546875,489748.9947916667
MAPPO strict 1+5 (stitched 100M),50-100M,87760000,3428.125,490360.484375,489947.1145833333
MAPPO strict 1+5 (stitched 100M),50-100M,87811200,3430.125,489993.3046875,489763.0364583333
MAPPO strict 1+5 (stitched 100M),50-100M,87862400,3432.125,488935.3203125,489452.1067708333
MAPPO strict 1+5 (stitched 100M),50-100M,87913600,3434.125,489427.6953125,489055.4557291667
MAPPO strict 1+5 (stitched 100M),50-100M,87964800,3436.125,488803.3515625,488839.9921875
MAPPO strict 1+5 (stitched 100M),50-100M,88016000,3438.125,488288.9296875,488101.2552083333
MAPPO strict 1+5 (stitched 100M),50-100M,88067200,3440.125,487211.484375,487779.8359375
MAPPO strict 1+5 (stitched 100M),50-100M,88118400,3442.125,487839.09375,487875.96875
MAPPO strict 1+5 (stitched 100M),50-100M,88169600,3444.125,488577.328125,488591.6171875
MAPPO strict 1+5 (stitched 100M),50-100M,88220800,3446.125,489358.4296875,488834.734375
MAPPO strict 1+5 (stitched 100M),50-100M,88272000,3448.125,488568.4453125,488830.1640625
MAPPO strict 1+5 (stitched 100M),50-100M,88323200,3450.125,488563.6171875,488420.6354166667
MAPPO strict 1+5 (stitched 100M),50-100M,88374400,3452.125,488129.84375,488712.1302083333
MAPPO strict 1+5 (stitched 100M),50-100M,88425600,3454.125,489442.9296875,488772.0598958333
MAPPO strict 1+5 (stitched 100M),50-100M,88476800,3456.125,488743.40625,488966.4791666667
MAPPO strict 1+5 (stitched 100M),50-100M,88528000,3458.125,488713.1015625,488234.7942708333
MAPPO strict 1+5 (stitched 100M),50-100M,88579200,3460.125,487247.875,487641.3020833333
MAPPO strict 1+5 (stitched 100M),50-100M,88630400,3462.125,486962.9296875,486566.9557291667
MAPPO strict 1+5 (stitched 100M),50-100M,88681600,3464.125,485490.0625,486616.6458333333
MAPPO strict 1+5 (stitched 100M),50-100M,88732800,3466.125,487396.9453125,486656.171875
MAPPO strict 1+5 (stitched 100M),50-100M,88784000,3468.125,487081.5078125,487008.9088541667
MAPPO strict 1+5 (stitched 100M),50-100M,88835200,3470.125,486548.2734375,486533.7682291667
MAPPO strict 1+5 (stitched 100M),50-100M,88886400,3472.125,485971.5234375,486439.9713541667
MAPPO strict 1+5 (stitched 100M),50-100M,88937600,3474.125,486800.1171875,486952.6197916667
MAPPO strict 1+5 (stitched 100M),50-100M,88988800,3476.125,488086.21875,487003.3828125
MAPPO strict 1+5 (stitched 100M),50-100M,89040000,3478.125,486123.8125,486976.3776041667
MAPPO strict 1+5 (stitched 100M),50-100M,89091200,3480.125,486719.1015625,486337.8802083333
MAPPO strict 1+5 (stitched 100M),50-100M,89142400,3482.125,486170.7265625,485845.4947916667
MAPPO strict 1+5 (stitched 100M),50-100M,89193600,3484.125,484646.65625,485188.9635416667
MAPPO strict 1+5 (stitched 100M),50-100M,89244800,3486.125,484749.5078125,484856.6067708333
MAPPO strict 1+5 (stitched 100M),50-100M,89296000,3488.125,485173.65625,484452.6380208333
MAPPO strict 1+5 (stitched 100M),50-100M,89347200,3490.125,483434.75,483713.2526041667
MAPPO strict 1+5 (stitched 100M),50-100M,89398400,3492.125,482531.3515625,483459.4661458333
MAPPO strict 1+5 (stitched 100M),50-100M,89449600,3494.125,484412.296875,484015.1901041667
MAPPO strict 1+5 (stitched 100M),50-100M,89500800,3496.125,485101.921875,484617.4557291667
MAPPO strict 1+5 (stitched 100M),50-100M,89552000,3498.125,484338.1484375,484053.453125
MAPPO strict 1+5 (stitched 100M),50-100M,89603200,3500.125,482720.2890625,483967.1953125
MAPPO strict 1+5 (stitched 100M),50-100M,89654400,3502.125,484843.1484375,483699.0963541667
MAPPO strict 1+5 (stitched 100M),50-100M,89705600,3504.125,483533.8515625,483873.2083333333
MAPPO strict 1+5 (stitched 100M),50-100M,89756800,3506.125,483242.625,483182.2604166667
MAPPO strict 1+5 (stitched 100M),50-100M,89808000,3508.125,482770.3046875,483181.0
MAPPO strict 1+5 (stitched 100M),50-100M,89859200,3510.125,483530.0703125,483034.0494791667
MAPPO strict 1+5 (stitched 100M),50-100M,89910400,3512.125,482801.7734375,483104.4296875
MAPPO strict 1+5 (stitched 100M),50-100M,89961600,3514.125,482981.4453125,482284.6067708333
MAPPO strict 1+5 (stitched 100M),50-100M,90012800,3516.125,481070.6015625,481392.6484375
MAPPO strict 1+5 (stitched 100M),50-100M,90064000,3518.125,480125.8984375,479844.9609375
MAPPO strict 1+5 (stitched 100M),50-100M,90115200,3520.125,478338.3828125,479578.2291666667
MAPPO strict 1+5 (stitched 100M),50-100M,90166400,3522.125,480270.40625,479369.4947916667
MAPPO strict 1+5 (stitched 100M),50-100M,90217600,3524.125,479499.6953125,479723.2682291667
MAPPO strict 1+5 (stitched 100M),50-100M,90268800,3526.125,479399.703125,478126.1354166667
MAPPO strict 1+5 (stitched 100M),50-100M,90320000,3528.125,475479.0078125,476580.4791666667
MAPPO strict 1+5 (stitched 100M),50-100M,90371200,3530.125,474862.7265625,475476.4947916667
MAPPO strict 1+5 (stitched 100M),50-100M,90422400,3532.125,476087.75,475926.328125
MAPPO strict 1+5 (stitched 100M),50-100M,90473600,3534.125,476828.5078125,476552.9921875
MAPPO strict 1+5 (stitched 100M),50-100M,90524800,3536.125,476742.71875,476880.03125
MAPPO strict 1+5 (stitched 100M),50-100M,90576000,3538.125,477068.8671875,477349.8541666667
MAPPO strict 1+5 (stitched 100M),50-100M,90627200,3540.125,478237.9765625,478043.9010416667
MAPPO strict 1+5 (stitched 100M),50-100M,90678400,3542.125,478824.859375,478639.9244791667
MAPPO strict 1+5 (stitched 100M),50-100M,90729600,3544.125,478856.9375,480005.6927083333
MAPPO strict 1+5 (stitched 100M),50-100M,90780800,3546.125,482335.28125,480776.9036458333
MAPPO strict 1+5 (stitched 100M),50-100M,90832000,3548.125,481138.4921875,482164.1015625
MAPPO strict 1+5 (stitched 100M),50-100M,90883200,3550.125,483018.53125,482669.5703125
MAPPO strict 1+5 (stitched 100M),50-100M,90934400,3552.125,483851.6875,483927.2005208333
MAPPO strict 1+5 (stitched 100M),50-100M,90985600,3554.125,484911.3828125,484485.3958333333
MAPPO strict 1+5 (stitched 100M),50-100M,91036800,3556.125,484693.1171875,485088.7473958333
MAPPO strict 1+5 (stitched 100M),50-100M,91088000,3558.125,485661.7421875,485574.1875
MAPPO strict 1+5 (stitched 100M),50-100M,91139200,3560.125,486367.703125,487080.3854166667
MAPPO strict 1+5 (stitched 100M),50-100M,91190400,3562.125,489211.7109375,488292.8385416667
MAPPO strict 1+5 (stitched 100M),50-100M,91241600,3564.125,489299.1015625,489268.2864583333
MAPPO strict 1+5 (stitched 100M),50-100M,91292800,3566.125,489294.046875,489166.171875
MAPPO strict 1+5 (stitched 100M),50-100M,91344000,3568.125,488905.3671875,489316.0338541667
MAPPO strict 1+5 (stitched 100M),50-100M,91395200,3570.125,489748.6875,489432.3958333333
MAPPO strict 1+5 (stitched 100M),50-100M,91446400,3572.125,489643.1328125,489654.2682291667
MAPPO strict 1+5 (stitched 100M),50-100M,91497600,3574.125,489570.984375,489693.4322916667
MAPPO strict 1+5 (stitched 100M),50-100M,91548800,3576.125,489866.1796875,489914.6536458333
MAPPO strict 1+5 (stitched 100M),50-100M,91600000,3578.125,490306.796875,489984.953125
MAPPO strict 1+5 (stitched 100M),50-100M,91651200,3580.125,489781.8828125,489446.8255208333
MAPPO strict 1+5 (stitched 100M),50-100M,91702400,3582.125,488251.796875,489159.7838541667
MAPPO strict 1+5 (stitched 100M),50-100M,91753600,3584.125,489445.671875,489520.1015625
MAPPO strict 1+5 (stitched 100M),50-100M,91804800,3586.125,490862.8359375,490337.5625
MAPPO strict 1+5 (stitched 100M),50-100M,91856000,3588.125,490704.1796875,490546.7213541667
MAPPO strict 1+5 (stitched 100M),50-100M,91907200,3590.125,490073.1484375,490977.8020833333
MAPPO strict 1+5 (stitched 100M),50-100M,91958400,3592.125,492156.078125,491466.3541666667
MAPPO strict 1+5 (stitched 100M),50-100M,92009600,3594.125,492169.8359375,492696.7916666667
MAPPO strict 1+5 (stitched 100M),50-100M,92060800,3596.125,493764.4609375,492171.4244791667
MAPPO strict 1+5 (stitched 100M),50-100M,92112000,3598.125,490579.9765625,491654.9895833333
MAPPO strict 1+5 (stitched 100M),50-100M,92163200,3600.125,490620.53125,490830.9401041667
MAPPO strict 1+5 (stitched 100M),50-100M,92214400,3602.125,491292.3125,490966.5026041667
MAPPO strict 1+5 (stitched 100M),50-100M,92265600,3604.125,490986.6640625,491392.21875
MAPPO strict 1+5 (stitched 100M),50-100M,92316800,3606.125,491897.6796875,491322.5338541667
MAPPO strict 1+5 (stitched 100M),50-100M,92368000,3608.125,491083.2578125,491289.4453125
MAPPO strict 1+5 (stitched 100M),50-100M,92419200,3610.125,490887.3984375,490248.4557291667
MAPPO strict 1+5 (stitched 100M),50-100M,92470400,3612.125,488774.7109375,489317.5
MAPPO strict 1+5 (stitched 100M),50-100M,92521600,3614.125,488290.390625,488922.8307291667
MAPPO strict 1+5 (stitched 100M),50-100M,92572800,3616.125,489703.390625,489565.1223958333
MAPPO strict 1+5 (stitched 100M),50-100M,92624000,3618.125,490701.5859375,489985.0026041667
MAPPO strict 1+5 (stitched 100M),50-100M,92675200,3620.125,489550.03125,489972.515625
MAPPO strict 1+5 (stitched 100M),50-100M,92726400,3622.125,489665.9296875,489709.9140625
MAPPO strict 1+5 (stitched 100M),50-100M,92777600,3624.125,489913.78125,490417.453125
MAPPO strict 1+5 (stitched 100M),50-100M,92828800,3626.125,491672.6484375,490773.1276041667
MAPPO strict 1+5 (stitched 100M),50-100M,92880000,3628.125,490732.953125,491085.984375
MAPPO strict 1+5 (stitched 100M),50-100M,92931200,3630.125,490852.3515625,490630.3359375
MAPPO strict 1+5 (stitched 100M),50-100M,92982400,3632.125,490305.703125,489576.5260416667
MAPPO strict 1+5 (stitched 100M),50-100M,93033600,3634.125,487571.5234375,489440.953125
MAPPO strict 1+5 (stitched 100M),50-100M,93084800,3636.125,490445.6328125,489132.0520833333
MAPPO strict 1+5 (stitched 100M),50-100M,93136000,3638.125,489379.0,490628.5911458333
MAPPO strict 1+5 (stitched 100M),50-100M,93187200,3640.125,492061.140625,490576.1458333333
MAPPO strict 1+5 (stitched 100M),50-100M,93238400,3642.125,490288.296875,490192.2421875
MAPPO strict 1+5 (stitched 100M),50-100M,93289600,3644.125,488227.2890625,489341.8984375
MAPPO strict 1+5 (stitched 100M),50-100M,93340800,3646.125,489510.109375,488659.3255208333
MAPPO strict 1+5 (stitched 100M),50-100M,93392000,3648.125,488240.578125,489024.3359375
MAPPO strict 1+5 (stitched 100M),50-100M,93443200,3650.125,489322.3203125,488576.421875
MAPPO strict 1+5 (stitched 100M),50-100M,93494400,3652.125,488166.3671875,488844.8697916667
MAPPO strict 1+5 (stitched 100M),50-100M,93545600,3654.125,489045.921875,488120.2369791667
MAPPO strict 1+5 (stitched 100M),50-100M,93596800,3656.125,487148.421875,488324.640625
MAPPO strict 1+5 (stitched 100M),50-100M,93648000,3658.125,488779.578125,488410.96875
MAPPO strict 1+5 (stitched 100M),50-100M,93699200,3660.125,489304.90625,488540.8151041667
MAPPO strict 1+5 (stitched 100M),50-100M,93750400,3662.125,487537.9609375,487727.6354166667
MAPPO strict 1+5 (stitched 100M),50-100M,93801600,3664.125,486340.0390625,486626.3619791667
MAPPO strict 1+5 (stitched 100M),50-100M,93852800,3666.125,486001.0859375,486371.2057291667
MAPPO strict 1+5 (stitched 100M),50-100M,93904000,3668.125,486772.4921875,486511.2447916667
MAPPO strict 1+5 (stitched 100M),50-100M,93955200,3670.125,486760.15625,486637.4453125
MAPPO strict 1+5 (stitched 100M),50-100M,94006400,3672.125,486379.6875,486218.0338541667
MAPPO strict 1+5 (stitched 100M),50-100M,94057600,3674.125,485514.2578125,484425.34375
MAPPO strict 1+5 (stitched 100M),50-100M,94108800,3676.125,481382.0859375,483778.7786458333
MAPPO strict 1+5 (stitched 100M),50-100M,94160000,3678.125,484439.9921875,483604.0677083333
MAPPO strict 1+5 (stitched 100M),50-100M,94211200,3680.125,484990.125,484887.4296875
MAPPO strict 1+5 (stitched 100M),50-100M,94262400,3682.125,485232.171875,484452.421875
MAPPO strict 1+5 (stitched 100M),50-100M,94313600,3684.125,483134.96875,483387.5703125
MAPPO strict 1+5 (stitched 100M),50-100M,94364800,3686.125,481795.5703125,482328.7890625
MAPPO strict 1+5 (stitched 100M),50-100M,94416000,3688.125,482055.828125,482073.421875
MAPPO strict 1+5 (stitched 100M),50-100M,94467200,3690.125,482368.8671875,481723.6796875
MAPPO strict 1+5 (stitched 100M),50-100M,94518400,3692.125,480746.34375,482107.34375
MAPPO strict 1+5 (stitched 100M),50-100M,94569600,3694.125,483206.8203125,482604.5026041667
MAPPO strict 1+5 (stitched 100M),50-100M,94620800,3696.125,483860.34375,484147.8151041667
MAPPO strict 1+5 (stitched 100M),50-100M,94672000,3698.125,485376.28125,484538.9114583333
MAPPO strict 1+5 (stitched 100M),50-100M,94723200,3700.125,484380.109375,485758.7369791667
MAPPO strict 1+5 (stitched 100M),50-100M,94774400,3702.125,487519.8203125,486298.7473958333
MAPPO strict 1+5 (stitched 100M),50-100M,94825600,3704.125,486996.3125,487817.6171875
MAPPO strict 1+5 (stitched 100M),50-100M,94876800,3706.125,488936.71875,488377.625
MAPPO strict 1+5 (stitched 100M),50-100M,94928000,3708.125,489199.84375,489360.6614583333
MAPPO strict 1+5 (stitched 100M),50-100M,94979200,3710.125,489945.421875,489860.9895833333
MAPPO strict 1+5 (stitched 100M),50-100M,95030400,3712.125,490437.703125,489673.9661458333
MAPPO strict 1+5 (stitched 100M),50-100M,95081600,3714.125,488638.7734375,489790.8229166667
MAPPO strict 1+5 (stitched 100M),50-100M,95132800,3716.125,490295.9921875,489460.9296875
MAPPO strict 1+5 (stitched 100M),50-100M,95184000,3718.125,489448.0234375,489641.5
MAPPO strict 1+5 (stitched 100M),50-100M,95235200,3720.125,489180.484375,489227.9166666667
MAPPO strict 1+5 (stitched 100M),50-100M,95286400,3722.125,489055.2421875,489698.4166666667
MAPPO strict 1+5 (stitched 100M),50-100M,95337600,3724.125,490859.5234375,490112.0130208333
MAPPO strict 1+5 (stitched 100M),50-100M,95388800,3726.125,490421.2734375,490218.671875
MAPPO strict 1+5 (stitched 100M),50-100M,95440000,3728.125,489375.21875,489748.5286458333
MAPPO strict 1+5 (stitched 100M),50-100M,95491200,3730.125,489449.09375,490044.7369791667
MAPPO strict 1+5 (stitched 100M),50-100M,95542400,3732.125,491309.8984375,490883.6666666667
MAPPO strict 1+5 (stitched 100M),50-100M,95593600,3734.125,491892.0078125,491575.5677083333
MAPPO strict 1+5 (stitched 100M),50-100M,95644800,3736.125,491524.796875,492190.4947916667
MAPPO strict 1+5 (stitched 100M),50-100M,95696000,3738.125,493154.6796875,492860.0
MAPPO strict 1+5 (stitched 100M),50-100M,95747200,3740.125,493900.5234375,493100.0755208333
MAPPO strict 1+5 (stitched 100M),50-100M,95798400,3742.125,492245.0234375,492517.0677083333
MAPPO strict 1+5 (stitched 100M),50-100M,95849600,3744.125,491405.65625,490938.3098958333
MAPPO strict 1+5 (stitched 100M),50-100M,95900800,3746.125,489164.25,490642.5130208333
MAPPO strict 1+5 (stitched 100M),50-100M,95952000,3748.125,491357.6328125,490415.0390625
MAPPO strict 1+5 (stitched 100M),50-100M,96003200,3750.125,490723.234375,490709.6223958333
MAPPO strict 1+5 (stitched 100M),50-100M,96054400,3752.125,490048.0,490381.0755208333
MAPPO strict 1+5 (stitched 100M),50-100M,96105600,3754.125,490371.9921875,490693.5546875
MAPPO strict 1+5 (stitched 100M),50-100M,96156800,3756.125,491660.671875,490866.3072916667
MAPPO strict 1+5 (stitched 100M),50-100M,96208000,3758.125,490566.2578125,490586.8932291667
MAPPO strict 1+5 (stitched 100M),50-100M,96259200,3760.125,489533.75,489126.296875
MAPPO strict 1+5 (stitched 100M),50-100M,96310400,3762.125,487278.8828125,488070.3723958333
MAPPO strict 1+5 (stitched 100M),50-100M,96361600,3764.125,487398.484375,487536.8984375
MAPPO strict 1+5 (stitched 100M),50-100M,96412800,3766.125,487933.328125,487420.5104166667
MAPPO strict 1+5 (stitched 100M),50-100M,96464000,3768.125,486929.71875,486239.4140625
MAPPO strict 1+5 (stitched 100M),50-100M,96515200,3770.125,483855.1953125,485208.7578125
MAPPO strict 1+5 (stitched 100M),50-100M,96566400,3772.125,484841.359375,484593.5989583333
MAPPO strict 1+5 (stitched 100M),50-100M,96617600,3774.125,485084.2421875,485467.9817708333
MAPPO strict 1+5 (stitched 100M),50-100M,96668800,3776.125,486478.34375,485156.1119791667
MAPPO strict 1+5 (stitched 100M),50-100M,96720000,3778.125,483905.75,485096.3307291667
MAPPO strict 1+5 (stitched 100M),50-100M,96771200,3780.125,484904.8984375,485336.6770833333
MAPPO strict 1+5 (stitched 100M),50-100M,96822400,3782.125,487199.3828125,484935.1796875
MAPPO strict 1+5 (stitched 100M),50-100M,96873600,3784.125,482701.2578125,484178.4921875
MAPPO strict 1+5 (stitched 100M),50-100M,96924800,3786.125,482634.8359375,482396.1145833333
MAPPO strict 1+5 (stitched 100M),50-100M,96976000,3788.125,481852.25,482154.4166666667
MAPPO strict 1+5 (stitched 100M),50-100M,97027200,3790.125,481976.1640625,482213.0260416667
MAPPO strict 1+5 (stitched 100M),50-100M,97078400,3792.125,482810.6640625,482314.5078125
MAPPO strict 1+5 (stitched 100M),50-100M,97129600,3794.125,482156.6953125,482941.0104166667
MAPPO strict 1+5 (stitched 100M),50-100M,97180800,3796.125,483855.671875,482993.5703125
MAPPO strict 1+5 (stitched 100M),50-100M,97232000,3798.125,482968.34375,483333.2265625
MAPPO strict 1+5 (stitched 100M),50-100M,97283200,3800.125,483175.6640625,482703.015625
MAPPO strict 1+5 (stitched 100M),50-100M,97334400,3802.125,481965.0390625,482159.7083333333
MAPPO strict 1+5 (stitched 100M),50-100M,97385600,3804.125,481338.421875,481631.2552083333
MAPPO strict 1+5 (stitched 100M),50-100M,97436800,3806.125,481590.3046875,481497.2473958333
MAPPO strict 1+5 (stitched 100M),50-100M,97488000,3808.125,481563.015625,481618.3802083333
MAPPO strict 1+5 (stitched 100M),50-100M,97539200,3810.125,481701.8203125,481814.0338541667
MAPPO strict 1+5 (stitched 100M),50-100M,97590400,3812.125,482177.265625,481855.1458333333
MAPPO strict 1+5 (stitched 100M),50-100M,97641600,3814.125,481686.3515625,481665.7994791667
MAPPO strict 1+5 (stitched 100M),50-100M,97692800,3816.125,481133.78125,481573.296875
MAPPO strict 1+5 (stitched 100M),50-100M,97744000,3818.125,481899.7578125,481503.9973958333
MAPPO strict 1+5 (stitched 100M),50-100M,97795200,3820.125,481478.453125,481813.1666666667
MAPPO strict 1+5 (stitched 100M),50-100M,97846400,3822.125,482061.2890625,481881.8177083333
MAPPO strict 1+5 (stitched 100M),50-100M,97897600,3824.125,482105.7109375,481744.75
MAPPO strict 1+5 (stitched 100M),50-100M,97948800,3826.125,481067.25,481716.4270833333
MAPPO strict 1+5 (stitched 100M),50-100M,98000000,3828.125,481976.3203125,481818.2083333333
MAPPO strict 1+5 (stitched 100M),50-100M,98051200,3830.125,482411.0546875,482033.0572916667
MAPPO strict 1+5 (stitched 100M),50-100M,98102400,3832.125,481711.796875,482863.0442708333
MAPPO strict 1+5 (stitched 100M),50-100M,98153600,3834.125,484466.28125,483626.5833333333
MAPPO strict 1+5 (stitched 100M),50-100M,98204800,3836.125,484701.671875,484743.7447916667
MAPPO strict 1+5 (stitched 100M),50-100M,98256000,3838.125,485063.28125,484948.546875
MAPPO strict 1+5 (stitched 100M),50-100M,98307200,3840.125,485080.6875,484186.0286458333
MAPPO strict 1+5 (stitched 100M),50-100M,98358400,3842.125,482414.1171875,483616.1744791667
MAPPO strict 1+5 (stitched 100M),50-100M,98409600,3844.125,483353.71875,483004.5989583333
MAPPO strict 1+5 (stitched 100M),50-100M,98460800,3846.125,483245.9609375,482718.0182291667
MAPPO strict 1+5 (stitched 100M),50-100M,98512000,3848.125,481554.375,482101.2552083333
MAPPO strict 1+5 (stitched 100M),50-100M,98563200,3850.125,481503.4296875,481516.6796875
MAPPO strict 1+5 (stitched 100M),50-100M,98614400,3852.125,481492.234375,481869.890625
MAPPO strict 1+5 (stitched 100M),50-100M,98665600,3854.125,482614.0078125,482172.7734375
MAPPO strict 1+5 (stitched 100M),50-100M,98716800,3856.125,482412.078125,482322.1380208333
MAPPO strict 1+5 (stitched 100M),50-100M,98768000,3858.125,481940.328125,482474.765625
MAPPO strict 1+5 (stitched 100M),50-100M,98819200,3860.125,483071.890625,482234.0807291667
MAPPO strict 1+5 (stitched 100M),50-100M,98870400,3862.125,481690.0234375,482043.6875
MAPPO strict 1+5 (stitched 100M),50-100M,98921600,3864.125,481369.1484375,481466.2630208333
MAPPO strict 1+5 (stitched 100M),50-100M,98972800,3866.125,481339.6171875,481569.8255208333
MAPPO strict 1+5 (stitched 100M),50-100M,99024000,3868.125,482000.7109375,482560.3203125
MAPPO strict 1+5 (stitched 100M),50-100M,99075200,3870.125,484340.6328125,483248.0703125
MAPPO strict 1+5 (stitched 100M),50-100M,99126400,3872.125,483402.8671875,483887.9192708333
MAPPO strict 1+5 (stitched 100M),50-100M,99177600,3874.125,483920.2578125,483607.9270833333
MAPPO strict 1+5 (stitched 100M),50-100M,99228800,3876.125,483500.65625,483480.65625
MAPPO strict 1+5 (stitched 100M),50-100M,99280000,3878.125,483021.0546875,483768.2109375
MAPPO strict 1+5 (stitched 100M),50-100M,99331200,3880.125,484782.921875,483032.71875
MAPPO strict 1+5 (stitched 100M),50-100M,99382400,3882.125,481294.1796875,482738.0338541667
MAPPO strict 1+5 (stitched 100M),50-100M,99433600,3884.125,482137.0,482480.9583333333
MAPPO strict 1+5 (stitched 100M),50-100M,99484800,3886.125,484011.6953125,483375.5052083333
MAPPO strict 1+5 (stitched 100M),50-100M,99536000,3888.125,483977.8203125,483943.9427083333
MAPPO strict 1+5 (stitched 100M),50-100M,99587200,3890.125,483842.3125,484372.5416666667
MAPPO strict 1+5 (stitched 100M),50-100M,99638400,3892.125,485297.4921875,485343.890625
MAPPO strict 1+5 (stitched 100M),50-100M,99689600,3894.125,486891.8671875,486228.0234375
MAPPO strict 1+5 (stitched 100M),50-100M,99740800,3896.125,486494.7109375,486965.2395833333
MAPPO strict 1+5 (stitched 100M),50-100M,99792000,3898.125,487509.140625,486940.4765625
MAPPO strict 1+5 (stitched 100M),50-100M,99843200,3900.125,486817.578125,487268.5572916667
MAPPO strict 1+5 (stitched 100M),50-100M,99894400,3902.125,487478.953125,487912.0338541667
MAPPO strict 1+5 (stitched 100M),50-100M,99945600,3904.125,489439.5703125,488781.8046875
MAPPO strict 1+5 (stitched 100M),50-100M,99996800,3906.125,489426.890625,489433.23046875
DC-PPO strict 1+5 (stitched 100M),0-50M,25600,1.0,90780.0517578125,92503.82983398438
DC-PPO strict 1+5 (stitched 100M),0-50M,76800,3.0,94227.60791015625,92850.33919270833
DC-PPO strict 1+5 (stitched 100M),0-50M,128000,5.0,93543.35791015625,95235.14371744792
DC-PPO strict 1+5 (stitched 100M),0-50M,179200,7.0,97934.46533203125,99860.80891927083
DC-PPO strict 1+5 (stitched 100M),0-50M,230400,9.0,108104.603515625,107659.63981119792
DC-PPO strict 1+5 (stitched 100M),0-50M,281600,11.0,116939.8505859375,117232.97819010417
DC-PPO strict 1+5 (stitched 100M),0-50M,332800,13.0,126654.48046875,125407.57486979167
DC-PPO strict 1+5 (stitched 100M),0-50M,384000,15.0,132628.3935546875,134968.8740234375
DC-PPO strict 1+5 (stitched 100M),0-50M,435200,17.0,145623.748046875,143287.99055989584
DC-PPO strict 1+5 (stitched 100M),0-50M,486400,19.0,151611.830078125,153097.73763020834
DC-PPO strict 1+5 (stitched 100M),0-50M,537600,21.0,162057.634765625,159115.08333333334
DC-PPO strict 1+5 (stitched 100M),0-50M,588800,23.0,163675.78515625,166034.3828125
DC-PPO strict 1+5 (stitched 100M),0-50M,640000,25.0,172369.728515625,171370.63346354166
DC-PPO strict 1+5 (stitched 100M),0-50M,691200,27.0,178066.38671875,177236.12434895834
DC-PPO strict 1+5 (stitched 100M),0-50M,742400,29.0,181272.2578125,181685.224609375
DC-PPO strict 1+5 (stitched 100M),0-50M,793600,31.0,185717.029296875,183557.65364583334
DC-PPO strict 1+5 (stitched 100M),0-50M,844800,33.0,183683.673828125,186003.77083333334
DC-PPO strict 1+5 (stitched 100M),0-50M,896000,35.0,188610.609375,187014.76106770834
DC-PPO strict 1+5 (stitched 100M),0-50M,947200,37.0,188750.0,189956.02864583334
DC-PPO strict 1+5 (stitched 100M),0-50M,998400,39.0,192507.4765625,193399.966796875
DC-PPO strict 1+5 (stitched 100M),0-50M,1049600,41.0,198942.423828125,197492.70638020834
DC-PPO strict 1+5 (stitched 100M),0-50M,1100800,43.0,201028.21875,201700.40885416666
DC-PPO strict 1+5 (stitched 100M),0-50M,1152000,45.0,205130.583984375,204887.470703125
DC-PPO strict 1+5 (stitched 100M),0-50M,1203200,47.0,208503.609375,208146.14127604166
DC-PPO strict 1+5 (stitched 100M),0-50M,1254400,49.0,210804.23046875,210798.515625
DC-PPO strict 1+5 (stitched 100M),0-50M,1305600,51.0,213087.70703125,216947.10416666666
DC-PPO strict 1+5 (stitched 100M),0-50M,1356800,53.0,226949.375,220355.98697916666
DC-PPO strict 1+5 (stitched 100M),0-50M,1408000,55.0,221030.87890625,224893.83723958334
DC-PPO strict 1+5 (stitched 100M),0-50M,1459200,57.0,226701.2578125,225050.49739583334
DC-PPO strict 1+5 (stitched 100M),0-50M,1510400,59.0,227419.35546875,225292.88151041666
DC-PPO strict 1+5 (stitched 100M),0-50M,1561600,61.0,221758.03125,225231.17252604166
DC-PPO strict 1+5 (stitched 100M),0-50M,1612800,63.0,226516.130859375,227085.10221354166
DC-PPO strict 1+5 (stitched 100M),0-50M,1664000,65.0,232981.14453125,230749.46940104166
DC-PPO strict 1+5 (stitched 100M),0-50M,1715200,67.0,232751.1328125,233538.46744791666
DC-PPO strict 1+5 (stitched 100M),0-50M,1766400,69.0,234883.125,236140.04817708334
DC-PPO strict 1+5 (stitched 100M),0-50M,1817600,71.0,240785.88671875,238670.51692708334
DC-PPO strict 1+5 (stitched 100M),0-50M,1868800,73.0,240342.5390625,241023.24088541666
DC-PPO strict 1+5 (stitched 100M),0-50M,1920000,75.0,241941.296875,240234.02864583334
DC-PPO strict 1+5 (stitched 100M),0-50M,1971200,77.0,238418.25,240477.24348958334
DC-PPO strict 1+5 (stitched 100M),0-50M,2022400,79.0,241072.18359375,241943.32682291666
DC-PPO strict 1+5 (stitched 100M),0-50M,2073600,81.0,246339.546875,246769.14192708334
DC-PPO strict 1+5 (stitched 100M),0-50M,2124800,83.0,252895.6953125,252435.61197916666
DC-PPO strict 1+5 (stitched 100M),0-50M,2176000,85.0,258071.59375,256787.125
DC-PPO strict 1+5 (stitched 100M),0-50M,2227200,87.0,259394.0859375,257881.39973958334
DC-PPO strict 1+5 (stitched 100M),0-50M,2278400,89.0,256178.51953125,258770.74739583334
DC-PPO strict 1+5 (stitched 100M),0-50M,2329600,91.0,260739.63671875,259167.35026041666
DC-PPO strict 1+5 (stitched 100M),0-50M,2380800,93.0,260583.89453125,261222.25651041666
DC-PPO strict 1+5 (stitched 100M),0-50M,2432000,95.0,262343.23828125,260906.74479166666
DC-PPO strict 1+5 (stitched 100M),0-50M,2483200,97.0,259793.1015625,261900.90234375
DC-PPO strict 1+5 (stitched 100M),0-50M,2534400,99.0,263566.3671875,261784.34765625
DC-PPO strict 1+5 (stitched 100M),0-50M,2585600,101.0,261993.57421875,262253.9088541667
DC-PPO strict 1+5 (stitched 100M),0-50M,2636800,103.0,261201.78515625,262285.3346354167
DC-PPO strict 1+5 (stitched 100M),0-50M,2688000,105.0,263660.64453125,262342.30078125
DC-PPO strict 1+5 (stitched 100M),0-50M,2739200,107.0,262164.47265625,263937.0247395833
DC-PPO strict 1+5 (stitched 100M),0-50M,2790400,109.0,265985.95703125,266151.953125
DC-PPO strict 1+5 (stitched 100M),0-50M,2841600,111.0,270305.4296875,270628.3815104167
DC-PPO strict 1+5 (stitched 100M),0-50M,2892800,113.0,275593.7578125,272576.3138020833
DC-PPO strict 1+5 (stitched 100M),0-50M,2944000,115.0,271829.75390625,272861.6158854167
DC-PPO strict 1+5 (stitched 100M),0-50M,2995200,117.0,271161.3359375,272771.1927083333
DC-PPO strict 1+5 (stitched 100M),0-50M,3046400,119.0,275322.48828125,275930.6458333333
DC-PPO strict 1+5 (stitched 100M),0-50M,3097600,121.0,281308.11328125,278883.5625
DC-PPO strict 1+5 (stitched 100M),0-50M,3148800,123.0,280020.0859375,282238.671875
DC-PPO strict 1+5 (stitched 100M),0-50M,3200000,125.0,285387.81640625,279464.9830729167
DC-PPO strict 1+5 (stitched 100M),0-50M,3251200,127.0,272987.046875,280032.28515625
DC-PPO strict 1+5 (stitched 100M),0-50M,3302400,129.0,281721.9921875,278638.5208333333
DC-PPO strict 1+5 (stitched 100M),0-50M,3353600,131.0,281206.5234375,279886.9609375
DC-PPO strict 1+5 (stitched 100M),0-50M,3404800,133.0,276732.3671875,278564.6236979167
DC-PPO strict 1+5 (stitched 100M),0-50M,3456000,135.0,277754.98046875,278967.2890625
DC-PPO strict 1+5 (stitched 100M),0-50M,3507200,137.0,282414.51953125,281237.9908854167
DC-PPO strict 1+5 (stitched 100M),0-50M,3558400,139.0,283544.47265625,282712.8515625
DC-PPO strict 1+5 (stitched 100M),0-50M,3609600,141.0,282179.5625,286154.8684895833
DC-PPO strict 1+5 (stitched 100M),0-50M,3660800,143.0,292740.5703125,289152.1419270833
DC-PPO strict 1+5 (stitched 100M),0-50M,3712000,145.0,292536.29296875,293618.8645833333
DC-PPO strict 1+5 (stitched 100M),0-50M,3763200,147.0,295579.73046875,292480.3515625
DC-PPO strict 1+5 (stitched 100M),0-50M,3814400,149.0,289325.03125,290678.6002604167
DC-PPO strict 1+5 (stitched 100M),0-50M,3865600,151.0,287131.0390625,288292.6328125
DC-PPO strict 1+5 (stitched 100M),0-50M,3916800,153.0,288421.828125,288024.7786458333
DC-PPO strict 1+5 (stitched 100M),0-50M,3968000,155.0,288521.46875,288264.1484375
DC-PPO strict 1+5 (stitched 100M),0-50M,4019200,157.0,287849.1484375,291171.8828125
DC-PPO strict 1+5 (stitched 100M),0-50M,4070400,159.0,297145.03125,294322.8385416667
DC-PPO strict 1+5 (stitched 100M),0-50M,4121600,161.0,297974.3359375,297738.7552083333
DC-PPO strict 1+5 (stitched 100M),0-50M,4172800,163.0,298096.8984375,296500.2591145833
DC-PPO strict 1+5 (stitched 100M),0-50M,4224000,165.0,293429.54296875,294226.91796875
DC-PPO strict 1+5 (stitched 100M),0-50M,4275200,167.0,291154.3125,293624.1979166667
DC-PPO strict 1+5 (stitched 100M),0-50M,4326400,169.0,296288.73828125,294746.3697916667
DC-PPO strict 1+5 (stitched 100M),0-50M,4377600,171.0,296796.05859375,296218.5221354167
DC-PPO strict 1+5 (stitched 100M),0-50M,4428800,173.0,295570.76953125,297172.05859375
DC-PPO strict 1+5 (stitched 100M),0-50M,4480000,175.0,299149.34765625,297590.0807291667
DC-PPO strict 1+5 (stitched 100M),0-50M,4531200,177.0,298050.125,299267.1848958333
DC-PPO strict 1+5 (stitched 100M),0-50M,4582400,179.0,300602.08203125,300991.7955729167
DC-PPO strict 1+5 (stitched 100M),0-50M,4633600,181.0,304323.1796875,301190.9895833333
DC-PPO strict 1+5 (stitched 100M),0-50M,4684800,183.0,298647.70703125,301243.1106770833
DC-PPO strict 1+5 (stitched 100M),0-50M,4736000,185.0,300758.4453125,299840.0546875
DC-PPO strict 1+5 (stitched 100M),0-50M,4787200,187.0,300114.01171875,301913.2330729167
DC-PPO strict 1+5 (stitched 100M),0-50M,4838400,189.0,304867.2421875,303127.5013020833
DC-PPO strict 1+5 (stitched 100M),0-50M,4889600,191.0,304401.25,302281.65234375
DC-PPO strict 1+5 (stitched 100M),0-50M,4940800,193.0,297576.46484375,301386.2916666667
DC-PPO strict 1+5 (stitched 100M),0-50M,4992000,195.0,302181.16015625,301204.2604166667
DC-PPO strict 1+5 (stitched 100M),0-50M,5043200,197.0,303855.15625,304612.8606770833
DC-PPO strict 1+5 (stitched 100M),0-50M,5094400,199.0,307802.265625,308089.3385416667
DC-PPO strict 1+5 (stitched 100M),0-50M,5145600,201.0,312610.59375,310335.26171875
DC-PPO strict 1+5 (stitched 100M),0-50M,5196800,203.0,310592.92578125,312653.328125
DC-PPO strict 1+5 (stitched 100M),0-50M,5248000,205.0,314756.46484375,314159.98828125
DC-PPO strict 1+5 (stitched 100M),0-50M,5299200,207.0,317130.57421875,314391.6015625
DC-PPO strict 1+5 (stitched 100M),0-50M,5350400,209.0,311287.765625,311793.9231770833
DC-PPO strict 1+5 (stitched 100M),0-50M,5401600,211.0,306963.4296875,310001.2864583333
DC-PPO strict 1+5 (stitched 100M),0-50M,5452800,213.0,311752.6640625,310494.8346354167
DC-PPO strict 1+5 (stitched 100M),0-50M,5504000,215.0,312768.41015625,310931.4244791667
DC-PPO strict 1+5 (stitched 100M),0-50M,5555200,217.0,308273.19921875,310774.8125
DC-PPO strict 1+5 (stitched 100M),0-50M,5606400,219.0,311282.828125,310427.2916666667
DC-PPO strict 1+5 (stitched 100M),0-50M,5657600,221.0,311725.84765625,310971.6263020833
DC-PPO strict 1+5 (stitched 100M),0-50M,5708800,223.0,309906.203125,309781.1640625
DC-PPO strict 1+5 (stitched 100M),0-50M,5760000,225.0,307711.44140625,308923.171875
DC-PPO strict 1+5 (stitched 100M),0-50M,5811200,227.0,309151.87109375,308672.4544270833
DC-PPO strict 1+5 (stitched 100M),0-50M,5862400,229.0,309154.05078125,311818.0247395833
DC-PPO strict 1+5 (stitched 100M),0-50M,5913600,231.0,317148.15234375,315702.9583333333
DC-PPO strict 1+5 (stitched 100M),0-50M,5964800,233.0,320806.671875,318215.5260416667
DC-PPO strict 1+5 (stitched 100M),0-50M,6016000,235.0,316691.75390625,319519.2239583333
DC-PPO strict 1+5 (stitched 100M),0-50M,6067200,237.0,321059.24609375,317262.1002604167
DC-PPO strict 1+5 (stitched 100M),0-50M,6118400,239.0,314035.30078125,317339.66796875
DC-PPO strict 1+5 (stitched 100M),0-50M,6169600,241.0,316924.45703125,316909.8958333333
DC-PPO strict 1+5 (stitched 100M),0-50M,6220800,243.0,319769.9296875,318670.1875
DC-PPO strict 1+5 (stitched 100M),0-50M,6272000,245.0,319316.17578125,318822.5299479167
DC-PPO strict 1+5 (stitched 100M),0-50M,6323200,247.0,317381.484375,319454.5442708333
DC-PPO strict 1+5 (stitched 100M),0-50M,6374400,249.0,321665.97265625,322623.95703125
DC-PPO strict 1+5 (stitched 100M),0-50M,6425600,251.0,328824.4140625,325879.5065104167
DC-PPO strict 1+5 (stitched 100M),0-50M,6476800,253.0,327148.1328125,327435.6966145833
DC-PPO strict 1+5 (stitched 100M),0-50M,6528000,255.0,326334.54296875,327634.9348958333
DC-PPO strict 1+5 (stitched 100M),0-50M,6579200,257.0,329422.12890625,329023.4140625
DC-PPO strict 1+5 (stitched 100M),0-50M,6630400,259.0,331313.5703125,328766.2526041667
DC-PPO strict 1+5 (stitched 100M),0-50M,6681600,261.0,325563.05859375,328558.0963541667
DC-PPO strict 1+5 (stitched 100M),0-50M,6732800,263.0,328797.66015625,327910.8815104167
DC-PPO strict 1+5 (stitched 100M),0-50M,6784000,265.0,329371.92578125,329071.4778645833
DC-PPO strict 1+5 (stitched 100M),0-50M,6835200,267.0,329044.84765625,328808.7473958333
DC-PPO strict 1+5 (stitched 100M),0-50M,6886400,269.0,328009.46875,328114.2786458333
DC-PPO strict 1+5 (stitched 100M),0-50M,6937600,271.0,327288.51953125,328212.8932291667
DC-PPO strict 1+5 (stitched 100M),0-50M,6988800,273.0,329340.69140625,328149.9791666667
DC-PPO strict 1+5 (stitched 100M),0-50M,7040000,275.0,327820.7265625,328868.1783854167
DC-PPO strict 1+5 (stitched 100M),0-50M,7091200,277.0,329443.1171875,327503.9348958333
DC-PPO strict 1+5 (stitched 100M),0-50M,7142400,279.0,325247.9609375,326637.59765625
DC-PPO strict 1+5 (stitched 100M),0-50M,7193600,281.0,325221.71484375,324250.7643229167
DC-PPO strict 1+5 (stitched 100M),0-50M,7244800,283.0,322282.6171875,325335.578125
DC-PPO strict 1+5 (stitched 100M),0-50M,7296000,285.0,328502.40234375,325925.1432291667
DC-PPO strict 1+5 (stitched 100M),0-50M,7347200,287.0,326990.41015625,328761.0494791667
DC-PPO strict 1+5 (stitched 100M),0-50M,7398400,289.0,330790.3359375,330615.265625
DC-PPO strict 1+5 (stitched 100M),0-50M,7449600,291.0,334065.05078125,331972.6927083333
DC-PPO strict 1+5 (stitched 100M),0-50M,7500800,293.0,331062.69140625,332895.34375
DC-PPO strict 1+5 (stitched 100M),0-50M,7552000,295.0,333558.2890625,334999.2044270833
DC-PPO strict 1+5 (stitched 100M),0-50M,7603200,297.0,340376.6328125,338225.9075520833
DC-PPO strict 1+5 (stitched 100M),0-50M,7654400,299.0,340742.80078125,340536.9544270833
DC-PPO strict 1+5 (stitched 100M),0-50M,7705600,301.0,340491.4296875,338112.3619791667
DC-PPO strict 1+5 (stitched 100M),0-50M,7756800,303.0,333102.85546875,338832.3450520833
DC-PPO strict 1+5 (stitched 100M),0-50M,7808000,305.0,342902.75,339375.30859375
DC-PPO strict 1+5 (stitched 100M),0-50M,7859200,307.0,342120.3203125,341383.5598958333
DC-PPO strict 1+5 (stitched 100M),0-50M,7910400,309.0,339127.609375,340577.64453125
DC-PPO strict 1+5 (stitched 100M),0-50M,7961600,311.0,340485.00390625,339740.9700520833
DC-PPO strict 1+5 (stitched 100M),0-50M,8012800,313.0,339610.296875,338595.87890625
DC-PPO strict 1+5 (stitched 100M),0-50M,8064000,315.0,335692.3359375,337946.7044270833
DC-PPO strict 1+5 (stitched 100M),0-50M,8115200,317.0,338537.48046875,338407.0794270833
DC-PPO strict 1+5 (stitched 100M),0-50M,8166400,319.0,340991.421875,339435.90234375
DC-PPO strict 1+5 (stitched 100M),0-50M,8217600,321.0,338778.8046875,338942.5677083333
DC-PPO strict 1+5 (stitched 100M),0-50M,8268800,323.0,337057.4765625,337722.61328125
DC-PPO strict 1+5 (stitched 100M),0-50M,8320000,325.0,337331.55859375,337689.4192708333
DC-PPO strict 1+5 (stitched 100M),0-50M,8371200,327.0,338679.22265625,342053.8541666667
DC-PPO strict 1+5 (stitched 100M),0-50M,8422400,329.0,350150.78125,340962.0755208333
DC-PPO strict 1+5 (stitched 100M),0-50M,8473600,331.0,334056.22265625,341730.9140625
DC-PPO strict 1+5 (stitched 100M),0-50M,8524800,333.0,340985.73828125,339862.7213541667
DC-PPO strict 1+5 (stitched 100M),0-50M,8576000,335.0,344546.203125,342827.1080729167
DC-PPO strict 1+5 (stitched 100M),0-50M,8627200,337.0,342949.3828125,344868.5091145833
DC-PPO strict 1+5 (stitched 100M),0-50M,8678400,339.0,347109.94140625,344902.8502604167
DC-PPO strict 1+5 (stitched 100M),0-50M,8729600,341.0,344649.2265625,347588.1875
DC-PPO strict 1+5 (stitched 100M),0-50M,8780800,343.0,351005.39453125,347448.3450520833
DC-PPO strict 1+5 (stitched 100M),0-50M,8832000,345.0,346690.4140625,348487.9921875
DC-PPO strict 1+5 (stitched 100M),0-50M,8883200,347.0,347768.16796875,347688.4921875
DC-PPO strict 1+5 (stitched 100M),0-50M,8934400,349.0,348606.89453125,350993.3372395833
DC-PPO strict 1+5 (stitched 100M),0-50M,8985600,351.0,356604.94921875,352885.1328125
DC-PPO strict 1+5 (stitched 100M),0-50M,9036800,353.0,353443.5546875,353054.4791666667
DC-PPO strict 1+5 (stitched 100M),0-50M,9088000,355.0,349114.93359375,352393.546875
DC-PPO strict 1+5 (stitched 100M),0-50M,9139200,357.0,354622.15234375,350944.765625
DC-PPO strict 1+5 (stitched 100M),0-50M,9190400,359.0,349097.2109375,353015.5442708333
DC-PPO strict 1+5 (stitched 100M),0-50M,9241600,361.0,355327.26953125,354331.8958333333
DC-PPO strict 1+5 (stitched 100M),0-50M,9292800,363.0,358571.20703125,356952.6197916667
DC-PPO strict 1+5 (stitched 100M),0-50M,9344000,365.0,356959.3828125,357090.7265625
DC-PPO strict 1+5 (stitched 100M),0-50M,9395200,367.0,355741.58984375,356839.9609375
DC-PPO strict 1+5 (stitched 100M),0-50M,9446400,369.0,357818.91015625,359763.30078125
DC-PPO strict 1+5 (stitched 100M),0-50M,9497600,371.0,365729.40234375,359643.8919270833
DC-PPO strict 1+5 (stitched 100M),0-50M,9548800,373.0,355383.36328125,358259.5559895833
DC-PPO strict 1+5 (stitched 100M),0-50M,9600000,375.0,353665.90234375,354538.0807291667
DC-PPO strict 1+5 (stitched 100M),0-50M,9651200,377.0,354564.9765625,355576.23828125
DC-PPO strict 1+5 (stitched 100M),0-50M,9702400,379.0,358497.8359375,357472.1419270833
DC-PPO strict 1+5 (stitched 100M),0-50M,9753600,381.0,359353.61328125,358063.1575520833
DC-PPO strict 1+5 (stitched 100M),0-50M,9804800,383.0,356338.0234375,357938.6848958333
DC-PPO strict 1+5 (stitched 100M),0-50M,9856000,385.0,358124.41796875,356607.3932291667
DC-PPO strict 1+5 (stitched 100M),0-50M,9907200,387.0,355359.73828125,357882.0325520833
DC-PPO strict 1+5 (stitched 100M),0-50M,9958400,389.0,360161.94140625,355633.3072916667
DC-PPO strict 1+5 (stitched 100M),0-50M,10009600,391.0,351378.2421875,354017.578125
DC-PPO strict 1+5 (stitched 100M),0-50M,10060800,393.0,350512.55078125,352179.9934895833
DC-PPO strict 1+5 (stitched 100M),0-50M,10112000,395.0,354649.1875,354920.7330729167
DC-PPO strict 1+5 (stitched 100M),0-50M,10163200,397.0,359600.4609375,356448.8098958333
DC-PPO strict 1+5 (stitched 100M),0-50M,10214400,399.0,355096.78125,357941.94921875
DC-PPO strict 1+5 (stitched 100M),0-50M,10265600,401.0,359128.60546875,358012.1484375
DC-PPO strict 1+5 (stitched 100M),0-50M,10316800,403.0,359811.05859375,359717.8919270833
DC-PPO strict 1+5 (stitched 100M),0-50M,10368000,405.0,360214.01171875,358199.1510416667
DC-PPO strict 1+5 (stitched 100M),0-50M,10419200,407.0,354572.3828125,356434.71875
DC-PPO strict 1+5 (stitched 100M),0-50M,10470400,409.0,354517.76171875,353905.7356770833
DC-PPO strict 1+5 (stitched 100M),0-50M,10521600,411.0,352627.0625,352877.19921875
DC-PPO strict 1+5 (stitched 100M),0-50M,10572800,413.0,351486.7734375,354308.0247395833
DC-PPO strict 1+5 (stitched 100M),0-50M,10624000,415.0,358810.23828125,356952.63671875
DC-PPO strict 1+5 (stitched 100M),0-50M,10675200,417.0,360560.8984375,358413.5520833333
DC-PPO strict 1+5 (stitched 100M),0-50M,10726400,419.0,355869.51953125,357882.6354166667
DC-PPO strict 1+5 (stitched 100M),0-50M,10777600,421.0,357217.48828125,356243.8177083333
DC-PPO strict 1+5 (stitched 100M),0-50M,10828800,423.0,355644.4453125,354697.4778645833
DC-PPO strict 1+5 (stitched 100M),0-50M,10880000,425.0,351230.5,355420.2825520833
DC-PPO strict 1+5 (stitched 100M),0-50M,10931200,427.0,359385.90234375,354710.8125
DC-PPO strict 1+5 (stitched 100M),0-50M,10982400,429.0,353516.03515625,357382.19921875
DC-PPO strict 1+5 (stitched 100M),0-50M,11033600,431.0,359244.66015625,357389.2734375
DC-PPO strict 1+5 (stitched 100M),0-50M,11084800,433.0,359407.125,361698.4153645833
DC-PPO strict 1+5 (stitched 100M),0-50M,11136000,435.0,366443.4609375,363197.9244791667
DC-PPO strict 1+5 (stitched 100M),0-50M,11187200,437.0,363743.1875,365212.6341145833
DC-PPO strict 1+5 (stitched 100M),0-50M,11238400,439.0,365451.25390625,364565.1796875
DC-PPO strict 1+5 (stitched 100M),0-50M,11289600,441.0,364501.09765625,364734.8684895833
DC-PPO strict 1+5 (stitched 100M),0-50M,11340800,443.0,364252.25390625,366007.9192708333
DC-PPO strict 1+5 (stitched 100M),0-50M,11392000,445.0,369270.40625,368685.4635416667
DC-PPO strict 1+5 (stitched 100M),0-50M,11443200,447.0,372533.73046875,370689.6888020833
DC-PPO strict 1+5 (stitched 100M),0-50M,11494400,449.0,370264.9296875,370790.2408854167
DC-PPO strict 1+5 (stitched 100M),0-50M,11545600,451.0,369572.0625,369120.0208333333
DC-PPO strict 1+5 (stitched 100M),0-50M,11596800,453.0,367523.0703125,368289.8151041667
DC-PPO strict 1+5 (stitched 100M),0-50M,11648000,455.0,367774.3125,369020.22265625
DC-PPO strict 1+5 (stitched 100M),0-50M,11699200,457.0,371763.28515625,369745.5911458333
DC-PPO strict 1+5 (stitched 100M),0-50M,11750400,459.0,369699.17578125,367313.52734375
DC-PPO strict 1+5 (stitched 100M),0-50M,11801600,461.0,360478.12109375,365700.6380208333
DC-PPO strict 1+5 (stitched 100M),0-50M,11852800,463.0,366924.6171875,364062.6549479167
DC-PPO strict 1+5 (stitched 100M),0-50M,11904000,465.0,364785.2265625,365559.203125
DC-PPO strict 1+5 (stitched 100M),0-50M,11955200,467.0,364967.765625,365014.3984375
DC-PPO strict 1+5 (stitched 100M),0-50M,12006400,469.0,365290.203125,365749.84375
DC-PPO strict 1+5 (stitched 100M),0-50M,12057600,471.0,366991.5625,367659.8411458333
DC-PPO strict 1+5 (stitched 100M),0-50M,12108800,473.0,370697.7578125,370822.578125
DC-PPO strict 1+5 (stitched 100M),0-50M,12160000,475.0,374778.4140625,372906.0924479167
DC-PPO strict 1+5 (stitched 100M),0-50M,12211200,477.0,373242.10546875,372350.7630208333
DC-PPO strict 1+5 (stitched 100M),0-50M,12262400,479.0,369031.76953125,371630.8333333333
DC-PPO strict 1+5 (stitched 100M),0-50M,12313600,481.0,372618.625,369648.9440104167
DC-PPO strict 1+5 (stitched 100M),0-50M,12364800,483.0,367296.4375,368832.4908854167
DC-PPO strict 1+5 (stitched 100M),0-50M,12416000,485.0,366582.41015625,367078.9791666667
DC-PPO strict 1+5 (stitched 100M),0-50M,12467200,487.0,367358.08984375,367930.2109375
DC-PPO strict 1+5 (stitched 100M),0-50M,12518400,489.0,369850.1328125,367670.8919270833
DC-PPO strict 1+5 (stitched 100M),0-50M,12569600,491.0,365804.453125,367696.51171875
DC-PPO strict 1+5 (stitched 100M),0-50M,12620800,493.0,367434.94921875,369053.3658854167
DC-PPO strict 1+5 (stitched 100M),0-50M,12672000,495.0,373920.6953125,371293.3815104167
DC-PPO strict 1+5 (stitched 100M),0-50M,12723200,497.0,372524.5,372579.2291666667
DC-PPO strict 1+5 (stitched 100M),0-50M,12774400,499.0,371292.4921875,371140.5104166667
DC-PPO strict 1+5 (stitched 100M),0-50M,12825600,501.0,369604.5390625,370161.9869791667
DC-PPO strict 1+5 (stitched 100M),0-50M,12876800,503.0,369588.9296875,370289.9010416667
DC-PPO strict 1+5 (stitched 100M),0-50M,12928000,505.0,371676.234375,370147.4791666667
DC-PPO strict 1+5 (stitched 100M),0-50M,12979200,507.0,369177.2734375,371026.1614583333
DC-PPO strict 1+5 (stitched 100M),0-50M,13030400,509.0,372224.9765625,372138.0247395833
DC-PPO strict 1+5 (stitched 100M),0-50M,13081600,511.0,375011.82421875,372993.8138020833
DC-PPO strict 1+5 (stitched 100M),0-50M,13132800,513.0,371744.640625,374262.1419270833
DC-PPO strict 1+5 (stitched 100M),0-50M,13184000,515.0,376029.9609375,373340.8424479167
DC-PPO strict 1+5 (stitched 100M),0-50M,13235200,517.0,372247.92578125,373523.7877604167
DC-PPO strict 1+5 (stitched 100M),0-50M,13286400,519.0,372293.4765625,371187.6028645833
DC-PPO strict 1+5 (stitched 100M),0-50M,13337600,521.0,369021.40625,371904.6471354167
DC-PPO strict 1+5 (stitched 100M),0-50M,13388800,523.0,374399.05859375,372233.4309895833
DC-PPO strict 1+5 (stitched 100M),0-50M,13440000,525.0,373279.828125,373437.16015625
DC-PPO strict 1+5 (stitched 100M),0-50M,13491200,527.0,372632.59375,375039.109375
DC-PPO strict 1+5 (stitched 100M),0-50M,13542400,529.0,379204.90625,375888.1822916667
DC-PPO strict 1+5 (stitched 100M),0-50M,13593600,531.0,375827.046875,376168.4049479167
DC-PPO strict 1+5 (stitched 100M),0-50M,13644800,533.0,373473.26171875,374982.7473958333
DC-PPO strict 1+5 (stitched 100M),0-50M,13696000,535.0,375647.93359375,375401.8606770833
DC-PPO strict 1+5 (stitched 100M),0-50M,13747200,537.0,377084.38671875,377645.3046875
DC-PPO strict 1+5 (stitched 100M),0-50M,13798400,539.0,380203.59375,380069.59765625
DC-PPO strict 1+5 (stitched 100M),0-50M,13849600,541.0,382920.8125,382078.33203125
DC-PPO strict 1+5 (stitched 100M),0-50M,13900800,543.0,383110.58984375,382946.9947916667
DC-PPO strict 1+5 (stitched 100M),0-50M,13952000,545.0,382809.58203125,381192.7213541667
DC-PPO strict 1+5 (stitched 100M),0-50M,14003200,547.0,377657.9921875,379780.7955729167
DC-PPO strict 1+5 (stitched 100M),0-50M,14054400,549.0,378874.8125,377887.5182291667
DC-PPO strict 1+5 (stitched 100M),0-50M,14105600,551.0,377129.75,377678.2721354167
DC-PPO strict 1+5 (stitched 100M),0-50M,14156800,553.0,377030.25390625,376196.2330729167
DC-PPO strict 1+5 (stitched 100M),0-50M,14208000,555.0,374428.6953125,376249.2473958333
DC-PPO strict 1+5 (stitched 100M),0-50M,14259200,557.0,377288.79296875,378202.6497395833
DC-PPO strict 1+5 (stitched 100M),0-50M,14310400,559.0,382890.4609375,380517.71875
DC-PPO strict 1+5 (stitched 100M),0-50M,14361600,561.0,381373.90234375,382060.46484375
DC-PPO strict 1+5 (stitched 100M),0-50M,14412800,563.0,381917.03125,381709.9869791667
DC-PPO strict 1+5 (stitched 100M),0-50M,14464000,565.0,381839.02734375,381930.0872395833
DC-PPO strict 1+5 (stitched 100M),0-50M,14515200,567.0,382034.203125,380807.4114583333
DC-PPO strict 1+5 (stitched 100M),0-50M,14566400,569.0,378549.00390625,381646.33203125
DC-PPO strict 1+5 (stitched 100M),0-50M,14617600,571.0,384355.7890625,381790.0494791667
DC-PPO strict 1+5 (stitched 100M),0-50M,14668800,573.0,382465.35546875,381947.2903645833
DC-PPO strict 1+5 (stitched 100M),0-50M,14720000,575.0,379020.7265625,379825.74609375
DC-PPO strict 1+5 (stitched 100M),0-50M,14771200,577.0,377991.15625,378971.0364583333
DC-PPO strict 1+5 (stitched 100M),0-50M,14822400,579.0,379901.2265625,378752.3645833333
DC-PPO strict 1+5 (stitched 100M),0-50M,14873600,581.0,378364.7109375,377223.3606770833
DC-PPO strict 1+5 (stitched 100M),0-50M,14924800,583.0,373404.14453125,376907.3072916667
DC-PPO strict 1+5 (stitched 100M),0-50M,14976000,585.0,378953.06640625,376855.5
DC-PPO strict 1+5 (stitched 100M),0-50M,15027200,587.0,378209.2890625,378596.7473958333
DC-PPO strict 1+5 (stitched 100M),0-50M,15078400,589.0,378627.88671875,378538.8072916667
DC-PPO strict 1+5 (stitched 100M),0-50M,15129600,591.0,378779.24609375,379030.62890625
DC-PPO strict 1+5 (stitched 100M),0-50M,15180800,593.0,379684.75390625,381414.3229166667
DC-PPO strict 1+5 (stitched 100M),0-50M,15232000,595.0,385778.96875,382621.8424479167
DC-PPO strict 1+5 (stitched 100M),0-50M,15283200,597.0,382401.8046875,384121.7552083333
DC-PPO strict 1+5 (stitched 100M),0-50M,15334400,599.0,384184.4921875,382475.6979166667
DC-PPO strict 1+5 (stitched 100M),0-50M,15385600,601.0,380840.796875,382009.5481770833
DC-PPO strict 1+5 (stitched 100M),0-50M,15436800,603.0,381003.35546875,381660.4440104167
DC-PPO strict 1+5 (stitched 100M),0-50M,15488000,605.0,383137.1796875,382057.0924479167
DC-PPO strict 1+5 (stitched 100M),0-50M,15539200,607.0,382030.7421875,379716.8046875
DC-PPO strict 1+5 (stitched 100M),0-50M,15590400,609.0,373982.4921875,377430.33203125
DC-PPO strict 1+5 (stitched 100M),0-50M,15641600,611.0,376277.76171875,375849.4934895833
DC-PPO strict 1+5 (stitched 100M),0-50M,15692800,613.0,377288.2265625,376998.9661458333
DC-PPO strict 1+5 (stitched 100M),0-50M,15744000,615.0,377430.91015625,377136.12109375
DC-PPO strict 1+5 (stitched 100M),0-50M,15795200,617.0,376689.2265625,377075.47265625
DC-PPO strict 1+5 (stitched 100M),0-50M,15846400,619.0,377106.28125,377740.12109375
DC-PPO strict 1+5 (stitched 100M),0-50M,15897600,621.0,379424.85546875,379246.1861979167
DC-PPO strict 1+5 (stitched 100M),0-50M,15948800,623.0,381207.421875,379344.6770833333
DC-PPO strict 1+5 (stitched 100M),0-50M,16000000,625.0,377401.75390625,380255.4309895833
DC-PPO strict 1+5 (stitched 100M),0-50M,16051200,627.0,382157.1171875,380053.6692708333
DC-PPO strict 1+5 (stitched 100M),0-50M,16102400,629.0,380602.13671875,381063.11328125
DC-PPO strict 1+5 (stitched 100M),0-50M,16153600,631.0,380430.0859375,379464.09375
DC-PPO strict 1+5 (stitched 100M),0-50M,16204800,633.0,377360.05859375,380509.7682291667
DC-PPO strict 1+5 (stitched 100M),0-50M,16256000,635.0,383739.16015625,383776.27734375
DC-PPO strict 1+5 (stitched 100M),0-50M,16307200,637.0,390229.61328125,386686.2565104167
DC-PPO strict 1+5 (stitched 100M),0-50M,16358400,639.0,386089.99609375,387137.8567708333
DC-PPO strict 1+5 (stitched 100M),0-50M,16409600,641.0,385093.9609375,385176.5572916667
DC-PPO strict 1+5 (stitched 100M),0-50M,16460800,643.0,384345.71484375,387074.3984375
DC-PPO strict 1+5 (stitched 100M),0-50M,16512000,645.0,391783.51953125,386738.1354166667
DC-PPO strict 1+5 (stitched 100M),0-50M,16563200,647.0,384085.171875,385784.9114583333
DC-PPO strict 1+5 (stitched 100M),0-50M,16614400,649.0,381486.04296875,383176.2447916667
DC-PPO strict 1+5 (stitched 100M),0-50M,16665600,651.0,383957.51953125,380910.3098958333
DC-PPO strict 1+5 (stitched 100M),0-50M,16716800,653.0,377287.3671875,381830.1848958333
DC-PPO strict 1+5 (stitched 100M),0-50M,16768000,655.0,384245.66796875,382026.4283854167
DC-PPO strict 1+5 (stitched 100M),0-50M,16819200,657.0,384546.25,387445.0390625
DC-PPO strict 1+5 (stitched 100M),0-50M,16870400,659.0,393543.19921875,390125.015625
DC-PPO strict 1+5 (stitched 100M),0-50M,16921600,661.0,392285.59765625,391826.85546875
DC-PPO strict 1+5 (stitched 100M),0-50M,16972800,663.0,389651.76953125,390501.7513020833
DC-PPO strict 1+5 (stitched 100M),0-50M,17024000,665.0,389567.88671875,389583.078125
DC-PPO strict 1+5 (stitched 100M),0-50M,17075200,667.0,389529.578125,390737.1640625
DC-PPO strict 1+5 (stitched 100M),0-50M,17126400,669.0,393114.02734375,390895.8919270833
DC-PPO strict 1+5 (stitched 100M),0-50M,17177600,671.0,390044.0703125,391528.6432291667
DC-PPO strict 1+5 (stitched 100M),0-50M,17228800,673.0,391427.83203125,392289.3333333333
DC-PPO strict 1+5 (stitched 100M),0-50M,17280000,675.0,395396.09765625,393456.8815104167
DC-PPO strict 1+5 (stitched 100M),0-50M,17331200,677.0,393546.71484375,394217.3645833333
DC-PPO strict 1+5 (stitched 100M),0-50M,17382400,679.0,393709.28125,394899.2669270833
DC-PPO strict 1+5 (stitched 100M),0-50M,17433600,681.0,397441.8046875,394053.7799479167
DC-PPO strict 1+5 (stitched 100M),0-50M,17484800,683.0,391010.25390625,392384.5286458333
DC-PPO strict 1+5 (stitched 100M),0-50M,17536000,685.0,388701.52734375,391290.19140625
DC-PPO strict 1+5 (stitched 100M),0-50M,17587200,687.0,394158.79296875,393278.3515625
DC-PPO strict 1+5 (stitched 100M),0-50M,17638400,689.0,396974.734375,394608.0013020833
DC-PPO strict 1+5 (stitched 100M),0-50M,17689600,691.0,392690.4765625,394285.15625
DC-PPO strict 1+5 (stitched 100M),0-50M,17740800,693.0,393190.2578125,392544.9557291667
DC-PPO strict 1+5 (stitched 100M),0-50M,17792000,695.0,391754.1328125,391315.73828125
DC-PPO strict 1+5 (stitched 100M),0-50M,17843200,697.0,389002.82421875,389855.8046875
DC-PPO strict 1+5 (stitched 100M),0-50M,17894400,699.0,388810.45703125,389425.9114583333
DC-PPO strict 1+5 (stitched 100M),0-50M,17945600,701.0,390464.453125,389096.3450520833
DC-PPO strict 1+5 (stitched 100M),0-50M,17996800,703.0,388014.125,388776.4752604167
DC-PPO strict 1+5 (stitched 100M),0-50M,18048000,705.0,387850.84765625,386288.6419270833
DC-PPO strict 1+5 (stitched 100M),0-50M,18099200,707.0,383000.953125,385464.19921875
DC-PPO strict 1+5 (stitched 100M),0-50M,18150400,709.0,385540.796875,383708.9010416667
DC-PPO strict 1+5 (stitched 100M),0-50M,18201600,711.0,382584.953125,385907.9270833333
DC-PPO strict 1+5 (stitched 100M),0-50M,18252800,713.0,389598.03125,386511.5169270833
DC-PPO strict 1+5 (stitched 100M),0-50M,18304000,715.0,387351.56640625,387395.21875
DC-PPO strict 1+5 (stitched 100M),0-50M,18355200,717.0,385236.05859375,387896.5377604167
DC-PPO strict 1+5 (stitched 100M),0-50M,18406400,719.0,391101.98828125,389082.2994791667
DC-PPO strict 1+5 (stitched 100M),0-50M,18457600,721.0,390908.8515625,390587.5833333333
DC-PPO strict 1+5 (stitched 100M),0-50M,18508800,723.0,389751.91015625,390765.9127604167
DC-PPO strict 1+5 (stitched 100M),0-50M,18560000,725.0,391636.9765625,391823.12109375
DC-PPO strict 1+5 (stitched 100M),0-50M,18611200,727.0,394080.4765625,392604.3229166667
DC-PPO strict 1+5 (stitched 100M),0-50M,18662400,729.0,392095.515625,392424.7760416667
DC-PPO strict 1+5 (stitched 100M),0-50M,18713600,731.0,391098.3359375,392299.7838541667
DC-PPO strict 1+5 (stitched 100M),0-50M,18764800,733.0,393705.5,394480.390625
DC-PPO strict 1+5 (stitched 100M),0-50M,18816000,735.0,398637.3359375,396195.1979166667
DC-PPO strict 1+5 (stitched 100M),0-50M,18867200,737.0,396242.7578125,397555.0078125
DC-PPO strict 1+5 (stitched 100M),0-50M,18918400,739.0,397784.9296875,394544.5091145833
DC-PPO strict 1+5 (stitched 100M),0-50M,18969600,741.0,389605.83984375,393116.4244791667
DC-PPO strict 1+5 (stitched 100M),0-50M,19020800,743.0,391958.50390625,390963.16015625
DC-PPO strict 1+5 (stitched 100M),0-50M,19072000,745.0,391325.13671875,390572.6432291667
DC-PPO strict 1+5 (stitched 100M),0-50M,19123200,747.0,388434.2890625,390776.0325520833
DC-PPO strict 1+5 (stitched 100M),0-50M,19174400,749.0,392568.671875,390499.3203125
DC-PPO strict 1+5 (stitched 100M),0-50M,19225600,751.0,390495.0,392057.9973958333
DC-PPO strict 1+5 (stitched 100M),0-50M,19276800,753.0,393110.3203125,392693.2942708333
DC-PPO strict 1+5 (stitched 100M),0-50M,19328000,755.0,394474.5625,393465.1328125
DC-PPO strict 1+5 (stitched 100M),0-50M,19379200,757.0,392810.515625,394160.4895833333
DC-PPO strict 1+5 (stitched 100M),0-50M,19430400,759.0,395196.390625,393124.9010416667
DC-PPO strict 1+5 (stitched 100M),0-50M,19481600,761.0,391367.796875,393855.6653645833
DC-PPO strict 1+5 (stitched 100M),0-50M,19532800,763.0,395002.80859375,392393.0638020833
DC-PPO strict 1+5 (stitched 100M),0-50M,19584000,765.0,390808.5859375,392688.13671875
DC-PPO strict 1+5 (stitched 100M),0-50M,19635200,767.0,392253.015625,392065.3841145833
DC-PPO strict 1+5 (stitched 100M),0-50M,19686400,769.0,393134.55078125,393273.3776041667
DC-PPO strict 1+5 (stitched 100M),0-50M,19737600,771.0,394432.56640625,393675.2630208333
DC-PPO strict 1+5 (stitched 100M),0-50M,19788800,773.0,393458.671875,394115.265625
DC-PPO strict 1+5 (stitched 100M),0-50M,19840000,775.0,394454.55859375,393991.36328125
DC-PPO strict 1+5 (stitched 100M),0-50M,19891200,777.0,394060.859375,394750.0794270833
DC-PPO strict 1+5 (stitched 100M),0-50M,19942400,779.0,395734.8203125,394932.8919270833
DC-PPO strict 1+5 (stitched 100M),0-50M,19993600,781.0,395002.99609375,394597.36328125
DC-PPO strict 1+5 (stitched 100M),0-50M,20044800,783.0,393054.2734375,394498.04296875
DC-PPO strict 1+5 (stitched 100M),0-50M,20096000,785.0,395436.859375,395568.5286458333
DC-PPO strict 1+5 (stitched 100M),0-50M,20147200,787.0,398214.453125,395057.4244791667
DC-PPO strict 1+5 (stitched 100M),0-50M,20198400,789.0,391520.9609375,394865.1979166667
DC-PPO strict 1+5 (stitched 100M),0-50M,20249600,791.0,394860.1796875,394105.5078125
DC-PPO strict 1+5 (stitched 100M),0-50M,20300800,793.0,395935.3828125,395291.7916666667
DC-PPO strict 1+5 (stitched 100M),0-50M,20352000,795.0,395079.8125,396167.6015625
DC-PPO strict 1+5 (stitched 100M),0-50M,20403200,797.0,397487.609375,396817.625
DC-PPO strict 1+5 (stitched 100M),0-50M,20454400,799.0,397885.453125,398042.7369791667
DC-PPO strict 1+5 (stitched 100M),0-50M,20505600,801.0,398755.1484375,399107.0494791667
DC-PPO strict 1+5 (stitched 100M),0-50M,20556800,803.0,400680.546875,400277.4609375
DC-PPO strict 1+5 (stitched 100M),0-50M,20608000,805.0,401396.6875,400333.4635416667
DC-PPO strict 1+5 (stitched 100M),0-50M,20659200,807.0,398923.15625,401453.6484375
DC-PPO strict 1+5 (stitched 100M),0-50M,20710400,809.0,404041.1015625,399868.2135416667
DC-PPO strict 1+5 (stitched 100M),0-50M,20761600,811.0,396640.3828125,399898.0234375
DC-PPO strict 1+5 (stitched 100M),0-50M,20812800,813.0,399012.5859375,399222.5885416667
DC-PPO strict 1+5 (stitched 100M),0-50M,20864000,815.0,402014.796875,399710.2526041667
DC-PPO strict 1+5 (stitched 100M),0-50M,20915200,817.0,398103.375,398569.5638020833
DC-PPO strict 1+5 (stitched 100M),0-50M,20966400,819.0,395590.51953125,396382.4583333333
DC-PPO strict 1+5 (stitched 100M),0-50M,21017600,821.0,395453.48046875,397221.5078125
DC-PPO strict 1+5 (stitched 100M),0-50M,21068800,823.0,400620.5234375,399280.7877604167
DC-PPO strict 1+5 (stitched 100M),0-50M,21120000,825.0,401768.359375,399870.3229166667
DC-PPO strict 1+5 (stitched 100M),0-50M,21171200,827.0,397222.0859375,399492.265625
DC-PPO strict 1+5 (stitched 100M),0-50M,21222400,829.0,399486.3515625,398352.9791666667
DC-PPO strict 1+5 (stitched 100M),0-50M,21273600,831.0,398350.5,398893.0338541667
DC-PPO strict 1+5 (stitched 100M),0-50M,21324800,833.0,398842.25,396911.9322916667
DC-PPO strict 1+5 (stitched 100M),0-50M,21376000,835.0,393543.046875,395408.04296875
DC-PPO strict 1+5 (stitched 100M),0-50M,21427200,837.0,393838.83203125,394514.5494791667
DC-PPO strict 1+5 (stitched 100M),0-50M,21478400,839.0,396161.76953125,396517.6979166667
DC-PPO strict 1+5 (stitched 100M),0-50M,21529600,841.0,399552.4921875,397937.4674479167
DC-PPO strict 1+5 (stitched 100M),0-50M,21580800,843.0,398098.140625,399417.8971354167
DC-PPO strict 1+5 (stitched 100M),0-50M,21632000,845.0,400603.05859375,399605.953125
DC-PPO strict 1+5 (stitched 100M),0-50M,21683200,847.0,400116.66015625,400213.26171875
DC-PPO strict 1+5 (stitched 100M),0-50M,21734400,849.0,399920.06640625,400900.7630208333
DC-PPO strict 1+5 (stitched 100M),0-50M,21785600,851.0,402665.5625,401952.890625
DC-PPO strict 1+5 (stitched 100M),0-50M,21836800,853.0,403273.04296875,404008.015625
DC-PPO strict 1+5 (stitched 100M),0-50M,21888000,855.0,406085.44140625,403603.8880208333
DC-PPO strict 1+5 (stitched 100M),0-50M,21939200,857.0,401453.1796875,401394.8138020833
DC-PPO strict 1+5 (stitched 100M),0-50M,21990400,859.0,396645.8203125,399950.953125
DC-PPO strict 1+5 (stitched 100M),0-50M,22041600,861.0,401753.859375,400219.875
DC-PPO strict 1+5 (stitched 100M),0-50M,22092800,863.0,402259.9453125,401735.2799479167
DC-PPO strict 1+5 (stitched 100M),0-50M,22144000,865.0,401192.03515625,400120.83984375
DC-PPO strict 1+5 (stitched 100M),0-50M,22195200,867.0,396910.5390625,398741.45703125
DC-PPO strict 1+5 (stitched 100M),0-50M,22246400,869.0,398121.796875,397916.7578125
DC-PPO strict 1+5 (stitched 100M),0-50M,22297600,871.0,398717.9375,399064.3359375
DC-PPO strict 1+5 (stitched 100M),0-50M,22348800,873.0,400353.2734375,399089.66015625
DC-PPO strict 1+5 (stitched 100M),0-50M,22400000,875.0,398197.76953125,398066.2356770833
DC-PPO strict 1+5 (stitched 100M),0-50M,22451200,877.0,395647.6640625,396887.6328125
DC-PPO strict 1+5 (stitched 100M),0-50M,22502400,879.0,396817.46484375,396568.40234375
DC-PPO strict 1+5 (stitched 100M),0-50M,22553600,881.0,397240.078125,396517.1979166667
DC-PPO strict 1+5 (stitched 100M),0-50M,22604800,883.0,395494.05078125,398298.9231770833
DC-PPO strict 1+5 (stitched 100M),0-50M,22656000,885.0,402162.640625,398014.7552083333
DC-PPO strict 1+5 (stitched 100M),0-50M,22707200,887.0,396387.57421875,399707.9322916667
DC-PPO strict 1+5 (stitched 100M),0-50M,22758400,889.0,400573.58203125,398622.59765625
DC-PPO strict 1+5 (stitched 100M),0-50M,22809600,891.0,398906.63671875,399793.0234375
DC-PPO strict 1+5 (stitched 100M),0-50M,22860800,893.0,399898.8515625,398534.61328125
DC-PPO strict 1+5 (stitched 100M),0-50M,22912000,895.0,396798.3515625,399423.1822916667
DC-PPO strict 1+5 (stitched 100M),0-50M,22963200,897.0,401572.34375,399699.5234375
DC-PPO strict 1+5 (stitched 100M),0-50M,23014400,899.0,400727.875,401606.8880208333
DC-PPO strict 1+5 (stitched 100M),0-50M,23065600,901.0,402520.4453125,401828.3020833333
DC-PPO strict 1+5 (stitched 100M),0-50M,23116800,903.0,402236.5859375,401511.9661458333
DC-PPO strict 1+5 (stitched 100M),0-50M,23168000,905.0,399778.8671875,400825.0768229167
DC-PPO strict 1+5 (stitched 100M),0-50M,23219200,907.0,400459.77734375,400323.26171875
DC-PPO strict 1+5 (stitched 100M),0-50M,23270400,909.0,400731.140625,399900.1510416667
DC-PPO strict 1+5 (stitched 100M),0-50M,23321600,911.0,398509.53515625,398532.0833333333
DC-PPO strict 1+5 (stitched 100M),0-50M,23372800,913.0,396355.57421875,396913.203125
DC-PPO strict 1+5 (stitched 100M),0-50M,23424000,915.0,395874.5,396950.4908854167
DC-PPO strict 1+5 (stitched 100M),0-50M,23475200,917.0,398621.3984375,398316.7942708333
DC-PPO strict 1+5 (stitched 100M),0-50M,23526400,919.0,400454.484375,398248.1901041667
DC-PPO strict 1+5 (stitched 100M),0-50M,23577600,921.0,395668.6875,398240.0052083333
DC-PPO strict 1+5 (stitched 100M),0-50M,23628800,923.0,398596.84375,396930.6354166667
DC-PPO strict 1+5 (stitched 100M),0-50M,23680000,925.0,396526.375,398807.0026041667
DC-PPO strict 1+5 (stitched 100M),0-50M,23731200,927.0,401297.7890625,399731.4505208333
DC-PPO strict 1+5 (stitched 100M),0-50M,23782400,929.0,401370.1875,402084.859375
DC-PPO strict 1+5 (stitched 100M),0-50M,23833600,931.0,403586.6015625,402473.0247395833
DC-PPO strict 1+5 (stitched 100M),0-50M,23884800,933.0,402462.28515625,403265.9583333333
DC-PPO strict 1+5 (stitched 100M),0-50M,23936000,935.0,403748.98828125,403502.7265625
DC-PPO strict 1+5 (stitched 100M),0-50M,23987200,937.0,404296.90625,403896.0611979167
DC-PPO strict 1+5 (stitched 100M),0-50M,24038400,939.0,403642.2890625,402849.3020833333
DC-PPO strict 1+5 (stitched 100M),0-50M,24089600,941.0,400608.7109375,401088.46875
DC-PPO strict 1+5 (stitched 100M),0-50M,24140800,943.0,399014.40625,399868.5208333333
DC-PPO strict 1+5 (stitched 100M),0-50M,24192000,945.0,399982.4453125,399056.1822916667
DC-PPO strict 1+5 (stitched 100M),0-50M,24243200,947.0,398171.6953125,401136.4661458333
DC-PPO strict 1+5 (stitched 100M),0-50M,24294400,949.0,405255.2578125,402260.2734375
DC-PPO strict 1+5 (stitched 100M),0-50M,24345600,951.0,403353.8671875,403841.828125
DC-PPO strict 1+5 (stitched 100M),0-50M,24396800,953.0,402916.359375,403127.6953125
DC-PPO strict 1+5 (stitched 100M),0-50M,24448000,955.0,403112.859375,403674.5546875
DC-PPO strict 1+5 (stitched 100M),0-50M,24499200,957.0,404994.4453125,404601.6770833333
DC-PPO strict 1+5 (stitched 100M),0-50M,24550400,959.0,405697.7265625,404899.6484375
DC-PPO strict 1+5 (stitched 100M),0-50M,24601600,961.0,404006.7734375,404099.8333333333
DC-PPO strict 1+5 (stitched 100M),0-50M,24652800,963.0,402595.0,401709.2682291667
DC-PPO strict 1+5 (stitched 100M),0-50M,24704000,965.0,398526.03125,398784.4322916667
DC-PPO strict 1+5 (stitched 100M),0-50M,24755200,967.0,395232.265625,397800.9973958333
DC-PPO strict 1+5 (stitched 100M),0-50M,24806400,969.0,399644.6953125,397476.1354166667
DC-PPO strict 1+5 (stitched 100M),0-50M,24857600,971.0,397551.4453125,398823.3893229167
DC-PPO strict 1+5 (stitched 100M),0-50M,24908800,973.0,399274.02734375,397390.33203125
DC-PPO strict 1+5 (stitched 100M),0-50M,24960000,975.0,395345.5234375,397138.0299479167
DC-PPO strict 1+5 (stitched 100M),0-50M,25011200,977.0,396794.5390625,396579.1875
DC-PPO strict 1+5 (stitched 100M),0-50M,25062400,979.0,397597.5,397162.8815104167
DC-PPO strict 1+5 (stitched 100M),0-50M,25113600,981.0,397096.60546875,396684.4427083333
DC-PPO strict 1+5 (stitched 100M),0-50M,25164800,983.0,395359.22265625,395882.9622395833
DC-PPO strict 1+5 (stitched 100M),0-50M,25216000,985.0,395193.05859375,395881.4583333333
DC-PPO strict 1+5 (stitched 100M),0-50M,25267200,987.0,397092.09375,395491.265625
DC-PPO strict 1+5 (stitched 100M),0-50M,25318400,989.0,394188.64453125,395285.7526041667
DC-PPO strict 1+5 (stitched 100M),0-50M,25369600,991.0,394576.51953125,394756.5169270833
DC-PPO strict 1+5 (stitched 100M),0-50M,25420800,993.0,395504.38671875,397069.6393229167
DC-PPO strict 1+5 (stitched 100M),0-50M,25472000,995.0,401128.01171875,398820.0598958333
DC-PPO strict 1+5 (stitched 100M),0-50M,25523200,997.0,399827.78125,400020.4453125
DC-PPO strict 1+5 (stitched 100M),0-50M,25574400,999.0,399105.54296875,399268.4401041667
DC-PPO strict 1+5 (stitched 100M),0-50M,25625600,1001.0,398871.99609375,399118.33203125
DC-PPO strict 1+5 (stitched 100M),0-50M,25676800,1003.0,399377.45703125,398062.74609375
DC-PPO strict 1+5 (stitched 100M),0-50M,25728000,1005.0,395938.78515625,398015.1627604167
DC-PPO strict 1+5 (stitched 100M),0-50M,25779200,1007.0,398729.24609375,398943.2174479167
DC-PPO strict 1+5 (stitched 100M),0-50M,25830400,1009.0,402161.62109375,400186.3307291667
DC-PPO strict 1+5 (stitched 100M),0-50M,25881600,1011.0,399668.125,400630.90625
DC-PPO strict 1+5 (stitched 100M),0-50M,25932800,1013.0,400062.97265625,401455.3190104167
DC-PPO strict 1+5 (stitched 100M),0-50M,25984000,1015.0,404634.859375,403428.8567708333
DC-PPO strict 1+5 (stitched 100M),0-50M,26035200,1017.0,405588.73828125,404441.4869791667
DC-PPO strict 1+5 (stitched 100M),0-50M,26086400,1019.0,403100.86328125,403525.0221354167
DC-PPO strict 1+5 (stitched 100M),0-50M,26137600,1021.0,401885.46484375,401959.3203125
DC-PPO strict 1+5 (stitched 100M),0-50M,26188800,1023.0,400891.6328125,401307.6549479167
DC-PPO strict 1+5 (stitched 100M),0-50M,26240000,1025.0,401145.8671875,402535.24609375
DC-PPO strict 1+5 (stitched 100M),0-50M,26291200,1027.0,405568.23828125,403726.2682291667
DC-PPO strict 1+5 (stitched 100M),0-50M,26342400,1029.0,404464.69921875,404936.9453125
DC-PPO strict 1+5 (stitched 100M),0-50M,26393600,1031.0,404777.8984375,404711.64453125
DC-PPO strict 1+5 (stitched 100M),0-50M,26444800,1033.0,404892.3359375,405069.9114583333
DC-PPO strict 1+5 (stitched 100M),0-50M,26496000,1035.0,405539.5,405798.6848958333
DC-PPO strict 1+5 (stitched 100M),0-50M,26547200,1037.0,406964.21875,406606.8567708333
DC-PPO strict 1+5 (stitched 100M),0-50M,26598400,1039.0,407316.8515625,407476.1484375
DC-PPO strict 1+5 (stitched 100M),0-50M,26649600,1041.0,408147.375,407550.4505208333
DC-PPO strict 1+5 (stitched 100M),0-50M,26700800,1043.0,407187.125,407616.3307291667
DC-PPO strict 1+5 (stitched 100M),0-50M,26752000,1045.0,407514.4921875,407048.5625
DC-PPO strict 1+5 (stitched 100M),0-50M,26803200,1047.0,406444.0703125,406606.0260416667
DC-PPO strict 1+5 (stitched 100M),0-50M,26854400,1049.0,405859.515625,405956.0286458333
DC-PPO strict 1+5 (stitched 100M),0-50M,26905600,1051.0,405564.5,404800.3802083333
DC-PPO strict 1+5 (stitched 100M),0-50M,26956800,1053.0,402977.125,405393.3385416667
DC-PPO strict 1+5 (stitched 100M),0-50M,27008000,1055.0,407638.390625,405491.4453125
DC-PPO strict 1+5 (stitched 100M),0-50M,27059200,1057.0,405858.8203125,406236.0494791667
DC-PPO strict 1+5 (stitched 100M),0-50M,27110400,1059.0,405210.9375,406166.5494791667
DC-PPO strict 1+5 (stitched 100M),0-50M,27161600,1061.0,407429.890625,406346.9270833333
DC-PPO strict 1+5 (stitched 100M),0-50M,27212800,1063.0,406399.953125,405661.2447916667
DC-PPO strict 1+5 (stitched 100M),0-50M,27264000,1065.0,403153.890625,405685.2734375
DC-PPO strict 1+5 (stitched 100M),0-50M,27315200,1067.0,407501.9765625,405375.2864583333
DC-PPO strict 1+5 (stitched 100M),0-50M,27366400,1069.0,405469.9921875,406152.2239583333
DC-PPO strict 1+5 (stitched 100M),0-50M,27417600,1071.0,405484.703125,405051.7708333333
DC-PPO strict 1+5 (stitched 100M),0-50M,27468800,1073.0,404200.6171875,405346.0286458333
DC-PPO strict 1+5 (stitched 100M),0-50M,27520000,1075.0,406352.765625,406602.0182291667
DC-PPO strict 1+5 (stitched 100M),0-50M,27571200,1077.0,409252.671875,408142.7291666667
DC-PPO strict 1+5 (stitched 100M),0-50M,27622400,1079.0,408822.75,408243.9453125
DC-PPO strict 1+5 (stitched 100M),0-50M,27673600,1081.0,406656.4140625,406890.7083333333
DC-PPO strict 1+5 (stitched 100M),0-50M,27724800,1083.0,405192.9609375,406627.9401041667
DC-PPO strict 1+5 (stitched 100M),0-50M,27776000,1085.0,408034.4453125,407599.1119791667
DC-PPO strict 1+5 (stitched 100M),0-50M,27827200,1087.0,409569.9296875,409356.796875
DC-PPO strict 1+5 (stitched 100M),0-50M,27878400,1089.0,410466.015625,409991.7239583333
DC-PPO strict 1+5 (stitched 100M),0-50M,27929600,1091.0,409939.2265625,409694.5390625
DC-PPO strict 1+5 (stitched 100M),0-50M,27980800,1093.0,408678.375,409232.7369791667
DC-PPO strict 1+5 (stitched 100M),0-50M,28032000,1095.0,409080.609375,408785.4583333333
DC-PPO strict 1+5 (stitched 100M),0-50M,28083200,1097.0,408597.390625,408379.4479166667
DC-PPO strict 1+5 (stitched 100M),0-50M,28134400,1099.0,407460.34375,408007.4973958333
DC-PPO strict 1+5 (stitched 100M),0-50M,28185600,1101.0,407964.7578125,407112.15625
DC-PPO strict 1+5 (stitched 100M),0-50M,28236800,1103.0,405911.3671875,408541.859375
DC-PPO strict 1+5 (stitched 100M),0-50M,28288000,1105.0,411749.453125,408305.4296875
DC-PPO strict 1+5 (stitched 100M),0-50M,28339200,1107.0,407255.46875,408763.1119791667
DC-PPO strict 1+5 (stitched 100M),0-50M,28390400,1109.0,407284.4140625,406627.2083333333
DC-PPO strict 1+5 (stitched 100M),0-50M,28441600,1111.0,405341.7421875,405605.4661458333
DC-PPO strict 1+5 (stitched 100M),0-50M,28492800,1113.0,404190.2421875,404063.1614583333
DC-PPO strict 1+5 (stitched 100M),0-50M,28544000,1115.0,402657.5,402472.3619791667
DC-PPO strict 1+5 (stitched 100M),0-50M,28595200,1117.0,400569.34375,399223.9765625
DC-PPO strict 1+5 (stitched 100M),0-50M,28646400,1119.0,394445.0859375,397934.2721354167
DC-PPO strict 1+5 (stitched 100M),0-50M,28697600,1121.0,398788.38671875,397252.8229166667
DC-PPO strict 1+5 (stitched 100M),0-50M,28748800,1123.0,398524.99609375,397819.3723958333
DC-PPO strict 1+5 (stitched 100M),0-50M,28800000,1125.0,396144.734375,397579.34375
DC-PPO strict 1+5 (stitched 100M),0-50M,28851200,1127.0,398068.30078125,397789.1328125
DC-PPO strict 1+5 (stitched 100M),0-50M,28902400,1129.0,399154.36328125,398307.9231770833
DC-PPO strict 1+5 (stitched 100M),0-50M,28953600,1131.0,397701.10546875,399314.4895833333
DC-PPO strict 1+5 (stitched 100M),0-50M,29004800,1133.0,401088.0,399616.7708333333
DC-PPO strict 1+5 (stitched 100M),0-50M,29056000,1135.0,400061.20703125,401134.3489583333
DC-PPO strict 1+5 (stitched 100M),0-50M,29107200,1137.0,402253.83984375,401637.390625
DC-PPO strict 1+5 (stitched 100M),0-50M,29158400,1139.0,402597.125,401800.4583333333
DC-PPO strict 1+5 (stitched 100M),0-50M,29209600,1141.0,400550.41015625,401075.6861979167
DC-PPO strict 1+5 (stitched 100M),0-50M,29260800,1143.0,400079.5234375,399822.55859375
DC-PPO strict 1+5 (stitched 100M),0-50M,29312000,1145.0,398837.7421875,400430.4609375
DC-PPO strict 1+5 (stitched 100M),0-50M,29363200,1147.0,402374.1171875,401054.125
DC-PPO strict 1+5 (stitched 100M),0-50M,29414400,1149.0,401950.515625,402135.34375
DC-PPO strict 1+5 (stitched 100M),0-50M,29465600,1151.0,402081.3984375,401665.9140625
DC-PPO strict 1+5 (stitched 100M),0-50M,29516800,1153.0,400965.828125,401378.4895833333
DC-PPO strict 1+5 (stitched 100M),0-50M,29568000,1155.0,401088.2421875,401565.4557291667
DC-PPO strict 1+5 (stitched 100M),0-50M,29619200,1157.0,402642.296875,401826.765625
DC-PPO strict 1+5 (stitched 100M),0-50M,29670400,1159.0,401749.7578125,402450.1901041667
DC-PPO strict 1+5 (stitched 100M),0-50M,29721600,1161.0,402958.515625,402574.8385416667
DC-PPO strict 1+5 (stitched 100M),0-50M,29772800,1163.0,403016.2421875,402258.8307291667
DC-PPO strict 1+5 (stitched 100M),0-50M,29824000,1165.0,400801.734375,403073.8854166667
DC-PPO strict 1+5 (stitched 100M),0-50M,29875200,1167.0,405403.6796875,403723.6822916667
DC-PPO strict 1+5 (stitched 100M),0-50M,29926400,1169.0,404965.6328125,405877.3046875
DC-PPO strict 1+5 (stitched 100M),0-50M,29977600,1171.0,407262.6015625,406137.625
DC-PPO strict 1+5 (stitched 100M),0-50M,30028800,1173.0,406184.640625,405748.6953125
DC-PPO strict 1+5 (stitched 100M),0-50M,30080000,1175.0,403798.84375,405586.6223958333
DC-PPO strict 1+5 (stitched 100M),0-50M,30131200,1177.0,406776.3828125,406414.6145833333
DC-PPO strict 1+5 (stitched 100M),0-50M,30182400,1179.0,408668.6171875,407215.7213541667
DC-PPO strict 1+5 (stitched 100M),0-50M,30233600,1181.0,406202.1640625,407337.4010416667
DC-PPO strict 1+5 (stitched 100M),0-50M,30284800,1183.0,407141.421875,406111.2630208333
DC-PPO strict 1+5 (stitched 100M),0-50M,30336000,1185.0,404990.203125,405718.7734375
DC-PPO strict 1+5 (stitched 100M),0-50M,30387200,1187.0,405024.6953125,407513.7213541667
DC-PPO strict 1+5 (stitched 100M),0-50M,30438400,1189.0,412526.265625,410109.7473958333
DC-PPO strict 1+5 (stitched 100M),0-50M,30489600,1191.0,412778.28125,413352.390625
DC-PPO strict 1+5 (stitched 100M),0-50M,30540800,1193.0,414752.625,414072.828125
DC-PPO strict 1+5 (stitched 100M),0-50M,30592000,1195.0,414687.578125,413717.5520833333
DC-PPO strict 1+5 (stitched 100M),0-50M,30643200,1197.0,411712.453125,413014.7734375
DC-PPO strict 1+5 (stitched 100M),0-50M,30694400,1199.0,412644.2890625,412708.21875
DC-PPO strict 1+5 (stitched 100M),0-50M,30745600,1201.0,413767.9140625,414157.4244791667
DC-PPO strict 1+5 (stitched 100M),0-50M,30796800,1203.0,416060.0703125,415446.125
DC-PPO strict 1+5 (stitched 100M),0-50M,30848000,1205.0,416510.390625,416045.8984375
DC-PPO strict 1+5 (stitched 100M),0-50M,30899200,1207.0,415567.234375,415579.1666666667
DC-PPO strict 1+5 (stitched 100M),0-50M,30950400,1209.0,414659.875,416491.5
DC-PPO strict 1+5 (stitched 100M),0-50M,31001600,1211.0,419247.390625,417566.1276041667
DC-PPO strict 1+5 (stitched 100M),0-50M,31052800,1213.0,418791.1171875,418917.6796875
DC-PPO strict 1+5 (stitched 100M),0-50M,31104000,1215.0,418714.53125,419125.2942708333
DC-PPO strict 1+5 (stitched 100M),0-50M,31155200,1217.0,419870.234375,420165.6614583333
DC-PPO strict 1+5 (stitched 100M),0-50M,31206400,1219.0,421912.21875,420211.2552083333
DC-PPO strict 1+5 (stitched 100M),0-50M,31257600,1221.0,418851.3125,420269.9322916667
DC-PPO strict 1+5 (stitched 100M),0-50M,31308800,1223.0,420046.265625,419395.3151041667
DC-PPO strict 1+5 (stitched 100M),0-50M,31360000,1225.0,419288.3671875,419055.9947916667
DC-PPO strict 1+5 (stitched 100M),0-50M,31411200,1227.0,417833.3515625,416925.2916666667
DC-PPO strict 1+5 (stitched 100M),0-50M,31462400,1229.0,413654.15625,415288.0755208333
DC-PPO strict 1+5 (stitched 100M),0-50M,31513600,1231.0,414376.71875,413830.984375
DC-PPO strict 1+5 (stitched 100M),0-50M,31564800,1233.0,413462.078125,413143.9635416667
DC-PPO strict 1+5 (stitched 100M),0-50M,31616000,1235.0,411593.09375,412648.8645833333
DC-PPO strict 1+5 (stitched 100M),0-50M,31667200,1237.0,412891.421875,412463.2395833333
DC-PPO strict 1+5 (stitched 100M),0-50M,31718400,1239.0,412905.203125,412658.0
DC-PPO strict 1+5 (stitched 100M),0-50M,31769600,1241.0,412177.375,412610.2578125
DC-PPO strict 1+5 (stitched 100M),0-50M,31820800,1243.0,412748.1953125,412940.1927083333
DC-PPO strict 1+5 (stitched 100M),0-50M,31872000,1245.0,413895.0078125,413741.0755208333
DC-PPO strict 1+5 (stitched 100M),0-50M,31923200,1247.0,414580.0234375,415120.8333333333
DC-PPO strict 1+5 (stitched 100M),0-50M,31974400,1249.0,416887.46875,415115.2161458333
DC-PPO strict 1+5 (stitched 100M),0-50M,32025600,1251.0,413878.15625,415832.46875
DC-PPO strict 1+5 (stitched 100M),0-50M,32076800,1253.0,416731.78125,415187.84375
DC-PPO strict 1+5 (stitched 100M),0-50M,32128000,1255.0,414953.59375,415605.7526041667
DC-PPO strict 1+5 (stitched 100M),0-50M,32179200,1257.0,415131.8828125,414170.1640625
DC-PPO strict 1+5 (stitched 100M),0-50M,32230400,1259.0,412425.015625,415069.6510416667
DC-PPO strict 1+5 (stitched 100M),0-50M,32281600,1261.0,417652.0546875,415098.4140625
DC-PPO strict 1+5 (stitched 100M),0-50M,32332800,1263.0,415218.171875,415756.7291666667
DC-PPO strict 1+5 (stitched 100M),0-50M,32384000,1265.0,414399.9609375,414533.3203125
DC-PPO strict 1+5 (stitched 100M),0-50M,32435200,1267.0,413981.828125,414174.2838541667
DC-PPO strict 1+5 (stitched 100M),0-50M,32486400,1269.0,414141.0625,414677.4375
DC-PPO strict 1+5 (stitched 100M),0-50M,32537600,1271.0,415909.421875,415005.6848958333
DC-PPO strict 1+5 (stitched 100M),0-50M,32588800,1273.0,414966.5703125,415970.2526041667
DC-PPO strict 1+5 (stitched 100M),0-50M,32640000,1275.0,417034.765625,417431.5442708333
DC-PPO strict 1+5 (stitched 100M),0-50M,32691200,1277.0,420293.296875,418023.8958333333
DC-PPO strict 1+5 (stitched 100M),0-50M,32742400,1279.0,416743.625,418917.5807291667
DC-PPO strict 1+5 (stitched 100M),0-50M,32793600,1281.0,419715.8203125,418974.5286458333
DC-PPO strict 1+5 (stitched 100M),0-50M,32844800,1283.0,420464.140625,420470.4739583333
DC-PPO strict 1+5 (stitched 100M),0-50M,32896000,1285.0,421231.4609375,419641.0729166667
DC-PPO strict 1+5 (stitched 100M),0-50M,32947200,1287.0,417227.6171875,419342.7473958333
DC-PPO strict 1+5 (stitched 100M),0-50M,32998400,1289.0,419569.1640625,418181.5833333333
DC-PPO strict 1+5 (stitched 100M),0-50M,33049600,1291.0,417747.96875,418542.4088541667
DC-PPO strict 1+5 (stitched 100M),0-50M,33100800,1293.0,418310.09375,418038.4348958333
DC-PPO strict 1+5 (stitched 100M),0-50M,33152000,1295.0,418057.2421875,418589.7109375
DC-PPO strict 1+5 (stitched 100M),0-50M,33203200,1297.0,419401.796875,419634.7526041667
DC-PPO strict 1+5 (stitched 100M),0-50M,33254400,1299.0,421445.21875,419905.9505208333
DC-PPO strict 1+5 (stitched 100M),0-50M,33305600,1301.0,418870.8359375,419489.8671875
DC-PPO strict 1+5 (stitched 100M),0-50M,33356800,1303.0,418153.546875,418071.25
DC-PPO strict 1+5 (stitched 100M),0-50M,33408000,1305.0,417189.3671875,418329.7890625
DC-PPO strict 1+5 (stitched 100M),0-50M,33459200,1307.0,419646.453125,420490.6171875
DC-PPO strict 1+5 (stitched 100M),0-50M,33510400,1309.0,424636.03125,422940.078125
DC-PPO strict 1+5 (stitched 100M),0-50M,33561600,1311.0,424537.75,423860.2369791667
DC-PPO strict 1+5 (stitched 100M),0-50M,33612800,1313.0,422406.9296875,422141.5
DC-PPO strict 1+5 (stitched 100M),0-50M,33664000,1315.0,419479.8203125,421664.0807291667
DC-PPO strict 1+5 (stitched 100M),0-50M,33715200,1317.0,423105.4921875,421701.5286458333
DC-PPO strict 1+5 (stitched 100M),0-50M,33766400,1319.0,422519.2734375,422796.5234375
DC-PPO strict 1+5 (stitched 100M),0-50M,33817600,1321.0,422764.8046875,422917.8828125
DC-PPO strict 1+5 (stitched 100M),0-50M,33868800,1323.0,423469.5703125,423365.7604166667
DC-PPO strict 1+5 (stitched 100M),0-50M,33920000,1325.0,423862.90625,423959.5286458333
DC-PPO strict 1+5 (stitched 100M),0-50M,33971200,1327.0,424546.109375,424184.8984375
DC-PPO strict 1+5 (stitched 100M),0-50M,34022400,1329.0,424145.6796875,424503.90625
DC-PPO strict 1+5 (stitched 100M),0-50M,34073600,1331.0,424819.9296875,424308.2369791667
DC-PPO strict 1+5 (stitched 100M),0-50M,34124800,1333.0,423959.1015625,423916.5833333333
DC-PPO strict 1+5 (stitched 100M),0-50M,34176000,1335.0,422970.71875,423025.421875
DC-PPO strict 1+5 (stitched 100M),0-50M,34227200,1337.0,422146.4453125,423173.4947916667
DC-PPO strict 1+5 (stitched 100M),0-50M,34278400,1339.0,424403.3203125,423082.4010416667
DC-PPO strict 1+5 (stitched 100M),0-50M,34329600,1341.0,422697.4375,423081.2395833333
DC-PPO strict 1+5 (stitched 100M),0-50M,34380800,1343.0,422142.9609375,421117.8203125
DC-PPO strict 1+5 (stitched 100M),0-50M,34432000,1345.0,418513.0625,420386.1927083333
DC-PPO strict 1+5 (stitched 100M),0-50M,34483200,1347.0,420502.5546875,419425.1640625
DC-PPO strict 1+5 (stitched 100M),0-50M,34534400,1349.0,419259.875,418938.0546875
DC-PPO strict 1+5 (stitched 100M),0-50M,34585600,1351.0,417051.734375,418607.9869791667
DC-PPO strict 1+5 (stitched 100M),0-50M,34636800,1353.0,419512.3515625,418618.7760416667
DC-PPO strict 1+5 (stitched 100M),0-50M,34688000,1355.0,419292.2421875,419521.546875
DC-PPO strict 1+5 (stitched 100M),0-50M,34739200,1357.0,419760.046875,419267.3255208333
DC-PPO strict 1+5 (stitched 100M),0-50M,34790400,1359.0,418749.6875,419655.1979166667
DC-PPO strict 1+5 (stitched 100M),0-50M,34841600,1361.0,420455.859375,419403.578125
DC-PPO strict 1+5 (stitched 100M),0-50M,34892800,1363.0,419005.1875,418356.4140625
DC-PPO strict 1+5 (stitched 100M),0-50M,34944000,1365.0,415608.1953125,417522.3125
DC-PPO strict 1+5 (stitched 100M),0-50M,34995200,1367.0,417953.5546875,416013.6927083333
DC-PPO strict 1+5 (stitched 100M),0-50M,35046400,1369.0,414479.328125,416510.0364583333
DC-PPO strict 1+5 (stitched 100M),0-50M,35097600,1371.0,417097.2265625,415582.5
DC-PPO strict 1+5 (stitched 100M),0-50M,35148800,1373.0,415170.9453125,416926.9609375
DC-PPO strict 1+5 (stitched 100M),0-50M,35200000,1375.0,418512.7109375,417231.3385416667
DC-PPO strict 1+5 (stitched 100M),0-50M,35251200,1377.0,418010.359375,418046.4609375
DC-PPO strict 1+5 (stitched 100M),0-50M,35302400,1379.0,417616.3125,418554.140625
DC-PPO strict 1+5 (stitched 100M),0-50M,35353600,1381.0,420035.75,418779.8125
DC-PPO strict 1+5 (stitched 100M),0-50M,35404800,1383.0,418687.375,419882.8255208333
DC-PPO strict 1+5 (stitched 100M),0-50M,35456000,1385.0,420925.3515625,420374.4010416667
DC-PPO strict 1+5 (stitched 100M),0-50M,35507200,1387.0,421510.4765625,421773.109375
DC-PPO strict 1+5 (stitched 100M),0-50M,35558400,1389.0,422883.5,421602.5677083333
DC-PPO strict 1+5 (stitched 100M),0-50M,35609600,1391.0,420413.7265625,422571.6302083333
DC-PPO strict 1+5 (stitched 100M),0-50M,35660800,1393.0,424417.6640625,422526.4296875
DC-PPO strict 1+5 (stitched 100M),0-50M,35712000,1395.0,422747.8984375,423111.8723958333
DC-PPO strict 1+5 (stitched 100M),0-50M,35763200,1397.0,422170.0546875,421852.3723958333
DC-PPO strict 1+5 (stitched 100M),0-50M,35814400,1399.0,420639.1640625,421307.4869791667
DC-PPO strict 1+5 (stitched 100M),0-50M,35865600,1401.0,421113.2421875,421369.4661458333
DC-PPO strict 1+5 (stitched 100M),0-50M,35916800,1403.0,422355.9921875,421488.5755208333
DC-PPO strict 1+5 (stitched 100M),0-50M,35968000,1405.0,420996.4921875,422059.2708333333
DC-PPO strict 1+5 (stitched 100M),0-50M,36019200,1407.0,422825.328125,421871.28125
DC-PPO strict 1+5 (stitched 100M),0-50M,36070400,1409.0,421792.0234375,422428.3880208333
DC-PPO strict 1+5 (stitched 100M),0-50M,36121600,1411.0,422667.8125,424062.5494791667
DC-PPO strict 1+5 (stitched 100M),0-50M,36172800,1413.0,427727.8125,426343.3255208333
DC-PPO strict 1+5 (stitched 100M),0-50M,36224000,1415.0,428634.3515625,429001.2135416667
DC-PPO strict 1+5 (stitched 100M),0-50M,36275200,1417.0,430641.4765625,428684.59375
DC-PPO strict 1+5 (stitched 100M),0-50M,36326400,1419.0,426777.953125,428421.5364583333
DC-PPO strict 1+5 (stitched 100M),0-50M,36377600,1421.0,427845.1796875,426757.9635416667
DC-PPO strict 1+5 (stitched 100M),0-50M,36428800,1423.0,425650.7578125,426047.5208333333
DC-PPO strict 1+5 (stitched 100M),0-50M,36480000,1425.0,424646.625,425864.4661458333
DC-PPO strict 1+5 (stitched 100M),0-50M,36531200,1427.0,427296.015625,425218.3177083333
DC-PPO strict 1+5 (stitched 100M),0-50M,36582400,1429.0,423712.3125,425326.0989583333
DC-PPO strict 1+5 (stitched 100M),0-50M,36633600,1431.0,424969.96875,424094.0234375
DC-PPO strict 1+5 (stitched 100M),0-50M,36684800,1433.0,423599.7890625,424352.890625
DC-PPO strict 1+5 (stitched 100M),0-50M,36736000,1435.0,424488.9140625,423927.90625
DC-PPO strict 1+5 (stitched 100M),0-50M,36787200,1437.0,423695.015625,423500.2317708333
DC-PPO strict 1+5 (stitched 100M),0-50M,36838400,1439.0,422316.765625,423118.3177083333
DC-PPO strict 1+5 (stitched 100M),0-50M,36889600,1441.0,423343.171875,423654.9947916667
DC-PPO strict 1+5 (stitched 100M),0-50M,36940800,1443.0,425305.046875,423106.3177083333
DC-PPO strict 1+5 (stitched 100M),0-50M,36992000,1445.0,420670.734375,423425.65625
DC-PPO strict 1+5 (stitched 100M),0-50M,37043200,1447.0,424301.1875,422635.8697916667
DC-PPO strict 1+5 (stitched 100M),0-50M,37094400,1449.0,422935.6875,423728.6484375
DC-PPO strict 1+5 (stitched 100M),0-50M,37145600,1451.0,423949.0703125,423394.953125
DC-PPO strict 1+5 (stitched 100M),0-50M,37196800,1453.0,423300.1015625,424076.359375
DC-PPO strict 1+5 (stitched 100M),0-50M,37248000,1455.0,424979.90625,424111.9557291667
DC-PPO strict 1+5 (stitched 100M),0-50M,37299200,1457.0,424055.859375,424072.7890625
DC-PPO strict 1+5 (stitched 100M),0-50M,37350400,1459.0,423182.6015625,424934.5651041667
DC-PPO strict 1+5 (stitched 100M),0-50M,37401600,1461.0,427565.234375,426723.625
DC-PPO strict 1+5 (stitched 100M),0-50M,37452800,1463.0,429423.0390625,429404.4583333333
DC-PPO strict 1+5 (stitched 100M),0-50M,37504000,1465.0,431225.1015625,430866.5625
DC-PPO strict 1+5 (stitched 100M),0-50M,37555200,1467.0,431951.546875,431422.0989583333
DC-PPO strict 1+5 (stitched 100M),0-50M,37606400,1469.0,431089.6484375,431388.6822916667
DC-PPO strict 1+5 (stitched 100M),0-50M,37657600,1471.0,431124.8515625,430729.6328125
DC-PPO strict 1+5 (stitched 100M),0-50M,37708800,1473.0,429974.3984375,431700.7734375
DC-PPO strict 1+5 (stitched 100M),0-50M,37760000,1475.0,434003.0703125,432165.8203125
DC-PPO strict 1+5 (stitched 100M),0-50M,37811200,1477.0,432519.9921875,433539.6979166667
DC-PPO strict 1+5 (stitched 100M),0-50M,37862400,1479.0,434096.03125,433460.3229166667
DC-PPO strict 1+5 (stitched 100M),0-50M,37913600,1481.0,433764.9453125,434208.7630208333
DC-PPO strict 1+5 (stitched 100M),0-50M,37964800,1483.0,434765.3125,433612.125
DC-PPO strict 1+5 (stitched 100M),0-50M,38016000,1485.0,432306.1171875,432656.8723958333
DC-PPO strict 1+5 (stitched 100M),0-50M,38067200,1487.0,430899.1875,432327.703125
DC-PPO strict 1+5 (stitched 100M),0-50M,38118400,1489.0,433777.8046875,432630.2864583333
DC-PPO strict 1+5 (stitched 100M),0-50M,38169600,1491.0,433213.8671875,432792.1692708333
DC-PPO strict 1+5 (stitched 100M),0-50M,38220800,1493.0,431384.8359375,432197.125
DC-PPO strict 1+5 (stitched 100M),0-50M,38272000,1495.0,431992.671875,431013.3802083333
DC-PPO strict 1+5 (stitched 100M),0-50M,38323200,1497.0,429662.6328125,430367.6380208333
DC-PPO strict 1+5 (stitched 100M),0-50M,38374400,1499.0,429447.609375,430141.8177083333
DC-PPO strict 1+5 (stitched 100M),0-50M,38425600,1501.0,431315.2109375,430361.2447916667
DC-PPO strict 1+5 (stitched 100M),0-50M,38476800,1503.0,430320.9140625,430483.1927083333
DC-PPO strict 1+5 (stitched 100M),0-50M,38528000,1505.0,429813.453125,429956.1770833333
DC-PPO strict 1+5 (stitched 100M),0-50M,38579200,1507.0,429734.1640625,430395.4869791667
DC-PPO strict 1+5 (stitched 100M),0-50M,38630400,1509.0,431638.84375,430852.6328125
DC-PPO strict 1+5 (stitched 100M),0-50M,38681600,1511.0,431184.890625,431904.15625
DC-PPO strict 1+5 (stitched 100M),0-50M,38732800,1513.0,432888.734375,432595.1432291667
DC-PPO strict 1+5 (stitched 100M),0-50M,38784000,1515.0,433711.8046875,434053.1041666667
DC-PPO strict 1+5 (stitched 100M),0-50M,38835200,1517.0,435558.7734375,434306.5859375
DC-PPO strict 1+5 (stitched 100M),0-50M,38886400,1519.0,433649.1796875,435569.3932291667
DC-PPO strict 1+5 (stitched 100M),0-50M,38937600,1521.0,437500.2265625,435558.9609375
DC-PPO strict 1+5 (stitched 100M),0-50M,38988800,1523.0,435527.4765625,435554.0598958333
DC-PPO strict 1+5 (stitched 100M),0-50M,39040000,1525.0,433634.4765625,433149.1302083333
DC-PPO strict 1+5 (stitched 100M),0-50M,39091200,1527.0,430285.4375,431847.953125
DC-PPO strict 1+5 (stitched 100M),0-50M,39142400,1529.0,431623.9453125,430653.9166666667
DC-PPO strict 1+5 (stitched 100M),0-50M,39193600,1531.0,430052.3671875,429739.8880208333
DC-PPO strict 1+5 (stitched 100M),0-50M,39244800,1533.0,427543.3515625,428626.3489583333
DC-PPO strict 1+5 (stitched 100M),0-50M,39296000,1535.0,428283.328125,428927.3307291667
DC-PPO strict 1+5 (stitched 100M),0-50M,39347200,1537.0,430955.3125,430686.6536458333
DC-PPO strict 1+5 (stitched 100M),0-50M,39398400,1539.0,432821.3203125,432087.6432291667
DC-PPO strict 1+5 (stitched 100M),0-50M,39449600,1541.0,432486.296875,432967.71875
DC-PPO strict 1+5 (stitched 100M),0-50M,39500800,1543.0,433595.5390625,433705.1328125
DC-PPO strict 1+5 (stitched 100M),0-50M,39552000,1545.0,435033.5625,433954.78125
DC-PPO strict 1+5 (stitched 100M),0-50M,39603200,1547.0,433235.2421875,433467.9557291667
DC-PPO strict 1+5 (stitched 100M),0-50M,39654400,1549.0,432135.0625,433888.5208333333
DC-PPO strict 1+5 (stitched 100M),0-50M,39705600,1551.0,436295.2578125,435073.5625
DC-PPO strict 1+5 (stitched 100M),0-50M,39756800,1553.0,436790.3671875,436248.8880208333
DC-PPO strict 1+5 (stitched 100M),0-50M,39808000,1555.0,435661.0390625,436425.6875
DC-PPO strict 1+5 (stitched 100M),0-50M,39859200,1557.0,436825.65625,437280.4296875
DC-PPO strict 1+5 (stitched 100M),0-50M,39910400,1559.0,439354.59375,438189.2552083333
DC-PPO strict 1+5 (stitched 100M),0-50M,39961600,1561.0,438387.515625,437808.9114583333
DC-PPO strict 1+5 (stitched 100M),0-50M,40012800,1563.0,435684.625,436372.2526041667
DC-PPO strict 1+5 (stitched 100M),0-50M,40064000,1565.0,435044.6171875,435585.4453125
DC-PPO strict 1+5 (stitched 100M),0-50M,40115200,1567.0,436027.09375,434154.9973958333
DC-PPO strict 1+5 (stitched 100M),0-50M,40166400,1569.0,431393.28125,433039.2135416667
DC-PPO strict 1+5 (stitched 100M),0-50M,40217600,1571.0,431697.265625,431726.6901041667
DC-PPO strict 1+5 (stitched 100M),0-50M,40268800,1573.0,432089.5234375,431413.328125
DC-PPO strict 1+5 (stitched 100M),0-50M,40320000,1575.0,430453.1953125,431341.3385416667
DC-PPO strict 1+5 (stitched 100M),0-50M,40371200,1577.0,431481.296875,430821.8880208333
DC-PPO strict 1+5 (stitched 100M),0-50M,40422400,1579.0,430531.171875,432022.1848958333
DC-PPO strict 1+5 (stitched 100M),0-50M,40473600,1581.0,434054.0859375,433341.8333333333
DC-PPO strict 1+5 (stitched 100M),0-50M,40524800,1583.0,435440.2421875,434085.7786458333
DC-PPO strict 1+5 (stitched 100M),0-50M,40576000,1585.0,432763.0078125,433912.7395833333
DC-PPO strict 1+5 (stitched 100M),0-50M,40627200,1587.0,433534.96875,432637.8802083333
DC-PPO strict 1+5 (stitched 100M),0-50M,40678400,1589.0,431615.6640625,432066.3958333333
DC-PPO strict 1+5 (stitched 100M),0-50M,40729600,1591.0,431048.5546875,431590.4427083333
DC-PPO strict 1+5 (stitched 100M),0-50M,40780800,1593.0,432107.109375,430960.4192708333
DC-PPO strict 1+5 (stitched 100M),0-50M,40832000,1595.0,429725.59375,431193.0234375
DC-PPO strict 1+5 (stitched 100M),0-50M,40883200,1597.0,431746.3671875,431335.90625
DC-PPO strict 1+5 (stitched 100M),0-50M,40934400,1599.0,432535.7578125,431672.8958333333
DC-PPO strict 1+5 (stitched 100M),0-50M,40985600,1601.0,430736.5625,430699.2421875
DC-PPO strict 1+5 (stitched 100M),0-50M,41036800,1603.0,428825.40625,429427.9244791667
DC-PPO strict 1+5 (stitched 100M),0-50M,41088000,1605.0,428721.8046875,428978.140625
DC-PPO strict 1+5 (stitched 100M),0-50M,41139200,1607.0,429387.2109375,429363.5234375
DC-PPO strict 1+5 (stitched 100M),0-50M,41190400,1609.0,429981.5546875,428694.1692708333
DC-PPO strict 1+5 (stitched 100M),0-50M,41241600,1611.0,426713.7421875,428634.734375
DC-PPO strict 1+5 (stitched 100M),0-50M,41292800,1613.0,429208.90625,428635.0520833333
DC-PPO strict 1+5 (stitched 100M),0-50M,41344000,1615.0,429982.5078125,428345.2890625
DC-PPO strict 1+5 (stitched 100M),0-50M,41395200,1617.0,425844.453125,427672.2864583333
DC-PPO strict 1+5 (stitched 100M),0-50M,41446400,1619.0,427189.8984375,427079.5182291667
DC-PPO strict 1+5 (stitched 100M),0-50M,41497600,1621.0,428204.203125,427540.9479166667
DC-PPO strict 1+5 (stitched 100M),0-50M,41548800,1623.0,427228.7421875,427935.359375
DC-PPO strict 1+5 (stitched 100M),0-50M,41600000,1625.0,428373.1328125,428906.5859375
DC-PPO strict 1+5 (stitched 100M),0-50M,41651200,1627.0,431117.8828125,430226.9010416667
DC-PPO strict 1+5 (stitched 100M),0-50M,41702400,1629.0,431189.6875,430942.40625
DC-PPO strict 1+5 (stitched 100M),0-50M,41753600,1631.0,430519.6484375,430755.9453125
DC-PPO strict 1+5 (stitched 100M),0-50M,41804800,1633.0,430558.5,430582.7916666667
DC-PPO strict 1+5 (stitched 100M),0-50M,41856000,1635.0,430670.2265625,431032.921875
DC-PPO strict 1+5 (stitched 100M),0-50M,41907200,1637.0,431870.0390625,432119.0208333333
DC-PPO strict 1+5 (stitched 100M),0-50M,41958400,1639.0,433816.796875,432453.3125
DC-PPO strict 1+5 (stitched 100M),0-50M,42009600,1641.0,431673.1015625,432801.203125
DC-PPO strict 1+5 (stitched 100M),0-50M,42060800,1643.0,432913.7109375,431760.8463541667
DC-PPO strict 1+5 (stitched 100M),0-50M,42112000,1645.0,430695.7265625,432720.2916666667
DC-PPO strict 1+5 (stitched 100M),0-50M,42163200,1647.0,434551.4375,433178.34375
DC-PPO strict 1+5 (stitched 100M),0-50M,42214400,1649.0,434287.8671875,434423.1640625
DC-PPO strict 1+5 (stitched 100M),0-50M,42265600,1651.0,434430.1875,433816.984375
DC-PPO strict 1+5 (stitched 100M),0-50M,42316800,1653.0,432732.8984375,433232.9140625
DC-PPO strict 1+5 (stitched 100M),0-50M,42368000,1655.0,432535.65625,433542.0494791667
DC-PPO strict 1+5 (stitched 100M),0-50M,42419200,1657.0,435357.59375,433305.9088541667
DC-PPO strict 1+5 (stitched 100M),0-50M,42470400,1659.0,432024.4765625,433674.78125
DC-PPO strict 1+5 (stitched 100M),0-50M,42521600,1661.0,433642.2734375,432435.7161458333
DC-PPO strict 1+5 (stitched 100M),0-50M,42572800,1663.0,431640.3984375,433510.4114583333
DC-PPO strict 1+5 (stitched 100M),0-50M,42624000,1665.0,435248.5625,433271.015625
DC-PPO strict 1+5 (stitched 100M),0-50M,42675200,1667.0,432924.0859375,433525.296875
DC-PPO strict 1+5 (stitched 100M),0-50M,42726400,1669.0,432403.2421875,431808.1927083333
DC-PPO strict 1+5 (stitched 100M),0-50M,42777600,1671.0,430097.25,430832.4661458333
DC-PPO strict 1+5 (stitched 100M),0-50M,42828800,1673.0,429996.90625,430078.2786458333
DC-PPO strict 1+5 (stitched 100M),0-50M,42880000,1675.0,430140.6796875,429653.984375
DC-PPO strict 1+5 (stitched 100M),0-50M,42931200,1677.0,428824.3671875,430203.1614583333
DC-PPO strict 1+5 (stitched 100M),0-50M,42982400,1679.0,431644.4375,430722.71875
DC-PPO strict 1+5 (stitched 100M),0-50M,43033600,1681.0,431699.3515625,431784.5078125
DC-PPO strict 1+5 (stitched 100M),0-50M,43084800,1683.0,432009.734375,432669.3072916667
DC-PPO strict 1+5 (stitched 100M),0-50M,43136000,1685.0,434298.8359375,433580.8645833333
DC-PPO strict 1+5 (stitched 100M),0-50M,43187200,1687.0,434434.0234375,435078.8463541667
DC-PPO strict 1+5 (stitched 100M),0-50M,43238400,1689.0,436503.6796875,436063.0755208333
DC-PPO strict 1+5 (stitched 100M),0-50M,43289600,1691.0,437251.5234375,436387.3098958333
DC-PPO strict 1+5 (stitched 100M),0-50M,43340800,1693.0,435406.7265625,436646.1510416667
DC-PPO strict 1+5 (stitched 100M),0-50M,43392000,1695.0,437280.203125,436567.8984375
DC-PPO strict 1+5 (stitched 100M),0-50M,43443200,1697.0,437016.765625,436936.7578125
DC-PPO strict 1+5 (stitched 100M),0-50M,43494400,1699.0,436513.3046875,437481.1875
DC-PPO strict 1+5 (stitched 100M),0-50M,43545600,1701.0,438913.4921875,437401.0260416667
DC-PPO strict 1+5 (stitched 100M),0-50M,43596800,1703.0,436776.28125,437542.8125
DC-PPO strict 1+5 (stitched 100M),0-50M,43648000,1705.0,436938.6640625,437261.34375
DC-PPO strict 1+5 (stitched 100M),0-50M,43699200,1707.0,438069.0859375,436714.6953125
DC-PPO strict 1+5 (stitched 100M),0-50M,43750400,1709.0,435136.3359375,435121.2630208333
DC-PPO strict 1+5 (stitched 100M),0-50M,43801600,1711.0,432158.3671875,433043.3567708333
DC-PPO strict 1+5 (stitched 100M),0-50M,43852800,1713.0,431835.3671875,433033.0442708333
DC-PPO strict 1+5 (stitched 100M),0-50M,43904000,1715.0,435105.3984375,434782.1927083333
DC-PPO strict 1+5 (stitched 100M),0-50M,43955200,1717.0,437405.8125,435978.3984375
DC-PPO strict 1+5 (stitched 100M),0-50M,44006400,1719.0,435423.984375,435924.3151041667
DC-PPO strict 1+5 (stitched 100M),0-50M,44057600,1721.0,434943.1484375,435451.5260416667
DC-PPO strict 1+5 (stitched 100M),0-50M,44108800,1723.0,435987.4453125,435421.5625
DC-PPO strict 1+5 (stitched 100M),0-50M,44160000,1725.0,435334.09375,437231.546875
DC-PPO strict 1+5 (stitched 100M),0-50M,44211200,1727.0,440373.1015625,439223.875
DC-PPO strict 1+5 (stitched 100M),0-50M,44262400,1729.0,441964.4296875,441118.5729166667
DC-PPO strict 1+5 (stitched 100M),0-50M,44313600,1731.0,441018.1875,440628.59375
DC-PPO strict 1+5 (stitched 100M),0-50M,44364800,1733.0,438903.1640625,439268.3098958333
DC-PPO strict 1+5 (stitched 100M),0-50M,44416000,1735.0,437883.578125,437758.7682291667
DC-PPO strict 1+5 (stitched 100M),0-50M,44467200,1737.0,436489.5625,438053.9921875
DC-PPO strict 1+5 (stitched 100M),0-50M,44518400,1739.0,439788.8359375,438727.7760416667
DC-PPO strict 1+5 (stitched 100M),0-50M,44569600,1741.0,439904.9296875,440702.7526041667
DC-PPO strict 1+5 (stitched 100M),0-50M,44620800,1743.0,442414.4921875,441039.0
DC-PPO strict 1+5 (stitched 100M),0-50M,44672000,1745.0,440797.578125,441117.3229166667
DC-PPO strict 1+5 (stitched 100M),0-50M,44723200,1747.0,440139.8984375,440115.8984375
DC-PPO strict 1+5 (stitched 100M),0-50M,44774400,1749.0,439410.21875,438964.6276041667
DC-PPO strict 1+5 (stitched 100M),0-50M,44825600,1751.0,437343.765625,437968.6458333333
DC-PPO strict 1+5 (stitched 100M),0-50M,44876800,1753.0,437151.953125,437845.8229166667
DC-PPO strict 1+5 (stitched 100M),0-50M,44928000,1755.0,439041.75,437935.84375
DC-PPO strict 1+5 (stitched 100M),0-50M,44979200,1757.0,437613.828125,438918.0677083333
DC-PPO strict 1+5 (stitched 100M),0-50M,45030400,1759.0,440098.625,438769.2994791667
DC-PPO strict 1+5 (stitched 100M),0-50M,45081600,1761.0,438595.4453125,439654.6796875
DC-PPO strict 1+5 (stitched 100M),0-50M,45132800,1763.0,440269.96875,439295.140625
DC-PPO strict 1+5 (stitched 100M),0-50M,45184000,1765.0,439020.0078125,438940.5572916667
DC-PPO strict 1+5 (stitched 100M),0-50M,45235200,1767.0,437531.6953125,437775.1927083333
DC-PPO strict 1+5 (stitched 100M),0-50M,45286400,1769.0,436773.875,436728.625
DC-PPO strict 1+5 (stitched 100M),0-50M,45337600,1771.0,435880.3046875,436543.7682291667
DC-PPO strict 1+5 (stitched 100M),0-50M,45388800,1773.0,436977.125,436405.6432291667
DC-PPO strict 1+5 (stitched 100M),0-50M,45440000,1775.0,436359.5,435091.5182291667
DC-PPO strict 1+5 (stitched 100M),0-50M,45491200,1777.0,431937.9296875,434311.7526041667
DC-PPO strict 1+5 (stitched 100M),0-50M,45542400,1779.0,434637.828125,433143.5338541667
DC-PPO strict 1+5 (stitched 100M),0-50M,45593600,1781.0,432854.84375,433924.765625
DC-PPO strict 1+5 (stitched 100M),0-50M,45644800,1783.0,434281.625,433388.0078125
DC-PPO strict 1+5 (stitched 100M),0-50M,45696000,1785.0,433027.5546875,433838.296875
DC-PPO strict 1+5 (stitched 100M),0-50M,45747200,1787.0,434205.7109375,433080.2682291667
DC-PPO strict 1+5 (stitched 100M),0-50M,45798400,1789.0,432007.5390625,432068.9557291667
DC-PPO strict 1+5 (stitched 100M),0-50M,45849600,1791.0,429993.6171875,430777.53125
DC-PPO strict 1+5 (stitched 100M),0-50M,45900800,1793.0,430331.4375,430013.8984375
DC-PPO strict 1+5 (stitched 100M),0-50M,45952000,1795.0,429716.640625,430932.96875
DC-PPO strict 1+5 (stitched 100M),0-50M,46003200,1797.0,432750.828125,430497.1119791667
DC-PPO strict 1+5 (stitched 100M),0-50M,46054400,1799.0,429023.8671875,431026.0416666667
DC-PPO strict 1+5 (stitched 100M),0-50M,46105600,1801.0,431303.4296875,431148.5729166667
DC-PPO strict 1+5 (stitched 100M),0-50M,46156800,1803.0,433118.421875,433467.7369791667
DC-PPO strict 1+5 (stitched 100M),0-50M,46208000,1805.0,435981.359375,434178.8385416667
DC-PPO strict 1+5 (stitched 100M),0-50M,46259200,1807.0,433436.734375,434240.9791666667
DC-PPO strict 1+5 (stitched 100M),0-50M,46310400,1809.0,433304.84375,433721.4010416667
DC-PPO strict 1+5 (stitched 100M),0-50M,46361600,1811.0,434422.625,433845.6875
DC-PPO strict 1+5 (stitched 100M),0-50M,46412800,1813.0,433809.59375,433193.34375
DC-PPO strict 1+5 (stitched 100M),0-50M,46464000,1815.0,431347.8125,432700.0885416667
DC-PPO strict 1+5 (stitched 100M),0-50M,46515200,1817.0,432942.859375,431420.5494791667
DC-PPO strict 1+5 (stitched 100M),0-50M,46566400,1819.0,429970.9765625,431276.4661458333
DC-PPO strict 1+5 (stitched 100M),0-50M,46617600,1821.0,430915.5625,432103.4765625
DC-PPO strict 1+5 (stitched 100M),0-50M,46668800,1823.0,435423.890625,433194.8177083333
DC-PPO strict 1+5 (stitched 100M),0-50M,46720000,1825.0,433245.0,433681.4635416667
DC-PPO strict 1+5 (stitched 100M),0-50M,46771200,1827.0,432375.5,432055.7447916667
DC-PPO strict 1+5 (stitched 100M),0-50M,46822400,1829.0,430546.734375,430290.7734375
DC-PPO strict 1+5 (stitched 100M),0-50M,46873600,1831.0,427950.0859375,429196.9973958333
DC-PPO strict 1+5 (stitched 100M),0-50M,46924800,1833.0,429094.171875,427831.2526041667
DC-PPO strict 1+5 (stitched 100M),0-50M,46976000,1835.0,426449.5,428094.390625
DC-PPO strict 1+5 (stitched 100M),0-50M,47027200,1837.0,428739.5,428191.6223958333
DC-PPO strict 1+5 (stitched 100M),0-50M,47078400,1839.0,429385.8671875,429049.2317708333
DC-PPO strict 1+5 (stitched 100M),0-50M,47129600,1841.0,429022.328125,430781.078125
DC-PPO strict 1+5 (stitched 100M),0-50M,47180800,1843.0,433935.0390625,431744.2630208333
DC-PPO strict 1+5 (stitched 100M),0-50M,47232000,1845.0,432275.421875,433764.0885416667
DC-PPO strict 1+5 (stitched 100M),0-50M,47283200,1847.0,435081.8046875,434648.2734375
DC-PPO strict 1+5 (stitched 100M),0-50M,47334400,1849.0,436587.59375,436021.1380208333
DC-PPO strict 1+5 (stitched 100M),0-50M,47385600,1851.0,436394.015625,436349.203125
DC-PPO strict 1+5 (stitched 100M),0-50M,47436800,1853.0,436066.0,435681.0390625
DC-PPO strict 1+5 (stitched 100M),0-50M,47488000,1855.0,434583.1015625,434739.3229166667
DC-PPO strict 1+5 (stitched 100M),0-50M,47539200,1857.0,433568.8671875,433838.4375
DC-PPO strict 1+5 (stitched 100M),0-50M,47590400,1859.0,433363.34375,432626.6067708333
DC-PPO strict 1+5 (stitched 100M),0-50M,47641600,1861.0,430947.609375,431265.4322916667
DC-PPO strict 1+5 (stitched 100M),0-50M,47692800,1863.0,429485.34375,430475.2890625
DC-PPO strict 1+5 (stitched 100M),0-50M,47744000,1865.0,430992.9140625,430564.3854166667
DC-PPO strict 1+5 (stitched 100M),0-50M,47795200,1867.0,431214.8984375,432246.2473958333
DC-PPO strict 1+5 (stitched 100M),0-50M,47846400,1869.0,434530.9296875,432468.625
DC-PPO strict 1+5 (stitched 100M),0-50M,47897600,1871.0,431660.046875,433714.1666666667
DC-PPO strict 1+5 (stitched 100M),0-50M,47948800,1873.0,434951.5234375,433865.5
DC-PPO strict 1+5 (stitched 100M),0-50M,48000000,1875.0,434984.9296875,434411.4036458333
DC-PPO strict 1+5 (stitched 100M),0-50M,48051200,1877.0,433297.7578125,434415.0885416667
DC-PPO strict 1+5 (stitched 100M),0-50M,48102400,1879.0,434962.578125,435144.7864583333
DC-PPO strict 1+5 (stitched 100M),0-50M,48153600,1881.0,437174.0234375,435564.4114583333
DC-PPO strict 1+5 (stitched 100M),0-50M,48204800,1883.0,434556.6328125,436150.75
DC-PPO strict 1+5 (stitched 100M),0-50M,48256000,1885.0,436721.59375,436600.2994791667
DC-PPO strict 1+5 (stitched 100M),0-50M,48307200,1887.0,438522.671875,437620.6510416667
DC-PPO strict 1+5 (stitched 100M),0-50M,48358400,1889.0,437617.6875,438966.6640625
DC-PPO strict 1+5 (stitched 100M),0-50M,48409600,1891.0,440759.6328125,439720.109375
DC-PPO strict 1+5 (stitched 100M),0-50M,48460800,1893.0,440783.0078125,441113.2083333333
DC-PPO strict 1+5 (stitched 100M),0-50M,48512000,1895.0,441796.984375,439714.2109375
DC-PPO strict 1+5 (stitched 100M),0-50M,48563200,1897.0,436562.640625,438403.8854166667
DC-PPO strict 1+5 (stitched 100M),0-50M,48614400,1899.0,436852.03125,435331.140625
DC-PPO strict 1+5 (stitched 100M),0-50M,48665600,1901.0,432578.75,433848.2526041667
DC-PPO strict 1+5 (stitched 100M),0-50M,48716800,1903.0,432113.9765625,432356.9869791667
DC-PPO strict 1+5 (stitched 100M),0-50M,48768000,1905.0,432378.234375,431997.78125
DC-PPO strict 1+5 (stitched 100M),0-50M,48819200,1907.0,431501.1328125,432447.3880208333
DC-PPO strict 1+5 (stitched 100M),0-50M,48870400,1909.0,433462.796875,432105.0130208333
DC-PPO strict 1+5 (stitched 100M),0-50M,48921600,1911.0,431351.109375,432266.0052083333
DC-PPO strict 1+5 (stitched 100M),0-50M,48972800,1913.0,431984.109375,431793.1119791667
DC-PPO strict 1+5 (stitched 100M),0-50M,49024000,1915.0,432044.1171875,431782.5130208333
DC-PPO strict 1+5 (stitched 100M),0-50M,49075200,1917.0,431319.3125,431404.1119791667
DC-PPO strict 1+5 (stitched 100M),0-50M,49126400,1919.0,430848.90625,431901.328125
DC-PPO strict 1+5 (stitched 100M),0-50M,49177600,1921.0,433535.765625,432675.6979166667
DC-PPO strict 1+5 (stitched 100M),0-50M,49228800,1923.0,433642.421875,434210.9921875
DC-PPO strict 1+5 (stitched 100M),0-50M,49280000,1925.0,435454.7890625,435486.5546875
DC-PPO strict 1+5 (stitched 100M),0-50M,49331200,1927.0,437362.453125,435936.1223958333
DC-PPO strict 1+5 (stitched 100M),0-50M,49382400,1929.0,434991.125,435271.7239583333
DC-PPO strict 1+5 (stitched 100M),0-50M,49433600,1931.0,433461.59375,434902.5234375
DC-PPO strict 1+5 (stitched 100M),0-50M,49484800,1933.0,436254.8515625,435992.7265625
DC-PPO strict 1+5 (stitched 100M),0-50M,49536000,1935.0,438261.734375,436888.6015625
DC-PPO strict 1+5 (stitched 100M),0-50M,49587200,1937.0,436149.21875,437456.609375
DC-PPO strict 1+5 (stitched 100M),0-50M,49638400,1939.0,437958.875,437104.4661458333
DC-PPO strict 1+5 (stitched 100M),0-50M,49689600,1941.0,437205.3046875,437762.1796875
DC-PPO strict 1+5 (stitched 100M),0-50M,49740800,1943.0,438122.359375,438543.28125
DC-PPO strict 1+5 (stitched 100M),0-50M,49792000,1945.0,440302.1796875,439256.8411458333
DC-PPO strict 1+5 (stitched 100M),0-50M,49843200,1947.0,439345.984375,438234.1588541667
DC-PPO strict 1+5 (stitched 100M),0-50M,49894400,1949.0,435054.3125,436250.359375
DC-PPO strict 1+5 (stitched 100M),0-50M,49945600,1951.0,434350.78125,434364.2135416667
DC-PPO strict 1+5 (stitched 100M),0-50M,49996800,1953.0,433687.546875,433614.8723958333
DC-PPO strict 1+5 (stitched 100M),50-100M,50025600,1954.125,432806.2890625,433322.4817708333
DC-PPO strict 1+5 (stitched 100M),50-100M,50076800,1956.125,433473.609375,433285.8645833333
DC-PPO strict 1+5 (stitched 100M),50-100M,50128000,1958.125,433577.6953125,432921.0494791667
DC-PPO strict 1+5 (stitched 100M),50-100M,50179200,1960.125,431711.84375,432505.8203125
DC-PPO strict 1+5 (stitched 100M),50-100M,50230400,1962.125,432227.921875,432211.7578125
DC-PPO strict 1+5 (stitched 100M),50-100M,50281600,1964.125,432695.5078125,431645.4010416667
DC-PPO strict 1+5 (stitched 100M),50-100M,50332800,1966.125,430012.7734375,430288.296875
DC-PPO strict 1+5 (stitched 100M),50-100M,50384000,1968.125,428156.609375,428539.2135416667
DC-PPO strict 1+5 (stitched 100M),50-100M,50435200,1970.125,427448.2578125,428258.4479166667
DC-PPO strict 1+5 (stitched 100M),50-100M,50486400,1972.125,429170.4765625,428148.0598958333
DC-PPO strict 1+5 (stitched 100M),50-100M,50537600,1974.125,427825.4453125,427796.8802083333
DC-PPO strict 1+5 (stitched 100M),50-100M,50588800,1976.125,426394.71875,426523.0625
DC-PPO strict 1+5 (stitched 100M),50-100M,50640000,1978.125,425349.0234375,426480.9427083333
DC-PPO strict 1+5 (stitched 100M),50-100M,50691200,1980.125,427699.0859375,427370.2994791667
DC-PPO strict 1+5 (stitched 100M),50-100M,50742400,1982.125,429062.7890625,429537.1458333333
DC-PPO strict 1+5 (stitched 100M),50-100M,50793600,1984.125,431849.5625,430461.1770833333
DC-PPO strict 1+5 (stitched 100M),50-100M,50844800,1986.125,430471.1796875,431889.5729166667
DC-PPO strict 1+5 (stitched 100M),50-100M,50896000,1988.125,433347.9765625,432396.4739583333
DC-PPO strict 1+5 (stitched 100M),50-100M,50947200,1990.125,433370.265625,433481.2708333333
DC-PPO strict 1+5 (stitched 100M),50-100M,50998400,1992.125,433725.5703125,434704.5026041667
DC-PPO strict 1+5 (stitched 100M),50-100M,51049600,1994.125,437017.671875,436298.3567708333
DC-PPO strict 1+5 (stitched 100M),50-100M,51100800,1996.125,438151.828125,437344.4140625
DC-PPO strict 1+5 (stitched 100M),50-100M,51152000,1998.125,436863.7421875,437454.8776041667
DC-PPO strict 1+5 (stitched 100M),50-100M,51203200,2000.125,437349.0625,437122.390625
DC-PPO strict 1+5 (stitched 100M),50-100M,51254400,2002.125,437154.3671875,438068.5598958333
DC-PPO strict 1+5 (stitched 100M),50-100M,51305600,2004.125,439702.25,438640.1015625
DC-PPO strict 1+5 (stitched 100M),50-100M,51356800,2006.125,439063.6875,439753.2109375
DC-PPO strict 1+5 (stitched 100M),50-100M,51408000,2008.125,440493.6953125,439733.9427083333
DC-PPO strict 1+5 (stitched 100M),50-100M,51459200,2010.125,439644.4453125,439891.6015625
DC-PPO strict 1+5 (stitched 100M),50-100M,51510400,2012.125,439536.6640625,439984.5104166667
DC-PPO strict 1+5 (stitched 100M),50-100M,51561600,2014.125,440772.421875,440647.0989583333
DC-PPO strict 1+5 (stitched 100M),50-100M,51612800,2016.125,441632.2109375,441463.3932291667
DC-PPO strict 1+5 (stitched 100M),50-100M,51664000,2018.125,441985.546875,441971.0234375
DC-PPO strict 1+5 (stitched 100M),50-100M,51715200,2020.125,442295.3125,441312.953125
DC-PPO strict 1+5 (stitched 100M),50-100M,51766400,2022.125,439658.0,440006.9583333333
DC-PPO strict 1+5 (stitched 100M),50-100M,51817600,2024.125,438067.5625,439038.1614583333
DC-PPO strict 1+5 (stitched 100M),50-100M,51868800,2026.125,439388.921875,438141.6458333333
DC-PPO strict 1+5 (stitched 100M),50-100M,51920000,2028.125,436968.453125,437306.5026041667
DC-PPO strict 1+5 (stitched 100M),50-100M,51971200,2030.125,435562.1328125,437146.2265625
DC-PPO strict 1+5 (stitched 100M),50-100M,52022400,2032.125,438908.09375,437514.8828125
DC-PPO strict 1+5 (stitched 100M),50-100M,52073600,2034.125,438074.421875,439623.7786458333
DC-PPO strict 1+5 (stitched 100M),50-100M,52124800,2036.125,441888.8203125,440113.1223958333
DC-PPO strict 1+5 (stitched 100M),50-100M,52176000,2038.125,440376.125,440944.8723958333
DC-PPO strict 1+5 (stitched 100M),50-100M,52227200,2040.125,440569.671875,440745.2109375
DC-PPO strict 1+5 (stitched 100M),50-100M,52278400,2042.125,441289.8359375,441350.8984375
DC-PPO strict 1+5 (stitched 100M),50-100M,52329600,2044.125,442193.1875,441097.6692708333
DC-PPO strict 1+5 (stitched 100M),50-100M,52380800,2046.125,439809.984375,440706.4453125
DC-PPO strict 1+5 (stitched 100M),50-100M,52432000,2048.125,440116.1640625,440301.71875
DC-PPO strict 1+5 (stitched 100M),50-100M,52483200,2050.125,440979.0078125,440337.4192708333
DC-PPO strict 1+5 (stitched 100M),50-100M,52534400,2052.125,439917.0859375,440531.0755208333
DC-PPO strict 1+5 (stitched 100M),50-100M,52585600,2054.125,440697.1328125,440460.1458333333
DC-PPO strict 1+5 (stitched 100M),50-100M,52636800,2056.125,440766.21875,441419.3072916667
DC-PPO strict 1+5 (stitched 100M),50-100M,52688000,2058.125,442794.5703125,440921.0364583333
DC-PPO strict 1+5 (stitched 100M),50-100M,52739200,2060.125,439202.3203125,440285.7552083333
DC-PPO strict 1+5 (stitched 100M),50-100M,52790400,2062.125,438860.375,438642.5260416667
DC-PPO strict 1+5 (stitched 100M),50-100M,52841600,2064.125,437864.8828125,438708.3880208333
DC-PPO strict 1+5 (stitched 100M),50-100M,52892800,2066.125,439399.90625,439184.390625
DC-PPO strict 1+5 (stitched 100M),50-100M,52944000,2068.125,440288.3828125,439205.2708333333
DC-PPO strict 1+5 (stitched 100M),50-100M,52995200,2070.125,437927.5234375,439075.5234375
DC-PPO strict 1+5 (stitched 100M),50-100M,53046400,2072.125,439010.6640625,439351.4479166667
DC-PPO strict 1+5 (stitched 100M),50-100M,53097600,2074.125,441116.15625,439806.2161458333
DC-PPO strict 1+5 (stitched 100M),50-100M,53148800,2076.125,439291.828125,440408.2161458333
DC-PPO strict 1+5 (stitched 100M),50-100M,53200000,2078.125,440816.6640625,439661.3020833333
DC-PPO strict 1+5 (stitched 100M),50-100M,53251200,2080.125,438875.4140625,439268.3020833333
DC-PPO strict 1+5 (stitched 100M),50-100M,53302400,2082.125,438112.828125,438092.3515625
DC-PPO strict 1+5 (stitched 100M),50-100M,53353600,2084.125,437288.8125,437795.140625
DC-PPO strict 1+5 (stitched 100M),50-100M,53404800,2086.125,437983.78125,438014.28125
DC-PPO strict 1+5 (stitched 100M),50-100M,53456000,2088.125,438770.25,438270.8359375
DC-PPO strict 1+5 (stitched 100M),50-100M,53507200,2090.125,438058.4765625,437327.2369791667
DC-PPO strict 1+5 (stitched 100M),50-100M,53558400,2092.125,435152.984375,436600.9661458333
DC-PPO strict 1+5 (stitched 100M),50-100M,53609600,2094.125,436591.4375,436349.1927083333
DC-PPO strict 1+5 (stitched 100M),50-100M,53660800,2096.125,437303.15625,436932.2604166667
DC-PPO strict 1+5 (stitched 100M),50-100M,53712000,2098.125,436902.1875,436428.4088541667
DC-PPO strict 1+5 (stitched 100M),50-100M,53763200,2100.125,435079.8828125,436798.5286458333
DC-PPO strict 1+5 (stitched 100M),50-100M,53814400,2102.125,438413.515625,437217.90625
DC-PPO strict 1+5 (stitched 100M),50-100M,53865600,2104.125,438160.3203125,438626.4505208333
DC-PPO strict 1+5 (stitched 100M),50-100M,53916800,2106.125,439305.515625,439227.2291666667
DC-PPO strict 1+5 (stitched 100M),50-100M,53968000,2108.125,440215.8515625,439366.8255208333
DC-PPO strict 1+5 (stitched 100M),50-100M,54019200,2110.125,438579.109375,439778.8984375
DC-PPO strict 1+5 (stitched 100M),50-100M,54070400,2112.125,440541.734375,439438.0052083333
DC-PPO strict 1+5 (stitched 100M),50-100M,54121600,2114.125,439193.171875,439534.4505208333
DC-PPO strict 1+5 (stitched 100M),50-100M,54172800,2116.125,438868.4453125,438409.046875
DC-PPO strict 1+5 (stitched 100M),50-100M,54224000,2118.125,437165.5234375,438582.6145833333
DC-PPO strict 1+5 (stitched 100M),50-100M,54275200,2120.125,439713.875,438988.2473958333
DC-PPO strict 1+5 (stitched 100M),50-100M,54326400,2122.125,440085.34375,440378.2942708333
DC-PPO strict 1+5 (stitched 100M),50-100M,54377600,2124.125,441335.6640625,442564.0026041667
DC-PPO strict 1+5 (stitched 100M),50-100M,54428800,2126.125,446271.0,443702.2109375
DC-PPO strict 1+5 (stitched 100M),50-100M,54480000,2128.125,443499.96875,444115.1015625
DC-PPO strict 1+5 (stitched 100M),50-100M,54531200,2130.125,442574.3359375,442371.25
DC-PPO strict 1+5 (stitched 100M),50-100M,54582400,2132.125,441039.4453125,441265.5833333333
DC-PPO strict 1+5 (stitched 100M),50-100M,54633600,2134.125,440182.96875,440252.0260416667
DC-PPO strict 1+5 (stitched 100M),50-100M,54684800,2136.125,439533.6640625,439164.21875
DC-PPO strict 1+5 (stitched 100M),50-100M,54736000,2138.125,437776.0234375,438228.4921875
DC-PPO strict 1+5 (stitched 100M),50-100M,54787200,2140.125,437375.7890625,437039.4635416667
DC-PPO strict 1+5 (stitched 100M),50-100M,54838400,2142.125,435966.578125,436448.328125
DC-PPO strict 1+5 (stitched 100M),50-100M,54889600,2144.125,436002.6171875,435775.4791666667
DC-PPO strict 1+5 (stitched 100M),50-100M,54940800,2146.125,435357.2421875,435992.5911458333
DC-PPO strict 1+5 (stitched 100M),50-100M,54992000,2148.125,436617.9140625,435733.4427083333
DC-PPO strict 1+5 (stitched 100M),50-100M,55043200,2150.125,435225.171875,436400.4635416667
DC-PPO strict 1+5 (stitched 100M),50-100M,55094400,2152.125,437358.3046875,436491.3697916667
DC-PPO strict 1+5 (stitched 100M),50-100M,55145600,2154.125,436890.6328125,438713.734375
DC-PPO strict 1+5 (stitched 100M),50-100M,55196800,2156.125,441892.265625,441000.9895833333
DC-PPO strict 1+5 (stitched 100M),50-100M,55248000,2158.125,444220.0703125,443619.4375
DC-PPO strict 1+5 (stitched 100M),50-100M,55299200,2160.125,444745.9765625,444657.921875
DC-PPO strict 1+5 (stitched 100M),50-100M,55350400,2162.125,445007.71875,444442.1979166667
DC-PPO strict 1+5 (stitched 100M),50-100M,55401600,2164.125,443572.8984375,444418.0338541667
DC-PPO strict 1+5 (stitched 100M),50-100M,55452800,2166.125,444673.484375,443732.2942708333
DC-PPO strict 1+5 (stitched 100M),50-100M,55504000,2168.125,442950.5,444242.9583333333
DC-PPO strict 1+5 (stitched 100M),50-100M,55555200,2170.125,445104.890625,444368.2005208333
DC-PPO strict 1+5 (stitched 100M),50-100M,55606400,2172.125,445049.2109375,444923.0078125
DC-PPO strict 1+5 (stitched 100M),50-100M,55657600,2174.125,444614.921875,443896.7604166667
DC-PPO strict 1+5 (stitched 100M),50-100M,55708800,2176.125,442026.1484375,442783.6510416667
DC-PPO strict 1+5 (stitched 100M),50-100M,55760000,2178.125,441709.8828125,440724.0885416667
DC-PPO strict 1+5 (stitched 100M),50-100M,55811200,2180.125,438436.234375,439046.3125
DC-PPO strict 1+5 (stitched 100M),50-100M,55862400,2182.125,436992.8203125,438571.1875
DC-PPO strict 1+5 (stitched 100M),50-100M,55913600,2184.125,440284.5078125,439233.9348958333
DC-PPO strict 1+5 (stitched 100M),50-100M,55964800,2186.125,440424.4765625,440061.5963541667
DC-PPO strict 1+5 (stitched 100M),50-100M,56016000,2188.125,439475.8046875,440044.9010416667
DC-PPO strict 1+5 (stitched 100M),50-100M,56067200,2190.125,440234.421875,441712.8541666667
DC-PPO strict 1+5 (stitched 100M),50-100M,56118400,2192.125,445428.3359375,443395.6015625
DC-PPO strict 1+5 (stitched 100M),50-100M,56169600,2194.125,444524.046875,445312.0416666667
DC-PPO strict 1+5 (stitched 100M),50-100M,56220800,2196.125,445983.7421875,445859.4036458333
DC-PPO strict 1+5 (stitched 100M),50-100M,56272000,2198.125,447070.421875,446160.3567708333
DC-PPO strict 1+5 (stitched 100M),50-100M,56323200,2200.125,445426.90625,446762.2734375
DC-PPO strict 1+5 (stitched 100M),50-100M,56374400,2202.125,447789.4921875,446836.5364583333
DC-PPO strict 1+5 (stitched 100M),50-100M,56425600,2204.125,447293.2109375,447223.3723958333
DC-PPO strict 1+5 (stitched 100M),50-100M,56476800,2206.125,446587.4140625,448077.5807291667
DC-PPO strict 1+5 (stitched 100M),50-100M,56528000,2208.125,450352.1171875,448741.0859375
DC-PPO strict 1+5 (stitched 100M),50-100M,56579200,2210.125,449283.7265625,449384.6666666667
DC-PPO strict 1+5 (stitched 100M),50-100M,56630400,2212.125,448518.15625,448266.4505208333
DC-PPO strict 1+5 (stitched 100M),50-100M,56681600,2214.125,446997.46875,446826.3854166667
DC-PPO strict 1+5 (stitched 100M),50-100M,56732800,2216.125,444963.53125,445848.7682291667
DC-PPO strict 1+5 (stitched 100M),50-100M,56784000,2218.125,445585.3046875,446050.5364583333
DC-PPO strict 1+5 (stitched 100M),50-100M,56835200,2220.125,447602.7734375,447487.4635416667
DC-PPO strict 1+5 (stitched 100M),50-100M,56886400,2222.125,449274.3125,448522.1692708333
DC-PPO strict 1+5 (stitched 100M),50-100M,56937600,2224.125,448689.421875,449213.2109375
DC-PPO strict 1+5 (stitched 100M),50-100M,56988800,2226.125,449675.8984375,449085.5703125
DC-PPO strict 1+5 (stitched 100M),50-100M,57040000,2228.125,448891.390625,448916.0442708333
DC-PPO strict 1+5 (stitched 100M),50-100M,57091200,2230.125,448180.84375,448142.0546875
DC-PPO strict 1+5 (stitched 100M),50-100M,57142400,2232.125,447353.9296875,448726.5130208333
DC-PPO strict 1+5 (stitched 100M),50-100M,57193600,2234.125,450644.765625,449275.2786458333
DC-PPO strict 1+5 (stitched 100M),50-100M,57244800,2236.125,449827.140625,450805.0
DC-PPO strict 1+5 (stitched 100M),50-100M,57296000,2238.125,451943.09375,450462.5625
DC-PPO strict 1+5 (stitched 100M),50-100M,57347200,2240.125,449617.453125,450796.796875
DC-PPO strict 1+5 (stitched 100M),50-100M,57398400,2242.125,450829.84375,449663.5052083333
DC-PPO strict 1+5 (stitched 100M),50-100M,57449600,2244.125,448543.21875,449945.5130208333
DC-PPO strict 1+5 (stitched 100M),50-100M,57500800,2246.125,450463.4765625,450173.5494791667
DC-PPO strict 1+5 (stitched 100M),50-100M,57552000,2248.125,451513.953125,451352.2317708333
DC-PPO strict 1+5 (stitched 100M),50-100M,57603200,2250.125,452079.265625,451594.4557291667
DC-PPO strict 1+5 (stitched 100M),50-100M,57654400,2252.125,451190.1484375,451081.8802083333
DC-PPO strict 1+5 (stitched 100M),50-100M,57705600,2254.125,449976.2265625,450861.78125
DC-PPO strict 1+5 (stitched 100M),50-100M,57756800,2256.125,451418.96875,450944.6145833333
DC-PPO strict 1+5 (stitched 100M),50-100M,57808000,2258.125,451438.6484375,451121.2760416667
DC-PPO strict 1+5 (stitched 100M),50-100M,57859200,2260.125,450506.2109375,449577.8125
DC-PPO strict 1+5 (stitched 100M),50-100M,57910400,2262.125,446788.578125,448312.2239583333
DC-PPO strict 1+5 (stitched 100M),50-100M,57961600,2264.125,447641.8828125,447481.5651041667
DC-PPO strict 1+5 (stitched 100M),50-100M,58012800,2266.125,448014.234375,447928.5052083333
DC-PPO strict 1+5 (stitched 100M),50-100M,58064000,2268.125,448129.3984375,449015.6666666667
DC-PPO strict 1+5 (stitched 100M),50-100M,58115200,2270.125,450903.3671875,450372.6927083333
DC-PPO strict 1+5 (stitched 100M),50-100M,58166400,2272.125,452085.3125,452122.8098958333
DC-PPO strict 1+5 (stitched 100M),50-100M,58217600,2274.125,453379.75,452774.859375
DC-PPO strict 1+5 (stitched 100M),50-100M,58268800,2276.125,452859.515625,453024.3932291667
DC-PPO strict 1+5 (stitched 100M),50-100M,58320000,2278.125,452833.9140625,452820.6875
DC-PPO strict 1+5 (stitched 100M),50-100M,58371200,2280.125,452768.6328125,452856.7369791667
DC-PPO strict 1+5 (stitched 100M),50-100M,58422400,2282.125,452967.6640625,452500.9635416667
DC-PPO strict 1+5 (stitched 100M),50-100M,58473600,2284.125,451766.59375,452598.0885416667
DC-PPO strict 1+5 (stitched 100M),50-100M,58524800,2286.125,453060.0078125,452488.1744791667
DC-PPO strict 1+5 (stitched 100M),50-100M,58576000,2288.125,452637.921875,452762.5234375
DC-PPO strict 1+5 (stitched 100M),50-100M,58627200,2290.125,452589.640625,452888.5364583333
DC-PPO strict 1+5 (stitched 100M),50-100M,58678400,2292.125,453438.046875,452256.4270833333
DC-PPO strict 1+5 (stitched 100M),50-100M,58729600,2294.125,450741.59375,450617.984375
DC-PPO strict 1+5 (stitched 100M),50-100M,58780800,2296.125,447674.3125,449138.8984375
DC-PPO strict 1+5 (stitched 100M),50-100M,58832000,2298.125,449000.7890625,448303.8411458333
DC-PPO strict 1+5 (stitched 100M),50-100M,58883200,2300.125,448236.421875,448480.1953125
DC-PPO strict 1+5 (stitched 100M),50-100M,58934400,2302.125,448203.375,448211.2578125
DC-PPO strict 1+5 (stitched 100M),50-100M,58985600,2304.125,448193.9765625,447480.3203125
DC-PPO strict 1+5 (stitched 100M),50-100M,59036800,2306.125,446043.609375,446521.28125
DC-PPO strict 1+5 (stitched 100M),50-100M,59088000,2308.125,445326.2578125,445771.5859375
DC-PPO strict 1+5 (stitched 100M),50-100M,59139200,2310.125,445944.890625,446369.6015625
DC-PPO strict 1+5 (stitched 100M),50-100M,59190400,2312.125,447837.65625,447177.2604166667
DC-PPO strict 1+5 (stitched 100M),50-100M,59241600,2314.125,447749.234375,448212.0911458333
DC-PPO strict 1+5 (stitched 100M),50-100M,59292800,2316.125,449049.3828125,448431.9140625
DC-PPO strict 1+5 (stitched 100M),50-100M,59344000,2318.125,448497.125,448342.5651041667
DC-PPO strict 1+5 (stitched 100M),50-100M,59395200,2320.125,447481.1875,448466.7421875
DC-PPO strict 1+5 (stitched 100M),50-100M,59446400,2322.125,449421.9140625,449047.4947916667
DC-PPO strict 1+5 (stitched 100M),50-100M,59497600,2324.125,450239.3828125,449758.8619791667
DC-PPO strict 1+5 (stitched 100M),50-100M,59548800,2326.125,449615.2890625,450227.6536458333
DC-PPO strict 1+5 (stitched 100M),50-100M,59600000,2328.125,450828.2890625,450223.4713541667
DC-PPO strict 1+5 (stitched 100M),50-100M,59651200,2330.125,450226.8359375,452139.2942708333
DC-PPO strict 1+5 (stitched 100M),50-100M,59702400,2332.125,455362.7578125,452724.5677083333
DC-PPO strict 1+5 (stitched 100M),50-100M,59753600,2334.125,452584.109375,452752.6692708333
DC-PPO strict 1+5 (stitched 100M),50-100M,59804800,2336.125,450311.140625,451673.5807291667
DC-PPO strict 1+5 (stitched 100M),50-100M,59856000,2338.125,452125.4921875,451337.2864583333
DC-PPO strict 1+5 (stitched 100M),50-100M,59907200,2340.125,451575.2265625,451907.8880208333
DC-PPO strict 1+5 (stitched 100M),50-100M,59958400,2342.125,452022.9453125,451643.4088541667
DC-PPO strict 1+5 (stitched 100M),50-100M,60009600,2344.125,451332.0546875,451838.390625
DC-PPO strict 1+5 (stitched 100M),50-100M,60060800,2346.125,452160.171875,451148.6302083333
DC-PPO strict 1+5 (stitched 100M),50-100M,60112000,2348.125,449953.6640625,450654.1692708333
DC-PPO strict 1+5 (stitched 100M),50-100M,60163200,2350.125,449848.671875,450496.2473958333
DC-PPO strict 1+5 (stitched 100M),50-100M,60214400,2352.125,451686.40625,450776.0234375
DC-PPO strict 1+5 (stitched 100M),50-100M,60265600,2354.125,450792.9921875,452739.8515625
DC-PPO strict 1+5 (stitched 100M),50-100M,60316800,2356.125,455740.15625,453758.3229166667
DC-PPO strict 1+5 (stitched 100M),50-100M,60368000,2358.125,454741.8203125,454517.5494791667
DC-PPO strict 1+5 (stitched 100M),50-100M,60419200,2360.125,453070.671875,453286.9609375
DC-PPO strict 1+5 (stitched 100M),50-100M,60470400,2362.125,452048.390625,452004.3515625
DC-PPO strict 1+5 (stitched 100M),50-100M,60521600,2364.125,450893.9921875,451117.59375
DC-PPO strict 1+5 (stitched 100M),50-100M,60572800,2366.125,450410.3984375,450707.4322916667
DC-PPO strict 1+5 (stitched 100M),50-100M,60624000,2368.125,450817.90625,450919.8697916667
DC-PPO strict 1+5 (stitched 100M),50-100M,60675200,2370.125,451531.3046875,451970.4114583333
DC-PPO strict 1+5 (stitched 100M),50-100M,60726400,2372.125,453562.0234375,452848.5442708333
DC-PPO strict 1+5 (stitched 100M),50-100M,60777600,2374.125,453452.3046875,452958.4348958333
DC-PPO strict 1+5 (stitched 100M),50-100M,60828800,2376.125,451860.9765625,452466.7265625
DC-PPO strict 1+5 (stitched 100M),50-100M,60880000,2378.125,452086.8984375,452775.1848958333
DC-PPO strict 1+5 (stitched 100M),50-100M,60931200,2380.125,454377.6796875,452235.1875
DC-PPO strict 1+5 (stitched 100M),50-100M,60982400,2382.125,450240.984375,452535.7890625
DC-PPO strict 1+5 (stitched 100M),50-100M,61033600,2384.125,452988.703125,451589.421875
DC-PPO strict 1+5 (stitched 100M),50-100M,61084800,2386.125,451538.578125,452829.0338541667
DC-PPO strict 1+5 (stitched 100M),50-100M,61136000,2388.125,453959.8203125,452515.4166666667
DC-PPO strict 1+5 (stitched 100M),50-100M,61187200,2390.125,452047.8515625,454242.3567708333
DC-PPO strict 1+5 (stitched 100M),50-100M,61238400,2392.125,456719.3984375,455050.9140625
DC-PPO strict 1+5 (stitched 100M),50-100M,61289600,2394.125,456385.4921875,456212.1015625
DC-PPO strict 1+5 (stitched 100M),50-100M,61340800,2396.125,455531.4140625,456034.8098958333
DC-PPO strict 1+5 (stitched 100M),50-100M,61392000,2398.125,456187.5234375,455636.859375
DC-PPO strict 1+5 (stitched 100M),50-100M,61443200,2400.125,455191.640625,454321.7786458333
DC-PPO strict 1+5 (stitched 100M),50-100M,61494400,2402.125,451586.171875,453018.6041666667
DC-PPO strict 1+5 (stitched 100M),50-100M,61545600,2404.125,452278.0,451336.7942708333
DC-PPO strict 1+5 (stitched 100M),50-100M,61596800,2406.125,450146.2109375,452285.5286458333
DC-PPO strict 1+5 (stitched 100M),50-100M,61648000,2408.125,454432.375,453088.5338541667
DC-PPO strict 1+5 (stitched 100M),50-100M,61699200,2410.125,454687.015625,452633.0833333333
DC-PPO strict 1+5 (stitched 100M),50-100M,61750400,2412.125,448779.859375,452107.7239583333
DC-PPO strict 1+5 (stitched 100M),50-100M,61801600,2414.125,452856.296875,451340.0572916667
DC-PPO strict 1+5 (stitched 100M),50-100M,61852800,2416.125,452384.015625,452334.5859375
DC-PPO strict 1+5 (stitched 100M),50-100M,61904000,2418.125,451763.4453125,452107.6484375
DC-PPO strict 1+5 (stitched 100M),50-100M,61955200,2420.125,452175.484375,451457.3958333333
DC-PPO strict 1+5 (stitched 100M),50-100M,62006400,2422.125,450433.2578125,451292.0677083333
DC-PPO strict 1+5 (stitched 100M),50-100M,62057600,2424.125,451267.4609375,451919.03125
DC-PPO strict 1+5 (stitched 100M),50-100M,62108800,2426.125,454056.375,453221.078125
DC-PPO strict 1+5 (stitched 100M),50-100M,62160000,2428.125,454339.3984375,453241.3125
DC-PPO strict 1+5 (stitched 100M),50-100M,62211200,2430.125,451328.1640625,452850.25
DC-PPO strict 1+5 (stitched 100M),50-100M,62262400,2432.125,452883.1875,451711.0598958333
DC-PPO strict 1+5 (stitched 100M),50-100M,62313600,2434.125,450921.828125,451262.5
DC-PPO strict 1+5 (stitched 100M),50-100M,62364800,2436.125,449982.484375,450057.9583333333
DC-PPO strict 1+5 (stitched 100M),50-100M,62416000,2438.125,449269.5625,449392.7994791667
DC-PPO strict 1+5 (stitched 100M),50-100M,62467200,2440.125,448926.3515625,449479.3958333333
DC-PPO strict 1+5 (stitched 100M),50-100M,62518400,2442.125,450242.2734375,449682.8697916667
DC-PPO strict 1+5 (stitched 100M),50-100M,62569600,2444.125,449879.984375,449721.0598958333
DC-PPO strict 1+5 (stitched 100M),50-100M,62620800,2446.125,449040.921875,448936.5234375
DC-PPO strict 1+5 (stitched 100M),50-100M,62672000,2448.125,447888.6640625,448933.4348958333
DC-PPO strict 1+5 (stitched 100M),50-100M,62723200,2450.125,449870.71875,449330.578125
DC-PPO strict 1+5 (stitched 100M),50-100M,62774400,2452.125,450232.3515625,450660.6901041667
DC-PPO strict 1+5 (stitched 100M),50-100M,62825600,2454.125,451879.0,450640.9895833333
DC-PPO strict 1+5 (stitched 100M),50-100M,62876800,2456.125,449811.6171875,449609.8828125
DC-PPO strict 1+5 (stitched 100M),50-100M,62928000,2458.125,447139.03125,448972.7916666667
DC-PPO strict 1+5 (stitched 100M),50-100M,62979200,2460.125,449967.7265625,449889.421875
DC-PPO strict 1+5 (stitched 100M),50-100M,63030400,2462.125,452561.5078125,451729.09375
DC-PPO strict 1+5 (stitched 100M),50-100M,63081600,2464.125,452658.046875,451604.5130208333
DC-PPO strict 1+5 (stitched 100M),50-100M,63132800,2466.125,449593.984375,451156.546875
DC-PPO strict 1+5 (stitched 100M),50-100M,63184000,2468.125,451217.609375,449924.1197916667
DC-PPO strict 1+5 (stitched 100M),50-100M,63235200,2470.125,448960.765625,449847.5833333333
DC-PPO strict 1+5 (stitched 100M),50-100M,63286400,2472.125,449364.375,448729.5286458333
DC-PPO strict 1+5 (stitched 100M),50-100M,63337600,2474.125,447863.4453125,448952.0494791667
DC-PPO strict 1+5 (stitched 100M),50-100M,63388800,2476.125,449628.328125,449361.9505208333
DC-PPO strict 1+5 (stitched 100M),50-100M,63440000,2478.125,450594.078125,450323.9791666667
DC-PPO strict 1+5 (stitched 100M),50-100M,63491200,2480.125,450749.53125,451281.0
DC-PPO strict 1+5 (stitched 100M),50-100M,63542400,2482.125,452499.390625,452271.0859375
DC-PPO strict 1+5 (stitched 100M),50-100M,63593600,2484.125,453564.3359375,452571.7005208333
DC-PPO strict 1+5 (stitched 100M),50-100M,63644800,2486.125,451651.375,453274.5442708333
DC-PPO strict 1+5 (stitched 100M),50-100M,63696000,2488.125,454607.921875,452970.8932291667
DC-PPO strict 1+5 (stitched 100M),50-100M,63747200,2490.125,452653.3828125,452782.9166666667
DC-PPO strict 1+5 (stitched 100M),50-100M,63798400,2492.125,451087.4453125,452602.2291666667
DC-PPO strict 1+5 (stitched 100M),50-100M,63849600,2494.125,454065.859375,453622.2395833333
DC-PPO strict 1+5 (stitched 100M),50-100M,63900800,2496.125,455713.4140625,456347.1927083333
DC-PPO strict 1+5 (stitched 100M),50-100M,63952000,2498.125,459262.3046875,457881.4973958333
DC-PPO strict 1+5 (stitched 100M),50-100M,64003200,2500.125,458668.7734375,458849.5
DC-PPO strict 1+5 (stitched 100M),50-100M,64054400,2502.125,458617.421875,458721.1510416667
DC-PPO strict 1+5 (stitched 100M),50-100M,64105600,2504.125,458877.2578125,458018.140625
DC-PPO strict 1+5 (stitched 100M),50-100M,64156800,2506.125,456559.7421875,457552.5442708333
DC-PPO strict 1+5 (stitched 100M),50-100M,64208000,2508.125,457220.6328125,457254.7864583333
DC-PPO strict 1+5 (stitched 100M),50-100M,64259200,2510.125,457983.984375,457793.6588541667
DC-PPO strict 1+5 (stitched 100M),50-100M,64310400,2512.125,458176.359375,458821.078125
DC-PPO strict 1+5 (stitched 100M),50-100M,64361600,2514.125,460302.890625,459086.2291666667
DC-PPO strict 1+5 (stitched 100M),50-100M,64412800,2516.125,458779.4375,459292.7083333333
DC-PPO strict 1+5 (stitched 100M),50-100M,64464000,2518.125,458795.796875,459243.5755208333
DC-PPO strict 1+5 (stitched 100M),50-100M,64515200,2520.125,460155.4921875,459614.1458333333
DC-PPO strict 1+5 (stitched 100M),50-100M,64566400,2522.125,459891.1484375,460730.7369791667
DC-PPO strict 1+5 (stitched 100M),50-100M,64617600,2524.125,462145.5703125,461580.5
DC-PPO strict 1+5 (stitched 100M),50-100M,64668800,2526.125,462704.78125,462885.78125
DC-PPO strict 1+5 (stitched 100M),50-100M,64720000,2528.125,463806.9921875,463657.9192708333
DC-PPO strict 1+5 (stitched 100M),50-100M,64771200,2530.125,464461.984375,464223.8671875
DC-PPO strict 1+5 (stitched 100M),50-100M,64822400,2532.125,464402.625,464818.7994791667
DC-PPO strict 1+5 (stitched 100M),50-100M,64873600,2534.125,465591.7890625,463916.4453125
DC-PPO strict 1+5 (stitched 100M),50-100M,64924800,2536.125,461754.921875,463937.2083333333
DC-PPO strict 1+5 (stitched 100M),50-100M,64976000,2538.125,464464.9140625,463608.1015625
DC-PPO strict 1+5 (stitched 100M),50-100M,65027200,2540.125,464604.46875,464061.3359375
DC-PPO strict 1+5 (stitched 100M),50-100M,65078400,2542.125,463114.625,462677.3567708333
DC-PPO strict 1+5 (stitched 100M),50-100M,65129600,2544.125,460312.9765625,461783.3203125
DC-PPO strict 1+5 (stitched 100M),50-100M,65180800,2546.125,461922.359375,461619.0182291667
DC-PPO strict 1+5 (stitched 100M),50-100M,65232000,2548.125,462621.71875,462191.3046875
DC-PPO strict 1+5 (stitched 100M),50-100M,65283200,2550.125,462029.8359375,461453.2213541667
DC-PPO strict 1+5 (stitched 100M),50-100M,65334400,2552.125,459708.109375,460329.6302083333
DC-PPO strict 1+5 (stitched 100M),50-100M,65385600,2554.125,459250.9453125,460054.7473958333
DC-PPO strict 1+5 (stitched 100M),50-100M,65436800,2556.125,461205.1875,460304.0703125
DC-PPO strict 1+5 (stitched 100M),50-100M,65488000,2558.125,460456.078125,460063.2239583333
DC-PPO strict 1+5 (stitched 100M),50-100M,65539200,2560.125,458528.40625,458734.25
DC-PPO strict 1+5 (stitched 100M),50-100M,65590400,2562.125,457218.265625,456878.234375
DC-PPO strict 1+5 (stitched 100M),50-100M,65641600,2564.125,454888.03125,455806.8020833333
DC-PPO strict 1+5 (stitched 100M),50-100M,65692800,2566.125,455314.109375,455324.7083333333
DC-PPO strict 1+5 (stitched 100M),50-100M,65744000,2568.125,455771.984375,454519.0859375
DC-PPO strict 1+5 (stitched 100M),50-100M,65795200,2570.125,452471.1640625,453383.3411458333
DC-PPO strict 1+5 (stitched 100M),50-100M,65846400,2572.125,451906.875,452104.9765625
DC-PPO strict 1+5 (stitched 100M),50-100M,65897600,2574.125,451936.890625,452631.3515625
DC-PPO strict 1+5 (stitched 100M),50-100M,65948800,2576.125,454050.2890625,452581.359375
DC-PPO strict 1+5 (stitched 100M),50-100M,66000000,2578.125,451756.8984375,452069.0052083333
DC-PPO strict 1+5 (stitched 100M),50-100M,66051200,2580.125,450399.828125,451745.28125
DC-PPO strict 1+5 (stitched 100M),50-100M,66102400,2582.125,453079.1171875,452121.3697916667
DC-PPO strict 1+5 (stitched 100M),50-100M,66153600,2584.125,452885.1640625,453004.359375
DC-PPO strict 1+5 (stitched 100M),50-100M,66204800,2586.125,453048.796875,453048.5989583333
DC-PPO strict 1+5 (stitched 100M),50-100M,66256000,2588.125,453211.8359375,453635.859375
DC-PPO strict 1+5 (stitched 100M),50-100M,66307200,2590.125,454646.9453125,454337.4270833333
DC-PPO strict 1+5 (stitched 100M),50-100M,66358400,2592.125,455153.5,454724.21875
DC-PPO strict 1+5 (stitched 100M),50-100M,66409600,2594.125,454372.2109375,454426.046875
DC-PPO strict 1+5 (stitched 100M),50-100M,66460800,2596.125,453752.4296875,454294.0234375
DC-PPO strict 1+5 (stitched 100M),50-100M,66512000,2598.125,454757.4296875,454000.1119791667
DC-PPO strict 1+5 (stitched 100M),50-100M,66563200,2600.125,453490.4765625,453724.6041666667
DC-PPO strict 1+5 (stitched 100M),50-100M,66614400,2602.125,452925.90625,452230.5703125
DC-PPO strict 1+5 (stitched 100M),50-100M,66665600,2604.125,450275.328125,451358.3177083333
DC-PPO strict 1+5 (stitched 100M),50-100M,66716800,2606.125,450873.71875,451538.9192708333
DC-PPO strict 1+5 (stitched 100M),50-100M,66768000,2608.125,453467.7109375,452573.7916666667
DC-PPO strict 1+5 (stitched 100M),50-100M,66819200,2610.125,453379.9453125,453340.6614583333
DC-PPO strict 1+5 (stitched 100M),50-100M,66870400,2612.125,453174.328125,453598.03125
DC-PPO strict 1+5 (stitched 100M),50-100M,66921600,2614.125,454239.8203125,453584.5651041667
DC-PPO strict 1+5 (stitched 100M),50-100M,66972800,2616.125,453339.546875,453639.7005208333
DC-PPO strict 1+5 (stitched 100M),50-100M,67024000,2618.125,453339.734375,452255.8645833333
DC-PPO strict 1+5 (stitched 100M),50-100M,67075200,2620.125,450088.3125,451537.03125
DC-PPO strict 1+5 (stitched 100M),50-100M,67126400,2622.125,451183.046875,450807.84375
DC-PPO strict 1+5 (stitched 100M),50-100M,67177600,2624.125,451152.171875,451367.6171875
DC-PPO strict 1+5 (stitched 100M),50-100M,67228800,2626.125,451767.6328125,451699.8359375
DC-PPO strict 1+5 (stitched 100M),50-100M,67280000,2628.125,452179.703125,451967.40625
DC-PPO strict 1+5 (stitched 100M),50-100M,67331200,2630.125,451954.8828125,452596.5833333333
DC-PPO strict 1+5 (stitched 100M),50-100M,67382400,2632.125,453655.1640625,453444.7421875
DC-PPO strict 1+5 (stitched 100M),50-100M,67433600,2634.125,454724.1796875,454577.8515625
DC-PPO strict 1+5 (stitched 100M),50-100M,67484800,2636.125,455354.2109375,454811.7291666667
DC-PPO strict 1+5 (stitched 100M),50-100M,67536000,2638.125,454356.796875,454635.3203125
DC-PPO strict 1+5 (stitched 100M),50-100M,67587200,2640.125,454194.953125,454510.296875
DC-PPO strict 1+5 (stitched 100M),50-100M,67638400,2642.125,454979.140625,454286.9739583333
DC-PPO strict 1+5 (stitched 100M),50-100M,67689600,2644.125,453686.828125,454014.5442708333
DC-PPO strict 1+5 (stitched 100M),50-100M,67740800,2646.125,453377.6640625,453460.1276041667
DC-PPO strict 1+5 (stitched 100M),50-100M,67792000,2648.125,453315.890625,453357.6692708333
DC-PPO strict 1+5 (stitched 100M),50-100M,67843200,2650.125,453379.453125,453317.2916666667
DC-PPO strict 1+5 (stitched 100M),50-100M,67894400,2652.125,453256.53125,454028.3203125
DC-PPO strict 1+5 (stitched 100M),50-100M,67945600,2654.125,455448.9765625,453984.5520833333
DC-PPO strict 1+5 (stitched 100M),50-100M,67996800,2656.125,453248.1484375,454679.9661458333
DC-PPO strict 1+5 (stitched 100M),50-100M,68048000,2658.125,455342.7734375,454558.0859375
DC-PPO strict 1+5 (stitched 100M),50-100M,68099200,2660.125,455083.3359375,455693.0885416667
DC-PPO strict 1+5 (stitched 100M),50-100M,68150400,2662.125,456653.15625,455935.2630208333
DC-PPO strict 1+5 (stitched 100M),50-100M,68201600,2664.125,456069.296875,456656.7994791667
DC-PPO strict 1+5 (stitched 100M),50-100M,68252800,2666.125,457247.9453125,457607.8255208333
DC-PPO strict 1+5 (stitched 100M),50-100M,68304000,2668.125,459506.234375,458032.9192708333
DC-PPO strict 1+5 (stitched 100M),50-100M,68355200,2670.125,457344.578125,457947.4114583333
DC-PPO strict 1+5 (stitched 100M),50-100M,68406400,2672.125,456991.421875,458212.0078125
DC-PPO strict 1+5 (stitched 100M),50-100M,68457600,2674.125,460300.0234375,458920.2213541667
DC-PPO strict 1+5 (stitched 100M),50-100M,68508800,2676.125,459469.21875,459124.8880208333
DC-PPO strict 1+5 (stitched 100M),50-100M,68560000,2678.125,457605.421875,458513.9036458333
DC-PPO strict 1+5 (stitched 100M),50-100M,68611200,2680.125,458467.0703125,457744.7552083333
DC-PPO strict 1+5 (stitched 100M),50-100M,68662400,2682.125,457161.7734375,456322.4869791667
DC-PPO strict 1+5 (stitched 100M),50-100M,68713600,2684.125,453338.6171875,454788.6041666667
DC-PPO strict 1+5 (stitched 100M),50-100M,68764800,2686.125,453865.421875,453538.8359375
DC-PPO strict 1+5 (stitched 100M),50-100M,68816000,2688.125,453412.46875,453632.7317708333
DC-PPO strict 1+5 (stitched 100M),50-100M,68867200,2690.125,453620.3046875,453149.0598958333
DC-PPO strict 1+5 (stitched 100M),50-100M,68918400,2692.125,452414.40625,451944.3828125
DC-PPO strict 1+5 (stitched 100M),50-100M,68969600,2694.125,449798.4375,451453.2604166667
DC-PPO strict 1+5 (stitched 100M),50-100M,69020800,2696.125,452146.9375,451620.6640625
DC-PPO strict 1+5 (stitched 100M),50-100M,69072000,2698.125,452916.6171875,452595.0052083333
DC-PPO strict 1+5 (stitched 100M),50-100M,69123200,2700.125,452721.4609375,453393.3229166667
DC-PPO strict 1+5 (stitched 100M),50-100M,69174400,2702.125,454541.890625,453566.2916666667
DC-PPO strict 1+5 (stitched 100M),50-100M,69225600,2704.125,453435.5234375,453745.3776041667
DC-PPO strict 1+5 (stitched 100M),50-100M,69276800,2706.125,453258.71875,453709.7708333333
DC-PPO strict 1+5 (stitched 100M),50-100M,69328000,2708.125,454435.0703125,455008.9479166667
DC-PPO strict 1+5 (stitched 100M),50-100M,69379200,2710.125,457333.0546875,456357.375
DC-PPO strict 1+5 (stitched 100M),50-100M,69430400,2712.125,457304.0,456309.4114583333
DC-PPO strict 1+5 (stitched 100M),50-100M,69481600,2714.125,454291.1796875,454914.4244791667
DC-PPO strict 1+5 (stitched 100M),50-100M,69532800,2716.125,453148.09375,453592.4635416667
DC-PPO strict 1+5 (stitched 100M),50-100M,69584000,2718.125,453338.1171875,453724.1510416667
DC-PPO strict 1+5 (stitched 100M),50-100M,69635200,2720.125,454686.2421875,453714.7682291667
DC-PPO strict 1+5 (stitched 100M),50-100M,69686400,2722.125,453119.9453125,454926.1458333333
DC-PPO strict 1+5 (stitched 100M),50-100M,69737600,2724.125,456972.25,455618.0286458333
DC-PPO strict 1+5 (stitched 100M),50-100M,69788800,2726.125,456761.890625,456741.7890625
DC-PPO strict 1+5 (stitched 100M),50-100M,69840000,2728.125,456491.2265625,456977.46875
DC-PPO strict 1+5 (stitched 100M),50-100M,69891200,2730.125,457679.2890625,457007.2682291667
DC-PPO strict 1+5 (stitched 100M),50-100M,69942400,2732.125,456851.2890625,457138.8046875
DC-PPO strict 1+5 (stitched 100M),50-100M,69993600,2734.125,456885.8359375,456521.734375
DC-PPO strict 1+5 (stitched 100M),50-100M,70044800,2736.125,455828.078125,456383.96875
DC-PPO strict 1+5 (stitched 100M),50-100M,70096000,2738.125,456437.9921875,456854.9583333333
DC-PPO strict 1+5 (stitched 100M),50-100M,70147200,2740.125,458298.8046875,456684.9088541667
DC-PPO strict 1+5 (stitched 100M),50-100M,70198400,2742.125,455317.9296875,456060.0234375
DC-PPO strict 1+5 (stitched 100M),50-100M,70249600,2744.125,454563.3359375,455252.8333333333
DC-PPO strict 1+5 (stitched 100M),50-100M,70300800,2746.125,455877.234375,455301.4114583333
DC-PPO strict 1+5 (stitched 100M),50-100M,70352000,2748.125,455463.6640625,455431.5
DC-PPO strict 1+5 (stitched 100M),50-100M,70403200,2750.125,454953.6015625,454949.09375
DC-PPO strict 1+5 (stitched 100M),50-100M,70454400,2752.125,454430.015625,455078.2578125
DC-PPO strict 1+5 (stitched 100M),50-100M,70505600,2754.125,455851.15625,455837.875
DC-PPO strict 1+5 (stitched 100M),50-100M,70556800,2756.125,457232.453125,458045.9166666667
DC-PPO strict 1+5 (stitched 100M),50-100M,70608000,2758.125,461054.140625,459840.5286458333
DC-PPO strict 1+5 (stitched 100M),50-100M,70659200,2760.125,461234.9921875,461742.7109375
DC-PPO strict 1+5 (stitched 100M),50-100M,70710400,2762.125,462939.0,461540.1380208333
DC-PPO strict 1+5 (stitched 100M),50-100M,70761600,2764.125,460446.421875,461697.6744791667
DC-PPO strict 1+5 (stitched 100M),50-100M,70812800,2766.125,461707.6015625,460645.3828125
DC-PPO strict 1+5 (stitched 100M),50-100M,70864000,2768.125,459782.125,460389.953125
DC-PPO strict 1+5 (stitched 100M),50-100M,70915200,2770.125,459680.1328125,459839.2942708333
DC-PPO strict 1+5 (stitched 100M),50-100M,70966400,2772.125,460055.625,459746.8776041667
DC-PPO strict 1+5 (stitched 100M),50-100M,71017600,2774.125,459504.875,459605.2864583333
DC-PPO strict 1+5 (stitched 100M),50-100M,71068800,2776.125,459255.359375,458673.4140625
DC-PPO strict 1+5 (stitched 100M),50-100M,71120000,2778.125,457260.0078125,457251.109375
DC-PPO strict 1+5 (stitched 100M),50-100M,71171200,2780.125,455237.9609375,455903.0729166667
DC-PPO strict 1+5 (stitched 100M),50-100M,71222400,2782.125,455211.25,455521.4348958333
DC-PPO strict 1+5 (stitched 100M),50-100M,71273600,2784.125,456115.09375,455932.9114583333
DC-PPO strict 1+5 (stitched 100M),50-100M,71324800,2786.125,456472.390625,455706.1640625
DC-PPO strict 1+5 (stitched 100M),50-100M,71376000,2788.125,454531.0078125,455385.4635416667
DC-PPO strict 1+5 (stitched 100M),50-100M,71427200,2790.125,455152.9921875,454541.2473958333
DC-PPO strict 1+5 (stitched 100M),50-100M,71478400,2792.125,453939.7421875,454845.4479166667
DC-PPO strict 1+5 (stitched 100M),50-100M,71529600,2794.125,455443.609375,455333.6588541667
DC-PPO strict 1+5 (stitched 100M),50-100M,71580800,2796.125,456617.625,455910.8020833333
DC-PPO strict 1+5 (stitched 100M),50-100M,71632000,2798.125,455671.171875,456405.2994791667
DC-PPO strict 1+5 (stitched 100M),50-100M,71683200,2800.125,456927.1015625,456169.6276041667
DC-PPO strict 1+5 (stitched 100M),50-100M,71734400,2802.125,455910.609375,456579.03125
DC-PPO strict 1+5 (stitched 100M),50-100M,71785600,2804.125,456899.3828125,455583.078125
DC-PPO strict 1+5 (stitched 100M),50-100M,71836800,2806.125,453939.2421875,455608.8125
DC-PPO strict 1+5 (stitched 100M),50-100M,71888000,2808.125,455987.8125,455288.7916666667
DC-PPO strict 1+5 (stitched 100M),50-100M,71939200,2810.125,455939.3203125,455519.4479166667
DC-PPO strict 1+5 (stitched 100M),50-100M,71990400,2812.125,454631.2109375,455879.2526041667
DC-PPO strict 1+5 (stitched 100M),50-100M,72041600,2814.125,457067.2265625,455535.140625
DC-PPO strict 1+5 (stitched 100M),50-100M,72092800,2816.125,454906.984375,456539.3671875
DC-PPO strict 1+5 (stitched 100M),50-100M,72144000,2818.125,457643.890625,455408.7291666667
DC-PPO strict 1+5 (stitched 100M),50-100M,72195200,2820.125,453675.3125,455741.2109375
DC-PPO strict 1+5 (stitched 100M),50-100M,72246400,2822.125,455904.4296875,454699.6197916667
DC-PPO strict 1+5 (stitched 100M),50-100M,72297600,2824.125,454519.1171875,455677.8072916667
DC-PPO strict 1+5 (stitched 100M),50-100M,72348800,2826.125,456609.875,455769.8203125
DC-PPO strict 1+5 (stitched 100M),50-100M,72400000,2828.125,456180.46875,456815.4505208333
DC-PPO strict 1+5 (stitched 100M),50-100M,72451200,2830.125,457656.0078125,456605.46875
DC-PPO strict 1+5 (stitched 100M),50-100M,72502400,2832.125,455979.9296875,456743.3203125
DC-PPO strict 1+5 (stitched 100M),50-100M,72553600,2834.125,456594.0234375,455995.8359375
DC-PPO strict 1+5 (stitched 100M),50-100M,72604800,2836.125,455413.5546875,456054.4609375
DC-PPO strict 1+5 (stitched 100M),50-100M,72656000,2838.125,456155.8046875,455740.296875
DC-PPO strict 1+5 (stitched 100M),50-100M,72707200,2840.125,455651.53125,456186.0234375
DC-PPO strict 1+5 (stitched 100M),50-100M,72758400,2842.125,456750.734375,456200.0833333333
DC-PPO strict 1+5 (stitched 100M),50-100M,72809600,2844.125,456197.984375,455313.6328125
DC-PPO strict 1+5 (stitched 100M),50-100M,72860800,2846.125,452992.1796875,452956.3098958333
DC-PPO strict 1+5 (stitched 100M),50-100M,72912000,2848.125,449678.765625,451788.1536458333
DC-PPO strict 1+5 (stitched 100M),50-100M,72963200,2850.125,452693.515625,450959.7135416667
DC-PPO strict 1+5 (stitched 100M),50-100M,73014400,2852.125,450506.859375,452202.8854166667
DC-PPO strict 1+5 (stitched 100M),50-100M,73065600,2854.125,453408.28125,451312.6432291667
DC-PPO strict 1+5 (stitched 100M),50-100M,73116800,2856.125,450022.7890625,450912.1640625
DC-PPO strict 1+5 (stitched 100M),50-100M,73168000,2858.125,449305.421875,450510.8411458333
DC-PPO strict 1+5 (stitched 100M),50-100M,73219200,2860.125,452204.3125,450941.2604166667
DC-PPO strict 1+5 (stitched 100M),50-100M,73270400,2862.125,451314.046875,451751.4739583333
DC-PPO strict 1+5 (stitched 100M),50-100M,73321600,2864.125,451736.0625,450533.40625
DC-PPO strict 1+5 (stitched 100M),50-100M,73372800,2866.125,448550.109375,449366.2864583333
DC-PPO strict 1+5 (stitched 100M),50-100M,73424000,2868.125,447812.6875,447933.8255208333
DC-PPO strict 1+5 (stitched 100M),50-100M,73475200,2870.125,447438.6796875,448167.5546875
DC-PPO strict 1+5 (stitched 100M),50-100M,73526400,2872.125,449251.296875,448816.0651041667
DC-PPO strict 1+5 (stitched 100M),50-100M,73577600,2874.125,449758.21875,449766.0026041667
DC-PPO strict 1+5 (stitched 100M),50-100M,73628800,2876.125,450288.4921875,451355.7369791667
DC-PPO strict 1+5 (stitched 100M),50-100M,73680000,2878.125,454020.5,452787.2421875
DC-PPO strict 1+5 (stitched 100M),50-100M,73731200,2880.125,454052.734375,453745.4453125
DC-PPO strict 1+5 (stitched 100M),50-100M,73782400,2882.125,453163.1015625,454149.3723958333
DC-PPO strict 1+5 (stitched 100M),50-100M,73833600,2884.125,455232.28125,454717.984375
DC-PPO strict 1+5 (stitched 100M),50-100M,73884800,2886.125,455758.5703125,456029.9036458333
DC-PPO strict 1+5 (stitched 100M),50-100M,73936000,2888.125,457098.859375,457144.140625
DC-PPO strict 1+5 (stitched 100M),50-100M,73987200,2890.125,458574.9921875,458011.2994791667
DC-PPO strict 1+5 (stitched 100M),50-100M,74038400,2892.125,458360.046875,459012.9166666667
DC-PPO strict 1+5 (stitched 100M),50-100M,74089600,2894.125,460103.7109375,458937.953125
DC-PPO strict 1+5 (stitched 100M),50-100M,74140800,2896.125,458350.1015625,458728.1744791667
DC-PPO strict 1+5 (stitched 100M),50-100M,74192000,2898.125,457730.7109375,457784.7109375
DC-PPO strict 1+5 (stitched 100M),50-100M,74243200,2900.125,457273.3203125,457552.4973958333
DC-PPO strict 1+5 (stitched 100M),50-100M,74294400,2902.125,457653.4609375,457269.7291666667
DC-PPO strict 1+5 (stitched 100M),50-100M,74345600,2904.125,456882.40625,457335.2864583333
DC-PPO strict 1+5 (stitched 100M),50-100M,74396800,2906.125,457469.9921875,456875.96875
DC-PPO strict 1+5 (stitched 100M),50-100M,74448000,2908.125,456275.5078125,456782.2109375
DC-PPO strict 1+5 (stitched 100M),50-100M,74499200,2910.125,456601.1328125,455766.3776041667
DC-PPO strict 1+5 (stitched 100M),50-100M,74550400,2912.125,454422.4921875,455135.1484375
DC-PPO strict 1+5 (stitched 100M),50-100M,74601600,2914.125,454381.8203125,453855.578125
DC-PPO strict 1+5 (stitched 100M),50-100M,74652800,2916.125,452762.421875,453629.4348958333
DC-PPO strict 1+5 (stitched 100M),50-100M,74704000,2918.125,453744.0625,453455.0651041667
DC-PPO strict 1+5 (stitched 100M),50-100M,74755200,2920.125,453858.7109375,454678.0208333333
DC-PPO strict 1+5 (stitched 100M),50-100M,74806400,2922.125,456431.2890625,455111.9739583333
DC-PPO strict 1+5 (stitched 100M),50-100M,74857600,2924.125,455045.921875,455689.8359375
DC-PPO strict 1+5 (stitched 100M),50-100M,74908800,2926.125,455592.296875,456006.2708333333
DC-PPO strict 1+5 (stitched 100M),50-100M,74960000,2928.125,457380.59375,456309.9375
DC-PPO strict 1+5 (stitched 100M),50-100M,75011200,2930.125,455956.921875,456377.09375
DC-PPO strict 1+5 (stitched 100M),50-100M,75062400,2932.125,455793.765625,456178.1484375
DC-PPO strict 1+5 (stitched 100M),50-100M,75113600,2934.125,456783.7578125,455678.6354166667
DC-PPO strict 1+5 (stitched 100M),50-100M,75164800,2936.125,454458.3828125,454475.265625
DC-PPO strict 1+5 (stitched 100M),50-100M,75216000,2938.125,452183.65625,452989.8255208333
DC-PPO strict 1+5 (stitched 100M),50-100M,75267200,2940.125,452327.4375,451870.5208333333
DC-PPO strict 1+5 (stitched 100M),50-100M,75318400,2942.125,451100.46875,452423.5807291667
DC-PPO strict 1+5 (stitched 100M),50-100M,75369600,2944.125,453842.8359375,453038.6171875
DC-PPO strict 1+5 (stitched 100M),50-100M,75420800,2946.125,454172.546875,455265.546875
DC-PPO strict 1+5 (stitched 100M),50-100M,75472000,2948.125,457781.2578125,455466.9505208333
DC-PPO strict 1+5 (stitched 100M),50-100M,75523200,2950.125,454447.046875,455626.375
DC-PPO strict 1+5 (stitched 100M),50-100M,75574400,2952.125,454650.8203125,454920.921875
DC-PPO strict 1+5 (stitched 100M),50-100M,75625600,2954.125,455664.8984375,455834.9010416667
DC-PPO strict 1+5 (stitched 100M),50-100M,75676800,2956.125,457188.984375,455387.2526041667
DC-PPO strict 1+5 (stitched 100M),50-100M,75728000,2958.125,453307.875,454866.4244791667
DC-PPO strict 1+5 (stitched 100M),50-100M,75779200,2960.125,454102.4140625,453818.328125
DC-PPO strict 1+5 (stitched 100M),50-100M,75830400,2962.125,454044.6953125,453508.2239583333
DC-PPO strict 1+5 (stitched 100M),50-100M,75881600,2964.125,452377.5625,453051.8046875
DC-PPO strict 1+5 (stitched 100M),50-100M,75932800,2966.125,452733.15625,452861.3723958333
DC-PPO strict 1+5 (stitched 100M),50-100M,75984000,2968.125,453473.3984375,453774.6744791667
DC-PPO strict 1+5 (stitched 100M),50-100M,76035200,2970.125,455117.46875,453929.4140625
DC-PPO strict 1+5 (stitched 100M),50-100M,76086400,2972.125,453197.375,453907.3984375
DC-PPO strict 1+5 (stitched 100M),50-100M,76137600,2974.125,453407.3515625,454029.7838541667
DC-PPO strict 1+5 (stitched 100M),50-100M,76188800,2976.125,455484.625,455266.3151041667
DC-PPO strict 1+5 (stitched 100M),50-100M,76240000,2978.125,456906.96875,455744.6588541667
DC-PPO strict 1+5 (stitched 100M),50-100M,76291200,2980.125,454842.3828125,456143.7734375
DC-PPO strict 1+5 (stitched 100M),50-100M,76342400,2982.125,456681.96875,455946.2916666667
DC-PPO strict 1+5 (stitched 100M),50-100M,76393600,2984.125,456314.5234375,456369.3411458333
DC-PPO strict 1+5 (stitched 100M),50-100M,76444800,2986.125,456111.53125,456484.5677083333
DC-PPO strict 1+5 (stitched 100M),50-100M,76496000,2988.125,457027.6484375,456687.3229166667
DC-PPO strict 1+5 (stitched 100M),50-100M,76547200,2990.125,456922.7890625,457163.6692708333
DC-PPO strict 1+5 (stitched 100M),50-100M,76598400,2992.125,457540.5703125,457764.0338541667
DC-PPO strict 1+5 (stitched 100M),50-100M,76649600,2994.125,458828.7421875,458083.140625
DC-PPO strict 1+5 (stitched 100M),50-100M,76700800,2996.125,457880.109375,457931.140625
DC-PPO strict 1+5 (stitched 100M),50-100M,76752000,2998.125,457084.5703125,457722.8333333333
DC-PPO strict 1+5 (stitched 100M),50-100M,76803200,3000.125,458203.8203125,457002.75
DC-PPO strict 1+5 (stitched 100M),50-100M,76854400,3002.125,455719.859375,456819.8307291667
DC-PPO strict 1+5 (stitched 100M),50-100M,76905600,3004.125,456535.8125,455376.9895833333
DC-PPO strict 1+5 (stitched 100M),50-100M,76956800,3006.125,453875.296875,456057.9427083333
DC-PPO strict 1+5 (stitched 100M),50-100M,77008000,3008.125,457762.71875,456052.15625
DC-PPO strict 1+5 (stitched 100M),50-100M,77059200,3010.125,456518.453125,456404.390625
DC-PPO strict 1+5 (stitched 100M),50-100M,77110400,3012.125,454932.0,455706.0026041667
DC-PPO strict 1+5 (stitched 100M),50-100M,77161600,3014.125,455667.5546875,454874.7630208333
DC-PPO strict 1+5 (stitched 100M),50-100M,77212800,3016.125,454024.734375,454659.0494791667
DC-PPO strict 1+5 (stitched 100M),50-100M,77264000,3018.125,454284.859375,455065.171875
DC-PPO strict 1+5 (stitched 100M),50-100M,77315200,3020.125,456885.921875,456066.71875
DC-PPO strict 1+5 (stitched 100M),50-100M,77366400,3022.125,457029.375,456371.2630208333
DC-PPO strict 1+5 (stitched 100M),50-100M,77417600,3024.125,455198.4921875,455796.5364583333
DC-PPO strict 1+5 (stitched 100M),50-100M,77468800,3026.125,455161.7421875,455290.6640625
DC-PPO strict 1+5 (stitched 100M),50-100M,77520000,3028.125,455511.7578125,456008.9140625
DC-PPO strict 1+5 (stitched 100M),50-100M,77571200,3030.125,457353.2421875,456073.0833333333
DC-PPO strict 1+5 (stitched 100M),50-100M,77622400,3032.125,455354.25,455974.1302083333
DC-PPO strict 1+5 (stitched 100M),50-100M,77673600,3034.125,455214.8984375,455342.2083333333
DC-PPO strict 1+5 (stitched 100M),50-100M,77724800,3036.125,455457.4765625,455024.1927083333
DC-PPO strict 1+5 (stitched 100M),50-100M,77776000,3038.125,454400.203125,455032.8776041667
DC-PPO strict 1+5 (stitched 100M),50-100M,77827200,3040.125,455240.953125,454614.3958333333
DC-PPO strict 1+5 (stitched 100M),50-100M,77878400,3042.125,454202.03125,454115.1380208333
DC-PPO strict 1+5 (stitched 100M),50-100M,77929600,3044.125,452902.4296875,452778.0208333333
DC-PPO strict 1+5 (stitched 100M),50-100M,77980800,3046.125,451229.6015625,451953.9817708333
DC-PPO strict 1+5 (stitched 100M),50-100M,78032000,3048.125,451729.9140625,451373.640625
DC-PPO strict 1+5 (stitched 100M),50-100M,78083200,3050.125,451161.40625,451222.0755208333
DC-PPO strict 1+5 (stitched 100M),50-100M,78134400,3052.125,450774.90625,450789.8125
DC-PPO strict 1+5 (stitched 100M),50-100M,78185600,3054.125,450433.125,450840.0729166667
DC-PPO strict 1+5 (stitched 100M),50-100M,78236800,3056.125,451312.1875,451293.9895833333
DC-PPO strict 1+5 (stitched 100M),50-100M,78288000,3058.125,452136.65625,451785.40625
DC-PPO strict 1+5 (stitched 100M),50-100M,78339200,3060.125,451907.375,451254.3385416667
DC-PPO strict 1+5 (stitched 100M),50-100M,78390400,3062.125,449718.984375,451505.7890625
DC-PPO strict 1+5 (stitched 100M),50-100M,78441600,3064.125,452891.0078125,451837.7526041667
DC-PPO strict 1+5 (stitched 100M),50-100M,78492800,3066.125,452903.265625,452948.5703125
DC-PPO strict 1+5 (stitched 100M),50-100M,78544000,3068.125,453051.4375,453770.9114583333
DC-PPO strict 1+5 (stitched 100M),50-100M,78595200,3070.125,455358.03125,453984.9114583333
DC-PPO strict 1+5 (stitched 100M),50-100M,78646400,3072.125,453545.265625,454360.4895833333
DC-PPO strict 1+5 (stitched 100M),50-100M,78697600,3074.125,454178.171875,453629.5520833333
DC-PPO strict 1+5 (stitched 100M),50-100M,78748800,3076.125,453165.21875,453992.5494791667
DC-PPO strict 1+5 (stitched 100M),50-100M,78800000,3078.125,454634.2578125,453489.1614583333
DC-PPO strict 1+5 (stitched 100M),50-100M,78851200,3080.125,452668.0078125,452843.5130208333
DC-PPO strict 1+5 (stitched 100M),50-100M,78902400,3082.125,451228.2734375,452315.3203125
DC-PPO strict 1+5 (stitched 100M),50-100M,78953600,3084.125,453049.6796875,452640.4661458333
DC-PPO strict 1+5 (stitched 100M),50-100M,79004800,3086.125,453643.4453125,452702.1770833333
DC-PPO strict 1+5 (stitched 100M),50-100M,79056000,3088.125,451413.40625,452373.4270833333
DC-PPO strict 1+5 (stitched 100M),50-100M,79107200,3090.125,452063.4296875,451636.4088541667
DC-PPO strict 1+5 (stitched 100M),50-100M,79158400,3092.125,451432.390625,450898.4114583333
DC-PPO strict 1+5 (stitched 100M),50-100M,79209600,3094.125,449199.4140625,450160.2109375
DC-PPO strict 1+5 (stitched 100M),50-100M,79260800,3096.125,449848.828125,450476.1666666667
DC-PPO strict 1+5 (stitched 100M),50-100M,79312000,3098.125,452380.2578125,450772.6692708333
DC-PPO strict 1+5 (stitched 100M),50-100M,79363200,3100.125,450088.921875,451808.7786458333
DC-PPO strict 1+5 (stitched 100M),50-100M,79414400,3102.125,452957.15625,451948.8463541667
DC-PPO strict 1+5 (stitched 100M),50-100M,79465600,3104.125,452800.4609375,453611.5416666667
DC-PPO strict 1+5 (stitched 100M),50-100M,79516800,3106.125,455077.0078125,454084.3541666667
DC-PPO strict 1+5 (stitched 100M),50-100M,79568000,3108.125,454375.59375,454703.4140625
DC-PPO strict 1+5 (stitched 100M),50-100M,79619200,3110.125,454657.640625,454019.1432291667
DC-PPO strict 1+5 (stitched 100M),50-100M,79670400,3112.125,453024.1953125,454656.71875
DC-PPO strict 1+5 (stitched 100M),50-100M,79721600,3114.125,456288.3203125,455308.1380208333
DC-PPO strict 1+5 (stitched 100M),50-100M,79772800,3116.125,456611.8984375,456252.1145833333
DC-PPO strict 1+5 (stitched 100M),50-100M,79824000,3118.125,455856.125,456575.0182291667
DC-PPO strict 1+5 (stitched 100M),50-100M,79875200,3120.125,457257.03125,456640.3333333333
DC-PPO strict 1+5 (stitched 100M),50-100M,79926400,3122.125,456807.84375,457441.2317708333
DC-PPO strict 1+5 (stitched 100M),50-100M,79977600,3124.125,458258.8203125,457257.3828125
DC-PPO strict 1+5 (stitched 100M),50-100M,80028800,3126.125,456705.484375,456465.9609375
DC-PPO strict 1+5 (stitched 100M),50-100M,80080000,3128.125,454433.578125,455876.2552083333
DC-PPO strict 1+5 (stitched 100M),50-100M,80131200,3130.125,456489.703125,456904.3880208333
DC-PPO strict 1+5 (stitched 100M),50-100M,80182400,3132.125,459789.8828125,458820.0833333333
DC-PPO strict 1+5 (stitched 100M),50-100M,80233600,3134.125,460180.6640625,460043.2630208333
DC-PPO strict 1+5 (stitched 100M),50-100M,80284800,3136.125,460159.2421875,459544.1875
DC-PPO strict 1+5 (stitched 100M),50-100M,80336000,3138.125,458292.65625,459263.203125
DC-PPO strict 1+5 (stitched 100M),50-100M,80387200,3140.125,459337.7109375,458892.2447916667
DC-PPO strict 1+5 (stitched 100M),50-100M,80438400,3142.125,459046.3671875,459689.1692708333
DC-PPO strict 1+5 (stitched 100M),50-100M,80489600,3144.125,460683.4296875,460417.9296875
DC-PPO strict 1+5 (stitched 100M),50-100M,80540800,3146.125,461523.9921875,462284.3125
DC-PPO strict 1+5 (stitched 100M),50-100M,80592000,3148.125,464645.515625,462985.2552083333
DC-PPO strict 1+5 (stitched 100M),50-100M,80643200,3150.125,462786.2578125,463850.5234375
DC-PPO strict 1+5 (stitched 100M),50-100M,80694400,3152.125,464119.796875,463844.3072916667
DC-PPO strict 1+5 (stitched 100M),50-100M,80745600,3154.125,464626.8671875,464453.7317708333
DC-PPO strict 1+5 (stitched 100M),50-100M,80796800,3156.125,464614.53125,464167.296875
DC-PPO strict 1+5 (stitched 100M),50-100M,80848000,3158.125,463260.4921875,463368.7942708333
DC-PPO strict 1+5 (stitched 100M),50-100M,80899200,3160.125,462231.359375,462561.6692708333
DC-PPO strict 1+5 (stitched 100M),50-100M,80950400,3162.125,462193.15625,463270.0755208333
DC-PPO strict 1+5 (stitched 100M),50-100M,81001600,3164.125,465385.7109375,463786.2447916667
DC-PPO strict 1+5 (stitched 100M),50-100M,81052800,3166.125,463779.8671875,464692.0208333333
DC-PPO strict 1+5 (stitched 100M),50-100M,81104000,3168.125,464910.484375,464740.890625
DC-PPO strict 1+5 (stitched 100M),50-100M,81155200,3170.125,465532.3203125,464383.5546875
DC-PPO strict 1+5 (stitched 100M),50-100M,81206400,3172.125,462707.859375,463880.7265625
DC-PPO strict 1+5 (stitched 100M),50-100M,81257600,3174.125,463402.0,462521.109375
DC-PPO strict 1+5 (stitched 100M),50-100M,81308800,3176.125,461453.46875,462076.9609375
DC-PPO strict 1+5 (stitched 100M),50-100M,81360000,3178.125,461375.4140625,461468.109375
DC-PPO strict 1+5 (stitched 100M),50-100M,81411200,3180.125,461575.4453125,461652.84375
DC-PPO strict 1+5 (stitched 100M),50-100M,81462400,3182.125,462007.671875,461787.6744791667
DC-PPO strict 1+5 (stitched 100M),50-100M,81513600,3184.125,461779.90625,462633.6354166667
DC-PPO strict 1+5 (stitched 100M),50-100M,81564800,3186.125,464113.328125,462903.1223958333
DC-PPO strict 1+5 (stitched 100M),50-100M,81616000,3188.125,462816.1328125,463984.2682291667
DC-PPO strict 1+5 (stitched 100M),50-100M,81667200,3190.125,465023.34375,464298.2682291667
DC-PPO strict 1+5 (stitched 100M),50-100M,81718400,3192.125,465055.328125,465874.2578125
DC-PPO strict 1+5 (stitched 100M),50-100M,81769600,3194.125,467544.1015625,466909.7864583333
DC-PPO strict 1+5 (stitched 100M),50-100M,81820800,3196.125,468129.9296875,467544.1328125
DC-PPO strict 1+5 (stitched 100M),50-100M,81872000,3198.125,466958.3671875,468117.890625
DC-PPO strict 1+5 (stitched 100M),50-100M,81923200,3200.125,469265.375,468171.65625
DC-PPO strict 1+5 (stitched 100M),50-100M,81974400,3202.125,468291.2265625,468174.6015625
DC-PPO strict 1+5 (stitched 100M),50-100M,82025600,3204.125,466967.203125,466496.2838541667
DC-PPO strict 1+5 (stitched 100M),50-100M,82076800,3206.125,464230.421875,465113.3229166667
DC-PPO strict 1+5 (stitched 100M),50-100M,82128000,3208.125,464142.34375,463734.203125
DC-PPO strict 1+5 (stitched 100M),50-100M,82179200,3210.125,462829.84375,463059.875
DC-PPO strict 1+5 (stitched 100M),50-100M,82230400,3212.125,462207.4375,462234.9557291667
DC-PPO strict 1+5 (stitched 100M),50-100M,82281600,3214.125,461667.5859375,462370.0989583333
DC-PPO strict 1+5 (stitched 100M),50-100M,82332800,3216.125,463235.2734375,462398.8932291667
DC-PPO strict 1+5 (stitched 100M),50-100M,82384000,3218.125,462293.8203125,462668.3489583333
DC-PPO strict 1+5 (stitched 100M),50-100M,82435200,3220.125,462475.953125,462221.4921875
DC-PPO strict 1+5 (stitched 100M),50-100M,82486400,3222.125,461894.703125,461905.171875
DC-PPO strict 1+5 (stitched 100M),50-100M,82537600,3224.125,461344.859375,462062.1875
DC-PPO strict 1+5 (stitched 100M),50-100M,82588800,3226.125,462947.0,461554.1536458333
DC-PPO strict 1+5 (stitched 100M),50-100M,82640000,3228.125,460370.6015625,462088.2135416667
DC-PPO strict 1+5 (stitched 100M),50-100M,82691200,3230.125,462947.0390625,462062.125
DC-PPO strict 1+5 (stitched 100M),50-100M,82742400,3232.125,462868.734375,462419.25
DC-PPO strict 1+5 (stitched 100M),50-100M,82793600,3234.125,461441.9765625,462762.4609375
DC-PPO strict 1+5 (stitched 100M),50-100M,82844800,3236.125,463976.671875,461908.4765625
DC-PPO strict 1+5 (stitched 100M),50-100M,82896000,3238.125,460306.78125,462076.6927083333
DC-PPO strict 1+5 (stitched 100M),50-100M,82947200,3240.125,461946.625,460943.5494791667
DC-PPO strict 1+5 (stitched 100M),50-100M,82998400,3242.125,460577.2421875,461099.8333333333
DC-PPO strict 1+5 (stitched 100M),50-100M,83049600,3244.125,460775.6328125,460458.8333333333
DC-PPO strict 1+5 (stitched 100M),50-100M,83100800,3246.125,460023.625,459987.8098958333
DC-PPO strict 1+5 (stitched 100M),50-100M,83152000,3248.125,459164.171875,459862.1302083333
DC-PPO strict 1+5 (stitched 100M),50-100M,83203200,3250.125,460398.59375,460139.0338541667
DC-PPO strict 1+5 (stitched 100M),50-100M,83254400,3252.125,460854.3359375,460831.1692708333
DC-PPO strict 1+5 (stitched 100M),50-100M,83305600,3254.125,461240.578125,461694.9947916667
DC-PPO strict 1+5 (stitched 100M),50-100M,83356800,3256.125,462990.0703125,461779.9036458333
DC-PPO strict 1+5 (stitched 100M),50-100M,83408000,3258.125,461109.0625,461867.8046875
DC-PPO strict 1+5 (stitched 100M),50-100M,83459200,3260.125,461504.28125,461184.5182291667
DC-PPO strict 1+5 (stitched 100M),50-100M,83510400,3262.125,460940.2109375,461409.9505208333
DC-PPO strict 1+5 (stitched 100M),50-100M,83561600,3264.125,461785.359375,461793.9609375
DC-PPO strict 1+5 (stitched 100M),50-100M,83612800,3266.125,462656.3125,462166.5364583333
DC-PPO strict 1+5 (stitched 100M),50-100M,83664000,3268.125,462057.9375,462600.0
DC-PPO strict 1+5 (stitched 100M),50-100M,83715200,3270.125,463085.75,462981.2057291667
DC-PPO strict 1+5 (stitched 100M),50-100M,83766400,3272.125,463799.9296875,463285.6822916667
DC-PPO strict 1+5 (stitched 100M),50-100M,83817600,3274.125,462971.3671875,463439.8984375
DC-PPO strict 1+5 (stitched 100M),50-100M,83868800,3276.125,463548.3984375,463320.4322916667
DC-PPO strict 1+5 (stitched 100M),50-100M,83920000,3278.125,463441.53125,464523.7864583333
DC-PPO strict 1+5 (stitched 100M),50-100M,83971200,3280.125,466581.4296875,465289.7473958333
DC-PPO strict 1+5 (stitched 100M),50-100M,84022400,3282.125,465846.28125,466058.3515625
DC-PPO strict 1+5 (stitched 100M),50-100M,84073600,3284.125,465747.34375,464716.4427083333
DC-PPO strict 1+5 (stitched 100M),50-100M,84124800,3286.125,462555.703125,463913.4270833333
DC-PPO strict 1+5 (stitched 100M),50-100M,84176000,3288.125,463437.234375,462262.71875
DC-PPO strict 1+5 (stitched 100M),50-100M,84227200,3290.125,460795.21875,463251.2890625
DC-PPO strict 1+5 (stitched 100M),50-100M,84278400,3292.125,465521.4140625,463255.3984375
DC-PPO strict 1+5 (stitched 100M),50-100M,84329600,3294.125,463449.5625,464127.0833333333
DC-PPO strict 1+5 (stitched 100M),50-100M,84380800,3296.125,463410.2734375,462442.4739583333
DC-PPO strict 1+5 (stitched 100M),50-100M,84432000,3298.125,460467.5859375,461602.5364583333
DC-PPO strict 1+5 (stitched 100M),50-100M,84483200,3300.125,460929.75,460051.0963541667
DC-PPO strict 1+5 (stitched 100M),50-100M,84534400,3302.125,458755.953125,459559.9401041667
DC-PPO strict 1+5 (stitched 100M),50-100M,84585600,3304.125,458994.1171875,458792.3411458333
DC-PPO strict 1+5 (stitched 100M),50-100M,84636800,3306.125,458626.953125,459332.1692708333
DC-PPO strict 1+5 (stitched 100M),50-100M,84688000,3308.125,460375.4375,460519.15625
DC-PPO strict 1+5 (stitched 100M),50-100M,84739200,3310.125,462555.078125,460998.1041666667
DC-PPO strict 1+5 (stitched 100M),50-100M,84790400,3312.125,460063.796875,461500.3671875
DC-PPO strict 1+5 (stitched 100M),50-100M,84841600,3314.125,461882.2265625,460700.5651041667
DC-PPO strict 1+5 (stitched 100M),50-100M,84892800,3316.125,460155.671875,461026.3489583333
DC-PPO strict 1+5 (stitched 100M),50-100M,84944000,3318.125,461041.1484375,459594.5755208333
DC-PPO strict 1+5 (stitched 100M),50-100M,84995200,3320.125,457586.90625,459090.1614583333
DC-PPO strict 1+5 (stitched 100M),50-100M,85046400,3322.125,458642.4296875,458486.3619791667
DC-PPO strict 1+5 (stitched 100M),50-100M,85097600,3324.125,459229.75,458662.5807291667
DC-PPO strict 1+5 (stitched 100M),50-100M,85148800,3326.125,458115.5625,457626.8776041667
DC-PPO strict 1+5 (stitched 100M),50-100M,85200000,3328.125,455535.3203125,456805.3671875
DC-PPO strict 1+5 (stitched 100M),50-100M,85251200,3330.125,456765.21875,455711.546875
DC-PPO strict 1+5 (stitched 100M),50-100M,85302400,3332.125,454834.1015625,455532.9947916667
DC-PPO strict 1+5 (stitched 100M),50-100M,85353600,3334.125,454999.6640625,454686.890625
DC-PPO strict 1+5 (stitched 100M),50-100M,85404800,3336.125,454226.90625,454678.203125
DC-PPO strict 1+5 (stitched 100M),50-100M,85456000,3338.125,454808.0390625,453919.8880208333
DC-PPO strict 1+5 (stitched 100M),50-100M,85507200,3340.125,452724.71875,453400.1901041667
DC-PPO strict 1+5 (stitched 100M),50-100M,85558400,3342.125,452667.8125,451337.4856770833
DC-PPO strict 1+5 (stitched 100M),50-100M,85609600,3344.125,448619.92578125,450987.80859375
DC-PPO strict 1+5 (stitched 100M),50-100M,85660800,3346.125,451675.6875,450795.32421875
DC-PPO strict 1+5 (stitched 100M),50-100M,85712000,3348.125,452090.359375,451679.5078125
DC-PPO strict 1+5 (stitched 100M),50-100M,85763200,3350.125,451272.4765625,452132.6770833333
DC-PPO strict 1+5 (stitched 100M),50-100M,85814400,3352.125,453035.1953125,452737.2760416667
DC-PPO strict 1+5 (stitched 100M),50-100M,85865600,3354.125,453904.15625,452894.9088541667
DC-PPO strict 1+5 (stitched 100M),50-100M,85916800,3356.125,451745.375,452559.7239583333
DC-PPO strict 1+5 (stitched 100M),50-100M,85968000,3358.125,452029.640625,453169.9895833333
DC-PPO strict 1+5 (stitched 100M),50-100M,86019200,3360.125,455734.953125,454007.4270833333
DC-PPO strict 1+5 (stitched 100M),50-100M,86070400,3362.125,454257.6875,455314.765625
DC-PPO strict 1+5 (stitched 100M),50-100M,86121600,3364.125,455951.65625,456457.1041666667
DC-PPO strict 1+5 (stitched 100M),50-100M,86172800,3366.125,459161.96875,458600.1614583333
DC-PPO strict 1+5 (stitched 100M),50-100M,86224000,3368.125,460686.859375,461379.0
DC-PPO strict 1+5 (stitched 100M),50-100M,86275200,3370.125,464288.171875,462057.4895833333
DC-PPO strict 1+5 (stitched 100M),50-100M,86326400,3372.125,461197.4375,463523.6875
DC-PPO strict 1+5 (stitched 100M),50-100M,86377600,3374.125,465085.453125,463552.0677083333
DC-PPO strict 1+5 (stitched 100M),50-100M,86428800,3376.125,464373.3125,465181.7604166667
DC-PPO strict 1+5 (stitched 100M),50-100M,86480000,3378.125,466086.515625,465192.0963541667
DC-PPO strict 1+5 (stitched 100M),50-100M,86531200,3380.125,465116.4609375,465377.0052083333
DC-PPO strict 1+5 (stitched 100M),50-100M,86582400,3382.125,464928.0390625,465255.7083333333
DC-PPO strict 1+5 (stitched 100M),50-100M,86633600,3384.125,465722.625,464823.4322916667
DC-PPO strict 1+5 (stitched 100M),50-100M,86684800,3386.125,463819.6328125,466047.7239583333
DC-PPO strict 1+5 (stitched 100M),50-100M,86736000,3388.125,468600.9140625,466317.859375
DC-PPO strict 1+5 (stitched 100M),50-100M,86787200,3390.125,466533.03125,466152.6119791667
DC-PPO strict 1+5 (stitched 100M),50-100M,86838400,3392.125,463323.890625,464616.9140625
DC-PPO strict 1+5 (stitched 100M),50-100M,86889600,3394.125,463993.8203125,464643.9609375
DC-PPO strict 1+5 (stitched 100M),50-100M,86940800,3396.125,466614.171875,465503.1848958333
DC-PPO strict 1+5 (stitched 100M),50-100M,86992000,3398.125,465901.5625,466001.2942708333
DC-PPO strict 1+5 (stitched 100M),50-100M,87043200,3400.125,465488.1484375,466208.0286458333
DC-PPO strict 1+5 (stitched 100M),50-100M,87094400,3402.125,467234.375,465723.609375
DC-PPO strict 1+5 (stitched 100M),50-100M,87145600,3404.125,464448.3046875,465512.0286458333
DC-PPO strict 1+5 (stitched 100M),50-100M,87196800,3406.125,464853.40625,465030.5833333333
DC-PPO strict 1+5 (stitched 100M),50-100M,87248000,3408.125,465790.0390625,464926.453125
DC-PPO strict 1+5 (stitched 100M),50-100M,87299200,3410.125,464135.9140625,464984.640625
DC-PPO strict 1+5 (stitched 100M),50-100M,87350400,3412.125,465027.96875,465307.1458333333
DC-PPO strict 1+5 (stitched 100M),50-100M,87401600,3414.125,466757.5546875,465869.7682291667
DC-PPO strict 1+5 (stitched 100M),50-100M,87452800,3416.125,465823.78125,466946.5130208333
DC-PPO strict 1+5 (stitched 100M),50-100M,87504000,3418.125,468258.203125,467400.2109375
DC-PPO strict 1+5 (stitched 100M),50-100M,87555200,3420.125,468118.6484375,468741.8359375
DC-PPO strict 1+5 (stitched 100M),50-100M,87606400,3422.125,469848.65625,470092.4713541667
DC-PPO strict 1+5 (stitched 100M),50-100M,87657600,3424.125,472310.109375,471078.2760416667
DC-PPO strict 1+5 (stitched 100M),50-100M,87708800,3426.125,471076.0625,470967.484375
DC-PPO strict 1+5 (stitched 100M),50-100M,87760000,3428.125,469516.28125,470828.0442708333
DC-PPO strict 1+5 (stitched 100M),50-100M,87811200,3430.125,471891.7890625,471498.7630208333
DC-PPO strict 1+5 (stitched 100M),50-100M,87862400,3432.125,473088.21875,472467.5
DC-PPO strict 1+5 (stitched 100M),50-100M,87913600,3434.125,472422.4921875,472626.4557291667
DC-PPO strict 1+5 (stitched 100M),50-100M,87964800,3436.125,472368.65625,472002.4609375
DC-PPO strict 1+5 (stitched 100M),50-100M,88016000,3438.125,471216.234375,471465.7005208333
DC-PPO strict 1+5 (stitched 100M),50-100M,88067200,3440.125,470812.2109375,471171.0494791667
DC-PPO strict 1+5 (stitched 100M),50-100M,88118400,3442.125,471484.703125,471665.4557291667
DC-PPO strict 1+5 (stitched 100M),50-100M,88169600,3444.125,472699.453125,472523.6171875
DC-PPO strict 1+5 (stitched 100M),50-100M,88220800,3446.125,473386.6953125,473111.8645833333
DC-PPO strict 1+5 (stitched 100M),50-100M,88272000,3448.125,473249.4453125,473280.25
DC-PPO strict 1+5 (stitched 100M),50-100M,88323200,3450.125,473204.609375,472831.7317708333
DC-PPO strict 1+5 (stitched 100M),50-100M,88374400,3452.125,472041.140625,472387.796875
DC-PPO strict 1+5 (stitched 100M),50-100M,88425600,3454.125,471917.640625,471677.6536458333
DC-PPO strict 1+5 (stitched 100M),50-100M,88476800,3456.125,471074.1796875,471354.09375
DC-PPO strict 1+5 (stitched 100M),50-100M,88528000,3458.125,471070.4609375,471486.1640625
DC-PPO strict 1+5 (stitched 100M),50-100M,88579200,3460.125,472313.8515625,471602.9739583333
DC-PPO strict 1+5 (stitched 100M),50-100M,88630400,3462.125,471424.609375,472338.5
DC-PPO strict 1+5 (stitched 100M),50-100M,88681600,3464.125,473277.0390625,473373.6822916667
DC-PPO strict 1+5 (stitched 100M),50-100M,88732800,3466.125,475419.3984375,474270.75
DC-PPO strict 1+5 (stitched 100M),50-100M,88784000,3468.125,474115.8125,474464.5859375
DC-PPO strict 1+5 (stitched 100M),50-100M,88835200,3470.125,473858.546875,475379.0859375
DC-PPO strict 1+5 (stitched 100M),50-100M,88886400,3472.125,478162.8984375,476948.7734375
DC-PPO strict 1+5 (stitched 100M),50-100M,88937600,3474.125,478824.875,477831.2604166667
DC-PPO strict 1+5 (stitched 100M),50-100M,88988800,3476.125,476506.0078125,476739.5651041667
DC-PPO strict 1+5 (stitched 100M),50-100M,89040000,3478.125,474887.8125,475165.6953125
DC-PPO strict 1+5 (stitched 100M),50-100M,89091200,3480.125,474103.265625,473580.6197916667
DC-PPO strict 1+5 (stitched 100M),50-100M,89142400,3482.125,471750.78125,472383.328125
DC-PPO strict 1+5 (stitched 100M),50-100M,89193600,3484.125,471295.9375,471994.1197916667
DC-PPO strict 1+5 (stitched 100M),50-100M,89244800,3486.125,472935.640625,472096.0703125
DC-PPO strict 1+5 (stitched 100M),50-100M,89296000,3488.125,472056.6328125,471395.7994791667
DC-PPO strict 1+5 (stitched 100M),50-100M,89347200,3490.125,469195.125,470771.3125
DC-PPO strict 1+5 (stitched 100M),50-100M,89398400,3492.125,471062.1796875,469267.8307291667
DC-PPO strict 1+5 (stitched 100M),50-100M,89449600,3494.125,467546.1875,469722.6744791667
DC-PPO strict 1+5 (stitched 100M),50-100M,89500800,3496.125,470559.65625,469569.890625
DC-PPO strict 1+5 (stitched 100M),50-100M,89552000,3498.125,470603.828125,470174.6328125
DC-PPO strict 1+5 (stitched 100M),50-100M,89603200,3500.125,469360.4140625,469789.84375
DC-PPO strict 1+5 (stitched 100M),50-100M,89654400,3502.125,469405.2890625,469079.5130208333
DC-PPO strict 1+5 (stitched 100M),50-100M,89705600,3504.125,468472.8359375,468272.4296875
DC-PPO strict 1+5 (stitched 100M),50-100M,89756800,3506.125,466939.1640625,467502.3984375
DC-PPO strict 1+5 (stitched 100M),50-100M,89808000,3508.125,467095.1953125,466348.8255208333
DC-PPO strict 1+5 (stitched 100M),50-100M,89859200,3510.125,465012.1171875,466523.8072916667
DC-PPO strict 1+5 (stitched 100M),50-100M,89910400,3512.125,467464.109375,466193.8411458333
DC-PPO strict 1+5 (stitched 100M),50-100M,89961600,3514.125,466105.296875,466842.6875
DC-PPO strict 1+5 (stitched 100M),50-100M,90012800,3516.125,466958.65625,466027.2682291667
DC-PPO strict 1+5 (stitched 100M),50-100M,90064000,3518.125,465017.8515625,464542.9713541667
DC-PPO strict 1+5 (stitched 100M),50-100M,90115200,3520.125,461652.40625,463282.3489583333
DC-PPO strict 1+5 (stitched 100M),50-100M,90166400,3522.125,463176.7890625,461547.3671875
DC-PPO strict 1+5 (stitched 100M),50-100M,90217600,3524.125,459812.90625,461189.9557291667
DC-PPO strict 1+5 (stitched 100M),50-100M,90268800,3526.125,460580.171875,459818.5234375
DC-PPO strict 1+5 (stitched 100M),50-100M,90320000,3528.125,459062.4921875,460239.828125
DC-PPO strict 1+5 (stitched 100M),50-100M,90371200,3530.125,461076.8203125,459434.4895833333
DC-PPO strict 1+5 (stitched 100M),50-100M,90422400,3532.125,458164.15625,459413.6328125
DC-PPO strict 1+5 (stitched 100M),50-100M,90473600,3534.125,458999.921875,459942.8177083333
DC-PPO strict 1+5 (stitched 100M),50-100M,90524800,3536.125,462664.375,460768.8359375
DC-PPO strict 1+5 (stitched 100M),50-100M,90576000,3538.125,460642.2109375,461713.8072916667
DC-PPO strict 1+5 (stitched 100M),50-100M,90627200,3540.125,461834.8359375,461888.8932291667
DC-PPO strict 1+5 (stitched 100M),50-100M,90678400,3542.125,463189.6328125,462143.1796875
DC-PPO strict 1+5 (stitched 100M),50-100M,90729600,3544.125,461405.0703125,462726.5494791667
DC-PPO strict 1+5 (stitched 100M),50-100M,90780800,3546.125,463584.9453125,462411.1302083333
DC-PPO strict 1+5 (stitched 100M),50-100M,90832000,3548.125,462243.375,463490.6666666667
DC-PPO strict 1+5 (stitched 100M),50-100M,90883200,3550.125,464643.6796875,463512.7109375
DC-PPO strict 1+5 (stitched 100M),50-100M,90934400,3552.125,463651.078125,463658.0807291667
DC-PPO strict 1+5 (stitched 100M),50-100M,90985600,3554.125,462679.484375,462775.0442708333
DC-PPO strict 1+5 (stitched 100M),50-100M,91036800,3556.125,461994.5703125,463339.5703125
DC-PPO strict 1+5 (stitched 100M),50-100M,91088000,3558.125,465344.65625,463593.8385416667
DC-PPO strict 1+5 (stitched 100M),50-100M,91139200,3560.125,463442.2890625,464257.359375
DC-PPO strict 1+5 (stitched 100M),50-100M,91190400,3562.125,463985.1328125,463878.2057291667
DC-PPO strict 1+5 (stitched 100M),50-100M,91241600,3564.125,464207.1953125,464119.2161458333
DC-PPO strict 1+5 (stitched 100M),50-100M,91292800,3566.125,464165.3203125,464392.7786458333
DC-PPO strict 1+5 (stitched 100M),50-100M,91344000,3568.125,464805.8203125,464386.1276041667
DC-PPO strict 1+5 (stitched 100M),50-100M,91395200,3570.125,464187.2421875,463602.2838541667
DC-PPO strict 1+5 (stitched 100M),50-100M,91446400,3572.125,461813.7890625,462718.7317708333
DC-PPO strict 1+5 (stitched 100M),50-100M,91497600,3574.125,462155.1640625,462180.296875
DC-PPO strict 1+5 (stitched 100M),50-100M,91548800,3576.125,462571.9375,462917.3125
DC-PPO strict 1+5 (stitched 100M),50-100M,91600000,3578.125,464024.8359375,463273.4791666667
DC-PPO strict 1+5 (stitched 100M),50-100M,91651200,3580.125,463223.6640625,463301.875
DC-PPO strict 1+5 (stitched 100M),50-100M,91702400,3582.125,462657.125,462497.4010416667
DC-PPO strict 1+5 (stitched 100M),50-100M,91753600,3584.125,461611.4140625,462920.0598958333
DC-PPO strict 1+5 (stitched 100M),50-100M,91804800,3586.125,464491.640625,464229.7447916667
DC-PPO strict 1+5 (stitched 100M),50-100M,91856000,3588.125,466586.1796875,465942.25
DC-PPO strict 1+5 (stitched 100M),50-100M,91907200,3590.125,466748.9296875,466159.8541666667
DC-PPO strict 1+5 (stitched 100M),50-100M,91958400,3592.125,465144.453125,466322.9583333333
DC-PPO strict 1+5 (stitched 100M),50-100M,92009600,3594.125,467075.4921875,465988.4739583333
DC-PPO strict 1+5 (stitched 100M),50-100M,92060800,3596.125,465745.4765625,466117.8854166667
DC-PPO strict 1+5 (stitched 100M),50-100M,92112000,3598.125,465532.6875,466020.0052083333
DC-PPO strict 1+5 (stitched 100M),50-100M,92163200,3600.125,466781.8515625,466253.328125
DC-PPO strict 1+5 (stitched 100M),50-100M,92214400,3602.125,466445.4453125,466939.65625
DC-PPO strict 1+5 (stitched 100M),50-100M,92265600,3604.125,467591.671875,466523.2213541667
DC-PPO strict 1+5 (stitched 100M),50-100M,92316800,3606.125,465532.546875,465675.4010416667
DC-PPO strict 1+5 (stitched 100M),50-100M,92368000,3608.125,463901.984375,465838.9661458333
DC-PPO strict 1+5 (stitched 100M),50-100M,92419200,3610.125,468082.3671875,466343.1796875
DC-PPO strict 1+5 (stitched 100M),50-100M,92470400,3612.125,467045.1875,467786.3645833333
DC-PPO strict 1+5 (stitched 100M),50-100M,92521600,3614.125,468231.5390625,468358.28125
DC-PPO strict 1+5 (stitched 100M),50-100M,92572800,3616.125,469798.1171875,469071.6484375
DC-PPO strict 1+5 (stitched 100M),50-100M,92624000,3618.125,469185.2890625,469059.3072916667
DC-PPO strict 1+5 (stitched 100M),50-100M,92675200,3620.125,468194.515625,468289.2630208333
DC-PPO strict 1+5 (stitched 100M),50-100M,92726400,3622.125,467487.984375,467452.2161458333
DC-PPO strict 1+5 (stitched 100M),50-100M,92777600,3624.125,466674.1484375,466735.453125
DC-PPO strict 1+5 (stitched 100M),50-100M,92828800,3626.125,466044.2265625,466941.9921875
DC-PPO strict 1+5 (stitched 100M),50-100M,92880000,3628.125,468107.6015625,467092.4192708333
DC-PPO strict 1+5 (stitched 100M),50-100M,92931200,3630.125,467125.4296875,467001.7760416667
DC-PPO strict 1+5 (stitched 100M),50-100M,92982400,3632.125,465772.296875,466222.109375
DC-PPO strict 1+5 (stitched 100M),50-100M,93033600,3634.125,465768.6015625,467094.1197916667
DC-PPO strict 1+5 (stitched 100M),50-100M,93084800,3636.125,469741.4609375,468763.9661458333
DC-PPO strict 1+5 (stitched 100M),50-100M,93136000,3638.125,470781.8359375,470650.2838541667
DC-PPO strict 1+5 (stitched 100M),50-100M,93187200,3640.125,471427.5546875,472055.2630208333
DC-PPO strict 1+5 (stitched 100M),50-100M,93238400,3642.125,473956.3984375,472407.6848958333
DC-PPO strict 1+5 (stitched 100M),50-100M,93289600,3644.125,471839.1015625,472514.1458333333
DC-PPO strict 1+5 (stitched 100M),50-100M,93340800,3646.125,471746.9375,471919.4192708333
DC-PPO strict 1+5 (stitched 100M),50-100M,93392000,3648.125,472172.21875,472226.6302083333
DC-PPO strict 1+5 (stitched 100M),50-100M,93443200,3650.125,472760.734375,472676.7526041667
DC-PPO strict 1+5 (stitched 100M),50-100M,93494400,3652.125,473097.3046875,473641.5859375
DC-PPO strict 1+5 (stitched 100M),50-100M,93545600,3654.125,475066.71875,473631.4322916667
DC-PPO strict 1+5 (stitched 100M),50-100M,93596800,3656.125,472730.2734375,473135.0182291667
DC-PPO strict 1+5 (stitched 100M),50-100M,93648000,3658.125,471608.0625,471514.4375
DC-PPO strict 1+5 (stitched 100M),50-100M,93699200,3660.125,470204.9765625,470919.2890625
DC-PPO strict 1+5 (stitched 100M),50-100M,93750400,3662.125,470944.828125,470317.8307291667
DC-PPO strict 1+5 (stitched 100M),50-100M,93801600,3664.125,469803.6875,470287.2734375
DC-PPO strict 1+5 (stitched 100M),50-100M,93852800,3666.125,470113.3046875,470254.765625
DC-PPO strict 1+5 (stitched 100M),50-100M,93904000,3668.125,470847.3046875,470659.2838541667
DC-PPO strict 1+5 (stitched 100M),50-100M,93955200,3670.125,471017.2421875,470388.0989583333
DC-PPO strict 1+5 (stitched 100M),50-100M,94006400,3672.125,469299.75,470273.2630208333
DC-PPO strict 1+5 (stitched 100M),50-100M,94057600,3674.125,470502.796875,470490.0208333333
DC-PPO strict 1+5 (stitched 100M),50-100M,94108800,3676.125,471667.515625,470601.2916666667
DC-PPO strict 1+5 (stitched 100M),50-100M,94160000,3678.125,469633.5625,471038.5104166667
DC-PPO strict 1+5 (stitched 100M),50-100M,94211200,3680.125,471814.453125,471979.0729166667
DC-PPO strict 1+5 (stitched 100M),50-100M,94262400,3682.125,474489.203125,473058.4817708333
DC-PPO strict 1+5 (stitched 100M),50-100M,94313600,3684.125,472871.7890625,472890.8776041667
DC-PPO strict 1+5 (stitched 100M),50-100M,94364800,3686.125,471311.640625,471685.7083333333
DC-PPO strict 1+5 (stitched 100M),50-100M,94416000,3688.125,470873.6953125,471223.1848958333
DC-PPO strict 1+5 (stitched 100M),50-100M,94467200,3690.125,471484.21875,471503.1927083333
DC-PPO strict 1+5 (stitched 100M),50-100M,94518400,3692.125,472151.6640625,471577.1302083333
DC-PPO strict 1+5 (stitched 100M),50-100M,94569600,3694.125,471095.5078125,472279.6666666667
DC-PPO strict 1+5 (stitched 100M),50-100M,94620800,3696.125,473591.828125,472269.9583333333
DC-PPO strict 1+5 (stitched 100M),50-100M,94672000,3698.125,472122.5390625,472044.7552083333
DC-PPO strict 1+5 (stitched 100M),50-100M,94723200,3700.125,470419.8984375,472066.2994791667
DC-PPO strict 1+5 (stitched 100M),50-100M,94774400,3702.125,473656.4609375,471911.3411458333
DC-PPO strict 1+5 (stitched 100M),50-100M,94825600,3704.125,471657.6640625,473358.0078125
DC-PPO strict 1+5 (stitched 100M),50-100M,94876800,3706.125,474759.8984375,474193.9921875
DC-PPO strict 1+5 (stitched 100M),50-100M,94928000,3708.125,476164.4140625,475198.4739583333
DC-PPO strict 1+5 (stitched 100M),50-100M,94979200,3710.125,474671.109375,475807.9609375
DC-PPO strict 1+5 (stitched 100M),50-100M,95030400,3712.125,476588.359375,476154.5260416667
DC-PPO strict 1+5 (stitched 100M),50-100M,95081600,3714.125,477204.109375,477669.9270833333
DC-PPO strict 1+5 (stitched 100M),50-100M,95132800,3716.125,479217.3125,478312.9583333333
DC-PPO strict 1+5 (stitched 100M),50-100M,95184000,3718.125,478517.453125,479293.2239583333
DC-PPO strict 1+5 (stitched 100M),50-100M,95235200,3720.125,480144.90625,478743.7604166667
DC-PPO strict 1+5 (stitched 100M),50-100M,95286400,3722.125,477568.921875,478783.2083333333
DC-PPO strict 1+5 (stitched 100M),50-100M,95337600,3724.125,478635.796875,478032.3020833333
DC-PPO strict 1+5 (stitched 100M),50-100M,95388800,3726.125,477892.1875,477047.8697916667
DC-PPO strict 1+5 (stitched 100M),50-100M,95440000,3728.125,474615.625,476293.703125
DC-PPO strict 1+5 (stitched 100M),50-100M,95491200,3730.125,476373.296875,475677.8385416667
DC-PPO strict 1+5 (stitched 100M),50-100M,95542400,3732.125,476044.59375,476097.546875
DC-PPO strict 1+5 (stitched 100M),50-100M,95593600,3734.125,475874.75,475138.0026041667
DC-PPO strict 1+5 (stitched 100M),50-100M,95644800,3736.125,473494.6640625,474404.4505208333
DC-PPO strict 1+5 (stitched 100M),50-100M,95696000,3738.125,473843.9375,473899.4583333333
DC-PPO strict 1+5 (stitched 100M),50-100M,95747200,3740.125,474359.7734375,473793.7526041667
DC-PPO strict 1+5 (stitched 100M),50-100M,95798400,3742.125,473177.546875,473126.6536458333
DC-PPO strict 1+5 (stitched 100M),50-100M,95849600,3744.125,471842.640625,472278.7890625
DC-PPO strict 1+5 (stitched 100M),50-100M,95900800,3746.125,471816.1796875,471988.3984375
DC-PPO strict 1+5 (stitched 100M),50-100M,95952000,3748.125,472306.375,472171.4895833333
DC-PPO strict 1+5 (stitched 100M),50-100M,96003200,3750.125,472391.9140625,473052.4401041667
DC-PPO strict 1+5 (stitched 100M),50-100M,96054400,3752.125,474459.03125,474259.3671875
DC-PPO strict 1+5 (stitched 100M),50-100M,96105600,3754.125,475927.15625,474966.90625
DC-PPO strict 1+5 (stitched 100M),50-100M,96156800,3756.125,474514.53125,475643.5
DC-PPO strict 1+5 (stitched 100M),50-100M,96208000,3758.125,476488.8125,475677.90625
DC-PPO strict 1+5 (stitched 100M),50-100M,96259200,3760.125,476030.375,476009.1067708333
DC-PPO strict 1+5 (stitched 100M),50-100M,96310400,3762.125,475508.1328125,475471.1927083333
DC-PPO strict 1+5 (stitched 100M),50-100M,96361600,3764.125,474875.0703125,474711.2369791667
DC-PPO strict 1+5 (stitched 100M),50-100M,96412800,3766.125,473750.5078125,474290.9817708333
DC-PPO strict 1+5 (stitched 100M),50-100M,96464000,3768.125,474247.3671875,473971.375
DC-PPO strict 1+5 (stitched 100M),50-100M,96515200,3770.125,473916.25,473421.859375
DC-PPO strict 1+5 (stitched 100M),50-100M,96566400,3772.125,472101.9609375,472814.2265625
DC-PPO strict 1+5 (stitched 100M),50-100M,96617600,3774.125,472424.46875,473178.0729166667
DC-PPO strict 1+5 (stitched 100M),50-100M,96668800,3776.125,475007.7890625,474072.8020833333
DC-PPO strict 1+5 (stitched 100M),50-100M,96720000,3778.125,474786.1484375,474543.7239583333
DC-PPO strict 1+5 (stitched 100M),50-100M,96771200,3780.125,473837.234375,475042.1041666667
DC-PPO strict 1+5 (stitched 100M),50-100M,96822400,3782.125,476502.9296875,474867.2734375
DC-PPO strict 1+5 (stitched 100M),50-100M,96873600,3784.125,474261.65625,473948.7994791667
DC-PPO strict 1+5 (stitched 100M),50-100M,96924800,3786.125,471081.8125,472996.5442708333
DC-PPO strict 1+5 (stitched 100M),50-100M,96976000,3788.125,473646.1640625,472246.0442708333
DC-PPO strict 1+5 (stitched 100M),50-100M,97027200,3790.125,472010.15625,473494.9947916667
DC-PPO strict 1+5 (stitched 100M),50-100M,97078400,3792.125,474828.6640625,474719.6588541667
DC-PPO strict 1+5 (stitched 100M),50-100M,97129600,3794.125,477320.15625,476947.0026041667
DC-PPO strict 1+5 (stitched 100M),50-100M,97180800,3796.125,478692.1875,478801.2604166667
DC-PPO strict 1+5 (stitched 100M),50-100M,97232000,3798.125,480391.4375,479876.9348958333
DC-PPO strict 1+5 (stitched 100M),50-100M,97283200,3800.125,480547.1796875,480603.6640625
DC-PPO strict 1+5 (stitched 100M),50-100M,97334400,3802.125,480872.375,480854.7994791667
DC-PPO strict 1+5 (stitched 100M),50-100M,97385600,3804.125,481144.84375,481068.4947916667
DC-PPO strict 1+5 (stitched 100M),50-100M,97436800,3806.125,481188.265625,481839.0859375
DC-PPO strict 1+5 (stitched 100M),50-100M,97488000,3808.125,483184.1484375,482130.1328125
DC-PPO strict 1+5 (stitched 100M),50-100M,97539200,3810.125,482017.984375,483005.1588541667
DC-PPO strict 1+5 (stitched 100M),50-100M,97590400,3812.125,483813.34375,483027.8359375
DC-PPO strict 1+5 (stitched 100M),50-100M,97641600,3814.125,483252.1796875,483365.0078125
DC-PPO strict 1+5 (stitched 100M),50-100M,97692800,3816.125,483029.5,483465.1901041667
DC-PPO strict 1+5 (stitched 100M),50-100M,97744000,3818.125,484113.890625,484477.4348958333
DC-PPO strict 1+5 (stitched 100M),50-100M,97795200,3820.125,486288.9140625,485627.2265625
DC-PPO strict 1+5 (stitched 100M),50-100M,97846400,3822.125,486478.875,486826.984375
DC-PPO strict 1+5 (stitched 100M),50-100M,97897600,3824.125,487713.1640625,487495.4010416667
DC-PPO strict 1+5 (stitched 100M),50-100M,97948800,3826.125,488294.1640625,488341.2421875
DC-PPO strict 1+5 (stitched 100M),50-100M,98000000,3828.125,489016.3984375,489832.2864583333
DC-PPO strict 1+5 (stitched 100M),50-100M,98051200,3830.125,492186.296875,491103.6536458333
DC-PPO strict 1+5 (stitched 100M),50-100M,98102400,3832.125,492108.265625,492859.1302083333
DC-PPO strict 1+5 (stitched 100M),50-100M,98153600,3834.125,494282.828125,493188.0286458333
DC-PPO strict 1+5 (stitched 100M),50-100M,98204800,3836.125,493172.9921875,493943.5677083333
DC-PPO strict 1+5 (stitched 100M),50-100M,98256000,3838.125,494374.8828125,493496.5338541667
DC-PPO strict 1+5 (stitched 100M),50-100M,98307200,3840.125,492941.7265625,493157.71875
DC-PPO strict 1+5 (stitched 100M),50-100M,98358400,3842.125,492156.546875,492253.1197916667
DC-PPO strict 1+5 (stitched 100M),50-100M,98409600,3844.125,491661.0859375,493141.5598958333
DC-PPO strict 1+5 (stitched 100M),50-100M,98460800,3846.125,495607.046875,494398.0286458333
DC-PPO strict 1+5 (stitched 100M),50-100M,98512000,3848.125,495925.953125,496988.140625
DC-PPO strict 1+5 (stitched 100M),50-100M,98563200,3850.125,499431.421875,499557.8020833333
DC-PPO strict 1+5 (stitched 100M),50-100M,98614400,3852.125,503316.03125,501442.7942708333
DC-PPO strict 1+5 (stitched 100M),50-100M,98665600,3854.125,501580.9296875,502227.0572916667
DC-PPO strict 1+5 (stitched 100M),50-100M,98716800,3856.125,501784.2109375,501405.2734375
DC-PPO strict 1+5 (stitched 100M),50-100M,98768000,3858.125,500850.6796875,500464.9583333333
DC-PPO strict 1+5 (stitched 100M),50-100M,98819200,3860.125,498759.984375,498868.3880208333
DC-PPO strict 1+5 (stitched 100M),50-100M,98870400,3862.125,496994.5,495761.3098958333
DC-PPO strict 1+5 (stitched 100M),50-100M,98921600,3864.125,491529.4453125,493459.2447916667
DC-PPO strict 1+5 (stitched 100M),50-100M,98972800,3866.125,491853.7890625,492839.9765625
DC-PPO strict 1+5 (stitched 100M),50-100M,99024000,3868.125,495136.6953125,494657.5
DC-PPO strict 1+5 (stitched 100M),50-100M,99075200,3870.125,496982.015625,495510.3619791667
DC-PPO strict 1+5 (stitched 100M),50-100M,99126400,3872.125,494412.375,495022.2447916667
DC-PPO strict 1+5 (stitched 100M),50-100M,99177600,3874.125,493672.34375,495236.7578125
DC-PPO strict 1+5 (stitched 100M),50-100M,99228800,3876.125,497625.5546875,496236.9765625
DC-PPO strict 1+5 (stitched 100M),50-100M,99280000,3878.125,497413.03125,497301.078125
DC-PPO strict 1+5 (stitched 100M),50-100M,99331200,3880.125,496864.6484375,497785.6302083333
DC-PPO strict 1+5 (stitched 100M),50-100M,99382400,3882.125,499079.2109375,497416.1979166667
DC-PPO strict 1+5 (stitched 100M),50-100M,99433600,3884.125,496304.734375,497777.8333333333
DC-PPO strict 1+5 (stitched 100M),50-100M,99484800,3886.125,497949.5546875,496772.8229166667
DC-PPO strict 1+5 (stitched 100M),50-100M,99536000,3888.125,496064.1796875,496346.59375
DC-PPO strict 1+5 (stitched 100M),50-100M,99587200,3890.125,495026.046875,495163.5885416667
DC-PPO strict 1+5 (stitched 100M),50-100M,99638400,3892.125,494400.5390625,494101.1901041667
DC-PPO strict 1+5 (stitched 100M),50-100M,99689600,3894.125,492876.984375,493260.6510416667
DC-PPO strict 1+5 (stitched 100M),50-100M,99740800,3896.125,492504.4296875,492807.546875
DC-PPO strict 1+5 (stitched 100M),50-100M,99792000,3898.125,493041.2265625,492196.5026041667
DC-PPO strict 1+5 (stitched 100M),50-100M,99843200,3900.125,491043.8515625,491791.6953125
DC-PPO strict 1+5 (stitched 100M),50-100M,99894400,3902.125,491290.0078125,490514.9010416667
DC-PPO strict 1+5 (stitched 100M),50-100M,99945600,3904.125,489210.84375,489307.0208333333
DC-PPO strict 1+5 (stitched 100M),50-100M,99996800,3906.125,487420.2109375,488315.52734375
E1 spatial-flight (live),live,25600,1.0,98844.43017578125,130570.89477539062
E1 spatial-flight (live),live,76800,3.0,162297.359375,146276.4767252604
E1 spatial-flight (live),live,128000,5.0,177687.640625,174969.52473958334
E1 spatial-flight (live),live,179200,7.0,184923.57421875,186575.68359375
E1 spatial-flight (live),live,230400,9.0,197115.8359375,198092.92057291666
E1 spatial-flight (live),live,281600,11.0,212239.3515625,209643.96614583334
E1 spatial-flight (live),live,332800,13.0,219576.7109375,218185.83072916666
E1 spatial-flight (live),live,384000,15.0,222741.4296875,221473.94010416666
E1 spatial-flight (live),live,435200,17.0,222103.6796875,223813.89973958334
E1 spatial-flight (live),live,486400,19.0,226596.58984375,227073.70963541666
E1 spatial-flight (live),live,537600,21.0,232520.859375,230172.01041666666
E1 spatial-flight (live),live,588800,23.0,231398.58203125,231295.4375
E1 spatial-flight (live),live,640000,25.0,229966.87109375,231007.13802083334
E1 spatial-flight (live),live,691200,27.0,231655.9609375,231406.71484375
E1 spatial-flight (live),live,742400,29.0,232597.3125,233414.93229166666
E1 spatial-flight (live),live,793600,31.0,235991.5234375,236030.9375
E1 spatial-flight (live),live,844800,33.0,239503.9765625,237339.37369791666
E1 spatial-flight (live),live,896000,35.0,236522.62109375,238508.43619791666
E1 spatial-flight (live),live,947200,37.0,239498.7109375,239694.05859375
E1 spatial-flight (live),live,998400,39.0,243060.84375,242492.69661458334
E1 spatial-flight (live),live,1049600,41.0,244918.53515625,244949.46354166666
E1 spatial-flight (live),live,1100800,43.0,246869.01171875,247199.56640625
E1 spatial-flight (live),live,1152000,45.0,249811.15234375,250421.92447916666
E1 spatial-flight (live),live,1203200,47.0,254585.609375,252938.97916666666
E1 spatial-flight (live),live,1254400,49.0,254420.17578125,254955.58072916666
E1 spatial-flight (live),live,1305600,51.0,255860.95703125,256893.92578125
E1 spatial-flight (live),live,1356800,53.0,260400.64453125,259029.04947916666
E1 spatial-flight (live),live,1408000,55.0,260825.546875,260162.9609375
E1 spatial-flight (live),live,1459200,57.0,259262.69140625,261269.19661458334
E1 spatial-flight (live),live,1510400,59.0,263719.3515625,262043.87630208334
E1 spatial-flight (live),live,1561600,61.0,263149.5859375,264700.3541666667
E1 spatial-flight (live),live,1612800,63.0,267232.125,266128.2135416667
E1 spatial-flight (live),live,1664000,65.0,268002.9296875,268019.7278645833
E1 spatial-flight (live),live,1715200,67.0,268824.12890625,269099.84375
E1 spatial-flight (live),live,1766400,69.0,270472.47265625,270207.9713541667
E1 spatial-flight (live),live,1817600,71.0,271327.3125,271029.15234375
E1 spatial-flight (live),live,1868800,73.0,271287.671875,271474.9791666667
E1 spatial-flight (live),live,1920000,75.0,271809.953125,271457.8216145833
E1 spatial-flight (live),live,1971200,77.0,271275.83984375,272609.14453125
E1 spatial-flight (live),live,2022400,79.0,274741.640625,274231.6484375
E1 spatial-flight (live),live,2073600,81.0,276677.46484375,276498.3606770833
E1 spatial-flight (live),live,2124800,83.0,278075.9765625,278000.4088541667
E1 spatial-flight (live),live,2176000,85.0,279247.78515625,279165.84765625
E1 spatial-flight (live),live,2227200,87.0,280173.78125,280092.5091145833
E1 spatial-flight (live),live,2278400,89.0,280855.9609375,280636.62109375
E1 spatial-flight (live),live,2329600,91.0,280880.12109375,280925.5950520833
E1 spatial-flight (live),live,2380800,93.0,281040.703125,281813.921875
E1 spatial-flight (live),live,2432000,95.0,283520.94140625,282562.2747395833
E1 spatial-flight (live),live,2483200,97.0,283125.1796875,283627.23046875
E1 spatial-flight (live),live,2534400,99.0,284235.5703125,284381.8098958333
E1 spatial-flight (live),live,2585600,101.0,285784.6796875,285915.0911458333
E1 spatial-flight (live),live,2636800,103.0,287725.0234375,287002.5286458333
E1 spatial-flight (live),live,2688000,105.0,287497.8828125,288101.2239583333
E1 spatial-flight (live),live,2739200,107.0,289080.765625,288646.0338541667
E1 spatial-flight (live),live,2790400,109.0,289359.453125,290278.9986979167
E1 spatial-flight (live),live,2841600,111.0,292396.77734375,292193.61328125
E1 spatial-flight (live),live,2892800,113.0,294824.609375,294189.2473958333
E1 spatial-flight (live),live,2944000,115.0,295346.35546875,295676.9322916667
E1 spatial-flight (live),live,2995200,117.0,296859.83203125,296576.8346354167
E1 spatial-flight (live),live,3046400,119.0,297524.31640625,297838.6393229167
E1 spatial-flight (live),live,3097600,121.0,299131.76953125,299388.7447916667
E1 spatial-flight (live),live,3148800,123.0,301510.1484375,300929.16015625
E1 spatial-flight (live),live,3200000,125.0,302145.5625,302148.8684895833
E1 spatial-flight (live),live,3251200,127.0,302790.89453125,303151.0598958333
E1 spatial-flight (live),live,3302400,129.0,304516.72265625,303949.46484375
E1 spatial-flight (live),live,3353600,131.0,304540.77734375,305183.73046875
E1 spatial-flight (live),live,3404800,133.0,306493.69140625,305950.0885416667
E1 spatial-flight (live),live,3456000,135.0,306815.796875,306937.8541666667
E1 spatial-flight (live),live,3507200,137.0,307504.07421875,307605.78515625
E1 spatial-flight (live),live,3558400,139.0,308497.484375,308639.0182291667
E1 spatial-flight (live),live,3609600,141.0,309915.49609375,309994.984375
E1 spatial-flight (live),live,3660800,143.0,311571.97265625,310768.6731770833
E1 spatial-flight (live),live,3712000,145.0,310818.55078125,310731.44921875
E1 spatial-flight (live),live,3763200,147.0,309803.82421875,310563.0950520833
E1 spatial-flight (live),live,3814400,149.0,311066.91015625,310523.0247395833
E1 spatial-flight (live),live,3865600,151.0,310698.33984375,310905.5299479167
E1 spatial-flight (live),live,3916800,153.0,310951.33984375,311324.34375
E1 spatial-flight (live),live,3968000,155.0,312323.3515625,312908.9908854167
E1 spatial-flight (live),live,4019200,157.0,315452.28125,315132.4518229167
E1 spatial-flight (live),live,4070400,159.0,317621.72265625,317050.1380208333
E1 spatial-flight (live),live,4121600,161.0,318076.41015625,318281.26171875
E1 spatial-flight (live),live,4172800,163.0,319145.65234375,319145.7916666667
E1 spatial-flight (live),live,4224000,165.0,320215.3125,320121.2721354167
E1 spatial-flight (live),live,4275200,167.0,321002.8515625,320857.0403645833
E1 spatial-flight (live),live,4326400,169.0,321352.95703125,321594.11328125
E1 spatial-flight (live),live,4377600,171.0,322426.53125,322357.9921875
E1 spatial-flight (live),live,4428800,173.0,323294.48828125,323307.4401041667
E1 spatial-flight (live),live,4480000,175.0,324201.30078125,323804.5794270833
E1 spatial-flight (live),live,4531200,177.0,323917.94921875,324197.5846354167
E1 spatial-flight (live),live,4582400,179.0,324473.50390625,324262.59765625
E1 spatial-flight (live),live,4633600,181.0,324396.33984375,324759.0559895833
E1 spatial-flight (live),live,4684800,183.0,325407.32421875,325083.0286458333
E1 spatial-flight (live),live,4736000,185.0,325445.421875,325956.5442708333
E1 spatial-flight (live),live,4787200,187.0,327016.88671875,326305.3098958333
E1 spatial-flight (live),live,4838400,189.0,326453.62109375,326746.1393229167
E1 spatial-flight (live),live,4889600,191.0,326767.91015625,326385.3997395833
E1 spatial-flight (live),live,4940800,193.0,325934.66796875,326506.2434895833
E1 spatial-flight (live),live,4992000,195.0,326816.15234375,327121.2200520833
E1 spatial-flight (live),live,5043200,197.0,328612.83984375,328305.18359375
E1 spatial-flight (live),live,5094400,199.0,329486.55859375,329378.34765625
E1 spatial-flight (live),live,5145600,201.0,330035.64453125,329797.58984375
E1 spatial-flight (live),live,5196800,203.0,329870.56640625,330429.9830729167
E1 spatial-flight (live),live,5248000,205.0,331383.73828125,330813.08984375
E1 spatial-flight (live),live,5299200,207.0,331184.96484375,331374.6432291667
E1 spatial-flight (live),live,5350400,209.0,331555.2265625,331564.140625
E1 spatial-flight (live),live,5401600,211.0,331952.23046875,331966.86328125
E1 spatial-flight (live),live,5452800,213.0,332393.1328125,332691.5169270833
E1 spatial-flight (live),live,5504000,215.0,333729.1875,333479.1223958333
E1 spatial-flight (live),live,5555200,217.0,334315.046875,334301.60546875
E1 spatial-flight (live),live,5606400,219.0,334860.58203125,334713.9635416667
E1 spatial-flight (live),live,5657600,221.0,334966.26171875,334690.5989583333
E1 spatial-flight (live),live,5708800,223.0,334244.953125,334459.1432291667
E1 spatial-flight (live),live,5760000,225.0,334166.21484375,333889.8828125
E1 spatial-flight (live),live,5811200,227.0,333258.48046875,333426.8645833333
E1 spatial-flight (live),live,5862400,229.0,332855.8984375,333549.0338541667
E1 spatial-flight (live),live,5913600,231.0,334532.72265625,334575.9388020833
E1 spatial-flight (live),live,5964800,233.0,336339.1953125,336096.81640625
E1 spatial-flight (live),live,6016000,235.0,337418.53125,337766.8567708333
E1 spatial-flight (live),live,6067200,237.0,339542.84375,338644.3567708333
E1 spatial-flight (live),live,6118400,239.0,338971.6953125,339814.1497395833
E1 spatial-flight (live),live,6169600,241.0,340927.91015625,340153.28515625
E1 spatial-flight (live),live,6220800,243.0,340560.25,340772.42578125
E1 spatial-flight (live),live,6272000,245.0,340829.1171875,340684.65625
E1 spatial-flight (live),live,6323200,247.0,340664.6015625,340437.6341145833
E1 spatial-flight (live),live,6374400,249.0,339819.18359375,340836.71875
E1 spatial-flight (live),live,6425600,251.0,342026.37109375,341608.3880208333
E1 spatial-flight (live),live,6476800,253.0,342979.609375,342925.7122395833
E1 spatial-flight (live),live,6528000,255.0,343771.15625,343422.5078125
E1 spatial-flight (live),live,6579200,257.0,343516.7578125,343572.8528645833
E1 spatial-flight (live),live,6630400,259.0,343430.64453125,343087.3697916667
E1 spatial-flight (live),live,6681600,261.0,342314.70703125,342816.7721354167
E1 spatial-flight (live),live,6732800,263.0,342704.96484375,343193.64453125
E1 spatial-flight (live),live,6784000,265.0,344561.26171875,344019.8723958333
E1 spatial-flight (live),live,6835200,267.0,344793.390625,345009.9166666667
E1 spatial-flight (live),live,6886400,269.0,345675.09765625,344547.7109375
E1 spatial-flight (live),live,6937600,271.0,343174.64453125,344427.2265625
E1 spatial-flight (live),live,6988800,273.0,344431.9375,344380.3932291667
E1 spatial-flight (live),live,7040000,275.0,345534.59765625,344921.10546875
E1 spatial-flight (live),live,7091200,277.0,344796.78125,345018.1471354167
E1 spatial-flight (live),live,7142400,279.0,344723.0625,344449.9010416667
E1 spatial-flight (live),live,7193600,281.0,343829.859375,344357.5859375
E1 spatial-flight (live),live,7244800,283.0,344519.8359375,344440.4244791667
E1 spatial-flight (live),live,7296000,285.0,344971.578125,345263.83984375
E1 spatial-flight (live),live,7347200,287.0,346300.10546875,345835.1015625
E1 spatial-flight (live),live,7398400,289.0,346233.62109375,346508.13671875
E1 spatial-flight (live),live,7449600,291.0,346990.68359375,347141.0052083333
E1 spatial-flight (live),live,7500800,293.0,348198.7109375,348123.4466145833
E1 spatial-flight (live),live,7552000,295.0,349180.9453125,349029.7955729167
E1 spatial-flight (live),live,7603200,297.0,349709.73046875,350197.6276041667
E1 spatial-flight (live),live,7654400,299.0,351702.20703125,351059.9635416667
E1 spatial-flight (live),live,7705600,301.0,351767.953125,351755.2864583333
E1 spatial-flight (live),live,7756800,303.0,351795.69921875,351920.9322916667
E1 spatial-flight (live),live,7808000,305.0,352199.14453125,352353.4752604167
E1 spatial-flight (live),live,7859200,307.0,353065.58203125,352688.5403645833
E1 spatial-flight (live),live,7910400,309.0,352800.89453125,353236.05078125
E1 spatial-flight (live),live,7961600,311.0,353841.67578125,353433.3020833333
E1 spatial-flight (live),live,8012800,313.0,353657.3359375,353607.1028645833
E1 spatial-flight (live),live,8064000,315.0,353322.296875,353051.5377604167
E1 spatial-flight (live),live,8115200,317.0,352174.98046875,352426.1614583333
E1 spatial-flight (live),live,8166400,319.0,351781.20703125,352226.4856770833
E1 spatial-flight (live),live,8217600,321.0,352723.26953125,352448.9270833333
E1 spatial-flight (live),live,8268800,323.0,352842.3046875,353152.4869791667
E1 spatial-flight (live),live,8320000,325.0,353891.88671875,353901.0403645833
E1 spatial-flight (live),live,8371200,327.0,354968.9296875,354757.3671875
E1 spatial-flight (live),live,8422400,329.0,355411.28515625,355304.90234375
E1 spatial-flight (live),live,8473600,331.0,355534.4921875,355634.01953125
E1 spatial-flight (live),live,8524800,333.0,355956.28125,355537.140625
E1 spatial-flight (live),live,8576000,335.0,355120.6484375,356021.75390625
E1 spatial-flight (live),live,8627200,337.0,356988.33203125,356417.2317708333
E1 spatial-flight (live),live,8678400,339.0,357142.71484375,357025.8411458333
E1 spatial-flight (live),live,8729600,341.0,356946.4765625,356746.94921875
E1 spatial-flight (live),live,8780800,343.0,356151.65625,356570.12890625
E1 spatial-flight (live),live,8832000,345.0,356612.25390625,355865.4700520833
E1 spatial-flight (live),live,8883200,347.0,354832.5,355598.609375
E1 spatial-flight (live),live,8934400,349.0,355351.07421875,355219.08984375
E1 spatial-flight (live),live,8985600,351.0,355473.6953125,355220.8450520833
E1 spatial-flight (live),live,9036800,353.0,354837.765625,355154.7669270833
E1 spatial-flight (live),live,9088000,355.0,355152.83984375,355147.0846354167
E1 spatial-flight (live),live,9139200,357.0,355450.6484375,355180.9544270833
E1 spatial-flight (live),live,9190400,359.0,354939.375,355403.4140625
E1 spatial-flight (live),live,9241600,361.0,355820.21875,355286.9049479167
E1 spatial-flight (live),live,9292800,363.0,355101.12109375,355533.4401041667
E1 spatial-flight (live),live,9344000,365.0,355678.98046875,354606.2252604167
E1 spatial-flight (live),live,9395200,367.0,353038.57421875,354281.7044270833
E1 spatial-flight (live),live,9446400,369.0,354127.55859375,354316.3606770833
E1 spatial-flight (live),live,9497600,371.0,355782.94921875,355387.3645833333
E1 spatial-flight (live),live,9548800,373.0,356251.5859375,357017.4348958333
E1 spatial-flight (live),live,9600000,375.0,359017.76953125,358180.6744791667
E1 spatial-flight (live),live,9651200,377.0,359272.66796875,359044.9635416667
E1 spatial-flight (live),live,9702400,379.0,358844.453125,359410.8411458333
E1 spatial-flight (live),live,9753600,381.0,360115.40234375,359424.9908854167
E1 spatial-flight (live),live,9804800,383.0,359315.1171875,359106.8932291667
E1 spatial-flight (live),live,9856000,385.0,357890.16015625,358667.24609375
E1 spatial-flight (live),live,9907200,387.0,358796.4609375,357875.17578125
E1 spatial-flight (live),live,9958400,389.0,356938.90625,357844.59375
E1 spatial-flight (live),live,10009600,391.0,357798.4140625,357514.05078125
E1 spatial-flight (live),live,10060800,393.0,357804.83203125,358093.9609375
E1 spatial-flight (live),live,10112000,395.0,358678.63671875,358591.8841145833
E1 spatial-flight (live),live,10163200,397.0,359292.18359375,359253.8059895833
E1 spatial-flight (live),live,10214400,399.0,359790.59765625,360169.9518229167
E1 spatial-flight (live),live,10265600,401.0,361427.07421875,361116.6158854167
E1 spatial-flight (live),live,10316800,403.0,362132.17578125,362076.6692708333
E1 spatial-flight (live),live,10368000,405.0,362670.7578125,363056.5611979167
E1 spatial-flight (live),live,10419200,407.0,364366.75,363470.7200520833
E1 spatial-flight (live),live,10470400,409.0,363374.65234375,364122.6145833333
E1 spatial-flight (live),live,10521600,411.0,364626.44140625,364088.2747395833
E1 spatial-flight (live),live,10572800,413.0,364263.73046875,364131.921875
E1 spatial-flight (live),live,10624000,415.0,363505.59375,364040.1966145833
E1 spatial-flight (live),live,10675200,417.0,364351.265625,365104.453125
E1 spatial-flight (live),live,10726400,419.0,367456.5,366239.5638020833
E1 spatial-flight (live),live,10777600,421.0,366910.92578125,366709.4036458333
E1 spatial-flight (live),live,10828800,423.0,365760.78515625,366045.8841145833
E1 spatial-flight (live),live,10880000,425.0,365465.94140625,365310.0807291667
E1 spatial-flight (live),live,10931200,427.0,364703.515625,365204.609375
E1 spatial-flight (live),live,10982400,429.0,365444.37109375,365609.4153645833
E1 spatial-flight (live),live,11033600,431.0,366680.359375,366600.3893229167
E1 spatial-flight (live),live,11084800,433.0,367676.4375,367788.7135416667
E1 spatial-flight (live),live,11136000,435.0,369009.34375,368527.859375
E1 spatial-flight (live),live,11187200,437.0,368897.796875,368422.0247395833
E1 spatial-flight (live),live,11238400,439.0,367358.93359375,367718.5234375
E1 spatial-flight (live),live,11289600,441.0,366898.83984375,367815.1588541667
E1 spatial-flight (live),live,11340800,443.0,369187.703125,368360.5703125
E1 spatial-flight (live),live,11392000,445.0,368995.16796875,369420.08984375
E1 spatial-flight (live),live,11443200,447.0,370077.3984375,369602.47265625
E1 spatial-flight (live),live,11494400,449.0,369734.8515625,369682.6588541667
E1 spatial-flight (live),live,11545600,451.0,369235.7265625,369313.0885416667
E1 spatial-flight (live),live,11596800,453.0,368968.6875,369342.8580729167
E1 spatial-flight (live),live,11648000,455.0,369824.16015625,369669.8450520833
E1 spatial-flight (live),live,11699200,457.0,370216.6875,370409.53125
E1 spatial-flight (live),live,11750400,459.0,371187.74609375,370170.3072916667
E1 spatial-flight (live),live,11801600,461.0,369106.48828125,369282.1744791667
E1 spatial-flight (live),live,11852800,463.0,367552.2890625,368382.3177083333
E1 spatial-flight (live),live,11904000,465.0,368488.17578125,368539.1380208333
E1 spatial-flight (live),live,11955200,467.0,369576.94921875,369829.9270833333
E1 spatial-flight (live),live,12006400,469.0,371424.65625,370913.578125
E1 spatial-flight (live),live,12057600,471.0,371739.12890625,372194.7591145833
E1 spatial-flight (live),live,12108800,473.0,373420.4921875,372742.1953125
E1 spatial-flight (live),live,12160000,475.0,373066.96484375,373270.3815104167
E1 spatial-flight (live),live,12211200,477.0,373323.6875,373110.8723958333
E1 spatial-flight (live),live,12262400,479.0,372941.96484375,372393.9869791667
E1 spatial-flight (live),live,12313600,481.0,370916.30859375,371590.66796875
E1 spatial-flight (live),live,12364800,483.0,370913.73046875,371302.0234375
E1 spatial-flight (live),live,12416000,485.0,372076.03125,372007.0338541667
E1 spatial-flight (live),live,12467200,487.0,373031.33984375,372644.4700520833
E1 spatial-flight (live),live,12518400,489.0,372826.0390625,373949.0286458333
E1 spatial-flight (live),live,12569600,491.0,375989.70703125,374984.61328125
E1 spatial-flight (live),live,12620800,493.0,376138.09375,375783.0807291667
E1 spatial-flight (live),live,12672000,495.0,375221.44140625,375814.296875
E1 spatial-flight (live),live,12723200,497.0,376083.35546875,375583.40625
E1 spatial-flight (live),live,12774400,499.0,375445.421875,375866.21484375
E1 spatial-flight (live),live,12825600,501.0,376069.8671875,375412.4322916667
E1 spatial-flight (live),live,12876800,503.0,374722.0078125,375101.4283854167
E1 spatial-flight (live),live,12928000,505.0,374512.41015625,374618.6276041667
E1 spatial-flight (live),live,12979200,507.0,374621.46484375,374463.4505208333
E1 spatial-flight (live),live,13030400,509.0,374256.4765625,375142.3346354167
E1 spatial-flight (live),live,13081600,511.0,376549.0625,375505.1640625
E1 spatial-flight (live),live,13132800,513.0,375709.953125,375518.9361979167
E1 spatial-flight (live),live,13184000,515.0,374297.79296875,374681.0104166667
E1 spatial-flight (live),live,13235200,517.0,374035.28515625,372343.2565104167
E1 spatial-flight (live),live,13286400,519.0,368696.69140625,369054.2526041667
E1 spatial-flight (live),live,13337600,521.0,364430.78125,366264.1028645833
E1 spatial-flight (live),live,13388800,523.0,365664.8359375,364758.8450520833
E1 spatial-flight (live),live,13440000,525.0,364180.91796875,365347.7760416667
E1 spatial-flight (live),live,13491200,527.0,366197.57421875,366596.3958333333
E1 spatial-flight (live),live,13542400,529.0,369410.6953125,368454.55859375
E1 spatial-flight (live),live,13593600,531.0,369755.40625,369827.67578125
E1 spatial-flight (live),live,13644800,533.0,370316.92578125,370899.6236979167
E1 spatial-flight (live),live,13696000,535.0,372626.5390625,372235.5091145833
E1 spatial-flight (live),live,13747200,537.0,373763.0625,373712.1080729167
E1 spatial-flight (live),live,13798400,539.0,374746.72265625,374862.4661458333
E1 spatial-flight (live),live,13849600,541.0,376077.61328125,375511.4752604167
E1 spatial-flight (live),live,13900800,543.0,375710.08984375,375513.0247395833
E1 spatial-flight (live),live,13952000,545.0,374751.37109375,376039.4049479167
E1 spatial-flight (live),live,14003200,547.0,377656.75390625,376486.3893229167
E1 spatial-flight (live),live,14054400,549.0,377051.04296875,377570.61328125
E1 spatial-flight (live),live,14105600,551.0,378004.04296875,378118.16796875
E1 spatial-flight (live),live,14156800,553.0,379299.41796875,378577.1028645833
E1 spatial-flight (live),live,14208000,555.0,378427.84765625,378698.9192708333
E1 spatial-flight (live),live,14259200,557.0,378369.4921875,378540.9479166667
E1 spatial-flight (live),live,14310400,559.0,378825.50390625,378499.5807291667
E1 spatial-flight (live),live,14361600,561.0,378303.74609375,379012.3802083333
E1 spatial-flight (live),live,14412800,563.0,379907.890625,379692.0611979167
E1 spatial-flight (live),live,14464000,565.0,380864.546875,380507.0911458333
E1 spatial-flight (live),live,14515200,567.0,380748.8359375,380804.8997395833
E1 spatial-flight (live),live,14566400,569.0,380801.31640625,380312.8723958333
E1 spatial-flight (live),live,14617600,571.0,379388.46484375,380603.7916666667
E1 spatial-flight (live),live,14668800,573.0,381621.59375,380076.0286458333
E1 spatial-flight (live),live,14720000,575.0,379218.02734375,379848.85546875
E1 spatial-flight (live),live,14771200,577.0,378706.9453125,379098.5234375
E1 spatial-flight (live),live,14822400,579.0,379370.59765625,379824.7369791667
E1 spatial-flight (live),live,14873600,581.0,381396.66796875,380452.0260416667
E1 spatial-flight (live),live,14924800,583.0,380588.8125,381087.2330729167
E1 spatial-flight (live),live,14976000,585.0,381276.21875,381165.15625
E1 spatial-flight (live),live,15027200,587.0,381630.4375,381169.40625
E1 spatial-flight (live),live,15078400,589.0,380601.5625,380806.1627604167
E1 spatial-flight (live),live,15129600,591.0,380186.48828125,380633.89453125
E1 spatial-flight (live),live,15180800,593.0,381113.6328125,380750.5052083333
E1 spatial-flight (live),live,15232000,595.0,380951.39453125,381008.6184895833
E1 spatial-flight (live),live,15283200,597.0,380960.828125,380782.93359375
E1 spatial-flight (live),live,15334400,599.0,380436.578125,381077.9283854167
E1 spatial-flight (live),live,15385600,601.0,381836.37890625,381411.84765625
E1 spatial-flight (live),live,15436800,603.0,381962.5859375,381968.35546875
E1 spatial-flight (live),live,15488000,605.0,382106.1015625,381987.95703125
E1 spatial-flight (live),live,15539200,607.0,381895.18359375,381632.6119791667
E1 spatial-flight (live),live,15590400,609.0,380896.55078125,380586.8606770833
E1 spatial-flight (live),live,15641600,611.0,378968.84765625,379106.6380208333
E1 spatial-flight (live),live,15692800,613.0,377454.515625,378376.7734375
E1 spatial-flight (live),live,15744000,615.0,378706.95703125,378292.4596354167
E1 spatial-flight (live),live,15795200,617.0,378715.90625,378302.1041666667
E1 spatial-flight (live),live,15846400,619.0,377483.44921875,377826.6536458333
E1 spatial-flight (live),live,15897600,621.0,377280.60546875,377937.7018229167
E1 spatial-flight (live),live,15948800,623.0,379049.05078125,378523.75390625
E1 spatial-flight (live),live,16000000,625.0,379241.60546875,379232.9270833333
E1 spatial-flight (live),live,16051200,627.0,379408.125,379614.1653645833
E1 spatial-flight (live),live,16102400,629.0,380192.765625,379293.625
E1 spatial-flight (live),live,16153600,631.0,378279.984375,379127.1263020833
E1 spatial-flight (live),live,16204800,633.0,378908.62890625,378595.2799479167
E1 spatial-flight (live),live,16256000,635.0,378597.2265625,378349.6158854167
E1 spatial-flight (live),live,16307200,637.0,377542.9921875,378487.4088541667
E1 spatial-flight (live),live,16358400,639.0,379322.0078125,379201.3033854167
E1 spatial-flight (live),live,16409600,641.0,380738.91015625,380201.2682291667
E1 spatial-flight (live),live,16460800,643.0,380542.88671875,380482.7408854167
E1 spatial-flight (live),live,16512000,645.0,380166.42578125,380197.4583333333
E1 spatial-flight (live),live,16563200,647.0,379883.0625,380461.76171875
E1 spatial-flight (live),live,16614400,649.0,381335.796875,381403.8645833333
E1 spatial-flight (live),live,16665600,651.0,382992.734375,382346.50390625
E1 spatial-flight (live),live,16716800,653.0,382710.98046875,382741.33203125
E1 spatial-flight (live),live,16768000,655.0,382520.28125,382835.8033854167
E1 spatial-flight (live),live,16819200,657.0,383276.1484375,383347.6875
E1 spatial-flight (live),live,16870400,659.0,384246.6328125,383748.3893229167
E1 spatial-flight (live),live,16921600,661.0,383722.38671875,384076.9817708333
E1 spatial-flight (live),live,16972800,663.0,384261.92578125,383380.8359375
E1 spatial-flight (live),live,17024000,665.0,382158.1953125,383320.3567708333
E1 spatial-flight (live),live,17075200,667.0,383540.94921875,383187.515625
E1 spatial-flight (live),live,17126400,669.0,383863.40234375,383456.59765625
E1 spatial-flight (live),live,17177600,671.0,382965.44140625,383814.2161458333
E1 spatial-flight (live),live,17228800,673.0,384613.8046875,384083.64453125
E1 spatial-flight (live),live,17280000,675.0,384671.6875,385239.16015625
E1 spatial-flight (live),live,17331200,677.0,386431.98828125,385671.0065104167
E1 spatial-flight (live),live,17382400,679.0,385909.34375,386346.8684895833
E1 spatial-flight (live),live,17433600,681.0,386699.2734375,387067.6354166667
E1 spatial-flight (live),live,17484800,683.0,388594.2890625,387288.4596354167
E1 spatial-flight (live),live,17536000,685.0,386571.81640625,386928.7877604167
E1 spatial-flight (live),live,17587200,687.0,385620.2578125,385745.6158854167
E1 spatial-flight (live),live,17638400,689.0,385044.7734375,384893.25390625
E1 spatial-flight (live),live,17689600,691.0,384014.73046875,384103.65234375
E1 spatial-flight (live),live,17740800,693.0,383251.453125,383320.5846354167
E1 spatial-flight (live),live,17792000,695.0,382695.5703125,383210.7669270833
E1 spatial-flight (live),live,17843200,697.0,383685.27734375,383654.31640625
E1 spatial-flight (live),live,17894400,699.0,384582.1015625,384306.3020833333
E1 spatial-flight (live),live,17945600,701.0,384651.52734375,384887.5494791667
E1 spatial-flight (live),live,17996800,703.0,385429.01953125,385074.515625
E1 spatial-flight (live),live,18048000,705.0,385143.0,385406.5703125
E1 spatial-flight (live),live,18099200,707.0,385647.69140625,385617.5130208333
E1 spatial-flight (live),live,18150400,709.0,386061.84765625,386151.75390625
E1 spatial-flight (live),live,18201600,711.0,386745.72265625,386179.3385416667
E1 spatial-flight (live),live,18252800,713.0,385730.4453125,385791.9231770833
E1 spatial-flight (live),live,18304000,715.0,384899.6015625,385270.39453125
E1 spatial-flight (live),live,18355200,717.0,385181.13671875,385026.58984375
E1 spatial-flight (live),live,18406400,719.0,384999.03125,385136.1614583333
E1 spatial-flight (live),live,18457600,721.0,385228.31640625,384568.79296875
E1 spatial-flight (live),live,18508800,723.0,383479.03125,384624.5442708333
E1 spatial-flight (live),live,18560000,725.0,385166.28515625,384396.5182291667
E1 spatial-flight (live),live,18611200,727.0,384544.23828125,384540.26953125
E1 spatial-flight (live),live,18662400,729.0,383910.28515625,383872.6497395833
E1 spatial-flight (live),live,18713600,731.0,383163.42578125,383332.5104166667
E1 spatial-flight (live),live,18764800,733.0,382923.8203125,382472.7916666667
E1 spatial-flight (live),live,18816000,735.0,381331.12890625,382479.5026041667
E1 spatial-flight (live),live,18867200,737.0,383183.55859375,382364.42578125
E1 spatial-flight (live),live,18918400,739.0,382578.58984375,382395.7161458333
E1 spatial-flight (live),live,18969600,741.0,381425.0,382607.2747395833
E1 spatial-flight (live),live,19020800,743.0,383818.234375,383270.83203125
E1 spatial-flight (live),live,19072000,745.0,384569.26171875,384694.6380208333
E1 spatial-flight (live),live,19123200,747.0,385696.41796875,385569.5989583333
E1 spatial-flight (live),live,19174400,749.0,386443.1171875,386462.5494791667
E1 spatial-flight (live),live,19225600,751.0,387248.11328125,386993.2044270833
E1 spatial-flight (live),live,19276800,753.0,387288.3828125,387562.5338541667
E1 spatial-flight (live),live,19328000,755.0,388151.10546875,388004.6770833333
E1 spatial-flight (live),live,19379200,757.0,388574.54296875,388367.0872395833
E1 spatial-flight (live),live,19430400,759.0,388375.61328125,388366.65625
E1 spatial-flight (live),live,19481600,761.0,388149.8125,388286.01171875
E1 spatial-flight (live),live,19532800,763.0,388332.609375,388270.6627604167
E1 spatial-flight (live),live,19584000,765.0,388329.56640625,388862.9010416667
E1 spatial-flight (live),live,19635200,767.0,389926.52734375,389823.8619791667
E1 spatial-flight (live),live,19686400,769.0,391215.4921875,390536.2174479167
E1 spatial-flight (live),live,19737600,771.0,390466.6328125,391003.8033854167
E1 spatial-flight (live),live,19788800,773.0,391329.28515625,390977.4283854167
E1 spatial-flight (live),live,19840000,775.0,391136.3671875,391707.5611979167
E1 spatial-flight (live),live,19891200,777.0,392657.03125,392263.4375
E1 spatial-flight (live),live,19942400,779.0,392996.9140625,392668.5013020833
E1 spatial-flight (live),live,19993600,781.0,392351.55859375,392752.11328125
E1 spatial-flight (live),live,20044800,783.0,392907.8671875,392996.9518229167
E1 spatial-flight (live),live,20096000,785.0,393731.4296875,393861.5234375
E1 spatial-flight (live),live,20147200,787.0,394945.2734375,394365.5078125
E1 spatial-flight (live),live,20198400,789.0,394419.8203125,394237.9036458333
E1 spatial-flight (live),live,20249600,791.0,393348.6171875,393420.4244791667
E1 spatial-flight (live),live,20300800,793.0,392492.8359375,392345.1783854167
E1 spatial-flight (live),live,20352000,795.0,391194.08203125,392035.3763020833
E1 spatial-flight (live),live,20403200,797.0,392419.2109375,392295.6744791667
E1 spatial-flight (live),live,20454400,799.0,393273.73046875,392988.46484375
E1 spatial-flight (live),live,20505600,801.0,393272.453125,393292.875
E1 spatial-flight (live),live,20556800,803.0,393332.44140625,393725.2265625
E1 spatial-flight (live),live,20608000,805.0,394570.78515625,394108.3059895833
E1 spatial-flight (live),live,20659200,807.0,394421.69140625,394913.1067708333
E1 spatial-flight (live),live,20710400,809.0,395746.84375,394971.8854166667
E1 spatial-flight (live),live,20761600,811.0,394747.12109375,394966.15234375
E1 spatial-flight (live),live,20812800,813.0,394404.4921875,394470.2473958333
E1 spatial-flight (live),live,20864000,815.0,394259.12890625,393945.1015625
E1 spatial-flight (live),live,20915200,817.0,393171.68359375,393711.3958333333
E1 spatial-flight (live),live,20966400,819.0,393703.375,393225.9973958333
E1 spatial-flight (live),live,21017600,821.0,392802.93359375,393281.2109375
E1 spatial-flight (live),live,21068800,823.0,393337.32421875,393225.9479166667
E1 spatial-flight (live),live,21120000,825.0,393537.5859375,393026.30078125
E1 spatial-flight (live),live,21171200,827.0,392203.9921875,392646.2161458333
E1 spatial-flight (live),live,21222400,829.0,392197.0703125,392744.95703125
E1 spatial-flight (live),live,21273600,831.0,393833.80859375,392321.953125
E1 spatial-flight (live),live,21324800,833.0,390934.98046875,392508.3072916667
E1 spatial-flight (live),live,21376000,835.0,392756.1328125,392036.2994791667
E1 spatial-flight (live),live,21427200,837.0,392417.78515625,392015.5768229167
E1 spatial-flight (live),live,21478400,839.0,390872.8125,391630.9114583333
E1 spatial-flight (live),live,21529600,841.0,391602.13671875,391521.5442708333
E1 spatial-flight (live),live,21580800,843.0,392089.68359375,391659.1875
E1 spatial-flight (live),live,21632000,845.0,391285.7421875,391514.1419270833
E1 spatial-flight (live),live,21683200,847.0,391167.0,391191.1458333333
E1 spatial-flight (live),live,21734400,849.0,391120.6953125,391334.2044270833
E1 spatial-flight (live),live,21785600,851.0,391714.91796875,391598.47265625
E1 spatial-flight (live),live,21836800,853.0,391959.8046875,392026.24609375
E1 spatial-flight (live),live,21888000,855.0,392404.015625,391824.5091145833
E1 spatial-flight (live),live,21939200,857.0,391109.70703125,391415.2057291667
E1 spatial-flight (live),live,21990400,859.0,390731.89453125,391004.3502604167
E1 spatial-flight (live),live,22041600,861.0,391171.44921875,391220.7408854167
E1 spatial-flight (live),live,22092800,863.0,391758.87890625,391371.5677083333
E1 spatial-flight (live),live,22144000,865.0,391184.375,391891.7278645833
E1 spatial-flight (live),live,22195200,867.0,392731.9296875,391754.8177083333
E1 spatial-flight (live),live,22246400,869.0,391348.1484375,391717.4192708333
E1 spatial-flight (live),live,22297600,871.0,391072.1796875,391396.0065104167
E1 spatial-flight (live),live,22348800,873.0,391767.69140625,391687.1614583333
E1 spatial-flight (live),live,22400000,875.0,392221.61328125,392389.8697916667
E1 spatial-flight (live),live,22451200,877.0,393180.3046875,393102.796875
E1 spatial-flight (live),live,22502400,879.0,393906.47265625,393647.98046875
E1 spatial-flight (live),live,22553600,881.0,393857.1640625,393453.47265625
E1 spatial-flight (live),live,22604800,883.0,392596.78125,392991.375
E1 spatial-flight (live),live,22656000,885.0,392520.1796875,392534.24609375
E1 spatial-flight (live),live,22707200,887.0,392485.77734375,392441.4986979167
E1 spatial-flight (live),live,22758400,889.0,392318.5390625,392744.5572916667
E1 spatial-flight (live),live,22809600,891.0,393429.35546875,393121.4583333333
E1 spatial-flight (live),live,22860800,893.0,393616.48046875,393560.60546875
E1 spatial-flight (live),live,22912000,895.0,393635.98046875,393941.1236979167
E1 spatial-flight (live),live,22963200,897.0,394570.91015625,394429.87109375
E1 spatial-flight (live),live,23014400,899.0,395082.72265625,394987.4153645833
E1 spatial-flight (live),live,23065600,901.0,395308.61328125,395539.20703125
E1 spatial-flight (live),live,23116800,903.0,396226.28515625,395764.4296875
E1 spatial-flight (live),live,23168000,905.0,395758.390625,396146.2486979167
E1 spatial-flight (live),live,23219200,907.0,396454.0703125,395870.1627604167
E1 spatial-flight (live),live,23270400,909.0,395398.02734375,396086.1276041667
E1 spatial-flight (live),live,23321600,911.0,396406.28515625,395715.1549479167
E1 spatial-flight (live),live,23372800,913.0,395341.15234375,396061.91796875
E1 spatial-flight (live),live,23424000,915.0,396438.31640625,395380.8294270833
E1 spatial-flight (live),live,23475200,917.0,394363.01953125,394899.5885416667
E1 spatial-flight (live),live,23526400,919.0,393897.4296875,393906.4700520833
E1 spatial-flight (live),live,23577600,921.0,393458.9609375,393758.6341145833
E1 spatial-flight (live),live,23628800,923.0,393919.51171875,393590.0065104167
E1 spatial-flight (live),live,23680000,925.0,393391.546875,393718.1145833333
E1 spatial-flight (live),live,23731200,927.0,393843.28515625,393643.0091145833
E1 spatial-flight (live),live,23782400,929.0,393694.1953125,394243.8385416667
E1 spatial-flight (live),live,23833600,931.0,395194.03515625,394176.2317708333
E1 spatial-flight (live),live,23884800,933.0,393640.46484375,393902.4244791667
E1 spatial-flight (live),live,23936000,935.0,392872.7734375,392603.6940104167
E1 spatial-flight (live),live,23987200,937.0,391297.84375,392071.0026041667
E1 spatial-flight (live),live,24038400,939.0,392042.390625,391638.7630208333
E1 spatial-flight (live),live,24089600,941.0,391576.0546875,391718.4088541667
E1 spatial-flight (live),live,24140800,943.0,391536.78125,391499.2734375
E1 spatial-flight (live),live,24192000,945.0,391384.984375,391090.9244791667
E1 spatial-flight (live),live,24243200,947.0,390351.0078125,391606.6510416667
E1 spatial-flight (live),live,24294400,949.0,393083.9609375,391819.9153645833
E1 spatial-flight (live),live,24345600,951.0,392024.77734375,391599.5611979167
E1 spatial-flight (live),live,24396800,953.0,389689.9453125,390733.1979166667
E1 spatial-flight (live),live,24448000,955.0,390484.87109375,390647.0
E1 spatial-flight (live),live,24499200,957.0,391766.18359375,391106.8151041667
E1 spatial-flight (live),live,24550400,959.0,391069.390625,390914.9427083333
E1 spatial-flight (live),live,24601600,961.0,389909.25390625,390412.0690104167
E1 spatial-flight (live),live,24652800,963.0,390257.5625,390232.74609375
E1 spatial-flight (live),live,24704000,965.0,390531.421875,390517.58203125
E1 spatial-flight (live),live,24755200,967.0,390763.76171875,390497.26171875
E1 spatial-flight (live),live,24806400,969.0,390196.6015625,390648.5768229167
E1 spatial-flight (live),live,24857600,971.0,390985.3671875,390930.4778645833
E1 spatial-flight (live),live,24908800,973.0,391609.46484375,391070.1432291667
E1 spatial-flight (live),live,24960000,975.0,390615.59765625,391013.921875
E1 spatial-flight (live),live,25011200,977.0,390816.703125,391041.5690104167
E1 spatial-flight (live),live,25062400,979.0,391692.40625,391468.4973958333
E1 spatial-flight (live),live,25113600,981.0,391896.3828125,392044.1380208333
E1 spatial-flight (live),live,25164800,983.0,392543.625,392422.4479166667
E1 spatial-flight (live),live,25216000,985.0,392827.3359375,392665.9778645833
E1 spatial-flight (live),live,25267200,987.0,392626.97265625,392391.5572916667
E1 spatial-flight (live),live,25318400,989.0,391720.36328125,392215.7200520833
E1 spatial-flight (live),live,25369600,991.0,392299.82421875,392481.36328125
E1 spatial-flight (live),live,25420800,993.0,393423.90234375,393144.6653645833
E1 spatial-flight (live),live,25472000,995.0,393710.26953125,393592.0833333333
E1 spatial-flight (live),live,25523200,997.0,393642.078125,393881.3893229167
E1 spatial-flight (live),live,25574400,999.0,394291.8203125,393689.9765625
E1 spatial-flight (live),live,25625600,1001.0,393136.03125,393261.9830729167
E1 spatial-flight (live),live,25676800,1003.0,392358.09765625,392778.65625
E1 spatial-flight (live),live,25728000,1005.0,392841.83984375,393068.0859375
E1 spatial-flight (live),live,25779200,1007.0,394004.3203125,393629.27734375
E1 spatial-flight (live),live,25830400,1009.0,394041.671875,394068.0807291667
E1 spatial-flight (live),live,25881600,1011.0,394158.25,394863.5390625
E1 spatial-flight (live),live,25932800,1013.0,396390.6953125,395598.6796875
E1 spatial-flight (live),live,25984000,1015.0,396247.09375,396191.7981770833
E1 spatial-flight (live),live,26035200,1017.0,395937.60546875,395918.7317708333
E1 spatial-flight (live),live,26086400,1019.0,395571.49609375,395814.8033854167
E1 spatial-flight (live),live,26137600,1021.0,395935.30859375,395780.8815104167
E1 spatial-flight (live),live,26188800,1023.0,395835.83984375,396084.5390625
E1 spatial-flight (live),live,26240000,1025.0,396482.46875,396388.7760416667
E1 spatial-flight (live),live,26291200,1027.0,396848.01953125,396670.6536458333
E1 spatial-flight (live),live,26342400,1029.0,396681.47265625,396178.32421875
E1 spatial-flight (live),live,26393600,1031.0,395005.48046875,396006.6901041667
E1 spatial-flight (live),live,26444800,1033.0,396333.1171875,396062.6770833333
E1 spatial-flight (live),live,26496000,1035.0,396849.43359375,396627.4947916667
E1 spatial-flight (live),live,26547200,1037.0,396699.93359375,396854.6015625
E1 spatial-flight (live),live,26598400,1039.0,397014.4375,396707.0494791667
E1 spatial-flight (live),live,26649600,1041.0,396406.77734375,396182.9440104167
E1 spatial-flight (live),live,26700800,1043.0,395127.6171875,395373.03515625
E1 spatial-flight (live),live,26752000,1045.0,394584.7109375,394608.16796875
E1 spatial-flight (live),live,26803200,1047.0,394112.17578125,393785.2213541667
E1 spatial-flight (live),live,26854400,1049.0,392658.77734375,393511.7096354167
E1 spatial-flight (live),live,26905600,1051.0,393764.17578125,393497.8932291667
E1 spatial-flight (live),live,26956800,1053.0,394070.7265625,394387.859375
E1 spatial-flight (live),live,27008000,1055.0,395328.67578125,395232.5846354167
E1 spatial-flight (live),live,27059200,1057.0,396298.3515625,396062.6158854167
E1 spatial-flight (live),live,27110400,1059.0,396560.8203125,396157.8346354167
E1 spatial-flight (live),live,27161600,1061.0,395614.33203125,396138.22265625
E1 spatial-flight (live),live,27212800,1063.0,396239.515625,396337.8658854167
E1 spatial-flight (live),live,27264000,1065.0,397159.75,397647.2669270833
E1 spatial-flight (live),live,27315200,1067.0,399542.53515625,398767.2408854167
E1 spatial-flight (live),live,27366400,1069.0,399599.4375,399281.4661458333
E1 spatial-flight (live),live,27417600,1071.0,398702.42578125,398512.3528645833
E1 spatial-flight (live),live,27468800,1073.0,397235.1953125,397978.42578125
E1 spatial-flight (live),live,27520000,1075.0,397997.65625,397534.59375
E1 spatial-flight (live),live,27571200,1077.0,397370.9296875,397793.6497395833
E1 spatial-flight (live),live,27622400,1079.0,398012.36328125,397192.20703125
E1 spatial-flight (live),live,27673600,1081.0,396193.328125,396898.14453125
E1 spatial-flight (live),live,27724800,1083.0,396488.7421875,396473.875
E1 spatial-flight (live),live,27776000,1085.0,396739.5546875,396586.4583333333
E1 spatial-flight (live),live,27827200,1087.0,396531.078125,396446.29296875
E1 spatial-flight (live),live,27878400,1089.0,396068.24609375,396056.7135416667
E1 spatial-flight (live),live,27929600,1091.0,395570.81640625,396210.1510416667
E1 spatial-flight (live),live,27980800,1093.0,396991.390625,396011.0130208333
E1 spatial-flight (live),live,28032000,1095.0,395470.83203125,395551.4049479167
E1 spatial-flight (live),live,28083200,1097.0,394191.9921875,394725.5677083333
E1 spatial-flight (live),live,28134400,1099.0,394513.87890625,394899.75
E1 spatial-flight (live),live,28185600,1101.0,395993.37890625,395184.9934895833
E1 spatial-flight (live),live,28236800,1103.0,395047.72265625,395386.3619791667
E1 spatial-flight (live),live,28288000,1105.0,395117.984375,395020.83984375
E1 spatial-flight (live),live,28339200,1107.0,394896.8125,395074.91796875
E1 spatial-flight (live),live,28390400,1109.0,395209.95703125,394964.65234375
E1 spatial-flight (live),live,28441600,1111.0,394787.1875,395183.6171875
E1 spatial-flight (live),live,28492800,1113.0,395553.70703125,394774.2434895833
E1 spatial-flight (live),live,28544000,1115.0,393981.8359375,394482.6770833333
E1 spatial-flight (live),live,28595200,1117.0,393912.48828125,393338.3307291667
E1 spatial-flight (live),live,28646400,1119.0,392120.66796875,393015.9270833333
E1 spatial-flight (live),live,28697600,1121.0,393014.625,392695.3802083333
E1 spatial-flight (live),live,28748800,1123.0,392950.84765625,392920.40234375
E1 spatial-flight (live),live,28800000,1125.0,392795.734375,392659.06640625
E1 spatial-flight (live),live,28851200,1127.0,392230.6171875,392159.64453125
E1 spatial-flight (live),live,28902400,1129.0,391452.58203125,391950.76953125
E1 spatial-flight (live),live,28953600,1131.0,392169.109375,391624.94140625
E1 spatial-flight (live),live,29004800,1133.0,391253.1328125,391350.6002604167
E1 spatial-flight (live),live,29056000,1135.0,390629.55859375,391102.3359375
E1 spatial-flight (live),live,29107200,1137.0,391424.31640625,391310.9778645833
E1 spatial-flight (live),live,29158400,1139.0,391879.05859375,391653.0494791667
E1 spatial-flight (live),live,29209600,1141.0,391655.7734375,391150.67578125
E1 spatial-flight (live),live,29260800,1143.0,389917.1953125,390911.08203125
E1 spatial-flight (live),live,29312000,1145.0,391160.27734375,390893.41796875
E1 spatial-flight (live),live,29363200,1147.0,391602.78125,391246.7721354167
E1 spatial-flight (live),live,29414400,1149.0,390977.2578125,391090.8229166667
E1 spatial-flight (live),live,29465600,1151.0,390692.4296875,390739.17578125
E1 spatial-flight (live),live,29516800,1153.0,390547.83984375,390417.60546875
E1 spatial-flight (live),live,29568000,1155.0,390012.546875,390353.7447916667
E1 spatial-flight (live),live,29619200,1157.0,390500.84765625,390320.1197916667
E1 spatial-flight (live),live,29670400,1159.0,390446.96484375,390603.5768229167
E1 spatial-flight (live),live,29721600,1161.0,390862.91796875,390993.0078125
E1 spatial-flight (live),live,29772800,1163.0,391669.140625,391660.6223958333
E1 spatial-flight (live),live,29824000,1165.0,392449.80859375,392747.5
E1 spatial-flight (live),live,29875200,1167.0,394123.55078125,393381.9036458333
E1 spatial-flight (live),live,29926400,1169.0,393572.3515625,393989.95703125
E1 spatial-flight (live),live,29977600,1171.0,394273.96875,393850.7825520833
E1 spatial-flight (live),live,30028800,1173.0,393706.02734375,394227.7369791667
E1 spatial-flight (live),live,30080000,1175.0,394703.21484375,394610.2890625
E1 spatial-flight (live),live,30131200,1177.0,395421.625,395299.0598958333
E1 spatial-flight (live),live,30182400,1179.0,395772.33984375,395755.6848958333
E1 spatial-flight (live),live,30233600,1181.0,396073.08984375,395578.15625
E1 spatial-flight (live),live,30284800,1183.0,394889.0390625,395478.8072916667
E1 spatial-flight (live),live,30336000,1185.0,395474.29296875,395468.0052083333
E1 spatial-flight (live),live,30387200,1187.0,396040.68359375,395995.5963541667
E1 spatial-flight (live),live,30438400,1189.0,396471.8125,396394.1080729167
E1 spatial-flight (live),live,30489600,1191.0,396669.828125,396642.8098958333
E1 spatial-flight (live),live,30540800,1193.0,396786.7890625,396880.2161458333
E1 spatial-flight (live),live,30592000,1195.0,397184.03125,397010.4036458333
E1 spatial-flight (live),live,30643200,1197.0,397060.390625,397391.62109375
E1 spatial-flight (live),live,30694400,1199.0,397930.44140625,397206.0559895833
E1 spatial-flight (live),live,30745600,1201.0,396627.3359375,397107.421875
E1 spatial-flight (live),live,30796800,1203.0,396764.48828125,396712.0390625
E1 spatial-flight (live),live,30848000,1205.0,396744.29296875,396753.8802083333
E1 spatial-flight (live),live,30899200,1207.0,396752.859375,396636.46875
E1 spatial-flight (live),live,30950400,1209.0,396412.25390625,396465.8098958333
E1 spatial-flight (live),live,31001600,1211.0,396232.31640625,396461.8880208333
E1 spatial-flight (live),live,31052800,1213.0,396741.09375,396528.0091145833
E1 spatial-flight (live),live,31104000,1215.0,396610.6171875,396544.3919270833
E1 spatial-flight (live),live,31155200,1217.0,396281.46484375,396260.74609375
E1 spatial-flight (live),live,31206400,1219.0,395890.15625,395858.5794270833
E1 spatial-flight (live),live,31257600,1221.0,395404.1171875,395415.9270833333
E1 spatial-flight (live),live,31308800,1223.0,394953.5078125,395339.0546875
E1 spatial-flight (live),live,31360000,1225.0,395659.5390625,394730.3567708333
E1 spatial-flight (live),live,31411200,1227.0,393578.0234375,394368.0846354167
E1 spatial-flight (live),live,31462400,1229.0,393866.69140625,393613.8372395833
E1 spatial-flight (live),live,31513600,1231.0,393396.796875,393403.51171875
E1 spatial-flight (live),live,31564800,1233.0,392947.046875,393027.41015625
E1 spatial-flight (live),live,31616000,1235.0,392738.38671875,392692.8723958333
E1 spatial-flight (live),live,31667200,1237.0,392393.18359375,392865.2604166667
E1 spatial-flight (live),live,31718400,1239.0,393464.2109375,392846.3893229167
E1 spatial-flight (live),live,31769600,1241.0,392681.7734375,393341.375
E1 spatial-flight (live),live,31820800,1243.0,393878.140625,392910.0286458333
E1 spatial-flight (live),live,31872000,1245.0,392170.171875,393074.328125
E1 spatial-flight (live),live,31923200,1247.0,393174.671875,392892.1028645833
E1 spatial-flight (live),live,31974400,1249.0,393331.46484375,393454.8033854167
E1 spatial-flight (live),live,32025600,1251.0,393858.2734375,393272.7369791667
E1 spatial-flight (live),live,32076800,1253.0,392628.47265625,393397.3372395833
E1 spatial-flight (live),live,32128000,1255.0,393705.265625,393477.9973958333
E1 spatial-flight (live),live,32179200,1257.0,394100.25390625,393383.0559895833
E1 spatial-flight (live),live,32230400,1259.0,392343.6484375,393057.7864583333
E1 spatial-flight (live),live,32281600,1261.0,392729.45703125,392608.6510416667
E1 spatial-flight (live),live,32332800,1263.0,392752.84765625,392558.6080729167
E1 spatial-flight (live),live,32384000,1265.0,392193.51953125,392463.7578125
E1 spatial-flight (live),live,32435200,1267.0,392444.90625,392498.6653645833
E1 spatial-flight (live),live,32486400,1269.0,392857.5703125,392592.7317708333
E1 spatial-flight (live),live,32537600,1271.0,392475.71875,393345.0872395833
E1 spatial-flight (live),live,32588800,1273.0,394701.97265625,393961.2135416667
E1 spatial-flight (live),live,32640000,1275.0,394705.94921875,394284.2942708333
E1 spatial-flight (live),live,32691200,1277.0,393444.9609375,393879.2174479167
E1 spatial-flight (live),live,32742400,1279.0,393486.7421875,393878.72265625
E1 spatial-flight (live),live,32793600,1281.0,394704.46484375,394184.50390625
E1 spatial-flight (live),live,32844800,1283.0,394362.3046875,393823.2356770833
E1 spatial-flight (live),live,32896000,1285.0,392402.9375,393130.6145833333
E1 spatial-flight (live),live,32947200,1287.0,392626.6015625,392480.5325520833
E1 spatial-flight (live),live,32998400,1289.0,392412.05859375,392424.4752604167
E1 spatial-flight (live),live,33049600,1291.0,392234.765625,392246.9270833333
E1 spatial-flight (live),live,33100800,1293.0,392093.95703125,392406.33203125
E1 spatial-flight (live),live,33152000,1295.0,392890.2734375,393324.76171875
E1 spatial-flight (live),live,33203200,1297.0,394990.0546875,393886.6770833333
E1 spatial-flight (live),live,33254400,1299.0,393779.703125,394060.1627604167
E1 spatial-flight (live),live,33305600,1301.0,393410.73046875,393655.8828125
E1 spatial-flight (live),live,33356800,1303.0,393777.21484375,393757.3385416667
E1 spatial-flight (live),live,33408000,1305.0,394084.0703125,393657.8125
E1 spatial-flight (live),live,33459200,1307.0,393112.15234375,393205.1080729167
E1 spatial-flight (live),live,33510400,1309.0,392419.1015625,392843.8359375
E1 spatial-flight (live),live,33561600,1311.0,393000.25390625,392690.2291666667
E1 spatial-flight (live),live,33612800,1313.0,392651.33203125,393004.9231770833
E1 spatial-flight (live),live,33664000,1315.0,393363.18359375,393517.7942708333
E1 spatial-flight (live),live,33715200,1317.0,394538.8671875,394084.2265625
E1 spatial-flight (live),live,33766400,1319.0,394350.62890625,394273.5065104167
E1 spatial-flight (live),live,33817600,1321.0,393931.0234375,394412.4973958333
E1 spatial-flight (live),live,33868800,1323.0,394955.83984375,394423.453125
E1 spatial-flight (live),live,33920000,1325.0,394383.49609375,394409.0833333333
E1 spatial-flight (live),live,33971200,1327.0,393887.9140625,394190.0221354167
E1 spatial-flight (live),live,34022400,1329.0,394298.65625,393871.7994791667
E1 spatial-flight (live),live,34073600,1331.0,393428.828125,393545.60546875
E1 spatial-flight (live),live,34124800,1333.0,392909.33203125,393382.4609375
E1 spatial-flight (live),live,34176000,1335.0,393809.22265625,394008.7591145833
E1 spatial-flight (live),live,34227200,1337.0,395307.72265625,394953.4270833333
E1 spatial-flight (live),live,34278400,1339.0,395743.3359375,395641.6809895833
E1 spatial-flight (live),live,34329600,1341.0,395873.984375,396156.4921875
E1 spatial-flight (live),live,34380800,1343.0,396852.15625,396389.6875
E1 spatial-flight (live),live,34432000,1345.0,396442.921875,397076.8411458333
E1 spatial-flight (live),live,34483200,1347.0,397935.4453125,397492.9518229167
E1 spatial-flight (live),live,34534400,1349.0,398100.48828125,397965.1783854167
E1 spatial-flight (live),live,34585600,1351.0,397859.6015625,397273.8151041667
E1 spatial-flight (live),live,34636800,1353.0,395861.35546875,396205.1927083333
E1 spatial-flight (live),live,34688000,1355.0,394894.62109375,395398.6692708333
E1 spatial-flight (live),live,34739200,1357.0,395440.03125,395106.9674479167
E1 spatial-flight (live),live,34790400,1359.0,394986.25,394971.8190104167
E1 spatial-flight (live),live,34841600,1361.0,394489.17578125,395024.2096354167
E1 spatial-flight (live),live,34892800,1363.0,395597.203125,395346.6927083333
E1 spatial-flight (live),live,34944000,1365.0,395953.69921875,395664.3684895833
E1 spatial-flight (live),live,34995200,1367.0,395442.203125,395484.19921875
E1 spatial-flight (live),live,35046400,1369.0,395056.6953125,395274.5755208333
E1 spatial-flight (live),live,35097600,1371.0,395324.828125,395660.23046875
E1 spatial-flight (live),live,35148800,1373.0,396599.16796875,395832.61328125
E1 spatial-flight (live),live,35200000,1375.0,395573.84375,395613.0716145833
E1 spatial-flight (live),live,35251200,1377.0,394666.203125,394631.1875
E1 spatial-flight (live),live,35302400,1379.0,393653.515625,393761.7161458333
E1 spatial-flight (live),live,35353600,1381.0,392965.4296875,393174.5729166667
E1 spatial-flight (live),live,35404800,1383.0,392904.7734375,393847.0065104167
E1 spatial-flight (live),live,35456000,1385.0,395670.81640625,395049.7890625
E1 spatial-flight (live),live,35507200,1387.0,396573.77734375,395589.8854166667
E1 spatial-flight (live),live,35558400,1389.0,394525.0625,395305.8984375
E1 spatial-flight (live),live,35609600,1391.0,394818.85546875,394694.3177083333
E1 spatial-flight (live),live,35660800,1393.0,394739.03515625,394390.4270833333
E1 spatial-flight (live),live,35712000,1395.0,393613.390625,393494.4088541667
E1 spatial-flight (live),live,35763200,1397.0,392130.80078125,393123.1731770833
E1 spatial-flight (live),live,35814400,1399.0,393625.328125,393024.7682291667
E1 spatial-flight (live),live,35865600,1401.0,393318.17578125,393436.58203125
E1 spatial-flight (live),live,35916800,1403.0,393366.2421875,392696.5794270833
E1 spatial-flight (live),live,35968000,1405.0,391405.3203125,392528.1979166667
E1 spatial-flight (live),live,36019200,1407.0,392813.03125,392234.82421875
E1 spatial-flight (live),live,36070400,1409.0,392486.12109375,393012.10546875
E1 spatial-flight (live),live,36121600,1411.0,393737.1640625,393573.796875
E1 spatial-flight (live),live,36172800,1413.0,394498.10546875,394910.8854166667
E1 spatial-flight (live),live,36224000,1415.0,396497.38671875,396206.3619791667
E1 spatial-flight (live),live,36275200,1417.0,397623.59375,397127.60546875
E1 spatial-flight (live),live,36326400,1419.0,397261.8359375,397782.3971354167
E1 spatial-flight (live),live,36377600,1421.0,398461.76171875,397559.2486979167
E1 spatial-flight (live),live,36428800,1423.0,396954.1484375,398133.3619791667
E1 spatial-flight (live),live,36480000,1425.0,398984.17578125,398361.2434895833
E1 spatial-flight (live),live,36531200,1427.0,399145.40625,398404.66015625
E1 spatial-flight (live),live,36582400,1429.0,397084.3984375,397803.9921875
E1 spatial-flight (live),live,36633600,1431.0,397182.171875,397402.5338541667
E1 spatial-flight (live),live,36684800,1433.0,397941.03125,397275.12109375
E1 spatial-flight (live),live,36736000,1435.0,396702.16015625,397106.30078125
E1 spatial-flight (live),live,36787200,1437.0,396675.7109375,396850.81640625
E1 spatial-flight (live),live,36838400,1439.0,397174.578125,397396.49609375
E1 spatial-flight (live),live,36889600,1441.0,398339.19921875,397928.8333333333
E1 spatial-flight (live),live,36940800,1443.0,398272.72265625,398030.6432291667
E1 spatial-flight (live),live,36992000,1445.0,397480.0078125,397941.2239583333
E1 spatial-flight (live),live,37043200,1447.0,398070.94140625,397837.8020833333
E1 spatial-flight (live),live,37094400,1449.0,397962.45703125,398132.640625
E1 spatial-flight (live),live,37145600,1451.0,398364.5234375,398432.9986979167
E1 spatial-flight (live),live,37196800,1453.0,398972.015625,398687.2682291667
E1 spatial-flight (live),live,37248000,1455.0,398725.265625,398541.8606770833
E1 spatial-flight (live),live,37299200,1457.0,397928.30078125,398310.2096354167
E1 spatial-flight (live),live,37350400,1459.0,398277.0625,398258.33984375
E1 spatial-flight (live),live,37401600,1461.0,398569.65625,398853.8723958333
E1 spatial-flight (live),live,37452800,1463.0,399714.8984375,398980.3515625
E1 spatial-flight (live),live,37504000,1465.0,398656.5,398529.609375
E1 spatial-flight (live),live,37555200,1467.0,397217.4296875,398278.7356770833
E1 spatial-flight (live),live,37606400,1469.0,398962.27734375,398741.3177083333
E1 spatial-flight (live),live,37657600,1471.0,400044.24609375,399267.5611979167
E1 spatial-flight (live),live,37708800,1473.0,398796.16015625,399187.21484375
E1 spatial-flight (live),live,37760000,1475.0,398721.23828125,398655.51953125
E1 spatial-flight (live),live,37811200,1477.0,398449.16015625,398611.23046875
E1 spatial-flight (live),live,37862400,1479.0,398663.29296875,399173.2291666667
E1 spatial-flight (live),live,37913600,1481.0,400407.234375,399921.8971354167
E1 spatial-flight (live),live,37964800,1483.0,400695.1640625,400175.296875
E1 spatial-flight (live),live,38016000,1485.0,399423.4921875,400038.0065104167
E1 spatial-flight (live),live,38067200,1487.0,399995.36328125,399807.0651041667
E1 spatial-flight (live),live,38118400,1489.0,400002.33984375,400182.3958333333
E1 spatial-flight (live),live,38169600,1491.0,400549.484375,400374.61328125
E1 spatial-flight (live),live,38220800,1493.0,400572.015625,399982.8463541667
E1 spatial-flight (live),live,38272000,1495.0,398827.0390625,399796.2721354167
E1 spatial-flight (live),live,38323200,1497.0,399989.76171875,399555.1744791667
E1 spatial-flight (live),live,38374400,1499.0,399848.72265625,400204.5963541667
E1 spatial-flight (live),live,38425600,1501.0,400775.3046875,400495.4817708333
E1 spatial-flight (live),live,38476800,1503.0,400862.41796875,400545.0143229167
E1 spatial-flight (live),live,38528000,1505.0,399997.3203125,400366.4622395833
E1 spatial-flight (live),live,38579200,1507.0,400239.6484375,400382.0299479167
E1 spatial-flight (live),live,38630400,1509.0,400909.12109375,400450.3346354167
E1 spatial-flight (live),live,38681600,1511.0,400202.234375,400586.8658854167
E1 spatial-flight (live),live,38732800,1513.0,400649.2421875,400535.5221354167
E1 spatial-flight (live),live,38784000,1515.0,400755.08984375,400633.0546875
E1 spatial-flight (live),live,38835200,1517.0,400494.83203125,400749.15234375
E1 spatial-flight (live),live,38886400,1519.0,400997.53515625,400589.68359375
E1 spatial-flight (live),live,38937600,1521.0,400276.68359375,400681.62890625
E1 spatial-flight (live),live,38988800,1523.0,400770.66796875,401027.4505208333
E1 spatial-flight (live),live,39040000,1525.0,402035.0,401407.12109375
E1 spatial-flight (live),live,39091200,1527.0,401415.6953125,401654.11328125
E1 spatial-flight (live),live,39142400,1529.0,401511.64453125,401082.9505208333
E1 spatial-flight (live),live,39193600,1531.0,400321.51171875,399909.19140625
E1 spatial-flight (live),live,39244800,1533.0,397894.41796875,398976.4609375
E1 spatial-flight (live),live,39296000,1535.0,398713.453125,398743.5325520833
E1 spatial-flight (live),live,39347200,1537.0,399622.7265625,399114.15234375
E1 spatial-flight (live),live,39398400,1539.0,399006.27734375,399209.0143229167
E1 spatial-flight (live),live,39449600,1541.0,398998.0390625,398834.6171875
E1 spatial-flight (live),live,39500800,1543.0,398499.53515625,398322.8971354167
E1 spatial-flight (live),live,39552000,1545.0,397471.1171875,397921.8893229167
E1 spatial-flight (live),live,39603200,1547.0,397795.015625,398257.18359375
E1 spatial-flight (live),live,39654400,1549.0,399505.41796875,398617.4739583333
E1 spatial-flight (live),live,39705600,1551.0,398551.98828125,398873.7513020833
E1 spatial-flight (live),live,39756800,1553.0,398563.84765625,398799.0494791667
E1 spatial-flight (live),live,39808000,1555.0,399281.3125,398668.22265625
E1 spatial-flight (live),live,39859200,1557.0,398159.5078125,398098.3125
E1 spatial-flight (live),live,39910400,1559.0,396854.1171875,397306.0807291667
E1 spatial-flight (live),live,39961600,1561.0,396904.6171875,396958.5364583333
E1 spatial-flight (live),live,40012800,1563.0,397116.875,397145.8854166667
E1 spatial-flight (live),live,40064000,1565.0,397416.1640625,397515.1536458333
E1 spatial-flight (live),live,40115200,1567.0,398012.421875,397968.2369791667
E1 spatial-flight (live),live,40166400,1569.0,398476.125,398304.40234375
E1 spatial-flight (live),live,40217600,1571.0,398424.66015625,398215.9127604167
E1 spatial-flight (live),live,40268800,1573.0,397746.953125,397830.6263020833
E1 spatial-flight (live),live,40320000,1575.0,397320.265625,397200.625
E1 spatial-flight (live),live,40371200,1577.0,396534.65625,397074.86328125
E1 spatial-flight (live),live,40422400,1579.0,397369.66796875,397052.0625
E1 spatial-flight (live),live,40473600,1581.0,397251.86328125,397035.1848958333
E1 spatial-flight (live),live,40524800,1583.0,396484.0234375,397107.7447916667
E1 spatial-flight (live),live,40576000,1585.0,397587.34765625,397453.59765625
E1 spatial-flight (live),live,40627200,1587.0,398289.421875,397527.5638020833
E1 spatial-flight (live),live,40678400,1589.0,396705.921875,397984.953125
E1 spatial-flight (live),live,40729600,1591.0,398959.515625,398694.76171875
E1 spatial-flight (live),live,40780800,1593.0,400418.84765625,399895.7291666667
E1 spatial-flight (live),live,40832000,1595.0,400308.82421875,400262.4296875
E1 spatial-flight (live),live,40883200,1597.0,400059.6171875,400568.8645833333
E1 spatial-flight (live),live,40934400,1599.0,401338.15234375,401165.2057291667
E1 spatial-flight (live),live,40985600,1601.0,402097.84765625,401665.5026041667
E1 spatial-flight (live),live,41036800,1603.0,401560.5078125,402045.21875
E1 spatial-flight (live),live,41088000,1605.0,402477.30078125,402055.4127604167
E1 spatial-flight (live),live,41139200,1607.0,402128.4296875,401921.2552083333
E1 spatial-flight (live),live,41190400,1609.0,401158.03515625,401483.6471354167
E1 spatial-flight (live),live,41241600,1611.0,401164.4765625,401750.4166666667
E1 spatial-flight (live),live,41292800,1613.0,402928.73828125,401901.8333333333
E1 spatial-flight (live),live,41344000,1615.0,401612.28515625,402135.4505208333
E1 spatial-flight (live),live,41395200,1617.0,401865.328125,401754.76953125
E1 spatial-flight (live),live,41446400,1619.0,401786.6953125,401968.2317708333
E1 spatial-flight (live),live,41497600,1621.0,402252.671875,402105.7044270833
E1 spatial-flight (live),live,41548800,1623.0,402277.74609375,402230.7578125
E1 spatial-flight (live),live,41600000,1625.0,402161.85546875,401949.7252604167
E1 spatial-flight (live),live,41651200,1627.0,401409.57421875,401798.71484375
E1 spatial-flight (live),live,41702400,1629.0,401824.71484375,401570.9427083333
E1 spatial-flight (live),live,41753600,1631.0,401478.5390625,401755.5677083333
E1 spatial-flight (live),live,41804800,1633.0,401963.44921875,402156.7486979167
E1 spatial-flight (live),live,41856000,1635.0,403028.2578125,402495.853515625
E2 + reset curriculum (live),live,25600,1.0,135665.232421875,143095.1640625
E2 + reset curriculum (live),live,76800,3.0,150525.095703125,152861.203125
E2 + reset curriculum (live),live,128000,5.0,172393.28125,170023.39713541666
E2 + reset curriculum (live),live,179200,7.0,187151.814453125,188161.56315104166
E2 + reset curriculum (live),live,230400,9.0,204939.59375,200953.240234375
E2 + reset curriculum (live),live,281600,11.0,210768.3125,209953.69270833334
E2 + reset curriculum (live),live,332800,13.0,214153.171875,213754.76692708334
E2 + reset curriculum (live),live,384000,15.0,216342.81640625,217249.12369791666
E2 + reset curriculum (live),live,435200,17.0,221251.3828125,221148.15364583334
E2 + reset curriculum (live),live,486400,19.0,225850.26171875,225616.65364583334
E2 + reset curriculum (live),live,537600,21.0,229748.31640625,228179.97265625
E2 + reset curriculum (live),live,588800,23.0,228941.33984375,229633.28385416666
E2 + reset curriculum (live),live,640000,25.0,230210.1953125,231028.77994791666
E2 + reset curriculum (live),live,691200,27.0,233934.8046875,231915.09244791666
E2 + reset curriculum (live),live,742400,29.0,231600.27734375,233736.3359375
E2 + reset curriculum (live),live,793600,31.0,235673.92578125,233307.10026041666
E2 + reset curriculum (live),live,844800,33.0,232647.09765625,234298.88671875
E2 + reset curriculum (live),live,896000,35.0,234575.63671875,234364.11588541666
E2 + reset curriculum (live),live,947200,37.0,235869.61328125,236415.23307291666
E2 + reset curriculum (live),live,998400,39.0,238800.44921875,237527.80989583334
E2 + reset curriculum (live),live,1049600,41.0,237913.3671875,238895.13020833334
E2 + reset curriculum (live),live,1100800,43.0,239971.57421875,239830.02083333334
E2 + reset curriculum (live),live,1152000,45.0,241605.12109375,242665.63020833334
E2 + reset curriculum (live),live,1203200,47.0,246420.1953125,244410.01953125
E2 + reset curriculum (live),live,1254400,49.0,245204.7421875,245407.703125
E2 + reset curriculum (live),live,1305600,51.0,244598.171875,248216.70963541666
E2 + reset curriculum (live),live,1356800,53.0,254847.21484375,252224.4765625
E2 + reset curriculum (live),live,1408000,55.0,257228.04296875,256238.17838541666
E2 + reset curriculum (live),live,1459200,57.0,256639.27734375,256220.43489583334
E2 + reset curriculum (live),live,1510400,59.0,254793.984375,255778.17578125
E2 + reset curriculum (live),live,1561600,61.0,255901.265625,256990.73307291666
E2 + reset curriculum (live),live,1612800,63.0,260276.94921875,258468.59765625
E2 + reset curriculum (live),live,1664000,65.0,259227.578125,260472.80598958334
E2 + reset curriculum (live),live,1715200,67.0,261913.890625,262044.78125
E2 + reset curriculum (live),live,1766400,69.0,264992.875,263855.6731770833
E2 + reset curriculum (live),live,1817600,71.0,264660.25390625,265941.1966145833
E2 + reset curriculum (live),live,1868800,73.0,268170.4609375,267792.6966145833
E2 + reset curriculum (live),live,1920000,75.0,270547.375,269954.1471354167
E2 + reset curriculum (live),live,1971200,77.0,271144.60546875,271004.6848958333
E2 + reset curriculum (live),live,2022400,79.0,271322.07421875,271282.2330729167
E2 + reset curriculum (live),live,2073600,81.0,271380.01953125,272021.7369791667
E2 + reset curriculum (live),live,2124800,83.0,273363.1171875,272126.734375
E2 + reset curriculum (live),live,2176000,85.0,271637.06640625,273414.3515625
E2 + reset curriculum (live),live,2227200,87.0,275242.87109375,274016.2721354167
E2 + reset curriculum (live),live,2278400,89.0,275168.87890625,275917.0677083333
E2 + reset curriculum (live),live,2329600,91.0,277339.453125,277612.5260416667
E2 + reset curriculum (live),live,2380800,93.0,280329.24609375,280281.9973958333
E2 + reset curriculum (live),live,2432000,95.0,283177.29296875,280407.2473958333
E2 + reset curriculum (live),live,2483200,97.0,277715.203125,280110.0221354167
E2 + reset curriculum (live),live,2534400,99.0,279437.5703125,278996.734375
E2 + reset curriculum (live),live,2585600,101.0,279837.4296875,280157.9557291667
E2 + reset curriculum (live),live,2636800,103.0,281198.8671875,281340.08984375
E2 + reset curriculum (live),live,2688000,105.0,282983.97265625,283807.9192708333
E2 + reset curriculum (live),live,2739200,107.0,287240.91796875,286009.43359375
E2 + reset curriculum (live),live,2790400,109.0,287803.41015625,287905.7369791667
E2 + reset curriculum (live),live,2841600,111.0,288672.8828125,288934.87109375
E2 + reset curriculum (live),live,2892800,113.0,290328.3203125,290629.734375
E2 + reset curriculum (live),live,2944000,115.0,292888.0,292645.6393229167
E2 + reset curriculum (live),live,2995200,117.0,294720.59765625,293622.28125
E2 + reset curriculum (live),live,3046400,119.0,293258.24609375,293796.7903645833
E2 + reset curriculum (live),live,3097600,121.0,293411.52734375,294653.9322916667
E2 + reset curriculum (live),live,3148800,123.0,297292.0234375,296841.015625
E2 + reset curriculum (live),live,3200000,125.0,299819.49609375,298441.1458333333
E2 + reset curriculum (live),live,3251200,127.0,298211.91796875,300287.5065104167
E2 + reset curriculum (live),live,3302400,129.0,302831.10546875,301041.03515625
E2 + reset curriculum (live),live,3353600,131.0,302080.08203125,303236.3333333333
E2 + reset curriculum (live),live,3404800,133.0,304797.8125,303921.3138020833
E2 + reset curriculum (live),live,3456000,135.0,304886.046875,305086.4544270833
E2 + reset curriculum (live),live,3507200,137.0,305575.50390625,306497.1588541667
E2 + reset curriculum (live),live,3558400,139.0,309029.92578125,308073.1927083333
E2 + reset curriculum (live),live,3609600,141.0,309614.1484375,310656.3671875
E2 + reset curriculum (live),live,3660800,143.0,313325.02734375,311062.6783854167
E2 + reset curriculum (live),live,3712000,145.0,310248.859375,312563.5143229167
E2 + reset curriculum (live),live,3763200,147.0,314116.65625,312557.3815104167
E2 + reset curriculum (live),live,3814400,149.0,313306.62890625,313243.515625
E2 + reset curriculum (live),live,3865600,151.0,312307.26171875,313328.3177083333
E2 + reset curriculum (live),live,3916800,153.0,314371.0625,314201.55078125
E2 + reset curriculum (live),live,3968000,155.0,315926.328125,315289.2278645833
E2 + reset curriculum (live),live,4019200,157.0,315570.29296875,316838.80078125
E2 + reset curriculum (live),live,4070400,159.0,319019.78125,317305.98046875
E2 + reset curriculum (live),live,4121600,161.0,317327.8671875,319402.3359375
E2 + reset curriculum (live),live,4172800,163.0,321859.359375,319778.6328125
E2 + reset curriculum (live),live,4224000,165.0,320148.671875,322060.93359375
E2 + reset curriculum (live),live,4275200,167.0,324174.76953125,322437.5104166667
E2 + reset curriculum (live),live,4326400,169.0,322989.08984375,322772.0013020833
E2 + reset curriculum (live),live,4377600,171.0,321152.14453125,323005.5052083333
E2 + reset curriculum (live),live,4428800,173.0,324875.28125,323948.0377604167
E2 + reset curriculum (live),live,4480000,175.0,325816.6875,325545.2526041667
E2 + reset curriculum (live),live,4531200,177.0,325943.7890625,326305.4388020833
E2 + reset curriculum (live),live,4582400,179.0,327155.83984375,326246.3463541667
E2 + reset curriculum (live),live,4633600,181.0,325639.41015625,327595.6822916667
E2 + reset curriculum (live),live,4684800,183.0,329991.796875,328466.9713541667
E2 + reset curriculum (live),live,4736000,185.0,329769.70703125,331123.0572916667
E2 + reset curriculum (live),live,4787200,187.0,333607.66796875,331366.2760416667
E2 + reset curriculum (live),live,4838400,189.0,330721.453125,332575.5625
E2 + reset curriculum (live),live,4889600,191.0,333397.56640625,332605.2942708333
E2 + reset curriculum (live),live,4940800,193.0,333696.86328125,334142.3333333333
E2 + reset curriculum (live),live,4992000,195.0,335332.5703125,335029.5611979167
E2 + reset curriculum (live),live,5043200,197.0,336059.25,336314.2942708333
E2 + reset curriculum (live),live,5094400,199.0,337551.0625,335919.8111979167
E2 + reset curriculum (live),live,5145600,201.0,334149.12109375,336612.28125
E2 + reset curriculum (live),live,5196800,203.0,338136.66015625,335756.4596354167
E2 + reset curriculum (live),live,5248000,205.0,334983.59765625,336245.015625
E2 + reset curriculum (live),live,5299200,207.0,335614.7890625,336892.5052083333
E2 + reset curriculum (live),live,5350400,209.0,340079.12890625,337896.5364583333
E2 + reset curriculum (live),live,5401600,211.0,337995.69140625,339169.6770833333
E2 + reset curriculum (live),live,5452800,213.0,339434.2109375,340145.8203125
E2 + reset curriculum (live),live,5504000,215.0,343007.55859375,342092.06640625
E2 + reset curriculum (live),live,5555200,217.0,343834.4296875,342621.8177083333
E2 + reset curriculum (live),live,5606400,219.0,341023.46484375,342330.9973958333
E2 + reset curriculum (live),live,5657600,221.0,342135.09765625,341138.25390625
E2 + reset curriculum (live),live,5708800,223.0,340256.19921875,341504.421875
E2 + reset curriculum (live),live,5760000,225.0,342121.96875,341663.2682291667
E2 + reset curriculum (live),live,5811200,227.0,342611.63671875,342815.7096354167
E2 + reset curriculum (live),live,5862400,229.0,343713.5234375,343706.79296875
E2 + reset curriculum (live),live,5913600,231.0,344795.21875,344630.0677083333
E2 + reset curriculum (live),live,5964800,233.0,345381.4609375,345548.5
E2 + reset curriculum (live),live,6016000,235.0,346468.8203125,346113.7122395833
E2 + reset curriculum (live),live,6067200,237.0,346490.85546875,345950.8020833333
E2 + reset curriculum (live),live,6118400,239.0,344892.73046875,345311.7291666667
E2 + reset curriculum (live),live,6169600,241.0,344551.6015625,345419.6315104167
E2 + reset curriculum (live),live,6220800,243.0,346814.5625,345133.87109375
E2 + reset curriculum (live),live,6272000,245.0,344035.44921875,346711.2981770833
E2 + reset curriculum (live),live,6323200,247.0,349283.8828125,346815.6471354167
E2 + reset curriculum (live),live,6374400,249.0,347127.609375,348093.99609375
E2 + reset curriculum (live),live,6425600,251.0,347870.49609375,348457.8815104167
E2 + reset curriculum (live),live,6476800,253.0,350375.5390625,349841.28515625
E2 + reset curriculum (live),live,6528000,255.0,351277.8203125,351311.578125
E2 + reset curriculum (live),live,6579200,257.0,352281.375,353345.4296875
E2 + reset curriculum (live),live,6630400,259.0,356477.09375,354682.2057291667
E2 + reset curriculum (live),live,6681600,261.0,355288.1484375,355579.0104166667
E2 + reset curriculum (live),live,6732800,263.0,354971.7890625,355070.4765625
E2 + reset curriculum (live),live,6784000,265.0,354951.4921875,355726.9869791667
E2 + reset curriculum (live),live,6835200,267.0,357257.6796875,356207.0390625
E2 + reset curriculum (live),live,6886400,269.0,356411.9453125,356850.6276041667
E2 + reset curriculum (live),live,6937600,271.0,356882.2578125,356125.4713541667
E2 + reset curriculum (live),live,6988800,273.0,355082.2109375,356145.3203125
E2 + reset curriculum (live),live,7040000,275.0,356471.4921875,356551.4010416667
E2 + reset curriculum (live),live,7091200,277.0,358100.5,357531.890625
E2 + reset curriculum (live),live,7142400,279.0,358023.6796875,357192.0651041667
E2 + reset curriculum (live),live,7193600,281.0,355452.015625,356394.4609375
E2 + reset curriculum (live),live,7244800,283.0,355707.6875,354688.4583333333
E2 + reset curriculum (live),live,7296000,285.0,352905.671875,354335.7669270833
E2 + reset curriculum (live),live,7347200,287.0,354393.94140625,353249.9192708333
E2 + reset curriculum (live),live,7398400,289.0,352450.14453125,353429.4244791667
E2 + reset curriculum (live),live,7449600,291.0,353444.1875,353372.7330729167
E2 + reset curriculum (live),live,7500800,293.0,354223.8671875,353510.55859375
E2 + reset curriculum (live),live,7552000,295.0,352863.62109375,354303.4244791667
E2 + reset curriculum (live),live,7603200,297.0,355822.78515625,356157.7161458333
E2 + reset curriculum (live),live,7654400,299.0,359786.7421875,357309.6197916667
E2 + reset curriculum (live),live,7705600,301.0,356319.33203125,357818.2356770833
E2 + reset curriculum (live),live,7756800,303.0,357348.6328125,357769.99609375
E2 + reset curriculum (live),live,7808000,305.0,359642.0234375,358222.7578125
E2 + reset curriculum (live),live,7859200,307.0,357677.6171875,359317.6145833333
E2 + reset curriculum (live),live,7910400,309.0,360633.203125,359766.0755208333
E2 + reset curriculum (live),live,7961600,311.0,360987.40625,359901.1458333333
E2 + reset curriculum (live),live,8012800,313.0,358082.828125,360351.203125
E2 + reset curriculum (live),live,8064000,315.0,361983.375,359499.1901041667
E2 + reset curriculum (live),live,8115200,317.0,358431.3671875,359567.2109375
E2 + reset curriculum (live),live,8166400,319.0,358286.890625,358424.1848958333
E2 + reset curriculum (live),live,8217600,321.0,358554.296875,358481.7083333333
E2 + reset curriculum (live),live,8268800,323.0,358603.9375,360002.7760416667
E2 + reset curriculum (live),live,8320000,325.0,362850.09375,361287.40625
E2 + reset curriculum (live),live,8371200,327.0,362408.1875,362386.3307291667
E2 + reset curriculum (live),live,8422400,329.0,361900.7109375,362262.5364583333
E2 + reset curriculum (live),live,8473600,331.0,362478.7109375,363143.1692708333
E2 + reset curriculum (live),live,8524800,333.0,365050.0859375,363400.7682291667
E2 + reset curriculum (live),live,8576000,335.0,362673.5078125,363440.1901041667
E2 + reset curriculum (live),live,8627200,337.0,362596.9765625,362901.7265625
E2 + reset curriculum (live),live,8678400,339.0,363434.6953125,363737.65625
E2 + reset curriculum (live),live,8729600,341.0,365181.296875,365897.6276041667
E2 + reset curriculum (live),live,8780800,343.0,369076.890625,367468.0182291667
E2 + reset curriculum (live),live,8832000,345.0,368145.8671875,368554.0755208333
E2 + reset curriculum (live),live,8883200,347.0,368439.46875,367568.4635416667
E2 + reset curriculum (live),live,8934400,349.0,366120.0546875,367165.5130208333
E2 + reset curriculum (live),live,8985600,351.0,366937.015625,366421.0572916667
E2 + reset curriculum (live),live,9036800,353.0,366206.1015625,367319.7161458333
E2 + reset curriculum (live),live,9088000,355.0,368816.03125,366951.4895833333
E2 + reset curriculum (live),live,9139200,357.0,365832.3359375,366717.8489583333
E2 + reset curriculum (live),live,9190400,359.0,365505.1796875,363795.8307291667
E2 + reset curriculum (live),live,9241600,361.0,360049.9765625,361744.7994791667
E2 + reset curriculum (live),live,9292800,363.0,359679.2421875,361055.9140625
E2 + reset curriculum (live),live,9344000,365.0,363438.5234375,361227.8020833333
E2 + reset curriculum (live),live,9395200,367.0,360565.640625,362019.7057291667
E2 + reset curriculum (live),live,9446400,369.0,362054.953125,362857.8828125
E2 + reset curriculum (live),live,9497600,371.0,365953.0546875,364477.5442708333
E2 + reset curriculum (live),live,9548800,373.0,365424.625,366211.7005208333
E2 + reset curriculum (live),live,9600000,375.0,367257.421875,366276.3203125
E2 + reset curriculum (live),live,9651200,377.0,366146.9140625,368721.546875
E2 + reset curriculum (live),live,9702400,379.0,372760.3046875,370161.8307291667
E2 + reset curriculum (live),live,9753600,381.0,371578.2734375,371216.5963541667
E2 + reset curriculum (live),live,9804800,383.0,369311.2109375,368242.3411458333
E2 + reset curriculum (live),live,9856000,385.0,363837.5390625,367410.8828125
E2 + reset curriculum (live),live,9907200,387.0,369083.8984375,367424.015625
E2 + reset curriculum (live),live,9958400,389.0,369350.609375,369940.7421875
E2 + reset curriculum (live),live,10009600,391.0,371387.71875,371734.0494791667
E2 + reset curriculum (live),live,10060800,393.0,374463.8203125,372346.1536458333
E2 + reset curriculum (live),live,10112000,395.0,371186.921875,373727.4192708333
E2 + reset curriculum (live),live,10163200,397.0,375531.515625,373990.9947916667
E2 + reset curriculum (live),live,10214400,399.0,375254.546875,375922.0104166667
E2 + reset curriculum (live),live,10265600,401.0,376979.96875,377805.2109375
E2 + reset curriculum (live),live,10316800,403.0,381181.1171875,378112.2578125
E2 + reset curriculum (live),live,10368000,405.0,376175.6875,379539.7109375
E2 + reset curriculum (live),live,10419200,407.0,381262.328125,380416.8671875
E2 + reset curriculum (live),live,10470400,409.0,383812.5859375,382938.8828125
E2 + reset curriculum (live),live,10521600,411.0,383741.734375,382474.0729166667
E2 + reset curriculum (live),live,10572800,413.0,379867.8984375,382101.1015625
E2 + reset curriculum (live),live,10624000,415.0,382693.671875,382744.4583333333
E2 + reset curriculum (live),live,10675200,417.0,385671.8046875,384220.78125
E2 + reset curriculum (live),live,10726400,419.0,384296.8671875,385332.8932291667
E2 + reset curriculum (live),live,10777600,421.0,386030.0078125,386131.4973958333
E2 + reset curriculum (live),live,10828800,423.0,388067.6171875,386802.1614583333
E2 + reset curriculum (live),live,10880000,425.0,386308.859375,385776.3177083333
E2 + reset curriculum (live),live,10931200,427.0,382952.4765625,383789.1380208333
E2 + reset curriculum (live),live,10982400,429.0,382106.078125,383773.921875
E2 + reset curriculum (live),live,11033600,431.0,386263.2109375,384987.2473958333
E2 + reset curriculum (live),live,11084800,433.0,386592.453125,385762.0026041667
E2 + reset curriculum (live),live,11136000,435.0,384430.34375,384851.3307291667
E2 + reset curriculum (live),live,11187200,437.0,383531.1953125,383640.7552083333
E2 + reset curriculum (live),live,11238400,439.0,382960.7265625,384095.03125
E2 + reset curriculum (live),live,11289600,441.0,385793.171875,386217.0
E2 + reset curriculum (live),live,11340800,443.0,389897.1015625,388196.9583333333
E2 + reset curriculum (live),live,11392000,445.0,388900.6015625,388833.5598958333
E2 + reset curriculum (live),live,11443200,447.0,387702.9765625,388706.9895833333
E2 + reset curriculum (live),live,11494400,449.0,389517.390625,388749.5833333333
E2 + reset curriculum (live),live,11545600,451.0,389028.3828125,389057.3958333333
E2 + reset curriculum (live),live,11596800,453.0,388626.4140625,390113.8671875
E2 + reset curriculum (live),live,11648000,455.0,392686.8046875,390230.734375
E2 + reset curriculum (live),live,11699200,457.0,389378.984375,391487.9765625
E2 + reset curriculum (live),live,11750400,459.0,392398.140625,389588.6770833333
E2 + reset curriculum (live),live,11801600,461.0,386988.90625,387909.375
E2 + reset curriculum (live),live,11852800,463.0,384341.078125,387793.4088541667
E2 + reset curriculum (live),live,11904000,465.0,392050.2421875,389840.5520833333
E2 + reset curriculum (live),live,11955200,467.0,393130.3359375,392564.4244791667
E2 + reset curriculum (live),live,12006400,469.0,392512.6953125,392345.2369791667
E2 + reset curriculum (live),live,12057600,471.0,391392.6796875,392524.7473958333
E2 + reset curriculum (live),live,12108800,473.0,393668.8671875,392951.0572916667
E2 + reset curriculum (live),live,12160000,475.0,393791.625,393617.28125
E2 + reset curriculum (live),live,12211200,477.0,393391.3515625,393285.8098958333
E2 + reset curriculum (live),live,12262400,479.0,392674.453125,392414.5859375
E2 + reset curriculum (live),live,12313600,481.0,391177.953125,391105.2239583333
E2 + reset curriculum (live),live,12364800,483.0,389463.265625,389327.3854166667
E2 + reset curriculum (live),live,12416000,485.0,387340.9375,389655.8385416667
E2 + reset curriculum (live),live,12467200,487.0,392163.3125,389246.8697916667
E2 + reset curriculum (live),live,12518400,489.0,388236.359375,389860.8203125
E2 + reset curriculum (live),live,12569600,491.0,389182.7890625,389316.4348958333
E2 + reset curriculum (live),live,12620800,493.0,390530.15625,390500.7057291667
E2 + reset curriculum (live),live,12672000,495.0,391789.171875,390705.1484375
E2 + reset curriculum (live),live,12723200,497.0,389796.1171875,391705.0546875
E2 + reset curriculum (live),live,12774400,499.0,393529.875,392216.1354166667
E2 + reset curriculum (live),live,12825600,501.0,393322.4140625,394089.2317708333
E2 + reset curriculum (live),live,12876800,503.0,395415.40625,393938.734375
E2 + reset curriculum (live),live,12928000,505.0,393078.3828125,393511.1223958333
E2 + reset curriculum (live),live,12979200,507.0,392039.578125,393439.8255208333
E2 + reset curriculum (live),live,13030400,509.0,395201.515625,394208.109375
E2 + reset curriculum (live),live,13081600,511.0,395383.234375,394921.2239583333
E2 + reset curriculum (live),live,13132800,513.0,394178.921875,395214.3541666667
E2 + reset curriculum (live),live,13184000,515.0,396080.90625,396071.453125
E2 + reset curriculum (live),live,13235200,517.0,397954.53125,396137.296875
E2 + reset curriculum (live),live,13286400,519.0,394376.453125,396203.4088541667
E2 + reset curriculum (live),live,13337600,521.0,396279.2421875,396144.4192708333
E2 + reset curriculum (live),live,13388800,523.0,397777.5625,397253.3463541667
E2 + reset curriculum (live),live,13440000,525.0,397703.234375,397582.6119791667
E2 + reset curriculum (live),live,13491200,527.0,397267.0390625,397782.8411458333
E2 + reset curriculum (live),live,13542400,529.0,398378.25,397636.3177083333
E2 + reset curriculum (live),live,13593600,531.0,397263.6640625,396460.9427083333
E2 + reset curriculum (live),live,13644800,533.0,393740.9140625,396201.4010416667
E2 + reset curriculum (live),live,13696000,535.0,397599.625,398268.8072916667
E2 + reset curriculum (live),live,13747200,537.0,403465.8828125,398696.2942708333
E2 + reset curriculum (live),live,13798400,539.0,395023.375,399988.765625
E2 + reset curriculum (live),live,13849600,541.0,401477.0390625,398883.2239583333
E2 + reset curriculum (live),live,13900800,543.0,400149.2578125,400520.0572916667
E2 + reset curriculum (live),live,13952000,545.0,399933.875,401624.9817708333
E2 + reset curriculum (live),live,14003200,547.0,404791.8125,402396.7864583333
E2 + reset curriculum (live),live,14054400,549.0,402464.671875,404089.484375
E2 + reset curriculum (live),live,14105600,551.0,405011.96875,403107.5416666667
E2 + reset curriculum (live),live,14156800,553.0,401845.984375,402839.3463541667
E2 + reset curriculum (live),live,14208000,555.0,401660.0859375,401746.6041666667
E2 + reset curriculum (live),live,14259200,557.0,401733.7421875,402283.734375
E2 + reset curriculum (live),live,14310400,559.0,403457.375,400036.4088541667
E2 + reset curriculum (live),live,14361600,561.0,394918.109375,398058.6119791667
E2 + reset curriculum (live),live,14412800,563.0,395800.3515625,395210.1770833333
E2 + reset curriculum (live),live,14464000,565.0,394912.0703125,397059.3619791667
E2 + reset curriculum (live),live,14515200,567.0,400465.6640625,399434.1614583333
E2 + reset curriculum (live),live,14566400,569.0,402924.75,400087.5807291667
E2 + reset curriculum (live),live,14617600,571.0,396872.328125,399681.5989583333
E2 + reset curriculum (live),live,14668800,573.0,399247.71875,399771.296875
E2 + reset curriculum (live),live,14720000,575.0,403193.84375,400920.8333333333
E2 + reset curriculum (live),live,14771200,577.0,400320.9375,399576.4427083333
E2 + reset curriculum (live),live,14822400,579.0,395214.546875,397852.3151041667
E2 + reset curriculum (live),live,14873600,581.0,398021.4609375,399090.203125
E2 + reset curriculum (live),live,14924800,583.0,404034.6015625,400862.5859375
E2 + reset curriculum (live),live,14976000,585.0,400531.6953125,403151.5651041667
E2 + reset curriculum (live),live,15027200,587.0,404888.3984375,402067.3177083333
E2 + reset curriculum (live),live,15078400,589.0,400781.859375,402454.140625
E2 + reset curriculum (live),live,15129600,591.0,401692.1640625,401285.3072916667
E2 + reset curriculum (live),live,15180800,593.0,401381.8984375,400508.2447916667
E2 + reset curriculum (live),live,15232000,595.0,398450.671875,398421.65625
E2 + reset curriculum (live),live,15283200,597.0,395432.3984375,398004.1875
E2 + reset curriculum (live),live,15334400,599.0,400129.4921875,399605.28125
E2 + reset curriculum (live),live,15385600,601.0,403253.953125,402245.8932291667
E2 + reset curriculum (live),live,15436800,603.0,403354.234375,403658.5703125
E2 + reset curriculum (live),live,15488000,605.0,404367.5234375,403754.4348958333
E2 + reset curriculum (live),live,15539200,607.0,403541.546875,403119.1119791667
E2 + reset curriculum (live),live,15590400,609.0,401448.265625,402361.3802083333
E2 + reset curriculum (live),live,15641600,611.0,402094.328125,400631.4453125
E2 + reset curriculum (live),live,15692800,613.0,398351.7421875,400340.1901041667
E2 + reset curriculum (live),live,15744000,615.0,400574.5,398670.2109375
E2 + reset curriculum (live),live,15795200,617.0,397084.390625,399640.6875
E2 + reset curriculum (live),live,15846400,619.0,401263.171875,400255.8697916667
E2 + reset curriculum (live),live,15897600,621.0,402420.046875,401157.0260416667
E2 + reset curriculum (live),live,15948800,623.0,399787.859375,401210.3802083333
E2 + reset curriculum (live),live,16000000,625.0,401423.234375,400212.984375
E2 + reset curriculum (live),live,16051200,627.0,399427.859375,400274.0833333333
E2 + reset curriculum (live),live,16102400,629.0,399971.15625,400077.1354166667
E2 + reset curriculum (live),live,16153600,631.0,400832.390625,401374.5494791667
E2 + reset curriculum (live),live,16204800,633.0,403320.1015625,401363.8307291667
E2 + reset curriculum (live),live,16256000,635.0,399939.0,400767.4375
E2 + reset curriculum (live),live,16307200,637.0,399043.2109375,400097.8333333333
E2 + reset curriculum (live),live,16358400,639.0,401311.2890625,400884.8880208333
E2 + reset curriculum (live),live,16409600,641.0,402300.1640625,403296.6510416667
E2 + reset curriculum (live),live,16460800,643.0,406278.5,405673.2421875
E2 + reset curriculum (live),live,16512000,645.0,408441.0625,407377.7708333333
E2 + reset curriculum (live),live,16563200,647.0,407413.75,406872.1484375
E2 + reset curriculum (live),live,16614400,649.0,404761.6328125,406876.4661458333
E2 + reset curriculum (live),live,16665600,651.0,408454.015625,406542.328125
E2 + reset curriculum (live),live,16716800,653.0,406411.3359375,406009.4817708333
E2 + reset curriculum (live),live,16768000,655.0,403163.09375,404581.3567708333
E2 + reset curriculum (live),live,16819200,657.0,404169.640625,403856.6432291667
E2 + reset curriculum (live),live,16870400,659.0,404237.1953125,403458.4583333333
E2 + reset curriculum (live),live,16921600,661.0,401968.5390625,402630.4609375
E2 + reset curriculum (live),live,16972800,663.0,401685.6484375,401484.5026041667
E2 + reset curriculum (live),live,17024000,665.0,400799.3203125,401394.2708333333
E2 + reset curriculum (live),live,17075200,667.0,401697.84375,402240.8515625
E2 + reset curriculum (live),live,17126400,669.0,404225.390625,402581.6796875
E2 + reset curriculum (live),live,17177600,671.0,401821.8046875,403640.6927083333
E2 + reset curriculum (live),live,17228800,673.0,404874.8828125,405802.984375
E2 + reset curriculum (live),live,17280000,675.0,410712.265625,407277.3619791667
E2 + reset curriculum (live),live,17331200,677.0,406244.9375,409056.2838541667
E2 + reset curriculum (live),live,17382400,679.0,410211.6484375,408729.5807291667
E2 + reset curriculum (live),live,17433600,681.0,409732.15625,410253.2890625
E2 + reset curriculum (live),live,17484800,683.0,410816.0625,409730.7239583333
E2 + reset curriculum (live),live,17536000,685.0,408643.953125,409105.5364583333
E2 + reset curriculum (live),live,17587200,687.0,407856.59375,406154.6901041667
E2 + reset curriculum (live),live,17638400,689.0,401963.5234375,405185.6901041667
E2 + reset curriculum (live),live,17689600,691.0,405736.953125,403974.7890625
E2 + reset curriculum (live),live,17740800,693.0,404223.890625,404922.5364583333
E2 + reset curriculum (live),live,17792000,695.0,404806.765625,404166.0911458333
E2 + reset curriculum (live),live,17843200,697.0,403467.6171875,404101.2317708333
E2 + reset curriculum (live),live,17894400,699.0,404029.3125,404357.2083333333
E2 + reset curriculum (live),live,17945600,701.0,405574.6953125,404469.8098958333
E2 + reset curriculum (live),live,17996800,703.0,403805.421875,403524.5598958333
E2 + reset curriculum (live),live,18048000,705.0,401193.5625,402288.875
E2 + reset curriculum (live),live,18099200,707.0,401867.640625,401775.4088541667
E2 + reset curriculum (live),live,18150400,709.0,402265.0234375,405156.5494791667
E2 + reset curriculum (live),live,18201600,711.0,411336.984375,406106.6666666667
E2 + reset curriculum (live),live,18252800,713.0,404717.9921875,407670.0234375
E2 + reset curriculum (live),live,18304000,715.0,406955.09375,406667.0494791667
E2 + reset curriculum (live),live,18355200,717.0,408328.0625,408079.5416666667
E2 + reset curriculum (live),live,18406400,719.0,408955.46875,410082.3020833333
E2 + reset curriculum (live),live,18457600,721.0,412963.375,410482.171875
E2 + reset curriculum (live),live,18508800,723.0,409527.671875,411446.5078125
E2 + reset curriculum (live),live,18560000,725.0,411848.4765625,411181.796875
E2 + reset curriculum (live),live,18611200,727.0,412169.2421875,410189.1328125
E2 + reset curriculum (live),live,18662400,729.0,406549.6796875,408550.1901041667
E2 + reset curriculum (live),live,18713600,731.0,406931.6484375,404820.1302083333
E2 + reset curriculum (live),live,18764800,733.0,400979.0625,402454.0651041667
E2 + reset curriculum (live),live,18816000,735.0,399451.484375,399850.5807291667
E2 + reset curriculum (live),live,18867200,737.0,399121.1953125,399219.7708333333
E2 + reset curriculum (live),live,18918400,739.0,399086.6328125,400437.4713541667
E2 + reset curriculum (live),live,18969600,741.0,403104.5859375,400304.5286458333
E2 + reset curriculum (live),live,19020800,743.0,398722.3671875,401232.6848958333
E2 + reset curriculum (live),live,19072000,745.0,401871.1015625,401062.7395833333
E2 + reset curriculum (live),live,19123200,747.0,402594.75,403833.6484375
E2 + reset curriculum (live),live,19174400,749.0,407035.09375,404909.0
E2 + reset curriculum (live),live,19225600,751.0,405097.15625,405587.1848958333
E2 + reset curriculum (live),live,19276800,753.0,404629.3046875,404524.2317708333
E2 + reset curriculum (live),live,19328000,755.0,403846.234375,406580.0703125
E2 + reset curriculum (live),live,19379200,757.0,411264.671875,408068.0078125
E2 + reset curriculum (live),live,19430400,759.0,409093.1171875,408312.265625
E2 + reset curriculum (live),live,19481600,761.0,404579.0078125,408478.8541666667
E2 + reset curriculum (live),live,19532800,763.0,411764.4375,408671.3333333333
E2 + reset curriculum (live),live,19584000,765.0,409670.5546875,407913.0182291667
E2 + reset curriculum (live),live,19635200,767.0,402304.0625,407492.8385416667
E2 + reset curriculum (live),live,19686400,769.0,410503.8984375,407040.90625
E2 + reset curriculum (live),live,19737600,771.0,408314.7578125,410775.765625
E2 + reset curriculum (live),live,19788800,773.0,413508.640625,412173.2578125
E2 + reset curriculum (live),live,19840000,775.0,414696.375,414737.3723958333
E2 + reset curriculum (live),live,19891200,777.0,416007.1015625,415138.1458333333
E2 + reset curriculum (live),live,19942400,779.0,414710.9609375,416144.6875
E2 + reset curriculum (live),live,19993600,781.0,417716.0,416774.0859375
E2 + reset curriculum (live),live,20044800,783.0,417895.296875,418423.3619791667
E2 + reset curriculum (live),live,20096000,785.0,419658.7890625,417856.3307291667
E2 + reset curriculum (live),live,20147200,787.0,416014.90625,416854.0260416667
E2 + reset curriculum (live),live,20198400,789.0,414888.3828125,414167.90625
E2 + reset curriculum (live),live,20249600,791.0,411600.4296875,411578.3932291667
E2 + reset curriculum (live),live,20300800,793.0,408246.3671875,410038.3307291667
E2 + reset curriculum (live),live,20352000,795.0,410268.1953125,409521.171875
E2 + reset curriculum (live),live,20403200,797.0,410048.953125,410476.7604166667
E2 + reset curriculum (live),live,20454400,799.0,411113.1328125,411286.953125
E2 + reset curriculum (live),live,20505600,801.0,412698.7734375,414233.6770833333
E2 + reset curriculum (live),live,20556800,803.0,418889.125,415730.015625
E2 + reset curriculum (live),live,20608000,805.0,415602.1484375,415806.6953125
E2 + reset curriculum (live),live,20659200,807.0,412928.8125,413842.71875
E2 + reset curriculum (live),live,20710400,809.0,412997.1953125,414792.8854166667
E2 + reset curriculum (live),live,20761600,811.0,418452.6484375,415243.4348958333
E2 + reset curriculum (live),live,20812800,813.0,414280.4609375,415826.9088541667
E2 + reset curriculum (live),live,20864000,815.0,414747.6171875,414695.1848958333
E2 + reset curriculum (live),live,20915200,817.0,415057.4765625,413082.9479166667
E2 + reset curriculum (live),live,20966400,819.0,409443.75,411031.8619791667
E2 + reset curriculum (live),live,21017600,821.0,408594.359375,407691.8463541667
E2 + reset curriculum (live),live,21068800,823.0,405037.4296875,406319.1171875
E2 + reset curriculum (live),live,21120000,825.0,405325.5625,405652.3151041667
E2 + reset curriculum (live),live,21171200,827.0,406593.953125,407377.109375
E2 + reset curriculum (live),live,21222400,829.0,410211.8125,409081.0182291667
E2 + reset curriculum (live),live,21273600,831.0,410437.2890625,410589.3958333333
E2 + reset curriculum (live),live,21324800,833.0,411119.0859375,409674.6953125
E2 + reset curriculum (live),live,21376000,835.0,407467.7109375,410187.3515625
E2 + reset curriculum (live),live,21427200,837.0,411975.2578125,409921.46875
E2 + reset curriculum (live),live,21478400,839.0,410321.4375,411781.5338541667
E2 + reset curriculum (live),live,21529600,841.0,413047.90625,411109.7161458333
E2 + reset curriculum (live),live,21580800,843.0,409959.8046875,408927.9375
E2 + reset curriculum (live),live,21632000,845.0,403776.1015625,406121.1067708333
E2 + reset curriculum (live),live,21683200,847.0,404627.4140625,405909.6223958333
E2 + reset curriculum (live),live,21734400,849.0,409325.3515625,407454.9739583333
E2 + reset curriculum (live),live,21785600,851.0,408412.15625,409981.9296875
E2 + reset curriculum (live),live,21836800,853.0,412208.28125,410422.1171875
E2 + reset curriculum (live),live,21888000,855.0,410645.9140625,410581.3125
E2 + reset curriculum (live),live,21939200,857.0,408889.7421875,407146.3125
E2 + reset curriculum (live),live,21990400,859.0,401903.28125,405343.5885416667
E2 + reset curriculum (live),live,22041600,861.0,405237.7421875,405561.7317708333
E2 + reset curriculum (live),live,22092800,863.0,409544.171875,408113.5546875
E2 + reset curriculum (live),live,22144000,865.0,409558.75,409270.2630208333
E2 + reset curriculum (live),live,22195200,867.0,408707.8671875,409930.5338541667
E2 + reset curriculum (live),live,22246400,869.0,411524.984375,410084.1223958333
E2 + reset curriculum (live),live,22297600,871.0,410019.515625,409829.4505208333
E2 + reset curriculum (live),live,22348800,873.0,407943.8515625,409063.734375
E2 + reset curriculum (live),live,22400000,875.0,409227.8359375,408599.3463541667
E2 + reset curriculum (live),live,22451200,877.0,408626.3515625,408908.6276041667
E2 + reset curriculum (live),live,22502400,879.0,408871.6953125,408048.765625
E2 + reset curriculum (live),live,22553600,881.0,406648.25,408828.1640625
E2 + reset curriculum (live),live,22604800,883.0,410964.546875,409017.5989583333
E2 + reset curriculum (live),live,22656000,885.0,409440.0,409610.9036458333
E2 + reset curriculum (live),live,22707200,887.0,408428.1640625,410011.3671875
E2 + reset curriculum (live),live,22758400,889.0,412165.9375,409467.1901041667
E2 + reset curriculum (live),live,22809600,891.0,407807.46875,409820.7708333333
E2 + reset curriculum (live),live,22860800,893.0,409488.90625,408380.9635416667
E2 + reset curriculum (live),live,22912000,895.0,407846.515625,409256.7942708333
E2 + reset curriculum (live),live,22963200,897.0,410434.9609375,408196.0390625
E2 + reset curriculum (live),live,23014400,899.0,406306.640625,408229.1614583333
E2 + reset curriculum (live),live,23065600,901.0,407945.8828125,408384.4505208333
E2 + reset curriculum (live),live,23116800,903.0,410900.828125,410895.1666666667
E2 + reset curriculum (live),live,23168000,905.0,413838.7890625,413728.8229166667
E2 + reset curriculum (live),live,23219200,907.0,416446.8515625,415581.7604166667
E2 + reset curriculum (live),live,23270400,909.0,416459.640625,415766.8229166667
E2 + reset curriculum (live),live,23321600,911.0,414393.9765625,415541.0755208333
E2 + reset curriculum (live),live,23372800,913.0,415769.609375,415786.4947916667
E2 + reset curriculum (live),live,23424000,915.0,417195.8984375,415759.3802083333
E2 + reset curriculum (live),live,23475200,917.0,414312.6328125,414526.8359375
E2 + reset curriculum (live),live,23526400,919.0,412071.9765625,412976.0729166667
E2 + reset curriculum (live),live,23577600,921.0,412543.609375,412964.1276041667
E2 + reset curriculum (live),live,23628800,923.0,414276.796875,410768.078125
E2 + reset curriculum (live),live,23680000,925.0,405483.828125,409771.6927083333
E2 + reset curriculum (live),live,23731200,927.0,409554.453125,410019.5989583333
E2 + reset curriculum (live),live,23782400,929.0,415020.515625,413373.7083333333
E2 + reset curriculum (live),live,23833600,931.0,415546.15625,415434.9375
E2 + reset curriculum (live),live,23884800,933.0,415738.140625,415093.9947916667
E2 + reset curriculum (live),live,23936000,935.0,413997.6875,413969.3411458333
E2 + reset curriculum (live),live,23987200,937.0,412172.1953125,412371.5286458333
E2 + reset curriculum (live),live,24038400,939.0,410944.703125,411881.875
E2 + reset curriculum (live),live,24089600,941.0,412528.7265625,411136.375
E2 + reset curriculum (live),live,24140800,943.0,409935.6953125,410406.8619791667
E2 + reset curriculum (live),live,24192000,945.0,408756.1640625,410422.75
E2 + reset curriculum (live),live,24243200,947.0,412576.390625,414188.0182291667
E2 + reset curriculum (live),live,24294400,949.0,421231.5,416586.2864583333
E2 + reset curriculum (live),live,24345600,951.0,415950.96875,419402.7005208333
E2 + reset curriculum (live),live,24396800,953.0,421025.6328125,417538.2369791667
E2 + reset curriculum (live),live,24448000,955.0,415638.109375,419147.0208333333
E2 + reset curriculum (live),live,24499200,957.0,420777.3203125,418971.6536458333
E2 + reset curriculum (live),live,24550400,959.0,420499.53125,420382.4192708333
E2 + reset curriculum (live),live,24601600,961.0,419870.40625,419656.6328125
E2 + reset curriculum (live),live,24652800,963.0,418599.9609375,417873.5208333333
E2 + reset curriculum (live),live,24704000,965.0,415150.1953125,415689.40625
E2 + reset curriculum (live),live,24755200,967.0,413318.0625,414694.4453125
E2 + reset curriculum (live),live,24806400,969.0,415615.078125,415347.7994791667
E2 + reset curriculum (live),live,24857600,971.0,417110.2578125,416930.0677083333
E2 + reset curriculum (live),live,24908800,973.0,418064.8671875,417934.2994791667
E2 + reset curriculum (live),live,24960000,975.0,418627.7734375,418976.0625
E2 + reset curriculum (live),live,25011200,977.0,420235.546875,419431.7369791667
E2 + reset curriculum (live),live,25062400,979.0,419431.890625,419596.3776041667
E2 + reset curriculum (live),live,25113600,981.0,419121.6953125,419365.6588541667
E2 + reset curriculum (live),live,25164800,983.0,419543.390625,419677.7239583333
E2 + reset curriculum (live),live,25216000,985.0,420368.0859375,420503.5963541667
E2 + reset curriculum (live),live,25267200,987.0,421599.3125,419919.6796875
E2 + reset curriculum (live),live,25318400,989.0,417791.640625,420124.9010416667
E2 + reset curriculum (live),live,25369600,991.0,420983.75,417587.140625
E2 + reset curriculum (live),live,25420800,993.0,413986.03125,418550.2760416667
E2 + reset curriculum (live),live,25472000,995.0,420681.046875,419261.5989583333
E2 + reset curriculum (live),live,25523200,997.0,423117.71875,423261.4505208333
E2 + reset curriculum (live),live,25574400,999.0,425985.5859375,422755.2630208333
E2 + reset curriculum (live),live,25625600,1001.0,419162.484375,421411.9583333333
E2 + reset curriculum (live),live,25676800,1003.0,419087.8046875,418961.0
E2 + reset curriculum (live),live,25728000,1005.0,418632.7109375,420147.6536458333
E2 + reset curriculum (live),live,25779200,1007.0,422722.4453125,419529.8411458333
E2 + reset curriculum (live),live,25830400,1009.0,417234.3671875,418757.28125
E2 + reset curriculum (live),live,25881600,1011.0,416315.03125,417699.0833333333
E2 + reset curriculum (live),live,25932800,1013.0,419547.8515625,418876.6822916667
E2 + reset curriculum (live),live,25984000,1015.0,420767.1640625,420466.9739583333
E2 + reset curriculum (live),live,26035200,1017.0,421085.90625,419952.7239583333
E2 + reset curriculum (live),live,26086400,1019.0,418005.1015625,420809.8515625
E2 + reset curriculum (live),live,26137600,1021.0,423338.546875,421855.6380208333
E2 + reset curriculum (live),live,26188800,1023.0,424223.265625,423064.71875
E2 + reset curriculum (live),live,26240000,1025.0,421632.34375,423613.5494791667
E2 + reset curriculum (live),live,26291200,1027.0,424985.0390625,422319.3671875
E2 + reset curriculum (live),live,26342400,1029.0,420340.71875,421780.1614583333
E2 + reset curriculum (live),live,26393600,1031.0,420014.7265625,421906.4661458333
E2 + reset curriculum (live),live,26444800,1033.0,425363.953125,422433.578125
E2 + reset curriculum (live),live,26496000,1035.0,421922.0546875,424088.03125
E2 + reset curriculum (live),live,26547200,1037.0,424978.0859375,424247.078125
E2 + reset curriculum (live),live,26598400,1039.0,425841.09375,424869.3020833333
E2 + reset curriculum (live),live,26649600,1041.0,423788.7265625,423832.6145833333
E2 + reset curriculum (live),live,26700800,1043.0,421868.0234375,422509.1223958333
E2 + reset curriculum (live),live,26752000,1045.0,421870.6171875,421501.5546875
E2 + reset curriculum (live),live,26803200,1047.0,420766.0234375,422754.1067708333
E2 + reset curriculum (live),live,26854400,1049.0,425625.6796875,421545.4609375
E2 + reset curriculum (live),live,26905600,1051.0,418244.6796875,421786.8333333333
E2 + reset curriculum (live),live,26956800,1053.0,421490.140625,422090.0651041667
E2 + reset curriculum (live),live,27008000,1055.0,426535.375,421624.4322916667
E2 + reset curriculum (live),live,27059200,1057.0,416847.78125,422524.9921875
E2 + reset curriculum (live),live,27110400,1059.0,424191.8203125,421609.5677083333
E2 + reset curriculum (live),live,27161600,1061.0,423789.1015625,424068.1666666667
E2 + reset curriculum (live),live,27212800,1063.0,424223.578125,425029.4661458333
E2 + reset curriculum (live),live,27264000,1065.0,427075.71875,426499.4244791667
E2 + reset curriculum (live),live,27315200,1067.0,428198.9765625,426439.6302083333
E2 + reset curriculum (live),live,27366400,1069.0,424044.1953125,424954.1484375
E2 + reset curriculum (live),live,27417600,1071.0,422619.2734375,422460.7109375
E2 + reset curriculum (live),live,27468800,1073.0,420718.6640625,421414.6354166667
E2 + reset curriculum (live),live,27520000,1075.0,420905.96875,422896.1614583333
E2 + reset curriculum (live),live,27571200,1077.0,427063.8515625,425420.734375
E2 + reset curriculum (live),live,27622400,1079.0,428292.3828125,426554.5442708333
E2 + reset curriculum (live),live,27673600,1081.0,424307.3984375,427889.75
E2 + reset curriculum (live),live,27724800,1083.0,431069.46875,427691.4505208333
E2 + reset curriculum (live),live,27776000,1085.0,427697.484375,426272.140625
E2 + reset curriculum (live),live,27827200,1087.0,420049.46875,423246.8541666667
E2 + reset curriculum (live),live,27878400,1089.0,421993.609375,420792.0260416667
E2 + reset curriculum (live),live,27929600,1091.0,420333.0,421397.4713541667
E2 + reset curriculum (live),live,27980800,1093.0,421865.8046875,421327.3385416667
E2 + reset curriculum (live),live,28032000,1095.0,421783.2109375,421783.4791666667
E2 + reset curriculum (live),live,28083200,1097.0,421701.421875,422393.3072916667
E2 + reset curriculum (live),live,28134400,1099.0,423695.2890625,424475.8177083333
E2 + reset curriculum (live),live,28185600,1101.0,428030.7421875,426114.9973958333
E2 + reset curriculum (live),live,28236800,1103.0,426618.9609375,426431.5104166667
E2 + reset curriculum (live),live,28288000,1105.0,424644.828125,425743.8515625
E2 + reset curriculum (live),live,28339200,1107.0,425967.765625,425083.3359375
E2 + reset curriculum (live),live,28390400,1109.0,424637.4140625,423177.5807291667
E2 + reset curriculum (live),live,28441600,1111.0,418927.5625,422909.796875
E2 + reset curriculum (live),live,28492800,1113.0,425164.4140625,423928.6692708333
E2 + reset curriculum (live),live,28544000,1115.0,427694.03125,425980.8177083333
E2 + reset curriculum (live),live,28595200,1117.0,425084.0078125,426133.8958333333
E2 + reset curriculum (live),live,28646400,1119.0,425623.6484375,424951.640625
E2 + reset curriculum (live),live,28697600,1121.0,424147.265625,422474.671875
E2 + reset curriculum (live),live,28748800,1123.0,417653.1015625,419971.8125
E2 + reset curriculum (live),live,28800000,1125.0,418115.0703125,420279.5078125
E2 + reset curriculum (live),live,28851200,1127.0,425070.3515625,422142.2057291667
E2 + reset curriculum (live),live,28902400,1129.0,423241.1953125,424065.7630208333
E2 + reset curriculum (live),live,28953600,1131.0,423885.7421875,423324.0651041667
E2 + reset curriculum (live),live,29004800,1133.0,422845.2578125,425237.6484375
E2 + reset curriculum (live),live,29056000,1135.0,428981.9453125,424982.1692708333
E2 + reset curriculum (live),live,29107200,1137.0,423119.3046875,424686.6614583333
E2 + reset curriculum (live),live,29158400,1139.0,421958.734375,421805.6302083333
E2 + reset curriculum (live),live,29209600,1141.0,420338.8515625,419972.6119791667
E2 + reset curriculum (live),live,29260800,1143.0,417620.25,420108.5260416667
E2 + reset curriculum (live),live,29312000,1145.0,422366.4765625,419846.4817708333
E2 + reset curriculum (live),live,29363200,1147.0,419552.71875,420530.296875
E2 + reset curriculum (live),live,29414400,1149.0,419671.6953125,421115.9088541667
E2 + reset curriculum (live),live,29465600,1151.0,424123.3125,421900.625
E2 + reset curriculum (live),live,29516800,1153.0,421906.8671875,423519.703125
E2 + reset curriculum (live),live,29568000,1155.0,424528.9296875,423038.53125
E2 + reset curriculum (live),live,29619200,1157.0,422679.796875,424918.5885416667
E2 + reset curriculum (live),live,29670400,1159.0,427547.0390625,426000.3307291667
E2 + reset curriculum (live),live,29721600,1161.0,427774.15625,425362.7135416667
E2 + reset curriculum (live),live,29772800,1163.0,420766.9453125,424770.328125
E2 + reset curriculum (live),live,29824000,1165.0,425769.8828125,425103.0807291667
E2 + reset curriculum (live),live,29875200,1167.0,428772.4140625,427049.1536458333
E2 + reset curriculum (live),live,29926400,1169.0,426605.1640625,428116.5677083333
E2 + reset curriculum (live),live,29977600,1171.0,428972.125,428015.8463541667
E2 + reset curriculum (live),live,30028800,1173.0,428470.25,428404.5182291667
E2 + reset curriculum (live),live,30080000,1175.0,427771.1796875,429407.5182291667
E2 + reset curriculum (live),live,30131200,1177.0,431981.125,429130.9479166667
E2 + reset curriculum (live),live,30182400,1179.0,427640.5390625,429473.9010416667
E2 + reset curriculum (live),live,30233600,1181.0,428800.0390625,428411.7447916667
E2 + reset curriculum (live),live,30284800,1183.0,428794.65625,429926.9635416667
E2 + reset curriculum (live),live,30336000,1185.0,432186.1953125,431135.8020833333
E2 + reset curriculum (live),live,30387200,1187.0,432426.5546875,431644.7447916667
E2 + reset curriculum (live),live,30438400,1189.0,430321.484375,431684.4427083333
E2 + reset curriculum (live),live,30489600,1191.0,432305.2890625,432089.1380208333
E2 + reset curriculum (live),live,30540800,1193.0,433640.640625,433308.1223958333
E2 + reset curriculum (live),live,30592000,1195.0,433978.4375,432139.953125
E2 + reset curriculum (live),live,30643200,1197.0,428800.78125,430500.8776041667
E2 + reset curriculum (live),live,30694400,1199.0,428723.4140625,429490.1536458333
E2 + reset curriculum (live),live,30745600,1201.0,430946.265625,429220.0494791667
E2 + reset curriculum (live),live,30796800,1203.0,427990.46875,430193.3125
E2 + reset curriculum (live),live,30848000,1205.0,431643.203125,428983.171875
E2 + reset curriculum (live),live,30899200,1207.0,427315.84375,429491.2213541667
E2 + reset curriculum (live),live,30950400,1209.0,429514.6171875,428366.671875
E2 + reset curriculum (live),live,31001600,1211.0,428269.5546875,429471.1354166667
E2 + reset curriculum (live),live,31052800,1213.0,430629.234375,429640.3463541667
E2 + reset curriculum (live),live,31104000,1215.0,430022.25,429907.3567708333
E2 + reset curriculum (live),live,31155200,1217.0,429070.5859375,428914.1458333333
E2 + reset curriculum (live),live,31206400,1219.0,427649.6015625,428999.6901041667
E2 + reset curriculum (live),live,31257600,1221.0,430278.8828125,427104.5963541667
E2 + reset curriculum (live),live,31308800,1223.0,423385.3046875,427685.1822916667
E2 + reset curriculum (live),live,31360000,1225.0,429391.359375,426443.9635416667
E2 + reset curriculum (live),live,31411200,1227.0,426555.2265625,426828.7421875
E2 + reset curriculum (live),live,31462400,1229.0,424539.640625,424137.4401041667
E2 + reset curriculum (live),live,31513600,1231.0,421317.453125,422823.9296875
E2 + reset curriculum (live),live,31564800,1233.0,422614.6953125,424138.4739583333
E2 + reset curriculum (live),live,31616000,1235.0,428483.2734375,427302.8255208333
E2 + reset curriculum (live),live,31667200,1237.0,430810.5078125,430085.5208333333
E2 + reset curriculum (live),live,31718400,1239.0,430962.78125,429975.7994791667
E2 + reset curriculum (live),live,31769600,1241.0,428154.109375,429389.796875
E2 + reset curriculum (live),live,31820800,1243.0,429052.5,427947.4166666667
E2 + reset curriculum (live),live,31872000,1245.0,426635.640625,426019.8203125
E2 + reset curriculum (live),live,31923200,1247.0,422371.3203125,425966.4921875
E2 + reset curriculum (live),live,31974400,1249.0,428892.515625,426790.7786458333
E2 + reset curriculum (live),live,32025600,1251.0,429108.5,429514.2473958333
E2 + reset curriculum (live),live,32076800,1253.0,430541.7265625,428941.4817708333
E2 + reset curriculum (live),live,32128000,1255.0,427174.21875,430262.3958333333
E2 + reset curriculum (live),live,32179200,1257.0,433071.2421875,430733.6432291667
E2 + reset curriculum (live),live,32230400,1259.0,431955.46875,430461.1484375
E2 + reset curriculum (live),live,32281600,1261.0,426356.734375,428354.3776041667
E2 + reset curriculum (live),live,32332800,1263.0,426750.9296875,427545.515625
E2 + reset curriculum (live),live,32384000,1265.0,429528.8828125,429474.3671875
E2 + reset curriculum (live),live,32435200,1267.0,432143.2890625,430072.75
E2 + reset curriculum (live),live,32486400,1269.0,428546.078125,429522.9088541667
E2 + reset curriculum (live),live,32537600,1271.0,427879.359375,428434.9557291667
E2 + reset curriculum (live),live,32588800,1273.0,428879.4296875,429852.2317708333
E2 + reset curriculum (live),live,32640000,1275.0,432797.90625,429651.5546875
E2 + reset curriculum (live),live,32691200,1277.0,427277.328125,428876.6067708333
E2 + reset curriculum (live),live,32742400,1279.0,426554.5859375,428071.1380208333
E2 + reset curriculum (live),live,32793600,1281.0,430381.5,425439.7057291667
E2 + reset curriculum (live),live,32844800,1283.0,419383.03125,424910.9270833333
E2 + reset curriculum (live),live,32896000,1285.0,424968.25,424732.0390625
E2 + reset curriculum (live),live,32947200,1287.0,429844.8359375,426243.8697916667
E2 + reset curriculum (live),live,32998400,1289.0,423918.5234375,427389.6744791667
E2 + reset curriculum (live),live,33049600,1291.0,428405.6640625,425855.7265625
E2 + reset curriculum (live),live,33100800,1293.0,425242.9921875,426509.8463541667
E2 + reset curriculum (live),live,33152000,1295.0,425880.8828125,427160.6484375
E2 + reset curriculum (live),live,33203200,1297.0,430358.0703125,428506.0
E2 + reset curriculum (live),live,33254400,1299.0,429279.046875,431403.34375
E2 + reset curriculum (live),live,33305600,1301.0,434572.9140625,432259.515625
E2 + reset curriculum (live),live,33356800,1303.0,432926.5859375,431926.21875
E2 + reset curriculum (live),live,33408000,1305.0,428279.15625,429160.4010416667
E2 + reset curriculum (live),live,33459200,1307.0,426275.4609375,427855.5833333333
E2 + reset curriculum (live),live,33510400,1309.0,429012.1328125,428423.0078125
E2 + reset curriculum (live),live,33561600,1311.0,429981.4296875,427965.28125
E2 + reset curriculum (live),live,33612800,1313.0,424902.28125,427546.0416666667
E2 + reset curriculum (live),live,33664000,1315.0,427754.4140625,427812.6380208333
E2 + reset curriculum (live),live,33715200,1317.0,430781.21875,429538.9583333333
E2 + reset curriculum (live),live,33766400,1319.0,430081.2421875,430525.2135416667
E2 + reset curriculum (live),live,33817600,1321.0,430713.1796875,430355.6197916667
E2 + reset curriculum (live),live,33868800,1323.0,430272.4375,430843.5234375
E2 + reset curriculum (live),live,33920000,1325.0,431544.953125,430104.734375
E2 + reset curriculum (live),live,33971200,1327.0,428496.8125,429671.0130208333
E2 + reset curriculum (live),live,34022400,1329.0,428971.2734375,430575.0286458333
E2 + reset curriculum (live),live,34073600,1331.0,434257.0,430918.6380208333
E2 + reset curriculum (live),live,34124800,1333.0,429527.640625,431089.0078125
E2 + reset curriculum (live),live,34176000,1335.0,429482.3828125,430330.8541666667
E2 + reset curriculum (live),live,34227200,1337.0,431982.5390625,431498.8958333333
E2 + reset curriculum (live),live,34278400,1339.0,433031.765625,433044.8619791667
E2 + reset curriculum (live),live,34329600,1341.0,434120.28125,432730.4244791667
E2 + reset curriculum (live),live,34380800,1343.0,431039.2265625,433267.1223958333
E2 + reset curriculum (live),live,34432000,1345.0,434641.859375,433631.4869791667
E2 + reset curriculum (live),live,34483200,1347.0,435213.375,435142.2265625
E2 + reset curriculum (live),live,34534400,1349.0,435571.4453125,434541.1458333333
E2 + reset curriculum (live),live,34585600,1351.0,432838.6171875,431966.8723958333
E2 + reset curriculum (live),live,34636800,1353.0,427490.5546875,429021.6744791667
E2 + reset curriculum (live),live,34688000,1355.0,426735.8515625,428634.7526041667
E2 + reset curriculum (live),live,34739200,1357.0,431677.8515625,427581.625
E2 + reset curriculum (live),live,34790400,1359.0,424331.171875,428688.6979166667
E2 + reset curriculum (live),live,34841600,1361.0,430057.0703125,429698.6484375
E2 + reset curriculum (live),live,34892800,1363.0,434707.703125,432102.8151041667
E2 + reset curriculum (live),live,34944000,1365.0,431543.671875,431696.8072916667
E2 + reset curriculum (live),live,34995200,1367.0,428839.046875,430175.6927083333
E2 + reset curriculum (live),live,35046400,1369.0,430144.359375,430374.8802083333
E2 + reset curriculum (live),live,35097600,1371.0,432141.234375,430805.5885416667
E2 + reset curriculum (live),live,35148800,1373.0,430131.171875,431815.984375
E2 + reset curriculum (live),live,35200000,1375.0,433175.546875,431315.3411458333
E2 + reset curriculum (live),live,35251200,1377.0,430639.3046875,431426.5677083333
E2 + reset curriculum (live),live,35302400,1379.0,430464.8515625,430090.1145833333
E2 + reset curriculum (live),live,35353600,1381.0,429166.1875,428387.0598958333
E2 + reset curriculum (live),live,35404800,1383.0,425530.140625,428227.4192708333
E2 + reset curriculum (live),live,35456000,1385.0,429985.9296875,427917.53125
E2 + reset curriculum (live),live,35507200,1387.0,428236.5234375,429163.6458333333
E2 + reset curriculum (live),live,35558400,1389.0,429268.484375,428826.3177083333
E2 + reset curriculum (live),live,35609600,1391.0,428973.9453125,428941.2760416667
E2 + reset curriculum (live),live,35660800,1393.0,428581.3984375,428261.6197916667
E2 + reset curriculum (live),live,35712000,1395.0,427229.515625,427791.0286458333
E2 + reset curriculum (live),live,35763200,1397.0,427562.171875,426684.5651041667
E2 + reset curriculum (live),live,35814400,1399.0,425262.0078125,425921.0234375
E2 + reset curriculum (live),live,35865600,1401.0,424938.890625,423734.65625
E2 + reset curriculum (live),live,35916800,1403.0,421003.0703125,423687.9765625
E2 + reset curriculum (live),live,35968000,1405.0,425121.96875,421399.6223958333
E2 + reset curriculum (live),live,36019200,1407.0,418073.828125,420661.125
E2 + reset curriculum (live),live,36070400,1409.0,418787.578125,421322.6432291667
E2 + reset curriculum (live),live,36121600,1411.0,427106.5234375,423946.0807291667
E2 + reset curriculum (live),live,36172800,1413.0,425944.140625,428404.28125
E2 + reset curriculum (live),live,36224000,1415.0,432162.1796875,431284.5651041667
E2 + reset curriculum (live),live,36275200,1417.0,435747.375,434501.8020833333
E2 + reset curriculum (live),live,36326400,1419.0,435595.8515625,434060.984375
E2 + reset curriculum (live),live,36377600,1421.0,430839.7265625,432807.8567708333
E2 + reset curriculum (live),live,36428800,1423.0,431987.9921875,431857.5182291667
E2 + reset curriculum (live),live,36480000,1425.0,432744.8359375,432306.1770833333
E2 + reset curriculum (live),live,36531200,1427.0,432185.703125,431369.1380208333
E2 + reset curriculum (live),live,36582400,1429.0,429176.875,431557.1484375
E2 + reset curriculum (live),live,36633600,1431.0,433308.8671875,433086.1770833333
E2 + reset curriculum (live),live,36684800,1433.0,436772.7890625,435351.2552083333
E2 + reset curriculum (live),live,36736000,1435.0,435972.109375,436817.1770833333
E2 + reset curriculum (live),live,36787200,1437.0,437706.6328125,435517.7135416667
E2 + reset curriculum (live),live,36838400,1439.0,432874.3984375,436415.0416666667
E2 + reset curriculum (live),live,36889600,1441.0,438664.09375,435633.0286458333
E2 + reset curriculum (live),live,36940800,1443.0,435360.59375,434508.6848958333
E2 + reset curriculum (live),live,36992000,1445.0,429501.3671875,433231.4375
E2 + reset curriculum (live),live,37043200,1447.0,434832.3515625,433574.1276041667
E2 + reset curriculum (live),live,37094400,1449.0,436388.6640625,433822.6041666667
E2 + reset curriculum (live),live,37145600,1451.0,430246.796875,433484.7239583333
E2 + reset curriculum (live),live,37196800,1453.0,433818.7109375,432410.7864583333
E2 + reset curriculum (live),live,37248000,1455.0,433166.8515625,433341.0546875
E2 + reset curriculum (live),live,37299200,1457.0,433037.6015625,433114.7994791667
E2 + reset curriculum (live),live,37350400,1459.0,433139.9453125,434916.6692708333
E2 + reset curriculum (live),live,37401600,1461.0,438572.4609375,437341.109375
E2 + reset curriculum (live),live,37452800,1463.0,440310.921875,439552.265625
E2 + reset curriculum (live),live,37504000,1465.0,439773.4140625,440579.5234375
E2 + reset curriculum (live),live,37555200,1467.0,441654.234375,439467.3802083333
E2 + reset curriculum (live),live,37606400,1469.0,436974.4921875,440223.9036458333
E2 + reset curriculum (live),live,37657600,1471.0,442042.984375,439572.2161458333
E2 + reset curriculum (live),live,37708800,1473.0,439699.171875,439260.6041666667
E2 + reset curriculum (live),live,37760000,1475.0,436039.65625,438743.6744791667
E2 + reset curriculum (live),live,37811200,1477.0,440492.1953125,439447.6953125
E2 + reset curriculum (live),live,37862400,1479.0,441811.234375,441340.3046875
E2 + reset curriculum (live),live,37913600,1481.0,441717.484375,443093.2734375
E2 + reset curriculum (live),live,37964800,1483.0,445751.1015625,444250.1614583333
E2 + reset curriculum (live),live,38016000,1485.0,445281.8984375,445572.125
E2 + reset curriculum (live),live,38067200,1487.0,445683.375,445082.3723958333
E2 + reset curriculum (live),live,38118400,1489.0,444281.84375,444017.6666666667
E2 + reset curriculum (live),live,38169600,1491.0,442087.78125,444098.1484375
E2 + reset curriculum (live),live,38220800,1493.0,445924.8203125,443820.9296875
E2 + reset curriculum (live),live,38272000,1495.0,443450.1875,444185.0859375
E2 + reset curriculum (live),live,38323200,1497.0,443180.25,442491.3567708333
E2 + reset curriculum (live),live,38374400,1499.0,440843.6328125,441128.96875
E2 + reset curriculum (live),live,38425600,1501.0,439363.0234375,440554.4296875
E2 + reset curriculum (live),live,38476800,1503.0,441456.6328125,442447.3125
E2 + reset curriculum (live),live,38528000,1505.0,446522.28125,444691.3645833333
E2 + reset curriculum (live),live,38579200,1507.0,446095.1796875,445975.484375
E2 + reset curriculum (live),live,38630400,1509.0,445308.9921875,443402.7890625
E2 + reset curriculum (live),live,38681600,1511.0,438804.1953125,442128.6302083333
E2 + reset curriculum (live),live,38732800,1513.0,442272.703125,441288.3958333333
E2 + reset curriculum (live),live,38784000,1515.0,442788.2890625,442212.6953125
E2 + reset curriculum (live),live,38835200,1517.0,441577.09375,443228.3671875
E2 + reset curriculum (live),live,38886400,1519.0,445319.71875,443653.7135416667
E2 + reset curriculum (live),live,38937600,1521.0,444064.328125,442930.140625
E2 + reset curriculum (live),live,38988800,1523.0,439406.375,441373.2604166667
E2 + reset curriculum (live),live,39040000,1525.0,440649.078125,440906.59375
E2 + reset curriculum (live),live,39091200,1527.0,442664.328125,442743.7291666667
E2 + reset curriculum (live),live,39142400,1529.0,444917.78125,444961.6223958333
E2 + reset curriculum (live),live,39193600,1531.0,447302.7578125,442690.3828125
E2 + reset curriculum (live),live,39244800,1533.0,435850.609375,441669.28125
E2 + reset curriculum (live),live,39296000,1535.0,441854.4765625,439413.8697916667
E2 + reset curriculum (live),live,39347200,1537.0,440536.5234375,441327.578125
E2 + reset curriculum (live),live,39398400,1539.0,441591.734375,440938.6041666667
E2 + reset curriculum (live),live,39449600,1541.0,440687.5546875,440974.2890625
E2 + reset curriculum (live),live,39500800,1543.0,440643.578125,441064.3671875
E2 + reset curriculum (live),live,39552000,1545.0,441861.96875,442152.3151041667
E2 + reset curriculum (live),live,39603200,1547.0,443951.3984375,441986.3098958333
E2 + reset curriculum (live),live,39654400,1549.0,440145.5625,439393.4791666667
E2 + reset curriculum (live),live,39705600,1551.0,434083.4765625,437638.2994791667
E2 + reset curriculum (live),live,39756800,1553.0,438685.859375,438338.8828125
E2 + reset curriculum (live),live,39808000,1555.0,442247.3125,439647.4635416667
E2 + reset curriculum (live),live,39859200,1557.0,438009.21875,439231.7838541667
E2 + reset curriculum (live),live,39910400,1559.0,437438.8203125,438580.2682291667
E2 + reset curriculum (live),live,39961600,1561.0,440292.765625,439372.21875
E2 + reset curriculum (live),live,40012800,1563.0,440385.0703125,440143.4765625
E2 + reset curriculum (live),live,40064000,1565.0,439752.59375,440313.2890625
E2 + reset curriculum (live),live,40115200,1567.0,440802.203125,439593.9765625
E2 + reset curriculum (live),live,40166400,1569.0,438227.1328125,438756.6875
E2 + reset curriculum (live),live,40217600,1571.0,437240.7265625,439437.1510416667
E2 + reset curriculum (live),live,40268800,1573.0,442843.59375,440021.1328125
E2 + reset curriculum (live),live,40320000,1575.0,439979.078125,440831.8307291667
E2 + reset curriculum (live),live,40371200,1577.0,439672.8203125,439946.7734375
E2 + reset curriculum (live),live,40422400,1579.0,440188.421875,439755.3567708333
E2 + reset curriculum (live),live,40473600,1581.0,439404.828125,440492.953125
E2 + reset curriculum (live),live,40524800,1583.0,441885.609375,440576.4635416667
E2 + reset curriculum (live),live,40576000,1585.0,440438.953125,441786.5234375
E2 + reset curriculum (live),live,40627200,1587.0,443035.0078125,442975.0885416667
E2 + reset curriculum (live),live,40678400,1589.0,445451.3046875,444128.7578125
E2 + reset curriculum (live),live,40729600,1591.0,443899.9609375,444628.0364583333
E2 + reset curriculum (live),live,40780800,1593.0,444532.84375,443755.25
E2 + reset curriculum (live),live,40832000,1595.0,442832.9453125,443439.859375
E2 + reset curriculum (live),live,40883200,1597.0,442953.7890625,441851.1510416667
E2 + reset curriculum (live),live,40934400,1599.0,439766.71875,442032.6953125
E2 + reset curriculum (live),live,40985600,1601.0,443377.578125,441829.7682291667
E2 + reset curriculum (live),live,41036800,1603.0,442345.0078125,442922.8307291667
E2 + reset curriculum (live),live,41088000,1605.0,443045.90625,442171.3854166667
E2 + reset curriculum (live),live,41139200,1607.0,441123.2421875,442580.0807291667
E2 + reset curriculum (live),live,41190400,1609.0,443571.09375,443515.859375
E2 + reset curriculum (live),live,41241600,1611.0,445853.2421875,445255.7473958333
E2 + reset curriculum (live),live,41292800,1613.0,446342.90625,446154.1927083333
E2 + reset curriculum (live),live,41344000,1615.0,446266.4296875,445692.6927083333
E2 + reset curriculum (live),live,41395200,1617.0,444468.7421875,445084.9453125
E2 + reset curriculum (live),live,41446400,1619.0,444519.6640625,445455.09375
E2 + reset curriculum (live),live,41497600,1621.0,447376.875,446170.9505208333
E2 + reset curriculum (live),live,41548800,1623.0,446616.3125,447210.4270833333
E2 + reset curriculum (live),live,41600000,1625.0,447638.09375,446825.1302083333
E2 + reset curriculum (live),live,41651200,1627.0,446220.984375,446412.5286458333
E2 + reset curriculum (live),live,41702400,1629.0,445378.5078125,445038.0885416667
E2 + reset curriculum (live),live,41753600,1631.0,443514.7734375,444446.640625
