series,local_learning_episode,raw_value,three_point_smoothed_value
MAPPO continuation (local x),1.0,488246.0,488466.75
MAPPO continuation (local x),3.0,488687.5,488882.5104166667
MAPPO continuation (local x),5.0,489714.03125,489464.8854166667
MAPPO continuation (local x),7.0,489993.125,489510.7916666667
MAPPO continuation (local x),9.0,488825.21875,489881.0208333333
MAPPO continuation (local x),11.0,490824.71875,489791.7916666667
MAPPO continuation (local x),13.0,489725.4375,490247.3125
MAPPO continuation (local x),15.0,490191.78125,490203.84375
MAPPO continuation (local x),17.0,490694.3125,490403.8854166667
MAPPO continuation (local x),19.0,490325.5625,489709.8229166667
MAPPO continuation (local x),21.0,488109.59375,489246.8125
MAPPO continuation (local x),23.0,489305.28125,489150.9479166667
MAPPO continuation (local x),25.0,490037.96875,489378.9375
MAPPO continuation (local x),27.0,488793.5625,489332.6979166667
MAPPO continuation (local x),29.0,489166.5625,488933.0729166667
MAPPO continuation (local x),31.0,488839.09375,489439.6041666667
MAPPO continuation (local x),33.0,490313.15625,489961.5416666667
MAPPO continuation (local x),35.0,490732.375,490673.3854166667
MAPPO continuation (local x),37.0,490974.625,490943.7083333333
MAPPO continuation (local x),39.0,491124.125,491520.3541666667
MAPPO continuation (local x),41.0,492462.3125,492304.3541666667
MAPPO continuation (local x),43.0,493326.625,492748.5104166667
MAPPO continuation (local x),45.0,492456.59375,493011.46875
MAPPO continuation (local x),47.0,493251.1875,492642.90625
MAPPO continuation (local x),49.0,492220.9375,492703.0833333333
MAPPO continuation (local x),51.0,492637.125,492820.84375
MAPPO continuation (local x),53.0,493604.46875,493100.6145833333
MAPPO continuation (local x),55.0,493060.25,493453.2395833333
MAPPO continuation (local x),57.0,493695.0,493043.8333333333
MAPPO continuation (local x),59.0,492376.25,493656.75
MAPPO continuation (local x),61.0,494899.0,493393.0729166667
MAPPO continuation (local x),63.0,492903.96875,493368.625
MAPPO continuation (local x),65.0,492302.90625,492437.5729166667
MAPPO continuation (local x),67.0,492105.84375,492164.2604166667
MAPPO continuation (local x),69.0,492084.03125,491690.2604166667
MAPPO continuation (local x),71.0,490880.90625,490876.2291666667
MAPPO continuation (local x),73.0,489663.75,490154.9166666667
MAPPO continuation (local x),75.0,489920.09375,489620.0416666667
MAPPO continuation (local x),77.0,489276.28125,489551.6979166667
MAPPO continuation (local x),79.0,489458.71875,489563.0416666667
MAPPO continuation (local x),81.0,489954.125,490100.6875
MAPPO continuation (local x),83.0,490889.21875,490911.1875
MAPPO continuation (local x),85.0,491890.21875,491287.4791666667
MAPPO continuation (local x),87.0,491083.0,492130.53125
MAPPO continuation (local x),89.0,493418.375,492455.5416666667
MAPPO continuation (local x),91.0,492865.25,492977.8020833333
MAPPO continuation (local x),93.0,492649.78125,492152.21875
MAPPO continuation (local x),95.0,490941.625,491937.71875
MAPPO continuation (local x),97.0,492221.75,491622.0520833333
MAPPO continuation (local x),99.0,491702.78125,491651.1770833333
MAPPO continuation (local x),101.0,491029.0,491133.1770833333
MAPPO continuation (local x),103.0,490667.75,491695.1875
MAPPO continuation (local x),105.0,493388.8125,491833.7604166667
MAPPO continuation (local x),107.0,491444.71875,491872.40625
MAPPO continuation (local x),109.0,490783.6875,490528.3854166667
MAPPO continuation (local x),111.0,489356.75,489975.1770833333
MAPPO continuation (local x),113.0,489785.09375,489250.0520833333
MAPPO continuation (local x),115.0,488608.3125,489250.0416666667
MAPPO continuation (local x),117.0,489356.71875,489094.8125
MAPPO continuation (local x),119.0,489319.40625,489719.1979166667
MAPPO continuation (local x),121.0,490481.46875,490347.375
MAPPO continuation (local x),123.0,491241.25,490230.59375
MAPPO continuation (local x),125.0,488969.0625,489468.34375
MAPPO continuation (local x),127.0,488194.71875,488354.78125
MAPPO continuation (local x),129.0,487900.5625,487616.3645833333
MAPPO continuation (local x),131.0,486753.8125,486781.40625
MAPPO continuation (local x),133.0,485689.84375,486382.5729166667
MAPPO continuation (local x),135.0,486704.0625,486749.6770833333
MAPPO continuation (local x),137.0,487855.125,487544.7083333333
MAPPO continuation (local x),139.0,488074.9375,488148.09375
MAPPO continuation (local x),141.0,488514.21875,488366.8333333333
MAPPO continuation (local x),143.0,488511.34375,488037.34375
MAPPO continuation (local x),145.0,487086.46875,487170.8229166667
MAPPO continuation (local x),147.0,485914.65625,486565.5
MAPPO continuation (local x),149.0,486695.375,486358.53125
MAPPO continuation (local x),151.0,486465.5625,486280.25
MAPPO continuation (local x),153.0,485679.8125,485572.8854166667
MAPPO continuation (local x),155.0,484573.28125,485504.2291666667
MAPPO continuation (local x),157.0,486259.59375,485771.78125
MAPPO continuation (local x),159.0,486482.46875,486167.2291666667
MAPPO continuation (local x),161.0,485759.625,485339.6041666667
MAPPO continuation (local x),163.0,483776.71875,484830.6875
MAPPO continuation (local x),165.0,484955.71875,484171.8958333333
MAPPO continuation (local x),167.0,483783.25,484279.9791666667
MAPPO continuation (local x),169.0,484100.96875,484534.1875
MAPPO continuation (local x),171.0,485718.34375,485524.8229166667
MAPPO continuation (local x),173.0,486755.15625,486446.09375
MAPPO continuation (local x),175.0,486864.78125,486402.8958333333
MAPPO continuation (local x),177.0,485588.75,486277.6770833333
MAPPO continuation (local x),179.0,486379.5,485976.6041666667
MAPPO continuation (local x),181.0,485961.5625,486113.34375
MAPPO continuation (local x),183.0,485998.96875,485965.4270833333
MAPPO continuation (local x),185.0,485935.75,485320.9583333333
MAPPO continuation (local x),187.0,484028.15625,484796.7291666667
MAPPO continuation (local x),189.0,484426.28125,484293.9479166667
MAPPO continuation (local x),191.0,484427.40625,484284.09375
MAPPO continuation (local x),193.0,483998.59375,483318.0208333333
MAPPO continuation (local x),195.0,481528.0625,482542.9479166667
MAPPO continuation (local x),197.0,482102.1875,481931.4583333333
MAPPO continuation (local x),199.0,482164.125,482862.84375
MAPPO continuation (local x),201.0,484322.21875,483804.9166666667
MAPPO continuation (local x),203.0,484928.40625,485844.4270833333
MAPPO continuation (local x),205.0,488282.65625,487493.2604166667
MAPPO continuation (local x),207.0,489268.71875,488461.5729166667
MAPPO continuation (local x),209.0,487833.34375,488758.3333333333
MAPPO continuation (local x),211.0,489172.9375,488884.5416666667
MAPPO continuation (local x),213.0,489647.34375,489494.2708333333
MAPPO continuation (local x),215.0,489662.53125,490548.4791666667
MAPPO continuation (local x),217.0,492335.5625,491479.5104166667
MAPPO continuation (local x),219.0,492440.4375,492109.2291666667
MAPPO continuation (local x),221.0,491551.6875,491978.6041666667
MAPPO continuation (local x),223.0,491943.6875,491486.25
MAPPO continuation (local x),225.0,490963.375,490892.7708333333
MAPPO continuation (local x),227.0,489771.25,491025.8958333333
MAPPO continuation (local x),229.0,492343.0625,491644.0729166667
MAPPO continuation (local x),231.0,492817.90625,492890.2395833333
MAPPO continuation (local x),233.0,493509.75,493201.2291666667
MAPPO continuation (local x),235.0,493276.03125,493767.8541666667
MAPPO continuation (local x),237.0,494517.78125,494741.25
MAPPO continuation (local x),239.0,496429.9375,495687.3333333333
MAPPO continuation (local x),241.0,496114.28125,496212.2395833333
MAPPO continuation (local x),243.0,496092.5,496229.9791666667
MAPPO continuation (local x),245.0,496483.15625,496436.3125
MAPPO continuation (local x),247.0,496733.28125,496689.5208333333
MAPPO continuation (local x),249.0,496852.125,496669.2083333333
MAPPO continuation (local x),251.0,496422.21875,497063.4166666667
MAPPO continuation (local x),253.0,497915.90625,497187.0416666667
MAPPO continuation (local x),255.0,497223.0,497334.21875
MAPPO continuation (local x),257.0,496863.75,496840.8229166667
MAPPO continuation (local x),259.0,496435.71875,496471.90625
MAPPO continuation (local x),261.0,496116.25,496056.5208333333
MAPPO continuation (local x),263.0,495617.59375,495397.5
MAPPO continuation (local x),265.0,494458.65625,494295.9791666667
MAPPO continuation (local x),267.0,492811.6875,493405.3125
MAPPO continuation (local x),269.0,492945.59375,492954.9583333333
MAPPO continuation (local x),271.0,493107.59375,493402.3020833333
MAPPO continuation (local x),273.0,494153.71875,493945.1979166667
MAPPO continuation (local x),275.0,494574.28125,494759.5625
MAPPO continuation (local x),277.0,495550.6875,494564.125
MAPPO continuation (local x),279.0,493567.40625,494978.3958333333
MAPPO continuation (local x),281.0,495817.09375,495122.1354166667
MAPPO continuation (local x),283.0,495981.90625,495935.90625
MAPPO continuation (local x),285.0,496008.71875,495910.1458333333
MAPPO continuation (local x),287.0,495739.8125,495794.5625
MAPPO continuation (local x),289.0,495635.15625,495362.6354166667
MAPPO continuation (local x),291.0,494712.9375,495927.0
MAPPO continuation (local x),293.0,497432.90625,496118.1458333333
MAPPO continuation (local x),295.0,496208.59375,497290.6979166667
MAPPO continuation (local x),297.0,498230.59375,497055.1770833333
MAPPO continuation (local x),299.0,496726.34375,497473.3645833333
MAPPO continuation (local x),301.0,497463.15625,497540.6666666667
MAPPO continuation (local x),303.0,498432.5,498141.8229166667
MAPPO continuation (local x),305.0,498529.8125,498589.125
MAPPO continuation (local x),307.0,498805.0625,498318.4895833333
MAPPO continuation (local x),309.0,497620.59375,497437.4895833333
MAPPO continuation (local x),311.0,495886.8125,496738.7604166667
MAPPO continuation (local x),313.0,496708.875,496020.7395833333
MAPPO continuation (local x),315.0,495466.53125,496112.7395833333
MAPPO continuation (local x),317.0,496162.8125,495714.9166666667
MAPPO continuation (local x),319.0,495515.40625,496032.4583333333
MAPPO continuation (local x),321.0,496419.15625,495604.59375
MAPPO continuation (local x),323.0,494879.21875,495689.7395833333
MAPPO continuation (local x),325.0,495770.84375,495737.96875
MAPPO continuation (local x),327.0,496563.84375,496304.75
MAPPO continuation (local x),329.0,496579.5625,496270.4791666667
MAPPO continuation (local x),331.0,495668.03125,496019.2916666667
MAPPO continuation (local x),333.0,495810.28125,495319.90625
MAPPO continuation (local x),335.0,494481.40625,495001.5625
MAPPO continuation (local x),337.0,494713.0,494887.65625
MAPPO continuation (local x),339.0,495468.5625,495622.5208333333
MAPPO continuation (local x),341.0,496686.0,495363.09375
MAPPO continuation (local x),343.0,493934.71875,495313.6875
MAPPO continuation (local x),345.0,495320.34375,494639.4375
MAPPO continuation (local x),347.0,494663.25,494713.1979166667
MAPPO continuation (local x),349.0,494156.0,494303.8125
MAPPO continuation (local x),351.0,494092.1875,493806.65625
MAPPO continuation (local x),353.0,493171.78125,493575.96875
MAPPO continuation (local x),355.0,493463.9375,493066.6979166667
MAPPO continuation (local x),357.0,492564.375,493609.4479166667
MAPPO continuation (local x),359.0,494800.03125,493882.7708333333
MAPPO continuation (local x),361.0,494283.90625,493980.6458333333
MAPPO continuation (local x),363.0,492858.0,493526.2291666667
MAPPO continuation (local x),365.0,493436.78125,492897.4270833333
MAPPO continuation (local x),367.0,492397.5,492783.6979166667
MAPPO continuation (local x),369.0,492516.8125,492968.34375
MAPPO continuation (local x),371.0,493990.71875,493941.9166666667
MAPPO continuation (local x),373.0,495318.21875,495027.7708333333
MAPPO continuation (local x),375.0,495774.375,495533.4375
MAPPO continuation (local x),377.0,495507.71875,496194.6666666667
MAPPO continuation (local x),379.0,497301.90625,496540.5520833333
MAPPO continuation (local x),381.0,496812.03125,496306.2604166667
MAPPO continuation (local x),383.0,494804.84375,495324.5520833333
MAPPO continuation (local x),385.0,494356.78125,494836.6041666667
MAPPO continuation (local x),387.0,495348.1875,495440.3020833333
MAPPO continuation (local x),389.0,496615.9375,496104.6145833333
MAPPO continuation (local x),391.0,496349.71875,496206.0520833333
MAPPO continuation (local x),393.0,495652.5,495526.6875
MAPPO continuation (local x),395.0,494577.84375,494787.8541666667
MAPPO continuation (local x),397.0,494133.21875,494118.15625
MAPPO continuation (local x),399.0,493643.40625,493866.7604166667
MAPPO continuation (local x),401.0,493823.65625,493387.625
MAPPO continuation (local x),403.0,492695.8125,492758.5208333333
MAPPO continuation (local x),405.0,491756.09375,492496.5208333333
MAPPO continuation (local x),407.0,493037.65625,492876.15625
MAPPO continuation (local x),409.0,493834.71875,493848.7916666667
MAPPO continuation (local x),411.0,494674.0,494060.3229166667
MAPPO continuation (local x),413.0,493672.25,494241.6770833333
MAPPO continuation (local x),415.0,494378.78125,493663.9895833333
MAPPO continuation (local x),417.0,492940.9375,493705.4375
MAPPO continuation (local x),419.0,493796.59375,493198.3854166667
MAPPO continuation (local x),421.0,492857.625,492799.2916666667
MAPPO continuation (local x),423.0,491743.65625,492082.4375
MAPPO continuation (local x),425.0,491646.03125,491586.9583333333
MAPPO continuation (local x),427.0,491371.1875,491750.09375
MAPPO continuation (local x),429.0,492233.0625,492783.8854166667
MAPPO continuation (local x),431.0,494747.40625,493503.84375
MAPPO continuation (local x),433.0,493531.0625,494577.4583333333
MAPPO continuation (local x),435.0,495453.90625,493940.46875
MAPPO continuation (local x),437.0,492836.4375,494447.59375
MAPPO continuation (local x),439.0,495052.4375,494245.1458333333
MAPPO continuation (local x),441.0,494846.5625,494878.8541666667
MAPPO continuation (local x),443.0,494737.5625,494327.5208333333
MAPPO continuation (local x),445.0,493398.4375,493938.7395833333
MAPPO continuation (local x),447.0,493680.21875,492979.5520833333
MAPPO continuation (local x),449.0,491860.0,492830.4166666667
MAPPO continuation (local x),451.0,492951.03125,492351.4895833333
MAPPO continuation (local x),453.0,492243.4375,492752.3229166667
MAPPO continuation (local x),455.0,493062.5,492529.9479166667
MAPPO continuation (local x),457.0,492283.90625,492247.0833333333
MAPPO continuation (local x),459.0,491394.84375,491189.0625
MAPPO continuation (local x),461.0,489888.4375,491424.40625
MAPPO continuation (local x),463.0,492989.9375,491917.8645833333
MAPPO continuation (local x),465.0,492875.21875,492598.4375
MAPPO continuation (local x),467.0,491930.15625,491714.28125
MAPPO continuation (local x),469.0,490337.46875,491464.6458333333
MAPPO continuation (local x),471.0,492126.3125,491895.9270833333
MAPPO continuation (local x),473.0,493224.0,492806.8125
MAPPO continuation (local x),475.0,493070.125,493347.6979166667
MAPPO continuation (local x),477.0,493748.96875,493072.5833333333
MAPPO continuation (local x),479.0,492398.65625,493268.875
MAPPO continuation (local x),481.0,493659.0,493506.0729166667
MAPPO continuation (local x),483.0,494460.5625,493526.1875
MAPPO continuation (local x),485.0,492459.0,493998.1458333333
MAPPO continuation (local x),487.0,495074.875,494176.6041666667
MAPPO continuation (local x),489.0,494995.9375,494603.8854166667
MAPPO continuation (local x),491.0,493740.84375,495049.0729166667
MAPPO continuation (local x),493.0,496410.4375,495608.6770833333
MAPPO continuation (local x),495.0,496674.75,497232.1458333333
MAPPO continuation (local x),497.0,498611.25,498064.6458333333
MAPPO continuation (local x),499.0,498907.9375,498591.7291666667
MAPPO continuation (local x),501.0,498256.0,498082.3645833333
MAPPO continuation (local x),503.0,497083.15625,496941.40625
MAPPO continuation (local x),505.0,495485.0625,496143.90625
MAPPO continuation (local x),507.0,495863.5,495151.84375
MAPPO continuation (local x),509.0,494106.96875,495249.53125
MAPPO continuation (local x),511.0,495778.125,494341.2083333333
MAPPO continuation (local x),513.0,493138.53125,494102.375
MAPPO continuation (local x),515.0,493390.46875,493477.7708333333
MAPPO continuation (local x),517.0,493904.3125,493305.15625
MAPPO continuation (local x),519.0,492620.6875,493556.15625
MAPPO continuation (local x),521.0,494143.46875,493457.3958333333
MAPPO continuation (local x),523.0,493608.03125,493593.9166666667
MAPPO continuation (local x),525.0,493030.25,493242.5
MAPPO continuation (local x),527.0,493089.21875,493543.9583333333
MAPPO continuation (local x),529.0,494512.40625,493860.21875
MAPPO continuation (local x),531.0,493979.03125,494378.1041666667
MAPPO continuation (local x),533.0,494642.875,494176.875
MAPPO continuation (local x),535.0,493908.71875,494213.6875
MAPPO continuation (local x),537.0,494089.46875,494093.625
MAPPO continuation (local x),539.0,494282.6875,494452.7083333333
MAPPO continuation (local x),541.0,494985.96875,495582.4583333333
MAPPO continuation (local x),543.0,497478.71875,495890.75
MAPPO continuation (local x),545.0,495207.5625,496047.9791666667
MAPPO continuation (local x),547.0,495457.65625,494715.71875
MAPPO continuation (local x),549.0,493481.9375,494184.3645833333
MAPPO continuation (local x),551.0,493613.5,494538.84375
MAPPO continuation (local x),553.0,496521.09375,494586.34375
MAPPO continuation (local x),555.0,493624.4375,494679.15625
MAPPO continuation (local x),557.0,493891.9375,493802.28125
MAPPO continuation (local x),559.0,493890.46875,493337.7395833333
MAPPO continuation (local x),561.0,492230.8125,493127.5
MAPPO continuation (local x),563.0,493261.21875,493499.9895833333
MAPPO continuation (local x),565.0,495007.9375,494957.9270833333
MAPPO continuation (local x),567.0,496604.625,495146.1041666667
MAPPO continuation (local x),569.0,493825.75,495447.1041666667
MAPPO continuation (local x),571.0,495910.9375,494913.25
MAPPO continuation (local x),573.0,495003.0625,495545.6875
MAPPO continuation (local x),575.0,495723.0625,495822.2291666667
MAPPO continuation (local x),577.0,496740.5625,496418.0
MAPPO continuation (local x),579.0,496790.375,496914.8958333333
MAPPO continuation (local x),581.0,497213.75,496413.7916666667
MAPPO continuation (local x),583.0,495237.25,495948.2395833333
MAPPO continuation (local x),585.0,495393.71875,495426.09375
MAPPO continuation (local x),587.0,495647.3125,495465.875
MAPPO continuation (local x),589.0,495356.59375,495336.9166666667
MAPPO continuation (local x),591.0,495006.84375,494729.53125
MAPPO continuation (local x),593.0,493825.15625,494592.5104166667
MAPPO continuation (local x),595.0,494945.53125,494648.5
MAPPO continuation (local x),597.0,495174.8125,495577.7604166667
MAPPO continuation (local x),599.0,496612.9375,495916.96875
MAPPO continuation (local x),601.0,495963.15625,496075.2604166667
MAPPO continuation (local x),603.0,495649.6875,496100.3229166667
MAPPO continuation (local x),605.0,496688.125,496391.9375
MAPPO continuation (local x),607.0,496838.0,496527.2395833333
MAPPO continuation (local x),609.0,496055.59375,496248.3125
MAPPO continuation (local x),611.0,495851.34375,495303.9479166667
MAPPO continuation (local x),613.0,494004.90625,495316.40625
MAPPO continuation (local x),615.0,496092.96875,495133.8854166667
MAPPO continuation (local x),617.0,495303.78125,495905.6354166667
MAPPO continuation (local x),619.0,496320.15625,495877.0416666667
MAPPO continuation (local x),621.0,496007.1875,496269.03125
MAPPO continuation (local x),623.0,496479.75,496231.9479166667
MAPPO continuation (local x),625.0,496208.90625,496245.8020833333
MAPPO continuation (local x),627.0,496048.75,496732.4895833333
MAPPO continuation (local x),629.0,497939.8125,497090.9791666667
MAPPO continuation (local x),631.0,497284.375,497320.78125
MAPPO continuation (local x),633.0,496738.15625,496431.65625
MAPPO continuation (local x),635.0,495272.4375,495889.71875
MAPPO continuation (local x),637.0,495658.5625,496006.8229166667
MAPPO continuation (local x),639.0,497089.46875,497049.2291666667
MAPPO continuation (local x),641.0,498399.65625,498707.21875
MAPPO continuation (local x),643.0,500632.53125,499210.2604166667
MAPPO continuation (local x),645.0,498598.59375,498984.7708333333
MAPPO continuation (local x),647.0,497723.1875,498383.2083333333
MAPPO continuation (local x),649.0,498827.84375,498325.5
MAPPO continuation (local x),651.0,498425.46875,497946.59375
MAPPO continuation (local x),653.0,496586.46875,497922.9791666667
MAPPO continuation (local x),655.0,498757.0,497927.75
MAPPO continuation (local x),657.0,498439.78125,499056.0208333333
MAPPO continuation (local x),659.0,499971.28125,499776.3541666667
MAPPO continuation (local x),661.0,500918.0,499439.1875
MAPPO continuation (local x),663.0,497428.28125,498336.0833333333
MAPPO continuation (local x),665.0,496661.96875,496745.4895833333
MAPPO continuation (local x),667.0,496146.21875,495907.2916666667
MAPPO continuation (local x),669.0,494913.6875,495445.5520833333
MAPPO continuation (local x),671.0,495276.75,495265.5729166667
MAPPO continuation (local x),673.0,495606.28125,495978.78125
MAPPO continuation (local x),675.0,497053.3125,497041.75
MAPPO continuation (local x),677.0,498465.65625,498181.875
MAPPO continuation (local x),679.0,499026.65625,499566.6979166667
MAPPO continuation (local x),681.0,501207.78125,500706.9583333333
MAPPO continuation (local x),683.0,501886.4375,500839.375
MAPPO continuation (local x),685.0,499423.90625,500263.1354166667
MAPPO continuation (local x),687.0,499479.0625,499763.8854166667
MAPPO continuation (local x),689.0,500388.6875,499912.5
MAPPO continuation (local x),691.0,499869.75,499745.1145833333
MAPPO continuation (local x),693.0,498976.90625,498743.6666666667
MAPPO continuation (local x),695.0,497384.34375,498157.0208333333
MAPPO continuation (local x),697.0,498109.8125,497654.78125
MAPPO continuation (local x),699.0,497470.1875,497735.1979166667
MAPPO continuation (local x),701.0,497625.59375,497580.0520833333
MAPPO continuation (local x),703.0,497644.375,497310.2395833333
MAPPO continuation (local x),705.0,496660.75,497216.78125
MAPPO continuation (local x),707.0,497345.21875,497782.71875
MAPPO continuation (local x),709.0,499342.1875,499042.1770833333
MAPPO continuation (local x),711.0,500439.125,499476.0208333333
MAPPO continuation (local x),713.0,498646.75,499028.5104166667
MAPPO continuation (local x),715.0,497999.65625,498376.3333333333
MAPPO continuation (local x),717.0,498482.59375,497756.7708333333
MAPPO continuation (local x),719.0,496788.0625,497722.7916666667
MAPPO continuation (local x),721.0,497897.71875,497715.4375
MAPPO continuation (local x),723.0,498460.53125,498604.7708333333
MAPPO continuation (local x),725.0,499456.0625,499554.1041666667
MAPPO continuation (local x),727.0,500745.71875,499807.4791666667
MAPPO continuation (local x),729.0,499220.65625,499253.7916666667
MAPPO continuation (local x),731.0,497795.0,498075.4791666667
MAPPO continuation (local x),733.0,497210.78125,497705.5833333333
MAPPO continuation (local x),735.0,498110.96875,497446.7395833333
MAPPO continuation (local x),737.0,497018.46875,497671.2395833333
MAPPO continuation (local x),739.0,497884.28125,496703.71875
MAPPO continuation (local x),741.0,495208.40625,496746.6041666667
MAPPO continuation (local x),743.0,497147.125,496951.1666666667
MAPPO continuation (local x),745.0,498497.96875,497925.4791666667
MAPPO continuation (local x),747.0,498131.34375,497944.5
MAPPO continuation (local x),749.0,497204.1875,497806.3958333333
MAPPO continuation (local x),751.0,498083.65625,497669.4479166667
MAPPO continuation (local x),753.0,497720.5,497820.7395833333
MAPPO continuation (local x),755.0,497658.0625,497993.4895833333
MAPPO continuation (local x),757.0,498601.90625,498587.1666666667
MAPPO continuation (local x),759.0,499501.53125,499341.1458333333
MAPPO continuation (local x),761.0,499920.0,499671.6979166667
MAPPO continuation (local x),763.0,499593.5625,499556.0
MAPPO continuation (local x),765.0,499154.4375,499190.4166666667
MAPPO continuation (local x),767.0,498823.25,498990.9166666667
MAPPO continuation (local x),769.0,498995.0625,499763.1458333333
MAPPO continuation (local x),771.0,501471.125,499995.1979166667
MAPPO continuation (local x),773.0,499519.40625,500767.3541666667
MAPPO continuation (local x),775.0,501311.53125,501373.2395833333
MAPPO continuation (local x),777.0,503288.78125,501199.6041666667
MAPPO continuation (local x),779.0,498998.5,501079.5
MAPPO continuation (local x),781.0,500951.21875,500364.4583333333
MAPPO continuation (local x),783.0,501143.65625,500899.2916666667
MAPPO continuation (local x),785.0,500603.0,501400.3020833333
MAPPO continuation (local x),787.0,502454.25,501064.3020833333
MAPPO continuation (local x),789.0,500135.65625,500627.1666666667
MAPPO continuation (local x),791.0,499291.59375,499722.1458333333
MAPPO continuation (local x),793.0,499739.1875,500102.4375
MAPPO continuation (local x),795.0,501276.53125,500557.1041666667
MAPPO continuation (local x),797.0,500655.59375,500229.8854166667
MAPPO continuation (local x),799.0,498757.53125,499615.09375
MAPPO continuation (local x),801.0,499432.15625,499329.6979166667
MAPPO continuation (local x),803.0,499799.40625,500512.8020833333
MAPPO continuation (local x),805.0,502306.84375,500907.2604166667
MAPPO continuation (local x),807.0,500615.53125,502083.4791666667
MAPPO continuation (local x),809.0,503328.0625,501593.09375
MAPPO continuation (local x),811.0,500835.6875,502272.2708333333
MAPPO continuation (local x),813.0,502653.0625,502228.8229166667
MAPPO continuation (local x),815.0,503197.71875,502703.59375
MAPPO continuation (local x),817.0,502260.0,502063.3541666667
MAPPO continuation (local x),819.0,500732.34375,501395.09375
MAPPO continuation (local x),821.0,501192.9375,500466.8854166667
MAPPO continuation (local x),823.0,499475.375,499395.9791666667
MAPPO continuation (local x),825.0,497519.625,498215.34375
MAPPO continuation (local x),827.0,497651.03125,497685.0520833333
MAPPO continuation (local x),829.0,497884.5,497445.3854166667
MAPPO continuation (local x),831.0,496800.625,497210.75
MAPPO continuation (local x),833.0,496947.125,496981.84375
MAPPO continuation (local x),835.0,497197.78125,496804.7291666667
MAPPO continuation (local x),837.0,496269.28125,496236.40625
MAPPO continuation (local x),839.0,495242.15625,496314.6354166667
MAPPO continuation (local x),841.0,497432.46875,496320.2083333333
MAPPO continuation (local x),843.0,496286.0,497342.1979166667
MAPPO continuation (local x),845.0,498308.125,498115.9791666667
MAPPO continuation (local x),847.0,499753.8125,498651.15625
MAPPO continuation (local x),849.0,497891.53125,498911.2916666667
MAPPO continuation (local x),851.0,499088.53125,498904.2604166667
MAPPO continuation (local x),853.0,499732.71875,499509.8229166667
MAPPO continuation (local x),855.0,499708.21875,499634.4895833333
MAPPO continuation (local x),857.0,499462.53125,499853.2291666667
MAPPO continuation (local x),859.0,500388.9375,500420.0104166667
MAPPO continuation (local x),861.0,501408.5625,500803.6666666667
MAPPO continuation (local x),863.0,500613.5,500721.6666666667
MAPPO continuation (local x),865.0,500142.9375,500389.3541666667
MAPPO continuation (local x),867.0,500411.625,499996.1354166667
MAPPO continuation (local x),869.0,499433.84375,499841.0625
MAPPO continuation (local x),871.0,499677.71875,499187.2083333333
MAPPO continuation (local x),873.0,498450.0625,499199.4895833333
MAPPO continuation (local x),875.0,499470.6875,499445.4583333333
MAPPO continuation (local x),877.0,500415.625,500035.6770833333
MAPPO continuation (local x),879.0,500220.71875,500380.4166666667
MAPPO continuation (local x),881.0,500504.90625,500035.84375
MAPPO continuation (local x),883.0,499381.90625,500041.9791666667
MAPPO continuation (local x),885.0,500239.125,500257.5729166667
MAPPO continuation (local x),887.0,501151.6875,501212.9583333333
MAPPO continuation (local x),889.0,502248.0625,502087.6979166667
MAPPO continuation (local x),891.0,502863.34375,502653.8229166667
MAPPO continuation (local x),893.0,502850.0625,502638.6354166667
MAPPO continuation (local x),895.0,502202.5,503096.53125
MAPPO continuation (local x),897.0,504237.03125,502970.25
MAPPO continuation (local x),899.0,502471.21875,502931.4375
MAPPO continuation (local x),901.0,502086.0625,502609.75
MAPPO continuation (local x),903.0,503271.96875,502353.7291666667
MAPPO continuation (local x),905.0,501703.15625,502621.5104166667
MAPPO continuation (local x),907.0,502889.40625,502237.9270833333
MAPPO continuation (local x),909.0,502121.21875,502000.8125
MAPPO continuation (local x),911.0,500991.8125,501962.15625
MAPPO continuation (local x),913.0,502773.4375,502304.09375
MAPPO continuation (local x),915.0,503147.03125,502684.1145833333
MAPPO continuation (local x),917.0,502131.875,503117.53125
MAPPO continuation (local x),919.0,504073.6875,503364.8229166667
MAPPO continuation (local x),921.0,503888.90625,504035.9791666667
MAPPO continuation (local x),923.0,504145.34375,504693.5416666667
MAPPO continuation (local x),925.0,506046.375,505411.3333333333
MAPPO continuation (local x),927.0,506042.28125,506309.6770833333
MAPPO continuation (local x),929.0,506840.375,506758.9270833333
MAPPO continuation (local x),931.0,507394.125,506823.59375
MAPPO continuation (local x),933.0,506236.28125,506798.0104166667
MAPPO continuation (local x),935.0,506763.625,505638.1458333333
MAPPO continuation (local x),937.0,503914.53125,504926.2291666667
MAPPO continuation (local x),939.0,504100.53125,502803.5520833333
MAPPO continuation (local x),941.0,500395.59375,501947.1770833333
MAPPO continuation (local x),943.0,501345.40625,500280.0208333333
MAPPO continuation (local x),945.0,499099.0625,499601.8854166667
MAPPO continuation (local x),947.0,498361.1875,498302.9479166667
MAPPO continuation (local x),949.0,497448.59375,498276.3854166667
MAPPO continuation (local x),951.0,499019.375,497951.40625
MAPPO continuation (local x),953.0,497386.25,498853.0104166667
MAPPO continuation (local x),955.0,500153.40625,498991.6354166667
MAPPO continuation (local x),957.0,499435.25,499659.0625
MAPPO continuation (local x),959.0,499388.53125,499378.1041666667
MAPPO continuation (local x),961.0,499310.53125,499235.15625
MAPPO continuation (local x),963.0,499006.40625,498934.40625
MAPPO continuation (local x),965.0,498486.28125,498629.5416666667
MAPPO continuation (local x),967.0,498395.9375,498511.8958333333
MAPPO continuation (local x),969.0,498653.46875,498934.125
MAPPO continuation (local x),971.0,499752.96875,499364.4166666667
MAPPO continuation (local x),973.0,499686.8125,499348.5208333333
MAPPO continuation (local x),975.0,498605.78125,499600.7708333333
MAPPO continuation (local x),977.0,500509.71875,499606.9895833333
MAPPO continuation (local x),979.0,499705.46875,499943.3020833333
MAPPO continuation (local x),981.0,499614.71875,500294.40625
MAPPO continuation (local x),983.0,501563.03125,500394.0520833333
MAPPO continuation (local x),985.0,500004.40625,500721.84375
MAPPO continuation (local x),987.0,500598.09375,499666.7916666667
MAPPO continuation (local x),989.0,498397.875,499582.1666666667
MAPPO continuation (local x),991.0,499750.53125,499228.3645833333
MAPPO continuation (local x),993.0,499536.6875,499635.875
MAPPO continuation (local x),995.0,499620.40625,499599.8125
MAPPO continuation (local x),997.0,499642.34375,499764.0416666667
MAPPO continuation (local x),999.0,500029.375,500008.40625
MAPPO continuation (local x),1001.0,500353.5,499845.6979166667
MAPPO continuation (local x),1003.0,499154.21875,499000.5729166667
MAPPO continuation (local x),1005.0,497494.0,497823.65625
MAPPO continuation (local x),1007.0,496822.75,497064.59375
MAPPO continuation (local x),1009.0,496877.03125,497207.2604166667
MAPPO continuation (local x),1011.0,497922.0,497140.65625
MAPPO continuation (local x),1013.0,496622.9375,496971.4479166667
MAPPO continuation (local x),1015.0,496369.40625,497096.3229166667
MAPPO continuation (local x),1017.0,498296.625,497690.6041666667
MAPPO continuation (local x),1019.0,498405.78125,497934.9375
MAPPO continuation (local x),1021.0,497102.40625,497672.71875
MAPPO continuation (local x),1023.0,497509.96875,497674.4895833333
MAPPO continuation (local x),1025.0,498411.09375,498218.8958333333
MAPPO continuation (local x),1027.0,498735.625,498702.3854166667
MAPPO continuation (local x),1029.0,498960.4375,498733.40625
MAPPO continuation (local x),1031.0,498504.15625,498604.4479166667
MAPPO continuation (local x),1033.0,498348.75,498816.3229166667
MAPPO continuation (local x),1035.0,499596.0625,498824.40625
MAPPO continuation (local x),1037.0,498528.40625,499074.7395833333
MAPPO continuation (local x),1039.0,499099.75,499127.2708333333
MAPPO continuation (local x),1041.0,499753.65625,499715.09375
MAPPO continuation (local x),1043.0,500291.875,500116.8854166667
MAPPO continuation (local x),1045.0,500305.125,500639.1875
MAPPO continuation (local x),1047.0,501320.5625,500715.2708333333
MAPPO continuation (local x),1049.0,500520.125,501382.5520833333
MAPPO continuation (local x),1051.0,502306.96875,500578.5208333333
MAPPO continuation (local x),1053.0,498908.46875,500842.5625
MAPPO continuation (local x),1055.0,501312.25,500506.0
MAPPO continuation (local x),1057.0,501297.28125,501060.3541666667
MAPPO continuation (local x),1059.0,500571.53125,500898.0416666667
MAPPO continuation (local x),1061.0,500825.3125,500532.4166666667
MAPPO continuation (local x),1063.0,500200.40625,500844.7604166667
MAPPO continuation (local x),1065.0,501508.5625,501289.5104166667
MAPPO continuation (local x),1067.0,502159.5625,501562.1354166667
MAPPO continuation (local x),1069.0,501018.28125,501607.875
MAPPO continuation (local x),1071.0,501645.78125,501154.59375
MAPPO continuation (local x),1073.0,500799.71875,501227.6666666667
MAPPO continuation (local x),1075.0,501237.5,501494.2604166667
MAPPO continuation (local x),1077.0,502445.5625,501880.7916666667
MAPPO continuation (local x),1079.0,501959.3125,502371.40625
MAPPO continuation (local x),1081.0,502709.34375,502348.6770833333
MAPPO continuation (local x),1083.0,502377.375,501661.625
MAPPO continuation (local x),1085.0,499898.15625,501288.15625
MAPPO continuation (local x),1087.0,501588.9375,500064.8333333333
MAPPO continuation (local x),1089.0,498707.40625,499640.1458333333
MAPPO continuation (local x),1091.0,498624.09375,498770.8854166667
MAPPO continuation (local x),1093.0,498981.15625,498771.7291666667
MAPPO continuation (local x),1095.0,498709.9375,498581.625
MAPPO continuation (local x),1097.0,498053.78125,498126.21875
MAPPO continuation (local x),1099.0,497614.9375,497952.4270833333
MAPPO continuation (local x),1101.0,498188.5625,497773.1354166667
MAPPO continuation (local x),1103.0,497515.90625,498176.9791666667
MAPPO continuation (local x),1105.0,498826.46875,498252.2708333333
MAPPO continuation (local x),1107.0,498414.4375,498688.5208333333
MAPPO continuation (local x),1109.0,498824.65625,498439.59375
MAPPO continuation (local x),1111.0,498079.6875,498001.875
MAPPO continuation (local x),1113.0,497101.28125,497444.0104166667
MAPPO continuation (local x),1115.0,497151.0625,497314.3854166667
MAPPO continuation (local x),1117.0,497690.8125,497189.2604166667
MAPPO continuation (local x),1119.0,496725.90625,496644.8645833333
MAPPO continuation (local x),1121.0,495517.875,495614.8854166667
MAPPO continuation (local x),1123.0,494600.875,495407.1770833333
MAPPO continuation (local x),1125.0,496102.78125,495285.0104166667
MAPPO continuation (local x),1127.0,495151.375,495550.5729166667
MAPPO continuation (local x),1129.0,495397.5625,495332.1875
MAPPO continuation (local x),1131.0,495447.625,495708.375
MAPPO continuation (local x),1133.0,496279.9375,495602.7291666667
MAPPO continuation (local x),1135.0,495080.625,495789.0208333333
MAPPO continuation (local x),1137.0,496006.5,496131.5416666667
MAPPO continuation (local x),1139.0,497307.5,496972.1145833333
MAPPO continuation (local x),1141.0,497602.34375,497314.8020833333
MAPPO continuation (local x),1143.0,497034.5625,497551.9479166667
MAPPO continuation (local x),1145.0,498018.9375,498510.4270833333
MAPPO continuation (local x),1147.0,500477.78125,499820.375
MAPPO continuation (local x),1149.0,500964.40625,500423.5833333333
MAPPO continuation (local x),1151.0,499828.5625,500247.2291666667
MAPPO continuation (local x),1153.0,499948.71875,500455.6770833333
MAPPO continuation (local x),1155.0,501589.75,500986.9479166667
MAPPO continuation (local x),1157.0,501422.375,501628.25
MAPPO continuation (local x),1159.0,501872.625,501603.3333333333
MAPPO continuation (local x),1161.0,501515.0,501592.6145833333
MAPPO continuation (local x),1163.0,501390.21875,501329.1145833333
MAPPO continuation (local x),1165.0,501082.125,501897.5
MAPPO continuation (local x),1167.0,503220.15625,502232.1041666667
MAPPO continuation (local x),1169.0,502394.03125,502526.90625
MAPPO continuation (local x),1171.0,501966.53125,501870.1145833333
MAPPO continuation (local x),1173.0,501249.78125,501364.96875
MAPPO continuation (local x),1175.0,500878.59375,501271.71875
MAPPO continuation (local x),1177.0,501686.78125,501734.4375
MAPPO continuation (local x),1179.0,502637.9375,502256.6354166667
MAPPO continuation (local x),1181.0,502445.1875,502243.9479166667
MAPPO continuation (local x),1183.0,501648.71875,501512.7708333333
MAPPO continuation (local x),1185.0,500444.40625,500946.3854166667
MAPPO continuation (local x),1187.0,500746.03125,500523.2395833333
MAPPO continuation (local x),1189.0,500379.28125,500888.9375
MAPPO continuation (local x),1191.0,501541.5,501162.7083333333
MAPPO continuation (local x),1193.0,501567.34375,501586.09375
MAPPO continuation (local x),1195.0,501649.4375,501272.3125
MAPPO continuation (local x),1197.0,500600.15625,501144.4479166667
MAPPO continuation (local x),1199.0,501183.75,501464.8541666667
MAPPO continuation (local x),1201.0,502610.65625,501833.21875
MAPPO continuation (local x),1203.0,501705.25,501911.4270833333
MAPPO continuation (local x),1205.0,501418.375,502006.2708333333
MAPPO continuation (local x),1207.0,502895.1875,501555.4270833333
MAPPO continuation (local x),1209.0,500352.71875,501766.5104166667
MAPPO continuation (local x),1211.0,502051.625,501399.0208333333
MAPPO continuation (local x),1213.0,501792.71875,501877.0
MAPPO continuation (local x),1215.0,501786.65625,500998.2083333333
MAPPO continuation (local x),1217.0,499415.25,500834.3020833333
MAPPO continuation (local x),1219.0,501301.0,500832.2395833333
MAPPO continuation (local x),1221.0,501780.46875,501662.3125
MAPPO continuation (local x),1223.0,501905.46875,501760.8958333333
MAPPO continuation (local x),1225.0,501596.75,500937.8125
MAPPO continuation (local x),1227.0,499311.21875,500076.0833333333
MAPPO continuation (local x),1229.0,499320.28125,499676.9166666667
MAPPO continuation (local x),1231.0,500399.25,500612.3125
MAPPO continuation (local x),1233.0,502117.40625,500864.3020833333
MAPPO continuation (local x),1235.0,500076.25,500704.375
MAPPO continuation (local x),1237.0,499919.46875,500584.0
MAPPO continuation (local x),1239.0,501756.28125,501202.90625
MAPPO continuation (local x),1241.0,501932.96875,502453.6666666667
MAPPO continuation (local x),1243.0,503671.75,502842.5208333333
MAPPO continuation (local x),1245.0,502922.84375,503496.9583333333
MAPPO continuation (local x),1247.0,503896.28125,503453.5729166667
MAPPO continuation (local x),1249.0,503541.59375,503149.9166666667
MAPPO continuation (local x),1251.0,502011.875,502372.8854166667
MAPPO continuation (local x),1253.0,501565.1875,502109.84375
MAPPO continuation (local x),1255.0,502752.46875,502344.4895833333
MAPPO continuation (local x),1257.0,502715.8125,502457.6458333333
MAPPO continuation (local x),1259.0,501904.65625,502333.84375
MAPPO continuation (local x),1261.0,502381.0625,502677.8020833333
MAPPO continuation (local x),1263.0,503747.6875,503169.6354166667
MAPPO continuation (local x),1265.0,503380.15625,503216.0
MAPPO continuation (local x),1267.0,502520.15625,502687.2708333333
MAPPO continuation (local x),1269.0,502161.5,502200.9583333333
MAPPO continuation (local x),1271.0,501921.21875,501803.6875
MAPPO continuation (local x),1273.0,501328.34375,501477.40625
MAPPO continuation (local x),1275.0,501182.65625,501262.5104166667
MAPPO continuation (local x),1277.0,501276.53125,501630.0104166667
MAPPO continuation (local x),1279.0,502430.84375,501871.0208333333
MAPPO continuation (local x),1281.0,501905.6875,502267.7083333333
MAPPO continuation (local x),1283.0,502466.59375,502159.3333333333
MAPPO continuation (local x),1285.0,502105.71875,501818.4375
MAPPO continuation (local x),1287.0,500883.0,501382.9166666667
MAPPO continuation (local x),1289.0,501160.03125,501151.8020833333
MAPPO continuation (local x),1291.0,501412.375,500728.0
MAPPO continuation (local x),1293.0,499611.59375,499953.8854166667
MAPPO continuation (local x),1295.0,498837.6875,499192.96875
MAPPO continuation (local x),1297.0,499129.625,499418.84375
MAPPO continuation (local x),1299.0,500289.21875,499537.2083333333
MAPPO continuation (local x),1301.0,499192.78125,500044.1770833333
MAPPO continuation (local x),1303.0,500650.53125,500334.875
MAPPO continuation (local x),1305.0,501161.3125,500889.4166666667
MAPPO continuation (local x),1307.0,500856.40625,501007.2083333333
MAPPO continuation (local x),1309.0,501003.90625,500965.3020833333
MAPPO continuation (local x),1311.0,501035.59375,501144.2604166667
MAPPO continuation (local x),1313.0,501393.28125,501404.84375
MAPPO continuation (local x),1315.0,501785.65625,501167.0833333333
MAPPO continuation (local x),1317.0,500322.3125,500264.1875
MAPPO continuation (local x),1319.0,498684.59375,499592.0833333333
MAPPO continuation (local x),1321.0,499769.34375,499661.3958333333
MAPPO continuation (local x),1323.0,500530.25,499755.7708333333
MAPPO continuation (local x),1325.0,498967.71875,499795.0
MAPPO continuation (local x),1327.0,499887.03125,499750.3541666667
MAPPO continuation (local x),1329.0,500396.3125,500074.5520833333
MAPPO continuation (local x),1331.0,499940.3125,500115.1458333333
MAPPO continuation (local x),1333.0,500008.8125,499155.6458333333
MAPPO continuation (local x),1335.0,497517.8125,498627.4791666667
MAPPO continuation (local x),1337.0,498355.8125,497773.4791666667
MAPPO continuation (local x),1339.0,497446.8125,497736.1354166667
MAPPO continuation (local x),1341.0,497405.78125,497118.46875
MAPPO continuation (local x),1343.0,496502.8125,497131.2708333333
MAPPO continuation (local x),1345.0,497485.21875,497078.1041666667
MAPPO continuation (local x),1347.0,497246.28125,497337.0729166667
MAPPO continuation (local x),1349.0,497279.71875,497236.6875
MAPPO continuation (local x),1351.0,497184.0625,496982.2604166667
MAPPO continuation (local x),1353.0,496483.0,497053.1979166667
MAPPO continuation (local x),1355.0,497492.53125,497051.90625
MAPPO continuation (local x),1357.0,497180.1875,496944.4895833333
MAPPO continuation (local x),1359.0,496160.75,496056.3854166667
MAPPO continuation (local x),1361.0,494828.21875,495377.0729166667
MAPPO continuation (local x),1363.0,495142.25,495210.125
MAPPO continuation (local x),1365.0,495659.90625,495608.15625
MAPPO continuation (local x),1367.0,496022.3125,495550.5416666667
MAPPO continuation (local x),1369.0,494969.40625,495421.4583333333
MAPPO continuation (local x),1371.0,495272.65625,495164.15625
MAPPO continuation (local x),1373.0,495250.40625,494794.0416666667
MAPPO continuation (local x),1375.0,493859.0625,495196.53125
MAPPO continuation (local x),1377.0,496480.125,494796.7083333333
MAPPO continuation (local x),1379.0,494050.9375,495608.28125
MAPPO continuation (local x),1381.0,496293.78125,495785.0104166667
MAPPO continuation (local x),1383.0,497010.3125,496403.8229166667
MAPPO continuation (local x),1385.0,495907.375,496425.4791666667
MAPPO continuation (local x),1387.0,496358.75,495715.0
MAPPO continuation (local x),1389.0,494878.875,495642.5520833333
MAPPO continuation (local x),1391.0,495690.03125,496104.3958333333
MAPPO continuation (local x),1393.0,497744.28125,496748.3541666667
MAPPO continuation (local x),1395.0,496810.75,496834.7291666667
MAPPO continuation (local x),1397.0,495949.15625,496686.84375
MAPPO continuation (local x),1399.0,497300.625,497544.6666666667
MAPPO continuation (local x),1401.0,499384.21875,499014.9791666667
MAPPO continuation (local x),1403.0,500360.09375,500098.7604166667
MAPPO continuation (local x),1405.0,500551.96875,499939.65625
MAPPO continuation (local x),1407.0,498906.90625,499632.4791666667
MAPPO continuation (local x),1409.0,499438.5625,499941.625
MAPPO continuation (local x),1411.0,501479.40625,501199.0625
MAPPO continuation (local x),1413.0,502679.21875,502641.6145833333
MAPPO continuation (local x),1415.0,503766.21875,503768.9791666667
MAPPO continuation (local x),1417.0,504861.5,503651.8854166667
MAPPO continuation (local x),1419.0,502327.9375,503241.8229166667
MAPPO continuation (local x),1421.0,502536.03125,502359.1875
MAPPO continuation (local x),1423.0,502213.59375,502413.6770833333
MAPPO continuation (local x),1425.0,502491.40625,502143.0833333333
MAPPO continuation (local x),1427.0,501724.25,502243.3854166667
MAPPO continuation (local x),1429.0,502514.5,502901.0729166667
MAPPO continuation (local x),1431.0,504464.46875,503554.5416666667
MAPPO continuation (local x),1433.0,503684.65625,503948.90625
MAPPO continuation (local x),1435.0,503697.59375,503661.0833333333
MAPPO continuation (local x),1437.0,503601.0,502997.3125
MAPPO continuation (local x),1439.0,501693.34375,502957.4375
MAPPO continuation (local x),1441.0,503577.96875,503377.71875
MAPPO continuation (local x),1443.0,504861.84375,503831.4479166667
MAPPO continuation (local x),1445.0,503054.53125,503728.90625
MAPPO continuation (local x),1447.0,503270.34375,503400.65625
MAPPO continuation (local x),1449.0,503877.09375,503879.8958333333
MAPPO continuation (local x),1451.0,504492.25,504214.375
MAPPO continuation (local x),1453.0,504273.78125,503762.9895833333
MAPPO continuation (local x),1455.0,502522.9375,503337.9791666667
MAPPO continuation (local x),1457.0,503217.21875,503187.0104166667
MAPPO continuation (local x),1459.0,503820.875,504283.28125
MAPPO continuation (local x),1461.0,505811.75,504931.6145833333
MAPPO continuation (local x),1463.0,505162.21875,505592.5520833333
MAPPO continuation (local x),1465.0,505803.6875,505485.71875
MAPPO continuation (local x),1467.0,505491.25,505503.8958333333
MAPPO continuation (local x),1469.0,505216.75,505794.125
MAPPO continuation (local x),1471.0,506674.375,506199.2916666667
MAPPO continuation (local x),1473.0,506706.75,506985.0729166667
MAPPO continuation (local x),1475.0,507574.09375,507153.84375
MAPPO continuation (local x),1477.0,507180.6875,507020.8020833333
MAPPO continuation (local x),1479.0,506307.625,506742.1666666667
MAPPO continuation (local x),1481.0,506738.1875,506462.3645833333
MAPPO continuation (local x),1483.0,506341.28125,506284.78125
MAPPO continuation (local x),1485.0,505774.875,505682.8125
MAPPO continuation (local x),1487.0,504932.28125,505373.6875
MAPPO continuation (local x),1489.0,505413.90625,505484.2604166667
MAPPO continuation (local x),1491.0,506106.59375,506128.2395833333
MAPPO continuation (local x),1493.0,506864.21875,506323.0833333333
MAPPO continuation (local x),1495.0,505998.4375,506280.6458333333
MAPPO continuation (local x),1497.0,505979.28125,505855.21875
MAPPO continuation (local x),1499.0,505587.9375,506103.8333333333
MAPPO continuation (local x),1501.0,506744.28125,506201.75
MAPPO continuation (local x),1503.0,506273.03125,506360.2083333333
MAPPO continuation (local x),1505.0,506063.3125,505717.46875
MAPPO continuation (local x),1507.0,504816.0625,505180.09375
MAPPO continuation (local x),1509.0,504660.90625,504276.1666666667
MAPPO continuation (local x),1511.0,503351.53125,504306.7916666667
MAPPO continuation (local x),1513.0,504907.9375,504311.7395833333
MAPPO continuation (local x),1515.0,504675.75,504590.9479166667
MAPPO continuation (local x),1517.0,504189.15625,504192.7395833333
MAPPO continuation (local x),1519.0,503713.3125,504109.5
MAPPO continuation (local x),1521.0,504426.03125,504559.3333333333
MAPPO continuation (local x),1523.0,505538.65625,504587.5416666667
MAPPO continuation (local x),1525.0,503797.9375,504579.1041666667
MAPPO continuation (local x),1527.0,504400.71875,504046.03125
MAPPO continuation (local x),1529.0,503939.4375,503640.3854166667
MAPPO continuation (local x),1531.0,502581.0,503026.65625
MAPPO continuation (local x),1533.0,502559.53125,502726.0833333333
MAPPO continuation (local x),1535.0,503037.71875,502381.8229166667
MAPPO continuation (local x),1537.0,501548.21875,501771.53125
MAPPO continuation (local x),1539.0,500728.65625,501542.1875
MAPPO continuation (local x),1541.0,502349.6875,502014.5833333333
MAPPO continuation (local x),1543.0,502965.40625,502523.84375
MAPPO continuation (local x),1545.0,502256.4375,502004.3125
MAPPO continuation (local x),1547.0,500791.09375,501884.1770833333
MAPPO continuation (local x),1549.0,502605.0,501595.2291666667
MAPPO continuation (local x),1551.0,501389.59375,501717.7708333333
MAPPO continuation (local x),1553.0,501158.71875,501055.0104166667
MAPPO continuation (local x),1555.0,500616.71875,501036.8541666667
MAPPO continuation (local x),1557.0,501335.125,500866.125
MAPPO continuation (local x),1559.0,500646.53125,500941.5833333333
MAPPO continuation (local x),1561.0,500843.09375,500193.03125
MAPPO continuation (local x),1563.0,499089.46875,499354.6666666667
MAPPO continuation (local x),1565.0,498131.4375,497882.0729166667
MAPPO continuation (local x),1567.0,496425.3125,497575.4791666667
MAPPO continuation (local x),1569.0,498169.6875,497350.4895833333
MAPPO continuation (local x),1571.0,497456.46875,497650.4583333333
MAPPO continuation (local x),1573.0,497325.21875,496174.4583333333
MAPPO continuation (local x),1575.0,493741.6875,494761.8333333333
MAPPO continuation (local x),1577.0,493218.59375,493730.34375
MAPPO continuation (local x),1579.0,494230.75,494146.1875
MAPPO continuation (local x),1581.0,494989.21875,494714.125
MAPPO continuation (local x),1583.0,494922.40625,495110.3645833333
MAPPO continuation (local x),1585.0,495419.46875,495622.3541666667
MAPPO continuation (local x),1587.0,496525.1875,496338.5729166667
MAPPO continuation (local x),1589.0,497071.0625,496918.71875
MAPPO continuation (local x),1591.0,497159.90625,498188.9479166667
MAPPO continuation (local x),1593.0,500335.875,498908.3229166667
MAPPO continuation (local x),1595.0,499229.1875,500193.3541666667
MAPPO continuation (local x),1597.0,501015.0,500701.9895833333
MAPPO continuation (local x),1599.0,501861.78125,501872.3229166667
MAPPO continuation (local x),1601.0,502740.1875,502371.0520833333
MAPPO continuation (local x),1603.0,502511.1875,502896.15625
MAPPO continuation (local x),1605.0,503437.09375,503356.15625
MAPPO continuation (local x),1607.0,504120.1875,504711.2395833333
MAPPO continuation (local x),1609.0,506576.4375,505776.46875
MAPPO continuation (local x),1611.0,506632.78125,506631.9166666667
MAPPO continuation (local x),1613.0,506686.53125,506504.1666666667
MAPPO continuation (local x),1615.0,506193.1875,506593.2083333333
MAPPO continuation (local x),1617.0,506899.90625,506637.125
MAPPO continuation (local x),1619.0,506818.28125,506794.25
MAPPO continuation (local x),1621.0,506664.5625,506844.84375
MAPPO continuation (local x),1623.0,507051.6875,507017.0416666667
MAPPO continuation (local x),1625.0,507334.875,507082.125
MAPPO continuation (local x),1627.0,506859.8125,506637.5
MAPPO continuation (local x),1629.0,505717.8125,506442.0416666667
MAPPO continuation (local x),1631.0,506748.5,506846.46875
MAPPO continuation (local x),1633.0,508073.09375,507588.6458333333
MAPPO continuation (local x),1635.0,507944.34375,507801.9791666667
MAPPO continuation (local x),1637.0,507388.5,508184.71875
MAPPO continuation (local x),1639.0,509221.3125,508611.90625
MAPPO continuation (local x),1641.0,509225.90625,509693.5208333333
MAPPO continuation (local x),1643.0,510633.34375,509210.3125
MAPPO continuation (local x),1645.0,507771.6875,508747.8645833333
MAPPO continuation (local x),1647.0,507838.5625,508031.9270833333
MAPPO continuation (local x),1649.0,508485.53125,508192.3020833333
MAPPO continuation (local x),1651.0,508252.8125,508571.4583333333
MAPPO continuation (local x),1653.0,508976.03125,508503.5208333333
MAPPO continuation (local x),1655.0,508281.71875,508451.125
MAPPO continuation (local x),1657.0,508095.625,507489.7916666667
MAPPO continuation (local x),1659.0,506092.03125,506672.4791666667
MAPPO continuation (local x),1661.0,505829.78125,506313.6041666667
MAPPO continuation (local x),1663.0,507019.0,506942.4479166667
MAPPO continuation (local x),1665.0,507978.5625,507319.40625
MAPPO continuation (local x),1667.0,506960.65625,507330.6458333333
MAPPO continuation (local x),1669.0,507052.71875,507075.4375
MAPPO continuation (local x),1671.0,507212.9375,507709.3958333333
MAPPO continuation (local x),1673.0,508862.53125,508038.40625
MAPPO continuation (local x),1675.0,508039.75,508363.8229166667
MAPPO continuation (local x),1677.0,508189.1875,507950.0833333333
MAPPO continuation (local x),1679.0,507621.3125,507034.6979166667
MAPPO continuation (local x),1681.0,505293.59375,506904.6354166667
MAPPO continuation (local x),1683.0,507799.0,506654.90625
MAPPO continuation (local x),1685.0,506872.125,507954.8645833333
MAPPO continuation (local x),1687.0,509193.46875,507899.1458333333
MAPPO continuation (local x),1689.0,507631.84375,507562.25
MAPPO continuation (local x),1691.0,505861.4375,506827.7395833333
MAPPO continuation (local x),1693.0,506989.9375,506254.7916666667
MAPPO continuation (local x),1695.0,505913.0,506578.1354166667
MAPPO continuation (local x),1697.0,506831.46875,506186.1458333333
MAPPO continuation (local x),1699.0,505813.96875,506418.8125
MAPPO continuation (local x),1701.0,506611.0,505751.71875
MAPPO continuation (local x),1703.0,504830.1875,505905.6145833333
MAPPO continuation (local x),1705.0,506275.65625,505965.9895833333
MAPPO continuation (local x),1707.0,506792.125,506077.9479166667
MAPPO continuation (local x),1709.0,505166.0625,505357.2708333333
MAPPO continuation (local x),1711.0,504113.625,504395.1041666667
MAPPO continuation (local x),1713.0,503905.625,504207.1458333333
MAPPO continuation (local x),1715.0,504602.1875,504403.1770833333
MAPPO continuation (local x),1717.0,504701.71875,504574.1458333333
MAPPO continuation (local x),1719.0,504418.53125,504268.0729166667
MAPPO continuation (local x),1721.0,503683.96875,502711.9166666667
MAPPO continuation (local x),1723.0,500033.25,502129.1979166667
MAPPO continuation (local x),1725.0,502670.375,501964.7916666667
MAPPO continuation (local x),1727.0,503190.75,503107.7604166667
MAPPO continuation (local x),1729.0,503462.15625,502739.9479166667
MAPPO continuation (local x),1731.0,501566.9375,501802.5208333333
MAPPO continuation (local x),1733.0,500378.46875,500834.125
MAPPO continuation (local x),1735.0,500556.96875,500606.625
MAPPO continuation (local x),1737.0,500884.4375,500284.2083333333
MAPPO continuation (local x),1739.0,499411.21875,500630.9791666667
MAPPO continuation (local x),1741.0,501597.28125,501045.5208333333
MAPPO continuation (local x),1743.0,502128.0625,502424.59375
MAPPO continuation (local x),1745.0,503548.4375,502738.875
MAPPO continuation (local x),1747.0,502540.125,503843.4791666667
MAPPO continuation (local x),1749.0,505441.875,504311.3854166667
MAPPO continuation (local x),1751.0,504952.15625,505692.125
MAPPO continuation (local x),1753.0,506682.34375,506187.7395833333
MAPPO continuation (local x),1755.0,506928.71875,507068.7708333333
MAPPO continuation (local x),1757.0,507595.25,507516.1979166667
MAPPO continuation (local x),1759.0,508024.625,507344.9791666667
MAPPO continuation (local x),1761.0,506415.0625,507448.1979166667
MAPPO continuation (local x),1763.0,507904.90625,507171.1770833333
MAPPO continuation (local x),1765.0,507193.5625,507350.9895833333
MAPPO continuation (local x),1767.0,506954.5,506998.625
MAPPO continuation (local x),1769.0,506847.8125,507402.9270833333
MAPPO continuation (local x),1771.0,508406.46875,507627.140625
DC-PPO continuation (local x),1.0,451997.5625,452371.390625
DC-PPO continuation (local x),3.0,452745.21875,452501.4375
DC-PPO continuation (local x),5.0,452761.53125,452176.4479166667
DC-PPO continuation (local x),7.0,451022.59375,451732.8125
DC-PPO continuation (local x),9.0,451414.3125,451449.6666666667
DC-PPO continuation (local x),11.0,451912.09375,451020.0416666667
DC-PPO continuation (local x),13.0,449733.71875,449958.8020833333
DC-PPO continuation (local x),15.0,448230.59375,448525.4479166667
DC-PPO continuation (local x),17.0,447612.03125,448391.6770833333
DC-PPO continuation (local x),19.0,449332.40625,448330.6666666667
DC-PPO continuation (local x),21.0,448047.5625,448026.9479166667
DC-PPO continuation (local x),23.0,446700.875,446837.5520833333
DC-PPO continuation (local x),25.0,445764.21875,446704.9375
DC-PPO continuation (local x),27.0,447649.71875,447424.0
DC-PPO continuation (local x),29.0,448858.0625,449324.9583333333
DC-PPO continuation (local x),31.0,451467.09375,450218.4375
DC-PPO continuation (local x),33.0,450330.15625,451521.7604166667
DC-PPO continuation (local x),35.0,452768.03125,451996.1666666667
DC-PPO continuation (local x),37.0,452890.3125,452933.3541666667
DC-PPO continuation (local x),39.0,453141.71875,454050.8020833333
DC-PPO continuation (local x),41.0,456120.375,455538.2083333333
DC-PPO continuation (local x),43.0,457352.53125,456577.875
DC-PPO continuation (local x),45.0,456260.71875,456766.7291666667
DC-PPO continuation (local x),47.0,456686.9375,456454.8229166667
DC-PPO continuation (local x),49.0,456416.8125,457183.0208333333
DC-PPO continuation (local x),51.0,458445.3125,457577.0
DC-PPO continuation (local x),53.0,457868.875,458487.6979166667
DC-PPO continuation (local x),55.0,459148.90625,458515.9583333333
DC-PPO continuation (local x),57.0,458530.09375,458712.9895833333
DC-PPO continuation (local x),59.0,458459.96875,458851.5208333333
DC-PPO continuation (local x),61.0,459564.5,459449.375
DC-PPO continuation (local x),63.0,460323.65625,460223.15625
DC-PPO continuation (local x),65.0,460781.3125,460794.375
DC-PPO continuation (local x),67.0,461278.15625,460378.65625
DC-PPO continuation (local x),69.0,459076.5,459306.1145833333
DC-PPO continuation (local x),71.0,457563.6875,458476.3229166667
DC-PPO continuation (local x),73.0,458788.78125,457648.3333333333
DC-PPO continuation (local x),75.0,456592.53125,456842.5104166667
DC-PPO continuation (local x),77.0,455146.21875,456612.625
DC-PPO continuation (local x),79.0,458099.125,456902.2291666667
DC-PPO continuation (local x),81.0,457461.34375,458839.1875
DC-PPO continuation (local x),83.0,460957.09375,459359.1354166667
DC-PPO continuation (local x),85.0,459658.96875,460133.4479166667
DC-PPO continuation (local x),87.0,459784.28125,459935.8229166667
DC-PPO continuation (local x),89.0,460364.21875,460397.0625
DC-PPO continuation (local x),91.0,461042.6875,460129.2708333333
DC-PPO continuation (local x),93.0,458980.90625,459798.7083333333
DC-PPO continuation (local x),95.0,459372.53125,459422.5
DC-PPO continuation (local x),97.0,459914.0625,459452.1145833333
DC-PPO continuation (local x),99.0,459069.75,459583.71875
DC-PPO continuation (local x),101.0,459767.34375,459579.34375
DC-PPO continuation (local x),103.0,459900.9375,460479.7708333333
DC-PPO continuation (local x),105.0,461771.03125,460065.2604166667
DC-PPO continuation (local x),107.0,458523.8125,459506.6666666667
DC-PPO continuation (local x),109.0,458225.15625,457996.0208333333
DC-PPO continuation (local x),111.0,457239.09375,458063.0520833333
DC-PPO continuation (local x),113.0,458724.90625,458494.3020833333
DC-PPO continuation (local x),115.0,459518.90625,458535.4375
DC-PPO continuation (local x),117.0,457362.5,458379.0416666667
DC-PPO continuation (local x),119.0,458255.71875,458610.4791666667
DC-PPO continuation (local x),121.0,460213.21875,459074.25
DC-PPO continuation (local x),123.0,458753.8125,459706.8020833333
DC-PPO continuation (local x),125.0,460153.375,459045.6875
DC-PPO continuation (local x),127.0,458229.875,458684.25
DC-PPO continuation (local x),129.0,457669.5,457652.6145833333
DC-PPO continuation (local x),131.0,457058.46875,457481.0416666667
DC-PPO continuation (local x),133.0,457715.15625,457705.125
DC-PPO continuation (local x),135.0,458341.75,457859.125
DC-PPO continuation (local x),137.0,457520.46875,456917.15625
DC-PPO continuation (local x),139.0,454889.25,456240.8645833333
DC-PPO continuation (local x),141.0,456312.875,456019.3125
DC-PPO continuation (local x),143.0,456855.8125,456552.7916666667
DC-PPO continuation (local x),145.0,456489.6875,456040.34375
DC-PPO continuation (local x),147.0,454775.53125,456299.7916666667
DC-PPO continuation (local x),149.0,457634.15625,456675.5625
DC-PPO continuation (local x),151.0,457617.0,457975.625
DC-PPO continuation (local x),153.0,458675.71875,458594.5
DC-PPO continuation (local x),155.0,459490.78125,458750.9166666667
DC-PPO continuation (local x),157.0,458086.25,459123.3541666667
DC-PPO continuation (local x),159.0,459793.03125,458734.8020833333
DC-PPO continuation (local x),161.0,458325.125,458705.6041666667
DC-PPO continuation (local x),163.0,457998.65625,457637.6979166667
DC-PPO continuation (local x),165.0,456589.3125,457851.40625
DC-PPO continuation (local x),167.0,458966.25,458308.8645833333
DC-PPO continuation (local x),169.0,459371.03125,459607.2916666667
DC-PPO continuation (local x),171.0,460484.59375,461621.3125
DC-PPO continuation (local x),173.0,465008.3125,462698.9583333333
DC-PPO continuation (local x),175.0,462603.96875,463148.4479166667
DC-PPO continuation (local x),177.0,461833.0625,461603.9583333333
DC-PPO continuation (local x),179.0,460374.84375,460601.0
DC-PPO continuation (local x),181.0,459595.09375,459630.5729166667
DC-PPO continuation (local x),183.0,458921.78125,458579.5416666667
DC-PPO continuation (local x),185.0,457221.75,457678.4375
DC-PPO continuation (local x),187.0,456891.78125,456628.7083333333
DC-PPO continuation (local x),189.0,455772.59375,456084.4166666667
DC-PPO continuation (local x),191.0,455588.875,455460.5729166667
DC-PPO continuation (local x),193.0,455020.25,455588.5625
DC-PPO continuation (local x),195.0,456156.5625,455410.8020833333
DC-PPO continuation (local x),197.0,455055.59375,456031.6979166667
DC-PPO continuation (local x),199.0,456882.9375,456095.5104166667
DC-PPO continuation (local x),201.0,456348.0,458063.8333333333
DC-PPO continuation (local x),203.0,460960.5625,460131.5104166667
DC-PPO continuation (local x),205.0,463085.96875,462540.2291666667
DC-PPO continuation (local x),207.0,463574.15625,463530.9166666667
DC-PPO continuation (local x),209.0,463932.625,463439.2708333333
DC-PPO continuation (local x),211.0,462811.03125,463516.4791666667
DC-PPO continuation (local x),213.0,463805.78125,462947.5625
DC-PPO continuation (local x),215.0,462225.875,463391.1458333333
DC-PPO continuation (local x),217.0,464141.78125,463519.46875
DC-PPO continuation (local x),219.0,464190.75,464053.28125
DC-PPO continuation (local x),221.0,463827.3125,463159.65625
DC-PPO continuation (local x),223.0,461460.90625,462167.96875
DC-PPO continuation (local x),225.0,461215.6875,460307.0416666667
DC-PPO continuation (local x),227.0,458244.53125,458850.0729166667
DC-PPO continuation (local x),229.0,457090.0,458412.625
DC-PPO continuation (local x),231.0,459903.34375,458970.8125
DC-PPO continuation (local x),233.0,459919.09375,459649.25
DC-PPO continuation (local x),235.0,459125.3125,459638.7916666667
DC-PPO continuation (local x),237.0,459871.96875,461157.7291666667
DC-PPO continuation (local x),239.0,464475.90625,462690.8333333333
DC-PPO continuation (local x),241.0,463724.625,464386.4791666667
DC-PPO continuation (local x),243.0,464958.90625,464905.8541666667
DC-PPO continuation (local x),245.0,466034.03125,465185.5208333333
DC-PPO continuation (local x),247.0,464563.625,465708.875
DC-PPO continuation (local x),249.0,466528.96875,465723.7604166667
DC-PPO continuation (local x),251.0,466078.6875,466027.5
DC-PPO continuation (local x),253.0,465474.84375,466780.4479166667
DC-PPO continuation (local x),255.0,468787.8125,467398.6666666667
DC-PPO continuation (local x),257.0,467933.34375,468008.4270833333
DC-PPO continuation (local x),259.0,467304.125,467064.53125
DC-PPO continuation (local x),261.0,465956.125,465741.6145833333
DC-PPO continuation (local x),263.0,463964.59375,464887.6666666667
DC-PPO continuation (local x),265.0,464742.28125,465076.3541666667
DC-PPO continuation (local x),267.0,466522.1875,466436.3645833333
DC-PPO continuation (local x),269.0,468044.625,467385.9375
DC-PPO continuation (local x),271.0,467591.0,468029.6354166667
DC-PPO continuation (local x),273.0,468453.28125,467986.53125
DC-PPO continuation (local x),275.0,467915.3125,467838.3645833333
DC-PPO continuation (local x),277.0,467146.5,467189.8125
DC-PPO continuation (local x),279.0,466507.625,467649.4166666667
DC-PPO continuation (local x),281.0,469294.125,468124.5104166667
DC-PPO continuation (local x),283.0,468571.78125,469446.0625
DC-PPO continuation (local x),285.0,470472.28125,469195.6145833333
DC-PPO continuation (local x),287.0,468542.78125,469407.21875
DC-PPO continuation (local x),289.0,469206.59375,468296.2083333333
DC-PPO continuation (local x),291.0,467139.25,468394.53125
DC-PPO continuation (local x),293.0,468837.75,468558.8645833333
DC-PPO continuation (local x),295.0,469699.59375,469603.9895833333
DC-PPO continuation (local x),297.0,470274.625,469788.1770833333
DC-PPO continuation (local x),299.0,469390.3125,469331.625
DC-PPO continuation (local x),301.0,468329.9375,469091.2083333333
DC-PPO continuation (local x),303.0,469553.375,469154.75
DC-PPO continuation (local x),305.0,469580.9375,469284.75
DC-PPO continuation (local x),307.0,468719.9375,467920.8854166667
DC-PPO continuation (local x),309.0,465461.78125,466901.5208333333
DC-PPO continuation (local x),311.0,466522.84375,466251.53125
DC-PPO continuation (local x),313.0,466769.96875,466700.71875
DC-PPO continuation (local x),315.0,466809.34375,467550.2916666667
DC-PPO continuation (local x),317.0,469071.5625,468669.2395833333
DC-PPO continuation (local x),319.0,470126.8125,470178.5208333333
DC-PPO continuation (local x),321.0,471337.1875,470798.71875
DC-PPO continuation (local x),323.0,470932.15625,471041.9583333333
DC-PPO continuation (local x),325.0,470856.53125,470899.1770833333
DC-PPO continuation (local x),327.0,470908.84375,470944.8958333333
DC-PPO continuation (local x),329.0,471069.3125,470706.6041666667
DC-PPO continuation (local x),331.0,470141.65625,470874.1354166667
DC-PPO continuation (local x),333.0,471411.4375,470887.1875
DC-PPO continuation (local x),335.0,471108.46875,471187.8125
DC-PPO continuation (local x),337.0,471043.53125,471315.0520833333
DC-PPO continuation (local x),339.0,471793.15625,470789.9479166667
DC-PPO continuation (local x),341.0,469533.15625,469369.0
DC-PPO continuation (local x),343.0,466780.6875,468007.75
DC-PPO continuation (local x),345.0,467709.40625,467180.6666666667
DC-PPO continuation (local x),347.0,467051.90625,467279.3229166667
DC-PPO continuation (local x),349.0,467076.65625,467023.6875
DC-PPO continuation (local x),351.0,466942.5,466389.5416666667
DC-PPO continuation (local x),353.0,465149.46875,465544.3020833333
DC-PPO continuation (local x),355.0,464540.9375,464967.9479166667
DC-PPO continuation (local x),357.0,465213.4375,465553.59375
DC-PPO continuation (local x),359.0,466906.40625,466372.3333333333
DC-PPO continuation (local x),361.0,466997.15625,467238.6666666667
DC-PPO continuation (local x),363.0,467812.4375,467408.3020833333
DC-PPO continuation (local x),365.0,467415.3125,467243.3333333333
DC-PPO continuation (local x),367.0,466502.25,467379.7604166667
DC-PPO continuation (local x),369.0,468221.71875,467915.0729166667
DC-PPO continuation (local x),371.0,469021.25,468561.2291666667
DC-PPO continuation (local x),373.0,468440.71875,468979.28125
DC-PPO continuation (local x),375.0,469475.875,468972.3541666667
DC-PPO continuation (local x),377.0,469000.46875,470591.2604166667
DC-PPO continuation (local x),379.0,473297.4375,471040.5625
DC-PPO continuation (local x),381.0,470823.78125,470967.46875
DC-PPO continuation (local x),383.0,468781.1875,470025.4166666667
DC-PPO continuation (local x),385.0,470471.28125,469747.5625
DC-PPO continuation (local x),387.0,469990.21875,470257.6458333333
DC-PPO continuation (local x),389.0,470311.4375,469999.2604166667
DC-PPO continuation (local x),391.0,469696.125,470196.9479166667
DC-PPO continuation (local x),393.0,470583.28125,469608.3958333333
DC-PPO continuation (local x),395.0,468545.78125,469253.4791666667
DC-PPO continuation (local x),397.0,468631.375,469146.8541666667
DC-PPO continuation (local x),399.0,470263.40625,469480.7291666667
DC-PPO continuation (local x),401.0,469547.40625,471235.78125
DC-PPO continuation (local x),403.0,473896.53125,472212.3854166667
DC-PPO continuation (local x),405.0,473193.21875,472918.09375
DC-PPO continuation (local x),407.0,471664.53125,471849.3541666667
DC-PPO continuation (local x),409.0,470690.3125,470713.2604166667
DC-PPO continuation (local x),411.0,469784.9375,469899.2708333333
DC-PPO continuation (local x),413.0,469222.5625,469518.8020833333
DC-PPO continuation (local x),415.0,469548.90625,469675.4375
DC-PPO continuation (local x),417.0,470254.84375,470671.71875
DC-PPO continuation (local x),419.0,472211.40625,471478.46875
DC-PPO continuation (local x),421.0,471969.15625,471580.1145833333
DC-PPO continuation (local x),423.0,470559.78125,471035.5416666667
DC-PPO continuation (local x),425.0,470577.6875,471198.9270833333
DC-PPO continuation (local x),427.0,472459.3125,470662.375
DC-PPO continuation (local x),429.0,468950.125,470896.4375
DC-PPO continuation (local x),431.0,471279.875,470046.3333333333
DC-PPO continuation (local x),433.0,469909.0,471123.65625
DC-PPO continuation (local x),435.0,472182.09375,470921.6770833333
DC-PPO continuation (local x),437.0,470673.9375,472505.46875
DC-PPO continuation (local x),439.0,474660.375,473261.7083333333
DC-PPO continuation (local x),441.0,474450.8125,474235.0208333333
DC-PPO continuation (local x),443.0,473593.875,474101.3333333333
DC-PPO continuation (local x),445.0,474259.3125,473689.6041666667
DC-PPO continuation (local x),447.0,473215.625,472508.125
DC-PPO continuation (local x),449.0,470049.4375,471330.8125
DC-PPO continuation (local x),451.0,470727.375,469884.1666666667
DC-PPO continuation (local x),453.0,468875.6875,470735.0208333333
DC-PPO continuation (local x),455.0,472602.0,471424.0520833333
DC-PPO continuation (local x),457.0,472794.46875,471025.8333333333
DC-PPO continuation (local x),459.0,467681.03125,470491.84375
DC-PPO continuation (local x),461.0,471000.03125,469797.1875
DC-PPO continuation (local x),463.0,470710.5,470716.1354166667
DC-PPO continuation (local x),465.0,470437.875,470639.7708333333
DC-PPO continuation (local x),467.0,470770.9375,470113.9895833333
DC-PPO continuation (local x),469.0,469133.15625,469926.78125
DC-PPO continuation (local x),471.0,469876.25,470459.1979166667
DC-PPO continuation (local x),473.0,472368.1875,471604.34375
DC-PPO continuation (local x),475.0,472568.59375,471609.84375
DC-PPO continuation (local x),477.0,469892.75,471198.0625
DC-PPO continuation (local x),479.0,471132.84375,470103.1458333333
DC-PPO continuation (local x),481.0,469283.84375,469689.1770833333
DC-PPO continuation (local x),483.0,468650.84375,468676.3854166667
DC-PPO continuation (local x),485.0,468094.46875,468129.5729166667
DC-PPO continuation (local x),487.0,467643.40625,468168.8854166667
DC-PPO continuation (local x),489.0,468768.78125,468296.1875
DC-PPO continuation (local x),491.0,468476.375,468319.6041666667
DC-PPO continuation (local x),493.0,467713.65625,467632.8958333333
DC-PPO continuation (local x),495.0,466708.65625,467684.9166666667
DC-PPO continuation (local x),497.0,468632.4375,468117.0
DC-PPO continuation (local x),499.0,469009.90625,469351.4895833333
DC-PPO continuation (local x),501.0,470412.125,469341.6354166667
DC-PPO continuation (local x),503.0,468602.875,468370.7708333333
DC-PPO continuation (local x),505.0,466097.3125,467766.6770833333
DC-PPO continuation (local x),507.0,468599.84375,468586.375
DC-PPO continuation (local x),509.0,471061.96875,470360.6458333333
DC-PPO continuation (local x),511.0,471420.125,470392.3645833333
DC-PPO continuation (local x),513.0,468695.0,470129.6770833333
DC-PPO continuation (local x),515.0,470273.90625,469105.1354166667
DC-PPO continuation (local x),517.0,468346.5,469079.0833333333
DC-PPO continuation (local x),519.0,468616.84375,468076.15625
DC-PPO continuation (local x),521.0,467265.125,468260.9270833333
DC-PPO continuation (local x),523.0,468900.8125,468637.4479166667
DC-PPO continuation (local x),525.0,469746.40625,469508.2604166667
DC-PPO continuation (local x),527.0,469877.5625,470378.1041666667
DC-PPO continuation (local x),529.0,471510.34375,471287.3020833333
DC-PPO continuation (local x),531.0,472474.0,471595.8541666667
DC-PPO continuation (local x),533.0,470803.21875,472263.2395833333
DC-PPO continuation (local x),535.0,473512.5,472064.0
DC-PPO continuation (local x),537.0,471876.28125,471916.0833333333
DC-PPO continuation (local x),539.0,470359.46875,471792.9375
DC-PPO continuation (local x),541.0,473143.0625,472660.84375
DC-PPO continuation (local x),543.0,474480.0,475054.6041666667
DC-PPO continuation (local x),545.0,477540.75,476336.5
DC-PPO continuation (local x),547.0,476988.75,477161.375
DC-PPO continuation (local x),549.0,476954.625,477036.34375
DC-PPO continuation (local x),551.0,477165.65625,476404.8645833333
DC-PPO continuation (local x),553.0,475094.3125,475966.6145833333
DC-PPO continuation (local x),555.0,475639.875,475708.9895833333
DC-PPO continuation (local x),557.0,476392.78125,476191.875
DC-PPO continuation (local x),559.0,476542.96875,477126.8020833333
DC-PPO continuation (local x),561.0,478444.65625,477378.59375
DC-PPO continuation (local x),563.0,477148.15625,477616.125
DC-PPO continuation (local x),565.0,477255.5625,477631.75
DC-PPO continuation (local x),567.0,478491.53125,478032.625
DC-PPO continuation (local x),569.0,478350.78125,478985.5104166667
DC-PPO continuation (local x),571.0,480114.21875,479682.6354166667
DC-PPO continuation (local x),573.0,480582.90625,480709.1041666667
DC-PPO continuation (local x),575.0,481430.1875,481354.34375
DC-PPO continuation (local x),577.0,482049.9375,481835.78125
DC-PPO continuation (local x),579.0,482027.21875,482378.6875
DC-PPO continuation (local x),581.0,483058.90625,481577.1041666667
DC-PPO continuation (local x),583.0,479645.1875,481587.3854166667
DC-PPO continuation (local x),585.0,482058.0625,481242.1770833333
DC-PPO continuation (local x),587.0,482023.28125,481575.4166666667
DC-PPO continuation (local x),589.0,480644.90625,480252.8645833333
DC-PPO continuation (local x),591.0,478090.40625,479442.8541666667
DC-PPO continuation (local x),593.0,479593.25,479315.3958333333
DC-PPO continuation (local x),595.0,480262.53125,479821.6458333333
DC-PPO continuation (local x),597.0,479609.15625,479122.53125
DC-PPO continuation (local x),599.0,477495.90625,478107.59375
DC-PPO continuation (local x),601.0,477217.71875,477835.8333333333
DC-PPO continuation (local x),603.0,478793.875,478070.9375
DC-PPO continuation (local x),605.0,478201.21875,477740.5416666667
DC-PPO continuation (local x),607.0,476226.53125,476509.5208333333
DC-PPO continuation (local x),609.0,475100.8125,474711.5833333333
DC-PPO continuation (local x),611.0,472807.40625,473766.1875
DC-PPO continuation (local x),613.0,473390.34375,473320.59375
DC-PPO continuation (local x),615.0,473764.03125,472680.0
DC-PPO continuation (local x),617.0,470885.625,471688.0729166667
DC-PPO continuation (local x),619.0,470414.5625,470584.3541666667
DC-PPO continuation (local x),621.0,470452.875,471081.7604166667
DC-PPO continuation (local x),623.0,472377.84375,471055.9375
DC-PPO continuation (local x),625.0,470337.09375,470577.3958333333
DC-PPO continuation (local x),627.0,469017.25,470240.0
DC-PPO continuation (local x),629.0,471365.65625,470492.2604166667
DC-PPO continuation (local x),631.0,471093.875,471265.7604166667
DC-PPO continuation (local x),633.0,471337.75,471267.53125
DC-PPO continuation (local x),635.0,471370.96875,471782.6354166667
DC-PPO continuation (local x),637.0,472639.1875,472346.5416666667
DC-PPO continuation (local x),639.0,473029.46875,472612.4166666667
DC-PPO continuation (local x),641.0,472168.59375,472268.3125
DC-PPO continuation (local x),643.0,471606.875,472049.4583333333
DC-PPO continuation (local x),645.0,472372.90625,471736.59375
DC-PPO continuation (local x),647.0,471230.0,471423.6770833333
DC-PPO continuation (local x),649.0,470668.125,470113.2083333333
DC-PPO continuation (local x),651.0,468441.5,469385.5
DC-PPO continuation (local x),653.0,469046.875,469576.9479166667
DC-PPO continuation (local x),655.0,471242.46875,470535.3125
DC-PPO continuation (local x),657.0,471316.59375,471225.9375
DC-PPO continuation (local x),659.0,471118.75,471527.7291666667
DC-PPO continuation (local x),661.0,472147.84375,471579.8020833333
DC-PPO continuation (local x),663.0,471472.8125,471707.4479166667
DC-PPO continuation (local x),665.0,471501.6875,470475.2708333333
DC-PPO continuation (local x),667.0,468451.3125,469700.875
DC-PPO continuation (local x),669.0,469149.625,468913.2916666667
DC-PPO continuation (local x),671.0,469138.9375,469310.0
DC-PPO continuation (local x),673.0,469641.4375,469588.4895833333
DC-PPO continuation (local x),675.0,469985.09375,469888.4375
DC-PPO continuation (local x),677.0,470038.78125,470532.65625
DC-PPO continuation (local x),679.0,471574.09375,471326.3541666667
DC-PPO continuation (local x),681.0,472366.1875,472338.1041666667
DC-PPO continuation (local x),683.0,473074.03125,472600.0416666667
DC-PPO continuation (local x),685.0,472359.90625,472527.5416666667
DC-PPO continuation (local x),687.0,472148.6875,472517.4375
DC-PPO continuation (local x),689.0,473043.71875,472349.8229166667
DC-PPO continuation (local x),691.0,471857.0625,472152.0416666667
DC-PPO continuation (local x),693.0,471555.34375,471609.1875
DC-PPO continuation (local x),695.0,471415.15625,471542.84375
DC-PPO continuation (local x),697.0,471658.03125,471574.71875
DC-PPO continuation (local x),699.0,471650.96875,472219.2291666667
DC-PPO continuation (local x),701.0,473348.6875,472183.4375
DC-PPO continuation (local x),703.0,471550.65625,472750.7916666667
DC-PPO continuation (local x),705.0,473353.03125,472707.53125
DC-PPO continuation (local x),707.0,473218.90625,473704.1458333333
DC-PPO continuation (local x),709.0,474540.5,473994.0104166667
DC-PPO continuation (local x),711.0,474222.625,474701.0625
DC-PPO continuation (local x),713.0,475340.0625,475640.5416666667
DC-PPO continuation (local x),715.0,477358.9375,476060.78125
DC-PPO continuation (local x),717.0,475483.34375,475983.1145833333
DC-PPO continuation (local x),719.0,475107.0625,476196.90625
DC-PPO continuation (local x),721.0,478000.3125,476728.7708333333
DC-PPO continuation (local x),723.0,477078.9375,476811.2604166667
DC-PPO continuation (local x),725.0,475354.53125,476203.90625
DC-PPO continuation (local x),727.0,476178.25,475541.9895833333
DC-PPO continuation (local x),729.0,475093.1875,474247.7604166667
DC-PPO continuation (local x),731.0,471471.84375,472844.1145833333
DC-PPO continuation (local x),733.0,471967.3125,471630.9375
DC-PPO continuation (local x),735.0,471453.65625,471697.53125
DC-PPO continuation (local x),737.0,471671.625,471225.6458333333
DC-PPO continuation (local x),739.0,470551.65625,470130.34375
DC-PPO continuation (local x),741.0,468167.75,469629.1875
DC-PPO continuation (local x),743.0,470168.15625,469760.0104166667
DC-PPO continuation (local x),745.0,470944.125,470604.25
DC-PPO continuation (local x),747.0,470700.46875,471381.0625
DC-PPO continuation (local x),749.0,472498.59375,471587.4479166667
DC-PPO continuation (local x),751.0,471563.28125,471873.1145833333
DC-PPO continuation (local x),753.0,471557.46875,471965.9375
DC-PPO continuation (local x),755.0,472777.0625,473233.125
DC-PPO continuation (local x),757.0,475364.84375,474514.2395833333
DC-PPO continuation (local x),759.0,475400.8125,474474.46875
DC-PPO continuation (local x),761.0,472657.75,473206.5416666667
DC-PPO continuation (local x),763.0,471561.0625,472016.625
DC-PPO continuation (local x),765.0,471831.0625,472101.3541666667
DC-PPO continuation (local x),767.0,472911.9375,472075.5833333333
DC-PPO continuation (local x),769.0,471483.75,473117.6875
DC-PPO continuation (local x),771.0,474957.375,473741.8125
DC-PPO continuation (local x),773.0,474784.3125,474774.7708333333
DC-PPO continuation (local x),775.0,474582.625,475030.65625
DC-PPO continuation (local x),777.0,475725.03125,475081.4791666667
DC-PPO continuation (local x),779.0,474936.78125,475260.5520833333
DC-PPO continuation (local x),781.0,475119.84375,474689.3541666667
DC-PPO continuation (local x),783.0,474011.4375,474627.90625
DC-PPO continuation (local x),785.0,474752.4375,475065.28125
DC-PPO continuation (local x),787.0,476431.96875,474993.0729166667
DC-PPO continuation (local x),789.0,473794.8125,474445.2395833333
DC-PPO continuation (local x),791.0,473108.9375,473649.4479166667
DC-PPO continuation (local x),793.0,474044.59375,473638.5520833333
DC-PPO continuation (local x),795.0,473762.125,473712.7291666667
DC-PPO continuation (local x),797.0,473331.46875,473309.1354166667
DC-PPO continuation (local x),799.0,472833.8125,473423.0625
DC-PPO continuation (local x),801.0,474103.90625,474065.4270833333
DC-PPO continuation (local x),803.0,475258.5625,476073.0625
DC-PPO continuation (local x),805.0,478856.71875,477734.0520833333
DC-PPO continuation (local x),807.0,479086.875,479478.5625
DC-PPO continuation (local x),809.0,480492.09375,479287.46875
DC-PPO continuation (local x),811.0,478283.4375,479347.9270833333
DC-PPO continuation (local x),813.0,479268.25,478361.0104166667
DC-PPO continuation (local x),815.0,477531.34375,478065.1875
DC-PPO continuation (local x),817.0,477395.96875,477580.0416666667
DC-PPO continuation (local x),819.0,477812.8125,477485.53125
DC-PPO continuation (local x),821.0,477247.8125,477309.4583333333
DC-PPO continuation (local x),823.0,476867.75,476402.2395833333
DC-PPO continuation (local x),825.0,475091.15625,475107.2083333333
DC-PPO continuation (local x),827.0,473362.71875,473813.90625
DC-PPO continuation (local x),829.0,472987.84375,473436.8854166667
DC-PPO continuation (local x),831.0,473960.09375,473733.4583333333
DC-PPO continuation (local x),833.0,474252.4375,473641.8125
DC-PPO continuation (local x),835.0,472712.90625,473386.7291666667
DC-PPO continuation (local x),837.0,473194.84375,472736.8541666667
DC-PPO continuation (local x),839.0,472302.8125,473075.0729166667
DC-PPO continuation (local x),841.0,473727.5625,473640.4166666667
DC-PPO continuation (local x),843.0,474890.875,474283.125
DC-PPO continuation (local x),845.0,474230.9375,474807.8125
DC-PPO continuation (local x),847.0,475301.625,474572.125
DC-PPO continuation (local x),849.0,474183.8125,474820.40625
DC-PPO continuation (local x),851.0,474975.78125,473828.9270833333
DC-PPO continuation (local x),853.0,472327.1875,473813.0104166667
DC-PPO continuation (local x),855.0,474136.0625,473518.9583333333
DC-PPO continuation (local x),857.0,474093.625,473668.1145833333
DC-PPO continuation (local x),859.0,472774.65625,473915.9166666667
DC-PPO continuation (local x),861.0,474879.46875,473599.5208333333
DC-PPO continuation (local x),863.0,473144.4375,474461.6875
DC-PPO continuation (local x),865.0,475361.15625,473561.4479166667
DC-PPO continuation (local x),867.0,472178.75,473872.7395833333
DC-PPO continuation (local x),869.0,474078.3125,473031.8125
DC-PPO continuation (local x),871.0,472838.375,473896.2916666667
DC-PPO continuation (local x),873.0,474772.1875,474035.7916666667
DC-PPO continuation (local x),875.0,474496.8125,474990.7395833333
DC-PPO continuation (local x),877.0,475703.21875,474792.2083333333
DC-PPO continuation (local x),879.0,474176.59375,474886.0520833333
DC-PPO continuation (local x),881.0,474778.34375,474230.09375
DC-PPO continuation (local x),883.0,473735.34375,474352.0208333333
DC-PPO continuation (local x),885.0,474542.375,474097.9166666667
DC-PPO continuation (local x),887.0,474016.03125,474541.6145833333
DC-PPO continuation (local x),889.0,475066.4375,474500.1666666667
DC-PPO continuation (local x),891.0,474418.03125,473738.5
DC-PPO continuation (local x),893.0,471731.03125,471606.1666666667
DC-PPO continuation (local x),895.0,468669.4375,470623.3020833333
DC-PPO continuation (local x),897.0,471469.4375,469934.0
DC-PPO continuation (local x),899.0,469663.125,471062.1458333333
DC-PPO continuation (local x),901.0,472053.875,470233.4479166667
DC-PPO continuation (local x),903.0,468983.34375,469742.1770833333
DC-PPO continuation (local x),905.0,468189.3125,469364.6354166667
DC-PPO continuation (local x),907.0,470921.25,469724.6666666667
DC-PPO continuation (local x),909.0,470063.4375,470425.0833333333
DC-PPO continuation (local x),911.0,470290.5625,469223.3854166667
DC-PPO continuation (local x),913.0,467316.15625,468094.4479166667
DC-PPO continuation (local x),915.0,466676.625,466703.6145833333
DC-PPO continuation (local x),917.0,466118.0625,466912.875
DC-PPO continuation (local x),919.0,467943.9375,467473.59375
DC-PPO continuation (local x),921.0,468358.78125,468392.1354166667
DC-PPO continuation (local x),923.0,468873.6875,469830.75
DC-PPO continuation (local x),925.0,472259.78125,471094.3541666667
DC-PPO continuation (local x),927.0,472149.59375,471919.9895833333
DC-PPO continuation (local x),929.0,471350.59375,472238.1666666667
DC-PPO continuation (local x),931.0,473214.3125,472716.3541666667
DC-PPO continuation (local x),933.0,473584.15625,473875.5833333333
DC-PPO continuation (local x),935.0,474828.28125,474868.96875
DC-PPO continuation (local x),937.0,476194.46875,475711.4895833333
DC-PPO continuation (local x),939.0,476111.71875,476622.6770833333
DC-PPO continuation (local x),941.0,477561.84375,476585.2604166667
DC-PPO continuation (local x),943.0,476082.21875,476398.7083333333
DC-PPO continuation (local x),945.0,475552.0625,475589.0729166667
DC-PPO continuation (local x),947.0,475132.9375,475373.9583333333
DC-PPO continuation (local x),949.0,475436.875,475046.71875
DC-PPO continuation (local x),951.0,474570.34375,475049.6145833333
DC-PPO continuation (local x),953.0,475141.625,474558.3854166667
DC-PPO continuation (local x),955.0,473963.1875,474466.03125
DC-PPO continuation (local x),957.0,474293.28125,473561.5729166667
DC-PPO continuation (local x),959.0,472428.25,473020.34375
DC-PPO continuation (local x),961.0,472339.5,471863.7395833333
DC-PPO continuation (local x),963.0,470823.46875,471570.9583333333
DC-PPO continuation (local x),965.0,471549.90625,471340.34375
DC-PPO continuation (local x),967.0,471647.65625,472371.7604166667
DC-PPO continuation (local x),969.0,473917.71875,472814.6145833333
DC-PPO continuation (local x),971.0,472878.46875,473374.9270833333
DC-PPO continuation (local x),973.0,473328.59375,473687.1354166667
DC-PPO continuation (local x),975.0,474854.34375,473907.0208333333
DC-PPO continuation (local x),977.0,473538.125,473971.875
DC-PPO continuation (local x),979.0,473523.15625,473777.46875
DC-PPO continuation (local x),981.0,474271.125,473312.3958333333
DC-PPO continuation (local x),983.0,472142.90625,472170.4375
DC-PPO continuation (local x),985.0,470097.28125,470845.3229166667
DC-PPO continuation (local x),987.0,470295.78125,469852.1145833333
DC-PPO continuation (local x),989.0,469163.28125,470335.3020833333
DC-PPO continuation (local x),991.0,471546.84375,470900.6354166667
DC-PPO continuation (local x),993.0,471991.78125,472901.7395833333
DC-PPO continuation (local x),995.0,475166.59375,473156.7708333333
DC-PPO continuation (local x),997.0,472311.9375,473311.3645833333
DC-PPO continuation (local x),999.0,472455.5625,472717.5520833333
DC-PPO continuation (local x),1001.0,473385.15625,473481.9479166667
DC-PPO continuation (local x),1003.0,474605.125,473031.1875
DC-PPO continuation (local x),1005.0,471103.28125,472487.90625
DC-PPO continuation (local x),1007.0,471755.3125,471528.0729166667
DC-PPO continuation (local x),1009.0,471725.625,471288.21875
DC-PPO continuation (local x),1011.0,470383.71875,470899.6875
DC-PPO continuation (local x),1013.0,470589.71875,470785.1145833333
DC-PPO continuation (local x),1015.0,471381.90625,471572.2604166667
DC-PPO continuation (local x),1017.0,472745.15625,471738.375
DC-PPO continuation (local x),1019.0,471088.0625,471711.9583333333
DC-PPO continuation (local x),1021.0,471302.65625,471875.4166666667
DC-PPO continuation (local x),1023.0,473235.53125,472990.0625
DC-PPO continuation (local x),1025.0,474432.0,473421.59375
DC-PPO continuation (local x),1027.0,472597.25,473756.71875
DC-PPO continuation (local x),1029.0,474240.90625,473627.9270833333
DC-PPO continuation (local x),1031.0,474045.625,474006.40625
DC-PPO continuation (local x),1033.0,473732.6875,474092.9895833333
DC-PPO continuation (local x),1035.0,474500.65625,474223.9791666667
DC-PPO continuation (local x),1037.0,474438.59375,474627.8854166667
DC-PPO continuation (local x),1039.0,474944.40625,475176.6458333333
DC-PPO continuation (local x),1041.0,476146.9375,475410.0520833333
DC-PPO continuation (local x),1043.0,475138.8125,475236.875
DC-PPO continuation (local x),1045.0,474424.875,474972.1041666667
DC-PPO continuation (local x),1047.0,475352.625,474322.0416666667
DC-PPO continuation (local x),1049.0,473188.625,474176.9479166667
DC-PPO continuation (local x),1051.0,473989.59375,472925.2395833333
DC-PPO continuation (local x),1053.0,471597.5,473569.40625
DC-PPO continuation (local x),1055.0,475121.125,473638.0833333333
DC-PPO continuation (local x),1057.0,474195.625,474099.0416666667
DC-PPO continuation (local x),1059.0,472980.375,473539.3854166667
DC-PPO continuation (local x),1061.0,473442.15625,472804.09375
DC-PPO continuation (local x),1063.0,471989.75,472613.8125
DC-PPO continuation (local x),1065.0,472409.53125,473041.9583333333
DC-PPO continuation (local x),1067.0,474726.59375,474038.09375
DC-PPO continuation (local x),1069.0,474978.15625,474292.09375
DC-PPO continuation (local x),1071.0,473171.53125,473722.6041666667
DC-PPO continuation (local x),1073.0,473018.125,473159.5104166667
DC-PPO continuation (local x),1075.0,473288.875,473777.8333333333
DC-PPO continuation (local x),1077.0,475026.5,473816.6458333333
DC-PPO continuation (local x),1079.0,473134.5625,473733.1770833333
DC-PPO continuation (local x),1081.0,473038.46875,473146.4166666667
DC-PPO continuation (local x),1083.0,473266.21875,472856.5416666667
DC-PPO continuation (local x),1085.0,472264.9375,472810.0729166667
DC-PPO continuation (local x),1087.0,472899.0625,472372.28125
DC-PPO continuation (local x),1089.0,471952.84375,471933.3958333333
DC-PPO continuation (local x),1091.0,470948.28125,470768.0625
DC-PPO continuation (local x),1093.0,469403.0625,469996.4270833333
DC-PPO continuation (local x),1095.0,469637.9375,469352.75
DC-PPO continuation (local x),1097.0,469017.25,469108.28125
DC-PPO continuation (local x),1099.0,468669.65625,468710.0416666667
DC-PPO continuation (local x),1101.0,468443.21875,468792.03125
DC-PPO continuation (local x),1103.0,469263.21875,469260.28125
DC-PPO continuation (local x),1105.0,470074.40625,469732.0104166667
DC-PPO continuation (local x),1107.0,469858.40625,469276.6666666667
DC-PPO continuation (local x),1109.0,467897.1875,469408.6875
DC-PPO continuation (local x),1111.0,470470.46875,469602.9166666667
DC-PPO continuation (local x),1113.0,470441.09375,470525.15625
DC-PPO continuation (local x),1115.0,470663.90625,471298.8020833333
DC-PPO continuation (local x),1117.0,472791.40625,471515.0520833333
DC-PPO continuation (local x),1119.0,471089.84375,471783.03125
DC-PPO continuation (local x),1121.0,471467.84375,471012.5625
DC-PPO continuation (local x),1123.0,470480.0,471261.8229166667
DC-PPO continuation (local x),1125.0,471837.625,470757.625
DC-PPO continuation (local x),1127.0,469955.25,470208.9270833333
DC-PPO continuation (local x),1129.0,468833.90625,469736.0416666667
DC-PPO continuation (local x),1131.0,470418.96875,470029.5208333333
DC-PPO continuation (local x),1133.0,470835.6875,470029.5520833333
DC-PPO continuation (local x),1135.0,468834.0,469715.1041666667
DC-PPO continuation (local x),1137.0,469475.625,469122.6875
DC-PPO continuation (local x),1139.0,469058.4375,468558.125
DC-PPO continuation (local x),1141.0,467140.3125,467910.5625
DC-PPO continuation (local x),1143.0,467532.9375,468157.1875
DC-PPO continuation (local x),1145.0,469798.3125,468333.2916666667
DC-PPO continuation (local x),1147.0,467668.625,469217.7083333333
DC-PPO continuation (local x),1149.0,470186.1875,469322.8645833333
DC-PPO continuation (local x),1151.0,470113.78125,470812.6041666667
DC-PPO continuation (local x),1153.0,472137.84375,471263.8958333333
DC-PPO continuation (local x),1155.0,471540.0625,471832.8854166667
DC-PPO continuation (local x),1157.0,471820.75,471250.3229166667
DC-PPO continuation (local x),1159.0,470390.15625,471890.0729166667
DC-PPO continuation (local x),1161.0,473459.3125,472592.0625
DC-PPO continuation (local x),1163.0,473926.71875,473538.65625
DC-PPO continuation (local x),1165.0,473229.9375,473917.5833333333
DC-PPO continuation (local x),1167.0,474596.09375,473998.8645833333
DC-PPO continuation (local x),1169.0,474170.5625,474773.7708333333
DC-PPO continuation (local x),1171.0,475554.65625,474621.875
DC-PPO continuation (local x),1173.0,474140.40625,473914.5625
DC-PPO continuation (local x),1175.0,472048.625,473366.6458333333
DC-PPO continuation (local x),1177.0,473910.90625,474307.3333333333
DC-PPO continuation (local x),1179.0,476962.46875,476028.9895833333
DC-PPO continuation (local x),1181.0,477213.59375,477151.40625
DC-PPO continuation (local x),1183.0,477278.15625,476703.5833333333
DC-PPO continuation (local x),1185.0,475619.0,476492.3125
DC-PPO continuation (local x),1187.0,476579.78125,476190.3854166667
DC-PPO continuation (local x),1189.0,476372.375,476961.4166666667
DC-PPO continuation (local x),1191.0,477932.09375,477625.5208333333
DC-PPO continuation (local x),1193.0,478572.09375,479286.59375
DC-PPO continuation (local x),1195.0,481355.59375,479874.2708333333
DC-PPO continuation (local x),1197.0,479695.125,480616.6354166667
DC-PPO continuation (local x),1199.0,480799.1875,480624.0208333333
DC-PPO continuation (local x),1201.0,481377.75,481208.6875
DC-PPO continuation (local x),1203.0,481449.125,481044.75
DC-PPO continuation (local x),1205.0,480307.375,480391.9479166667
DC-PPO continuation (local x),1207.0,479419.34375,479766.3958333333
DC-PPO continuation (local x),1209.0,479572.46875,480449.3020833333
DC-PPO continuation (local x),1211.0,482356.09375,480945.0625
DC-PPO continuation (local x),1213.0,480906.625,481718.375
DC-PPO continuation (local x),1215.0,481892.40625,481784.3125
DC-PPO continuation (local x),1217.0,482553.90625,481485.8333333333
DC-PPO continuation (local x),1219.0,480011.1875,481072.9479166667
DC-PPO continuation (local x),1221.0,480653.75,479886.0625
DC-PPO continuation (local x),1223.0,478993.25,479499.75
DC-PPO continuation (local x),1225.0,478852.25,478972.8125
DC-PPO continuation (local x),1227.0,479072.9375,479104.7395833333
DC-PPO continuation (local x),1229.0,479389.03125,479190.21875
DC-PPO continuation (local x),1231.0,479108.6875,479897.3020833333
DC-PPO continuation (local x),1233.0,481194.1875,480127.8541666667
DC-PPO continuation (local x),1235.0,480080.6875,481038.0520833333
DC-PPO continuation (local x),1237.0,481839.28125,481291.2395833333
DC-PPO continuation (local x),1239.0,481953.75,482657.0
DC-PPO continuation (local x),1241.0,484177.96875,483662.5208333333
DC-PPO continuation (local x),1243.0,484855.84375,484301.15625
DC-PPO continuation (local x),1245.0,483869.65625,484826.7083333333
DC-PPO continuation (local x),1247.0,485754.625,484795.4375
DC-PPO continuation (local x),1249.0,484762.03125,484708.28125
DC-PPO continuation (local x),1251.0,483608.1875,483183.78125
DC-PPO continuation (local x),1253.0,481181.125,481943.5625
DC-PPO continuation (local x),1255.0,481041.375,480758.4270833333
DC-PPO continuation (local x),1257.0,480052.78125,480186.6979166667
DC-PPO continuation (local x),1259.0,479465.9375,479471.1666666667
DC-PPO continuation (local x),1261.0,478894.78125,479601.3958333333
DC-PPO continuation (local x),1263.0,480443.46875,479638.1770833333
DC-PPO continuation (local x),1265.0,479576.28125,479926.34375
DC-PPO continuation (local x),1267.0,479759.28125,479529.3020833333
DC-PPO continuation (local x),1269.0,479252.34375,479261.15625
DC-PPO continuation (local x),1271.0,478771.84375,479412.6354166667
DC-PPO continuation (local x),1273.0,480213.71875,478955.4479166667
DC-PPO continuation (local x),1275.0,477880.78125,479385.3229166667
DC-PPO continuation (local x),1277.0,480061.46875,479319.25
DC-PPO continuation (local x),1279.0,480015.5,479636.0833333333
DC-PPO continuation (local x),1281.0,478831.28125,479959.6770833333
DC-PPO continuation (local x),1283.0,481032.25,479214.7395833333
DC-PPO continuation (local x),1285.0,477780.6875,479342.6041666667
DC-PPO continuation (local x),1287.0,479214.875,478376.8125
DC-PPO continuation (local x),1289.0,478134.875,478520.5208333333
DC-PPO continuation (local x),1291.0,478211.8125,477935.15625
DC-PPO continuation (local x),1293.0,477458.78125,477455.1145833333
DC-PPO continuation (local x),1295.0,476694.75,477346.2916666667
DC-PPO continuation (local x),1297.0,477885.34375,477650.375
DC-PPO continuation (local x),1299.0,478371.03125,478281.21875
DC-PPO continuation (local x),1301.0,478587.28125,479008.6770833333
DC-PPO continuation (local x),1303.0,480067.71875,479070.65625
DC-PPO continuation (local x),1305.0,478556.96875,479181.1458333333
DC-PPO continuation (local x),1307.0,478918.75,478633.5625
DC-PPO continuation (local x),1309.0,478424.96875,478864.1666666667
DC-PPO continuation (local x),1311.0,479248.78125,479238.875
DC-PPO continuation (local x),1313.0,480042.875,479565.125
DC-PPO continuation (local x),1315.0,479403.71875,479913.0416666667
DC-PPO continuation (local x),1317.0,480292.53125,480246.4791666667
DC-PPO continuation (local x),1319.0,481043.1875,480539.28125
DC-PPO continuation (local x),1321.0,480282.125,480701.03125
DC-PPO continuation (local x),1323.0,480777.78125,480574.5416666667
DC-PPO continuation (local x),1325.0,480663.71875,481651.4270833333
DC-PPO continuation (local x),1327.0,483512.78125,482391.03125
DC-PPO continuation (local x),1329.0,482996.59375,483142.6979166667
DC-PPO continuation (local x),1331.0,482918.71875,481988.9791666667
DC-PPO continuation (local x),1333.0,480051.625,481247.1354166667
DC-PPO continuation (local x),1335.0,480771.0625,479782.6979166667
DC-PPO continuation (local x),1337.0,478525.40625,480654.7291666667
DC-PPO continuation (local x),1339.0,482667.71875,480672.4895833333
DC-PPO continuation (local x),1341.0,480824.34375,481438.5104166667
DC-PPO continuation (local x),1343.0,480823.46875,479886.0208333333
DC-PPO continuation (local x),1345.0,478010.25,479119.40625
DC-PPO continuation (local x),1347.0,478524.5,477649.8125
DC-PPO continuation (local x),1349.0,476414.6875,477262.4479166667
DC-PPO continuation (local x),1351.0,476848.15625,476581.8854166667
DC-PPO continuation (local x),1353.0,476482.8125,477081.53125
DC-PPO continuation (local x),1355.0,477913.625,478091.2604166667
DC-PPO continuation (local x),1357.0,479877.34375,478538.3541666667
DC-PPO continuation (local x),1359.0,477824.09375,479003.9479166667
DC-PPO continuation (local x),1361.0,479310.40625,478265.6458333333
DC-PPO continuation (local x),1363.0,477662.4375,478501.03125
DC-PPO continuation (local x),1365.0,478530.25,477200.0416666667
DC-PPO continuation (local x),1367.0,475407.4375,476797.71875
DC-PPO continuation (local x),1369.0,476455.46875,476269.2604166667
DC-PPO continuation (local x),1371.0,476944.875,476448.84375
DC-PPO continuation (local x),1373.0,475946.1875,475605.3125
DC-PPO continuation (local x),1375.0,473924.875,474900.6041666667
DC-PPO continuation (local x),1377.0,474830.75,473962.8229166667
DC-PPO continuation (local x),1379.0,473132.84375,473730.1666666667
DC-PPO continuation (local x),1381.0,473226.90625,472982.3125
DC-PPO continuation (local x),1383.0,472587.1875,472957.90625
DC-PPO continuation (local x),1385.0,473059.625,472279.8958333333
DC-PPO continuation (local x),1387.0,471192.875,471779.5208333333
DC-PPO continuation (local x),1389.0,471086.0625,469916.6770833333
DC-PPO continuation (local x),1391.0,467471.09375,469587.1770833333
DC-PPO continuation (local x),1393.0,470204.375,469389.0208333333
DC-PPO continuation (local x),1395.0,470491.59375,470156.59375
DC-PPO continuation (local x),1397.0,469773.8125,470556.6875
DC-PPO continuation (local x),1399.0,471404.65625,471025.78125
DC-PPO continuation (local x),1401.0,471898.875,471076.1666666667
DC-PPO continuation (local x),1403.0,469924.96875,470656.03125
DC-PPO continuation (local x),1405.0,470144.25,471181.0416666667
DC-PPO continuation (local x),1407.0,473473.90625,471888.28125
DC-PPO continuation (local x),1409.0,472046.6875,473056.34375
DC-PPO continuation (local x),1411.0,473648.4375,474127.5416666667
DC-PPO continuation (local x),1413.0,476687.5,476104.7291666667
DC-PPO continuation (local x),1415.0,477978.25,478671.3125
DC-PPO continuation (local x),1417.0,481348.1875,479300.71875
DC-PPO continuation (local x),1419.0,478575.71875,480672.875
DC-PPO continuation (local x),1421.0,482094.71875,480672.8958333333
DC-PPO continuation (local x),1423.0,481348.25,482128.0208333333
DC-PPO continuation (local x),1425.0,482941.09375,482143.5104166667
DC-PPO continuation (local x),1427.0,482141.1875,482397.03125
DC-PPO continuation (local x),1429.0,482108.8125,482353.5104166667
DC-PPO continuation (local x),1431.0,482810.53125,481964.9375
DC-PPO continuation (local x),1433.0,480975.46875,482965.75
DC-PPO continuation (local x),1435.0,485111.25,483091.5
DC-PPO continuation (local x),1437.0,483187.78125,482904.6875
DC-PPO continuation (local x),1439.0,480415.03125,481518.7916666667
DC-PPO continuation (local x),1441.0,480953.5625,481574.5729166667
DC-PPO continuation (local x),1443.0,483355.125,482344.09375
DC-PPO continuation (local x),1445.0,482723.59375,482811.8854166667
DC-PPO continuation (local x),1447.0,482356.9375,483001.7395833333
DC-PPO continuation (local x),1449.0,483924.6875,482608.8541666667
DC-PPO continuation (local x),1451.0,481544.9375,482473.6041666667
DC-PPO continuation (local x),1453.0,481951.1875,482040.1875
DC-PPO continuation (local x),1455.0,482624.4375,481933.0625
DC-PPO continuation (local x),1457.0,481223.5625,481921.9270833333
DC-PPO continuation (local x),1459.0,481917.78125,482171.3958333333
DC-PPO continuation (local x),1461.0,483372.84375,482655.1354166667
DC-PPO continuation (local x),1463.0,482674.78125,483595.78125
DC-PPO continuation (local x),1465.0,484739.71875,484061.8645833333
DC-PPO continuation (local x),1467.0,484771.09375,485293.9479166667
DC-PPO continuation (local x),1469.0,486371.03125,486581.3645833333
DC-PPO continuation (local x),1471.0,488601.96875,487499.5625
DC-PPO continuation (local x),1473.0,487525.6875,487421.0416666667
DC-PPO continuation (local x),1475.0,486135.46875,487290.09375
DC-PPO continuation (local x),1477.0,488209.125,487895.125
DC-PPO continuation (local x),1479.0,489340.78125,488791.96875
DC-PPO continuation (local x),1481.0,488826.0,488972.2291666667
DC-PPO continuation (local x),1483.0,488749.90625,488455.15625
DC-PPO continuation (local x),1485.0,487789.5625,487997.8020833333
DC-PPO continuation (local x),1487.0,487453.9375,487807.46875
DC-PPO continuation (local x),1489.0,488178.90625,488259.2395833333
DC-PPO continuation (local x),1491.0,489144.875,489032.0
DC-PPO continuation (local x),1493.0,489772.21875,489558.3125
DC-PPO continuation (local x),1495.0,489757.84375,489748.28125
DC-PPO continuation (local x),1497.0,489714.78125,489403.28125
DC-PPO continuation (local x),1499.0,488737.21875,489012.2395833333
DC-PPO continuation (local x),1501.0,488584.71875,488409.4583333333
DC-PPO continuation (local x),1503.0,487906.4375,488147.4791666667
DC-PPO continuation (local x),1505.0,487951.28125,488292.4895833333
DC-PPO continuation (local x),1507.0,489019.75,488487.0
DC-PPO continuation (local x),1509.0,488489.96875,489221.1145833333
DC-PPO continuation (local x),1511.0,490153.625,490178.0
DC-PPO continuation (local x),1513.0,491890.40625,490949.0625
DC-PPO continuation (local x),1515.0,490803.15625,491055.2291666667
DC-PPO continuation (local x),1517.0,490472.125,491861.8854166667
DC-PPO continuation (local x),1519.0,494310.375,493221.0
DC-PPO continuation (local x),1521.0,494880.5,494034.6041666667
DC-PPO continuation (local x),1523.0,492912.9375,493079.6979166667
DC-PPO continuation (local x),1525.0,491445.65625,491765.3645833333
DC-PPO continuation (local x),1527.0,490937.5,490349.8020833333
DC-PPO continuation (local x),1529.0,488666.25,489260.28125
DC-PPO continuation (local x),1531.0,488177.09375,488814.2291666667
DC-PPO continuation (local x),1533.0,489599.34375,488872.3229166667
DC-PPO continuation (local x),1535.0,488840.53125,488262.2604166667
DC-PPO continuation (local x),1537.0,486346.90625,487694.9791666667
DC-PPO continuation (local x),1539.0,487897.5,486367.9479166667
DC-PPO continuation (local x),1541.0,484859.4375,486699.3645833333
DC-PPO continuation (local x),1543.0,487341.15625,486479.3333333333
DC-PPO continuation (local x),1545.0,487237.40625,486867.2916666667
DC-PPO continuation (local x),1547.0,486023.3125,486422.0208333333
DC-PPO continuation (local x),1549.0,486005.34375,485751.4583333333
DC-PPO continuation (local x),1551.0,485225.71875,485028.6354166667
DC-PPO continuation (local x),1553.0,483854.84375,484345.40625
DC-PPO continuation (local x),1555.0,483955.65625,483329.3333333333
DC-PPO continuation (local x),1557.0,482177.5,483456.09375
DC-PPO continuation (local x),1559.0,484235.125,483168.7604166667
DC-PPO continuation (local x),1561.0,483093.65625,483737.28125
DC-PPO continuation (local x),1563.0,483883.0625,483033.0
DC-PPO continuation (local x),1565.0,482122.28125,481711.2708333333
DC-PPO continuation (local x),1567.0,479128.46875,480512.90625
DC-PPO continuation (local x),1569.0,480287.96875,478874.65625
DC-PPO continuation (local x),1571.0,477207.53125,478481.0104166667
DC-PPO continuation (local x),1573.0,477947.53125,477222.8125
DC-PPO continuation (local x),1575.0,476513.375,477551.3125
DC-PPO continuation (local x),1577.0,478193.03125,476848.0
DC-PPO continuation (local x),1579.0,475837.59375,476874.8125
DC-PPO continuation (local x),1581.0,476593.8125,477402.7604166667
DC-PPO continuation (local x),1583.0,479776.875,478160.1145833333
DC-PPO continuation (local x),1585.0,478109.65625,479016.96875
DC-PPO continuation (local x),1587.0,479164.375,479281.8333333333
DC-PPO continuation (local x),1589.0,480571.46875,479572.90625
DC-PPO continuation (local x),1591.0,478982.875,480159.1041666667
DC-PPO continuation (local x),1593.0,480922.96875,479872.0416666667
DC-PPO continuation (local x),1595.0,479710.28125,480817.59375
DC-PPO continuation (local x),1597.0,481819.53125,480811.4166666667
DC-PPO continuation (local x),1599.0,480904.4375,480874.3958333333
DC-PPO continuation (local x),1601.0,479899.21875,480041.34375
DC-PPO continuation (local x),1603.0,479320.375,480503.3020833333
DC-PPO continuation (local x),1605.0,482290.3125,480752.7916666667
DC-PPO continuation (local x),1607.0,480647.6875,481303.2395833333
DC-PPO continuation (local x),1609.0,480971.71875,480890.9166666667
DC-PPO continuation (local x),1611.0,481053.34375,481028.59375
DC-PPO continuation (local x),1613.0,481060.71875,481183.3333333333
DC-PPO continuation (local x),1615.0,481435.9375,481121.5729166667
DC-PPO continuation (local x),1617.0,480868.0625,480371.1875
DC-PPO continuation (local x),1619.0,478809.5625,479559.0
DC-PPO continuation (local x),1621.0,478999.375,479106.8958333333
DC-PPO continuation (local x),1623.0,479511.75,479763.4375
DC-PPO continuation (local x),1625.0,480779.1875,480109.7708333333
DC-PPO continuation (local x),1627.0,480038.375,480184.7916666667
DC-PPO continuation (local x),1629.0,479736.8125,479554.25
DC-PPO continuation (local x),1631.0,478887.5625,480033.5520833333
DC-PPO continuation (local x),1633.0,481476.28125,481280.28125
DC-PPO continuation (local x),1635.0,483477.0,482856.7708333333
DC-PPO continuation (local x),1637.0,483617.03125,483126.46875
DC-PPO continuation (local x),1639.0,482285.375,483279.03125
DC-PPO continuation (local x),1641.0,483934.6875,483003.5
DC-PPO continuation (local x),1643.0,482790.4375,483078.65625
DC-PPO continuation (local x),1645.0,482510.84375,482981.3020833333
DC-PPO continuation (local x),1647.0,483642.625,483111.7916666667
DC-PPO continuation (local x),1649.0,483181.90625,483661.7708333333
DC-PPO continuation (local x),1651.0,484160.78125,483223.6145833333
DC-PPO continuation (local x),1653.0,482328.15625,482498.0729166667
DC-PPO continuation (local x),1655.0,481005.28125,482636.4375
DC-PPO continuation (local x),1657.0,484575.875,483072.1458333333
DC-PPO continuation (local x),1659.0,483635.28125,484357.5
DC-PPO continuation (local x),1661.0,484861.34375,484928.7083333333
DC-PPO continuation (local x),1663.0,486289.5,485656.9270833333
DC-PPO continuation (local x),1665.0,485819.9375,485636.7395833333
DC-PPO continuation (local x),1667.0,484800.78125,484899.1041666667
DC-PPO continuation (local x),1669.0,484076.59375,484043.8333333333
DC-PPO continuation (local x),1671.0,483254.125,483393.8854166667
DC-PPO continuation (local x),1673.0,482850.9375,483589.96875
DC-PPO continuation (local x),1675.0,484664.84375,483756.5416666667
DC-PPO continuation (local x),1677.0,483753.84375,483645.6145833333
DC-PPO continuation (local x),1679.0,482518.15625,482865.8020833333
DC-PPO continuation (local x),1681.0,482325.40625,483544.1770833333
DC-PPO continuation (local x),1683.0,485788.96875,484990.3333333333
DC-PPO continuation (local x),1685.0,486856.625,486631.3333333333
DC-PPO continuation (local x),1687.0,487248.40625,487871.09375
DC-PPO continuation (local x),1689.0,489508.25,488122.6354166667
DC-PPO continuation (local x),1691.0,487611.25,488231.0520833333
DC-PPO continuation (local x),1693.0,487573.65625,487679.5416666667
DC-PPO continuation (local x),1695.0,487853.71875,487986.46875
DC-PPO continuation (local x),1697.0,488532.03125,488378.0104166667
DC-PPO continuation (local x),1699.0,488748.28125,489237.34375
DC-PPO continuation (local x),1701.0,490431.71875,489197.7291666667
DC-PPO continuation (local x),1703.0,488413.1875,488754.34375
DC-PPO continuation (local x),1705.0,487418.125,487362.9375
DC-PPO continuation (local x),1707.0,486257.5,486887.9895833333
DC-PPO continuation (local x),1709.0,486988.34375,486384.28125
DC-PPO continuation (local x),1711.0,485907.0,486418.3958333333
DC-PPO continuation (local x),1713.0,486359.84375,486447.96875
DC-PPO continuation (local x),1715.0,487077.0625,486914.9895833333
DC-PPO continuation (local x),1717.0,487308.0625,486776.8645833333
DC-PPO continuation (local x),1719.0,485945.46875,486764.7083333333
DC-PPO continuation (local x),1721.0,487040.59375,487022.0
DC-PPO continuation (local x),1723.0,488079.9375,487157.40625
DC-PPO continuation (local x),1725.0,486351.6875,487516.9583333333
DC-PPO continuation (local x),1727.0,488119.25,488368.5625
DC-PPO continuation (local x),1729.0,490634.75,489365.3229166667
DC-PPO continuation (local x),1731.0,489341.96875,489227.5
DC-PPO continuation (local x),1733.0,487705.78125,488092.1875
DC-PPO continuation (local x),1735.0,487228.8125,487565.8125
DC-PPO continuation (local x),1737.0,487762.84375,487779.3541666667
DC-PPO continuation (local x),1739.0,488346.40625,487837.0833333333
DC-PPO continuation (local x),1741.0,487402.0,488447.8541666667
DC-PPO continuation (local x),1743.0,489595.15625,488433.3541666667
DC-PPO continuation (local x),1745.0,488302.90625,488232.7604166667
DC-PPO continuation (local x),1747.0,486800.21875,488299.5416666667
DC-PPO continuation (local x),1749.0,489795.5,488233.6145833333
DC-PPO continuation (local x),1751.0,488105.125,489595.4791666667
DC-PPO continuation (local x),1753.0,490885.8125,490353.3333333333
DC-PPO continuation (local x),1755.0,492069.0625,491273.2708333333
DC-PPO continuation (local x),1757.0,490864.9375,491820.1458333333
DC-PPO continuation (local x),1759.0,492526.4375,492129.5833333333
DC-PPO continuation (local x),1761.0,492997.375,493491.34375
DC-PPO continuation (local x),1763.0,494950.21875,494074.46875
DC-PPO continuation (local x),1765.0,494275.8125,494970.2291666667
DC-PPO continuation (local x),1767.0,495684.65625,494403.7291666667
DC-PPO continuation (local x),1769.0,493250.71875,494360.34375
DC-PPO continuation (local x),1771.0,494145.65625,493683.2291666667
DC-PPO continuation (local x),1773.0,493653.3125,492835.90625
DC-PPO continuation (local x),1775.0,490708.75,492236.1875
DC-PPO continuation (local x),1777.0,492346.5,491668.09375
DC-PPO continuation (local x),1779.0,491949.03125,492147.765625
