series,environment_steps,raw_value,three_point_smoothed_value
Q2 Cartesian spatial + curriculum,25600,135869.0,144056.9140625
Q2 Cartesian spatial + curriculum,76800,152244.828125,154301.63541666666
Q2 Cartesian spatial + curriculum,128000,174791.078125,171454.53125
Q2 Cartesian spatial + curriculum,179200,187327.6875,189133.24479166666
Q2 Cartesian spatial + curriculum,230400,205280.96875,201710.40625
Q2 Cartesian spatial + curriculum,281600,212522.5625,211514.671875
Q2 Cartesian spatial + curriculum,332800,216740.484375,216247.96875
Q2 Cartesian spatial + curriculum,384000,219480.859375,220190.96875
Q2 Cartesian spatial + curriculum,435200,224351.5625,224843.38020833334
Q2 Cartesian spatial + curriculum,486400,230697.71875,230672.125
Q2 Cartesian spatial + curriculum,537600,236967.09375,234791.61458333334
Q2 Cartesian spatial + curriculum,588800,236710.03125,238034.41666666666
Q2 Cartesian spatial + curriculum,640000,240426.125,240572.640625
Q2 Cartesian spatial + curriculum,691200,244581.765625,242320.890625
Q2 Cartesian spatial + curriculum,742400,241954.78125,246044.15625
Q2 Cartesian spatial + curriculum,793600,251595.921875,247944.16666666666
Q2 Cartesian spatial + curriculum,844800,250281.796875,252539.59895833334
Q2 Cartesian spatial + curriculum,896000,255741.078125,254830.73958333334
Q2 Cartesian spatial + curriculum,947200,258469.34375,258907.27604166666
Q2 Cartesian spatial + curriculum,998400,262511.40625,263430.5520833333
Q2 Cartesian spatial + curriculum,1049600,269310.90625,267986.59375
Q2 Cartesian spatial + curriculum,1100800,272137.46875,273650.9479166667
Q2 Cartesian spatial + curriculum,1152000,279504.46875,277069.84375
Q2 Cartesian spatial + curriculum,1203200,279567.59375,281229.5104166667
Q2 Cartesian spatial + curriculum,1254400,284616.46875,284664.5625
Q2 Cartesian spatial + curriculum,1305600,289809.625,289717.1979166667
Q2 Cartesian spatial + curriculum,1356800,294725.5,295132.7291666667
Q2 Cartesian spatial + curriculum,1408000,300863.0625,299136.5729166667
Q2 Cartesian spatial + curriculum,1459200,301821.15625,303153.5520833333
Q2 Cartesian spatial + curriculum,1510400,306776.4375,305710.0
Q2 Cartesian spatial + curriculum,1561600,308532.40625,309648.875
Q2 Cartesian spatial + curriculum,1612800,313637.78125,313800.2916666667
Q2 Cartesian spatial + curriculum,1664000,319230.6875,317840.4583333333
Q2 Cartesian spatial + curriculum,1715200,320652.90625,320738.3333333333
Q2 Cartesian spatial + curriculum,1766400,322331.40625,323745.375
Q2 Cartesian spatial + curriculum,1817600,328251.8125,327405.65625
Q2 Cartesian spatial + curriculum,1868800,331633.75,331354.3229166667
Q2 Cartesian spatial + curriculum,1920000,334177.40625,334233.6354166667
Q2 Cartesian spatial + curriculum,1971200,336889.75,337633.6979166667
Q2 Cartesian spatial + curriculum,2022400,341833.9375,341287.5208333333
Q2 Cartesian spatial + curriculum,2073600,345138.875,345306.5208333333
Q2 Cartesian spatial + curriculum,2124800,348946.75,348732.1979166667
Q2 Cartesian spatial + curriculum,2176000,352110.96875,351543.65625
Q2 Cartesian spatial + curriculum,2227200,353573.25,353009.4270833333
Q2 Cartesian spatial + curriculum,2278400,353344.0625,354287.90625
Q2 Cartesian spatial + curriculum,2329600,355946.40625,357905.4791666667
Q2 Cartesian spatial + curriculum,2380800,364425.96875,361586.28125
Q2 Cartesian spatial + curriculum,2432000,364386.46875,365667.1354166667
Q2 Cartesian spatial + curriculum,2483200,368188.96875,367950.9791666667
Q2 Cartesian spatial + curriculum,2534400,371277.5,370680.5416666667
Q2 Cartesian spatial + curriculum,2585600,372575.15625,372155.4895833333
Q2 Cartesian spatial + curriculum,2636800,372613.8125,373139.2395833333
Q2 Cartesian spatial + curriculum,2688000,374228.75,373562.46875
Q2 Cartesian spatial + curriculum,2739200,373844.84375,374597.59375
Q2 Cartesian spatial + curriculum,2790400,375719.1875,375058.6666666667
Q2 Cartesian spatial + curriculum,2841600,375611.96875,375226.8541666667
Q2 Cartesian spatial + curriculum,2892800,374349.40625,378796.7708333333
Q2 Cartesian spatial + curriculum,2944000,386428.9375,381876.0520833333
Q2 Cartesian spatial + curriculum,2995200,384849.8125,385632.6979166667
Q2 Cartesian spatial + curriculum,3046400,385619.34375,387612.6041666667
Q2 Cartesian spatial + curriculum,3097600,392368.65625,390432.1354166667
Q2 Cartesian spatial + curriculum,3148800,393308.40625,394130.9375
Q2 Cartesian spatial + curriculum,3200000,396715.75,396462.3125
Q2 Cartesian spatial + curriculum,3251200,399362.78125,400498.2604166667
Q2 Cartesian spatial + curriculum,3302400,405416.25,402895.65625
Q2 Cartesian spatial + curriculum,3353600,403907.9375,404720.5208333333
Q2 Cartesian spatial + curriculum,3404800,404837.375,404344.3020833333
Q2 Cartesian spatial + curriculum,3456000,404287.59375,405133.71875
Q2 Cartesian spatial + curriculum,3507200,406276.1875,407145.34375
Q2 Cartesian spatial + curriculum,3558400,410872.25,409005.7291666667
Q2 Cartesian spatial + curriculum,3609600,409868.75,409956.1458333333
Q2 Cartesian spatial + curriculum,3660800,409127.4375,410381.78125
Q2 Cartesian spatial + curriculum,3712000,412149.15625,411590.0208333333
Q2 Cartesian spatial + curriculum,3763200,413493.46875,413519.3333333333
Q2 Cartesian spatial + curriculum,3814400,414915.375,414360.5833333333
Q2 Cartesian spatial + curriculum,3865600,414672.90625,415158.75
Q2 Cartesian spatial + curriculum,3916800,415887.96875,416059.46875
Q2 Cartesian spatial + curriculum,3968000,417617.53125,416701.0416666667
Q2 Cartesian spatial + curriculum,4019200,416597.625,417545.6041666667
Q2 Cartesian spatial + curriculum,4070400,418421.65625,418527.3645833333
Q2 Cartesian spatial + curriculum,4121600,420562.8125,420575.0
Q2 Cartesian spatial + curriculum,4172800,422740.53125,422958.8333333333
Q2 Cartesian spatial + curriculum,4224000,425573.15625,424750.4895833333
Q2 Cartesian spatial + curriculum,4275200,425937.78125,424878.71875
Q2 Cartesian spatial + curriculum,4326400,423125.21875,424034.8958333333
Q2 Cartesian spatial + curriculum,4377600,423041.6875,423543.9166666667
Q2 Cartesian spatial + curriculum,4428800,424464.84375,423989.1979166667
Q2 Cartesian spatial + curriculum,4480000,424461.0625,424812.8020833333
Q2 Cartesian spatial + curriculum,4531200,425512.5,425817.0208333333
Q2 Cartesian spatial + curriculum,4582400,427477.5,426711.5
Q2 Cartesian spatial + curriculum,4633600,427144.5,429612.9895833333
Q2 Cartesian spatial + curriculum,4684800,434216.96875,431122.3645833333
Q2 Cartesian spatial + curriculum,4736000,432005.625,432617.2708333333
Q2 Cartesian spatial + curriculum,4787200,431629.21875,431798.4479166667
Q2 Cartesian spatial + curriculum,4838400,431760.5,430668.09375
Q2 Cartesian spatial + curriculum,4889600,428614.5625,431018.2708333333
Q2 Cartesian spatial + curriculum,4940800,432679.75,431478.4375
Q2 Cartesian spatial + curriculum,4992000,433141.0,434151.2083333333
Q2 Cartesian spatial + curriculum,5043200,436632.875,434749.0104166667
Q2 Cartesian spatial + curriculum,5094400,434473.15625,435634.9791666667
Q2 Cartesian spatial + curriculum,5145600,435798.90625,435721.9895833333
Q2 Cartesian spatial + curriculum,5196800,436893.90625,436289.6770833333
Q2 Cartesian spatial + curriculum,5248000,436176.21875,435842.5729166667
Q2 Cartesian spatial + curriculum,5299200,434457.59375,435235.2083333333
Q2 Cartesian spatial + curriculum,5350400,435071.8125,435183.0
Q2 Cartesian spatial + curriculum,5401600,436019.59375,436409.5416666667
Q2 Cartesian spatial + curriculum,5452800,438137.21875,437421.5729166667
Q2 Cartesian spatial + curriculum,5504000,438107.90625,438680.9375
Q2 Cartesian spatial + curriculum,5555200,439797.6875,439422.34375
Q2 Cartesian spatial + curriculum,5606400,440361.4375,441938.1145833333
Q2 Cartesian spatial + curriculum,5657600,445655.21875,442514.8020833333
Q2 Cartesian spatial + curriculum,5708800,441527.75,444768.2708333333
Q2 Cartesian spatial + curriculum,5760000,447121.84375,443938.1979166667
Q2 Cartesian spatial + curriculum,5811200,443165.0,443693.6145833333
Q2 Cartesian spatial + curriculum,5862400,440794.0,441540.9375
Q2 Cartesian spatial + curriculum,5913600,440663.8125,441354.0208333333
Q2 Cartesian spatial + curriculum,5964800,442604.25,441564.0416666667
Q2 Cartesian spatial + curriculum,6016000,441424.0625,442459.6354166667
Q2 Cartesian spatial + curriculum,6067200,443350.59375,442033.46875
Q2 Cartesian spatial + curriculum,6118400,441325.75,443214.4583333333
Q2 Cartesian spatial + curriculum,6169600,444967.03125,444076.1979166667
Q2 Cartesian spatial + curriculum,6220800,445935.8125,445924.0833333333
Q2 Cartesian spatial + curriculum,6272000,446869.40625,446976.9791666667
Q2 Cartesian spatial + curriculum,6323200,448125.71875,447973.9895833333
Q2 Cartesian spatial + curriculum,6374400,448926.84375,448787.9583333333
Q2 Cartesian spatial + curriculum,6425600,449311.3125,449653.9583333333
Q2 Cartesian spatial + curriculum,6476800,450723.71875,450721.4166666667
Q2 Cartesian spatial + curriculum,6528000,452129.21875,450434.9895833333
Q2 Cartesian spatial + curriculum,6579200,448452.03125,449159.8541666667
Q2 Cartesian spatial + curriculum,6630400,446898.3125,448056.375
Q2 Cartesian spatial + curriculum,6681600,448818.78125,449340.5833333333
Q2 Cartesian spatial + curriculum,6732800,452304.65625,450925.34375
Q2 Cartesian spatial + curriculum,6784000,451652.59375,452822.3541666667
Q2 Cartesian spatial + curriculum,6835200,454509.8125,450810.0104166667
Q2 Cartesian spatial + curriculum,6886400,446267.625,450566.6770833333
Q2 Cartesian spatial + curriculum,6937600,450922.59375,448725.78125
Q2 Cartesian spatial + curriculum,6988800,448987.125,450696.9166666667
Q2 Cartesian spatial + curriculum,7040000,452181.03125,450408.875
Q2 Cartesian spatial + curriculum,7091200,450058.46875,451300.9583333333
Q2 Cartesian spatial + curriculum,7142400,451663.375,449696.0520833333
Q2 Cartesian spatial + curriculum,7193600,447366.3125,450137.2604166667
Q2 Cartesian spatial + curriculum,7244800,451382.09375,450351.3020833333
Q2 Cartesian spatial + curriculum,7296000,452305.5,452160.9895833333
Q2 Cartesian spatial + curriculum,7347200,452795.375,451800.6041666667
Q2 Cartesian spatial + curriculum,7398400,450300.9375,453012.6354166667
Q2 Cartesian spatial + curriculum,7449600,455941.59375,453109.125
Q2 Cartesian spatial + curriculum,7500800,453084.84375,455849.4895833333
Q2 Cartesian spatial + curriculum,7552000,458522.03125,455693.5833333333
Q2 Cartesian spatial + curriculum,7603200,455473.875,459808.2604166667
Q2 Cartesian spatial + curriculum,7654400,465428.875,461761.2708333333
Q2 Cartesian spatial + curriculum,7705600,464381.0625,462533.7291666667
Q2 Cartesian spatial + curriculum,7756800,457791.25,462062.6458333333
Q2 Cartesian spatial + curriculum,7808000,464015.625,461697.6458333333
Q2 Cartesian spatial + curriculum,7859200,463286.0625,464295.0833333333
Q2 Cartesian spatial + curriculum,7910400,465583.5625,464678.4270833333
Q2 Cartesian spatial + curriculum,7961600,465165.65625,465573.1979166667
Q2 Cartesian spatial + curriculum,8012800,465970.375,462411.21875
Q2 Cartesian spatial + curriculum,8064000,456097.625,460555.6770833333
Q2 Cartesian spatial + curriculum,8115200,459599.03125,459628.4583333333
Q2 Cartesian spatial + curriculum,8166400,463188.71875,464246.6979166667
Q2 Cartesian spatial + curriculum,8217600,469952.34375,467172.9270833333
Q2 Cartesian spatial + curriculum,8268800,468377.71875,468134.8958333333
Q2 Cartesian spatial + curriculum,8320000,466074.625,465885.8958333333
Q2 Cartesian spatial + curriculum,8371200,463205.34375,465421.3333333333
Q2 Cartesian spatial + curriculum,8422400,466984.03125,464764.3333333333
Q2 Cartesian spatial + curriculum,8473600,464103.625,465584.6041666667
Q2 Cartesian spatial + curriculum,8524800,465666.15625,466019.4270833333
Q2 Cartesian spatial + curriculum,8576000,468288.5,465885.3645833333
Q2 Cartesian spatial + curriculum,8627200,463701.4375,466667.0729166667
Q2 Cartesian spatial + curriculum,8678400,468011.28125,466078.1458333333
Q2 Cartesian spatial + curriculum,8729600,466521.71875,467113.1458333333
Q2 Cartesian spatial + curriculum,8780800,466806.4375,464959.0416666667
Q2 Cartesian spatial + curriculum,8832000,461548.96875,463193.9479166667
Q2 Cartesian spatial + curriculum,8883200,461226.4375,462984.21875
Q2 Cartesian spatial + curriculum,8934400,466177.25,464725.9895833333
Q2 Cartesian spatial + curriculum,8985600,466774.28125,464654.7395833333
Q2 Cartesian spatial + curriculum,9036800,461012.6875,462343.25
Q2 Cartesian spatial + curriculum,9088000,459242.78125,459941.7083333333
Q2 Cartesian spatial + curriculum,9139200,459569.65625,461997.3541666667
Q2 Cartesian spatial + curriculum,9190400,467179.625,464152.96875
Q2 Cartesian spatial + curriculum,9241600,465709.625,465264.4270833333
Q2 Cartesian spatial + curriculum,9292800,462904.03125,464035.6979166667
Q2 Cartesian spatial + curriculum,9344000,463493.4375,463577.9270833333
Q2 Cartesian spatial + curriculum,9395200,464336.3125,464674.71875
Q2 Cartesian spatial + curriculum,9446400,466194.40625,465060.5520833333
Q2 Cartesian spatial + curriculum,9497600,464650.9375,463899.1770833333
Q2 Cartesian spatial + curriculum,9548800,460852.1875,465097.4270833333
Q2 Cartesian spatial + curriculum,9600000,469789.15625,466841.375
Q2 Cartesian spatial + curriculum,9651200,469882.78125,468374.9791666667
Q2 Cartesian spatial + curriculum,9702400,465453.0,465905.375
Q2 Cartesian spatial + curriculum,9753600,462380.34375,463956.8020833333
Q2 Cartesian spatial + curriculum,9804800,464037.0625,463581.4375
Q2 Cartesian spatial + curriculum,9856000,464326.90625,464732.25
Q2 Cartesian spatial + curriculum,9907200,465832.78125,467966.1354166667
Q2 Cartesian spatial + curriculum,9958400,473738.71875,469869.28125
Q2 Cartesian spatial + curriculum,10009600,470036.34375,471913.3645833333
Q2 Cartesian spatial + curriculum,10060800,471965.03125,473754.8541666667
Q2 Cartesian spatial + curriculum,10112000,479263.1875,473131.2916666667
Q2 Cartesian spatial + curriculum,10163200,468165.65625,474397.2708333333
Q2 Cartesian spatial + curriculum,10214400,475762.96875,472152.7604166667
Q2 Cartesian spatial + curriculum,10265600,472529.65625,473805.8541666667
Q2 Cartesian spatial + curriculum,10316800,473124.9375,472953.625
Q2 Cartesian spatial + curriculum,10368000,473206.28125,474427.5104166667
Q2 Cartesian spatial + curriculum,10419200,476951.3125,475834.9479166667
Q2 Cartesian spatial + curriculum,10470400,477347.25,476346.7916666667
Q2 Cartesian spatial + curriculum,10521600,474741.8125,473744.8020833333
Q2 Cartesian spatial + curriculum,10572800,469145.34375,472465.2916666667
Q2 Cartesian spatial + curriculum,10624000,473508.71875,471982.9166666667
Q2 Cartesian spatial + curriculum,10675200,473294.6875,475653.5416666667
Q2 Cartesian spatial + curriculum,10726400,480157.21875,476704.9375
Q2 Cartesian spatial + curriculum,10777600,476662.90625,478318.3645833333
Q2 Cartesian spatial + curriculum,10828800,478134.96875,477678.625
Q2 Cartesian spatial + curriculum,10880000,478238.0,479380.1770833333
Q2 Cartesian spatial + curriculum,10931200,481767.5625,479851.1354166667
Q2 Cartesian spatial + curriculum,10982400,479547.84375,480933.34375
Q2 Cartesian spatial + curriculum,11033600,481484.625,479247.6145833333
Q2 Cartesian spatial + curriculum,11084800,476710.375,480023.6979166667
Q2 Cartesian spatial + curriculum,11136000,481876.09375,481072.1770833333
Q2 Cartesian spatial + curriculum,11187200,484630.0625,482452.5520833333
Q2 Cartesian spatial + curriculum,11238400,480851.5,483897.15625
Q2 Cartesian spatial + curriculum,11289600,486209.90625,482003.0104166667
Q2 Cartesian spatial + curriculum,11340800,478947.625,480798.9166666667
Q2 Cartesian spatial + curriculum,11392000,477239.21875,478621.0729166667
Q2 Cartesian spatial + curriculum,11443200,479676.375,477779.4270833333
Q2 Cartesian spatial + curriculum,11494400,476422.6875,478330.6666666667
Q2 Cartesian spatial + curriculum,11545600,478892.9375,477477.21875
Q2 Cartesian spatial + curriculum,11596800,477116.03125,476321.71875
Q2 Cartesian spatial + curriculum,11648000,472956.1875,477306.40625
Q2 Cartesian spatial + curriculum,11699200,481847.0,477624.3854166667
Q2 Cartesian spatial + curriculum,11750400,478069.96875,478792.5416666667
Q2 Cartesian spatial + curriculum,11801600,476460.65625,477463.8854166667
Q2 Cartesian spatial + curriculum,11852800,477861.03125,474447.375
Q2 Cartesian spatial + curriculum,11904000,469020.4375,475498.3125
Q2 Cartesian spatial + curriculum,11955200,479613.46875,474539.9479166667
Q2 Cartesian spatial + curriculum,12006400,474985.9375,475535.7395833333
Q2 Cartesian spatial + curriculum,12057600,472007.8125,474065.7708333333
Q2 Cartesian spatial + curriculum,12108800,475203.5625,474123.1770833333
Q2 Cartesian spatial + curriculum,12160000,475158.15625,475284.2604166667
Q2 Cartesian spatial + curriculum,12211200,475491.0625,474999.71875
Q2 Cartesian spatial + curriculum,12262400,474349.9375,475019.1458333333
Q2 Cartesian spatial + curriculum,12313600,475216.4375,474986.1145833333
Q2 Cartesian spatial + curriculum,12364800,475391.96875,474897.25
Q2 Cartesian spatial + curriculum,12416000,474083.34375,473013.34375
Q2 Cartesian spatial + curriculum,12467200,469564.71875,471806.3854166667
Q2 Cartesian spatial + curriculum,12518400,471771.09375,471426.25
Q2 Cartesian spatial + curriculum,12569600,472942.9375,473063.4166666667
Q2 Cartesian spatial + curriculum,12620800,474476.21875,473258.1354166667
Q2 Cartesian spatial + curriculum,12672000,472355.25,475212.15625
Q2 Cartesian spatial + curriculum,12723200,478805.0,478930.1041666667
Q2 Cartesian spatial + curriculum,12774400,485630.0625,480818.96875
Q2 Cartesian spatial + curriculum,12825600,478021.84375,480037.1770833333
Q2 Cartesian spatial + curriculum,12876800,476459.625,476961.9375
Q2 Cartesian spatial + curriculum,12928000,476404.34375,477825.75
Q2 Cartesian spatial + curriculum,12979200,480613.28125,477085.3229166667
Q2 Cartesian spatial + curriculum,13030400,474238.34375,478088.7291666667
Q2 Cartesian spatial + curriculum,13081600,479414.5625,477917.15625
Q2 Cartesian spatial + curriculum,13132800,480098.5625,481186.0416666667
Q2 Cartesian spatial + curriculum,13184000,484045.0,481995.8645833333
Q2 Cartesian spatial + curriculum,13235200,481844.03125,481313.65625
Q2 Cartesian spatial + curriculum,13286400,478051.9375,479523.65625
Q2 Cartesian spatial + curriculum,13337600,478675.0,478508.09375
Q2 Cartesian spatial + curriculum,13388800,478797.34375,478722.3229166667
Q2 Cartesian spatial + curriculum,13440000,478694.625,477902.5625
Q2 Cartesian spatial + curriculum,13491200,476215.71875,476983.0
Q2 Cartesian spatial + curriculum,13542400,476038.65625,474945.4479166667
Q2 Cartesian spatial + curriculum,13593600,472581.96875,474828.3229166667
Q2 Cartesian spatial + curriculum,13644800,475864.34375,475033.71875
Q2 Cartesian spatial + curriculum,13696000,476654.84375,478146.4895833333
Q2 Cartesian spatial + curriculum,13747200,481920.28125,481910.34375
Q2 Cartesian spatial + curriculum,13798400,487155.90625,486800.78125
Q2 Cartesian spatial + curriculum,13849600,491326.15625,486143.8125
Q2 Cartesian spatial + curriculum,13900800,479949.375,483298.5625
Q2 Cartesian spatial + curriculum,13952000,478620.15625,480907.9583333333
Q2 Cartesian spatial + curriculum,14003200,484154.34375,481274.0
Q2 Cartesian spatial + curriculum,14054400,481047.5,483237.6458333333
Q2 Cartesian spatial + curriculum,14105600,484511.09375,484186.53125
Q2 Cartesian spatial + curriculum,14156800,487001.0,485476.5520833333
Q2 Cartesian spatial + curriculum,14208000,484917.5625,484447.65625
Q2 Cartesian spatial + curriculum,14259200,481424.40625,483329.8020833333
Q2 Cartesian spatial + curriculum,14310400,483647.4375,482202.2083333333
Q2 Cartesian spatial + curriculum,14361600,481534.78125,481872.2083333333
Q2 Cartesian spatial + curriculum,14412800,480434.40625,479899.5520833333
Q2 Cartesian spatial + curriculum,14464000,477729.46875,481137.4166666667
Q2 Cartesian spatial + curriculum,14515200,485248.375,481178.25
Q2 Cartesian spatial + curriculum,14566400,480556.90625,482835.9791666667
Q2 Cartesian spatial + curriculum,14617600,482702.65625,483854.65625
Q2 Cartesian spatial + curriculum,14668800,488304.40625,484022.2708333333
Q2 Cartesian spatial + curriculum,14720000,481059.75,485699.5729166667
Q2 Cartesian spatial + curriculum,14771200,487734.5625,483755.3229166667
Q2 Cartesian spatial + curriculum,14822400,482471.65625,483827.9791666667
Q2 Cartesian spatial + curriculum,14873600,481277.71875,481733.4479166667
Q2 Cartesian spatial + curriculum,14924800,481450.96875,481526.0729166667
Q2 Cartesian spatial + curriculum,14976000,481849.53125,479777.125
Q2 Cartesian spatial + curriculum,15027200,476030.875,477416.8333333333
Q2 Cartesian spatial + curriculum,15078400,474370.09375,476886.3854166667
Q2 Cartesian spatial + curriculum,15129600,480258.1875,478601.7395833333
Q2 Cartesian spatial + curriculum,15180800,481176.9375,480405.4791666667
Q2 Cartesian spatial + curriculum,15232000,479781.3125,481301.1666666667
Q2 Cartesian spatial + curriculum,15283200,482945.25,480440.7708333333
Q2 Cartesian spatial + curriculum,15334400,478595.75,482749.4479166667
Q2 Cartesian spatial + curriculum,15385600,486707.34375,482723.6041666667
Q2 Cartesian spatial + curriculum,15436800,482867.71875,482317.6145833333
Q2 Cartesian spatial + curriculum,15488000,477377.78125,481967.3229166667
Q2 Cartesian spatial + curriculum,15539200,485656.46875,482750.65625
Q2 Cartesian spatial + curriculum,15590400,485217.71875,484185.2395833333
Q2 Cartesian spatial + curriculum,15641600,481681.53125,482524.4895833333
Q2 Cartesian spatial + curriculum,15692800,480674.21875,483010.8854166667
Q2 Cartesian spatial + curriculum,15744000,486676.90625,484074.125
Q2 Cartesian spatial + curriculum,15795200,484871.25,486267.7395833333
Q2 Cartesian spatial + curriculum,15846400,487255.0625,485489.0729166667
Q2 Cartesian spatial + curriculum,15897600,484340.90625,484181.2708333333
Q2 Cartesian spatial + curriculum,15948800,480947.84375,482654.5520833333
Q2 Cartesian spatial + curriculum,16000000,482674.90625,481393.2604166667
Q2 Cartesian spatial + curriculum,16051200,480557.03125,481909.3645833333
Q2 Cartesian spatial + curriculum,16102400,482496.15625,481891.5208333333
Q2 Cartesian spatial + curriculum,16153600,482621.375,481513.1875
Q2 Cartesian spatial + curriculum,16204800,479422.03125,480510.4270833333
Q2 Cartesian spatial + curriculum,16256000,479487.875,481254.90625
Q2 Cartesian spatial + curriculum,16307200,484854.8125,482118.09375
Q2 Cartesian spatial + curriculum,16358400,482011.59375,481799.2708333333
Q2 Cartesian spatial + curriculum,16409600,478531.40625,482004.2291666667
Q2 Cartesian spatial + curriculum,16460800,485469.6875,482429.7604166667
Q2 Cartesian spatial + curriculum,16512000,483288.1875,485712.46875
Q2 Cartesian spatial + curriculum,16563200,488379.53125,485538.21875
Q2 Cartesian spatial + curriculum,16614400,484946.9375,487292.5104166667
Q2 Cartesian spatial + curriculum,16665600,488551.0625,487171.6145833333
Q2 Cartesian spatial + curriculum,16716800,488016.84375,487311.2395833333
Q2 Cartesian spatial + curriculum,16768000,485365.8125,486569.46875
Q2 Cartesian spatial + curriculum,16819200,486325.75,485408.4375
Q2 Cartesian spatial + curriculum,16870400,484533.75,485800.0625
Q2 Cartesian spatial + curriculum,16921600,486540.6875,482317.65625
Q2 Cartesian spatial + curriculum,16972800,475878.53125,479847.5
Q2 Cartesian spatial + curriculum,17024000,477123.28125,476732.7916666667
Q2 Cartesian spatial + curriculum,17075200,477196.5625,480573.3333333333
Q2 Cartesian spatial + curriculum,17126400,487400.15625,480886.15625
Q2 Cartesian spatial + curriculum,17177600,478061.75,480586.6145833333
Q2 Cartesian spatial + curriculum,17228800,476297.9375,479551.9166666667
Q2 Cartesian spatial + curriculum,17280000,484296.0625,480764.7083333333
Q2 Cartesian spatial + curriculum,17331200,481700.125,482824.1145833333
Q2 Cartesian spatial + curriculum,17382400,482476.15625,485011.5104166667
Q2 Cartesian spatial + curriculum,17433600,490858.25,488665.3854166667
Q2 Cartesian spatial + curriculum,17484800,492661.75,489871.5208333333
Q2 Cartesian spatial + curriculum,17536000,486094.5625,489397.84375
Q2 Cartesian spatial + curriculum,17587200,489437.21875,485718.21875
Q2 Cartesian spatial + curriculum,17638400,481622.875,486689.6666666667
Q2 Cartesian spatial + curriculum,17689600,489008.90625,483775.96875
Q2 Cartesian spatial + curriculum,17740800,480696.125,484485.5625
Q2 Cartesian spatial + curriculum,17792000,483751.65625,483238.0833333333
Q2 Cartesian spatial + curriculum,17843200,485266.46875,481978.8333333333
Q2 Cartesian spatial + curriculum,17894400,476918.375,480967.9166666667
Q2 Cartesian spatial + curriculum,17945600,480718.90625,481055.8541666667
Q2 Cartesian spatial + curriculum,17996800,485530.28125,481111.4375
Q2 Cartesian spatial + curriculum,18048000,477085.125,482028.7083333333
Q2 Cartesian spatial + curriculum,18099200,483470.71875,479734.8229166667
Q2 Cartesian spatial + curriculum,18150400,478648.625,484129.0625
Q2 Cartesian spatial + curriculum,18201600,490267.84375,487181.3125
Q2 Cartesian spatial + curriculum,18252800,492627.46875,487899.1875
Q2 Cartesian spatial + curriculum,18304000,480802.25,485437.1770833333
Q2 Cartesian spatial + curriculum,18355200,482881.8125,483914.1145833333
Q2 Cartesian spatial + curriculum,18406400,488058.28125,485588.0729166667
Q2 Cartesian spatial + curriculum,18457600,485824.125,487862.4791666667
Q2 Cartesian spatial + curriculum,18508800,489705.03125,487997.3541666667
Q2 Cartesian spatial + curriculum,18560000,488462.90625,488776.75
Q2 Cartesian spatial + curriculum,18611200,488162.3125,487881.0625
Q2 Cartesian spatial + curriculum,18662400,487017.96875,487170.8645833333
Q2 Cartesian spatial + curriculum,18713600,486332.3125,485357.46875
Q2 Cartesian spatial + curriculum,18764800,482722.125,482714.4375
Q2 Cartesian spatial + curriculum,18816000,479088.875,478615.6458333333
Q2 Cartesian spatial + curriculum,18867200,474035.9375,477596.78125
Q2 Cartesian spatial + curriculum,18918400,479665.53125,476605.2083333333
Q2 Cartesian spatial + curriculum,18969600,476114.15625,476837.09375
Q2 Cartesian spatial + curriculum,19020800,474731.59375,477809.3958333333
Q2 Cartesian spatial + curriculum,19072000,482582.4375,478892.1979166667
Q2 Cartesian spatial + curriculum,19123200,479362.5625,481712.65625
Q2 Cartesian spatial + curriculum,19174400,483192.96875,481806.5833333333
Q2 Cartesian spatial + curriculum,19225600,482864.21875,484750.6770833333
Q2 Cartesian spatial + curriculum,19276800,488194.84375,485116.5729166667
Q2 Cartesian spatial + curriculum,19328000,484290.65625,488115.7083333333
Q2 Cartesian spatial + curriculum,19379200,491861.625,485731.6770833333
Q2 Cartesian spatial + curriculum,19430400,481042.75,486227.5104166667
Q2 Cartesian spatial + curriculum,19481600,485778.15625,481855.65625
Q2 Cartesian spatial + curriculum,19532800,478746.0625,481832.1354166667
Q2 Cartesian spatial + curriculum,19584000,480972.1875,483184.2083333333
Q2 Cartesian spatial + curriculum,19635200,489834.375,486310.9166666667
Q2 Cartesian spatial + curriculum,19686400,488126.1875,487847.4375
Q2 Cartesian spatial + curriculum,19737600,485581.75,486021.8541666667
Q2 Cartesian spatial + curriculum,19788800,484357.625,483960.9791666667
Q2 Cartesian spatial + curriculum,19840000,481943.5625,484286.3020833333
Q2 Cartesian spatial + curriculum,19891200,486557.71875,484015.4791666667
Q2 Cartesian spatial + curriculum,19942400,483545.15625,486483.84375
Q2 Cartesian spatial + curriculum,19993600,489348.65625,490040.9375
Q2 Cartesian spatial + curriculum,20044800,497229.0,493686.7395833333
Q2 Cartesian spatial + curriculum,20096000,494482.5625,492208.3541666667
Q2 Cartesian spatial + curriculum,20147200,484913.5,488314.09375
Q2 Cartesian spatial + curriculum,20198400,485546.21875,484046.4895833333
Q2 Cartesian spatial + curriculum,20249600,481679.75,480326.4166666667
Q2 Cartesian spatial + curriculum,20300800,473753.28125,474088.375
Q2 Cartesian spatial + curriculum,20352000,466832.09375,468672.9479166667
Q2 Cartesian spatial + curriculum,20403200,465433.46875,469919.5
Q2 Cartesian spatial + curriculum,20454400,477492.9375,474398.84375
Q2 Cartesian spatial + curriculum,20505600,480270.125,480082.3229166667
Q2 Cartesian spatial + curriculum,20556800,482483.90625,483478.2604166667
Q2 Cartesian spatial + curriculum,20608000,487680.75,484668.2083333333
Q2 Cartesian spatial + curriculum,20659200,483839.96875,486372.40625
Q2 Cartesian spatial + curriculum,20710400,487596.5,484147.59375
Q2 Cartesian spatial + curriculum,20761600,481006.3125,485982.0104166667
Q2 Cartesian spatial + curriculum,20812800,489343.21875,488485.65625
Q2 Cartesian spatial + curriculum,20864000,495107.4375,491240.4895833333
Q2 Cartesian spatial + curriculum,20915200,489270.8125,488629.4270833333
Q2 Cartesian spatial + curriculum,20966400,481510.03125,484566.4791666667
Q2 Cartesian spatial + curriculum,21017600,482918.59375,483859.59375
Q2 Cartesian spatial + curriculum,21068800,487150.15625,484608.6666666667
Q2 Cartesian spatial + curriculum,21120000,483757.25,486153.6041666667
Q2 Cartesian spatial + curriculum,21171200,487553.40625,484769.15625
Q2 Cartesian spatial + curriculum,21222400,482996.8125,483449.6041666667
Q2 Cartesian spatial + curriculum,21273600,479798.59375,482914.3958333333
Q2 Cartesian spatial + curriculum,21324800,485947.78125,484569.7395833333
Q2 Cartesian spatial + curriculum,21376000,487962.84375,487740.7291666667
Q2 Cartesian spatial + curriculum,21427200,489311.5625,487417.0833333333
Q2 Cartesian spatial + curriculum,21478400,484976.84375,489614.1354166667
Q2 Cartesian spatial + curriculum,21529600,494554.0,488797.0208333333
Q2 Cartesian spatial + curriculum,21580800,486860.21875,487655.2395833333
Q2 Cartesian spatial + curriculum,21632000,481551.5,483892.5520833333
Q2 Cartesian spatial + curriculum,21683200,483265.9375,484315.8958333333
Q2 Cartesian spatial + curriculum,21734400,488130.25,485174.1458333333
Q2 Cartesian spatial + curriculum,21785600,484126.25,483469.4583333333
Q2 Cartesian spatial + curriculum,21836800,478151.875,479853.2604166667
Q2 Cartesian spatial + curriculum,21888000,477281.65625,476632.2916666667
Q2 Cartesian spatial + curriculum,21939200,474463.34375,475817.5729166667
Q2 Cartesian spatial + curriculum,21990400,475707.71875,477346.34375
Q2 Cartesian spatial + curriculum,22041600,481867.96875,477702.4791666667
Q2 Cartesian spatial + curriculum,22092800,475531.75,478404.53125
Q2 Cartesian spatial + curriculum,22144000,477813.875,476574.7291666667
Q2 Cartesian spatial + curriculum,22195200,476378.5625,478395.84375
Q2 Cartesian spatial + curriculum,22246400,480995.09375,479100.75
Q2 Cartesian spatial + curriculum,22297600,479928.59375,483019.0833333333
Q2 Cartesian spatial + curriculum,22348800,488133.5625,483810.6979166667
Q2 Cartesian spatial + curriculum,22400000,483369.9375,486474.5104166667
Q2 Cartesian spatial + curriculum,22451200,487920.03125,485693.4583333333
Q2 Cartesian spatial + curriculum,22502400,485790.40625,486228.4479166667
Q2 Cartesian spatial + curriculum,22553600,484974.90625,485823.6875
Q2 Cartesian spatial + curriculum,22604800,486705.75,487333.34375
Q2 Cartesian spatial + curriculum,22656000,490319.375,487836.0104166667
Q2 Cartesian spatial + curriculum,22707200,486482.90625,488173.09375
Q2 Cartesian spatial + curriculum,22758400,487717.0,488476.2291666667
Q2 Cartesian spatial + curriculum,22809600,491228.78125,489792.8958333333
Q2 Cartesian spatial + curriculum,22860800,490432.90625,490282.6875
Q2 Cartesian spatial + curriculum,22912000,489186.375,489788.09375
Q2 Cartesian spatial + curriculum,22963200,489745.0,486151.3541666667
Q2 Cartesian spatial + curriculum,23014400,479522.6875,485441.8229166667
Q2 Cartesian spatial + curriculum,23065600,487057.78125,482000.3020833333
Q2 Cartesian spatial + curriculum,23116800,479420.4375,484452.46875
Q2 Cartesian spatial + curriculum,23168000,486879.1875,487264.3229166667
Q2 Cartesian spatial + curriculum,23219200,495493.34375,492368.1354166667
Q2 Cartesian spatial + curriculum,23270400,494731.875,492997.9270833333
Q2 Cartesian spatial + curriculum,23321600,488768.5625,490327.9270833333
Q2 Cartesian spatial + curriculum,23372800,487483.34375,489840.4791666667
Q2 Cartesian spatial + curriculum,23424000,493269.53125,491484.0
Q2 Cartesian spatial + curriculum,23475200,493699.125,490799.71875
Q2 Cartesian spatial + curriculum,23526400,485430.5,490181.4791666667
Q2 Cartesian spatial + curriculum,23577600,491414.8125,487947.5208333333
Q2 Cartesian spatial + curriculum,23628800,486997.25,486705.9479166667
Q2 Cartesian spatial + curriculum,23680000,481705.78125,487361.34375
Q2 Cartesian spatial + curriculum,23731200,493381.0,485931.21875
Q2 Cartesian spatial + curriculum,23782400,482706.875,486917.2291666667
Q2 Cartesian spatial + curriculum,23833600,484663.8125,485731.0
Q2 Cartesian spatial + curriculum,23884800,489822.3125,487920.25
Q2 Cartesian spatial + curriculum,23936000,489274.625,489030.8020833333
Q2 Cartesian spatial + curriculum,23987200,487995.46875,488684.5104166667
Q2 Cartesian spatial + curriculum,24038400,488783.4375,486702.0833333333
Q2 Cartesian spatial + curriculum,24089600,483327.34375,487439.65625
Q2 Cartesian spatial + curriculum,24140800,490208.1875,484465.0625
Q2 Cartesian spatial + curriculum,24192000,479859.65625,481437.90625
Q2 Cartesian spatial + curriculum,24243200,474245.875,477639.6145833333
Q2 Cartesian spatial + curriculum,24294400,478813.3125,478351.9583333333
Q2 Cartesian spatial + curriculum,24345600,481996.6875,484051.0416666667
Q2 Cartesian spatial + curriculum,24396800,491343.125,488510.1875
Q2 Cartesian spatial + curriculum,24448000,492190.75,489070.4791666667
Q2 Cartesian spatial + curriculum,24499200,483677.5625,487457.9479166667
Q2 Cartesian spatial + curriculum,24550400,486505.53125,488175.75
Q2 Cartesian spatial + curriculum,24601600,494344.15625,486446.0520833333
Q2 Cartesian spatial + curriculum,24652800,478488.46875,486620.375
Q2 Cartesian spatial + curriculum,24704000,487028.5,485786.1458333333
Q2 Cartesian spatial + curriculum,24755200,491841.46875,490525.5833333333
Q2 Cartesian spatial + curriculum,24806400,492706.78125,492197.2708333333
Q2 Cartesian spatial + curriculum,24857600,492043.5625,489322.2395833333
Q2 Cartesian spatial + curriculum,24908800,483216.375,485963.5833333333
Q2 Cartesian spatial + curriculum,24960000,482630.8125,484548.8333333333
Q2 Cartesian spatial + curriculum,25011200,487799.3125,486354.75
Q2 Cartesian spatial + curriculum,25062400,488634.125,492721.4270833333
Q2 Cartesian spatial + curriculum,25113600,501730.84375,494620.21875
Q2 Cartesian spatial + curriculum,25164800,493495.6875,499511.8125
Q2 Cartesian spatial + curriculum,25216000,503308.90625,497336.15625
Q2 Cartesian spatial + curriculum,25267200,495203.875,500563.34375
Q2 Cartesian spatial + curriculum,25318400,503177.25,500277.1979166667
Q2 Cartesian spatial + curriculum,25369600,502450.46875,504554.1666666667
Q2 Cartesian spatial + curriculum,25420800,508034.78125,500625.1354166667
Q2 Cartesian spatial + curriculum,25472000,491390.15625,498049.46875
Q2 Cartesian spatial + curriculum,25523200,494723.46875,493173.9791666667
Q2 Cartesian spatial + curriculum,25574400,493408.3125,496779.5833333333
Q2 Cartesian spatial + curriculum,25625600,502206.96875,497762.3020833333
Q2 Cartesian spatial + curriculum,25676800,497671.625,500651.75
Q2 Cartesian spatial + curriculum,25728000,502076.65625,499397.2083333333
Q2 Cartesian spatial + curriculum,25779200,498443.34375,498715.40625
Q2 Cartesian spatial + curriculum,25830400,495626.21875,497024.8541666667
Q2 Cartesian spatial + curriculum,25881600,497005.0,497635.6979166667
Q2 Cartesian spatial + curriculum,25932800,500275.875,499539.4583333333
Q2 Cartesian spatial + curriculum,25984000,501337.5,503698.625
Q2 Cartesian spatial + curriculum,26035200,509482.5,504098.59375
Q2 Cartesian spatial + curriculum,26086400,501475.78125,503379.5729166667
Q2 Cartesian spatial + curriculum,26137600,499180.4375,498509.0625
Q2 Cartesian spatial + curriculum,26188800,494870.96875,499505.9166666667
Q2 Cartesian spatial + curriculum,26240000,504466.34375,501970.5104166667
Q2 Cartesian spatial + curriculum,26291200,506574.21875,504244.2916666667
Q2 Cartesian spatial + curriculum,26342400,501692.3125,498653.4791666667
Q2 Cartesian spatial + curriculum,26393600,487693.90625,495525.125
Q2 Cartesian spatial + curriculum,26444800,497189.15625,493699.53125
Q2 Cartesian spatial + curriculum,26496000,496215.53125,494628.3958333333
Q2 Cartesian spatial + curriculum,26547200,490480.5,497588.3229166667
Q2 Cartesian spatial + curriculum,26598400,506068.9375,500772.75
Q2 Cartesian spatial + curriculum,26649600,505768.8125,505344.34375
Q2 Cartesian spatial + curriculum,26700800,504195.28125,504341.1041666667
Q2 Cartesian spatial + curriculum,26752000,503059.21875,502253.65625
Q2 Cartesian spatial + curriculum,26803200,499506.46875,501425.6458333333
Q2 Cartesian spatial + curriculum,26854400,501711.25,499110.34375
Q2 Cartesian spatial + curriculum,26905600,496113.3125,499661.7395833333
Q2 Cartesian spatial + curriculum,26956800,501160.65625,498052.1770833333
Q2 Cartesian spatial + curriculum,27008000,496882.5625,496688.3541666667
Q2 Cartesian spatial + curriculum,27059200,492021.84375,495678.9583333333
Q2 Cartesian spatial + curriculum,27110400,498132.46875,497027.4791666667
Q2 Cartesian spatial + curriculum,27161600,500928.125,501051.71875
Q2 Cartesian spatial + curriculum,27212800,504094.5625,501266.9583333333
Q2 Cartesian spatial + curriculum,27264000,498778.1875,499397.7916666667
Q2 Cartesian spatial + curriculum,27315200,495320.625,500800.4166666667
Q2 Cartesian spatial + curriculum,27366400,508302.4375,500104.6458333333
Q2 Cartesian spatial + curriculum,27417600,496690.875,501361.90625
Q2 Cartesian spatial + curriculum,27468800,499092.40625,500472.4375
Q2 Cartesian spatial + curriculum,27520000,505634.03125,502440.0625
Q2 Cartesian spatial + curriculum,27571200,502593.75,503018.40625
Q2 Cartesian spatial + curriculum,27622400,500827.4375,502548.53125
Q2 Cartesian spatial + curriculum,27673600,504224.40625,501622.71875
Q2 Cartesian spatial + curriculum,27724800,499816.3125,499346.1666666667
Q2 Cartesian spatial + curriculum,27776000,493997.78125,499598.7291666667
Q2 Cartesian spatial + curriculum,27827200,504982.09375,500002.59375
Q2 Cartesian spatial + curriculum,27878400,501027.90625,502977.0208333333
Q2 Cartesian spatial + curriculum,27929600,502921.0625,503411.34375
Q2 Cartesian spatial + curriculum,27980800,506285.0625,504042.75
Q2 Cartesian spatial + curriculum,28032000,502922.125,500203.6979166667
Q2 Cartesian spatial + curriculum,28083200,491403.90625,499379.6041666667
Q2 Cartesian spatial + curriculum,28134400,503812.78125,498736.3229166667
Q2 Cartesian spatial + curriculum,28185600,500992.28125,503714.78125
Q2 Cartesian spatial + curriculum,28236800,506339.28125,503889.8958333333
Q2 Cartesian spatial + curriculum,28288000,504338.125,504576.4791666667
Q2 Cartesian spatial + curriculum,28339200,503052.03125,500310.7395833333
Q2 Cartesian spatial + curriculum,28390400,493542.0625,497583.0520833333
Q2 Cartesian spatial + curriculum,28441600,496155.0625,493333.4375
Q2 Cartesian spatial + curriculum,28492800,490303.1875,492912.625
Q2 Cartesian spatial + curriculum,28544000,492279.625,492872.6145833333
Q2 Cartesian spatial + curriculum,28595200,496035.03125,496950.0520833333
Q2 Cartesian spatial + curriculum,28646400,502535.5,497889.25
Q2 Cartesian spatial + curriculum,28697600,495097.21875,498780.28125
Q2 Cartesian spatial + curriculum,28748800,498708.125,496094.0625
Q2 Cartesian spatial + curriculum,28800000,494476.84375,497437.7083333333
Q2 Cartesian spatial + curriculum,28851200,499128.15625,497057.5208333333
Q2 Cartesian spatial + curriculum,28902400,497567.5625,501297.09375
Q2 Cartesian spatial + curriculum,28953600,507195.5625,501493.8229166667
Q2 Cartesian spatial + curriculum,29004800,499718.34375,503352.4895833333
Q2 Cartesian spatial + curriculum,29056000,503143.5625,500125.5729166667
Q2 Cartesian spatial + curriculum,29107200,497514.8125,497670.3125
Q2 Cartesian spatial + curriculum,29158400,492352.5625,493419.8854166667
Q2 Cartesian spatial + curriculum,29209600,490392.28125,497298.9375
Q2 Cartesian spatial + curriculum,29260800,509151.96875,503142.9375
Q2 Cartesian spatial + curriculum,29312000,509884.5625,507165.3229166667
Q2 Cartesian spatial + curriculum,29363200,502459.4375,507241.34375
Q2 Cartesian spatial + curriculum,29414400,509380.03125,503042.5104166667
Q2 Cartesian spatial + curriculum,29465600,497288.0625,504886.03125
Q2 Cartesian spatial + curriculum,29516800,507990.0,503412.2395833333
Q2 Cartesian spatial + curriculum,29568000,504958.65625,506424.3125
Q2 Cartesian spatial + curriculum,29619200,506324.28125,504887.96875
Q2 Cartesian spatial + curriculum,29670400,503380.96875,504212.4166666667
Q2 Cartesian spatial + curriculum,29721600,502932.0,500862.8229166667
Q2 Cartesian spatial + curriculum,29772800,496275.5,501640.8645833333
Q2 Cartesian spatial + curriculum,29824000,505715.09375,501849.6145833333
Q2 Cartesian spatial + curriculum,29875200,503558.25,506186.40625
Q2 Cartesian spatial + curriculum,29926400,509285.875,507306.90625
Q2 Cartesian spatial + curriculum,29977600,509076.59375,507213.90625
Q2 Cartesian spatial + curriculum,30028800,503279.25,505761.3645833333
Q2 Cartesian spatial + curriculum,30080000,504928.25,506173.5104166667
Q2 Cartesian spatial + curriculum,30131200,510313.03125,508660.7291666667
Q2 Cartesian spatial + curriculum,30182400,510740.90625,510980.4479166667
Q2 Cartesian spatial + curriculum,30233600,511887.40625,510782.15625
Q2 Cartesian spatial + curriculum,30284800,509718.15625,508228.5520833333
Q2 Cartesian spatial + curriculum,30336000,503080.09375,508542.3645833333
Q2 Cartesian spatial + curriculum,30387200,512828.84375,508608.8958333333
Q2 Cartesian spatial + curriculum,30438400,509917.75,513695.59375
Q2 Cartesian spatial + curriculum,30489600,518340.1875,512713.5520833333
Q2 Cartesian spatial + curriculum,30540800,509882.71875,515086.7916666667
Q2 Cartesian spatial + curriculum,30592000,517037.46875,511705.8645833333
Q2 Cartesian spatial + curriculum,30643200,508197.40625,515174.4895833333
Q2 Cartesian spatial + curriculum,30694400,520288.59375,513994.0729166667
Q2 Cartesian spatial + curriculum,30745600,513496.21875,512846.9166666667
Q2 Cartesian spatial + curriculum,30796800,504755.9375,511056.3333333333
Q2 Cartesian spatial + curriculum,30848000,514916.84375,512465.0208333333
Q2 Cartesian spatial + curriculum,30899200,517722.28125,516951.7083333333
Q2 Cartesian spatial + curriculum,30950400,518216.0,516902.8229166667
Q2 Cartesian spatial + curriculum,31001600,514770.1875,517099.4583333333
Q2 Cartesian spatial + curriculum,31052800,518312.1875,516004.125
Q2 Cartesian spatial + curriculum,31104000,514930.0,516708.4270833333
Q2 Cartesian spatial + curriculum,31155200,516883.09375,515563.2916666667
Q2 Cartesian spatial + curriculum,31206400,514876.78125,515863.3645833333
Q2 Cartesian spatial + curriculum,31257600,515830.21875,514667.0729166667
Q2 Cartesian spatial + curriculum,31308800,513294.21875,511896.0625
Q2 Cartesian spatial + curriculum,31360000,506563.75,508500.6354166667
Q2 Cartesian spatial + curriculum,31411200,505643.9375,510074.8229166667
Q2 Cartesian spatial + curriculum,31462400,518016.78125,510817.46875
Q2 Cartesian spatial + curriculum,31513600,508791.6875,513784.84375
Q2 Cartesian spatial + curriculum,31564800,514546.0625,513124.5833333333
Q2 Cartesian spatial + curriculum,31616000,516036.0,516945.375
Q2 Cartesian spatial + curriculum,31667200,520254.0625,518788.5625
Q2 Cartesian spatial + curriculum,31718400,520075.625,517511.9895833333
Q2 Cartesian spatial + curriculum,31769600,512206.28125,516144.1979166667
Q2 Cartesian spatial + curriculum,31820800,516150.6875,516363.5833333333
Q2 Cartesian spatial + curriculum,31872000,520733.78125,516035.25
Q2 Cartesian spatial + curriculum,31923200,511221.28125,516135.5416666667
Q2 Cartesian spatial + curriculum,31974400,516451.5625,515088.9166666667
Q2 Cartesian spatial + curriculum,32025600,517593.90625,514953.0520833333
Q2 Cartesian spatial + curriculum,32076800,510813.6875,513755.7708333333
Q2 Cartesian spatial + curriculum,32128000,512859.71875,515122.5104166667
Q2 Cartesian spatial + curriculum,32179200,521694.125,515678.1041666667
Q2 Cartesian spatial + curriculum,32230400,512480.46875,517462.9375
Q2 Cartesian spatial + curriculum,32281600,518214.21875,515092.5
Q2 Cartesian spatial + curriculum,32332800,514582.8125,513643.1979166667
Q2 Cartesian spatial + curriculum,32384000,508132.5625,510461.71875
Q2 Cartesian spatial + curriculum,32435200,508669.78125,511147.6666666667
Q2 Cartesian spatial + curriculum,32486400,516640.65625,512262.71875
Q2 Cartesian spatial + curriculum,32537600,511477.71875,511212.15625
Q2 Cartesian spatial + curriculum,32588800,505518.09375,510501.46875
Q2 Cartesian spatial + curriculum,32640000,514508.59375,512100.1979166667
Q2 Cartesian spatial + curriculum,32691200,516273.90625,513674.3333333333
Q2 Cartesian spatial + curriculum,32742400,510240.5,512277.3333333333
Q2 Cartesian spatial + curriculum,32793600,510317.59375,513028.4270833333
Q2 Cartesian spatial + curriculum,32844800,518527.1875,515188.4375
Q2 Cartesian spatial + curriculum,32896000,516720.53125,520857.1770833333
Q2 Cartesian spatial + curriculum,32947200,527323.8125,521811.6041666667
Q2 Cartesian spatial + curriculum,32998400,521390.46875,520704.9270833333
Q2 Cartesian spatial + curriculum,33049600,513400.5,516587.40625
Q2 Cartesian spatial + curriculum,33100800,514971.25,513352.5833333333
Q2 Cartesian spatial + curriculum,33152000,511686.0,513081.5520833333
Q2 Cartesian spatial + curriculum,33203200,512587.40625,513581.4895833333
Q2 Cartesian spatial + curriculum,33254400,516471.0625,512859.375
Q2 Cartesian spatial + curriculum,33305600,509519.65625,515636.5729166667
Q2 Cartesian spatial + curriculum,33356800,520919.0,515553.78125
Q2 Cartesian spatial + curriculum,33408000,516222.6875,514876.90625
Q2 Cartesian spatial + curriculum,33459200,507489.03125,513376.9270833333
Q2 Cartesian spatial + curriculum,33510400,516419.0625,513918.6354166667
Q2 Cartesian spatial + curriculum,33561600,517847.8125,517904.7604166667
Q2 Cartesian spatial + curriculum,33612800,519447.40625,519472.3958333333
Q2 Cartesian spatial + curriculum,33664000,521121.96875,522680.7083333333
Q2 Cartesian spatial + curriculum,33715200,527472.75,523412.0729166667
Q2 Cartesian spatial + curriculum,33766400,521641.5,524398.6041666666
Q2 Cartesian spatial + curriculum,33817600,524081.5625,520254.46875
Q2 Cartesian spatial + curriculum,33868800,515040.34375,516391.3541666667
Q2 Cartesian spatial + curriculum,33920000,510052.15625,514679.5416666667
Q2 Cartesian spatial + curriculum,33971200,518946.125,515848.0104166667
Q2 Cartesian spatial + curriculum,34022400,518545.75,521196.0625
Q2 Cartesian spatial + curriculum,34073600,526096.3125,520677.3854166667
Q2 Cartesian spatial + curriculum,34124800,517390.09375,519892.28125
Q2 Cartesian spatial + curriculum,34176000,516190.4375,520393.5520833333
Q2 Cartesian spatial + curriculum,34227200,527600.125,521649.0104166667
Q2 Cartesian spatial + curriculum,34278400,521156.46875,526138.2395833334
Q2 Cartesian spatial + curriculum,34329600,529658.125,526325.9270833334
Q2 Cartesian spatial + curriculum,34380800,528163.1875,525922.2604166666
Q2 Cartesian spatial + curriculum,34432000,519945.46875,525824.09375
Q2 Cartesian spatial + curriculum,34483200,529363.625,525214.03125
Q2 Cartesian spatial + curriculum,34534400,526333.0,526596.4375
Q2 Cartesian spatial + curriculum,34585600,524092.6875,524784.8854166666
Q2 Cartesian spatial + curriculum,34636800,523928.96875,525347.3645833334
Q2 Cartesian spatial + curriculum,34688000,528020.4375,525068.625
Q2 Cartesian spatial + curriculum,34739200,523256.46875,524431.0104166666
Q2 Cartesian spatial + curriculum,34790400,522016.125,522880.375
Q2 Cartesian spatial + curriculum,34841600,523368.53125,523616.46875
Q2 Cartesian spatial + curriculum,34892800,525464.75,522398.1875
Q2 Cartesian spatial + curriculum,34944000,518361.28125,522261.5208333333
Q2 Cartesian spatial + curriculum,34995200,522958.53125,521912.2083333333
Q2 Cartesian spatial + curriculum,35046400,524416.8125,523865.4895833333
Q2 Cartesian spatial + curriculum,35097600,524221.125,524512.7916666666
Q2 Cartesian spatial + curriculum,35148800,524900.4375,521513.71875
Q2 Cartesian spatial + curriculum,35200000,515419.59375,520404.9479166667
Q2 Cartesian spatial + curriculum,35251200,520894.8125,520086.3020833333
Q2 Cartesian spatial + curriculum,35302400,523944.5,519492.0520833333
Q2 Cartesian spatial + curriculum,35353600,513636.84375,522466.28125
Q2 Cartesian spatial + curriculum,35404800,529817.5,521991.875
Q2 Cartesian spatial + curriculum,35456000,522521.28125,525913.2395833334
Q2 Cartesian spatial + curriculum,35507200,525400.9375,523951.9583333333
Q2 Cartesian spatial + curriculum,35558400,523933.65625,522240.7395833333
Q2 Cartesian spatial + curriculum,35609600,517387.625,520575.78125
Q2 Cartesian spatial + curriculum,35660800,520406.0625,518647.15625
Q2 Cartesian spatial + curriculum,35712000,518147.78125,520155.7291666667
Q2 Cartesian spatial + curriculum,35763200,521913.34375,520063.2708333333
Q2 Cartesian spatial + curriculum,35814400,520128.6875,518500.8020833333
Q2 Cartesian spatial + curriculum,35865600,513460.375,518493.7708333333
Q2 Cartesian spatial + curriculum,35916800,521892.25,513744.7708333333
Q2 Cartesian spatial + curriculum,35968000,505881.6875,514702.53125
Q2 Cartesian spatial + curriculum,36019200,516333.65625,510898.4791666667
Q2 Cartesian spatial + curriculum,36070400,510480.09375,518777.8541666667
Q2 Cartesian spatial + curriculum,36121600,529519.8125,522600.28125
Q2 Cartesian spatial + curriculum,36172800,527800.9375,525537.7395833334
Q2 Cartesian spatial + curriculum,36224000,519292.46875,526552.4270833334
Q2 Cartesian spatial + curriculum,36275200,532563.875,526134.9895833334
Q2 Cartesian spatial + curriculum,36326400,526548.625,530421.8125
Q2 Cartesian spatial + curriculum,36377600,532152.9375,529588.5625
Q2 Cartesian spatial + curriculum,36428800,530064.125,532422.3333333334
Q2 Cartesian spatial + curriculum,36480000,535049.9375,529637.1458333334
Q2 Cartesian spatial + curriculum,36531200,523797.375,528944.6875
Q2 Cartesian spatial + curriculum,36582400,527986.75,527297.875
Q2 Cartesian spatial + curriculum,36633600,530109.5,525757.9270833334
Q2 Cartesian spatial + curriculum,36684800,519177.53125,523226.7395833333
Q2 Cartesian spatial + curriculum,36736000,520393.1875,522036.3020833333
Q2 Cartesian spatial + curriculum,36787200,526538.1875,524000.5
Q2 Cartesian spatial + curriculum,36838400,525070.125,525298.25
Q2 Cartesian spatial + curriculum,36889600,524286.4375,522650.5208333333
Q2 Cartesian spatial + curriculum,36940800,518595.0,523283.0208333333
Q2 Cartesian spatial + curriculum,36992000,526967.625,522972.7604166667
Q2 Cartesian spatial + curriculum,37043200,523355.65625,526056.28125
Q2 Cartesian spatial + curriculum,37094400,527845.5625,525999.2395833334
Q2 Cartesian spatial + curriculum,37145600,526796.5,527847.3541666666
Q2 Cartesian spatial + curriculum,37196800,528900.0,525494.3229166666
Q2 Cartesian spatial + curriculum,37248000,520786.46875,524112.8333333333
Q2 Cartesian spatial + curriculum,37299200,522652.03125,521642.90625
Q2 Cartesian spatial + curriculum,37350400,521490.21875,525378.875
Q2 Cartesian spatial + curriculum,37401600,531994.375,526065.0729166666
Q2 Cartesian spatial + curriculum,37452800,524710.625,529192.1666666666
Q2 Cartesian spatial + curriculum,37504000,530871.5,527305.4375
Q2 Cartesian spatial + curriculum,37555200,526334.1875,526350.5729166666
Q2 Cartesian spatial + curriculum,37606400,521846.03125,527191.5729166666
Q2 Cartesian spatial + curriculum,37657600,533394.5,527826.03125
Q2 Cartesian spatial + curriculum,37708800,528237.5625,530093.125
Q2 Cartesian spatial + curriculum,37760000,528647.3125,527719.9375
Q2 Cartesian spatial + curriculum,37811200,526274.9375,527451.3541666666
Q2 Cartesian spatial + curriculum,37862400,527431.8125,528366.5625
Q2 Cartesian spatial + curriculum,37913600,531392.9375,528880.3333333334
Q2 Cartesian spatial + curriculum,37964800,527816.25,527719.65625
Q2 Cartesian spatial + curriculum,38016000,523949.78125,527282.4895833334
Q2 Cartesian spatial + curriculum,38067200,530081.4375,525865.8020833334
Q2 Cartesian spatial + curriculum,38118400,523566.1875,529481.8333333334
Q2 Cartesian spatial + curriculum,38169600,534797.875,529566.1041666666
Q2 Cartesian spatial + curriculum,38220800,530334.25,531581.0
Q2 Cartesian spatial + curriculum,38272000,529610.875,529417.75
Q2 Cartesian spatial + curriculum,38323200,528308.125,530046.0
Q2 Cartesian spatial + curriculum,38374400,532219.0,531109.6875
Q2 Cartesian spatial + curriculum,38425600,532801.9375,533582.3541666666
Q2 Cartesian spatial + curriculum,38476800,535726.125,532193.0
Q2 Cartesian spatial + curriculum,38528000,528050.9375,534317.3125
Q2 Cartesian spatial + curriculum,38579200,539174.875,530819.0416666666
Q2 Cartesian spatial + curriculum,38630400,525231.3125,535518.0833333334
Q2 Cartesian spatial + curriculum,38681600,542148.0625,535847.9375
Q2 Cartesian spatial + curriculum,38732800,540164.4375,539100.3541666666
Q2 Cartesian spatial + curriculum,38784000,534988.5625,537386.2083333334
Q2 Cartesian spatial + curriculum,38835200,537005.625,534398.0625
Q2 Cartesian spatial + curriculum,38886400,531200.0,536183.8125
Q2 Cartesian spatial + curriculum,38937600,540345.8125,534239.4791666666
Q2 Cartesian spatial + curriculum,38988800,531172.625,533142.5833333334
Q2 Cartesian spatial + curriculum,39040000,527909.3125,531598.3541666666
Q2 Cartesian spatial + curriculum,39091200,535713.125,530208.6666666666
Q2 Cartesian spatial + curriculum,39142400,527003.5625,533313.0
Q2 Cartesian spatial + curriculum,39193600,537222.3125,534053.6875
Q2 Cartesian spatial + curriculum,39244800,537935.1875,533137.5520833334
Q2 Cartesian spatial + curriculum,39296000,524255.15625,532108.4895833334
Q2 Cartesian spatial + curriculum,39347200,534135.125,531028.6354166666
Q2 Cartesian spatial + curriculum,39398400,534695.625,533639.0625
Q2 Cartesian spatial + curriculum,39449600,532086.4375,534627.5625
Q2 Cartesian spatial + curriculum,39500800,537100.625,534276.4791666666
Q2 Cartesian spatial + curriculum,39552000,533642.375,535182.5625
Q2 Cartesian spatial + curriculum,39603200,534804.6875,534212.6041666666
Q2 Cartesian spatial + curriculum,39654400,534190.75,533420.0416666666
Q2 Cartesian spatial + curriculum,39705600,531264.6875,534086.3125
Q2 Cartesian spatial + curriculum,39756800,536803.5,535449.6666666666
Q2 Cartesian spatial + curriculum,39808000,538280.8125,538323.0
Q2 Cartesian spatial + curriculum,39859200,539884.6875,536151.8125
Q2 Cartesian spatial + curriculum,39910400,530289.9375,533948.7708333334
Q2 Cartesian spatial + curriculum,39961600,531671.6875,529341.8541666666
Q2 Cartesian spatial + curriculum,40012800,526063.9375,530081.7708333334
Q2 Cartesian spatial + curriculum,40064000,532509.6875,530393.7708333334
Q2 Cartesian spatial + curriculum,40115200,532607.6875,532339.0416666666
Q2 Cartesian spatial + curriculum,40166400,531899.75,531049.0416666666
Q2 Cartesian spatial + curriculum,40217600,528639.6875,532318.2916666666
Q2 Cartesian spatial + curriculum,40268800,536415.4375,531185.6666666666
Q2 Cartesian spatial + curriculum,40320000,528501.875,532853.8958333334
Q2 Cartesian spatial + curriculum,40371200,533644.375,530185.3958333334
Q2 Cartesian spatial + curriculum,40422400,528409.9375,529189.1875
Q2 Cartesian spatial + curriculum,40473600,525513.25,527772.1041666666
Q2 Cartesian spatial + curriculum,40524800,529393.125,528034.5416666666
Q2 Cartesian spatial + curriculum,40576000,529197.25,531054.3333333334
Q2 Cartesian spatial + curriculum,40627200,534572.625,531777.9583333334
Q2 Cartesian spatial + curriculum,40678400,531564.0,534577.5833333334
Q2 Cartesian spatial + curriculum,40729600,537596.125,535405.4791666666
Q2 Cartesian spatial + curriculum,40780800,537056.3125,534945.5625
Q2 Cartesian spatial + curriculum,40832000,530184.25,534949.375
Q2 Cartesian spatial + curriculum,40883200,537607.5625,530626.4583333334
Q2 Cartesian spatial + curriculum,40934400,524087.5625,534551.7708333334
Q2 Cartesian spatial + curriculum,40985600,541960.1875,534294.4166666666
Q2 Cartesian spatial + curriculum,41036800,536835.5,539024.1458333334
Q2 Cartesian spatial + curriculum,41088000,538276.75,537413.1041666666
Q2 Cartesian spatial + curriculum,41139200,537127.0625,535932.8958333334
Q2 Cartesian spatial + curriculum,41190400,532394.875,532865.7916666666
Q2 Cartesian spatial + curriculum,41241600,529075.4375,534097.1041666666
Q2 Cartesian spatial + curriculum,41292800,540821.0,532648.8541666666
Q2 Cartesian spatial + curriculum,41344000,528050.125,534774.0625
Q2 Cartesian spatial + curriculum,41395200,535451.0625,531724.1458333334
Q2 Cartesian spatial + curriculum,41446400,531671.25,535135.2708333334
Q2 Cartesian spatial + curriculum,41497600,538283.5,536292.8125
Q2 Cartesian spatial + curriculum,41548800,538923.6875,537049.875
Q2 Cartesian spatial + curriculum,41600000,533942.4375,535566.4583333334
Q2 Cartesian spatial + curriculum,41651200,533833.25,534958.3541666666
Q2 Cartesian spatial + curriculum,41702400,537099.375,537441.2083333334
Q2 Cartesian spatial + curriculum,41753600,541391.0,538470.0625
Q2 Cartesian spatial + curriculum,41804800,536919.8125,539335.9375
Q2 Cartesian spatial + curriculum,41856000,539697.0,537421.4791666666
Q2 Cartesian spatial + curriculum,41907200,535647.625,536796.8541666666
Q2 Cartesian spatial + curriculum,41958400,535045.9375,534076.8125
Q2 Cartesian spatial + curriculum,42009600,531536.875,533310.0208333334
Q2 Cartesian spatial + curriculum,42060800,533347.25,534990.375
Q2 Cartesian spatial + curriculum,42112000,540087.0,537456.0
Q2 Cartesian spatial + curriculum,42163200,538933.75,536867.8958333334
Q2 Cartesian spatial + curriculum,42214400,531582.9375,535583.5416666666
Q2 Cartesian spatial + curriculum,42265600,536233.9375,535104.7916666666
Q2 Cartesian spatial + curriculum,42316800,537497.5,534918.4583333334
Q2 Cartesian spatial + curriculum,42368000,531023.9375,534634.9583333334
Q2 Cartesian spatial + curriculum,42419200,535383.4375,532816.6458333334
Q2 Cartesian spatial + curriculum,42470400,532042.5625,536204.5
Q2 Cartesian spatial + curriculum,42521600,541187.5,537042.1458333334
Q2 Cartesian spatial + curriculum,42572800,537896.375,539682.7916666666
Q2 Cartesian spatial + curriculum,42624000,539964.5,539352.9166666666
Q2 Cartesian spatial + curriculum,42675200,540197.875,541748.9375
Q2 Cartesian spatial + curriculum,42726400,545084.4375,539971.7916666666
Q2 Cartesian spatial + curriculum,42777600,534633.0625,538283.9583333334
Q2 Cartesian spatial + curriculum,42828800,535134.375,536621.0416666666
Q2 Cartesian spatial + curriculum,42880000,540095.6875,537278.7291666666
Q2 Cartesian spatial + curriculum,42931200,536606.125,539292.7916666666
Q2 Cartesian spatial + curriculum,42982400,541176.5625,536616.8125
Q2 Cartesian spatial + curriculum,43033600,532067.75,536551.0416666666
Q2 Cartesian spatial + curriculum,43084800,536408.8125,537072.3333333334
Q2 Cartesian spatial + curriculum,43136000,542740.4375,540631.5416666666
Q2 Cartesian spatial + curriculum,43187200,542745.375,543246.3541666666
Q2 Cartesian spatial + curriculum,43238400,544253.25,542334.5833333334
Q2 Cartesian spatial + curriculum,43289600,540005.125,543529.8333333334
Q2 Cartesian spatial + curriculum,43340800,546331.125,543647.4375
Q2 Cartesian spatial + curriculum,43392000,544606.0625,547139.9791666666
Q2 Cartesian spatial + curriculum,43443200,550482.75,544408.4583333334
Q2 Cartesian spatial + curriculum,43494400,538136.5625,542273.1666666666
Q2 Cartesian spatial + curriculum,43545600,538200.1875,541028.4791666666
Q2 Cartesian spatial + curriculum,43596800,546748.6875,543506.6458333334
Q2 Cartesian spatial + curriculum,43648000,545571.0625,544436.2083333334
Q2 Cartesian spatial + curriculum,43699200,540988.875,544812.5208333334
Q2 Cartesian spatial + curriculum,43750400,547877.625,543925.1041666666
Q2 Cartesian spatial + curriculum,43801600,542908.8125,545295.9791666666
Q2 Cartesian spatial + curriculum,43852800,545101.5,544253.1041666666
Q2 Cartesian spatial + curriculum,43904000,544749.0,545024.0833333334
Q2 Cartesian spatial + curriculum,43955200,545221.75,545764.6458333334
Q2 Cartesian spatial + curriculum,44006400,547323.1875,546724.6041666666
Q2 Cartesian spatial + curriculum,44057600,547628.875,547705.9583333334
Q2 Cartesian spatial + curriculum,44108800,548165.8125,547529.2291666666
Q2 Cartesian spatial + curriculum,44160000,546793.0,547019.8541666666
Q2 Cartesian spatial + curriculum,44211200,546100.75,546669.25
Q2 Cartesian spatial + curriculum,44262400,547114.0,546753.9791666666
Q2 Cartesian spatial + curriculum,44313600,547047.1875,543958.0208333334
Q2 Cartesian spatial + curriculum,44364800,537712.875,542656.5
Q2 Cartesian spatial + curriculum,44416000,543209.4375,540679.7916666666
Q2 Cartesian spatial + curriculum,44467200,541117.0625,543399.3541666666
Q2 Cartesian spatial + curriculum,44518400,545871.5625,543144.7916666666
Q2 Cartesian spatial + curriculum,44569600,542445.75,544796.0625
Q2 Cartesian spatial + curriculum,44620800,546070.875,543723.5208333334
Q2 Cartesian spatial + curriculum,44672000,542653.9375,543420.1458333334
Q2 Cartesian spatial + curriculum,44723200,541535.625,541377.7291666666
Q2 Cartesian spatial + curriculum,44774400,539943.625,541433.0
Q2 Cartesian spatial + curriculum,44825600,542819.75,541338.3541666666
Q2 Cartesian spatial + curriculum,44876800,541251.6875,541567.1875
Q2 Cartesian spatial + curriculum,44928000,540630.125,540263.2916666666
Q2 Cartesian spatial + curriculum,44979200,538908.0625,541069.875
Q2 Cartesian spatial + curriculum,45030400,543671.4375,541327.4166666666
Q2 Cartesian spatial + curriculum,45081600,541402.75,542735.9375
Q2 Cartesian spatial + curriculum,45132800,543133.625,542187.9375
Q2 Cartesian spatial + curriculum,45184000,542027.4375,542189.5208333334
Q2 Cartesian spatial + curriculum,45235200,541407.5,542644.5833333334
Q2 Cartesian spatial + curriculum,45286400,544498.8125,544298.7916666666
Q2 Cartesian spatial + curriculum,45337600,546990.0625,544862.125
Q2 Cartesian spatial + curriculum,45388800,543097.5,544843.9166666666
Q2 Cartesian spatial + curriculum,45440000,544444.1875,544414.3541666666
Q2 Cartesian spatial + curriculum,45491200,545701.375,544286.9791666666
Q2 Cartesian spatial + curriculum,45542400,542715.375,542997.6041666666
Q2 Cartesian spatial + curriculum,45593600,540576.0625,543209.6458333334
Q2 Cartesian spatial + curriculum,45644800,546337.5,544630.1666666666
Q2 Cartesian spatial + curriculum,45696000,546976.9375,547969.4375
Q2 Cartesian spatial + curriculum,45747200,550593.875,548102.9166666666
Q2 Cartesian spatial + curriculum,45798400,546737.9375,547396.0833333334
Q2 Cartesian spatial + curriculum,45849600,544856.4375,546650.5416666666
Q2 Cartesian spatial + curriculum,45900800,548357.25,545813.2708333334
Q2 Cartesian spatial + curriculum,45952000,544226.125,546394.375
Q2 Cartesian spatial + curriculum,46003200,546599.75,545646.9375
Q2 Cartesian spatial + curriculum,46054400,546114.9375,544153.7291666666
Q2 Cartesian spatial + curriculum,46105600,539746.5,543481.2916666666
Q2 Cartesian spatial + curriculum,46156800,544582.4375,543305.1666666666
Q2 Cartesian spatial + curriculum,46208000,545586.5625,545878.1666666666
Q2 Cartesian spatial + curriculum,46259200,547465.5,544281.125
Q2 Cartesian spatial + curriculum,46310400,539791.3125,543140.2083333334
Q2 Cartesian spatial + curriculum,46361600,542163.8125,544090.6875
Q2 Cartesian spatial + curriculum,46412800,550316.9375,546179.5833333334
Q2 Cartesian spatial + curriculum,46464000,546058.0,547950.875
Q2 Cartesian spatial + curriculum,46515200,547477.6875,547390.4791666666
Q2 Cartesian spatial + curriculum,46566400,548635.75,547097.1875
Q2 Cartesian spatial + curriculum,46617600,545178.125,544706.3125
Q2 Cartesian spatial + curriculum,46668800,540305.0625,543050.2708333334
Q2 Cartesian spatial + curriculum,46720000,543667.625,543178.3333333334
Q2 Cartesian spatial + curriculum,46771200,545562.3125,545512.125
Q2 Cartesian spatial + curriculum,46822400,547306.4375,547590.0625
Q2 Cartesian spatial + curriculum,46873600,549901.4375,547989.5416666666
Q2 Cartesian spatial + curriculum,46924800,546760.75,549026.875
Q2 Cartesian spatial + curriculum,46976000,550418.4375,548770.4791666666
Q2 Cartesian spatial + curriculum,47027200,549132.25,549656.2708333334
Q2 Cartesian spatial + curriculum,47078400,549418.125,549221.1666666666
Q2 Cartesian spatial + curriculum,47129600,549113.125,549578.4583333334
Q2 Cartesian spatial + curriculum,47180800,550204.125,549540.625
Q2 Cartesian spatial + curriculum,47232000,549304.625,550474.0
Q2 Cartesian spatial + curriculum,47283200,551913.25,551113.1458333334
Q2 Cartesian spatial + curriculum,47334400,552121.5625,552547.8958333334
Q2 Cartesian spatial + curriculum,47385600,553608.875,553540.1666666666
Q2 Cartesian spatial + curriculum,47436800,554890.0625,553903.1666666666
Q2 Cartesian spatial + curriculum,47488000,553210.5625,555045.6458333334
Q2 Cartesian spatial + curriculum,47539200,557036.3125,555991.1875
Q2 Cartesian spatial + curriculum,47590400,557726.6875,556536.2083333334
Q2 Cartesian spatial + curriculum,47641600,554845.625,556050.9583333334
Q2 Cartesian spatial + curriculum,47692800,555580.5625,554990.6875
Q2 Cartesian spatial + curriculum,47744000,554545.875,555328.7708333334
Q2 Cartesian spatial + curriculum,47795200,555859.875,555100.2291666666
Q2 Cartesian spatial + curriculum,47846400,554894.9375,555572.6041666666
Q2 Cartesian spatial + curriculum,47897600,555963.0,555331.8333333334
Q2 Cartesian spatial + curriculum,47948800,555137.5625,556043.125
Q2 Cartesian spatial + curriculum,48000000,557028.8125,556465.4583333334
Q2 Cartesian spatial + curriculum,48051200,557230.0,557888.1666666666
Q2 Cartesian spatial + curriculum,48102400,559405.6875,558659.7291666666
Q2 Cartesian spatial + curriculum,48153600,559343.5,559333.375
Q2 Cartesian spatial + curriculum,48204800,559250.9375,559593.1041666666
Q2 Cartesian spatial + curriculum,48256000,560184.875,559587.5208333334
Q2 Cartesian spatial + curriculum,48307200,559326.75,559661.6875
Q2 Cartesian spatial + curriculum,48358400,559473.4375,558284.9375
Q2 Cartesian spatial + curriculum,48409600,556054.625,556814.3333333334
Q2 Cartesian spatial + curriculum,48460800,554914.9375,556023.5208333334
Q2 Cartesian spatial + curriculum,48512000,557101.0,556141.3333333334
Q2 Cartesian spatial + curriculum,48563200,556408.0625,555718.0833333334
Q2 Cartesian spatial + curriculum,48614400,553645.1875,554658.4375
Q2 Cartesian spatial + curriculum,48665600,553922.0625,553775.7708333334
Q2 Cartesian spatial + curriculum,48716800,553760.0625,554471.0833333334
Q2 Cartesian spatial + curriculum,48768000,555731.125,554600.8125
Q2 Cartesian spatial + curriculum,48819200,554311.25,553927.2291666666
Q2 Cartesian spatial + curriculum,48870400,551739.3125,552793.5208333334
Q2 Cartesian spatial + curriculum,48921600,552330.0,552020.0
Q2 Cartesian spatial + curriculum,48972800,551990.6875,552136.2083333334
Q2 Cartesian spatial + curriculum,49024000,552087.9375,552507.5
Q2 Cartesian spatial + curriculum,49075200,553443.875,552520.8125
Q2 Cartesian spatial + curriculum,49126400,552030.625,552066.3958333334
Q2 Cartesian spatial + curriculum,49177600,550724.6875,551253.0
Q2 Cartesian spatial + curriculum,49228800,551003.6875,551094.8333333334
Q2 Cartesian spatial + curriculum,49280000,551556.125,550767.2083333334
Q2 Cartesian spatial + curriculum,49331200,549741.8125,550810.8125
Q2 Cartesian spatial + curriculum,49382400,551134.5,550154.8333333334
Q2 Cartesian spatial + curriculum,49433600,549588.1875,550205.2083333334
Q2 Cartesian spatial + curriculum,49484800,549892.9375,550029.5
Q2 Cartesian spatial + curriculum,49536000,550607.375,549928.1666666666
Q2 Cartesian spatial + curriculum,49587200,549284.1875,550103.2291666666
Q2 Cartesian spatial + curriculum,49638400,550418.125,549279.3541666666
Q2 Cartesian spatial + curriculum,49689600,548135.75,548830.6666666666
Q2 Cartesian spatial + curriculum,49740800,547938.125,548294.625
Q2 Cartesian spatial + curriculum,49792000,548810.0,547963.8541666666
Q2 Cartesian spatial + curriculum,49843200,547143.4375,547962.3333333334
Q2 Cartesian spatial + curriculum,49894400,547933.5625,548121.25
Q2 Cartesian spatial + curriculum,49945600,549286.75,549232.9583333334
Q2 Cartesian spatial + curriculum,49996800,550478.5625,549373.3958333334
Q2 Cartesian spatial + curriculum,50048000,548354.875,549246.8541666666
Q2 Cartesian spatial + curriculum,50099200,548907.125,548402.3958333334
Q2 Cartesian spatial + curriculum,50150400,547945.1875,548167.0625
Q2 Cartesian spatial + curriculum,50201600,547648.875,547682.0833333334
Q2 Cartesian spatial + curriculum,50252800,547452.1875,546999.6875
Q2 Cartesian spatial + curriculum,50304000,545898.0,546721.375
Q2 Cartesian spatial + curriculum,50355200,546813.9375,546218.1666666666
Q2 Cartesian spatial + curriculum,50406400,545942.5625,546373.375
Q2 Cartesian spatial + curriculum,50457600,546363.625,546072.125
Q2 Cartesian spatial + curriculum,50508800,545910.1875,546497.8958333334
Q2 Cartesian spatial + curriculum,50560000,547219.875,546520.5625
Q2 Cartesian spatial + curriculum,50611200,546431.625,546202.375
Q2 Cartesian spatial + curriculum,50662400,544955.625,545155.3541666666
Q2 Cartesian spatial + curriculum,50713600,544078.8125,544663.125
Q2 Cartesian spatial + curriculum,50764800,544954.9375,543841.4583333334
Q2 Cartesian spatial + curriculum,50816000,542490.625,543156.5416666666
Q2 Cartesian spatial + curriculum,50867200,542024.0625,542229.1666666666
Q2 Cartesian spatial + curriculum,50918400,542172.8125,541661.0625
Q2 Cartesian spatial + curriculum,50969600,540786.3125,541717.5416666666
Q2 Cartesian spatial + curriculum,51020800,542193.5,541299.0833333334
Q2 Cartesian spatial + curriculum,51072000,540917.4375,542454.2708333334
Q2 Cartesian spatial + curriculum,51123200,544251.875,542865.6458333334
Q2 Cartesian spatial + curriculum,51174400,543427.625,543895.9166666666
Q2 Cartesian spatial + curriculum,51225600,544008.25,544079.0
Q2 Cartesian spatial + curriculum,51276800,544801.125,543532.1875
Q2 Cartesian spatial + curriculum,51328000,541787.1875,543103.8333333334
Q2 Cartesian spatial + curriculum,51379200,542723.1875,542234.6666666666
Q2 Cartesian spatial + curriculum,51430400,542193.625,541727.4583333334
Q2 Cartesian spatial + curriculum,51481600,540265.5625,541554.6666666666
Q2 Cartesian spatial + curriculum,51532800,542204.8125,541681.8333333334
Q2 Cartesian spatial + curriculum,51584000,542575.125,542146.0
Q2 Cartesian spatial + curriculum,51635200,541658.0625,541944.0
Q2 Cartesian spatial + curriculum,51686400,541598.8125,542112.7083333334
Q2 Cartesian spatial + curriculum,51737600,543081.25,542984.2708333334
Q2 Cartesian spatial + curriculum,51788800,544272.75,543475.1041666666
Q2 Cartesian spatial + curriculum,51840000,543071.3125,543556.8958333334
Q2 Cartesian spatial + curriculum,51891200,543326.625,543138.2708333334
Q2 Cartesian spatial + curriculum,51942400,543016.875,543207.5
Q2 Cartesian spatial + curriculum,51993600,543279.0,543112.9791666666
Q2 Cartesian spatial + curriculum,52044800,543043.0625,542974.8541666666
Q2 Cartesian spatial + curriculum,52096000,542602.5,542472.7708333334
Q2 Cartesian spatial + curriculum,52147200,541772.75,541957.6666666666
Q2 Cartesian spatial + curriculum,52198400,541497.75,541587.5
Q2 Cartesian spatial + curriculum,52249600,541492.0,542196.4375
Q2 Cartesian spatial + curriculum,52300800,543599.5625,542736.5625
Q2 Cartesian spatial + curriculum,52352000,543118.125,543668.6041666666
Q2 Cartesian spatial + curriculum,52403200,544288.125,544235.5208333334
Q2 Cartesian spatial + curriculum,52454400,545300.3125,545109.6875
Q2 Cartesian spatial + curriculum,52505600,545740.625,545789.7291666666
Q2 Cartesian spatial + curriculum,52556800,546328.25,546120.4791666666
Q2 Cartesian spatial + curriculum,52608000,546292.5625,545884.875
Q2 Cartesian spatial + curriculum,52659200,545033.8125,545590.1666666666
Q2 Cartesian spatial + curriculum,52710400,545444.125,545335.7291666666
Q2 Cartesian spatial + curriculum,52761600,545529.25,545896.6875
Q2 Cartesian spatial + curriculum,52812800,546716.6875,546414.2291666666
Q2 Cartesian spatial + curriculum,52864000,546996.75,547137.25
Q2 Cartesian spatial + curriculum,52915200,547698.3125,547571.1875
Q2 Cartesian spatial + curriculum,52966400,548018.5,548649.9791666666
Q2 Cartesian spatial + curriculum,53017600,550233.125,549357.4375
Q2 Cartesian spatial + curriculum,53068800,549820.6875,549591.7916666666
Q2 Cartesian spatial + curriculum,53120000,548721.5625,550072.3541666666
Q2 Cartesian spatial + curriculum,53171200,551674.8125,550631.4583333334
Q2 Cartesian spatial + curriculum,53222400,551498.0,550791.3333333334
Q2 Cartesian spatial + curriculum,53273600,549201.1875,549706.7708333334
Q2 Cartesian spatial + curriculum,53324800,548421.125,548931.7083333334
Q2 Cartesian spatial + curriculum,53376000,549172.8125,548502.5625
Q2 Cartesian spatial + curriculum,53427200,547913.75,548553.7708333334
Q2 Cartesian spatial + curriculum,53478400,548574.75,548090.3958333334
Q2 Cartesian spatial + curriculum,53529600,547782.6875,547829.6041666666
Q2 Cartesian spatial + curriculum,53580800,547131.375,547405.6041666666
Q2 Cartesian spatial + curriculum,53632000,547302.75,546954.1458333334
Q2 Cartesian spatial + curriculum,53683200,546428.3125,546202.5
Q2 Cartesian spatial + curriculum,53734400,544876.4375,544598.5208333334
Q2 Cartesian spatial + curriculum,53785600,542490.8125,543779.5208333334
Q2 Cartesian spatial + curriculum,53836800,543971.3125,543391.6458333334
Q2 Cartesian spatial + curriculum,53888000,543712.8125,544387.375
Q2 Cartesian spatial + curriculum,53939200,545478.0,544077.8125
Q2 Cartesian spatial + curriculum,53990400,543042.625,543647.9166666666
Q2 Cartesian spatial + curriculum,54041600,542423.125,543771.375
Q2 Cartesian spatial + curriculum,54092800,545848.375,544830.2916666666
Q2 Cartesian spatial + curriculum,54144000,546219.375,546258.6458333334
Q2 Cartesian spatial + curriculum,54195200,546708.1875,546362.875
Q2 Cartesian spatial + curriculum,54246400,546161.0625,546491.1458333334
Q2 Cartesian spatial + curriculum,54297600,546604.1875,547103.5833333334
Q2 Cartesian spatial + curriculum,54348800,548545.5,547419.1041666666
Q2 Cartesian spatial + curriculum,54400000,547107.625,547569.2083333334
Q2 Cartesian spatial + curriculum,54451200,547054.5,547369.2291666666
Q2 Cartesian spatial + curriculum,54502400,547945.5625,547708.7708333334
Q2 Cartesian spatial + curriculum,54553600,548126.25,548532.2291666666
Q2 Cartesian spatial + curriculum,54604800,549524.875,549158.7083333334
Q2 Cartesian spatial + curriculum,54656000,549825.0,549399.25
Q2 Cartesian spatial + curriculum,54707200,548847.875,549035.1666666666
Q2 Cartesian spatial + curriculum,54758400,548432.625,548786.3958333334
Q2 Cartesian spatial + curriculum,54809600,549078.6875,548417.9166666666
Q2 Cartesian spatial + curriculum,54860800,547742.4375,547982.5416666666
Q2 Cartesian spatial + curriculum,54912000,547126.5,547695.5833333334
Q2 Cartesian spatial + curriculum,54963200,548217.8125,548006.6875
Q2 Cartesian spatial + curriculum,55014400,548675.75,549003.7291666666
Q2 Cartesian spatial + curriculum,55065600,550117.625,548903.9583333334
Q2 Cartesian spatial + curriculum,55116800,547918.5,548333.8541666666
Q2 Cartesian spatial + curriculum,55168000,546965.4375,547367.8541666666
Q2 Cartesian spatial + curriculum,55219200,547219.625,546529.1666666666
Q2 Cartesian spatial + curriculum,55270400,545402.4375,545968.4583333334
Q2 Cartesian spatial + curriculum,55321600,545283.3125,545478.5833333334
Q2 Cartesian spatial + curriculum,55372800,545750.0,545864.4375
Q2 Cartesian spatial + curriculum,55424000,546560.0,546487.3958333334
Q2 Cartesian spatial + curriculum,55475200,547152.1875,547113.7083333334
Q2 Cartesian spatial + curriculum,55526400,547628.9375,547169.2916666666
Q2 Cartesian spatial + curriculum,55577600,546726.75,547027.1666666666
Q2 Cartesian spatial + curriculum,55628800,546725.8125,546803.4166666666
Q2 Cartesian spatial + curriculum,55680000,546957.6875,546648.2916666666
Q2 Cartesian spatial + curriculum,55731200,546261.375,546848.1875
Q2 Cartesian spatial + curriculum,55782400,547325.5,546870.875
Q2 Cartesian spatial + curriculum,55833600,547025.75,547880.8958333334
Q2 Cartesian spatial + curriculum,55884800,549291.4375,548528.3958333334
Q2 Cartesian spatial + curriculum,55936000,549268.0,550142.5208333334
Q2 Cartesian spatial + curriculum,55987200,551868.125,551492.4166666666
Q2 Cartesian spatial + curriculum,56038400,553341.125,553395.6875
Q2 Cartesian spatial + curriculum,56089600,554977.8125,554421.2291666666
Q2 Cartesian spatial + curriculum,56140800,554944.75,554689.9791666666
Q2 Cartesian spatial + curriculum,56192000,554147.375,554238.5833333334
Q2 Cartesian spatial + curriculum,56243200,553623.625,553593.4583333334
Q2 Cartesian spatial + curriculum,56294400,553009.375,553143.4375
Q2 Cartesian spatial + curriculum,56345600,552797.3125,552724.3333333334
Q2 Cartesian spatial + curriculum,56396800,552366.3125,552359.0416666666
Q2 Cartesian spatial + curriculum,56448000,551913.5,552631.6875
Q2 Cartesian spatial + curriculum,56499200,553615.25,552836.4166666666
Q2 Cartesian spatial + curriculum,56550400,552980.5,553524.0
Q2 Cartesian spatial + curriculum,56601600,553976.25,553277.6041666666
Q2 Cartesian spatial + curriculum,56652800,552876.0625,553740.7291666666
Q2 Cartesian spatial + curriculum,56704000,554369.875,553452.7916666666
Q2 Cartesian spatial + curriculum,56755200,553112.4375,552908.0416666666
Q2 Cartesian spatial + curriculum,56806400,551241.8125,552005.125
Q2 Cartesian spatial + curriculum,56857600,551661.125,552008.9583333334
Q2 Cartesian spatial + curriculum,56908800,553123.9375,552936.875
Q2 Cartesian spatial + curriculum,56960000,554025.5625,553951.25
Q2 Cartesian spatial + curriculum,57011200,554704.25,554351.5625
Q2 Cartesian spatial + curriculum,57062400,554324.875,554094.5
Q2 Cartesian spatial + curriculum,57113600,553254.375,553545.5
Q2 Cartesian spatial + curriculum,57164800,553057.25,552529.8125
Q2 Cartesian spatial + curriculum,57216000,551277.8125,552336.6041666666
Q2 Cartesian spatial + curriculum,57267200,552674.75,552162.625
Q2 Cartesian spatial + curriculum,57318400,552535.3125,552444.7083333334
Q2 Cartesian spatial + curriculum,57369600,552124.0625,552010.6666666666
Q2 Cartesian spatial + curriculum,57420800,551372.625,550953.2083333334
Q2 Cartesian spatial + curriculum,57472000,549362.9375,549642.0416666666
Q2 Cartesian spatial + curriculum,57523200,548190.5625,549120.1875
Q2 Cartesian spatial + curriculum,57574400,549807.0625,549748.7708333334
Q2 Cartesian spatial + curriculum,57625600,551248.6875,550683.8958333334
Q2 Cartesian spatial + curriculum,57676800,550995.9375,551487.1041666666
Q2 Cartesian spatial + curriculum,57728000,552216.6875,552127.2083333334
Q2 Cartesian spatial + curriculum,57779200,553169.0,552238.7916666666
Q2 Cartesian spatial + curriculum,57830400,551330.6875,552598.7291666666
Q2 Cartesian spatial + curriculum,57881600,553296.5,552986.4583333334
Q2 Cartesian spatial + curriculum,57932800,554332.1875,554141.1666666666
Q2 Cartesian spatial + curriculum,57984000,554794.8125,555007.9166666666
Q2 Cartesian spatial + curriculum,58035200,555896.75,555354.0625
Q2 Cartesian spatial + curriculum,58086400,555370.625,555506.1875
Q2 Cartesian spatial + curriculum,58137600,555251.1875,554719.6666666666
Q2 Cartesian spatial + curriculum,58188800,553537.1875,554713.5625
Q2 Cartesian spatial + curriculum,58240000,555352.3125,554170.5625
Q2 Cartesian spatial + curriculum,58291200,553622.1875,554167.7083333334
Q2 Cartesian spatial + curriculum,58342400,553528.625,553519.7291666666
Q2 Cartesian spatial + curriculum,58393600,553408.375,554026.125
Q2 Cartesian spatial + curriculum,58444800,555141.375,554673.1458333334
Q2 Cartesian spatial + curriculum,58496000,555469.6875,555929.625
Q2 Cartesian spatial + curriculum,58547200,557177.8125,556464.4166666666
Q2 Cartesian spatial + curriculum,58598400,556745.75,557308.4166666666
Q2 Cartesian spatial + curriculum,58649600,558001.6875,557690.2083333334
Q2 Cartesian spatial + curriculum,58700800,558323.1875,558194.5208333334
Q2 Cartesian spatial + curriculum,58752000,558258.6875,558679.0416666666
Q2 Cartesian spatial + curriculum,58803200,559455.25,559041.2708333334
Q2 Cartesian spatial + curriculum,58854400,559409.875,559329.2291666666
Q2 Cartesian spatial + curriculum,58905600,559122.5625,559505.4375
Q2 Cartesian spatial + curriculum,58956800,559983.875,559612.1458333334
Q2 Cartesian spatial + curriculum,59008000,559730.0,559989.75
Q2 Cartesian spatial + curriculum,59059200,560255.375,560070.625
Q2 Cartesian spatial + curriculum,59110400,560226.5,560166.2916666666
Q2 Cartesian spatial + curriculum,59161600,560017.0,560284.8333333334
Q2 Cartesian spatial + curriculum,59212800,560611.0,560499.6666666666
Q2 Cartesian spatial + curriculum,59264000,560871.0,560633.2708333334
Q2 Cartesian spatial + curriculum,59315200,560417.8125,560607.0625
Q2 Cartesian spatial + curriculum,59366400,560532.375,560811.3958333334
Q2 Cartesian spatial + curriculum,59417600,561484.0,561391.5416666666
Q2 Cartesian spatial + curriculum,59468800,562158.25,561545.2708333334
Q2 Cartesian spatial + curriculum,59520000,560993.5625,561171.3958333334
Q2 Cartesian spatial + curriculum,59571200,560362.375,560834.1458333334
Q2 Cartesian spatial + curriculum,59622400,561146.5,561383.5833333334
Q2 Cartesian spatial + curriculum,59673600,562641.875,561588.0416666666
Q2 Cartesian spatial + curriculum,59724800,560975.75,561461.875
Q2 Cartesian spatial + curriculum,59776000,560768.0,561306.3541666666
Q2 Cartesian spatial + curriculum,59827200,562175.3125,561891.2708333334
Q2 Cartesian spatial + curriculum,59878400,562730.5,562202.2291666666
Q2 Cartesian spatial + curriculum,59929600,561700.875,562402.8541666666
Q2 Cartesian spatial + curriculum,59980800,562777.1875,562047.5833333334
Q2 Cartesian spatial + curriculum,60032000,561664.6875,562168.5833333334
Q2 Cartesian spatial + curriculum,60083200,562063.875,561852.3125
Q2 Cartesian spatial + curriculum,60134400,561828.375,561310.3958333334
Q2 Cartesian spatial + curriculum,60185600,560038.9375,560142.5208333334
Q2 Cartesian spatial + curriculum,60236800,558560.25,559180.5625
Q2 Cartesian spatial + curriculum,60288000,558942.5,558372.6041666666
Q2 Cartesian spatial + curriculum,60339200,557615.0625,557847.3125
Q2 Cartesian spatial + curriculum,60390400,556984.375,557592.9583333334
Q2 Cartesian spatial + curriculum,60441600,558179.4375,557858.25
Q2 Cartesian spatial + curriculum,60492800,558410.9375,558479.6666666666
Q2 Cartesian spatial + curriculum,60544000,558848.625,557658.3958333334
Q2 Cartesian spatial + curriculum,60595200,555715.625,556968.1666666666
Q2 Cartesian spatial + curriculum,60646400,556340.25,555866.2083333334
Q2 Cartesian spatial + curriculum,60697600,555542.75,556917.625
Q2 Cartesian spatial + curriculum,60748800,558869.875,558289.75
Q2 Cartesian spatial + curriculum,60800000,560456.625,560096.8541666666
Q2 Cartesian spatial + curriculum,60851200,560964.0625,560907.9375
Q2 Cartesian spatial + curriculum,60902400,561303.125,560724.3541666666
Q2 Cartesian spatial + curriculum,60953600,559905.875,560693.4583333334
Q2 Cartesian spatial + curriculum,61004800,560871.375,559723.2708333334
Q2 Cartesian spatial + curriculum,61056000,558392.5625,559066.8125
Q2 Cartesian spatial + curriculum,61107200,557936.5,557796.9375
Q2 Cartesian spatial + curriculum,61158400,557061.75,557896.1041666666
Q2 Cartesian spatial + curriculum,61209600,558690.0625,558123.2916666666
Q2 Cartesian spatial + curriculum,61260800,558618.0625,558222.6041666666
Q2 Cartesian spatial + curriculum,61312000,557359.6875,557812.3125
Q2 Cartesian spatial + curriculum,61363200,557459.1875,557289.8958333334
Q2 Cartesian spatial + curriculum,61414400,557050.8125,557761.75
Q2 Cartesian spatial + curriculum,61465600,558775.25,557476.0208333334
Q2 Cartesian spatial + curriculum,61516800,556602.0,556901.5
Q2 Cartesian spatial + curriculum,61568000,555327.25,555832.1458333334
Q2 Cartesian spatial + curriculum,61619200,555567.1875,555747.875
Q2 Cartesian spatial + curriculum,61670400,556349.1875,556736.7916666666
Q2 Cartesian spatial + curriculum,61721600,558294.0,557594.75
Q2 Cartesian spatial + curriculum,61772800,558141.0625,558664.5
Q2 Cartesian spatial + curriculum,61824000,559558.4375,559154.6666666666
Q2 Cartesian spatial + curriculum,61875200,559764.5,559355.1875
Q2 Cartesian spatial + curriculum,61926400,558742.625,559418.8541666666
Q2 Cartesian spatial + curriculum,61977600,559749.4375,558766.6875
Q2 Cartesian spatial + curriculum,62028800,557808.0,558927.3125
Q2 Cartesian spatial + curriculum,62080000,559224.5,558253.0208333334
Q2 Cartesian spatial + curriculum,62131200,557726.5625,557887.1458333334
Q2 Cartesian spatial + curriculum,62182400,556710.375,557589.5416666666
Q2 Cartesian spatial + curriculum,62233600,558331.6875,557487.5
Q2 Cartesian spatial + curriculum,62284800,557420.4375,557200.0
Q2 Cartesian spatial + curriculum,62336000,555847.875,556729.0625
Q2 Cartesian spatial + curriculum,62387200,556918.875,556327.5208333334
Q2 Cartesian spatial + curriculum,62438400,556215.8125,555908.3125
Q2 Cartesian spatial + curriculum,62489600,554590.25,555322.7083333334
Q2 Cartesian spatial + curriculum,62540800,555162.0625,555640.0833333334
Q2 Cartesian spatial + curriculum,62592000,557167.9375,556986.7708333334
Q2 Cartesian spatial + curriculum,62643200,558630.3125,558267.7708333334
Q2 Cartesian spatial + curriculum,62694400,559005.0625,559435.5625
Q2 Cartesian spatial + curriculum,62745600,560671.3125,559647.1041666666
Q2 Cartesian spatial + curriculum,62796800,559264.9375,560132.5416666666
Q2 Cartesian spatial + curriculum,62848000,560461.375,559524.4375
Q2 Cartesian spatial + curriculum,62899200,558847.0,559714.9583333334
Q2 Cartesian spatial + curriculum,62950400,559836.5,559708.8125
Q2 Cartesian spatial + curriculum,63001600,560442.9375,560315.4583333334
Q2 Cartesian spatial + curriculum,63052800,560666.9375,560222.4583333334
Q2 Cartesian spatial + curriculum,63104000,559557.5,560224.7291666666
Q2 Cartesian spatial + curriculum,63155200,560449.75,560072.1041666666
Q2 Cartesian spatial + curriculum,63206400,560209.0625,560651.0416666666
Q2 Cartesian spatial + curriculum,63257600,561294.3125,561087.5625
Q2 Cartesian spatial + curriculum,63308800,561759.3125,562145.2916666666
Q2 Cartesian spatial + curriculum,63360000,563382.25,562567.9583333334
Q2 Cartesian spatial + curriculum,63411200,562562.3125,563351.75
Q2 Cartesian spatial + curriculum,63462400,564110.6875,563260.7083333334
Q2 Cartesian spatial + curriculum,63513600,563109.125,563282.2916666666
Q2 Cartesian spatial + curriculum,63564800,562627.0625,562847.125
Q2 Cartesian spatial + curriculum,63616000,562805.1875,563184.0416666666
Q2 Cartesian spatial + curriculum,63667200,564119.875,563156.7291666666
Q2 Cartesian spatial + curriculum,63718400,562545.125,563044.2916666666
Q2 Cartesian spatial + curriculum,63769600,562467.875,562301.625
Q2 Cartesian spatial + curriculum,63820800,561891.875,562276.7916666666
Q2 Cartesian spatial + curriculum,63872000,562470.625,561663.3958333334
Q2 Cartesian spatial + curriculum,63923200,560627.6875,560898.2708333334
Q2 Cartesian spatial + curriculum,63974400,559596.5,559720.2083333334
Q2 Cartesian spatial + curriculum,64025600,558936.4375,558797.7083333334
Q2 Cartesian spatial + curriculum,64076800,557860.1875,558058.1666666666
Q2 Cartesian spatial + curriculum,64128000,557377.875,557658.2708333334
Q2 Cartesian spatial + curriculum,64179200,557736.75,557742.9791666666
Q2 Cartesian spatial + curriculum,64230400,558114.3125,558219.8333333334
Q2 Cartesian spatial + curriculum,64281600,558808.4375,558303.9791666666
Q2 Cartesian spatial + curriculum,64332800,557989.1875,558174.4583333334
Q2 Cartesian spatial + curriculum,64384000,557725.75,558200.4791666666
Q2 Cartesian spatial + curriculum,64435200,558886.5,558836.8333333334
Q2 Cartesian spatial + curriculum,64486400,559898.25,559682.2708333334
Q2 Cartesian spatial + curriculum,64537600,560262.0625,560236.875
Q2 Cartesian spatial + curriculum,64588800,560550.3125,560788.125
Q2 Cartesian spatial + curriculum,64640000,561552.0,561273.8958333334
Q2 Cartesian spatial + curriculum,64691200,561719.375,561653.6458333334
Q2 Cartesian spatial + curriculum,64742400,561689.5625,561295.8958333334
Q2 Cartesian spatial + curriculum,64793600,560478.75,560725.875
Q2 Cartesian spatial + curriculum,64844800,560009.3125,559668.2708333334
Q2 Cartesian spatial + curriculum,64896000,558516.75,559134.0833333334
Q2 Cartesian spatial + curriculum,64947200,558876.1875,558774.1666666666
Q2 Cartesian spatial + curriculum,64998400,558929.5625,558654.7291666666
Q2 Cartesian spatial + curriculum,65049600,558158.4375,559053.0416666666
Q2 Cartesian spatial + curriculum,65100800,560071.125,559101.7291666666
Q2 Cartesian spatial + curriculum,65152000,559075.625,559663.4791666666
Q2 Cartesian spatial + curriculum,65203200,559843.6875,559194.75
Q2 Cartesian spatial + curriculum,65254400,558664.9375,559225.375
Q2 Cartesian spatial + curriculum,65305600,559167.5,558594.7083333334
Q2 Cartesian spatial + curriculum,65356800,557951.6875,558370.9583333334
Q2 Cartesian spatial + curriculum,65408000,557993.6875,557991.5416666666
Q2 Cartesian spatial + curriculum,65459200,558029.25,558447.8541666666
Q2 Cartesian spatial + curriculum,65510400,559320.625,558841.2708333334
Q2 Cartesian spatial + curriculum,65561600,559173.9375,559232.0
Q2 Cartesian spatial + curriculum,65612800,559201.4375,559457.3125
Q2 Cartesian spatial + curriculum,65664000,559996.5625,559705.6875
Q2 Cartesian spatial + curriculum,65715200,559919.0625,559844.8125
Q2 Cartesian spatial + curriculum,65766400,559618.8125,559700.0833333334
Q2 Cartesian spatial + curriculum,65817600,559562.375,559459.6875
Q2 Cartesian spatial + curriculum,65868800,559197.875,559030.2916666666
Q2 Cartesian spatial + curriculum,65920000,558330.625,558858.7291666666
Q2 Cartesian spatial + curriculum,65971200,559047.6875,559732.5208333334
Q2 Cartesian spatial + curriculum,66022400,561819.25,560519.2916666666
Q2 Cartesian spatial + curriculum,66073600,560690.9375,561100.0
Q2 Cartesian spatial + curriculum,66124800,560789.8125,560857.9375
Q2 Cartesian spatial + curriculum,66176000,561093.0625,560770.625
Q2 Cartesian spatial + curriculum,66227200,560429.0,560535.7708333334
Q2 Cartesian spatial + curriculum,66278400,560085.25,560266.9583333334
Q2 Cartesian spatial + curriculum,66329600,560286.625,560198.2083333334
Q2 Cartesian spatial + curriculum,66380800,560222.75,560413.1041666666
Q2 Cartesian spatial + curriculum,66432000,560729.9375,560454.5
Q2 Cartesian spatial + curriculum,66483200,560410.8125,560357.5625
Q2 Cartesian spatial + curriculum,66534400,559931.9375,560118.9791666666
Q2 Cartesian spatial + curriculum,66585600,560014.1875,560143.75
Q2 Cartesian spatial + curriculum,66636800,560485.125,560473.1041666666
Q2 Cartesian spatial + curriculum,66688000,560920.0,560359.1041666666
Q2 Cartesian spatial + curriculum,66739200,559672.1875,559819.3958333334
Q2 Cartesian spatial + curriculum,66790400,558866.0,558921.2083333334
Q2 Cartesian spatial + curriculum,66841600,558225.4375,558501.3125
Q2 Cartesian spatial + curriculum,66892800,558412.5,558623.9791666666
Q2 Cartesian spatial + curriculum,66944000,559234.0,559263.3125
Q2 Cartesian spatial + curriculum,66995200,560143.4375,559017.7291666666
Q2 Cartesian spatial + curriculum,67046400,557675.75,558594.1666666666
Q2 Cartesian spatial + curriculum,67097600,557963.3125,557812.9791666666
Q2 Cartesian spatial + curriculum,67148800,557799.875,557693.4583333334
Q2 Cartesian spatial + curriculum,67200000,557317.1875,557678.4583333334
Q2 Cartesian spatial + curriculum,67251200,557918.3125,558136.9583333334
Q2 Cartesian spatial + curriculum,67302400,559175.375,558699.5
Q2 Cartesian spatial + curriculum,67353600,559004.8125,559009.0
Q2 Cartesian spatial + curriculum,67404800,558846.8125,558764.7291666666
Q2 Cartesian spatial + curriculum,67456000,558442.5625,558810.2916666666
Q2 Cartesian spatial + curriculum,67507200,559141.5,559263.0833333334
Q2 Cartesian spatial + curriculum,67558400,560205.1875,559833.9583333334
Q2 Cartesian spatial + curriculum,67609600,560155.1875,560112.875
Q2 Cartesian spatial + curriculum,67660800,559978.25,560131.625
Q2 Cartesian spatial + curriculum,67712000,560261.4375,559837.5625
Q2 Cartesian spatial + curriculum,67763200,559273.0,559563.2291666666
Q2 Cartesian spatial + curriculum,67814400,559155.25,558992.4166666666
Q2 Cartesian spatial + curriculum,67865600,558549.0,558654.0416666666
Q2 Cartesian spatial + curriculum,67916800,558257.875,558317.9791666666
Q2 Cartesian spatial + curriculum,67968000,558147.0625,557475.2083333334
Q2 Cartesian spatial + curriculum,68019200,556020.6875,557170.25
Q2 Cartesian spatial + curriculum,68070400,557343.0,557242.6875
Q2 Cartesian spatial + curriculum,68121600,558364.375,557668.25
Q2 Cartesian spatial + curriculum,68172800,557297.375,558030.2083333334
Q2 Cartesian spatial + curriculum,68224000,558428.875,558281.0
Q2 Cartesian spatial + curriculum,68275200,559116.75,558994.6666666666
Q2 Cartesian spatial + curriculum,68326400,559438.375,559366.0416666666
Q2 Cartesian spatial + curriculum,68377600,559543.0,559954.4375
Q2 Cartesian spatial + curriculum,68428800,560881.9375,560445.0833333334
Q2 Cartesian spatial + curriculum,68480000,560910.3125,560450.8958333334
Q2 Cartesian spatial + curriculum,68531200,559560.4375,560514.6041666666
Q2 Cartesian spatial + curriculum,68582400,561073.0625,560573.2708333334
Q2 Cartesian spatial + curriculum,68633600,561086.3125,560802.9583333334
Q2 Cartesian spatial + curriculum,68684800,560249.5,560439.0208333334
Q2 Cartesian spatial + curriculum,68736000,559981.25,560578.2708333334
Q2 Cartesian spatial + curriculum,68787200,561504.0625,560995.75
Q2 Cartesian spatial + curriculum,68838400,561501.9375,561215.3958333334
Q2 Cartesian spatial + curriculum,68889600,560640.1875,561074.4791666666
Q2 Cartesian spatial + curriculum,68940800,561081.3125,560767.75
Q2 Cartesian spatial + curriculum,68992000,560581.75,561115.7291666666
Q2 Cartesian spatial + curriculum,69043200,561684.125,561400.25
Q2 Cartesian spatial + curriculum,69094400,561934.875,562258.8541666666
Q2 Cartesian spatial + curriculum,69145600,563157.5625,562879.2291666666
Q2 Cartesian spatial + curriculum,69196800,563545.25,564091.4791666666
Q2 Cartesian spatial + curriculum,69248000,565571.625,564663.875
Q2 Cartesian spatial + curriculum,69299200,564874.75,565352.9583333334
Q2 Cartesian spatial + curriculum,69350400,565612.5,565349.125
Q2 Cartesian spatial + curriculum,69401600,565560.125,565376.0208333334
Q2 Cartesian spatial + curriculum,69452800,564955.4375,564642.125
Q2 Cartesian spatial + curriculum,69504000,563410.8125,563775.5416666666
Q2 Cartesian spatial + curriculum,69555200,562960.375,563602.4791666666
Q2 Cartesian spatial + curriculum,69606400,564436.25,564729.5416666666
Q2 Cartesian spatial + curriculum,69657600,566792.0,565471.875
Q2 Cartesian spatial + curriculum,69708800,565187.375,565942.9375
Q2 Cartesian spatial + curriculum,69760000,565849.4375,565466.3541666666
Q2 Cartesian spatial + curriculum,69811200,565362.25,565153.4166666666
Q2 Cartesian spatial + curriculum,69862400,564248.5625,564647.4375
Q2 Cartesian spatial + curriculum,69913600,564331.5,563765.6041666666
Q2 Cartesian spatial + curriculum,69964800,562716.75,562861.8958333334
Q2 Cartesian spatial + curriculum,70016000,561537.4375,562287.7708333334
Q2 Cartesian spatial + curriculum,70067200,562609.125,562070.6041666666
Q2 Cartesian spatial + curriculum,70118400,562065.25,562194.9791666666
Q2 Cartesian spatial + curriculum,70169600,561910.5625,561833.2916666666
Q2 Cartesian spatial + curriculum,70220800,561524.0625,561401.5416666666
Q2 Cartesian spatial + curriculum,70272000,560770.0,561069.375
Q2 Cartesian spatial + curriculum,70323200,560914.0625,560799.9791666666
Q2 Cartesian spatial + curriculum,70374400,560715.875,560471.1041666666
Q2 Cartesian spatial + curriculum,70425600,559783.375,560366.5
Q2 Cartesian spatial + curriculum,70476800,560600.25,560055.5416666666
Q2 Cartesian spatial + curriculum,70528000,559783.0,560204.0416666666
Q2 Cartesian spatial + curriculum,70579200,560228.875,559696.8333333334
Q2 Cartesian spatial + curriculum,70630400,559078.625,559390.6041666666
Q2 Cartesian spatial + curriculum,70681600,558864.3125,559616.8958333334
Q2 Cartesian spatial + curriculum,70732800,560907.75,559707.6458333334
Q2 Cartesian spatial + curriculum,70784000,559350.875,560043.1041666666
Q2 Cartesian spatial + curriculum,70835200,559870.6875,559428.7083333334
Q2 Cartesian spatial + curriculum,70886400,559064.5625,559341.4791666666
Q2 Cartesian spatial + curriculum,70937600,559089.1875,558901.0625
Q2 Cartesian spatial + curriculum,70988800,558549.4375,558449.2708333334
Q2 Cartesian spatial + curriculum,71040000,557709.1875,558205.375
Q2 Cartesian spatial + curriculum,71091200,558357.5,557743.0208333334
Q2 Cartesian spatial + curriculum,71142400,557162.375,556818.3125
Q2 Cartesian spatial + curriculum,71193600,554935.0625,555731.3333333334
Q2 Cartesian spatial + curriculum,71244800,555096.5625,554895.5625
Q2 Cartesian spatial + curriculum,71296000,554655.0625,555132.0
Q2 Cartesian spatial + curriculum,71347200,555644.375,554847.7083333334
Q2 Cartesian spatial + curriculum,71398400,554243.6875,554862.7916666666
Q2 Cartesian spatial + curriculum,71449600,554700.3125,554949.8958333334
Q2 Cartesian spatial + curriculum,71500800,555905.6875,555481.7083333334
Q2 Cartesian spatial + curriculum,71552000,555839.125,556507.0833333334
Q2 Cartesian spatial + curriculum,71603200,557776.4375,557126.5416666666
Q2 Cartesian spatial + curriculum,71654400,557764.0625,557636.25
Q2 Cartesian spatial + curriculum,71705600,557368.25,556685.3958333334
Q2 Cartesian spatial + curriculum,71756800,554923.875,555745.0625
Q2 Cartesian spatial + curriculum,71808000,554943.0625,554904.1875
Q2 Cartesian spatial + curriculum,71859200,554845.625,555204.7291666666
Q2 Cartesian spatial + curriculum,71910400,555825.5,554564.2291666666
Q2 Cartesian spatial + curriculum,71961600,553021.5625,554076.4583333334
Q2 Cartesian spatial + curriculum,72012800,553382.3125,552890.4166666666
Q2 Cartesian spatial + curriculum,72064000,552267.375,552370.7291666666
Q2 Cartesian spatial + curriculum,72115200,551462.5,551279.1875
Q2 Cartesian spatial + curriculum,72166400,550107.6875,550163.0
Q2 Cartesian spatial + curriculum,72217600,548918.8125,549003.2083333334
Q2 Cartesian spatial + curriculum,72268800,547983.125,548203.0416666666
Q2 Cartesian spatial + curriculum,72320000,547707.1875,547570.2708333334
Q2 Cartesian spatial + curriculum,72371200,547020.5,546678.0625
Q2 Cartesian spatial + curriculum,72422400,545306.5,546202.125
Q2 Cartesian spatial + curriculum,72473600,546279.375,545193.9166666666
Q2 Cartesian spatial + curriculum,72524800,543995.875,545680.5208333334
Q2 Cartesian spatial + curriculum,72576000,546766.3125,545588.4583333334
Q2 Cartesian spatial + curriculum,72627200,546003.1875,546601.5833333334
Q2 Cartesian spatial + curriculum,72678400,547035.25,547569.8125
Q2 Cartesian spatial + curriculum,72729600,549671.0,548707.7916666666
Q2 Cartesian spatial + curriculum,72780800,549417.125,549182.3333333334
Q2 Cartesian spatial + curriculum,72832000,548458.875,549599.7708333334
Q2 Cartesian spatial + curriculum,72883200,550923.3125,550790.6875
Q2 Cartesian spatial + curriculum,72934400,552989.875,552739.0416666666
Q2 Cartesian spatial + curriculum,72985600,554303.9375,554209.3541666666
Q2 Cartesian spatial + curriculum,73036800,555334.25,555079.3125
Q2 Cartesian spatial + curriculum,73088000,555599.75,555571.875
Q2 Cartesian spatial + curriculum,73139200,555781.625,555558.6666666666
Q2 Cartesian spatial + curriculum,73190400,555294.625,555335.875
Q2 Cartesian spatial + curriculum,73241600,554931.375,555447.2916666666
Q2 Cartesian spatial + curriculum,73292800,556115.875,555439.5
Q2 Cartesian spatial + curriculum,73344000,555271.25,555054.5416666666
Q2 Cartesian spatial + curriculum,73395200,553776.5,554200.375
Q2 Cartesian spatial + curriculum,73446400,553553.375,553674.3125
Q2 Cartesian spatial + curriculum,73497600,553693.0625,553418.4166666666
Q2 Cartesian spatial + curriculum,73548800,553008.8125,553472.2291666666
Q2 Cartesian spatial + curriculum,73600000,553714.8125,553676.7083333334
Q2 Cartesian spatial + curriculum,73651200,554306.5,554419.4791666666
Q2 Cartesian spatial + curriculum,73702400,555237.125,554458.4583333334
Q2 Cartesian spatial + curriculum,73753600,553831.75,554159.6458333334
Q2 Cartesian spatial + curriculum,73804800,553410.0625,553249.6458333334
Q2 Cartesian spatial + curriculum,73856000,552507.125,552799.3541666666
Q2 Cartesian spatial + curriculum,73907200,552480.875,552410.6458333334
Q2 Cartesian spatial + curriculum,73958400,552243.9375,552037.5208333334
Q2 Cartesian spatial + curriculum,74009600,551387.75,551944.7708333334
Q2 Cartesian spatial + curriculum,74060800,552202.625,551725.6458333334
Q2 Cartesian spatial + curriculum,74112000,551586.5625,552292.7291666666
Q2 Cartesian spatial + curriculum,74163200,553089.0,553176.25
Q2 Cartesian spatial + curriculum,74214400,554853.1875,554067.9791666666
Q2 Cartesian spatial + curriculum,74265600,554261.75,554190.5
Q2 Cartesian spatial + curriculum,74316800,553456.5625,553494.6041666666
Q2 Cartesian spatial + curriculum,74368000,552765.5,553469.5
Q2 Cartesian spatial + curriculum,74419200,554186.4375,553836.5833333334
Q2 Cartesian spatial + curriculum,74470400,554557.8125,555126.4375
Q2 Cartesian spatial + curriculum,74521600,556635.0625,556166.1666666666
Q2 Cartesian spatial + curriculum,74572800,557305.625,557621.3125
Q2 Cartesian spatial + curriculum,74624000,558923.25,558616.1875
Q2 Cartesian spatial + curriculum,74675200,559619.6875,559398.625
Q2 Cartesian spatial + curriculum,74726400,559652.9375,559662.5416666666
Q2 Cartesian spatial + curriculum,74777600,559715.0,559462.25
Q2 Cartesian spatial + curriculum,74828800,559018.8125,559350.6875
Q2 Cartesian spatial + curriculum,74880000,559318.25,559181.0625
Q2 Cartesian spatial + curriculum,74931200,559206.125,559205.8125
Q2 Cartesian spatial + curriculum,74982400,559093.0625,559240.1666666666
Q2 Cartesian spatial + curriculum,75033600,559421.3125,558946.5833333334
Q2 Cartesian spatial + curriculum,75084800,558325.375,558792.8333333334
Q2 Cartesian spatial + curriculum,75136000,558631.8125,558094.6458333334
Q2 Cartesian spatial + curriculum,75187200,557326.75,557933.1875
Q2 Cartesian spatial + curriculum,75238400,557841.0,557887.9583333334
Q2 Cartesian spatial + curriculum,75289600,558496.125,558210.9166666666
Q2 Cartesian spatial + curriculum,75340800,558295.625,558063.125
Q2 Cartesian spatial + curriculum,75392000,557397.625,557498.7083333334
Q2 Cartesian spatial + curriculum,75443200,556802.875,556936.2083333334
Q2 Cartesian spatial + curriculum,75494400,556608.125,557097.1875
Q2 Cartesian spatial + curriculum,75545600,557880.5625,557368.5625
Q2 Cartesian spatial + curriculum,75596800,557617.0,557922.5
Q2 Cartesian spatial + curriculum,75648000,558269.9375,558630.9166666666
Q2 Cartesian spatial + curriculum,75699200,560005.8125,559290.2916666666
Q2 Cartesian spatial + curriculum,75750400,559595.125,559959.6875
Q2 Cartesian spatial + curriculum,75801600,560278.125,560220.0625
Q2 Cartesian spatial + curriculum,75852800,560786.9375,561304.2083333334
Q2 Cartesian spatial + curriculum,75904000,562847.5625,562154.2291666666
Q2 Cartesian spatial + curriculum,75955200,562828.1875,562662.0
Q2 Cartesian spatial + curriculum,76006400,562310.25,562701.375
Q2 Cartesian spatial + curriculum,76057600,562965.6875,562927.2916666666
Q2 Cartesian spatial + curriculum,76108800,563505.9375,563444.7291666666
Q2 Cartesian spatial + curriculum,76160000,563862.5625,563859.0625
Q2 Cartesian spatial + curriculum,76211200,564208.6875,564208.0
Q2 Cartesian spatial + curriculum,76262400,564552.75,564600.5625
Q2 Cartesian spatial + curriculum,76313600,565040.25,564759.1458333334
Q2 Cartesian spatial + curriculum,76364800,564684.4375,564535.125
Q2 Cartesian spatial + curriculum,76416000,563880.6875,564513.4791666666
Q2 Cartesian spatial + curriculum,76467200,564975.3125,564476.3125
Q2 Cartesian spatial + curriculum,76518400,564572.9375,564706.1458333334
Q2 Cartesian spatial + curriculum,76569600,564570.1875,564436.5625
Q2 Cartesian spatial + curriculum,76620800,564166.5625,564053.2708333334
Q2 Cartesian spatial + curriculum,76672000,563423.0625,563545.3958333334
Q2 Cartesian spatial + curriculum,76723200,563046.5625,562817.5208333334
Q2 Cartesian spatial + curriculum,76774400,561982.9375,562394.4791666666
Q2 Cartesian spatial + curriculum,76825600,562153.9375,562052.375
Q2 Cartesian spatial + curriculum,76876800,562020.25,562031.0
Q2 Cartesian spatial + curriculum,76928000,561918.8125,561646.9583333334
Q2 Cartesian spatial + curriculum,76979200,561001.8125,561585.0208333334
Q2 Cartesian spatial + curriculum,77030400,561834.4375,561291.9791666666
Q2 Cartesian spatial + curriculum,77081600,561039.6875,560681.8541666666
Q2 Cartesian spatial + curriculum,77132800,559171.4375,559605.7291666666
Q2 Cartesian spatial + curriculum,77184000,558606.0625,558697.6041666666
Q2 Cartesian spatial + curriculum,77235200,558315.3125,559077.75
Q2 Cartesian spatial + curriculum,77286400,560311.875,559320.2083333334
Q2 Cartesian spatial + curriculum,77337600,559333.4375,560062.8541666666
Q2 Cartesian spatial + curriculum,77388800,560543.25,560678.0208333334
Q2 Cartesian spatial + curriculum,77440000,562157.375,561065.6458333334
Q2 Cartesian spatial + curriculum,77491200,560496.3125,560756.5416666666
Q2 Cartesian spatial + curriculum,77542400,559615.9375,560017.625
Q2 Cartesian spatial + curriculum,77593600,559940.625,559998.4166666666
Q2 Cartesian spatial + curriculum,77644800,560438.6875,560002.6458333334
Q2 Cartesian spatial + curriculum,77696000,559628.625,559988.0208333334
Q2 Cartesian spatial + curriculum,77747200,559896.75,560173.125
Q2 Cartesian spatial + curriculum,77798400,560994.0,560644.3958333334
Q2 Cartesian spatial + curriculum,77849600,561042.4375,561304.0625
Q2 Cartesian spatial + curriculum,77900800,561875.75,562001.5833333334
Q2 Cartesian spatial + curriculum,77952000,563086.5625,562350.3541666666
Q2 Cartesian spatial + curriculum,78003200,562088.75,563156.5416666666
Q2 Cartesian spatial + curriculum,78054400,564294.3125,563699.4166666666
Q2 Cartesian spatial + curriculum,78105600,564715.1875,564718.6041666666
Q2 Cartesian spatial + curriculum,78156800,565146.3125,564742.3541666666
Q2 Cartesian spatial + curriculum,78208000,564365.5625,564537.0833333334
Q2 Cartesian spatial + curriculum,78259200,564099.375,563964.8125
Q2 Cartesian spatial + curriculum,78310400,563429.5,563790.0833333334
Q2 Cartesian spatial + curriculum,78361600,563841.375,563725.9166666666
Q2 Cartesian spatial + curriculum,78412800,563906.875,563450.3333333334
Q2 Cartesian spatial + curriculum,78464000,562602.75,563646.4375
Q2 Cartesian spatial + curriculum,78515200,564429.6875,563459.1875
Q2 Cartesian spatial + curriculum,78566400,563345.125,563276.8958333334
Q2 Cartesian spatial + curriculum,78617600,562055.875,562736.5625
Q2 Cartesian spatial + curriculum,78668800,562808.6875,562931.6458333334
Q2 Cartesian spatial + curriculum,78720000,563930.375,563204.4583333334
Q2 Cartesian spatial + curriculum,78771200,562874.3125,562934.8541666666
Q2 Cartesian spatial + curriculum,78822400,561999.875,562806.125
Q2 Cartesian spatial + curriculum,78873600,563544.1875,563097.3333333334
Q2 Cartesian spatial + curriculum,78924800,563747.9375,563928.7291666666
Q2 Cartesian spatial + curriculum,78976000,564494.0625,563829.5833333334
Q2 Cartesian spatial + curriculum,79027200,563246.75,563515.5833333334
Q2 Cartesian spatial + curriculum,79078400,562805.9375,563060.6458333334
Q2 Cartesian spatial + curriculum,79129600,563129.25,563308.2708333334
Q2 Cartesian spatial + curriculum,79180800,563989.625,563360.5625
Q2 Cartesian spatial + curriculum,79232000,562962.8125,563149.6666666666
Q2 Cartesian spatial + curriculum,79283200,562496.5625,562619.25
Q2 Cartesian spatial + curriculum,79334400,562398.375,562483.0208333334
Q2 Cartesian spatial + curriculum,79385600,562554.125,562532.4791666666
Q2 Cartesian spatial + curriculum,79436800,562644.9375,563030.9166666666
Q2 Cartesian spatial + curriculum,79488000,563893.6875,563090.5
Q2 Cartesian spatial + curriculum,79539200,562732.875,562765.0833333334
Q2 Cartesian spatial + curriculum,79590400,561668.6875,562376.0833333334
Q2 Cartesian spatial + curriculum,79641600,562726.6875,562176.3958333334
Q2 Cartesian spatial + curriculum,79692800,562133.8125,562571.0
Q2 Cartesian spatial + curriculum,79744000,562852.5,562421.375
Q2 Cartesian spatial + curriculum,79795200,562277.8125,562645.25
Q2 Cartesian spatial + curriculum,79846400,562805.4375,562189.6041666666
Q2 Cartesian spatial + curriculum,79897600,561485.5625,561602.0416666666
Q2 Cartesian spatial + curriculum,79948800,560515.125,560114.4583333334
Q2 Cartesian spatial + curriculum,80000000,558342.6875,559310.5833333334
Q2 Cartesian spatial + curriculum,80051200,559073.9375,559247.2708333334
Q2 Cartesian spatial + curriculum,80102400,560325.1875,560124.75
Q2 Cartesian spatial + curriculum,80153600,560975.125,560415.4166666666
Q2 Cartesian spatial + curriculum,80204800,559945.9375,560393.8125
Q2 Cartesian spatial + curriculum,80256000,560260.375,559840.7708333334
Q2 Cartesian spatial + curriculum,80307200,559316.0,560010.9166666666
Q2 Cartesian spatial + curriculum,80358400,560456.375,559747.875
Q2 Cartesian spatial + curriculum,80409600,559471.25,559998.6875
Q2 Cartesian spatial + curriculum,80460800,560068.4375,559707.2916666666
Q2 Cartesian spatial + curriculum,80512000,559582.1875,559580.375
Q2 Cartesian spatial + curriculum,80563200,559090.5,558793.9583333334
Q2 Cartesian spatial + curriculum,80614400,557709.1875,558176.8333333334
Q2 Cartesian spatial + curriculum,80665600,557730.8125,557756.875
Q2 Cartesian spatial + curriculum,80716800,557830.625,558445.9791666666
Q2 Cartesian spatial + curriculum,80768000,559776.5,559103.8958333334
Q2 Cartesian spatial + curriculum,80819200,559704.5625,559880.875
Q2 Cartesian spatial + curriculum,80870400,560161.5625,559987.2708333334
Q2 Cartesian spatial + curriculum,80921600,560095.6875,560425.9791666666
Q2 Cartesian spatial + curriculum,80972800,561020.6875,560884.4375
Q2 Cartesian spatial + curriculum,81024000,561536.9375,561110.75
Q2 Cartesian spatial + curriculum,81075200,560774.625,561642.25
Q2 Cartesian spatial + curriculum,81126400,562615.1875,561622.7291666666
Q2 Cartesian spatial + curriculum,81177600,561478.375,562449.3958333334
Q2 Cartesian spatial + curriculum,81228800,563254.625,562918.9166666666
Q2 Cartesian spatial + curriculum,81280000,564023.75,563372.4166666666
Q2 Cartesian spatial + curriculum,81331200,562838.875,563012.0208333334
Q2 Cartesian spatial + curriculum,81382400,562173.4375,562584.7916666666
Q2 Cartesian spatial + curriculum,81433600,562742.0625,561655.9375
Q2 Cartesian spatial + curriculum,81484800,560052.3125,561532.75
Q2 Cartesian spatial + curriculum,81536000,561803.875,561092.2291666666
Q2 Cartesian spatial + curriculum,81587200,561420.5,561803.1875
Q2 Cartesian spatial + curriculum,81638400,562185.1875,562006.9375
Q2 Cartesian spatial + curriculum,81689600,562415.125,562164.6041666666
Q2 Cartesian spatial + curriculum,81740800,561893.5,561736.6458333334
Q2 Cartesian spatial + curriculum,81792000,560901.3125,561120.8958333334
Q2 Cartesian spatial + curriculum,81843200,560567.875,560468.3958333334
Q2 Cartesian spatial + curriculum,81894400,559936.0,559766.4791666666
Q2 Cartesian spatial + curriculum,81945600,558795.5625,559211.0416666666
Q2 Cartesian spatial + curriculum,81996800,558901.5625,559193.1875
Q2 Cartesian spatial + curriculum,82048000,559882.4375,559909.25
Q2 Cartesian spatial + curriculum,82099200,560943.75,560438.1875
Q2 Cartesian spatial + curriculum,82150400,560488.375,561187.2916666666
Q2 Cartesian spatial + curriculum,82201600,562129.75,561231.5625
Q2 Cartesian spatial + curriculum,82252800,561076.5625,561406.6458333334
Q2 Cartesian spatial + curriculum,82304000,561013.625,560743.2083333334
Q2 Cartesian spatial + curriculum,82355200,560139.4375,560439.3958333334
Q2 Cartesian spatial + curriculum,82406400,560165.125,560289.9791666666
Q2 Cartesian spatial + curriculum,82457600,560565.375,559928.9583333334
Q2 Cartesian spatial + curriculum,82508800,559056.375,560069.5833333334
Q2 Cartesian spatial + curriculum,82560000,560587.0,559342.1041666666
Q2 Cartesian spatial + curriculum,82611200,558382.9375,559204.3541666666
Q2 Cartesian spatial + curriculum,82662400,558643.125,558707.7916666666
Q2 Cartesian spatial + curriculum,82713600,559097.3125,559032.0208333334
Q2 Cartesian spatial + curriculum,82764800,559355.625,559707.7083333334
Q2 Cartesian spatial + curriculum,82816000,560670.1875,559850.3125
Q2 Cartesian spatial + curriculum,82867200,559525.125,559909.1458333334
Q2 Cartesian spatial + curriculum,82918400,559532.125,558996.5625
Q2 Cartesian spatial + curriculum,82969600,557932.4375,558338.5833333334
Q2 Cartesian spatial + curriculum,83020800,557551.1875,557618.1875
Q2 Cartesian spatial + curriculum,83072000,557370.9375,557493.4791666666
Q2 Cartesian spatial + curriculum,83123200,557558.3125,557152.375
Q2 Cartesian spatial + curriculum,83174400,556527.875,556665.875
Q2 Cartesian spatial + curriculum,83225600,555911.4375,556121.375
Q2 Cartesian spatial + curriculum,83276800,555924.8125,555515.9791666666
Q2 Cartesian spatial + curriculum,83328000,554711.6875,555895.1041666666
Q2 Cartesian spatial + curriculum,83379200,557048.8125,556540.4583333334
Q2 Cartesian spatial + curriculum,83430400,557860.875,557698.3541666666
Q2 Cartesian spatial + curriculum,83481600,558185.375,558689.3541666666
Q2 Cartesian spatial + curriculum,83532800,560021.8125,558854.5833333334
Q2 Cartesian spatial + curriculum,83584000,558356.5625,559214.625
Q2 Cartesian spatial + curriculum,83635200,559265.5,559332.8958333334
Q2 Cartesian spatial + curriculum,83686400,560376.625,560118.1875
Q2 Cartesian spatial + curriculum,83737600,560712.4375,561057.8125
Q2 Cartesian spatial + curriculum,83788800,562084.375,561891.25
Q2 Cartesian spatial + curriculum,83840000,562876.9375,562833.3333333334
Q2 Cartesian spatial + curriculum,83891200,563538.6875,563023.625
Q2 Cartesian spatial + curriculum,83942400,562655.25,562578.9375
Q2 Cartesian spatial + curriculum,83993600,561542.875,562068.625
Q2 Cartesian spatial + curriculum,84044800,562007.75,561691.3958333334
Q2 Cartesian spatial + curriculum,84096000,561523.5625,561950.5208333334
Q2 Cartesian spatial + curriculum,84147200,562320.25,561715.2083333334
Q2 Cartesian spatial + curriculum,84198400,561301.8125,560747.625
Q2 Cartesian spatial + curriculum,84249600,558620.8125,560144.5625
Q2 Cartesian spatial + curriculum,84300800,560511.0625,560456.75
Q2 Cartesian spatial + curriculum,84352000,562238.375,561370.4166666666
Q2 Cartesian spatial + curriculum,84403200,561361.8125,561495.4375
Q2 Cartesian spatial + curriculum,84454400,560886.125,561243.7291666666
Q2 Cartesian spatial + curriculum,84505600,561483.25,561600.3541666666
Q2 Cartesian spatial + curriculum,84556800,562431.6875,561779.875
Q2 Cartesian spatial + curriculum,84608000,561424.6875,562128.1041666666
Q2 Cartesian spatial + curriculum,84659200,562527.9375,562544.4375
Q2 Cartesian spatial + curriculum,84710400,563680.6875,563709.8958333334
Q2 Cartesian spatial + curriculum,84761600,564921.0625,564292.4166666666
Q2 Cartesian spatial + curriculum,84812800,564275.5,564877.0625
Q2 Cartesian spatial + curriculum,84864000,565434.625,565361.625
Q2 Cartesian spatial + curriculum,84915200,566374.75,565732.2291666666
Q2 Cartesian spatial + curriculum,84966400,565387.3125,565507.375
Q2 Cartesian spatial + curriculum,85017600,564760.0625,565016.5625
Q2 Cartesian spatial + curriculum,85068800,564902.3125,565121.3333333334
Q2 Cartesian spatial + curriculum,85120000,565701.625,565728.0208333334
Q2 Cartesian spatial + curriculum,85171200,566580.125,566127.5208333334
Q2 Cartesian spatial + curriculum,85222400,566100.8125,566912.7083333334
Q2 Cartesian spatial + curriculum,85273600,568057.1875,567385.125
Q2 Cartesian spatial + curriculum,85324800,567997.375,567635.8958333334
Q2 Cartesian spatial + curriculum,85376000,566853.125,567519.4375
Q2 Cartesian spatial + curriculum,85427200,567707.8125,567885.4791666666
Q2 Cartesian spatial + curriculum,85478400,569095.5,568496.6666666666
Q2 Cartesian spatial + curriculum,85529600,568686.6875,569071.8958333334
Q2 Cartesian spatial + curriculum,85580800,569433.5,569598.7708333334
Q2 Cartesian spatial + curriculum,85632000,570676.125,570556.9166666666
Q2 Cartesian spatial + curriculum,85683200,571561.125,570895.7916666666
Q2 Cartesian spatial + curriculum,85734400,570450.125,570895.9583333334
Q2 Cartesian spatial + curriculum,85785600,570676.625,570324.6666666666
Q2 Cartesian spatial + curriculum,85836800,569847.25,570176.7708333334
Q2 Cartesian spatial + curriculum,85888000,570006.4375,570369.0833333334
Q2 Cartesian spatial + curriculum,85939200,571253.5625,570089.6666666666
Q2 Cartesian spatial + curriculum,85990400,569009.0,569737.4791666666
Q2 Cartesian spatial + curriculum,86041600,568949.875,569231.2916666666
Q2 Cartesian spatial + curriculum,86092800,569735.0,569359.9166666666
Q2 Cartesian spatial + curriculum,86144000,569394.875,569749.6458333334
Q2 Cartesian spatial + curriculum,86195200,570119.0625,570120.6875
Q2 Cartesian spatial + curriculum,86246400,570848.125,570095.7708333334
Q2 Cartesian spatial + curriculum,86297600,569320.125,569739.5625
Q2 Cartesian spatial + curriculum,86348800,569050.4375,569251.2916666666
Q2 Cartesian spatial + curriculum,86400000,569383.3125,569146.9166666666
Q2 Cartesian spatial + curriculum,86451200,569007.0,569096.6458333334
Q2 Cartesian spatial + curriculum,86502400,568899.625,568865.75
Q2 Cartesian spatial + curriculum,86553600,568690.625,568810.125
Q2 Cartesian spatial + curriculum,86604800,568840.125,568607.1041666666
Q2 Cartesian spatial + curriculum,86656000,568290.5625,568713.3541666666
Q2 Cartesian spatial + curriculum,86707200,569009.375,568413.625
Q2 Cartesian spatial + curriculum,86758400,567940.9375,568519.2916666666
Q2 Cartesian spatial + curriculum,86809600,568607.5625,568423.7916666666
Q2 Cartesian spatial + curriculum,86860800,568722.875,568828.3958333334
Q2 Cartesian spatial + curriculum,86912000,569154.75,568999.875
Q2 Cartesian spatial + curriculum,86963200,569122.0,569504.3541666666
Q2 Cartesian spatial + curriculum,87014400,570236.3125,570008.7083333334
Q2 Cartesian spatial + curriculum,87065600,570667.8125,570513.75
Q2 Cartesian spatial + curriculum,87116800,570637.125,570723.9791666666
Q2 Cartesian spatial + curriculum,87168000,570867.0,570163.9791666666
Q2 Cartesian spatial + curriculum,87219200,568987.8125,569098.1666666666
Q2 Cartesian spatial + curriculum,87270400,567439.6875,568240.2708333334
Q2 Cartesian spatial + curriculum,87321600,568293.3125,567884.9791666666
Q2 Cartesian spatial + curriculum,87372800,567921.9375,568206.8541666666
Q2 Cartesian spatial + curriculum,87424000,568405.3125,568363.4166666666
Q2 Cartesian spatial + curriculum,87475200,568763.0,567360.5833333334
Q2 Cartesian spatial + curriculum,87526400,564913.4375,566437.9583333334
Q2 Cartesian spatial + curriculum,87577600,565637.4375,565951.4166666666
Q2 Cartesian spatial + curriculum,87628800,567303.375,566257.2708333334
Q2 Cartesian spatial + curriculum,87680000,565831.0,566310.0
Q2 Cartesian spatial + curriculum,87731200,565795.625,565788.3333333334
Q2 Cartesian spatial + curriculum,87782400,565738.375,566074.625
Q2 Cartesian spatial + curriculum,87833600,566689.875,567040.2916666666
Q2 Cartesian spatial + curriculum,87884800,568692.625,567954.2291666666
Q2 Cartesian spatial + curriculum,87936000,568480.1875,568463.5625
Q2 Cartesian spatial + curriculum,87987200,568217.875,567856.3541666666
Q2 Cartesian spatial + curriculum,88038400,566871.0,567518.2916666666
Q2 Cartesian spatial + curriculum,88089600,567466.0,567430.5833333334
Q2 Cartesian spatial + curriculum,88140800,567954.75,567221.5208333334
Q2 Cartesian spatial + curriculum,88192000,566243.8125,566740.7291666666
Q2 Cartesian spatial + curriculum,88243200,566023.625,566225.8541666666
Q2 Cartesian spatial + curriculum,88294400,566410.125,566196.75
Q2 Cartesian spatial + curriculum,88345600,566156.5,566132.0
Q2 Cartesian spatial + curriculum,88396800,565829.375,566308.5208333334
Q2 Cartesian spatial + curriculum,88448000,566939.6875,566554.5833333334
Q2 Cartesian spatial + curriculum,88499200,566894.6875,567381.7291666666
Q2 Cartesian spatial + curriculum,88550400,568310.8125,567778.6458333334
Q2 Cartesian spatial + curriculum,88601600,568130.4375,568365.0208333334
Q2 Cartesian spatial + curriculum,88652800,568653.8125,568118.1666666666
Q2 Cartesian spatial + curriculum,88704000,567570.25,568325.5416666666
Q2 Cartesian spatial + curriculum,88755200,568752.5625,568155.9166666666
Q2 Cartesian spatial + curriculum,88806400,568144.9375,568066.625
Q2 Cartesian spatial + curriculum,88857600,567302.375,567274.5
Q2 Cartesian spatial + curriculum,88908800,566376.1875,566374.3958333334
Q2 Cartesian spatial + curriculum,88960000,565444.625,565276.0833333334
Q2 Cartesian spatial + curriculum,89011200,564007.4375,564987.1458333334
Q2 Cartesian spatial + curriculum,89062400,565509.375,564400.7708333334
Q2 Cartesian spatial + curriculum,89113600,563685.5,564278.3541666666
Q2 Cartesian spatial + curriculum,89164800,563640.1875,563627.7083333334
Q2 Cartesian spatial + curriculum,89216000,563557.4375,563769.5625
Q2 Cartesian spatial + curriculum,89267200,564111.0625,563914.0416666666
Q2 Cartesian spatial + curriculum,89318400,564073.625,564791.7291666666
Q2 Cartesian spatial + curriculum,89369600,566190.5,565558.7916666666
Q2 Cartesian spatial + curriculum,89420800,566412.25,566278.6041666666
Q2 Cartesian spatial + curriculum,89472000,566233.0625,565789.4166666666
Q2 Cartesian spatial + curriculum,89523200,564722.9375,565468.6041666666
Q2 Cartesian spatial + curriculum,89574400,565449.8125,564814.0416666666
Q2 Cartesian spatial + curriculum,89625600,564269.375,564591.375
Q2 Cartesian spatial + curriculum,89676800,564054.9375,564121.1041666666
Q2 Cartesian spatial + curriculum,89728000,564039.0,563684.8958333334
Q2 Cartesian spatial + curriculum,89779200,562960.75,563038.4583333334
Q2 Cartesian spatial + curriculum,89830400,562115.625,563284.625
Q2 Cartesian spatial + curriculum,89881600,564777.5,563583.5833333334
Q2 Cartesian spatial + curriculum,89932800,563857.625,564237.8333333334
Q2 Cartesian spatial + curriculum,89984000,564078.375,563886.1666666666
Q2 Cartesian spatial + curriculum,90035200,563722.5,563472.6458333334
Q2 Cartesian spatial + curriculum,90086400,562617.0625,563056.7083333334
Q2 Cartesian spatial + curriculum,90137600,562830.5625,563316.9166666666
Q2 Cartesian spatial + curriculum,90188800,564503.125,563825.375
Q2 Cartesian spatial + curriculum,90240000,564142.4375,564338.8125
Q2 Cartesian spatial + curriculum,90291200,564370.875,565013.0
Q2 Cartesian spatial + curriculum,90342400,566525.6875,565755.7291666666
Q2 Cartesian spatial + curriculum,90393600,566370.625,566243.8333333334
Q2 Cartesian spatial + curriculum,90444800,565835.1875,566164.1041666666
Q2 Cartesian spatial + curriculum,90496000,566286.5,566243.3541666666
Q2 Cartesian spatial + curriculum,90547200,566608.375,566661.4375
Q2 Cartesian spatial + curriculum,90598400,567089.4375,566819.0208333334
Q2 Cartesian spatial + curriculum,90649600,566759.25,566159.9375
Q2 Cartesian spatial + curriculum,90700800,564631.125,565246.6041666666
Q2 Cartesian spatial + curriculum,90752000,564349.4375,564968.375
Q2 Cartesian spatial + curriculum,90803200,565924.5625,565503.5416666666
Q2 Cartesian spatial + curriculum,90854400,566236.625,566057.5833333334
Q2 Cartesian spatial + curriculum,90905600,566011.5625,566583.125
Q2 Cartesian spatial + curriculum,90956800,567501.1875,566804.0208333334
Q2 Cartesian spatial + curriculum,91008000,566899.3125,566675.4791666666
Q2 Cartesian spatial + curriculum,91059200,565625.9375,566262.625
Q0 Polar standard + curriculum,25600,140232.125,143404.8515625
Q0 Polar standard + curriculum,76800,146577.578125,143597.25520833334
Q0 Polar standard + curriculum,128000,143982.0625,148148.36979166666
Q0 Polar standard + curriculum,179200,153885.46875,148737.42708333334
Q0 Polar standard + curriculum,230400,148344.75,152603.33854166666
Q0 Polar standard + curriculum,281600,155579.796875,152544.18229166666
Q0 Polar standard + curriculum,332800,153708.0,157185.14583333334
Q0 Polar standard + curriculum,384000,162267.640625,160440.11979166666
Q0 Polar standard + curriculum,435200,165344.71875,164769.74479166666
Q0 Polar standard + curriculum,486400,166696.875,168916.609375
Q0 Polar standard + curriculum,537600,174708.234375,174798.171875
Q0 Polar standard + curriculum,588800,182989.40625,180398.859375
Q0 Polar standard + curriculum,640000,183498.9375,186293.69270833334
Q0 Polar standard + curriculum,691200,192392.734375,190732.68229166666
Q0 Polar standard + curriculum,742400,196306.375,198403.34375
Q0 Polar standard + curriculum,793600,206510.921875,204002.375
Q0 Polar standard + curriculum,844800,209189.828125,208970.453125
Q0 Polar standard + curriculum,896000,211210.609375,211900.89583333334
Q0 Polar standard + curriculum,947200,215302.25,217129.97395833334
Q0 Polar standard + curriculum,998400,224877.0625,222951.11458333334
Q0 Polar standard + curriculum,1049600,228674.03125,228022.84895833334
Q0 Polar standard + curriculum,1100800,230517.453125,232404.77083333334
Q0 Polar standard + curriculum,1152000,238022.828125,234859.35416666666
Q0 Polar standard + curriculum,1203200,236037.78125,238212.30208333334
Q0 Polar standard + curriculum,1254400,240576.296875,240298.36979166666
Q0 Polar standard + curriculum,1305600,244281.03125,247072.71354166666
Q0 Polar standard + curriculum,1356800,256360.8125,250651.04166666666
Q0 Polar standard + curriculum,1408000,251311.28125,254296.03645833334
Q0 Polar standard + curriculum,1459200,255216.015625,255546.71875
Q0 Polar standard + curriculum,1510400,260112.859375,258842.34895833334
Q0 Polar standard + curriculum,1561600,261198.171875,261339.67708333334
Q0 Polar standard + curriculum,1612800,262708.0,263790.7552083333
Q0 Polar standard + curriculum,1664000,267466.09375,265410.6875
Q0 Polar standard + curriculum,1715200,266057.96875,267502.0520833333
Q0 Polar standard + curriculum,1766400,268982.09375,269340.96875
Q0 Polar standard + curriculum,1817600,272982.84375,273214.25
Q0 Polar standard + curriculum,1868800,277677.8125,273735.5625
Q0 Polar standard + curriculum,1920000,270546.03125,272865.21875
Q0 Polar standard + curriculum,1971200,270371.8125,272329.65625
Q0 Polar standard + curriculum,2022400,276071.125,276844.59375
Q0 Polar standard + curriculum,2073600,284090.84375,281180.9583333333
Q0 Polar standard + curriculum,2124800,283380.90625,284243.9895833333
Q0 Polar standard + curriculum,2176000,285260.21875,283607.90625
Q0 Polar standard + curriculum,2227200,282182.59375,283468.15625
Q0 Polar standard + curriculum,2278400,282961.65625,283985.6041666667
Q0 Polar standard + curriculum,2329600,286812.5625,285130.7395833333
Q0 Polar standard + curriculum,2380800,285618.0,289521.4479166667
Q0 Polar standard + curriculum,2432000,296133.78125,293591.6354166667
Q0 Polar standard + curriculum,2483200,299023.125,296571.0833333333
Q0 Polar standard + curriculum,2534400,294556.34375,297458.2291666667
Q0 Polar standard + curriculum,2585600,298795.21875,296262.5
Q0 Polar standard + curriculum,2636800,295435.9375,293702.4479166667
Q0 Polar standard + curriculum,2688000,286876.1875,293787.34375
Q0 Polar standard + curriculum,2739200,299049.90625,294621.8333333333
Q0 Polar standard + curriculum,2790400,297939.40625,300070.5520833333
Q0 Polar standard + curriculum,2841600,303222.34375,299442.0416666667
Q0 Polar standard + curriculum,2892800,297164.375,301107.7708333333
Q0 Polar standard + curriculum,2944000,302936.59375,303003.2604166667
Q0 Polar standard + curriculum,2995200,308908.8125,307817.1354166667
Q0 Polar standard + curriculum,3046400,311606.0,309145.1979166667
Q0 Polar standard + curriculum,3097600,306920.78125,308920.1666666667
Q0 Polar standard + curriculum,3148800,308233.71875,306661.8854166667
Q0 Polar standard + curriculum,3200000,304831.15625,306077.7291666667
Q0 Polar standard + curriculum,3251200,305168.3125,305670.4583333333
Q0 Polar standard + curriculum,3302400,307011.90625,308273.7291666667
Q0 Polar standard + curriculum,3353600,312640.96875,311158.3229166667
Q0 Polar standard + curriculum,3404800,313822.09375,313907.6666666667
Q0 Polar standard + curriculum,3456000,315259.9375,314609.125
Q0 Polar standard + curriculum,3507200,314745.34375,314510.5833333333
Q0 Polar standard + curriculum,3558400,313526.46875,313034.8229166667
Q0 Polar standard + curriculum,3609600,310832.65625,312928.84375
Q0 Polar standard + curriculum,3660800,314427.40625,315941.7291666667
Q0 Polar standard + curriculum,3712000,322565.125,319736.84375
Q0 Polar standard + curriculum,3763200,322218.0,321075.9479166667
Q0 Polar standard + curriculum,3814400,318444.71875,319308.3541666667
Q0 Polar standard + curriculum,3865600,317262.34375,319092.59375
Q0 Polar standard + curriculum,3916800,321570.71875,317932.65625
Q0 Polar standard + curriculum,3968000,314964.90625,316174.1145833333
Q0 Polar standard + curriculum,4019200,311986.71875,315856.5208333333
Q0 Polar standard + curriculum,4070400,320617.9375,319299.4895833333
Q0 Polar standard + curriculum,4121600,325293.8125,323406.3125
Q0 Polar standard + curriculum,4172800,324307.1875,325310.8645833333
Q0 Polar standard + curriculum,4224000,326331.59375,323535.5104166667
Q0 Polar standard + curriculum,4275200,319967.75,323678.0416666667
Q0 Polar standard + curriculum,4326400,324734.78125,324323.5416666667
Q0 Polar standard + curriculum,4377600,328268.09375,323714.40625
Q0 Polar standard + curriculum,4428800,318140.34375,325328.8333333333
Q0 Polar standard + curriculum,4480000,329578.0625,327421.59375
Q0 Polar standard + curriculum,4531200,334546.375,330311.1770833333
Q0 Polar standard + curriculum,4582400,326809.09375,330613.4895833333
Q0 Polar standard + curriculum,4633600,330485.0,325663.1666666667
Q0 Polar standard + curriculum,4684800,319695.40625,324719.75
Q0 Polar standard + curriculum,4736000,323978.84375,323488.6145833333
Q0 Polar standard + curriculum,4787200,326791.59375,327999.2604166667
Q0 Polar standard + curriculum,4838400,333227.34375,330838.34375
Q0 Polar standard + curriculum,4889600,332496.09375,331756.6458333333
Q0 Polar standard + curriculum,4940800,329546.5,330573.1875
Q0 Polar standard + curriculum,4992000,329676.96875,330396.2083333333
Q0 Polar standard + curriculum,5043200,331965.15625,333885.2604166667
Q0 Polar standard + curriculum,5094400,340013.65625,336031.2395833333
Q0 Polar standard + curriculum,5145600,336114.90625,336320.4166666667
Q0 Polar standard + curriculum,5196800,332832.6875,334737.3958333333
Q0 Polar standard + curriculum,5248000,335264.59375,335210.8229166667
Q0 Polar standard + curriculum,5299200,337535.1875,334026.2395833333
Q0 Polar standard + curriculum,5350400,329278.9375,333752.8958333333
Q0 Polar standard + curriculum,5401600,334444.5625,332276.9479166667
Q0 Polar standard + curriculum,5452800,333107.34375,334723.8541666667
Q0 Polar standard + curriculum,5504000,336619.65625,337240.40625
Q0 Polar standard + curriculum,5555200,341994.21875,338664.4270833333
Q0 Polar standard + curriculum,5606400,337379.40625,337662.8125
Q0 Polar standard + curriculum,5657600,333614.8125,333968.1458333333
Q0 Polar standard + curriculum,5708800,330910.21875,333275.0208333333
Q0 Polar standard + curriculum,5760000,335300.03125,332045.8958333333
Q0 Polar standard + curriculum,5811200,329927.4375,332745.125
Q0 Polar standard + curriculum,5862400,333007.90625,333186.3645833333
Q0 Polar standard + curriculum,5913600,336623.75,335994.6666666667
Q0 Polar standard + curriculum,5964800,338352.34375,337900.84375
Q0 Polar standard + curriculum,6016000,338726.4375,338471.1666666667
Q0 Polar standard + curriculum,6067200,338334.71875,340554.34375
Q0 Polar standard + curriculum,6118400,344601.875,340004.0208333333
Q0 Polar standard + curriculum,6169600,337075.46875,340518.6145833333
Q0 Polar standard + curriculum,6220800,339878.5,340878.53125
Q0 Polar standard + curriculum,6272000,345681.625,344960.8541666667
Q0 Polar standard + curriculum,6323200,349322.4375,347325.4166666667
Q0 Polar standard + curriculum,6374400,346972.1875,347855.5208333333
Q0 Polar standard + curriculum,6425600,347271.9375,344705.3333333333
Q0 Polar standard + curriculum,6476800,339871.875,348989.125
Q0 Polar standard + curriculum,6528000,359823.5625,348393.7916666667
Q0 Polar standard + curriculum,6579200,345485.9375,350913.71875
Q0 Polar standard + curriculum,6630400,347431.65625,345227.7708333333
Q0 Polar standard + curriculum,6681600,342765.71875,342461.8333333333
Q0 Polar standard + curriculum,6732800,337188.125,340863.4791666667
Q0 Polar standard + curriculum,6784000,342636.59375,338248.7708333333
Q0 Polar standard + curriculum,6835200,334921.59375,340916.8020833333
Q0 Polar standard + curriculum,6886400,345192.21875,341432.28125
Q0 Polar standard + curriculum,6937600,344183.03125,346364.9791666667
Q0 Polar standard + curriculum,6988800,349719.6875,346669.6041666667
Q0 Polar standard + curriculum,7040000,346106.09375,347058.71875
Q0 Polar standard + curriculum,7091200,345350.375,345371.1875
Q0 Polar standard + curriculum,7142400,344657.09375,348352.0104166667
Q0 Polar standard + curriculum,7193600,355048.5625,347250.09375
Q0 Polar standard + curriculum,7244800,342044.625,348028.5729166667
Q0 Polar standard + curriculum,7296000,346992.53125,343346.4479166667
Q0 Polar standard + curriculum,7347200,341002.1875,345117.0208333333
Q0 Polar standard + curriculum,7398400,347356.34375,343987.9895833333
Q0 Polar standard + curriculum,7449600,343605.4375,348054.5520833333
Q0 Polar standard + curriculum,7500800,353201.875,347931.0416666667
Q0 Polar standard + curriculum,7552000,346985.8125,349990.9479166667
Q0 Polar standard + curriculum,7603200,349785.15625,349977.3541666667
Q0 Polar standard + curriculum,7654400,353161.09375,349743.9166666667
Q0 Polar standard + curriculum,7705600,346285.5,351661.0520833333
Q0 Polar standard + curriculum,7756800,355536.5625,350491.8958333333
Q0 Polar standard + curriculum,7808000,349653.625,351932.0
Q0 Polar standard + curriculum,7859200,350605.8125,350101.5104166667
Q0 Polar standard + curriculum,7910400,350045.09375,352548.21875
Q0 Polar standard + curriculum,7961600,356993.75,350284.1145833333
Q0 Polar standard + curriculum,8012800,343813.5,347973.59375
Q0 Polar standard + curriculum,8064000,343113.53125,345607.6875
Q0 Polar standard + curriculum,8115200,349896.03125,344689.90625
Q0 Polar standard + curriculum,8166400,341060.15625,349092.875
Q0 Polar standard + curriculum,8217600,356322.4375,348619.0729166667
Q0 Polar standard + curriculum,8268800,348474.625,347548.6145833333
Q0 Polar standard + curriculum,8320000,337848.78125,345496.875
Q0 Polar standard + curriculum,8371200,350167.21875,348298.4375
Q0 Polar standard + curriculum,8422400,356879.3125,355038.9791666667
Q0 Polar standard + curriculum,8473600,358070.40625,354272.875
Q0 Polar standard + curriculum,8524800,347868.90625,354556.96875
Q0 Polar standard + curriculum,8576000,357731.59375,352321.4479166667
Q0 Polar standard + curriculum,8627200,351363.84375,357317.5520833333
Q0 Polar standard + curriculum,8678400,362857.21875,355545.8854166667
Q0 Polar standard + curriculum,8729600,352416.59375,358645.4895833333
Q0 Polar standard + curriculum,8780800,360662.65625,358079.7291666667
Q0 Polar standard + curriculum,8832000,361159.9375,358728.5104166667
Q0 Polar standard + curriculum,8883200,354362.9375,356141.7604166667
Q0 Polar standard + curriculum,8934400,352902.40625,355094.9270833333
Q0 Polar standard + curriculum,8985600,358019.4375,356115.3958333333
Q0 Polar standard + curriculum,9036800,357424.34375,356592.96875
Q0 Polar standard + curriculum,9088000,354335.125,355311.65625
Q0 Polar standard + curriculum,9139200,354175.5,355905.9479166667
Q0 Polar standard + curriculum,9190400,359207.21875,355301.65625
Q0 Polar standard + curriculum,9241600,352522.25,357562.9166666667
Q0 Polar standard + curriculum,9292800,360959.28125,357636.2291666667
Q0 Polar standard + curriculum,9344000,359427.15625,358345.21875
Q0 Polar standard + curriculum,9395200,354649.21875,359654.25
Q0 Polar standard + curriculum,9446400,364886.375,359286.46875
Q0 Polar standard + curriculum,9497600,358323.8125,360376.59375
Q0 Polar standard + curriculum,9548800,357919.59375,357911.5625
Q0 Polar standard + curriculum,9600000,357491.28125,356584.7083333333
Q0 Polar standard + curriculum,9651200,354343.25,358807.0625
Q0 Polar standard + curriculum,9702400,364586.65625,359088.6145833333
Q0 Polar standard + curriculum,9753600,358335.9375,360064.59375
Q0 Polar standard + curriculum,9804800,357271.1875,359663.0833333333
Q0 Polar standard + curriculum,9856000,363382.125,361202.9583333333
Q0 Polar standard + curriculum,9907200,362955.5625,363591.2395833333
Q0 Polar standard + curriculum,9958400,364436.03125,363596.0
Q0 Polar standard + curriculum,10009600,363396.40625,363722.6666666667
Q0 Polar standard + curriculum,10060800,363335.5625,361586.875
Q0 Polar standard + curriculum,10112000,358028.65625,359186.125
Q0 Polar standard + curriculum,10163200,356194.15625,358325.75
Q0 Polar standard + curriculum,10214400,360754.4375,359090.8125
Q0 Polar standard + curriculum,10265600,360323.84375,362694.9895833333
Q0 Polar standard + curriculum,10316800,367006.6875,361704.5
Q0 Polar standard + curriculum,10368000,357782.96875,362974.7708333333
Q0 Polar standard + curriculum,10419200,364134.65625,362889.0520833333
Q0 Polar standard + curriculum,10470400,366749.53125,365029.2395833333
Q0 Polar standard + curriculum,10521600,364203.53125,364051.5104166667
Q0 Polar standard + curriculum,10572800,361201.46875,364026.6666666667
Q0 Polar standard + curriculum,10624000,366675.0,362071.40625
Q0 Polar standard + curriculum,10675200,358337.75,363149.0520833333
Q0 Polar standard + curriculum,10726400,364434.40625,362042.8958333333
Q0 Polar standard + curriculum,10777600,363356.53125,362779.1666666667
Q0 Polar standard + curriculum,10828800,360546.5625,361870.6666666667
Q0 Polar standard + curriculum,10880000,361708.90625,355461.8020833333
Q0 Polar standard + curriculum,10931200,344129.9375,354024.7291666667
Q0 Polar standard + curriculum,10982400,356235.34375,356020.4895833333
Q0 Polar standard + curriculum,11033600,367696.1875,362801.3854166667
Q0 Polar standard + curriculum,11084800,364472.625,365680.3958333333
Q0 Polar standard + curriculum,11136000,364872.375,361267.0625
Q0 Polar standard + curriculum,11187200,354456.1875,360136.6979166667
Q0 Polar standard + curriculum,11238400,361081.53125,357694.6145833333
Q0 Polar standard + curriculum,11289600,357546.125,362783.9375
Q0 Polar standard + curriculum,11340800,369724.15625,365693.8020833333
Q0 Polar standard + curriculum,11392000,369811.125,370080.6770833333
Q0 Polar standard + curriculum,11443200,370706.75,368940.5104166667
Q0 Polar standard + curriculum,11494400,366303.65625,368080.1770833333
Q0 Polar standard + curriculum,11545600,367230.125,363967.4791666667
Q0 Polar standard + curriculum,11596800,358368.65625,362166.5208333333
Q0 Polar standard + curriculum,11648000,360900.78125,361611.65625
Q0 Polar standard + curriculum,11699200,365565.53125,365342.09375
Q0 Polar standard + curriculum,11750400,369559.96875,365175.875
Q0 Polar standard + curriculum,11801600,360402.125,364680.3125
Q0 Polar standard + curriculum,11852800,364078.84375,363748.1666666667
Q0 Polar standard + curriculum,11904000,366763.53125,365387.2604166667
Q0 Polar standard + curriculum,11955200,365319.40625,366373.0
Q0 Polar standard + curriculum,12006400,367036.0625,367135.5
Q0 Polar standard + curriculum,12057600,369051.03125,369370.6770833333
Q0 Polar standard + curriculum,12108800,372024.9375,371968.09375
Q0 Polar standard + curriculum,12160000,374828.3125,371180.3229166667
Q0 Polar standard + curriculum,12211200,366687.71875,368745.4166666667
Q0 Polar standard + curriculum,12262400,364720.21875,366813.2708333333
Q0 Polar standard + curriculum,12313600,369031.875,364971.5208333333
Q0 Polar standard + curriculum,12364800,361162.46875,364335.8229166667
Q0 Polar standard + curriculum,12416000,362813.125,362251.65625
Q0 Polar standard + curriculum,12467200,362779.375,361559.6041666667
Q0 Polar standard + curriculum,12518400,359086.3125,363129.46875
Q0 Polar standard + curriculum,12569600,367522.71875,364431.5416666667
Q0 Polar standard + curriculum,12620800,366685.59375,364353.7395833333
Q0 Polar standard + curriculum,12672000,358852.90625,366292.1041666667
Q0 Polar standard + curriculum,12723200,373337.8125,368278.3020833333
Q0 Polar standard + curriculum,12774400,372644.1875,373317.96875
Q0 Polar standard + curriculum,12825600,373971.90625,372776.8541666667
Q0 Polar standard + curriculum,12876800,371714.46875,371485.3958333333
Q0 Polar standard + curriculum,12928000,368769.8125,369058.5416666667
Q0 Polar standard + curriculum,12979200,366691.34375,369715.3854166667
Q0 Polar standard + curriculum,13030400,373685.0,369653.3541666667
Q0 Polar standard + curriculum,13081600,368583.71875,372367.0208333333
Q0 Polar standard + curriculum,13132800,374832.34375,372166.5729166667
Q0 Polar standard + curriculum,13184000,373083.65625,372357.0625
Q0 Polar standard + curriculum,13235200,369155.1875,367741.8333333333
Q0 Polar standard + curriculum,13286400,360986.65625,366647.65625
Q0 Polar standard + curriculum,13337600,369801.125,367090.5416666667
Q0 Polar standard + curriculum,13388800,370483.84375,369510.2708333333
Q0 Polar standard + curriculum,13440000,368245.84375,367366.7291666667
Q0 Polar standard + curriculum,13491200,363370.5,369004.9895833333
Q0 Polar standard + curriculum,13542400,375398.625,371217.21875
Q0 Polar standard + curriculum,13593600,374882.53125,374037.90625
Q0 Polar standard + curriculum,13644800,371832.5625,371021.375
Q0 Polar standard + curriculum,13696000,366349.03125,370413.3333333333
Q0 Polar standard + curriculum,13747200,373058.40625,371264.125
Q0 Polar standard + curriculum,13798400,374384.9375,373120.78125
Q0 Polar standard + curriculum,13849600,371919.0,375470.5833333333
Q0 Polar standard + curriculum,13900800,380107.8125,374293.3229166667
Q0 Polar standard + curriculum,13952000,370853.15625,374899.0833333333
Q0 Polar standard + curriculum,14003200,373736.28125,371392.34375
Q0 Polar standard + curriculum,14054400,369587.59375,373396.4375
Q0 Polar standard + curriculum,14105600,376865.4375,371369.1458333333
Q0 Polar standard + curriculum,14156800,367654.40625,371620.7708333333
Q0 Polar standard + curriculum,14208000,370342.46875,373906.5104166667
Q0 Polar standard + curriculum,14259200,383722.65625,375382.28125
Q0 Polar standard + curriculum,14310400,372081.71875,375749.15625
Q0 Polar standard + curriculum,14361600,371443.09375,370975.2083333333
Q0 Polar standard + curriculum,14412800,369400.8125,370952.46875
Q0 Polar standard + curriculum,14464000,372013.5,371293.1875
Q0 Polar standard + curriculum,14515200,372465.25,374085.15625
Q0 Polar standard + curriculum,14566400,377776.71875,375419.90625
Q0 Polar standard + curriculum,14617600,376017.75,375656.09375
Q0 Polar standard + curriculum,14668800,373173.8125,374289.9479166667
Q0 Polar standard + curriculum,14720000,373678.28125,372643.3541666667
Q0 Polar standard + curriculum,14771200,371077.96875,373453.2291666667
Q0 Polar standard + curriculum,14822400,375603.4375,373064.4791666667
Q0 Polar standard + curriculum,14873600,372512.03125,374813.5104166667
Q0 Polar standard + curriculum,14924800,376325.0625,372646.1979166667
Q0 Polar standard + curriculum,14976000,369101.5,373627.0416666667
Q0 Polar standard + curriculum,15027200,375454.5625,373539.8333333333
Q0 Polar standard + curriculum,15078400,376063.4375,376663.5625
Q0 Polar standard + curriculum,15129600,378472.6875,378642.96875
Q0 Polar standard + curriculum,15180800,381392.78125,380928.4479166667
Q0 Polar standard + curriculum,15232000,382919.875,379875.4375
Q0 Polar standard + curriculum,15283200,375313.65625,381377.9166666667
Q0 Polar standard + curriculum,15334400,385900.21875,378830.84375
Q0 Polar standard + curriculum,15385600,375278.65625,381484.1354166667
Q0 Polar standard + curriculum,15436800,383273.53125,381708.6770833333
Q0 Polar standard + curriculum,15488000,386573.84375,384378.7604166667
Q0 Polar standard + curriculum,15539200,383288.90625,381569.4479166667
Q0 Polar standard + curriculum,15590400,374845.59375,376383.34375
Q0 Polar standard + curriculum,15641600,371015.53125,371819.2708333333
Q0 Polar standard + curriculum,15692800,369596.6875,372410.71875
Q0 Polar standard + curriculum,15744000,376619.9375,375255.5
Q0 Polar standard + curriculum,15795200,379549.875,378404.75
Q0 Polar standard + curriculum,15846400,379044.4375,376482.59375
Q0 Polar standard + curriculum,15897600,370853.46875,378562.2916666667
Q0 Polar standard + curriculum,15948800,385788.96875,379312.28125
Q0 Polar standard + curriculum,16000000,381294.40625,383620.625
Q0 Polar standard + curriculum,16051200,383778.5,381512.1979166667
Q0 Polar standard + curriculum,16102400,379463.6875,379718.625
Q0 Polar standard + curriculum,16153600,375913.6875,377528.90625
Q0 Polar standard + curriculum,16204800,377209.34375,377814.3645833333
Q0 Polar standard + curriculum,16256000,380320.0625,380184.7083333333
Q0 Polar standard + curriculum,16307200,383024.71875,383798.34375
Q0 Polar standard + curriculum,16358400,388050.25,385054.8125
Q0 Polar standard + curriculum,16409600,384089.46875,385016.0208333333
Q0 Polar standard + curriculum,16460800,382908.34375,383470.2604166667
Q0 Polar standard + curriculum,16512000,383412.96875,383375.0208333333
Q0 Polar standard + curriculum,16563200,383803.75,381660.0833333333
Q0 Polar standard + curriculum,16614400,377763.53125,380254.90625
Q0 Polar standard + curriculum,16665600,379197.4375,379858.1875
Q0 Polar standard + curriculum,16716800,382613.59375,380191.2395833333
Q0 Polar standard + curriculum,16768000,378762.6875,380746.71875
Q0 Polar standard + curriculum,16819200,380863.875,382779.2708333333
Q0 Polar standard + curriculum,16870400,388711.25,382395.2291666667
Q0 Polar standard + curriculum,16921600,377610.5625,385050.3020833333
Q0 Polar standard + curriculum,16972800,388829.09375,381463.90625
Q0 Polar standard + curriculum,17024000,377952.0625,381889.2708333333
Q0 Polar standard + curriculum,17075200,378886.65625,379694.21875
Q0 Polar standard + curriculum,17126400,382243.9375,380895.28125
Q0 Polar standard + curriculum,17177600,381555.25,385135.375
Q0 Polar standard + curriculum,17228800,391606.9375,386887.8958333333
Q0 Polar standard + curriculum,17280000,387501.5,386371.7395833333
Q0 Polar standard + curriculum,17331200,380006.78125,381319.2395833333
Q0 Polar standard + curriculum,17382400,376449.4375,379405.375
Q0 Polar standard + curriculum,17433600,381759.90625,380659.5
Q0 Polar standard + curriculum,17484800,383769.15625,383801.6354166667
Q0 Polar standard + curriculum,17536000,385875.84375,384325.7083333333
Q0 Polar standard + curriculum,17587200,383332.125,385605.4166666667
Q0 Polar standard + curriculum,17638400,387608.28125,387725.9270833333
Q0 Polar standard + curriculum,17689600,392237.375,390731.8541666667
Q0 Polar standard + curriculum,17740800,392349.90625,390633.1666666667
Q0 Polar standard + curriculum,17792000,387312.21875,387040.3958333333
Q0 Polar standard + curriculum,17843200,381459.0625,384066.65625
Q0 Polar standard + curriculum,17894400,383428.6875,380758.3125
Q0 Polar standard + curriculum,17945600,377387.1875,380432.25
Q0 Polar standard + curriculum,17996800,380480.875,377515.6770833333
Q0 Polar standard + curriculum,18048000,374678.96875,378485.2604166667
Q0 Polar standard + curriculum,18099200,380295.9375,381663.65625
Q0 Polar standard + curriculum,18150400,390016.0625,382287.5833333333
Q0 Polar standard + curriculum,18201600,376550.75,383300.25
Q0 Polar standard + curriculum,18252800,383333.9375,382459.1875
Q0 Polar standard + curriculum,18304000,387492.875,385933.5833333333
Q0 Polar standard + curriculum,18355200,386973.9375,386646.3333333333
Q0 Polar standard + curriculum,18406400,385472.1875,385757.4791666667
Q0 Polar standard + curriculum,18457600,384826.3125,385001.75
Q0 Polar standard + curriculum,18508800,384706.75,382956.1145833333
Q0 Polar standard + curriculum,18560000,379335.28125,383826.4791666667
Q0 Polar standard + curriculum,18611200,387437.40625,385481.25
Q0 Polar standard + curriculum,18662400,389671.0625,386281.9166666667
Q0 Polar standard + curriculum,18713600,381737.28125,384982.2291666667
Q0 Polar standard + curriculum,18764800,383538.34375,381931.7916666667
Q0 Polar standard + curriculum,18816000,380519.75,382840.6041666667
Q0 Polar standard + curriculum,18867200,384463.71875,382662.2604166667
Q0 Polar standard + curriculum,18918400,383003.3125,384300.5833333333
Q0 Polar standard + curriculum,18969600,385434.71875,384155.5520833333
Q0 Polar standard + curriculum,19020800,384028.625,380798.6666666667
Q0 Polar standard + curriculum,19072000,372932.65625,379908.9166666667
Q0 Polar standard + curriculum,19123200,382765.46875,380466.5
Q0 Polar standard + curriculum,19174400,385701.375,383054.84375
Q0 Polar standard + curriculum,19225600,380697.6875,380744.4791666667
Q0 Polar standard + curriculum,19276800,375834.375,379960.71875
Q0 Polar standard + curriculum,19328000,383350.09375,381476.3645833333
Q0 Polar standard + curriculum,19379200,385244.625,386857.6354166667
Q0 Polar standard + curriculum,19430400,391978.1875,388137.6145833333
Q0 Polar standard + curriculum,19481600,387190.03125,385814.9791666667
Q0 Polar standard + curriculum,19532800,378276.71875,381806.0
Q0 Polar standard + curriculum,19584000,379951.25,379416.78125
Q0 Polar standard + curriculum,19635200,380022.375,381407.9895833333
Q0 Polar standard + curriculum,19686400,384250.34375,383072.1041666667
Q0 Polar standard + curriculum,19737600,384943.59375,386035.1145833333
Q0 Polar standard + curriculum,19788800,388911.40625,385831.5625
Q0 Polar standard + curriculum,19840000,383639.6875,385445.4583333333
Q0 Polar standard + curriculum,19891200,383785.28125,383187.5104166667
Q0 Polar standard + curriculum,19942400,382137.5625,381299.4791666667
Q0 Polar standard + curriculum,19993600,377975.59375,383810.8229166667
Q0 Polar standard + curriculum,20044800,391319.3125,384205.5104166667
Q0 Polar standard + curriculum,20096000,383321.625,389650.59375
Q0 Polar standard + curriculum,20147200,394310.84375,385202.3229166667
Q0 Polar standard + curriculum,20198400,377974.5,386184.9166666667
Q0 Polar standard + curriculum,20249600,386269.40625,381274.0520833333
Q0 Polar standard + curriculum,20300800,379578.25,380092.2708333333
Q0 Polar standard + curriculum,20352000,374429.15625,377787.4375
Q0 Polar standard + curriculum,20403200,379354.90625,380037.9895833333
Q0 Polar standard + curriculum,20454400,386329.90625,383704.7708333333
Q0 Polar standard + curriculum,20505600,385429.5,386825.7291666667
Q0 Polar standard + curriculum,20556800,388717.78125,384753.90625
Q0 Polar standard + curriculum,20608000,380114.4375,384319.8333333333
Q0 Polar standard + curriculum,20659200,384127.28125,380427.21875
Q0 Polar standard + curriculum,20710400,377039.9375,382282.6875
Q0 Polar standard + curriculum,20761600,385680.84375,385298.7604166667
Q0 Polar standard + curriculum,20812800,393175.5,386627.0520833333
Q0 Polar standard + curriculum,20864000,381024.8125,385034.0
Q0 Polar standard + curriculum,20915200,380901.6875,381822.71875
Q0 Polar standard + curriculum,20966400,383541.65625,383261.125
Q0 Polar standard + curriculum,21017600,385340.03125,384906.2395833333
Q0 Polar standard + curriculum,21068800,385837.03125,381193.4791666667
Q0 Polar standard + curriculum,21120000,372403.375,378456.1354166667
Q0 Polar standard + curriculum,21171200,377128.0,375295.90625
Q0 Polar standard + curriculum,21222400,376356.34375,377288.0104166667
Q0 Polar standard + curriculum,21273600,378379.6875,377678.4375
Q0 Polar standard + curriculum,21324800,378299.28125,377733.84375
Q0 Polar standard + curriculum,21376000,376522.5625,373884.7916666667
Q0 Polar standard + curriculum,21427200,366832.53125,375574.1979166667
Q0 Polar standard + curriculum,21478400,383367.5,376513.1770833333
Q0 Polar standard + curriculum,21529600,379339.5,380935.2291666667
Q0 Polar standard + curriculum,21580800,380098.6875,382499.4479166667
Q0 Polar standard + curriculum,21632000,388060.15625,384300.6354166667
Q0 Polar standard + curriculum,21683200,384743.0625,384972.4166666667
Q0 Polar standard + curriculum,21734400,382114.03125,384557.1875
Q0 Polar standard + curriculum,21785600,386814.46875,386006.09375
Q0 Polar standard + curriculum,21836800,389089.78125,388619.8125
Q0 Polar standard + curriculum,21888000,389955.1875,387816.875
Q0 Polar standard + curriculum,21939200,384405.65625,385117.5625
Q0 Polar standard + curriculum,21990400,380991.84375,383877.1666666667
Q0 Polar standard + curriculum,22041600,386234.0,385624.4791666667
Q0 Polar standard + curriculum,22092800,389647.59375,389104.0208333333
Q0 Polar standard + curriculum,22144000,391430.46875,391080.59375
Q0 Polar standard + curriculum,22195200,392163.71875,390041.4479166667
Q0 Polar standard + curriculum,22246400,386530.15625,389291.78125
Q0 Polar standard + curriculum,22297600,389181.46875,388280.6041666667
Q0 Polar standard + curriculum,22348800,389130.1875,389565.6875
Q0 Polar standard + curriculum,22400000,390385.40625,388373.7395833333
Q0 Polar standard + curriculum,22451200,385605.625,389075.0416666667
Q0 Polar standard + curriculum,22502400,391234.09375,390137.96875
Q0 Polar standard + curriculum,22553600,393574.1875,391281.1458333333
Q0 Polar standard + curriculum,22604800,389035.15625,388385.09375
Q0 Polar standard + curriculum,22656000,382545.9375,387906.5208333333
Q0 Polar standard + curriculum,22707200,392138.46875,388418.3541666667
Q0 Polar standard + curriculum,22758400,390570.65625,393523.53125
Q0 Polar standard + curriculum,22809600,397861.46875,395093.90625
Q0 Polar standard + curriculum,22860800,396849.59375,393705.3020833333
Q0 Polar standard + curriculum,22912000,386404.84375,391779.7395833333
Q0 Polar standard + curriculum,22963200,392084.78125,389163.1979166667
Q0 Polar standard + curriculum,23014400,388999.96875,389864.84375
Q0 Polar standard + curriculum,23065600,388509.78125,389476.9375
Q0 Polar standard + curriculum,23116800,390921.0625,389734.1979166667
Q0 Polar standard + curriculum,23168000,389771.75,390494.03125
Q0 Polar standard + curriculum,23219200,390789.28125,390932.1041666667
Q0 Polar standard + curriculum,23270400,392235.28125,390223.8229166667
Q0 Polar standard + curriculum,23321600,387646.90625,389030.8125
Q0 Polar standard + curriculum,23372800,387210.25,386657.0833333333
Q0 Polar standard + curriculum,23424000,385114.09375,389117.15625
Q0 Polar standard + curriculum,23475200,395027.125,390232.84375
Q0 Polar standard + curriculum,23526400,390557.3125,390796.75
Q0 Polar standard + curriculum,23577600,386805.8125,391124.7083333333
Q0 Polar standard + curriculum,23628800,396011.0,391667.3958333333
Q0 Polar standard + curriculum,23680000,392185.375,393209.1875
Q0 Polar standard + curriculum,23731200,391431.1875,392941.375
Q0 Polar standard + curriculum,23782400,395207.5625,392485.9791666667
Q0 Polar standard + curriculum,23833600,390819.1875,392330.125
Q0 Polar standard + curriculum,23884800,390963.625,392788.2395833333
Q0 Polar standard + curriculum,23936000,396581.90625,393802.2708333333
Q0 Polar standard + curriculum,23987200,393861.28125,393717.5833333333
Q0 Polar standard + curriculum,24038400,390709.5625,391287.8229166667
Q0 Polar standard + curriculum,24089600,389292.625,391343.5
Q0 Polar standard + curriculum,24140800,394028.3125,389080.3125
Q0 Polar standard + curriculum,24192000,383920.0,390580.5
Q0 Polar standard + curriculum,24243200,393793.1875,387827.9583333333
Q0 Polar standard + curriculum,24294400,385770.6875,389333.9479166667
Q0 Polar standard + curriculum,24345600,388437.96875,387804.46875
Q0 Polar standard + curriculum,24396800,389204.75,391306.6666666667
Q0 Polar standard + curriculum,24448000,396277.28125,393856.9375
Q0 Polar standard + curriculum,24499200,396088.78125,393961.1145833333
Q0 Polar standard + curriculum,24550400,389517.28125,393653.8125
Q0 Polar standard + curriculum,24601600,395355.375,393587.5729166667
Q0 Polar standard + curriculum,24652800,395890.0625,395983.7395833333
Q0 Polar standard + curriculum,24704000,396705.78125,394897.7604166667
Q0 Polar standard + curriculum,24755200,392097.4375,394169.7291666667
Q0 Polar standard + curriculum,24806400,393705.96875,391936.4166666667
Q0 Polar standard + curriculum,24857600,390005.84375,392752.9791666667
Q0 Polar standard + curriculum,24908800,394547.125,393877.6666666667
Q0 Polar standard + curriculum,24960000,397080.03125,392435.5104166667
Q0 Polar standard + curriculum,25011200,385679.375,392362.4166666667
Q0 Polar standard + curriculum,25062400,394327.84375,393709.5416666667
Q0 Polar standard + curriculum,25113600,401121.40625,396813.5
Q0 Polar standard + curriculum,25164800,394991.25,398347.9270833333
Q0 Polar standard + curriculum,25216000,398931.125,396987.2708333333
Q0 Polar standard + curriculum,25267200,397039.4375,398410.7083333333
Q0 Polar standard + curriculum,25318400,399261.5625,396153.3020833333
Q0 Polar standard + curriculum,25369600,392158.90625,394586.2291666667
Q0 Polar standard + curriculum,25420800,392338.21875,393847.5104166667
Q0 Polar standard + curriculum,25472000,397045.40625,395980.0833333333
Q0 Polar standard + curriculum,25523200,398556.625,395998.1875
Q0 Polar standard + curriculum,25574400,392392.53125,394516.90625
Q0 Polar standard + curriculum,25625600,392601.5625,394247.0625
Q0 Polar standard + curriculum,25676800,397747.09375,394656.7083333333
Q0 Polar standard + curriculum,25728000,393621.46875,395561.9375
Q0 Polar standard + curriculum,25779200,395317.25,394022.3020833333
Q0 Polar standard + curriculum,25830400,393128.1875,395393.5
Q0 Polar standard + curriculum,25881600,397735.0625,396928.6041666667
Q0 Polar standard + curriculum,25932800,399922.5625,396013.3958333333
Q0 Polar standard + curriculum,25984000,390382.5625,396199.78125
Q0 Polar standard + curriculum,26035200,398294.21875,394479.6354166667
Q0 Polar standard + curriculum,26086400,394762.125,398926.8333333333
Q0 Polar standard + curriculum,26137600,403724.15625,397013.9583333333
Q0 Polar standard + curriculum,26188800,392555.59375,398277.9895833333
Q0 Polar standard + curriculum,26240000,398554.21875,397055.3125
Q0 Polar standard + curriculum,26291200,400056.125,397809.0520833333
Q0 Polar standard + curriculum,26342400,394816.8125,397193.90625
Q0 Polar standard + curriculum,26393600,396708.78125,398017.1354166667
Q0 Polar standard + curriculum,26444800,402525.8125,401716.0625
Q0 Polar standard + curriculum,26496000,405913.59375,401937.9270833333
Q0 Polar standard + curriculum,26547200,397374.375,403618.9791666667
Q0 Polar standard + curriculum,26598400,407568.96875,402497.3333333333
Q0 Polar standard + curriculum,26649600,402548.65625,402601.1666666667
Q0 Polar standard + curriculum,26700800,397685.875,400536.28125
Q0 Polar standard + curriculum,26752000,401374.3125,398754.9375
Q0 Polar standard + curriculum,26803200,397204.625,397336.6770833333
Q0 Polar standard + curriculum,26854400,393431.09375,396862.71875
Q0 Polar standard + curriculum,26905600,399952.4375,397433.4791666667
Q0 Polar standard + curriculum,26956800,398916.90625,401808.7083333333
Q0 Polar standard + curriculum,27008000,406556.78125,403401.90625
Q0 Polar standard + curriculum,27059200,404732.03125,405974.3020833333
Q0 Polar standard + curriculum,27110400,406634.09375,405227.4791666667
Q0 Polar standard + curriculum,27161600,404316.3125,402756.15625
Q0 Polar standard + curriculum,27212800,397318.0625,400151.3229166667
Q0 Polar standard + curriculum,27264000,398819.59375,399464.1770833333
Q0 Polar standard + curriculum,27315200,402254.875,402246.3958333333
Q0 Polar standard + curriculum,27366400,405664.71875,403113.7916666667
Q0 Polar standard + curriculum,27417600,401421.78125,401505.6354166667
Q0 Polar standard + curriculum,27468800,397430.40625,397023.3958333333
Q0 Polar standard + curriculum,27520000,392218.0,397653.0104166667
Q0 Polar standard + curriculum,27571200,403310.625,397065.1979166667
Q0 Polar standard + curriculum,27622400,395666.96875,399598.4479166667
Q0 Polar standard + curriculum,27673600,399817.75,397307.0
Q0 Polar standard + curriculum,27724800,396436.28125,401790.4895833333
Q0 Polar standard + curriculum,27776000,409117.4375,402332.3125
Q0 Polar standard + curriculum,27827200,401443.21875,405752.5104166667
Q0 Polar standard + curriculum,27878400,406696.875,403001.9479166667
Q0 Polar standard + curriculum,27929600,400865.75,405522.7708333333
Q0 Polar standard + curriculum,27980800,409005.6875,403798.7916666667
Q0 Polar standard + curriculum,28032000,401524.9375,403019.8229166667
Q0 Polar standard + curriculum,28083200,398528.84375,398180.5416666667
Q0 Polar standard + curriculum,28134400,394487.84375,400308.9166666667
Q0 Polar standard + curriculum,28185600,407910.0625,403064.4166666667
Q0 Polar standard + curriculum,28236800,406795.34375,406740.5520833333
Q0 Polar standard + curriculum,28288000,405516.25,405790.7708333333
Q0 Polar standard + curriculum,28339200,405060.71875,403195.78125
Q0 Polar standard + curriculum,28390400,399010.375,405884.7708333333
Q0 Polar standard + curriculum,28441600,413583.21875,405937.5625
Q0 Polar standard + curriculum,28492800,405219.09375,409293.1770833333
Q0 Polar standard + curriculum,28544000,409077.21875,406260.65625
Q0 Polar standard + curriculum,28595200,404485.65625,406270.1770833333
Q0 Polar standard + curriculum,28646400,405247.65625,403613.2916666667
Q0 Polar standard + curriculum,28697600,401106.5625,403659.84375
Q0 Polar standard + curriculum,28748800,404625.3125,403169.90625
Q0 Polar standard + curriculum,28800000,403777.84375,406431.96875
Q0 Polar standard + curriculum,28851200,410892.75,404195.84375
Q0 Polar standard + curriculum,28902400,397916.9375,404552.1458333333
Q0 Polar standard + curriculum,28953600,404846.75,402409.8645833333
Q0 Polar standard + curriculum,29004800,404465.90625,403079.5416666667
Q0 Polar standard + curriculum,29056000,399925.96875,403284.9166666667
Q0 Polar standard + curriculum,29107200,405462.875,403035.3854166667
Q0 Polar standard + curriculum,29158400,403717.3125,403216.2916666667
Q0 Polar standard + curriculum,29209600,400468.6875,403923.0833333333
Q0 Polar standard + curriculum,29260800,407583.25,406786.7916666667
Q0 Polar standard + curriculum,29312000,412308.4375,411446.25
Q0 Polar standard + curriculum,29363200,414447.0625,412798.1354166667
Q0 Polar standard + curriculum,29414400,411638.90625,410797.9270833333
Q0 Polar standard + curriculum,29465600,406307.8125,409897.71875
Q0 Polar standard + curriculum,29516800,411746.4375,409697.6145833333
Q0 Polar standard + curriculum,29568000,411038.59375,408707.3541666667
Q0 Polar standard + curriculum,29619200,403337.03125,409581.3854166667
Q0 Polar standard + curriculum,29670400,414368.53125,408221.65625
Q0 Polar standard + curriculum,29721600,406959.40625,409185.96875
Q0 Polar standard + curriculum,29772800,406229.96875,405936.7395833333
Q0 Polar standard + curriculum,29824000,404620.84375,406945.5104166667
Q0 Polar standard + curriculum,29875200,409985.71875,408773.375
Q0 Polar standard + curriculum,29926400,411713.5625,411069.84375
Q0 Polar standard + curriculum,29977600,411510.25,411991.3645833333
Q0 Polar standard + curriculum,30028800,412750.28125,414202.15625
Q0 Polar standard + curriculum,30080000,418345.9375,413892.375
Q0 Polar standard + curriculum,30131200,410580.90625,416321.2395833333
Q0 Polar standard + curriculum,30182400,420036.875,413656.375
Q0 Polar standard + curriculum,30233600,410351.34375,417003.53125
Q0 Polar standard + curriculum,30284800,420622.375,416347.8229166667
Q0 Polar standard + curriculum,30336000,418069.75,419715.125
Q0 Polar standard + curriculum,30387200,420453.25,418342.0208333333
Q0 Polar standard + curriculum,30438400,416503.0625,418926.4375
Q0 Polar standard + curriculum,30489600,419823.0,420120.78125
Q0 Polar standard + curriculum,30540800,424036.28125,423055.4791666667
Q0 Polar standard + curriculum,30592000,425307.15625,422443.4583333333
Q0 Polar standard + curriculum,30643200,417986.9375,417780.0416666667
Q0 Polar standard + curriculum,30694400,410046.03125,414078.0625
Q0 Polar standard + curriculum,30745600,414201.21875,410866.78125
Q0 Polar standard + curriculum,30796800,408353.09375,415443.0
Q0 Polar standard + curriculum,30848000,423774.6875,417840.7395833333
Q0 Polar standard + curriculum,30899200,421394.4375,424077.9270833333
Q0 Polar standard + curriculum,30950400,427064.65625,423831.4270833333
Q0 Polar standard + curriculum,31001600,423035.1875,422985.3125
Q0 Polar standard + curriculum,31052800,418856.09375,422049.7291666667
Q0 Polar standard + curriculum,31104000,424257.90625,419894.4270833333
Q0 Polar standard + curriculum,31155200,416569.28125,419323.25
Q0 Polar standard + curriculum,31206400,417142.5625,415392.875
Q0 Polar standard + curriculum,31257600,412466.78125,415949.2916666667
Q0 Polar standard + curriculum,31308800,418238.53125,416999.6145833333
Q0 Polar standard + curriculum,31360000,420293.53125,422931.9583333333
Q0 Polar standard + curriculum,31411200,430263.8125,422605.5
Q0 Polar standard + curriculum,31462400,417259.15625,421246.5416666667
Q0 Polar standard + curriculum,31513600,416216.65625,421753.7083333333
Q0 Polar standard + curriculum,31564800,431785.3125,421379.5520833333
Q0 Polar standard + curriculum,31616000,416136.6875,422428.2604166667
Q0 Polar standard + curriculum,31667200,419362.78125,419313.2083333333
Q0 Polar standard + curriculum,31718400,422440.15625,423055.3229166667
Q0 Polar standard + curriculum,31769600,427363.03125,422748.5833333333
Q0 Polar standard + curriculum,31820800,418442.5625,422176.3125
Q0 Polar standard + curriculum,31872000,420723.34375,420445.125
Q0 Polar standard + curriculum,31923200,422169.46875,422765.1666666667
Q0 Polar standard + curriculum,31974400,425402.6875,421585.40625
Q0 Polar standard + curriculum,32025600,417184.0625,419769.4270833333
Q0 Polar standard + curriculum,32076800,416721.53125,414176.6145833333
Q0 Polar standard + curriculum,32128000,408624.25,414649.09375
Q0 Polar standard + curriculum,32179200,418601.5,414406.6875
Q0 Polar standard + curriculum,32230400,415994.3125,418501.7291666667
Q0 Polar standard + curriculum,32281600,420909.375,418413.6354166667
Q0 Polar standard + curriculum,32332800,418337.21875,417914.3125
Q0 Polar standard + curriculum,32384000,414496.34375,415229.34375
Q0 Polar standard + curriculum,32435200,412854.46875,415351.5520833333
Q0 Polar standard + curriculum,32486400,418703.84375,415402.7604166667
Q0 Polar standard + curriculum,32537600,414649.96875,416396.2604166667
Q0 Polar standard + curriculum,32588800,415834.96875,416441.0625
Q0 Polar standard + curriculum,32640000,418838.25,419160.8541666667
Q0 Polar standard + curriculum,32691200,422809.34375,417944.8854166667
Q0 Polar standard + curriculum,32742400,412187.0625,420842.4895833333
Q0 Polar standard + curriculum,32793600,427531.0625,420531.9375
Q0 Polar standard + curriculum,32844800,421877.6875,425820.25
Q0 Polar standard + curriculum,32896000,428052.0,422020.0
Q0 Polar standard + curriculum,32947200,416130.3125,421240.28125
Q0 Polar standard + curriculum,32998400,419538.53125,418054.5416666667
Q0 Polar standard + curriculum,33049600,418494.78125,420046.9791666667
Q0 Polar standard + curriculum,33100800,422107.625,422327.5
Q0 Polar standard + curriculum,33152000,426380.09375,422135.9583333333
Q0 Polar standard + curriculum,33203200,417920.15625,421496.2708333333
Q0 Polar standard + curriculum,33254400,420188.5625,421299.84375
Q0 Polar standard + curriculum,33305600,425790.8125,422699.40625
Q0 Polar standard + curriculum,33356800,422118.84375,422679.7604166667
Q0 Polar standard + curriculum,33408000,420129.625,421507.7604166667
Q0 Polar standard + curriculum,33459200,422274.8125,421298.15625
Q0 Polar standard + curriculum,33510400,421490.03125,421140.2916666667
Q0 Polar standard + curriculum,33561600,419656.03125,418503.0729166667
Q0 Polar standard + curriculum,33612800,414363.15625,413796.5104166667
Q0 Polar standard + curriculum,33664000,407370.34375,415282.8125
Q0 Polar standard + curriculum,33715200,424114.9375,416202.21875
Q0 Polar standard + curriculum,33766400,417121.375,420630.6458333333
Q0 Polar standard + curriculum,33817600,420655.625,419243.6354166667
Q0 Polar standard + curriculum,33868800,419953.90625,419790.0520833333
Q0 Polar standard + curriculum,33920000,418760.625,420602.09375
Q0 Polar standard + curriculum,33971200,423091.75,421272.09375
Q0 Polar standard + curriculum,34022400,421963.90625,423817.7604166667
Q0 Polar standard + curriculum,34073600,426397.625,424894.375
Q0 Polar standard + curriculum,34124800,426321.59375,424239.9270833333
Q0 Polar standard + curriculum,34176000,420000.5625,423661.0208333333
Q0 Polar standard + curriculum,34227200,424660.90625,424891.1354166667
Q0 Polar standard + curriculum,34278400,430011.9375,427736.40625
Q0 Polar standard + curriculum,34329600,428536.375,429232.28125
Q0 Polar standard + curriculum,34380800,429148.53125,427545.3020833333
Q0 Polar standard + curriculum,34432000,424951.0,429147.40625
Q0 Polar standard + curriculum,34483200,433342.6875,427930.7916666667
Q0 Polar standard + curriculum,34534400,425498.6875,426315.34375
Q0 Polar standard + curriculum,34585600,420104.65625,426034.8333333333
Q0 Polar standard + curriculum,34636800,432501.15625,427094.2291666667
Q0 Polar standard + curriculum,34688000,428676.875,427073.59375
Q0 Polar standard + curriculum,34739200,420042.75,423761.3958333333
Q0 Polar standard + curriculum,34790400,422564.5625,421676.1458333333
Q0 Polar standard + curriculum,34841600,422421.125,422798.9583333333
Q0 Polar standard + curriculum,34892800,423411.1875,422581.5729166667
Q0 Polar standard + curriculum,34944000,421912.40625,424900.9375
Q0 Polar standard + curriculum,34995200,429379.21875,427876.21875
Q0 Polar standard + curriculum,35046400,432337.03125,430080.84375
Q0 Polar standard + curriculum,35097600,428526.28125,430730.15625
Q0 Polar standard + curriculum,35148800,431327.15625,428126.3541666667
Q0 Polar standard + curriculum,35200000,424525.625,428036.2916666667
Q0 Polar standard + curriculum,35251200,428256.09375,428614.0625
Q0 Polar standard + curriculum,35302400,433060.46875,432194.78125
Q0 Polar standard + curriculum,35353600,435267.78125,434823.9479166667
Q0 Polar standard + curriculum,35404800,436143.59375,434785.7916666667
Q0 Polar standard + curriculum,35456000,432946.0,430622.6354166667
Q0 Polar standard + curriculum,35507200,422778.3125,426912.4166666667
Q0 Polar standard + curriculum,35558400,425012.9375,424818.0833333333
Q0 Polar standard + curriculum,35609600,426663.0,428515.65625
Q0 Polar standard + curriculum,35660800,433871.03125,429479.34375
Q0 Polar standard + curriculum,35712000,427904.0,428610.6041666667
Q0 Polar standard + curriculum,35763200,424056.78125,426067.0
Q0 Polar standard + curriculum,35814400,426240.21875,425202.9583333333
Q0 Polar standard + curriculum,35865600,425311.875,425036.3854166667
Q0 Polar standard + curriculum,35916800,423557.0625,425007.9791666667
Q0 Polar standard + curriculum,35968000,426155.0,425231.5520833333
Q0 Polar standard + curriculum,36019200,425982.59375,430044.2395833333
Q0 Polar standard + curriculum,36070400,437995.125,430954.4166666667
Q0 Polar standard + curriculum,36121600,428885.53125,432059.7708333333
Q0 Polar standard + curriculum,36172800,429298.65625,431032.1354166667
Q0 Polar standard + curriculum,36224000,434912.21875,432456.71875
Q0 Polar standard + curriculum,36275200,433159.28125,435921.65625
Q0 Polar standard + curriculum,36326400,439693.46875,435052.7083333333
Q0 Polar standard + curriculum,36377600,432305.375,435761.2604166667
Q0 Polar standard + curriculum,36428800,435284.9375,430720.84375
Q0 Polar standard + curriculum,36480000,424572.21875,432937.375
Q0 Polar standard + curriculum,36531200,438954.96875,430598.46875
Q0 Polar standard + curriculum,36582400,428268.21875,431750.8541666667
Q0 Polar standard + curriculum,36633600,428029.375,428059.34375
Q0 Polar standard + curriculum,36684800,427880.4375,428793.28125
Q0 Polar standard + curriculum,36736000,430470.03125,427585.4270833333
Q0 Polar standard + curriculum,36787200,424405.8125,429332.2083333333
Q0 Polar standard + curriculum,36838400,433120.78125,431038.7083333333
Q0 Polar standard + curriculum,36889600,435589.53125,433732.0104166667
Q0 Polar standard + curriculum,36940800,432485.71875,433711.21875
Q0 Polar standard + curriculum,36992000,433058.40625,431707.5833333333
Q0 Polar standard + curriculum,37043200,429578.625,427867.84375
Q0 Polar standard + curriculum,37094400,420966.5,428702.4583333333
Q0 Polar standard + curriculum,37145600,435562.25,430746.8541666667
Q0 Polar standard + curriculum,37196800,435711.8125,435085.84375
Q0 Polar standard + curriculum,37248000,433983.46875,435954.09375
Q0 Polar standard + curriculum,37299200,438167.0,432466.8125
Q0 Polar standard + curriculum,37350400,425249.96875,430918.0729166667
Q0 Polar standard + curriculum,37401600,429337.25,426048.875
Q0 Polar standard + curriculum,37452800,423559.40625,428672.90625
Q0 Polar standard + curriculum,37504000,433122.0625,430800.21875
Q0 Polar standard + curriculum,37555200,435719.1875,434101.0104166667
Q0 Polar standard + curriculum,37606400,433461.78125,434683.8229166667
Q0 Polar standard + curriculum,37657600,434870.5,435735.4583333333
Q0 Polar standard + curriculum,37708800,438874.09375,438164.6354166667
Q0 Polar standard + curriculum,37760000,440749.3125,438886.6979166667
Q0 Polar standard + curriculum,37811200,437036.6875,437969.2604166667
Q0 Polar standard + curriculum,37862400,436121.78125,438243.2395833333
Q0 Polar standard + curriculum,37913600,441571.25,434175.21875
Q0 Polar standard + curriculum,37964800,424832.625,432874.1875
Q0 Polar standard + curriculum,38016000,432218.6875,429521.53125
Q0 Polar standard + curriculum,38067200,431513.28125,430374.5
Q0 Polar standard + curriculum,38118400,427391.53125,432086.3333333333
Q0 Polar standard + curriculum,38169600,437354.1875,430593.2708333333
Q0 Polar standard + curriculum,38220800,427034.09375,431932.5833333333
Q0 Polar standard + curriculum,38272000,431409.46875,430815.4375
Q0 Polar standard + curriculum,38323200,434002.75,431332.8125
Q0 Polar standard + curriculum,38374400,428586.21875,431784.0833333333
Q0 Polar standard + curriculum,38425600,432763.28125,432019.1666666667
Q0 Polar standard + curriculum,38476800,434708.0,435982.6145833333
Q0 Polar standard + curriculum,38528000,440476.5625,438871.8229166667
Q0 Polar standard + curriculum,38579200,441430.90625,438965.6041666667
Q0 Polar standard + curriculum,38630400,434989.34375,439065.90625
Q0 Polar standard + curriculum,38681600,440777.46875,439755.3333333333
Q0 Polar standard + curriculum,38732800,443499.1875,440286.5208333333
Q0 Polar standard + curriculum,38784000,436582.90625,440098.21875
Q0 Polar standard + curriculum,38835200,440212.5625,440375.71875
Q0 Polar standard + curriculum,38886400,444331.6875,439966.4791666667
Q0 Polar standard + curriculum,38937600,435355.1875,441167.8958333333
Q0 Polar standard + curriculum,38988800,443816.8125,439156.9166666667
Q0 Polar standard + curriculum,39040000,438298.75,438903.125
Q0 Polar standard + curriculum,39091200,434593.8125,437069.3333333333
Q0 Polar standard + curriculum,39142400,438315.4375,434564.7916666667
Q0 Polar standard + curriculum,39193600,430785.125,436704.625
Q0 Polar standard + curriculum,39244800,441013.3125,438978.15625
Q0 Polar standard + curriculum,39296000,445136.03125,442421.0520833333
Q0 Polar standard + curriculum,39347200,441113.8125,440178.625
Q0 Polar standard + curriculum,39398400,434286.03125,437712.3229166667
Q0 Polar standard + curriculum,39449600,437737.125,439124.7395833333
Q0 Polar standard + curriculum,39500800,445351.0625,442631.8958333333
Q0 Polar standard + curriculum,39552000,444807.5,444197.3854166667
Q0 Polar standard + curriculum,39603200,442433.59375,445362.5104166667
Q0 Polar standard + curriculum,39654400,448846.4375,443578.2395833333
Q0 Polar standard + curriculum,39705600,439454.6875,440319.3333333333
Q0 Polar standard + curriculum,39756800,432656.875,435477.3854166667
Q0 Polar standard + curriculum,39808000,434320.59375,433085.4583333333
Q0 Polar standard + curriculum,39859200,432278.90625,435128.4270833333
Q0 Polar standard + curriculum,39910400,438785.78125,435937.09375
Q0 Polar standard + curriculum,39961600,436746.59375,436062.3020833333
Q0 Polar standard + curriculum,40012800,432654.53125,435869.125
Q0 Polar standard + curriculum,40064000,438206.25,438308.4166666667
Q0 Polar standard + curriculum,40115200,444064.46875,440877.1145833333
Q0 Polar standard + curriculum,40166400,440360.625,440228.5729166667
Q0 Polar standard + curriculum,40217600,436260.625,434657.3020833333
Q0 Polar standard + curriculum,40268800,427350.65625,431799.2291666667
Q0 Polar standard + curriculum,40320000,431786.40625,431746.3958333333
Q0 Polar standard + curriculum,40371200,436102.125,433047.21875
Q0 Polar standard + curriculum,40422400,431253.125,435616.9583333333
Q0 Polar standard + curriculum,40473600,439495.625,435302.5729166667
Q0 Polar standard + curriculum,40524800,435158.96875,434154.6666666667
Q0 Polar standard + curriculum,40576000,427809.40625,436588.25
Q0 Polar standard + curriculum,40627200,446796.375,435163.125
Q0 Polar standard + curriculum,40678400,430883.59375,439952.7916666667
Q0 Polar standard + curriculum,40729600,442178.40625,439796.0729166667
Q0 Polar standard + curriculum,40780800,446326.21875,441081.78125
Q0 Polar standard + curriculum,40832000,434740.71875,441306.1458333333
Q0 Polar standard + curriculum,40883200,442851.5,439161.1354166667
Q0 Polar standard + curriculum,40934400,439891.1875,440195.21875
Q0 Polar standard + curriculum,40985600,437842.96875,434978.65625
Q0 Polar standard + curriculum,41036800,427201.8125,434990.15625
Q0 Polar standard + curriculum,41088000,439925.6875,434292.1979166667
Q0 Polar standard + curriculum,41139200,435749.09375,440773.3645833333
Q0 Polar standard + curriculum,41190400,446645.3125,442941.28125
Q0 Polar standard + curriculum,41241600,446429.4375,443473.1666666667
Q0 Polar standard + curriculum,41292800,437344.75,440505.6458333333
Q0 Polar standard + curriculum,41344000,437742.75,440898.0625
Q0 Polar standard + curriculum,41395200,447606.6875,441713.0520833333
Q0 Polar standard + curriculum,41446400,439789.71875,442500.8020833333
Q0 Polar standard + curriculum,41497600,440106.0,439747.2604166667
Q0 Polar standard + curriculum,41548800,439346.0625,439981.8854166667
Q0 Polar standard + curriculum,41600000,440493.59375,439655.09375
Q0 Polar standard + curriculum,41651200,439125.625,438360.8958333333
Q0 Polar standard + curriculum,41702400,435463.46875,437345.4270833333
Q0 Polar standard + curriculum,41753600,437447.1875,437910.0104166667
Q0 Polar standard + curriculum,41804800,440819.375,441835.21875
Q0 Polar standard + curriculum,41856000,447239.09375,444590.5520833333
Q0 Polar standard + curriculum,41907200,445713.1875,445553.1666666667
Q0 Polar standard + curriculum,41958400,443707.21875,445814.3958333333
Q0 Polar standard + curriculum,42009600,448022.78125,445224.8645833333
Q0 Polar standard + curriculum,42060800,443944.59375,443912.8020833333
Q0 Polar standard + curriculum,42112000,439771.03125,441331.8333333333
Q0 Polar standard + curriculum,42163200,440279.875,438830.8958333333
Q0 Polar standard + curriculum,42214400,436441.78125,437735.1041666667
Q0 Polar standard + curriculum,42265600,436483.65625,436090.5729166667
Q0 Polar standard + curriculum,42316800,435346.28125,437040.03125
Q0 Polar standard + curriculum,42368000,439290.15625,438580.90625
Q0 Polar standard + curriculum,42419200,441106.28125,439632.875
Q0 Polar standard + curriculum,42470400,438502.1875,439541.1041666667
Q0 Polar standard + curriculum,42521600,439014.84375,439207.90625
Q0 Polar standard + curriculum,42572800,440106.6875,441027.7916666667
Q0 Polar standard + curriculum,42624000,443961.84375,441504.25
Q0 Polar standard + curriculum,42675200,440444.21875,442825.78125
Q0 Polar standard + curriculum,42726400,444071.28125,441499.2083333333
Q0 Polar standard + curriculum,42777600,439982.125,441446.0520833333
Q0 Polar standard + curriculum,42828800,440284.75,436718.1979166667
Q0 Polar standard + curriculum,42880000,429887.71875,437363.53125
Q0 Polar standard + curriculum,42931200,441918.125,435822.6875
Q0 Polar standard + curriculum,42982400,435662.21875,439136.8125
Q0 Polar standard + curriculum,43033600,439830.09375,438537.71875
Q0 Polar standard + curriculum,43084800,440120.84375,441024.7916666667
Q0 Polar standard + curriculum,43136000,443123.4375,442378.2291666667
Q0 Polar standard + curriculum,43187200,443890.40625,446137.6354166667
Q0 Polar standard + curriculum,43238400,451399.0625,447070.1354166667
Q0 Polar standard + curriculum,43289600,445920.9375,447802.15625
Q0 Polar standard + curriculum,43340800,446086.46875,445340.5104166667
Q0 Polar standard + curriculum,43392000,444014.125,445252.0416666667
Q0 Polar standard + curriculum,43443200,445655.53125,441996.71875
Q0 Polar standard + curriculum,43494400,436320.5,442239.9166666667
Q0 Polar standard + curriculum,43545600,444743.71875,441335.1041666667
Q0 Polar standard + curriculum,43596800,442941.09375,441901.6875
Q0 Polar standard + curriculum,43648000,438020.25,439021.8333333333
Q0 Polar standard + curriculum,43699200,436104.15625,437879.3229166667
Q0 Polar standard + curriculum,43750400,439513.5625,438321.0520833333
Q0 Polar standard + curriculum,43801600,439345.4375,439567.6458333333
Q0 Polar standard + curriculum,43852800,439843.9375,440614.8333333333
Q0 Polar standard + curriculum,43904000,442655.125,441876.9479166667
Q0 Polar standard + curriculum,43955200,443131.78125,446002.625
Q0 Polar standard + curriculum,44006400,452220.96875,448160.3958333333
Q0 Polar standard + curriculum,44057600,449128.4375,449927.6354166667
Q0 Polar standard + curriculum,44108800,448433.5,447438.0833333333
Q0 Polar standard + curriculum,44160000,444752.3125,448617.4270833333
Q0 Polar standard + curriculum,44211200,452666.46875,449084.09375
Q0 Polar standard + curriculum,44262400,449833.5,451257.03125
Q0 Polar standard + curriculum,44313600,451271.125,448135.5416666667
Q0 Polar standard + curriculum,44364800,443302.0,448220.5104166667
Q0 Polar standard + curriculum,44416000,450088.40625,445635.53125
Q0 Polar standard + curriculum,44467200,443516.1875,447118.5833333333
Q0 Polar standard + curriculum,44518400,447751.15625,445057.78125
Q0 Polar standard + curriculum,44569600,443906.0,448690.9479166667
Q0 Polar standard + curriculum,44620800,454415.6875,448270.40625
Q0 Polar standard + curriculum,44672000,446489.53125,450123.3229166667
Q0 Polar standard + curriculum,44723200,449464.75,449565.34375
Q0 Polar standard + curriculum,44774400,452741.75,449232.78125
Q0 Polar standard + curriculum,44825600,445491.84375,446547.4895833333
Q0 Polar standard + curriculum,44876800,441408.875,444631.6458333333
Q0 Polar standard + curriculum,44928000,446994.21875,444191.3020833333
Q0 Polar standard + curriculum,44979200,444170.8125,444281.2291666667
Q0 Polar standard + curriculum,45030400,441678.65625,444318.34375
Q0 Polar standard + curriculum,45081600,447105.5625,444024.0729166667
Q0 Polar standard + curriculum,45132800,443288.0,445629.7291666667
Q0 Polar standard + curriculum,45184000,446495.625,449248.59375
Q0 Polar standard + curriculum,45235200,457962.15625,453477.5416666667
Q0 Polar standard + curriculum,45286400,455974.84375,453431.6354166667
Q0 Polar standard + curriculum,45337600,446357.90625,450862.15625
Q0 Polar standard + curriculum,45388800,450253.71875,448166.46875
Q0 Polar standard + curriculum,45440000,447887.78125,449866.2083333333
Q0 Polar standard + curriculum,45491200,451457.125,449226.8541666667
Q0 Polar standard + curriculum,45542400,448335.65625,451515.8541666667
Q0 Polar standard + curriculum,45593600,454754.78125,451357.2916666667
Q0 Polar standard + curriculum,45644800,450981.4375,453348.46875
Q0 Polar standard + curriculum,45696000,454309.1875,453987.6875
Q0 Polar standard + curriculum,45747200,456672.4375,456288.2916666667
Q0 Polar standard + curriculum,45798400,457883.25,456559.5416666667
Q0 Polar standard + curriculum,45849600,455122.9375,451522.75
Q0 Polar standard + curriculum,45900800,441562.0625,449161.3854166667
Q0 Polar standard + curriculum,45952000,450799.15625,447429.7395833333
Q0 Polar standard + curriculum,46003200,449928.0,449488.4375
Q0 Polar standard + curriculum,46054400,447738.15625,449601.1875
Q0 Polar standard + curriculum,46105600,451137.40625,450475.3854166667
Q0 Polar standard + curriculum,46156800,452550.59375,452131.3333333333
Q0 Polar standard + curriculum,46208000,452706.0,453105.4166666667
Q0 Polar standard + curriculum,46259200,454059.65625,454771.9166666667
Q0 Polar standard + curriculum,46310400,457550.09375,455877.5833333333
Q0 Polar standard + curriculum,46361600,456023.0,457044.3645833333
Q0 Polar standard + curriculum,46412800,457560.0,453757.65625
Q0 Polar standard + curriculum,46464000,447689.96875,454655.1979166667
Q0 Polar standard + curriculum,46515200,458715.625,453617.15625
Q0 Polar standard + curriculum,46566400,454445.875,456966.3229166667
Q0 Polar standard + curriculum,46617600,457737.46875,456410.8333333333
Q0 Polar standard + curriculum,46668800,457049.15625,457089.125
Q0 Polar standard + curriculum,46720000,456480.75,453173.6666666667
Q0 Polar standard + curriculum,46771200,445991.09375,453111.0833333333
Q0 Polar standard + curriculum,46822400,456861.40625,453892.8333333333
Q0 Polar standard + curriculum,46873600,458826.0,459560.1041666667
Q0 Polar standard + curriculum,46924800,462992.90625,457600.1458333333
Q0 Polar standard + curriculum,46976000,450981.53125,457012.7291666667
Q0 Polar standard + curriculum,47027200,457063.75,454886.5520833333
Q0 Polar standard + curriculum,47078400,456614.375,456677.5625
Q0 Polar standard + curriculum,47129600,456354.5625,456168.25
Q0 Polar standard + curriculum,47180800,455535.8125,454960.1979166667
Q0 Polar standard + curriculum,47232000,452990.21875,453150.6354166667
Q0 Polar standard + curriculum,47283200,450925.875,453633.3229166667
Q0 Polar standard + curriculum,47334400,456983.875,453418.65625
Q0 Polar standard + curriculum,47385600,452346.21875,454408.4895833333
Q0 Polar standard + curriculum,47436800,453895.375,453200.7083333333
Q0 Polar standard + curriculum,47488000,453360.53125,454505.40625
Q0 Polar standard + curriculum,47539200,456260.3125,455937.8020833333
Q0 Polar standard + curriculum,47590400,458192.5625,457359.96875
Q0 Polar standard + curriculum,47641600,457627.03125,460050.40625
Q0 Polar standard + curriculum,47692800,464331.625,460472.125
Q0 Polar standard + curriculum,47744000,459457.71875,463479.7604166667
Q0 Polar standard + curriculum,47795200,466649.9375,462216.4583333333
Q0 Polar standard + curriculum,47846400,460541.71875,463493.9479166667
Q0 Polar standard + curriculum,47897600,463290.1875,460670.84375
Q0 Polar standard + curriculum,47948800,458180.625,458968.75
Q0 Polar standard + curriculum,48000000,455435.4375,458202.0104166667
Q0 Polar standard + curriculum,48051200,460989.96875,456914.3125
Q0 Polar standard + curriculum,48102400,454317.53125,457947.2395833333
Q0 Polar standard + curriculum,48153600,458534.21875,454950.1354166667
Q0 Polar standard + curriculum,48204800,451998.65625,455810.28125
Q0 Polar standard + curriculum,48256000,456897.96875,454826.2708333333
Q0 Polar standard + curriculum,48307200,455582.1875,455862.4166666667
Q0 Polar standard + curriculum,48358400,455107.09375,456711.65625
Q0 Polar standard + curriculum,48409600,459445.6875,456859.4583333333
Q0 Polar standard + curriculum,48460800,456025.59375,458951.96875
Q0 Polar standard + curriculum,48512000,461384.625,460243.7604166667
Q0 Polar standard + curriculum,48563200,463321.0625,460403.3229166667
Q0 Polar standard + curriculum,48614400,456504.28125,458094.8854166667
Q0 Polar standard + curriculum,48665600,454459.3125,457004.4479166667
Q0 Polar standard + curriculum,48716800,460049.75,458330.34375
Q0 Polar standard + curriculum,48768000,460481.96875,462692.7395833333
Q0 Polar standard + curriculum,48819200,467546.5,461253.21875
Q0 Polar standard + curriculum,48870400,455731.1875,461307.5416666667
Q0 Polar standard + curriculum,48921600,460644.9375,459840.15625
Q0 Polar standard + curriculum,48972800,463144.34375,461051.3958333333
Q0 Polar standard + curriculum,49024000,459364.90625,460682.6145833333
Q0 Polar standard + curriculum,49075200,459538.59375,461991.1666666667
Q0 Polar standard + curriculum,49126400,467070.0,465138.375
Q0 Polar standard + curriculum,49177600,468806.53125,468243.75
Q0 Polar standard + curriculum,49228800,468854.71875,468756.2916666667
Q0 Polar standard + curriculum,49280000,468607.625,470181.1041666667
Q0 Polar standard + curriculum,49331200,473080.96875,470938.84375
Q0 Polar standard + curriculum,49382400,471127.9375,471370.875
Q0 Polar standard + curriculum,49433600,469903.71875,469332.4895833333
Q0 Polar standard + curriculum,49484800,466965.8125,469508.7604166667
Q0 Polar standard + curriculum,49536000,471656.75,471846.875
Q0 Polar standard + curriculum,49587200,476918.0625,474686.2083333333
Q0 Polar standard + curriculum,49638400,475483.8125,475872.7604166667
Q0 Polar standard + curriculum,49689600,475216.40625,475200.0416666667
Q0 Polar standard + curriculum,49740800,474899.90625,475698.0729166667
Q0 Polar standard + curriculum,49792000,476977.90625,475846.7083333333
Q0 Polar standard + curriculum,49843200,475662.3125,474141.0833333333
Q0 Polar standard + curriculum,49894400,469783.03125,471204.3333333333
Q0 Polar standard + curriculum,49945600,468167.65625,468315.1875
Q0 Polar standard + curriculum,49996800,466994.875,466644.7604166667
Q0 Polar standard + curriculum,50048000,464771.75,465505.0
Q0 Polar standard + curriculum,50099200,464748.375,464193.03125
Q0 Polar standard + curriculum,50150400,463058.96875,463101.8229166667
Q0 Polar standard + curriculum,50201600,461498.125,464227.8958333333
Q0 Polar standard + curriculum,50252800,468126.59375,465877.0104166667
Q0 Polar standard + curriculum,50304000,468006.3125,469042.0520833333
Q0 Polar standard + curriculum,50355200,470993.25,469522.9583333333
Q0 Polar standard + curriculum,50406400,469569.3125,469069.3229166667
Q0 Polar standard + curriculum,50457600,466645.40625,468329.9479166667
Q0 Polar standard + curriculum,50508800,468775.125,467149.3125
Q0 Polar standard + curriculum,50560000,466027.40625,467973.09375
Q0 Polar standard + curriculum,50611200,469116.75,467772.1458333333
Q0 Polar standard + curriculum,50662400,468172.28125,470381.375
Q0 Polar standard + curriculum,50713600,473855.09375,472155.40625
Q0 Polar standard + curriculum,50764800,474438.84375,473615.5104166667
Q0 Polar standard + curriculum,50816000,472552.59375,470895.6041666667
Q0 Polar standard + curriculum,50867200,465695.375,466603.5625
Q0 Polar standard + curriculum,50918400,461562.71875,463653.28125
Q0 Polar standard + curriculum,50969600,463701.75,464372.53125
Q0 Polar standard + curriculum,51020800,467853.125,466975.1666666667
Q0 Polar standard + curriculum,51072000,469370.625,469038.875
Q0 Polar standard + curriculum,51123200,469892.875,467633.8541666667
Q0 Polar standard + curriculum,51174400,463638.0625,464187.2916666667
Q0 Polar standard + curriculum,51225600,459030.9375,461022.5625
Q0 Polar standard + curriculum,51276800,460398.6875,459548.2083333333
Q0 Polar standard + curriculum,51328000,459215.0,459370.21875
Q0 Polar standard + curriculum,51379200,458496.96875,458651.6875
Q0 Polar standard + curriculum,51430400,458243.09375,457772.7395833333
Q0 Polar standard + curriculum,51481600,456578.15625,457596.09375
Q0 Polar standard + curriculum,51532800,457967.03125,459284.4375
Q0 Polar standard + curriculum,51584000,463308.125,461823.8333333333
Q0 Polar standard + curriculum,51635200,464196.34375,463955.0104166667
Q0 Polar standard + curriculum,51686400,464360.5625,464259.7395833333
Q0 Polar standard + curriculum,51737600,464222.3125,464617.6354166667
Q0 Polar standard + curriculum,51788800,465270.03125,464691.28125
Q0 Polar standard + curriculum,51840000,464581.5,464899.71875
Q0 Polar standard + curriculum,51891200,464847.625,465228.3541666667
Q0 Polar standard + curriculum,51942400,466255.9375,465952.53125
Q0 Polar standard + curriculum,51993600,466754.03125,467185.59375
Q0 Polar standard + curriculum,52044800,468546.8125,467943.7083333333
Q0 Polar standard + curriculum,52096000,468530.28125,469241.46875
Q0 Polar standard + curriculum,52147200,470647.3125,466183.3229166667
Q0 Polar standard + curriculum,52198400,459372.375,464322.84375
Q0 Polar standard + curriculum,52249600,462948.84375,461517.65625
Q0 Polar standard + curriculum,52300800,462231.75,463161.5208333333
Q0 Polar standard + curriculum,52352000,464303.96875,464067.3229166667
Q0 Polar standard + curriculum,52403200,465666.25,465259.6145833333
Q0 Polar standard + curriculum,52454400,465808.625,464472.6041666667
Q0 Polar standard + curriculum,52505600,461942.9375,463239.7916666667
Q0 Polar standard + curriculum,52556800,461967.8125,462954.2395833333
Q0 Polar standard + curriculum,52608000,464951.96875,465531.6458333333
Q0 Polar standard + curriculum,52659200,469675.15625,469492.5833333333
Q0 Polar standard + curriculum,52710400,473850.625,470418.4895833333
Q0 Polar standard + curriculum,52761600,467729.6875,470487.3958333333
Q0 Polar standard + curriculum,52812800,469881.875,468422.3958333333
Q0 Polar standard + curriculum,52864000,467655.625,467615.0833333333
Q0 Polar standard + curriculum,52915200,465307.75,465852.4583333333
Q0 Polar standard + curriculum,52966400,464594.0,466028.0833333333
Q0 Polar standard + curriculum,53017600,468182.5,467979.3645833333
Q0 Polar standard + curriculum,53068800,471161.59375,470989.1354166667
Q0 Polar standard + curriculum,53120000,473623.3125,470143.90625
Q0 Polar standard + curriculum,53171200,465646.8125,467019.8645833333
Q0 Polar standard + curriculum,53222400,461789.46875,464093.1041666667
Q0 Polar standard + curriculum,53273600,464843.03125,464436.0625
Q0 Polar standard + curriculum,53324800,466675.6875,466965.7395833333
Q0 Polar standard + curriculum,53376000,469378.5,466989.25
Q0 Polar standard + curriculum,53427200,464913.5625,466551.7395833333
Q0 Polar standard + curriculum,53478400,465363.15625,462627.2395833333
Q0 Polar standard + curriculum,53529600,457605.0,459735.6875
Q0 Polar standard + curriculum,53580800,456238.90625,456645.3645833333
Q0 Polar standard + curriculum,53632000,456092.1875,457523.96875
Q0 Polar standard + curriculum,53683200,460240.8125,459397.09375
Q0 Polar standard + curriculum,53734400,461858.28125,460375.0729166667
Q0 Polar standard + curriculum,53785600,459026.125,460768.09375
Q0 Polar standard + curriculum,53836800,461419.875,460069.6979166667
Q0 Polar standard + curriculum,53888000,459763.09375,460286.5729166667
Q0 Polar standard + curriculum,53939200,459676.75,460904.4895833333
Q0 Polar standard + curriculum,53990400,463273.625,462669.0104166667
Q0 Polar standard + curriculum,54041600,465056.65625,463168.7291666667
Q0 Polar standard + curriculum,54092800,461175.90625,462025.7916666667
Q0 Polar standard + curriculum,54144000,459844.8125,460491.0625
Q0 Polar standard + curriculum,54195200,460452.46875,460757.4479166667
Q0 Polar standard + curriculum,54246400,461975.0625,462223.6770833333
Q0 Polar standard + curriculum,54297600,464243.5,461729.03125
Q0 Polar standard + curriculum,54348800,458968.53125,460606.8541666667
Q0 Polar standard + curriculum,54400000,458608.53125,460164.6770833333
Q0 Polar standard + curriculum,54451200,462916.96875,459975.8541666667
Q0 Polar standard + curriculum,54502400,458402.0625,459913.03125
Q0 Polar standard + curriculum,54553600,458420.0625,456567.2916666667
Q0 Polar standard + curriculum,54604800,452879.75,456204.0833333333
Q0 Polar standard + curriculum,54656000,457312.4375,456417.1041666667
Q0 Polar standard + curriculum,54707200,459059.125,458262.0208333333
Q0 Polar standard + curriculum,54758400,458414.5,459137.46875
Q0 Polar standard + curriculum,54809600,459938.78125,460596.28125
Q0 Polar standard + curriculum,54860800,463435.5625,459919.7916666667
Q0 Polar standard + curriculum,54912000,456385.03125,458350.4375
Q0 Polar standard + curriculum,54963200,455230.71875,454744.2083333333
Q0 Polar standard + curriculum,55014400,452616.875,453018.8229166667
Q0 Polar standard + curriculum,55065600,451208.875,454580.34375
Q0 Polar standard + curriculum,55116800,459915.28125,455184.84375
Q0 Polar standard + curriculum,55168000,454430.375,455917.6041666667
Q0 Polar standard + curriculum,55219200,453407.15625,457865.1875
Q0 Polar standard + curriculum,55270400,465758.03125,458812.15625
Q0 Polar standard + curriculum,55321600,457271.28125,462116.0833333333
Q0 Polar standard + curriculum,55372800,463318.9375,462773.15625
Q0 Polar standard + curriculum,55424000,467729.25,465814.59375
Q0 Polar standard + curriculum,55475200,466395.59375,467447.3020833333
Q0 Polar standard + curriculum,55526400,468217.0625,466634.25
Q0 Polar standard + curriculum,55577600,465290.09375,466904.3958333333
Q0 Polar standard + curriculum,55628800,467206.03125,465688.9791666667
Q0 Polar standard + curriculum,55680000,464570.8125,466447.625
Q0 Polar standard + curriculum,55731200,467566.03125,464831.5833333333
Q0 Polar standard + curriculum,55782400,462357.90625,463951.2395833333
Q0 Polar standard + curriculum,55833600,461929.78125,464075.8229166667
Q0 Polar standard + curriculum,55884800,467939.78125,466110.6979166667
Q0 Polar standard + curriculum,55936000,468462.53125,467448.5416666667
Q0 Polar standard + curriculum,55987200,465943.3125,467695.9270833333
Q0 Polar standard + curriculum,56038400,468681.9375,467134.1145833333
Q0 Polar standard + curriculum,56089600,466777.09375,467141.3020833333
Q0 Polar standard + curriculum,56140800,465964.875,466640.2083333333
Q0 Polar standard + curriculum,56192000,467178.65625,465572.65625
Q0 Polar standard + curriculum,56243200,463574.4375,465453.8541666667
Q0 Polar standard + curriculum,56294400,465608.46875,463950.90625
Q0 Polar standard + curriculum,56345600,462669.8125,464802.4895833333
Q0 Polar standard + curriculum,56396800,466129.1875,465533.1979166667
Q0 Polar standard + curriculum,56448000,467800.59375,466849.1354166667
Q0 Polar standard + curriculum,56499200,466617.625,464754.1145833333
Q0 Polar standard + curriculum,56550400,459844.125,461793.3229166667
Q0 Polar standard + curriculum,56601600,458918.21875,458303.9583333333
Q0 Polar standard + curriculum,56652800,456149.53125,457453.4895833333
Q0 Polar standard + curriculum,56704000,457292.71875,458594.875
Q0 Polar standard + curriculum,56755200,462342.375,459050.9166666667
Q0 Polar standard + curriculum,56806400,457517.65625,459928.0
Q0 Polar standard + curriculum,56857600,459923.96875,460302.125
Q0 Polar standard + curriculum,56908800,463464.75,463585.7395833333
Q0 Polar standard + curriculum,56960000,467368.5,465253.2395833333
Q0 Polar standard + curriculum,57011200,464926.46875,466796.8541666667
Q0 Polar standard + curriculum,57062400,468095.59375,467040.6875
Q0 Polar standard + curriculum,57113600,468100.0,467479.59375
Q0 Polar standard + curriculum,57164800,466243.1875,466629.4270833333
Q0 Polar standard + curriculum,57216000,465545.09375,465705.5833333333
Q0 Polar standard + curriculum,57267200,465328.46875,464425.375
Q0 Polar standard + curriculum,57318400,462402.5625,464521.375
Q0 Polar standard + curriculum,57369600,465833.09375,464792.5
Q0 Polar standard + curriculum,57420800,466141.84375,465909.8333333333
Q0 Polar standard + curriculum,57472000,465754.5625,465776.8645833333
Q0 Polar standard + curriculum,57523200,465434.1875,467238.875
Q0 Polar standard + curriculum,57574400,470527.875,467269.8541666667
Q0 Polar standard + curriculum,57625600,465847.5,468291.1041666667
Q0 Polar standard + curriculum,57676800,468497.9375,468516.5520833333
Q0 Polar standard + curriculum,57728000,471204.21875,470499.03125
Q0 Polar standard + curriculum,57779200,471794.9375,470364.2083333333
Q0 Polar standard + curriculum,57830400,468093.46875,470296.5625
Q0 Polar standard + curriculum,57881600,471001.28125,469524.25
Q0 Polar standard + curriculum,57932800,469478.0,469608.6354166667
Q0 Polar standard + curriculum,57984000,468346.625,467469.09375
Q0 Polar standard + curriculum,58035200,464582.65625,467175.5104166667
Q0 Polar standard + curriculum,58086400,468597.25,467386.9895833333
Q0 Polar standard + curriculum,58137600,468981.0625,469098.1354166667
Q0 Polar standard + curriculum,58188800,469716.09375,469708.8125
Q0 Polar standard + curriculum,58240000,470429.28125,470525.4166666667
Q0 Polar standard + curriculum,58291200,471430.875,472294.9895833333
Q0 Polar standard + curriculum,58342400,475024.8125,472846.8541666667
Q0 Polar standard + curriculum,58393600,472084.875,472230.2083333333
Q0 Polar standard + curriculum,58444800,469580.9375,471417.4270833333
Q0 Polar standard + curriculum,58496000,472586.46875,472009.0520833333
Q0 Polar standard + curriculum,58547200,473859.75,473077.5416666667
Q0 Polar standard + curriculum,58598400,472786.40625,472616.5520833333
Q0 Polar standard + curriculum,58649600,471203.5,470606.5416666667
Q0 Polar standard + curriculum,58700800,467829.71875,469299.375
Q0 Polar standard + curriculum,58752000,468864.90625,469234.5416666667
Q0 Polar standard + curriculum,58803200,471009.0,470447.7916666667
Q0 Polar standard + curriculum,58854400,471469.46875,471206.84375
Q0 Polar standard + curriculum,58905600,471142.0625,471209.15625
Q0 Polar standard + curriculum,58956800,471015.9375,470542.9895833333
Q0 Polar standard + curriculum,59008000,469470.96875,470135.8020833333
Q0 Polar standard + curriculum,59059200,469920.5,469910.7708333333
Q0 Polar standard + curriculum,59110400,470340.84375,470888.28125
Q0 Polar standard + curriculum,59161600,472403.5,471319.0104166667
Q0 Polar standard + curriculum,59212800,471212.6875,472412.75
Q0 Polar standard + curriculum,59264000,473622.0625,472453.4479166667
Q0 Polar standard + curriculum,59315200,472525.59375,474256.7083333333
Q0 Polar standard + curriculum,59366400,476622.46875,473825.3333333333
Q0 Polar standard + curriculum,59417600,472327.9375,475422.9270833333
Q0 Polar standard + curriculum,59468800,477318.375,475029.8125
Q0 Polar standard + curriculum,59520000,475443.125,474822.3333333333
Q0 Polar standard + curriculum,59571200,471705.5,473627.0416666667
Q0 Polar standard + curriculum,59622400,473732.5,474013.0520833333
Q0 Polar standard + curriculum,59673600,476601.15625,474731.6979166667
Q0 Polar standard + curriculum,59724800,473861.4375,474806.6770833333
Q0 Polar standard + curriculum,59776000,473957.4375,472465.8020833333
Q0 Polar standard + curriculum,59827200,469578.53125,472210.7916666667
Q0 Polar standard + curriculum,59878400,473096.40625,472650.5833333333
Q0 Polar standard + curriculum,59929600,475276.8125,474349.6354166667
Q0 Polar standard + curriculum,59980800,474675.6875,473642.4791666667
Q0 Polar standard + curriculum,60032000,470974.9375,473034.3541666667
Q0 Polar standard + curriculum,60083200,473452.4375,473016.53125
Q0 Polar standard + curriculum,60134400,474622.21875,474500.2708333333
Q0 Polar standard + curriculum,60185600,475426.15625,475189.2708333333
Q0 Polar standard + curriculum,60236800,475519.4375,474972.59375
Q0 Polar standard + curriculum,60288000,473972.1875,474646.3333333333
Q0 Polar standard + curriculum,60339200,474447.375,474151.09375
Q0 Polar standard + curriculum,60390400,474033.71875,474141.7083333333
Q0 Polar standard + curriculum,60441600,473944.03125,473535.3125
Q0 Polar standard + curriculum,60492800,472628.1875,471232.2708333333
Q0 Polar standard + curriculum,60544000,467124.59375,469631.28125
Q0 Polar standard + curriculum,60595200,469141.0625,467792.8020833333
Q0 Polar standard + curriculum,60646400,467112.75,468472.84375
Q0 Polar standard + curriculum,60697600,469164.71875,468974.9895833333
Q0 Polar standard + curriculum,60748800,470647.5,469804.2291666667
Q0 Polar standard + curriculum,60800000,469600.46875,470011.3958333333
Q0 Polar standard + curriculum,60851200,469786.21875,469417.6666666667
Q0 Polar standard + curriculum,60902400,468866.3125,468354.8645833333
Q0 Polar standard + curriculum,60953600,466412.0625,467717.15625
Q0 Polar standard + curriculum,61004800,467873.09375,467344.7916666667
Q0 Polar standard + curriculum,61056000,467749.21875,468219.0416666667
Q0 Polar standard + curriculum,61107200,469034.8125,468908.4583333333
Q0 Polar standard + curriculum,61158400,469941.34375,469399.4375
Q0 Polar standard + curriculum,61209600,469222.15625,468621.4583333333
Q0 Polar standard + curriculum,61260800,466700.875,468825.8958333333
Q0 Polar standard + curriculum,61312000,470554.65625,469815.625
Q0 Polar standard + curriculum,61363200,472191.34375,469781.0520833333
Q0 Polar standard + curriculum,61414400,466597.15625,467980.875
Q0 Polar standard + curriculum,61465600,465154.125,466353.7708333333
Q0 Polar standard + curriculum,61516800,467310.03125,467553.4583333333
Q0 Polar standard + curriculum,61568000,470196.21875,467890.0
Q0 Polar standard + curriculum,61619200,466163.75,468880.21875
Q0 Polar standard + curriculum,61670400,470280.6875,470106.4270833333
Q0 Polar standard + curriculum,61721600,473874.84375,471089.2604166667
Q0 Polar standard + curriculum,61772800,469112.25,470112.0520833333
Q0 Polar standard + curriculum,61824000,467349.0625,468101.8020833333
Q0 Polar standard + curriculum,61875200,467844.09375,466433.71875
Q0 Polar standard + curriculum,61926400,464108.0,465779.3645833333
Q0 Polar standard + curriculum,61977600,465386.0,465535.1770833333
Q0 Polar standard + curriculum,62028800,467111.53125,466048.2916666667
Q0 Polar standard + curriculum,62080000,465647.34375,463826.5520833333
Q0 Polar standard + curriculum,62131200,458720.78125,460348.3541666667
Q0 Polar standard + curriculum,62182400,456676.9375,458409.46875
Q0 Polar standard + curriculum,62233600,459830.6875,458873.8541666667
Q0 Polar standard + curriculum,62284800,460113.9375,461173.7395833333
Q0 Polar standard + curriculum,62336000,463576.59375,462101.3958333333
Q0 Polar standard + curriculum,62387200,462613.65625,462864.0416666667
Q0 Polar standard + curriculum,62438400,462401.875,462754.5625
Q0 Polar standard + curriculum,62489600,463248.15625,463022.0729166667
Q0 Polar standard + curriculum,62540800,463416.1875,462735.8541666667
Q0 Polar standard + curriculum,62592000,461543.21875,461588.9583333333
Q0 Polar standard + curriculum,62643200,459807.46875,460649.3541666667
Q0 Polar standard + curriculum,62694400,460597.375,460345.8125
Q0 Polar standard + curriculum,62745600,460632.59375,459275.3333333333
Q0 Polar standard + curriculum,62796800,456596.03125,459557.6354166667
Q0 Polar standard + curriculum,62848000,461444.28125,459265.34375
Q0 Polar standard + curriculum,62899200,459755.71875,461467.4375
Q0 Polar standard + curriculum,62950400,463202.3125,462213.4791666667
Q0 Polar standard + curriculum,63001600,463682.40625,463713.6875
Q0 Polar standard + curriculum,63052800,464256.34375,463439.4166666667
Q0 Polar standard + curriculum,63104000,462379.5,463485.0208333333
Q0 Polar standard + curriculum,63155200,463819.21875,461815.09375
Q0 Polar standard + curriculum,63206400,459246.5625,460527.9166666667
Q0 Polar standard + curriculum,63257600,458517.96875,458766.1145833333
Q0 Polar standard + curriculum,63308800,458533.8125,459426.21875
Q0 Polar standard + curriculum,63360000,461226.875,460969.625
Q0 Polar standard + curriculum,63411200,463148.1875,462736.875
Q0 Polar standard + curriculum,63462400,463835.5625,463526.3020833333
Q0 Polar standard + curriculum,63513600,463595.15625,463236.4791666667
Q0 Polar standard + curriculum,63564800,462278.71875,464928.1354166667
Q0 Polar standard + curriculum,63616000,468910.53125,466418.9270833333
Q0 Polar standard + curriculum,63667200,468067.53125,468059.2916666667
Q0 Polar standard + curriculum,63718400,467199.8125,469162.2604166667
Q0 Polar standard + curriculum,63769600,472219.4375,471085.2916666667
Q0 Polar standard + curriculum,63820800,473836.625,471697.5520833333
Q0 Polar standard + curriculum,63872000,469036.59375,469840.9791666667
Q0 Polar standard + curriculum,63923200,466649.71875,468118.3854166667
Q0 Polar standard + curriculum,63974400,468668.84375,469813.9166666667
Q0 Polar standard + curriculum,64025600,474123.1875,471719.0625
Q0 Polar standard + curriculum,64076800,472365.15625,473269.4166666667
Q0 Polar standard + curriculum,64128000,473319.90625,473252.3958333333
Q0 Polar standard + curriculum,64179200,474072.125,471521.96875
Q0 Polar standard + curriculum,64230400,467173.875,470347.09375
Q0 Polar standard + curriculum,64281600,469795.28125,468661.2083333333
Q0 Polar standard + curriculum,64332800,469014.46875,468233.1354166667
Q0 Polar standard + curriculum,64384000,465889.65625,466163.875
Q0 Polar standard + curriculum,64435200,463587.5,464177.875
Q0 Polar standard + curriculum,64486400,463056.46875,463071.8645833333
Q0 Polar standard + curriculum,64537600,462571.625,465127.3333333333
Q0 Polar standard + curriculum,64588800,469753.90625,468515.53125
Q0 Polar standard + curriculum,64640000,473221.0625,473406.8854166667
Q0 Polar standard + curriculum,64691200,477245.6875,474945.125
Q0 Polar standard + curriculum,64742400,474368.625,474439.5416666667
Q0 Polar standard + curriculum,64793600,471704.3125,472979.2291666667
Q0 Polar standard + curriculum,64844800,472864.75,472070.0625
Q0 Polar standard + curriculum,64896000,471641.125,473750.4895833333
Q0 Polar standard + curriculum,64947200,476745.59375,473772.0833333333
Q0 Polar standard + curriculum,64998400,472929.53125,474966.6875
Q0 Polar standard + curriculum,65049600,475224.9375,473991.1458333333
Q0 Polar standard + curriculum,65100800,473818.96875,474640.4895833333
Q0 Polar standard + curriculum,65152000,474877.5625,474765.3958333333
Q0 Polar standard + curriculum,65203200,475599.65625,474015.7708333333
Q0 Polar standard + curriculum,65254400,471570.09375,474585.0208333333
Q0 Polar standard + curriculum,65305600,476585.3125,474214.3333333333
Q0 Polar standard + curriculum,65356800,474487.59375,475249.375
Q0 Polar standard + curriculum,65408000,474675.21875,473294.4895833333
Q0 Polar standard + curriculum,65459200,470720.65625,474054.4479166667
Q0 Polar standard + curriculum,65510400,476767.46875,473981.25
Q0 Polar standard + curriculum,65561600,474455.625,474939.21875
Q0 Polar standard + curriculum,65612800,473594.5625,475041.28125
Q0 Polar standard + curriculum,65664000,477073.65625,473546.5
Q0 Polar standard + curriculum,65715200,469971.28125,473353.2708333333
Q0 Polar standard + curriculum,65766400,473014.875,473265.65625
Q0 Polar standard + curriculum,65817600,476810.8125,475047.6041666667
Q0 Polar standard + curriculum,65868800,475317.125,474821.3854166667
Q0 Polar standard + curriculum,65920000,472336.21875,473753.84375
Q0 Polar standard + curriculum,65971200,473608.1875,472863.8645833333
Q0 Polar standard + curriculum,66022400,472647.1875,473146.8958333333
Q0 Polar standard + curriculum,66073600,473185.3125,472657.9375
Q0 Polar standard + curriculum,66124800,472141.3125,473728.1041666667
Q0 Polar standard + curriculum,66176000,475857.6875,474885.3958333333
Q0 Polar standard + curriculum,66227200,476657.1875,476450.6666666667
Q0 Polar standard + curriculum,66278400,476837.125,475368.5
Q0 Polar standard + curriculum,66329600,472611.1875,472975.53125
Q0 Polar standard + curriculum,66380800,469478.28125,471610.1979166667
Q0 Polar standard + curriculum,66432000,472741.125,471356.9895833333
Q0 Polar standard + curriculum,66483200,471851.5625,473794.4166666667
Q0 Polar standard + curriculum,66534400,476790.5625,474081.4166666667
Q0 Polar standard + curriculum,66585600,473602.125,475158.8020833333
Q0 Polar standard + curriculum,66636800,475083.71875,474262.2604166667
Q0 Polar standard + curriculum,66688000,474100.9375,475070.7708333333
Q0 Polar standard + curriculum,66739200,476027.65625,475068.4895833333
Q0 Polar standard + curriculum,66790400,475076.875,475916.1875
Q0 Polar standard + curriculum,66841600,476644.03125,474437.4895833333
Q0 Polar standard + curriculum,66892800,471591.5625,473648.2708333333
Q0 Polar standard + curriculum,66944000,472709.21875,473145.40625
Q0 Polar standard + curriculum,66995200,475135.4375,474794.8333333333
Q0 Polar standard + curriculum,67046400,476539.84375,475315.34375
Q0 Polar standard + curriculum,67097600,474270.75,474930.0625
Q0 Polar standard + curriculum,67148800,473979.59375,473321.6041666667
Q0 Polar standard + curriculum,67200000,471714.46875,472423.2395833333
Q0 Polar standard + curriculum,67251200,471575.65625,472692.5833333333
Q0 Polar standard + curriculum,67302400,474787.625,472841.7916666667
Q0 Polar standard + curriculum,67353600,472162.09375,473100.34375
Q0 Polar standard + curriculum,67404800,472351.3125,473317.15625
Q0 Polar standard + curriculum,67456000,475438.0625,474693.5416666667
Q0 Polar standard + curriculum,67507200,476291.25,476434.09375
Q0 Polar standard + curriculum,67558400,477572.96875,477147.9375
Q0 Polar standard + curriculum,67609600,477579.59375,477521.5833333333
Q0 Polar standard + curriculum,67660800,477412.1875,477777.0
Q0 Polar standard + curriculum,67712000,478339.21875,476729.5208333333
Q0 Polar standard + curriculum,67763200,474437.15625,474287.59375
Q0 Polar standard + curriculum,67814400,470086.40625,470660.25
Q0 Polar standard + curriculum,67865600,467457.1875,468292.40625
Q0 Polar standard + curriculum,67916800,467333.625,468921.5625
Q0 Polar standard + curriculum,67968000,471973.875,469737.6770833333
Q0 Polar standard + curriculum,68019200,469905.53125,471244.1875
Q0 Polar standard + curriculum,68070400,471853.15625,471954.375
Q0 Polar standard + curriculum,68121600,474104.4375,473438.9166666667
Q0 Polar standard + curriculum,68172800,474359.15625,475924.8333333333
Q0 Polar standard + curriculum,68224000,479310.90625,480640.28125
Q0 Polar standard + curriculum,68275200,488250.78125,485715.6145833333
Q0 Polar standard + curriculum,68326400,489585.15625,487789.21875
Q0 Polar standard + curriculum,68377600,485531.71875,486677.5833333333
Q0 Polar standard + curriculum,68428800,484915.875,485869.5833333333
Q0 Polar standard + curriculum,68480000,487161.15625,486848.8645833333
Q0 Polar standard + curriculum,68531200,488469.5625,487107.0520833333
Q0 Polar standard + curriculum,68582400,485690.4375,486264.78125
Q0 Polar standard + curriculum,68633600,484634.34375,486402.0
Q0 Polar standard + curriculum,68684800,488881.21875,486670.6041666667
Q0 Polar standard + curriculum,68736000,486496.25,486196.5104166667
Q0 Polar standard + curriculum,68787200,483212.0625,483526.1979166667
Q0 Polar standard + curriculum,68838400,480870.28125,481859.4895833333
Q0 Polar standard + curriculum,68889600,481496.125,480469.0833333333
Q0 Polar standard + curriculum,68940800,479040.84375,479844.4375
Q0 Polar standard + curriculum,68992000,478996.34375,479818.2083333333
Q0 Polar standard + curriculum,69043200,481417.4375,482029.1875
Q0 Polar standard + curriculum,69094400,485673.78125,484501.4791666667
Q0 Polar standard + curriculum,69145600,486413.21875,486221.3229166667
Q0 Polar standard + curriculum,69196800,486576.96875,486341.1041666667
Q0 Polar standard + curriculum,69248000,486033.125,486681.84375
Q0 Polar standard + curriculum,69299200,487435.4375,489155.2291666667
Q0 Polar standard + curriculum,69350400,493997.125,491589.6979166667
Q0 Polar standard + curriculum,69401600,493336.53125,493415.4270833333
Q0 Polar standard + curriculum,69452800,492912.625,494030.8229166667
Q0 Polar standard + curriculum,69504000,495843.3125,495447.2708333333
Q0 Polar standard + curriculum,69555200,497585.875,497420.1458333333
Q0 Polar standard + curriculum,69606400,498831.25,497873.28125
Q0 Polar standard + curriculum,69657600,497202.71875,495237.125
Q0 Polar standard + curriculum,69708800,489677.40625,490727.1145833333
Q0 Polar standard + curriculum,69760000,485301.21875,488948.5208333333
Q0 Polar standard + curriculum,69811200,491866.9375,488537.9166666667
Q0 Polar standard + curriculum,69862400,488445.59375,488569.6458333333
Q0 Polar standard + curriculum,69913600,485396.40625,487073.2291666667
Q0 Polar standard + curriculum,69964800,487377.6875,485703.21875
Q0 Polar standard + curriculum,70016000,484335.5625,485200.3958333333
Q0 Polar standard + curriculum,70067200,483887.9375,485841.8333333333
Q0 Polar standard + curriculum,70118400,489302.0,487696.0729166667
Q0 Polar standard + curriculum,70169600,489898.28125,492318.78125
Q0 Polar standard + curriculum,70220800,497756.0625,496515.125
Q0 Polar standard + curriculum,70272000,501891.03125,499941.1666666667
Q0 Polar standard + curriculum,70323200,500176.40625,498590.21875
Q0 Polar standard + curriculum,70374400,493703.21875,498054.7708333333
Q0 Polar standard + curriculum,70425600,500284.6875,497678.2604166667
Q0 Polar standard + curriculum,70476800,499046.875,500020.3958333333
Q0 Polar standard + curriculum,70528000,500729.625,500095.3333333333
Q0 Polar standard + curriculum,70579200,500509.5,499180.8229166667
Q0 Polar standard + curriculum,70630400,496303.34375,496824.28125
Q0 Polar standard + curriculum,70681600,493660.0,494143.3541666667
Q0 Polar standard + curriculum,70732800,492466.71875,493105.78125
Q0 Polar standard + curriculum,70784000,493190.625,494396.78125
Q0 Polar standard + curriculum,70835200,497533.0,493799.3541666667
Q0 Polar standard + curriculum,70886400,490674.4375,493765.4791666667
Q0 Polar standard + curriculum,70937600,493089.0,492513.71875
Q0 Polar standard + curriculum,70988800,493777.71875,493597.90625
Q0 Polar standard + curriculum,71040000,493927.0,492979.125
Q0 Polar standard + curriculum,71091200,491232.65625,493876.6979166667
Q0 Polar standard + curriculum,71142400,496470.4375,495374.28125
Q0 Polar standard + curriculum,71193600,498419.75,497575.3333333333
Q0 Polar standard + curriculum,71244800,497835.8125,497412.21875
Q0 Polar standard + curriculum,71296000,495981.09375,495008.53125
Q0 Polar standard + curriculum,71347200,491208.6875,491184.1666666667
Q0 Polar standard + curriculum,71398400,486362.71875,488440.8125
Q0 Polar standard + curriculum,71449600,487751.03125,486744.71875
Q0 Polar standard + curriculum,71500800,486120.40625,487064.5104166667
Q0 Polar standard + curriculum,71552000,487322.09375,487701.0625
Q0 Polar standard + curriculum,71603200,489660.6875,489017.3958333333
Q0 Polar standard + curriculum,71654400,490069.40625,491808.7083333333
Q0 Polar standard + curriculum,71705600,495696.03125,492604.3854166667
Q0 Polar standard + curriculum,71756800,492047.71875,493121.875
Q0 Polar standard + curriculum,71808000,491621.875,491401.8333333333
Q0 Polar standard + curriculum,71859200,490535.90625,490588.3854166667
Q0 Polar standard + curriculum,71910400,489607.375,488679.0729166667
Q0 Polar standard + curriculum,71961600,485893.9375,488281.6354166667
Q0 Polar standard + curriculum,72012800,489343.59375,488498.5833333333
Q0 Polar standard + curriculum,72064000,490258.21875,487593.8020833333
Q0 Polar standard + curriculum,72115200,483179.59375,486488.4895833333
Q0 Polar standard + curriculum,72166400,486027.65625,483883.0104166667
Q0 Polar standard + curriculum,72217600,482441.78125,483918.6041666667
Q0 Polar standard + curriculum,72268800,483286.375,483902.4375
Q0 Polar standard + curriculum,72320000,485979.15625,486044.4166666667
Q0 Polar standard + curriculum,72371200,488867.71875,486624.3854166667
Q0 Polar standard + curriculum,72422400,485026.28125,485828.9895833333
Q0 Polar standard + curriculum,72473600,483592.96875,484209.25
Q0 Polar standard + curriculum,72524800,484008.5,484334.4166666667
Q0 Polar standard + curriculum,72576000,485401.78125,484107.28125
Q0 Polar standard + curriculum,72627200,482911.5625,484657.40625
Q0 Polar standard + curriculum,72678400,485658.875,484442.5
Q0 Polar standard + curriculum,72729600,484757.0625,485418.6979166667
Q0 Polar standard + curriculum,72780800,485840.15625,485523.4270833333
Q0 Polar standard + curriculum,72832000,485973.0625,487053.75
Q0 Polar standard + curriculum,72883200,489348.03125,486604.3541666667
Q0 Polar standard + curriculum,72934400,484491.96875,486791.46875
Q0 Polar standard + curriculum,72985600,486534.40625,485412.125
Q0 Polar standard + curriculum,73036800,485210.0,487593.7395833333
Q0 Polar standard + curriculum,73088000,491036.8125,488955.03125
Q0 Polar standard + curriculum,73139200,490618.28125,490571.3645833333
Q0 Polar standard + curriculum,73190400,490059.0,488859.5208333333
Q0 Polar standard + curriculum,73241600,485901.28125,486783.0104166667
Q0 Polar standard + curriculum,73292800,484388.75,483849.0833333333
Q0 Polar standard + curriculum,73344000,481257.21875,482107.8541666667
Q0 Polar standard + curriculum,73395200,480677.59375,480484.1145833333
Q0 Polar standard + curriculum,73446400,479517.53125,480776.09375
Q0 Polar standard + curriculum,73497600,482133.15625,479338.0208333333
Q0 Polar standard + curriculum,73548800,476363.375,479326.375
Q0 Polar standard + curriculum,73600000,479482.59375,478091.0104166667
Q0 Polar standard + curriculum,73651200,478427.0625,480506.2708333333
Q0 Polar standard + curriculum,73702400,483609.15625,481498.59375
Q0 Polar standard + curriculum,73753600,482459.5625,483245.9791666667
Q0 Polar standard + curriculum,73804800,483669.21875,483953.1354166667
Q0 Polar standard + curriculum,73856000,485730.625,484723.4583333333
Q0 Polar standard + curriculum,73907200,484770.53125,485155.65625
Q0 Polar standard + curriculum,73958400,484965.8125,485021.0
Q0 Polar standard + curriculum,74009600,485326.65625,483277.4479166667
Q0 Polar standard + curriculum,74060800,479539.875,481280.5
Q0 Polar standard + curriculum,74112000,478974.96875,479267.7916666667
Q0 Polar standard + curriculum,74163200,479288.53125,479260.3125
Q0 Polar standard + curriculum,74214400,479517.4375,479674.2708333333
Q0 Polar standard + curriculum,74265600,480216.84375,480487.8958333333
Q0 Polar standard + curriculum,74316800,481729.40625,482122.2395833333
Q0 Polar standard + curriculum,74368000,484420.46875,482687.5104166667
Q0 Polar standard + curriculum,74419200,481912.65625,481432.7083333333
Q0 Polar standard + curriculum,74470400,477965.0,480472.4479166667
Q0 Polar standard + curriculum,74521600,481539.6875,479615.0416666667
Q0 Polar standard + curriculum,74572800,479340.4375,479729.7708333333
Q0 Polar standard + curriculum,74624000,478309.1875,480061.0833333333
Q0 Polar standard + curriculum,74675200,482533.625,480846.8645833333
Q0 Polar standard + curriculum,74726400,481697.78125,482183.25
Q0 Polar standard + curriculum,74777600,482318.34375,481487.03125
Q0 Polar standard + curriculum,74828800,480444.96875,481452.6770833333
Q0 Polar standard + curriculum,74880000,481594.71875,481891.8229166667
Q0 Polar standard + curriculum,74931200,483635.78125,482557.5520833333
Q0 Polar standard + curriculum,74982400,482442.15625,482242.7916666667
Q0 Polar standard + curriculum,75033600,480650.4375,480964.53125
Q0 Polar standard + curriculum,75084800,479801.0,480490.84375
Q0 Polar standard + curriculum,75136000,481021.09375,479997.03125
Q0 Polar standard + curriculum,75187200,479169.0,481334.25
Q0 Polar standard + curriculum,75238400,483812.65625,482230.65625
Q0 Polar standard + curriculum,75289600,483710.3125,483033.4479166667
Q0 Polar standard + curriculum,75340800,481577.375,482445.0416666667
Q0 Polar standard + curriculum,75392000,482047.4375,482107.1354166667
Q0 Polar standard + curriculum,75443200,482696.59375,482245.4479166667
Q0 Polar standard + curriculum,75494400,481992.3125,482577.875
Q0 Polar standard + curriculum,75545600,483044.71875,482447.6770833333
Q0 Polar standard + curriculum,75596800,482306.0,482699.09375
Q0 Polar standard + curriculum,75648000,482746.5625,483510.3125
Q0 Polar standard + curriculum,75699200,485478.375,483622.2708333333
Q0 Polar standard + curriculum,75750400,482641.875,483846.625
Q0 Polar standard + curriculum,75801600,483419.625,483169.25
Q0 Polar standard + curriculum,75852800,483446.25,484038.6979166667
Q0 Polar standard + curriculum,75904000,485250.21875,485968.1666666667
Q0 Polar standard + curriculum,75955200,489208.03125,487487.9895833333
Q0 Polar standard + curriculum,76006400,488005.71875,488260.8125
Q0 Polar standard + curriculum,76057600,487568.6875,488497.1666666667
Q0 Polar standard + curriculum,76108800,489917.09375,489446.6145833333
Q0 Polar standard + curriculum,76160000,490854.0625,490030.2916666667
Q0 Polar standard + curriculum,76211200,489319.71875,490164.59375
Q0 Polar standard + curriculum,76262400,490320.0,490604.8229166667
Q0 Polar standard + curriculum,76313600,492174.75,492794.1666666667
Q0 Polar standard + curriculum,76364800,495887.75,495728.0104166667
Q0 Polar standard + curriculum,76416000,499121.53125,496899.9791666667
Q0 Polar standard + curriculum,76467200,495690.65625,498537.5729166667
Q0 Polar standard + curriculum,76518400,500800.53125,497386.4166666667
Q0 Polar standard + curriculum,76569600,495668.0625,496101.03125
Q0 Polar standard + curriculum,76620800,491834.5,495210.4479166667
Q0 Polar standard + curriculum,76672000,498128.78125,496564.9375
Q0 Polar standard + curriculum,76723200,499731.53125,498941.9791666667
Q0 Polar standard + curriculum,76774400,498965.625,499776.7395833333
Q0 Polar standard + curriculum,76825600,500633.0625,502604.0
Q0 Polar standard + curriculum,76876800,508213.3125,504972.9583333333
Q0 Polar standard + curriculum,76928000,506072.5,508597.46875
Q0 Polar standard + curriculum,76979200,511506.59375,508437.2708333333
Q0 Polar standard + curriculum,77030400,507732.71875,508541.875
Q0 Polar standard + curriculum,77081600,506386.3125,505896.6979166667
Q0 Polar standard + curriculum,77132800,503571.0625,504760.4583333333
Q0 Polar standard + curriculum,77184000,504324.0,504330.3229166667
Q0 Polar standard + curriculum,77235200,505095.90625,504598.4479166667
Q0 Polar standard + curriculum,77286400,504375.4375,503308.3958333333
Q0 Polar standard + curriculum,77337600,500453.84375,502167.59375
Q0 Polar standard + curriculum,77388800,501673.5,502014.15625
Q0 Polar standard + curriculum,77440000,503915.125,504862.28125
Q0 Polar standard + curriculum,77491200,508998.21875,507443.0833333333
Q0 Polar standard + curriculum,77542400,509415.90625,508606.8541666667
Q0 Polar standard + curriculum,77593600,507406.4375,509071.8958333333
Q0 Polar standard + curriculum,77644800,510393.34375,510451.5208333333
Q0 Polar standard + curriculum,77696000,513554.78125,513396.375
Q0 Polar standard + curriculum,77747200,516241.0,514698.2395833333
Q0 Polar standard + curriculum,77798400,514298.9375,514810.5625
Q0 Polar standard + curriculum,77849600,513891.75,516006.2708333333
Q0 Polar standard + curriculum,77900800,519828.125,517961.4791666667
Q0 Polar standard + curriculum,77952000,520164.5625,519169.65625
Q0 Polar standard + curriculum,78003200,517516.28125,518368.75
Q0 Polar standard + curriculum,78054400,517425.40625,518941.75
Q0 Polar standard + curriculum,78105600,521883.5625,520051.0729166667
Q0 Polar standard + curriculum,78156800,520844.25,520285.1875
Q0 Polar standard + curriculum,78208000,518127.75,520267.8541666667
Q0 Polar standard + curriculum,78259200,521831.5625,519913.1666666667
Q0 Polar standard + curriculum,78310400,519780.1875,520168.3541666667
Q0 Polar standard + curriculum,78361600,518893.3125,517926.90625
Q0 Polar standard + curriculum,78412800,515107.21875,516236.3958333333
Q0 Polar standard + curriculum,78464000,514708.65625,514984.7604166667
Q0 Polar standard + curriculum,78515200,515138.40625,512511.2395833333
Q0 Polar standard + curriculum,78566400,507686.65625,510303.59375
Q0 Polar standard + curriculum,78617600,508085.71875,506424.90625
Q0 Polar standard + curriculum,78668800,503502.34375,506736.1770833333
Q0 Polar standard + curriculum,78720000,508620.46875,505770.2916666667
Q0 Polar standard + curriculum,78771200,505188.0625,506572.7708333333
Q0 Polar standard + curriculum,78822400,505909.78125,504261.0625
Q0 Polar standard + curriculum,78873600,501685.34375,502026.9270833333
Q0 Polar standard + curriculum,78924800,498485.65625,499701.0416666667
Q0 Polar standard + curriculum,78976000,498932.125,498699.1666666667
Q0 Polar standard + curriculum,79027200,498679.71875,497562.5
Q0 Polar standard + curriculum,79078400,495075.65625,496065.0416666667
Q0 Polar standard + curriculum,79129600,494439.75,494713.0729166667
Q0 Polar standard + curriculum,79180800,494623.8125,494073.1458333333
Q0 Polar standard + curriculum,79232000,493155.875,494173.40625
Q0 Polar standard + curriculum,79283200,494740.53125,492556.34375
Q0 Polar standard + curriculum,79334400,489772.625,492260.8541666667
Q0 Polar standard + curriculum,79385600,492269.40625,491214.5104166667
Q0 Polar standard + curriculum,79436800,491601.5,492380.28125
Q0 Polar standard + curriculum,79488000,493269.9375,492703.2604166667
Q0 Polar standard + curriculum,79539200,493238.34375,493471.0
Q0 Polar standard + curriculum,79590400,493904.71875,492070.0833333333
Q0 Polar standard + curriculum,79641600,489067.1875,490863.3020833333
Q0 Polar standard + curriculum,79692800,489618.0,489482.8229166667
Q0 Polar standard + curriculum,79744000,489763.28125,488857.0833333333
Q0 Polar standard + curriculum,79795200,487189.96875,487014.6354166667
Q0 Polar standard + curriculum,79846400,484090.65625,485630.375
Q0 Polar standard + curriculum,79897600,485610.5,485636.8958333333
Q0 Polar standard + curriculum,79948800,487209.53125,486116.84375
Q0 Polar standard + curriculum,80000000,485530.5,486796.1875
Q0 Polar standard + curriculum,80051200,487648.53125,486740.7291666667
Q0 Polar standard + curriculum,80102400,487043.15625,488250.2708333333
Q0 Polar standard + curriculum,80153600,490059.125,488889.3645833333
Q0 Polar standard + curriculum,80204800,489565.8125,489021.4583333333
Q0 Polar standard + curriculum,80256000,487439.4375,487511.7083333333
Q0 Polar standard + curriculum,80307200,485529.875,486151.9270833333
Q0 Polar standard + curriculum,80358400,485486.46875,483904.65625
Q0 Polar standard + curriculum,80409600,480697.625,483210.4791666667
Q0 Polar standard + curriculum,80460800,483447.34375,482672.5833333333
Q0 Polar standard + curriculum,80512000,483872.78125,482854.6458333333
Q0 Polar standard + curriculum,80563200,481243.8125,482276.7708333333
Q0 Polar standard + curriculum,80614400,481713.71875,481036.8541666667
Q0 Polar standard + curriculum,80665600,480153.03125,480848.71875
Q0 Polar standard + curriculum,80716800,480679.40625,480380.6145833333
Q0 Polar standard + curriculum,80768000,480309.40625,479924.8020833333
Q0 Polar standard + curriculum,80819200,478785.59375,479248.3333333333
Q0 Polar standard + curriculum,80870400,478650.0,478815.84375
Q0 Polar standard + curriculum,80921600,479011.9375,478843.5104166667
Q0 Polar standard + curriculum,80972800,478868.59375,478263.2291666667
Q0 Polar standard + curriculum,81024000,476909.15625,477883.3125
Q0 Polar standard + curriculum,81075200,477872.1875,477939.7708333333
Q0 Polar standard + curriculum,81126400,479037.96875,479058.15625
Q0 Polar standard + curriculum,81177600,480264.3125,480281.6666666667
Q0 Polar standard + curriculum,81228800,481542.71875,481107.21875
Q0 Polar standard + curriculum,81280000,481514.625,481184.6145833333
Q0 Polar standard + curriculum,81331200,480496.5,479651.5833333333
Q0 Polar standard + curriculum,81382400,476943.625,478289.84375
Q0 Polar standard + curriculum,81433600,477429.40625,477168.8333333333
Q0 Polar standard + curriculum,81484800,477133.46875,477921.6354166667
Q0 Polar standard + curriculum,81536000,479202.03125,478283.46875
Q0 Polar standard + curriculum,81587200,478514.90625,478368.28125
Q0 Polar standard + curriculum,81638400,477387.90625,477970.40625
Q0 Polar standard + curriculum,81689600,478008.40625,477846.6041666667
Q0 Polar standard + curriculum,81740800,478143.5,477583.3958333333
Q0 Polar standard + curriculum,81792000,476598.28125,476426.0416666667
Q0 Polar standard + curriculum,81843200,474536.34375,475469.9583333333
Q0 Polar standard + curriculum,81894400,475275.25,475408.0416666667
Q0 Polar standard + curriculum,81945600,476412.53125,475450.8854166667
Q0 Polar standard + curriculum,81996800,474664.875,475011.1458333333
Q0 Polar standard + curriculum,82048000,473956.03125,474284.2916666667
Q0 Polar standard + curriculum,82099200,474231.96875,474260.7916666667
Q0 Polar standard + curriculum,82150400,474594.375,473507.90625
Q0 Polar standard + curriculum,82201600,471697.375,472800.46875
Q0 Polar standard + curriculum,82252800,472109.65625,470847.6979166667
Q0 Polar standard + curriculum,82304000,468736.0625,470640.0208333333
Q0 Polar standard + curriculum,82355200,471074.34375,470567.8333333333
Q0 Polar standard + curriculum,82406400,471893.09375,471815.5208333333
Q0 Polar standard + curriculum,82457600,472479.125,472339.5416666667
Q0 Polar standard + curriculum,82508800,472646.40625,472785.1666666667
Q0 Polar standard + curriculum,82560000,473229.96875,473927.7291666667
Q0 Polar standard + curriculum,82611200,475906.8125,474559.6666666667
Q0 Polar standard + curriculum,82662400,474542.21875,475868.5520833333
Q0 Polar standard + curriculum,82713600,477156.625,476273.3645833333
Q0 Polar standard + curriculum,82764800,477121.25,477179.9791666667
Q0 Polar standard + curriculum,82816000,477262.0625,477104.75
Q0 Polar standard + curriculum,82867200,476930.9375,476398.84375
Q0 Polar standard + curriculum,82918400,475003.53125,475735.03125
Q0 Polar standard + curriculum,82969600,475270.625,474853.3958333333
Q0 Polar standard + curriculum,83020800,474286.03125,474403.6666666667
Q0 Polar standard + curriculum,83072000,473654.34375,474882.3020833333
Q0 Polar standard + curriculum,83123200,476706.53125,475315.5
Q0 Polar standard + curriculum,83174400,475585.625,475012.9791666667
Q0 Polar standard + curriculum,83225600,472746.78125,474339.0729166667
Q0 Polar standard + curriculum,83276800,474684.8125,474446.9270833333
Q0 Polar standard + curriculum,83328000,475909.1875,475459.1666666667
Q0 Polar standard + curriculum,83379200,475783.5,475539.0625
Q0 Polar standard + curriculum,83430400,474924.5,475944.9166666667
Q0 Polar standard + curriculum,83481600,477126.75,476689.3958333333
Q0 Polar standard + curriculum,83532800,478016.9375,477829.1666666667
Q0 Polar standard + curriculum,83584000,478343.8125,478078.7083333333
Q0 Polar standard + curriculum,83635200,477875.375,478192.0520833333
Q0 Polar standard + curriculum,83686400,478356.96875,477828.6041666667
Q0 Polar standard + curriculum,83737600,477253.46875,477394.84375
Q0 Polar standard + curriculum,83788800,476574.09375,476480.3854166667
Q0 Polar standard + curriculum,83840000,475613.59375,476739.7291666667
Q0 Polar standard + curriculum,83891200,478031.5,477215.9895833333
Q0 Polar standard + curriculum,83942400,478002.875,477923.6770833333
Q0 Polar standard + curriculum,83993600,477736.65625,478064.90625
Q0 Polar standard + curriculum,84044800,478455.1875,479029.2291666667
Q0 Polar standard + curriculum,84096000,480895.84375,479634.7291666667
Q0 Polar standard + curriculum,84147200,479553.15625,480561.6354166667
Q0 Polar standard + curriculum,84198400,481235.90625,479635.2083333333
Q0 Polar standard + curriculum,84249600,478116.5625,479692.9375
Q0 Polar standard + curriculum,84300800,479726.34375,479063.8333333333
Q0 Polar standard + curriculum,84352000,479348.59375,480247.7708333333
Q0 Polar standard + curriculum,84403200,481668.375,481265.3020833333
Q0 Polar standard + curriculum,84454400,482778.9375,482928.90625
Q0 Polar standard + curriculum,84505600,484339.40625,483350.21875
Q0 Polar standard + curriculum,84556800,482932.3125,484018.375
Q0 Polar standard + curriculum,84608000,484783.40625,483993.4166666667
Q0 Polar standard + curriculum,84659200,484264.53125,485086.1145833333
Q0 Polar standard + curriculum,84710400,486210.40625,484973.8958333333
Q0 Polar standard + curriculum,84761600,484446.75,484910.25
Q0 Polar standard + curriculum,84812800,484073.59375,484091.375
Q0 Polar standard + curriculum,84864000,483753.78125,484062.5208333333
Q0 Polar standard + curriculum,84915200,484360.1875,484155.5
Q0 Polar standard + curriculum,84966400,484352.53125,484543.4166666667
Q0 Polar standard + curriculum,85017600,484917.53125,483863.9583333333
Q0 Polar standard + curriculum,85068800,482321.8125,483396.21875
Q0 Polar standard + curriculum,85120000,482949.3125,482402.9479166667
Q0 Polar standard + curriculum,85171200,481937.71875,483676.6354166667
Q0 Polar standard + curriculum,85222400,486142.875,483599.5729166667
Q0 Polar standard + curriculum,85273600,482718.125,485368.7291666667
Q0 Polar standard + curriculum,85324800,487245.1875,484260.9791666667
Q0 Polar standard + curriculum,85376000,482819.625,485787.0104166667
Q0 Polar standard + curriculum,85427200,487296.21875,487288.7291666667
Q0 Polar standard + curriculum,85478400,491750.34375,491360.3125
Q0 Polar standard + curriculum,85529600,495034.375,494804.1458333333
Q0 Polar standard + curriculum,85580800,497627.71875,498219.6145833333
Q0 Polar standard + curriculum,85632000,501996.75,502460.9895833333
Q0 Polar standard + curriculum,85683200,507758.5,507396.7291666667
Q0 Polar standard + curriculum,85734400,512434.9375,512604.6979166667
Q0 Polar standard + curriculum,85785600,517620.65625,516507.3333333333
Q0 Polar standard + curriculum,85836800,519466.40625,517963.8229166667
Q0 Polar standard + curriculum,85888000,516804.40625,518247.40625
Q0 Polar standard + curriculum,85939200,518471.40625,517128.1979166667
Q0 Polar standard + curriculum,85990400,516108.78125,517396.7708333333
Q0 Polar standard + curriculum,86041600,517610.125,517209.3645833333
Q0 Polar standard + curriculum,86092800,517909.1875,516929.125
Q0 Polar standard + curriculum,86144000,515268.0625,516764.6875
Q0 Polar standard + curriculum,86195200,517116.8125,516859.84375
Q0 Polar standard + curriculum,86246400,518194.65625,517024.1770833333
Q0 Polar standard + curriculum,86297600,515761.0625,516223.2708333333
Q0 Polar standard + curriculum,86348800,514714.09375,515193.0104166667
Q0 Polar standard + curriculum,86400000,515103.875,516186.0833333333
Q0 Polar standard + curriculum,86451200,518740.28125,517691.1145833333
Q0 Polar standard + curriculum,86502400,519229.1875,518896.4375
Q0 Polar standard + curriculum,86553600,518719.84375,518353.4895833333
Q0 Polar standard + curriculum,86604800,517111.4375,517742.65625
Q0 Polar standard + curriculum,86656000,517396.6875,516611.3229166667
Q0 Polar standard + curriculum,86707200,515325.84375,514522.71875
Q0 Polar standard + curriculum,86758400,510845.625,512598.9791666667
Q0 Polar standard + curriculum,86809600,511625.46875,512356.7604166667
Q0 Polar standard + curriculum,86860800,514599.1875,514240.90625
Q0 Polar standard + curriculum,86912000,516498.0625,516366.75
Q0 Polar standard + curriculum,86963200,518003.0,516629.6770833333
Q0 Polar standard + curriculum,87014400,515387.96875,515007.6770833333
Q0 Polar standard + curriculum,87065600,511632.0625,512241.21875
Q0 Polar standard + curriculum,87116800,509703.625,510550.9270833333
Q0 Polar standard + curriculum,87168000,510317.09375,510750.6458333333
Q0 Polar standard + curriculum,87219200,512231.21875,511961.9166666667
Q0 Polar standard + curriculum,87270400,513337.4375,512866.7604166667
Q0 Polar standard + curriculum,87321600,513031.625,514227.0416666667
Q0 Polar standard + curriculum,87372800,516312.0625,515547.8541666667
Q0 Polar standard + curriculum,87424000,517299.875,515313.0208333333
Q0 Polar standard + curriculum,87475200,512327.125,514640.5104166667
Q0 Polar standard + curriculum,87526400,514294.53125,513321.6354166667
Q0 Polar standard + curriculum,87577600,513343.25,512531.8958333333
Q0 Polar standard + curriculum,87628800,509957.90625,510441.2708333333
Q0 Polar standard + curriculum,87680000,508022.65625,509163.875
Q0 Polar standard + curriculum,87731200,509511.0625,509939.40625
Q0 Polar standard + curriculum,87782400,512284.5,513093.6145833333
Q0 Polar standard + curriculum,87833600,517485.28125,515628.5416666667
Q0 Polar standard + curriculum,87884800,517115.84375,516302.2395833333
Q0 Polar standard + curriculum,87936000,514305.59375,516450.6875
Q0 Polar standard + curriculum,87987200,517930.625,515857.9583333333
Q0 Polar standard + curriculum,88038400,515337.65625,517120.5104166667
Q0 Polar standard + curriculum,88089600,518093.25,515749.7708333333
Q0 Polar standard + curriculum,88140800,513818.40625,514169.8958333333
Q0 Polar standard + curriculum,88192000,510598.03125,513500.1979166667
Q0 Polar standard + curriculum,88243200,516084.15625,513493.8333333333
Q0 Polar standard + curriculum,88294400,513799.3125,514546.1458333333
Q0 Polar standard + curriculum,88345600,513754.96875,512694.9583333333
Q0 Polar standard + curriculum,88396800,510530.59375,511204.0729166667
Q0 Polar standard + curriculum,88448000,509326.65625,509282.0416666667
Q0 Polar standard + curriculum,88499200,507988.875,507730.8333333333
Q0 Polar standard + curriculum,88550400,505876.96875,508520.71875
Q0 Polar standard + curriculum,88601600,511696.3125,508288.875
Q0 Polar standard + curriculum,88652800,507293.34375,510032.5520833333
Q0 Polar standard + curriculum,88704000,511108.0,508115.4270833333
Q0 Polar standard + curriculum,88755200,505944.9375,509567.28125
Q0 Polar standard + curriculum,88806400,511648.90625,508792.3020833333
Q0 Polar standard + curriculum,88857600,508783.0625,507727.8541666667
Q0 Polar standard + curriculum,88908800,502751.59375,505123.7916666667
Q0 Polar standard + curriculum,88960000,503836.71875,503508.8854166667
Q0 Polar standard + curriculum,89011200,503938.34375,503294.8333333333
Q0 Polar standard + curriculum,89062400,502109.4375,500329.40625
Q0 Polar standard + curriculum,89113600,494940.4375,497566.2291666667
Q0 Polar standard + curriculum,89164800,495648.8125,496008.9166666667
Q0 Polar standard + curriculum,89216000,497437.5,497417.875
Q0 Polar standard + curriculum,89267200,499167.3125,496972.1979166667
Q0 Polar standard + curriculum,89318400,494311.78125,495051.2604166667
Q0 Polar standard + curriculum,89369600,491674.6875,492473.3645833333
Q0 Polar standard + curriculum,89420800,491433.625,492389.8020833333
Q0 Polar standard + curriculum,89472000,494061.09375,493791.53125
Q0 Polar standard + curriculum,89523200,495879.875,494252.125
Q0 Polar standard + curriculum,89574400,492815.40625,493440.9270833333
Q0 Polar standard + curriculum,89625600,491627.5,491291.125
Q0 Polar standard + curriculum,89676800,489430.46875,489365.2708333333
Q0 Polar standard + curriculum,89728000,487037.84375,487720.6875
Q0 Polar standard + curriculum,89779200,486693.75,487040.8333333333
Q0 Polar standard + curriculum,89830400,487390.90625,488159.8541666667
Q0 Polar standard + curriculum,89881600,490394.90625,489443.6458333333
Q0 Polar standard + curriculum,89932800,490545.125,491437.96875
Q0 Polar standard + curriculum,89984000,493373.875,492779.8645833333
Q0 Polar standard + curriculum,90035200,494420.59375,494875.65625
Q0 Polar standard + curriculum,90086400,496832.5,496189.53125
Q0 Polar standard + curriculum,90137600,497315.5,497644.6770833333
Q0 Polar standard + curriculum,90188800,498786.03125,498932.6354166667
Q0 Polar standard + curriculum,90240000,500696.375,500026.1458333333
Q0 Polar standard + curriculum,90291200,500596.03125,502093.3125
Q0 Polar standard + curriculum,90342400,504987.53125,501933.0104166667
Q0 Polar standard + curriculum,90393600,500215.46875,501188.8229166667
Q0 Polar standard + curriculum,90444800,498363.46875,498755.6979166667
Q0 Polar standard + curriculum,90496000,497688.15625,497609.9166666667
Q0 Polar standard + curriculum,90547200,496778.125,498005.3333333333
Q0 Polar standard + curriculum,90598400,499549.71875,498798.8333333333
Q0 Polar standard + curriculum,90649600,500068.65625,499137.5625
Q0 Polar standard + curriculum,90700800,497794.3125,497825.25
Q0 Polar standard + curriculum,90752000,495612.78125,494382.4583333333
Q0 Polar standard + curriculum,90803200,489740.28125,492593.2395833333
Q0 Polar standard + curriculum,90854400,492426.65625,490726.1041666667
Q0 Polar standard + curriculum,90905600,490011.375,492382.0416666667
Q0 Polar standard + curriculum,90956800,494708.09375,491871.59375
Q0 Polar standard + curriculum,91008000,490895.3125,492677.7083333333
Q0 Polar standard + curriculum,91059200,492429.71875,491569.1458333333
Q0 Polar standard + curriculum,91110400,491382.40625,492177.78125
Q0 Polar standard + curriculum,91161600,492721.21875,491286.3333333333
Q0 Polar standard + curriculum,91212800,489755.375,491040.5625
Q0 Polar standard + curriculum,91264000,490645.09375,489271.2708333333
Q0 Polar standard + curriculum,91315200,487413.34375,488114.9895833333
Q0 Polar standard + curriculum,91366400,486286.53125,486816.6979166667
Q0 Polar standard + curriculum,91417600,486750.21875,486990.59375
Q0 Polar standard + curriculum,91468800,487935.03125,486875.8958333333
Q0 Polar standard + curriculum,91520000,485942.4375,486463.1041666667
Q0 Polar standard + curriculum,91571200,485511.84375,485246.6354166667
Q0 Polar standard + curriculum,91622400,484285.625,485293.8645833333
Q0 Polar standard + curriculum,91673600,486084.125,485357.6354166667
Q0 Polar standard + curriculum,91724800,485703.15625,485831.1354166667
Q0 Polar standard + curriculum,91776000,485706.125,486838.09375
Q0 Polar standard + curriculum,91827200,489105.0,487181.2291666667
Q0 Polar standard + curriculum,91878400,486732.5625,488028.1354166667
Q0 Polar standard + curriculum,91929600,488246.84375,487232.28125
Q0 Polar standard + curriculum,91980800,486717.4375,487480.1666666667
Q0 Polar standard + curriculum,92032000,487476.21875,487260.1145833333
Q0 Polar standard + curriculum,92083200,487586.6875,487934.7395833333
Q0 Polar standard + curriculum,92134400,488741.3125,488624.2604166667
Q0 Polar standard + curriculum,92185600,489544.78125,488582.6458333333
Q0 Polar standard + curriculum,92236800,487461.84375,488471.4375
Q0 Polar standard + curriculum,92288000,488407.6875,487534.1458333333
Q0 Polar standard + curriculum,92339200,486732.90625,487310.1770833333
Q0 Polar standard + curriculum,92390400,486789.9375,487067.4479166667
Q0 Polar standard + curriculum,92441600,487679.5,486760.2604166667
Q0 Polar standard + curriculum,92492800,485811.34375,487591.8958333333
Q0 Polar standard + curriculum,92544000,489284.84375,487706.7916666667
Q0 Polar standard + curriculum,92595200,488024.1875,488274.3854166667
Q0 Polar standard + curriculum,92646400,487514.125,487330.1979166667
Q0 Polar standard + curriculum,92697600,486452.28125,487282.59375
Q0 Polar standard + curriculum,92748800,487881.375,486643.125
Q0 Polar standard + curriculum,92800000,485595.71875,486787.8645833333
Q0 Polar standard + curriculum,92851200,486886.5,486255.15625
Q0 Polar standard + curriculum,92902400,486283.25,486639.71875
Q0 Polar standard + curriculum,92953600,486749.40625,485725.5104166667
Q0 Polar standard + curriculum,93004800,484143.875,484536.3333333333
Q0 Polar standard + curriculum,93056000,482715.71875,483356.5625
Q0 Polar standard + curriculum,93107200,483210.09375,483311.9895833333
Q0 Polar standard + curriculum,93158400,484010.15625,483301.0833333333
Q0 Polar standard + curriculum,93209600,482683.0,483159.3645833333
Q0 Polar standard + curriculum,93260800,482784.9375,483597.4791666667
Q0 Polar standard + curriculum,93312000,485324.5,484294.2708333333
Q0 Polar standard + curriculum,93363200,484773.375,484203.84375
Q0 Polar standard + curriculum,93414400,482513.65625,483257.5416666667
Q0 Polar standard + curriculum,93465600,482485.59375,482682.7291666667
Q0 Polar standard + curriculum,93516800,483048.9375,483180.9583333333
Q0 Polar standard + curriculum,93568000,484008.34375,482896.9583333333
Q0 Polar standard + curriculum,93619200,481633.59375,482887.9270833333
Q0 Polar standard + curriculum,93670400,483021.84375,482411.7708333333
Q0 Polar standard + curriculum,93721600,482579.875,482298.0520833333
Q0 Polar standard + curriculum,93772800,481292.4375,483034.3958333333
Q0 Polar standard + curriculum,93824000,485230.875,483654.25
Q0 Polar standard + curriculum,93875200,484439.4375,484810.0833333333
Q0 Polar standard + curriculum,93926400,484759.9375,483764.1666666667
Q0 Polar standard + curriculum,93977600,482093.125,483010.2395833333
Q0 Polar standard + curriculum,94028800,482177.65625,482775.90625
Q0 Polar standard + curriculum,94080000,484056.9375,484494.9791666667
Q0 Polar standard + curriculum,94131200,487250.34375,485311.5833333333
Q0 Polar standard + curriculum,94182400,484627.46875,485728.6979166667
Q0 Polar standard + curriculum,94233600,485308.28125,485168.1979166667
Q0 Polar standard + curriculum,94284800,485568.84375,486419.1041666667
Q0 Polar standard + curriculum,94336000,488380.1875,487346.7604166667
Q0 Polar standard + curriculum,94387200,488091.25,488391.1458333333
Q0 Polar standard + curriculum,94438400,488702.0,487930.875
Q0 Polar standard + curriculum,94489600,486999.375,487536.1458333333
Q0 Polar standard + curriculum,94540800,486907.0625,486421.2708333333
Q0 Polar standard + curriculum,94592000,485357.375,486601.25
Q0 Polar standard + curriculum,94643200,487539.3125,485751.7708333333
Q0 Polar standard + curriculum,94694400,484358.625,486321.8541666667
Q0 Polar standard + curriculum,94745600,487067.625,485815.1354166667
Q0 Polar standard + curriculum,94796800,486019.15625,486619.7916666667
Q0 Polar standard + curriculum,94848000,486772.59375,487216.6666666667
Q0 Polar standard + curriculum,94899200,488858.25,487682.1145833333
Q0 Polar standard + curriculum,94950400,487415.5,487549.1145833333
Q0 Polar standard + curriculum,95001600,486373.59375,485885.9375
Q0 Polar standard + curriculum,95052800,483868.71875,484898.6145833333
Q0 Polar standard + curriculum,95104000,484453.53125,484109.0
Q0 Polar standard + curriculum,95155200,484004.75,484034.8333333333
Q0 Polar standard + curriculum,95206400,483646.21875,483656.9270833333
Q0 Polar standard + curriculum,95257600,483319.8125,483621.15625
Q0 Polar standard + curriculum,95308800,483897.4375,483814.2604166667
Q0 Polar standard + curriculum,95360000,484225.53125,484450.9270833333
Q0 Polar standard + curriculum,95411200,485229.8125,485558.6979166667
Q0 Polar standard + curriculum,95462400,487220.75,485863.0833333333
Q0 Polar standard + curriculum,95513600,485138.6875,485840.03125
Q0 Polar standard + curriculum,95564800,485160.65625,485098.0833333333
Q0 Polar standard + curriculum,95616000,484994.90625,484975.1354166667
Q0 Polar standard + curriculum,95667200,484769.84375,484872.8645833333
Q0 Polar standard + curriculum,95718400,484853.84375,485626.6354166667
Q0 Polar standard + curriculum,95769600,487256.21875,486491.0104166667
Q0 Polar standard + curriculum,95820800,487362.96875,487588.40625
Q0 Polar standard + curriculum,95872000,488146.03125,489722.4791666667
Q0 Polar standard + curriculum,95923200,493658.4375,492454.3958333333
Q0 Polar standard + curriculum,95974400,495558.71875,496395.53125
Q0 Polar standard + curriculum,96025600,499969.4375,499022.53125
Q0 Polar standard + curriculum,96076800,501539.4375,501185.84375
Q0 Polar standard + curriculum,96128000,502048.65625,502772.8020833333
Q0 Polar standard + curriculum,96179200,504730.3125,503012.2916666667
Q0 Polar standard + curriculum,96230400,502257.90625,504888.0625
Q0 Polar standard + curriculum,96281600,507675.96875,506271.46875
Q0 Polar standard + curriculum,96332800,508880.53125,507915.6666666667
Q0 Polar standard + curriculum,96384000,507190.5,508750.6770833333
Q0 Polar standard + curriculum,96435200,510181.0,506078.40625
Q0 Polar standard + curriculum,96486400,500863.71875,504427.6875
Q0 Polar standard + curriculum,96537600,502238.34375,502248.0520833333
Q0 Polar standard + curriculum,96588800,503642.09375,502578.34375
Q0 Polar standard + curriculum,96640000,501854.59375,505053.0625
Q0 Polar standard + curriculum,96691200,509662.5,507612.4479166667
Q0 Polar standard + curriculum,96742400,511320.25,510377.3333333333
Q0 Polar standard + curriculum,96793600,510149.25,509674.9583333333
Q0 Polar standard + curriculum,96844800,507555.375,508207.7395833333
Q0 Polar standard + curriculum,96896000,506918.59375,506076.3229166667
Q0 Polar standard + curriculum,96947200,503755.0,503957.8541666667
Q0 Polar standard + curriculum,96998400,501199.96875,501535.2604166667
Q0 Polar standard + curriculum,97049600,499650.8125,500521.96875
Q0 Polar standard + curriculum,97100800,500715.125,499422.84375
Q0 Polar standard + curriculum,97152000,497902.59375,498409.3125
Q0 Polar standard + curriculum,97203200,496610.21875,497944.375
Q0 Polar standard + curriculum,97254400,499320.3125,498690.1041666667
Q0 Polar standard + curriculum,97305600,500139.78125,501230.9270833333
Q0 Polar standard + curriculum,97356800,504232.6875,504246.8958333333
Q0 Polar standard + curriculum,97408000,508368.21875,508601.40625
Q0 Polar standard + curriculum,97459200,513203.3125,511730.15625
Q0 Polar standard + curriculum,97510400,513618.9375,513560.5416666667
Q0 Polar standard + curriculum,97561600,513859.375,515635.2395833333
Q0 Polar standard + curriculum,97612800,519427.40625,516547.0104166667
Q0 Polar standard + curriculum,97664000,516354.25,518765.625
Q0 Polar standard + curriculum,97715200,520515.21875,519281.4375
Q0 Polar standard + curriculum,97766400,520974.84375,522159.0833333333
Q0 Polar standard + curriculum,97817600,524987.1875,523582.2395833333
Q0 Polar standard + curriculum,97868800,524784.6875,524807.3958333334
Q0 Polar standard + curriculum,97920000,524650.3125,524661.0416666666
Q0 Polar standard + curriculum,97971200,524548.125,524469.1041666666
Q0 Polar standard + curriculum,98022400,524208.875,524366.1666666666
Q0 Polar standard + curriculum,98073600,524341.5,525892.5833333334
Q0 Polar standard + curriculum,98124800,529127.375,526384.0833333334
Q0 Polar standard + curriculum,98176000,525683.375,526502.9166666666
Q0 Polar standard + curriculum,98227200,524698.0,524893.0
Q0 Polar standard + curriculum,98278400,524297.625,526608.3958333334
Q0 Polar standard + curriculum,98329600,530829.5625,526991.2083333334
Q0 Polar standard + curriculum,98380800,525846.4375,528167.8333333334
Q0 Polar standard + curriculum,98432000,527827.5,526419.5416666666
Q0 Polar standard + curriculum,98483200,525584.6875,526454.6041666666
Q0 Polar standard + curriculum,98534400,525951.625,525230.78125
Q0 Polar standard + curriculum,98585600,524156.03125,524659.2604166666
Q0 Polar standard + curriculum,98636800,523870.125,524531.9479166666
Q0 Polar standard + curriculum,98688000,525569.6875,525535.2083333334
Q0 Polar standard + curriculum,98739200,527165.8125,526829.3541666666
Q0 Polar standard + curriculum,98790400,527752.5625,526758.3125
Q0 Polar standard + curriculum,98841600,525356.5625,526718.2083333334
Q0 Polar standard + curriculum,98892800,527045.5,526571.0833333334
Q0 Polar standard + curriculum,98944000,527311.1875,527704.375
Q0 Polar standard + curriculum,98995200,528756.4375,527494.7916666666
Q0 Polar standard + curriculum,99046400,526416.75,528959.2916666666
Q0 Polar standard + curriculum,99097600,531704.6875,530488.5833333334
Q0 Polar standard + curriculum,99148800,533344.3125,532734.3333333334
Q0 Polar standard + curriculum,99200000,533154.0,532132.3125
Q0 Polar standard + curriculum,99251200,529898.625,530064.6458333334
Q0 Polar standard + curriculum,99302400,527141.3125,528419.875
Q0 Polar standard + curriculum,99353600,528219.6875,527852.5
Q0 Polar standard + curriculum,99404800,528196.5,527789.1041666666
Q0 Polar standard + curriculum,99456000,526951.125,527106.0625
Q0 Polar standard + curriculum,99507200,526170.5625,527157.2708333334
Q0 Polar standard + curriculum,99558400,528350.125,526795.6875
Q0 Polar standard + curriculum,99609600,525866.375,527044.8541666666
Q0 Polar standard + curriculum,99660800,526918.0625,525875.5833333334
Q0 Polar standard + curriculum,99712000,524842.3125,526890.0416666666
Q0 Polar standard + curriculum,99763200,528909.75,526226.8958333334
Q0 Polar standard + curriculum,99814400,524928.625,525563.2291666666
Q0 Polar standard + curriculum,99865600,522851.3125,522730.90625
Q0 Polar standard + curriculum,99916800,520412.78125,520379.78125
Q0 Polar standard + curriculum,99968000,517875.25,519144.015625
Q1 Polar spatial + curriculum,25600,140344.015625,143637.71875
Q1 Polar spatial + curriculum,76800,146931.421875,142194.99479166666
Q1 Polar spatial + curriculum,128000,139309.546875,144872.390625
Q1 Polar spatial + curriculum,179200,148376.203125,146694.89583333334
Q1 Polar spatial + curriculum,230400,152398.9375,151574.61979166666
Q1 Polar spatial + curriculum,281600,153948.71875,156805.046875
Q1 Polar spatial + curriculum,332800,164067.484375,161149.640625
Q1 Polar spatial + curriculum,384000,165432.71875,167109.5625
Q1 Polar spatial + curriculum,435200,171828.484375,170667.56770833334
Q1 Polar spatial + curriculum,486400,174741.5,176020.203125
Q1 Polar spatial + curriculum,537600,181490.625,178393.00520833334
Q1 Polar spatial + curriculum,588800,178946.890625,182835.84375
Q1 Polar spatial + curriculum,640000,188070.015625,186013.234375
Q1 Polar spatial + curriculum,691200,191022.796875,192715.66666666666
Q1 Polar spatial + curriculum,742400,199054.1875,197269.765625
Q1 Polar spatial + curriculum,793600,201732.3125,202580.55208333334
Q1 Polar spatial + curriculum,844800,206955.15625,207288.81770833334
Q1 Polar spatial + curriculum,896000,213178.984375,210777.65625
Q1 Polar spatial + curriculum,947200,212198.828125,213788.34375
Q1 Polar spatial + curriculum,998400,215987.21875,216944.28125
Q1 Polar spatial + curriculum,1049600,222646.796875,221450.390625
Q1 Polar spatial + curriculum,1100800,225717.15625,225231.89583333334
Q1 Polar spatial + curriculum,1152000,227331.734375,225644.65104166666
Q1 Polar spatial + curriculum,1203200,223885.0625,227272.5625
Q1 Polar spatial + curriculum,1254400,230600.890625,229224.55208333334
Q1 Polar spatial + curriculum,1305600,233187.703125,236056.796875
Q1 Polar spatial + curriculum,1356800,244381.796875,237990.08333333334
Q1 Polar spatial + curriculum,1408000,236400.75,239134.27083333334
Q1 Polar spatial + curriculum,1459200,236620.265625,240376.01041666666
Q1 Polar spatial + curriculum,1510400,248107.015625,243142.328125
Q1 Polar spatial + curriculum,1561600,244699.703125,246296.44270833334
Q1 Polar spatial + curriculum,1612800,246082.609375,247305.85416666666
Q1 Polar spatial + curriculum,1664000,251135.25,252746.33333333334
Q1 Polar spatial + curriculum,1715200,261021.140625,258159.078125
Q1 Polar spatial + curriculum,1766400,262320.84375,265079.1510416667
Q1 Polar spatial + curriculum,1817600,271895.46875,267737.5833333333
Q1 Polar spatial + curriculum,1868800,268996.4375,270110.0833333333
Q1 Polar spatial + curriculum,1920000,269438.34375,269587.4375
Q1 Polar spatial + curriculum,1971200,270327.53125,269210.5833333333
Q1 Polar spatial + curriculum,2022400,267865.875,271616.8020833333
Q1 Polar spatial + curriculum,2073600,276657.0,273146.3541666667
Q1 Polar spatial + curriculum,2124800,274916.1875,278748.34375
Q1 Polar spatial + curriculum,2176000,284671.84375,282901.7604166667
Q1 Polar spatial + curriculum,2227200,289117.25,284770.9895833333
Q1 Polar spatial + curriculum,2278400,280523.875,287039.0520833333
Q1 Polar spatial + curriculum,2329600,291476.03125,285727.9479166667
Q1 Polar spatial + curriculum,2380800,285183.9375,289441.96875
Q1 Polar spatial + curriculum,2432000,291665.9375,290849.5104166667
Q1 Polar spatial + curriculum,2483200,295698.65625,297381.1458333333
Q1 Polar spatial + curriculum,2534400,304778.84375,298708.1979166667
Q1 Polar spatial + curriculum,2585600,295647.09375,297802.6770833333
Q1 Polar spatial + curriculum,2636800,292982.09375,295915.1145833333
Q1 Polar spatial + curriculum,2688000,299116.15625,293552.2395833333
Q1 Polar spatial + curriculum,2739200,288558.46875,298803.6145833333
Q1 Polar spatial + curriculum,2790400,308736.21875,300033.7604166667
Q1 Polar spatial + curriculum,2841600,302806.59375,303238.4791666667
Q1 Polar spatial + curriculum,2892800,298172.625,300074.3854166667
Q1 Polar spatial + curriculum,2944000,299243.9375,301340.9375
Q1 Polar spatial + curriculum,2995200,306606.25,303310.0625
Q1 Polar spatial + curriculum,3046400,304080.0,306775.9375
Q1 Polar spatial + curriculum,3097600,309641.5625,309193.2604166667
Q1 Polar spatial + curriculum,3148800,313858.21875,311967.7604166667
Q1 Polar spatial + curriculum,3200000,312403.5,311967.6354166667
Q1 Polar spatial + curriculum,3251200,309641.1875,314014.5208333333
Q1 Polar spatial + curriculum,3302400,319998.875,315591.4166666667
Q1 Polar spatial + curriculum,3353600,317134.1875,318802.15625
Q1 Polar spatial + curriculum,3404800,319273.40625,319855.65625
Q1 Polar spatial + curriculum,3456000,323159.375,322591.75
Q1 Polar spatial + curriculum,3507200,325342.46875,322521.5625
Q1 Polar spatial + curriculum,3558400,319062.84375,323029.9895833333
Q1 Polar spatial + curriculum,3609600,324684.65625,323004.6041666667
Q1 Polar spatial + curriculum,3660800,325266.3125,327769.09375
Q1 Polar spatial + curriculum,3712000,333356.3125,328222.7916666667
Q1 Polar spatial + curriculum,3763200,326045.75,327932.9791666667
Q1 Polar spatial + curriculum,3814400,324396.875,324849.6354166667
Q1 Polar spatial + curriculum,3865600,324106.28125,324033.5416666667
Q1 Polar spatial + curriculum,3916800,323597.46875,323730.9791666667
Q1 Polar spatial + curriculum,3968000,323489.1875,322775.0416666667
Q1 Polar spatial + curriculum,4019200,321238.46875,322147.9791666667
Q1 Polar spatial + curriculum,4070400,321716.28125,321507.0729166667
Q1 Polar spatial + curriculum,4121600,321566.46875,322500.40625
Q1 Polar spatial + curriculum,4172800,324218.46875,324613.40625
Q1 Polar spatial + curriculum,4224000,328055.28125,327706.3541666667
Q1 Polar spatial + curriculum,4275200,330845.3125,331565.3020833333
Q1 Polar spatial + curriculum,4326400,335795.3125,332927.4583333333
Q1 Polar spatial + curriculum,4377600,332141.75,332672.59375
Q1 Polar spatial + curriculum,4428800,330080.71875,332147.125
Q1 Polar spatial + curriculum,4480000,334218.90625,334538.0208333333
Q1 Polar spatial + curriculum,4531200,339314.4375,337245.7708333333
Q1 Polar spatial + curriculum,4582400,338203.96875,339454.4895833333
Q1 Polar spatial + curriculum,4633600,340845.0625,342492.9583333333
Q1 Polar spatial + curriculum,4684800,348429.84375,343936.15625
Q1 Polar spatial + curriculum,4736000,342533.5625,345799.4479166667
Q1 Polar spatial + curriculum,4787200,346434.9375,342358.5
Q1 Polar spatial + curriculum,4838400,338107.0,342268.03125
Q1 Polar spatial + curriculum,4889600,342262.15625,340241.7083333333
Q1 Polar spatial + curriculum,4940800,340355.96875,342926.28125
Q1 Polar spatial + curriculum,4992000,346160.71875,344862.8020833333
Q1 Polar spatial + curriculum,5043200,348071.71875,346034.1145833333
Q1 Polar spatial + curriculum,5094400,343869.90625,345625.8854166667
Q1 Polar spatial + curriculum,5145600,344936.03125,345373.09375
Q1 Polar spatial + curriculum,5196800,347313.34375,348013.9375
Q1 Polar spatial + curriculum,5248000,351792.4375,350096.4375
Q1 Polar spatial + curriculum,5299200,351183.53125,349024.5208333333
Q1 Polar spatial + curriculum,5350400,344097.59375,347658.2708333333
Q1 Polar spatial + curriculum,5401600,347693.6875,344745.8541666667
Q1 Polar spatial + curriculum,5452800,342446.28125,346324.1354166667
Q1 Polar spatial + curriculum,5504000,348832.4375,345826.4375
Q1 Polar spatial + curriculum,5555200,346200.59375,348053.28125
Q1 Polar spatial + curriculum,5606400,349126.8125,348370.8229166667
Q1 Polar spatial + curriculum,5657600,349785.0625,349004.5833333333
Q1 Polar spatial + curriculum,5708800,348101.875,345756.1145833333
Q1 Polar spatial + curriculum,5760000,339381.40625,346097.8020833333
Q1 Polar spatial + curriculum,5811200,350810.125,347494.8020833333
Q1 Polar spatial + curriculum,5862400,352292.875,350545.1041666667
Q1 Polar spatial + curriculum,5913600,348532.3125,351443.34375
Q1 Polar spatial + curriculum,5964800,353504.84375,351368.4166666667
Q1 Polar spatial + curriculum,6016000,352068.09375,353220.0
Q1 Polar spatial + curriculum,6067200,354087.0625,352892.59375
Q1 Polar spatial + curriculum,6118400,352522.625,356129.3541666667
Q1 Polar spatial + curriculum,6169600,361778.375,357240.9270833333
Q1 Polar spatial + curriculum,6220800,357421.78125,357355.34375
Q1 Polar spatial + curriculum,6272000,352865.875,357212.8333333333
Q1 Polar spatial + curriculum,6323200,361350.84375,356300.9895833333
Q1 Polar spatial + curriculum,6374400,354686.25,360426.96875
Q1 Polar spatial + curriculum,6425600,365243.8125,357334.4375
Q1 Polar spatial + curriculum,6476800,352073.25,359480.96875
Q1 Polar spatial + curriculum,6528000,361125.84375,356734.5208333333
Q1 Polar spatial + curriculum,6579200,357004.46875,360054.7083333333
Q1 Polar spatial + curriculum,6630400,362033.8125,358422.59375
Q1 Polar spatial + curriculum,6681600,356229.5,360050.375
Q1 Polar spatial + curriculum,6732800,361887.8125,358345.4270833333
Q1 Polar spatial + curriculum,6784000,356918.96875,359203.6979166667
Q1 Polar spatial + curriculum,6835200,358804.3125,357303.375
Q1 Polar spatial + curriculum,6886400,356186.84375,355813.3333333333
Q1 Polar spatial + curriculum,6937600,352448.84375,355614.65625
Q1 Polar spatial + curriculum,6988800,358208.28125,356651.9895833333
Q1 Polar spatial + curriculum,7040000,359298.84375,356811.4375
Q1 Polar spatial + curriculum,7091200,352927.1875,357109.09375
Q1 Polar spatial + curriculum,7142400,359101.25,356914.9375
Q1 Polar spatial + curriculum,7193600,358716.375,359065.5520833333
Q1 Polar spatial + curriculum,7244800,359379.03125,360057.4270833333
Q1 Polar spatial + curriculum,7296000,362076.875,360195.5208333333
Q1 Polar spatial + curriculum,7347200,359130.65625,361150.3020833333
Q1 Polar spatial + curriculum,7398400,362243.375,363341.7916666667
Q1 Polar spatial + curriculum,7449600,368651.34375,363635.2708333333
Q1 Polar spatial + curriculum,7500800,360011.09375,364318.8333333333
Q1 Polar spatial + curriculum,7552000,364294.0625,364735.1666666667
Q1 Polar spatial + curriculum,7603200,369900.34375,366641.03125
Q1 Polar spatial + curriculum,7654400,365728.6875,365924.8229166667
Q1 Polar spatial + curriculum,7705600,362145.4375,364743.4270833333
Q1 Polar spatial + curriculum,7756800,366356.15625,362172.7291666667
Q1 Polar spatial + curriculum,7808000,358016.59375,363714.6458333333
Q1 Polar spatial + curriculum,7859200,366771.1875,362879.5833333333
Q1 Polar spatial + curriculum,7910400,363850.96875,365090.9479166667
Q1 Polar spatial + curriculum,7961600,364650.6875,364589.53125
Q1 Polar spatial + curriculum,8012800,365266.9375,365248.53125
Q1 Polar spatial + curriculum,8064000,365827.96875,365663.1979166667
Q1 Polar spatial + curriculum,8115200,365894.6875,366297.7291666667
Q1 Polar spatial + curriculum,8166400,367170.53125,364531.375
Q1 Polar spatial + curriculum,8217600,360528.90625,364594.4270833333
Q1 Polar spatial + curriculum,8268800,366083.84375,365858.2604166667
Q1 Polar spatial + curriculum,8320000,370962.03125,369091.0625
Q1 Polar spatial + curriculum,8371200,370227.3125,373687.6145833333
Q1 Polar spatial + curriculum,8422400,379873.5,373691.0
Q1 Polar spatial + curriculum,8473600,370972.1875,372188.3541666667
Q1 Polar spatial + curriculum,8524800,365719.375,370502.6041666667
Q1 Polar spatial + curriculum,8576000,374816.25,369570.71875
Q1 Polar spatial + curriculum,8627200,368176.53125,369122.9166666667
Q1 Polar spatial + curriculum,8678400,364375.96875,367443.3125
Q1 Polar spatial + curriculum,8729600,369777.4375,370005.3854166667
Q1 Polar spatial + curriculum,8780800,375862.75,372906.5625
Q1 Polar spatial + curriculum,8832000,373079.5,373142.15625
Q1 Polar spatial + curriculum,8883200,370484.21875,373311.9895833333
Q1 Polar spatial + curriculum,8934400,376372.25,374393.6875
Q1 Polar spatial + curriculum,8985600,376324.59375,373601.2291666667
Q1 Polar spatial + curriculum,9036800,368106.84375,374445.4166666667
Q1 Polar spatial + curriculum,9088000,378904.8125,372916.3333333333
Q1 Polar spatial + curriculum,9139200,371737.34375,371979.6979166667
Q1 Polar spatial + curriculum,9190400,365296.9375,370725.7083333333
Q1 Polar spatial + curriculum,9241600,375142.84375,370883.84375
Q1 Polar spatial + curriculum,9292800,372211.75,373352.4895833333
Q1 Polar spatial + curriculum,9344000,372702.875,374072.15625
Q1 Polar spatial + curriculum,9395200,377301.84375,375071.5416666667
Q1 Polar spatial + curriculum,9446400,375209.90625,375367.0104166667
Q1 Polar spatial + curriculum,9497600,373589.28125,371027.03125
Q1 Polar spatial + curriculum,9548800,364281.90625,370962.1041666667
Q1 Polar spatial + curriculum,9600000,375015.125,370833.4583333333
Q1 Polar spatial + curriculum,9651200,373203.34375,375108.78125
Q1 Polar spatial + curriculum,9702400,377107.875,377445.5520833333
Q1 Polar spatial + curriculum,9753600,382025.4375,376243.0208333333
Q1 Polar spatial + curriculum,9804800,369595.75,375096.2708333333
Q1 Polar spatial + curriculum,9856000,373667.625,372968.5416666667
Q1 Polar spatial + curriculum,9907200,375642.25,374081.65625
Q1 Polar spatial + curriculum,9958400,372935.09375,373847.4895833333
Q1 Polar spatial + curriculum,10009600,372965.125,374732.3958333333
Q1 Polar spatial + curriculum,10060800,378296.96875,376553.7604166667
Q1 Polar spatial + curriculum,10112000,378399.1875,375544.2604166667
Q1 Polar spatial + curriculum,10163200,369936.625,374788.3541666667
Q1 Polar spatial + curriculum,10214400,376029.25,372445.53125
Q1 Polar spatial + curriculum,10265600,371370.71875,374390.8958333333
Q1 Polar spatial + curriculum,10316800,375772.71875,375770.9583333333
Q1 Polar spatial + curriculum,10368000,380169.4375,376803.6458333333
Q1 Polar spatial + curriculum,10419200,374468.78125,377627.7083333333
Q1 Polar spatial + curriculum,10470400,378244.90625,377822.7291666667
Q1 Polar spatial + curriculum,10521600,380754.5,378834.5104166667
Q1 Polar spatial + curriculum,10572800,377504.125,377818.4270833333
Q1 Polar spatial + curriculum,10624000,375196.65625,376672.0
Q1 Polar spatial + curriculum,10675200,377315.21875,378229.7916666667
Q1 Polar spatial + curriculum,10726400,382177.5,381477.3125
Q1 Polar spatial + curriculum,10777600,384939.21875,378464.8333333333
Q1 Polar spatial + curriculum,10828800,368277.78125,374594.125
Q1 Polar spatial + curriculum,10880000,370565.375,373971.84375
Q1 Polar spatial + curriculum,10931200,383072.375,375724.6666666667
Q1 Polar spatial + curriculum,10982400,373536.25,378583.7291666667
Q1 Polar spatial + curriculum,11033600,379142.5625,376815.7604166667
Q1 Polar spatial + curriculum,11084800,377768.46875,379048.8854166667
Q1 Polar spatial + curriculum,11136000,380235.625,380655.8958333333
Q1 Polar spatial + curriculum,11187200,383963.59375,381218.1875
Q1 Polar spatial + curriculum,11238400,379455.34375,381145.59375
Q1 Polar spatial + curriculum,11289600,380017.84375,380850.0729166667
Q1 Polar spatial + curriculum,11340800,383077.03125,381364.3020833333
Q1 Polar spatial + curriculum,11392000,380998.03125,383766.5729166667
Q1 Polar spatial + curriculum,11443200,387224.65625,383713.90625
Q1 Polar spatial + curriculum,11494400,382919.03125,382902.3645833333
Q1 Polar spatial + curriculum,11545600,378563.40625,381638.8854166667
Q1 Polar spatial + curriculum,11596800,383434.21875,382801.1354166667
Q1 Polar spatial + curriculum,11648000,386405.78125,387124.0520833333
Q1 Polar spatial + curriculum,11699200,391532.15625,389676.2916666667
Q1 Polar spatial + curriculum,11750400,391090.9375,389368.9375
Q1 Polar spatial + curriculum,11801600,385483.71875,386431.4895833333
Q1 Polar spatial + curriculum,11852800,382719.8125,382243.84375
Q1 Polar spatial + curriculum,11904000,378528.0,382054.3958333333
Q1 Polar spatial + curriculum,11955200,384915.375,381909.2291666667
Q1 Polar spatial + curriculum,12006400,382284.3125,383587.21875
Q1 Polar spatial + curriculum,12057600,383561.96875,382793.2291666667
Q1 Polar spatial + curriculum,12108800,382533.40625,383560.5
Q1 Polar spatial + curriculum,12160000,384586.125,382971.5104166667
Q1 Polar spatial + curriculum,12211200,381795.0,383598.4583333333
Q1 Polar spatial + curriculum,12262400,384414.25,383024.0208333333
Q1 Polar spatial + curriculum,12313600,382862.8125,382424.125
Q1 Polar spatial + curriculum,12364800,379995.3125,380488.28125
Q1 Polar spatial + curriculum,12416000,378606.71875,380033.1979166667
Q1 Polar spatial + curriculum,12467200,381497.5625,381210.8958333333
Q1 Polar spatial + curriculum,12518400,383528.40625,382706.0
Q1 Polar spatial + curriculum,12569600,383092.03125,382665.28125
Q1 Polar spatial + curriculum,12620800,381375.40625,382754.40625
Q1 Polar spatial + curriculum,12672000,383795.78125,383173.15625
Q1 Polar spatial + curriculum,12723200,384348.28125,385502.46875
Q1 Polar spatial + curriculum,12774400,388363.34375,389730.4895833333
Q1 Polar spatial + curriculum,12825600,396479.84375,388990.53125
Q1 Polar spatial + curriculum,12876800,382128.40625,387536.8645833333
Q1 Polar spatial + curriculum,12928000,384002.34375,382829.7395833333
Q1 Polar spatial + curriculum,12979200,382358.46875,382768.8020833333
Q1 Polar spatial + curriculum,13030400,381945.59375,383351.9583333333
Q1 Polar spatial + curriculum,13081600,385751.8125,383911.5104166667
Q1 Polar spatial + curriculum,13132800,384037.125,383951.9270833333
Q1 Polar spatial + curriculum,13184000,382066.84375,382379.7708333333
Q1 Polar spatial + curriculum,13235200,381035.34375,380844.0416666667
Q1 Polar spatial + curriculum,13286400,379429.9375,379093.1458333333
Q1 Polar spatial + curriculum,13337600,376814.15625,378959.4479166667
Q1 Polar spatial + curriculum,13388800,380634.25,381422.5729166667
Q1 Polar spatial + curriculum,13440000,386819.3125,384116.6458333333
Q1 Polar spatial + curriculum,13491200,384896.375,385471.875
Q1 Polar spatial + curriculum,13542400,384699.9375,384844.4479166667
Q1 Polar spatial + curriculum,13593600,384937.03125,384482.8333333333
Q1 Polar spatial + curriculum,13644800,383811.53125,385450.3645833333
Q1 Polar spatial + curriculum,13696000,387602.53125,385292.2291666667
Q1 Polar spatial + curriculum,13747200,384462.625,386621.2395833333
Q1 Polar spatial + curriculum,13798400,387798.5625,386506.6041666667
Q1 Polar spatial + curriculum,13849600,387258.625,387118.1979166667
Q1 Polar spatial + curriculum,13900800,386297.40625,387257.0416666667
Q1 Polar spatial + curriculum,13952000,388215.09375,386599.6458333333
Q1 Polar spatial + curriculum,14003200,385286.4375,385427.34375
Q1 Polar spatial + curriculum,14054400,382780.5,383430.6458333333
Q1 Polar spatial + curriculum,14105600,382225.0,384676.1875
Q1 Polar spatial + curriculum,14156800,389023.0625,385195.8125
Q1 Polar spatial + curriculum,14208000,384339.375,387679.3854166667
Q1 Polar spatial + curriculum,14259200,389675.71875,390593.625
Q1 Polar spatial + curriculum,14310400,397765.78125,392123.2291666667
Q1 Polar spatial + curriculum,14361600,388928.1875,388196.2916666667
Q1 Polar spatial + curriculum,14412800,377894.90625,384923.5416666667
Q1 Polar spatial + curriculum,14464000,387947.53125,387850.1354166667
Q1 Polar spatial + curriculum,14515200,397707.96875,388900.7291666667
Q1 Polar spatial + curriculum,14566400,381046.6875,391034.9479166667
Q1 Polar spatial + curriculum,14617600,394350.1875,388157.53125
Q1 Polar spatial + curriculum,14668800,389075.71875,389631.8125
Q1 Polar spatial + curriculum,14720000,385469.53125,387605.5
Q1 Polar spatial + curriculum,14771200,388271.25,387626.8958333333
Q1 Polar spatial + curriculum,14822400,389139.90625,389322.2916666667
Q1 Polar spatial + curriculum,14873600,390555.71875,390125.7916666667
Q1 Polar spatial + curriculum,14924800,390681.75,385848.0625
Q1 Polar spatial + curriculum,14976000,376306.71875,385484.7083333333
Q1 Polar spatial + curriculum,15027200,389465.65625,385063.875
Q1 Polar spatial + curriculum,15078400,389419.25,386333.1875
Q1 Polar spatial + curriculum,15129600,380114.65625,384846.3541666667
Q1 Polar spatial + curriculum,15180800,385005.15625,385184.21875
Q1 Polar spatial + curriculum,15232000,390432.84375,387559.1041666667
Q1 Polar spatial + curriculum,15283200,387239.3125,392476.5729166667
Q1 Polar spatial + curriculum,15334400,399757.5625,394061.1354166667
Q1 Polar spatial + curriculum,15385600,395186.53125,398234.9583333333
Q1 Polar spatial + curriculum,15436800,399760.78125,393895.8333333333
Q1 Polar spatial + curriculum,15488000,386740.1875,392592.46875
Q1 Polar spatial + curriculum,15539200,391276.4375,388021.2291666667
Q1 Polar spatial + curriculum,15590400,386047.0625,388519.1354166667
Q1 Polar spatial + curriculum,15641600,388233.90625,388081.1145833333
Q1 Polar spatial + curriculum,15692800,389962.375,388470.3541666667
Q1 Polar spatial + curriculum,15744000,387214.78125,388171.0729166667
Q1 Polar spatial + curriculum,15795200,387336.0625,386351.2083333333
Q1 Polar spatial + curriculum,15846400,384502.78125,384922.125
Q1 Polar spatial + curriculum,15897600,382927.53125,387234.3541666667
Q1 Polar spatial + curriculum,15948800,394272.75,389669.7083333333
Q1 Polar spatial + curriculum,16000000,391808.84375,392040.6875
Q1 Polar spatial + curriculum,16051200,390040.46875,389767.59375
Q1 Polar spatial + curriculum,16102400,387453.46875,392542.1770833333
Q1 Polar spatial + curriculum,16153600,400132.59375,392072.9479166667
Q1 Polar spatial + curriculum,16204800,388632.78125,392853.3854166667
Q1 Polar spatial + curriculum,16256000,389794.78125,391312.6666666667
Q1 Polar spatial + curriculum,16307200,395510.4375,393421.2604166667
Q1 Polar spatial + curriculum,16358400,394958.5625,396548.6458333333
Q1 Polar spatial + curriculum,16409600,399176.9375,394359.9791666667
Q1 Polar spatial + curriculum,16460800,388944.4375,395985.1145833333
Q1 Polar spatial + curriculum,16512000,399833.96875,394020.8333333333
Q1 Polar spatial + curriculum,16563200,393284.09375,396600.1666666667
Q1 Polar spatial + curriculum,16614400,396682.4375,397213.6458333333
Q1 Polar spatial + curriculum,16665600,401674.40625,397282.0833333333
Q1 Polar spatial + curriculum,16716800,393489.40625,396465.3958333333
Q1 Polar spatial + curriculum,16768000,394232.375,392272.59375
Q1 Polar spatial + curriculum,16819200,389096.0,394439.1875
Q1 Polar spatial + curriculum,16870400,399989.1875,393200.21875
Q1 Polar spatial + curriculum,16921600,390515.46875,395021.9895833333
Q1 Polar spatial + curriculum,16972800,394561.3125,393704.0520833333
Q1 Polar spatial + curriculum,17024000,396035.375,394238.7083333333
Q1 Polar spatial + curriculum,17075200,392119.4375,392928.8541666667
Q1 Polar spatial + curriculum,17126400,390631.75,391734.9583333333
Q1 Polar spatial + curriculum,17177600,392453.6875,391184.4375
Q1 Polar spatial + curriculum,17228800,390467.875,394082.5416666667
Q1 Polar spatial + curriculum,17280000,399326.0625,393553.78125
Q1 Polar spatial + curriculum,17331200,390867.40625,396701.6875
Q1 Polar spatial + curriculum,17382400,399911.59375,395507.1666666667
Q1 Polar spatial + curriculum,17433600,395742.5,397478.0729166667
Q1 Polar spatial + curriculum,17484800,396780.125,396256.0416666667
Q1 Polar spatial + curriculum,17536000,396245.5,398034.6770833333
Q1 Polar spatial + curriculum,17587200,401078.40625,396630.65625
Q1 Polar spatial + curriculum,17638400,392568.0625,394481.8958333333
Q1 Polar spatial + curriculum,17689600,389799.21875,389821.1666666667
Q1 Polar spatial + curriculum,17740800,387096.21875,392395.0625
Q1 Polar spatial + curriculum,17792000,400289.75,393368.5625
Q1 Polar spatial + curriculum,17843200,392719.71875,394659.5
Q1 Polar spatial + curriculum,17894400,390969.03125,391378.2708333333
Q1 Polar spatial + curriculum,17945600,390446.0625,389708.5416666667
Q1 Polar spatial + curriculum,17996800,387710.53125,390801.375
Q1 Polar spatial + curriculum,18048000,394247.53125,390093.8229166667
Q1 Polar spatial + curriculum,18099200,388323.40625,390066.625
Q1 Polar spatial + curriculum,18150400,387628.9375,388486.2083333333
Q1 Polar spatial + curriculum,18201600,389506.28125,391601.0416666667
Q1 Polar spatial + curriculum,18252800,397667.90625,395894.9791666667
Q1 Polar spatial + curriculum,18304000,400510.75,396199.2708333333
Q1 Polar spatial + curriculum,18355200,390419.15625,392714.7395833333
Q1 Polar spatial + curriculum,18406400,387214.3125,389293.6041666667
Q1 Polar spatial + curriculum,18457600,390247.34375,390815.3854166667
Q1 Polar spatial + curriculum,18508800,394984.5,395024.875
Q1 Polar spatial + curriculum,18560000,399842.78125,395211.96875
Q1 Polar spatial + curriculum,18611200,390808.625,392684.4479166667
Q1 Polar spatial + curriculum,18662400,387401.9375,389970.1875
Q1 Polar spatial + curriculum,18713600,391700.0,390102.1666666667
Q1 Polar spatial + curriculum,18764800,391204.5625,392685.4479166667
Q1 Polar spatial + curriculum,18816000,395151.78125,393056.5625
Q1 Polar spatial + curriculum,18867200,392813.34375,391533.3229166667
Q1 Polar spatial + curriculum,18918400,386634.84375,390850.3229166667
Q1 Polar spatial + curriculum,18969600,393102.78125,393711.6770833333
Q1 Polar spatial + curriculum,19020800,401397.40625,397863.2708333333
Q1 Polar spatial + curriculum,19072000,399089.625,397165.7291666667
Q1 Polar spatial + curriculum,19123200,391010.15625,393773.4270833333
Q1 Polar spatial + curriculum,19174400,391220.5,390586.0104166667
Q1 Polar spatial + curriculum,19225600,389527.375,391855.5208333333
Q1 Polar spatial + curriculum,19276800,394818.6875,390810.1666666667
Q1 Polar spatial + curriculum,19328000,388084.4375,392541.9583333333
Q1 Polar spatial + curriculum,19379200,394722.75,392164.3645833333
Q1 Polar spatial + curriculum,19430400,393685.90625,394824.8125
Q1 Polar spatial + curriculum,19481600,396065.78125,396772.1875
Q1 Polar spatial + curriculum,19532800,400564.875,398344.8645833333
Q1 Polar spatial + curriculum,19584000,398403.9375,397541.9895833333
Q1 Polar spatial + curriculum,19635200,393657.15625,396588.1041666667
Q1 Polar spatial + curriculum,19686400,397703.21875,395105.0729166667
Q1 Polar spatial + curriculum,19737600,393954.84375,397504.6354166667
Q1 Polar spatial + curriculum,19788800,400855.84375,397344.8854166667
Q1 Polar spatial + curriculum,19840000,397223.96875,397315.4583333333
Q1 Polar spatial + curriculum,19891200,393866.5625,395250.6041666667
Q1 Polar spatial + curriculum,19942400,394661.28125,396008.6041666667
Q1 Polar spatial + curriculum,19993600,399497.96875,396945.6875
Q1 Polar spatial + curriculum,20044800,396677.8125,397802.90625
Q1 Polar spatial + curriculum,20096000,397232.9375,398361.2083333333
Q1 Polar spatial + curriculum,20147200,401172.875,399343.1770833333
Q1 Polar spatial + curriculum,20198400,399623.71875,398004.7083333333
Q1 Polar spatial + curriculum,20249600,393217.53125,392694.7083333333
Q1 Polar spatial + curriculum,20300800,385242.875,392277.2916666667
Q1 Polar spatial + curriculum,20352000,398371.46875,390001.5833333333
Q1 Polar spatial + curriculum,20403200,386390.40625,393585.4479166667
Q1 Polar spatial + curriculum,20454400,395994.46875,392173.5833333333
Q1 Polar spatial + curriculum,20505600,394135.875,393369.0208333333
Q1 Polar spatial + curriculum,20556800,389976.71875,395147.9270833333
Q1 Polar spatial + curriculum,20608000,401331.1875,393855.15625
Q1 Polar spatial + curriculum,20659200,390257.5625,398485.1458333333
Q1 Polar spatial + curriculum,20710400,403866.6875,397501.71875
Q1 Polar spatial + curriculum,20761600,398380.90625,398663.9895833333
Q1 Polar spatial + curriculum,20812800,393744.375,399385.46875
Q1 Polar spatial + curriculum,20864000,406031.125,398842.8125
Q1 Polar spatial + curriculum,20915200,396752.9375,400794.8125
Q1 Polar spatial + curriculum,20966400,399600.375,397130.8645833333
Q1 Polar spatial + curriculum,21017600,395039.28125,397166.5625
Q1 Polar spatial + curriculum,21068800,396860.03125,396245.6354166667
Q1 Polar spatial + curriculum,21120000,396837.59375,394123.5520833333
Q1 Polar spatial + curriculum,21171200,388673.03125,395394.9583333333
Q1 Polar spatial + curriculum,21222400,400674.25,396016.5520833333
Q1 Polar spatial + curriculum,21273600,398702.375,398384.6875
Q1 Polar spatial + curriculum,21324800,395777.4375,397502.8229166667
Q1 Polar spatial + curriculum,21376000,398028.65625,398377.2708333333
Q1 Polar spatial + curriculum,21427200,401325.71875,399813.8125
Q1 Polar spatial + curriculum,21478400,400087.0625,401030.2083333333
Q1 Polar spatial + curriculum,21529600,401677.84375,398621.8645833333
Q1 Polar spatial + curriculum,21580800,394100.6875,396025.0625
Q1 Polar spatial + curriculum,21632000,392296.65625,396217.4375
Q1 Polar spatial + curriculum,21683200,402254.96875,399075.90625
Q1 Polar spatial + curriculum,21734400,402676.09375,403233.6770833333
Q1 Polar spatial + curriculum,21785600,404769.96875,401302.3020833333
Q1 Polar spatial + curriculum,21836800,396460.84375,402875.1041666667
Q1 Polar spatial + curriculum,21888000,407394.5,400499.8125
Q1 Polar spatial + curriculum,21939200,397644.09375,402347.4583333333
Q1 Polar spatial + curriculum,21990400,402003.78125,399923.53125
Q1 Polar spatial + curriculum,22041600,400122.71875,401100.7291666667
Q1 Polar spatial + curriculum,22092800,401175.6875,401202.0416666667
Q1 Polar spatial + curriculum,22144000,402307.71875,403473.0
Q1 Polar spatial + curriculum,22195200,406935.59375,405205.9375
Q1 Polar spatial + curriculum,22246400,406374.5,404158.2395833333
Q1 Polar spatial + curriculum,22297600,399164.625,403380.8020833333
Q1 Polar spatial + curriculum,22348800,404603.28125,397819.25
Q1 Polar spatial + curriculum,22400000,389689.84375,398533.9479166667
Q1 Polar spatial + curriculum,22451200,401308.71875,397137.6458333333
Q1 Polar spatial + curriculum,22502400,400414.375,402746.40625
Q1 Polar spatial + curriculum,22553600,406516.125,401337.6979166667
Q1 Polar spatial + curriculum,22604800,397082.59375,402481.6458333333
Q1 Polar spatial + curriculum,22656000,403846.21875,399405.0833333333
Q1 Polar spatial + curriculum,22707200,397286.4375,399848.7395833333
Q1 Polar spatial + curriculum,22758400,398413.5625,400296.0
Q1 Polar spatial + curriculum,22809600,405188.0,402142.0416666667
Q1 Polar spatial + curriculum,22860800,402824.5625,402946.15625
Q1 Polar spatial + curriculum,22912000,400825.90625,403235.3958333333
Q1 Polar spatial + curriculum,22963200,406055.71875,402690.8645833333
Q1 Polar spatial + curriculum,23014400,401190.96875,401934.1979166667
Q1 Polar spatial + curriculum,23065600,398555.90625,398356.90625
Q1 Polar spatial + curriculum,23116800,395323.84375,397657.8645833333
Q1 Polar spatial + curriculum,23168000,399093.84375,400439.4895833333
Q1 Polar spatial + curriculum,23219200,406900.78125,404362.71875
Q1 Polar spatial + curriculum,23270400,407093.53125,404493.53125
Q1 Polar spatial + curriculum,23321600,399486.28125,403557.2083333333
Q1 Polar spatial + curriculum,23372800,404091.8125,402569.0
Q1 Polar spatial + curriculum,23424000,404128.90625,402998.2291666667
Q1 Polar spatial + curriculum,23475200,400773.96875,401389.8645833333
Q1 Polar spatial + curriculum,23526400,399266.71875,400780.90625
Q1 Polar spatial + curriculum,23577600,402302.03125,400990.0
Q1 Polar spatial + curriculum,23628800,401401.25,400724.7604166667
Q1 Polar spatial + curriculum,23680000,398471.0,401344.53125
Q1 Polar spatial + curriculum,23731200,404161.34375,401079.8541666667
Q1 Polar spatial + curriculum,23782400,400607.21875,403106.2395833333
Q1 Polar spatial + curriculum,23833600,404550.15625,403809.8854166667
Q1 Polar spatial + curriculum,23884800,406272.28125,404939.8541666667
Q1 Polar spatial + curriculum,23936000,403997.125,403350.0520833333
Q1 Polar spatial + curriculum,23987200,399780.75,402703.15625
Q1 Polar spatial + curriculum,24038400,404331.59375,403794.2916666667
Q1 Polar spatial + curriculum,24089600,407270.53125,404354.59375
Q1 Polar spatial + curriculum,24140800,401461.65625,402866.9895833333
Q1 Polar spatial + curriculum,24192000,399868.78125,401324.2395833333
Q1 Polar spatial + curriculum,24243200,402642.28125,400655.1770833333
Q1 Polar spatial + curriculum,24294400,399454.46875,402607.5208333333
Q1 Polar spatial + curriculum,24345600,405725.8125,402829.0520833333
Q1 Polar spatial + curriculum,24396800,403306.875,406937.65625
Q1 Polar spatial + curriculum,24448000,411780.28125,409191.6145833333
Q1 Polar spatial + curriculum,24499200,412487.6875,411655.5416666667
Q1 Polar spatial + curriculum,24550400,410698.65625,409087.1458333333
Q1 Polar spatial + curriculum,24601600,404075.09375,405578.6354166667
Q1 Polar spatial + curriculum,24652800,401962.15625,404313.1354166667
Q1 Polar spatial + curriculum,24704000,406902.15625,404652.5
Q1 Polar spatial + curriculum,24755200,405093.1875,405054.3958333333
Q1 Polar spatial + curriculum,24806400,403167.84375,403729.2395833333
Q1 Polar spatial + curriculum,24857600,402926.6875,402997.0520833333
Q1 Polar spatial + curriculum,24908800,402896.625,404315.2604166667
Q1 Polar spatial + curriculum,24960000,407122.46875,405882.9895833333
Q1 Polar spatial + curriculum,25011200,407629.875,403652.4479166667
Q1 Polar spatial + curriculum,25062400,396205.0,401311.1666666667
Q1 Polar spatial + curriculum,25113600,400098.625,400737.40625
Q1 Polar spatial + curriculum,25164800,405908.59375,404703.03125
Q1 Polar spatial + curriculum,25216000,408101.875,408236.1979166667
Q1 Polar spatial + curriculum,25267200,410698.125,407163.1145833333
Q1 Polar spatial + curriculum,25318400,402689.34375,405944.84375
Q1 Polar spatial + curriculum,25369600,404447.0625,404045.1458333333
Q1 Polar spatial + curriculum,25420800,404999.03125,408327.25
Q1 Polar spatial + curriculum,25472000,415535.65625,409809.5
Q1 Polar spatial + curriculum,25523200,408893.8125,410218.9375
Q1 Polar spatial + curriculum,25574400,406227.34375,405690.5
Q1 Polar spatial + curriculum,25625600,401950.34375,405555.3229166667
Q1 Polar spatial + curriculum,25676800,408488.28125,405853.9166666667
Q1 Polar spatial + curriculum,25728000,407123.125,407802.0
Q1 Polar spatial + curriculum,25779200,407794.59375,407007.8541666667
Q1 Polar spatial + curriculum,25830400,406105.84375,406599.71875
Q1 Polar spatial + curriculum,25881600,405898.71875,405408.0520833333
Q1 Polar spatial + curriculum,25932800,404219.59375,403613.9791666667
Q1 Polar spatial + curriculum,25984000,400723.625,402652.1041666667
Q1 Polar spatial + curriculum,26035200,403013.09375,402288.8333333333
Q1 Polar spatial + curriculum,26086400,403129.78125,404424.6979166667
Q1 Polar spatial + curriculum,26137600,407131.21875,405941.1354166667
Q1 Polar spatial + curriculum,26188800,407562.40625,409495.9479166667
Q1 Polar spatial + curriculum,26240000,413794.21875,409850.5416666667
Q1 Polar spatial + curriculum,26291200,408195.0,410331.7604166667
Q1 Polar spatial + curriculum,26342400,409006.0625,408801.9270833333
Q1 Polar spatial + curriculum,26393600,409204.71875,409087.9479166667
Q1 Polar spatial + curriculum,26444800,409053.0625,408791.7604166667
Q1 Polar spatial + curriculum,26496000,408117.5,408155.375
Q1 Polar spatial + curriculum,26547200,407295.5625,408828.1458333333
Q1 Polar spatial + curriculum,26598400,411071.375,410480.5208333333
Q1 Polar spatial + curriculum,26649600,413074.625,412380.5104166667
Q1 Polar spatial + curriculum,26700800,412995.53125,413665.9375
Q1 Polar spatial + curriculum,26752000,414927.65625,413522.9166666667
Q1 Polar spatial + curriculum,26803200,412645.5625,409792.6145833333
Q1 Polar spatial + curriculum,26854400,401804.625,407494.5833333333
Q1 Polar spatial + curriculum,26905600,408033.5625,402734.2708333333
Q1 Polar spatial + curriculum,26956800,398364.625,403751.1770833333
Q1 Polar spatial + curriculum,27008000,404855.34375,401484.5729166667
Q1 Polar spatial + curriculum,27059200,401233.75,405105.5416666667
Q1 Polar spatial + curriculum,27110400,409227.53125,403632.65625
Q1 Polar spatial + curriculum,27161600,400436.6875,405630.09375
Q1 Polar spatial + curriculum,27212800,407226.0625,402492.3541666667
Q1 Polar spatial + curriculum,27264000,399814.3125,401948.09375
Q1 Polar spatial + curriculum,27315200,398803.90625,400758.1875
Q1 Polar spatial + curriculum,27366400,403656.34375,402020.1354166667
Q1 Polar spatial + curriculum,27417600,403600.15625,405636.9895833333
Q1 Polar spatial + curriculum,27468800,409654.46875,408816.8958333333
Q1 Polar spatial + curriculum,27520000,413196.0625,410489.6458333333
Q1 Polar spatial + curriculum,27571200,408618.40625,408703.9166666667
Q1 Polar spatial + curriculum,27622400,404297.28125,406928.0520833333
Q1 Polar spatial + curriculum,27673600,407868.46875,403298.1979166667
Q1 Polar spatial + curriculum,27724800,397728.84375,405495.71875
Q1 Polar spatial + curriculum,27776000,410889.84375,405123.5104166667
Q1 Polar spatial + curriculum,27827200,406751.84375,407873.6458333333
Q1 Polar spatial + curriculum,27878400,405979.25,410020.6145833333
Q1 Polar spatial + curriculum,27929600,417330.75,413241.09375
Q1 Polar spatial + curriculum,27980800,416413.28125,413989.625
Q1 Polar spatial + curriculum,28032000,408224.84375,414405.5520833333
Q1 Polar spatial + curriculum,28083200,418578.53125,412714.2291666667
Q1 Polar spatial + curriculum,28134400,411339.3125,414868.40625
Q1 Polar spatial + curriculum,28185600,414687.375,413262.0520833333
Q1 Polar spatial + curriculum,28236800,413759.46875,410043.34375
Q1 Polar spatial + curriculum,28288000,401683.1875,408855.8854166667
Q1 Polar spatial + curriculum,28339200,411125.0,411254.59375
Q1 Polar spatial + curriculum,28390400,420955.59375,415286.7291666667
Q1 Polar spatial + curriculum,28441600,413779.59375,417594.9479166667
Q1 Polar spatial + curriculum,28492800,418049.65625,413276.9791666667
Q1 Polar spatial + curriculum,28544000,408001.6875,413183.90625
Q1 Polar spatial + curriculum,28595200,413500.375,409436.78125
Q1 Polar spatial + curriculum,28646400,406808.28125,411113.1666666667
Q1 Polar spatial + curriculum,28697600,413030.84375,410197.78125
Q1 Polar spatial + curriculum,28748800,410754.21875,411530.7708333333
Q1 Polar spatial + curriculum,28800000,410807.25,410834.9583333333
Q1 Polar spatial + curriculum,28851200,410943.40625,411796.7916666667
Q1 Polar spatial + curriculum,28902400,413639.71875,412230.0833333333
Q1 Polar spatial + curriculum,28953600,412107.125,412464.0520833333
Q1 Polar spatial + curriculum,29004800,411645.3125,412211.4375
Q1 Polar spatial + curriculum,29056000,412881.875,413102.3541666667
Q1 Polar spatial + curriculum,29107200,414779.875,414593.0416666667
Q1 Polar spatial + curriculum,29158400,416117.375,414217.4791666667
Q1 Polar spatial + curriculum,29209600,411755.1875,414104.28125
Q1 Polar spatial + curriculum,29260800,414440.28125,414443.0833333333
Q1 Polar spatial + curriculum,29312000,417133.78125,414092.1354166667
Q1 Polar spatial + curriculum,29363200,410702.34375,415377.1979166667
Q1 Polar spatial + curriculum,29414400,418295.46875,416911.8854166667
Q1 Polar spatial + curriculum,29465600,421737.84375,418418.46875
Q1 Polar spatial + curriculum,29516800,415222.09375,417915.09375
Q1 Polar spatial + curriculum,29568000,416785.34375,413970.9791666667
Q1 Polar spatial + curriculum,29619200,409905.5,413665.6666666667
Q1 Polar spatial + curriculum,29670400,414306.15625,412858.2083333333
Q1 Polar spatial + curriculum,29721600,414362.96875,414373.0208333333
Q1 Polar spatial + curriculum,29772800,414449.9375,415690.8125
Q1 Polar spatial + curriculum,29824000,418259.53125,415201.7291666667
Q1 Polar spatial + curriculum,29875200,412895.71875,417553.6666666667
Q1 Polar spatial + curriculum,29926400,421505.75,416660.7083333333
Q1 Polar spatial + curriculum,29977600,415580.65625,416991.1875
Q1 Polar spatial + curriculum,30028800,413887.15625,414923.8333333333
Q1 Polar spatial + curriculum,30080000,415303.6875,414816.46875
Q1 Polar spatial + curriculum,30131200,415258.5625,416947.46875
Q1 Polar spatial + curriculum,30182400,420280.15625,421083.8645833333
Q1 Polar spatial + curriculum,30233600,427712.875,422887.0416666667
Q1 Polar spatial + curriculum,30284800,420668.09375,421961.5
Q1 Polar spatial + curriculum,30336000,417503.53125,420028.1145833333
Q1 Polar spatial + curriculum,30387200,421912.71875,422423.875
Q1 Polar spatial + curriculum,30438400,427855.375,425781.9479166667
Q1 Polar spatial + curriculum,30489600,427577.75,426066.1979166667
Q1 Polar spatial + curriculum,30540800,422765.46875,425663.65625
Q1 Polar spatial + curriculum,30592000,426647.75,425585.2083333333
Q1 Polar spatial + curriculum,30643200,427342.40625,427239.6354166667
Q1 Polar spatial + curriculum,30694400,427728.75,427598.5
Q1 Polar spatial + curriculum,30745600,427724.34375,427590.375
Q1 Polar spatial + curriculum,30796800,427318.03125,425712.6875
Q1 Polar spatial + curriculum,30848000,422095.6875,422971.125
Q1 Polar spatial + curriculum,30899200,419499.65625,422209.4166666667
Q1 Polar spatial + curriculum,30950400,425032.90625,423426.7604166667
Q1 Polar spatial + curriculum,31001600,425747.71875,424949.1979166667
Q1 Polar spatial + curriculum,31052800,424066.96875,424727.6979166667
Q1 Polar spatial + curriculum,31104000,424368.40625,425047.5520833333
Q1 Polar spatial + curriculum,31155200,426707.28125,425512.59375
Q1 Polar spatial + curriculum,31206400,425462.09375,429697.3229166667
Q1 Polar spatial + curriculum,31257600,436922.59375,428429.7395833333
Q1 Polar spatial + curriculum,31308800,422904.53125,428664.6458333333
Q1 Polar spatial + curriculum,31360000,426166.8125,426787.4479166667
Q1 Polar spatial + curriculum,31411200,431291.0,426677.2083333333
Q1 Polar spatial + curriculum,31462400,422573.8125,426252.21875
Q1 Polar spatial + curriculum,31513600,424891.84375,422279.65625
Q1 Polar spatial + curriculum,31564800,419373.3125,423125.375
Q1 Polar spatial + curriculum,31616000,425110.96875,421261.78125
Q1 Polar spatial + curriculum,31667200,419301.0625,423492.0
Q1 Polar spatial + curriculum,31718400,426063.96875,425720.0416666667
Q1 Polar spatial + curriculum,31769600,431795.09375,426866.75
Q1 Polar spatial + curriculum,31820800,422741.1875,425840.2395833333
Q1 Polar spatial + curriculum,31872000,422984.4375,423709.0416666667
Q1 Polar spatial + curriculum,31923200,425401.5,425008.375
Q1 Polar spatial + curriculum,31974400,426639.1875,427422.2604166667
Q1 Polar spatial + curriculum,32025600,430226.09375,427169.2395833333
Q1 Polar spatial + curriculum,32076800,424642.4375,426135.78125
Q1 Polar spatial + curriculum,32128000,423538.8125,424703.875
Q1 Polar spatial + curriculum,32179200,425930.375,424286.0208333333
Q1 Polar spatial + curriculum,32230400,423388.875,424968.21875
Q1 Polar spatial + curriculum,32281600,425585.40625,423205.8020833333
Q1 Polar spatial + curriculum,32332800,420643.125,422938.5416666667
Q1 Polar spatial + curriculum,32384000,422587.09375,421675.09375
Q1 Polar spatial + curriculum,32435200,421795.0625,420979.78125
Q1 Polar spatial + curriculum,32486400,418557.1875,420737.46875
Q1 Polar spatial + curriculum,32537600,421860.15625,420602.9270833333
Q1 Polar spatial + curriculum,32588800,421391.4375,419702.125
Q1 Polar spatial + curriculum,32640000,415854.78125,422819.6354166667
Q1 Polar spatial + curriculum,32691200,431212.6875,423223.34375
Q1 Polar spatial + curriculum,32742400,422602.5625,425443.53125
Q1 Polar spatial + curriculum,32793600,422515.34375,424476.6979166667
Q1 Polar spatial + curriculum,32844800,428312.1875,425235.9270833333
Q1 Polar spatial + curriculum,32896000,424880.25,425552.4791666667
Q1 Polar spatial + curriculum,32947200,423465.0,422750.5729166667
Q1 Polar spatial + curriculum,32998400,419906.46875,420744.4895833333
Q1 Polar spatial + curriculum,33049600,418862.0,420129.625
Q1 Polar spatial + curriculum,33100800,421620.40625,422871.7291666667
Q1 Polar spatial + curriculum,33152000,428132.78125,424961.6354166667
Q1 Polar spatial + curriculum,33203200,425131.71875,424958.8020833333
Q1 Polar spatial + curriculum,33254400,421611.90625,422343.0208333333
Q1 Polar spatial + curriculum,33305600,420285.4375,425805.8020833333
Q1 Polar spatial + curriculum,33356800,435520.0625,426778.4270833333
Q1 Polar spatial + curriculum,33408000,424529.78125,427969.8541666667
Q1 Polar spatial + curriculum,33459200,423859.71875,425662.6875
Q1 Polar spatial + curriculum,33510400,428598.5625,425960.4895833333
Q1 Polar spatial + curriculum,33561600,425423.1875,426317.0208333333
Q1 Polar spatial + curriculum,33612800,424929.3125,425862.65625
Q1 Polar spatial + curriculum,33664000,427235.46875,426224.7604166667
Q1 Polar spatial + curriculum,33715200,426509.5,427553.3645833333
Q1 Polar spatial + curriculum,33766400,428915.125,428688.4791666667
Q1 Polar spatial + curriculum,33817600,430640.8125,426812.4479166667
Q1 Polar spatial + curriculum,33868800,420881.40625,424486.0520833333
Q1 Polar spatial + curriculum,33920000,421935.9375,426101.0520833333
Q1 Polar spatial + curriculum,33971200,435485.8125,429131.0833333333
Q1 Polar spatial + curriculum,34022400,429971.5,428649.4270833333
Q1 Polar spatial + curriculum,34073600,420490.96875,427877.34375
Q1 Polar spatial + curriculum,34124800,433169.5625,429171.15625
Q1 Polar spatial + curriculum,34176000,433852.9375,429992.4895833333
Q1 Polar spatial + curriculum,34227200,422954.96875,426862.6770833333
Q1 Polar spatial + curriculum,34278400,423780.125,424153.2708333333
Q1 Polar spatial + curriculum,34329600,425724.71875,426378.4583333333
Q1 Polar spatial + curriculum,34380800,429630.53125,426765.8229166667
Q1 Polar spatial + curriculum,34432000,424942.21875,424988.1041666667
Q1 Polar spatial + curriculum,34483200,420391.5625,425930.4791666667
Q1 Polar spatial + curriculum,34534400,432457.65625,427387.46875
Q1 Polar spatial + curriculum,34585600,429313.1875,428405.2916666667
Q1 Polar spatial + curriculum,34636800,423445.03125,426039.1875
Q1 Polar spatial + curriculum,34688000,425359.34375,425338.5833333333
Q1 Polar spatial + curriculum,34739200,427211.375,427980.9791666667
Q1 Polar spatial + curriculum,34790400,431372.21875,426526.8229166667
Q1 Polar spatial + curriculum,34841600,420996.875,425560.9583333333
Q1 Polar spatial + curriculum,34892800,424313.78125,423333.7916666667
Q1 Polar spatial + curriculum,34944000,424690.71875,426287.2395833333
Q1 Polar spatial + curriculum,34995200,429857.21875,426729.0625
Q1 Polar spatial + curriculum,35046400,425639.25,426303.625
Q1 Polar spatial + curriculum,35097600,423414.40625,425705.5520833333
Q1 Polar spatial + curriculum,35148800,428063.0,428906.3333333333
Q1 Polar spatial + curriculum,35200000,435241.59375,432826.1666666667
Q1 Polar spatial + curriculum,35251200,435173.90625,433453.6458333333
Q1 Polar spatial + curriculum,35302400,429945.4375,431946.5520833333
Q1 Polar spatial + curriculum,35353600,430720.3125,430904.6666666667
Q1 Polar spatial + curriculum,35404800,432048.25,431458.1770833333
Q1 Polar spatial + curriculum,35456000,431605.96875,432525.2604166667
Q1 Polar spatial + curriculum,35507200,433921.5625,434381.4479166667
Q1 Polar spatial + curriculum,35558400,437616.8125,433118.21875
Q1 Polar spatial + curriculum,35609600,427816.28125,432911.8333333333
Q1 Polar spatial + curriculum,35660800,433302.40625,428298.6145833333
Q1 Polar spatial + curriculum,35712000,423777.15625,426819.7708333333
Q1 Polar spatial + curriculum,35763200,423379.75,425942.15625
Q1 Polar spatial + curriculum,35814400,430669.5625,426411.7291666667
Q1 Polar spatial + curriculum,35865600,425185.875,431130.8020833333
Q1 Polar spatial + curriculum,35916800,437536.96875,430985.375
Q1 Polar spatial + curriculum,35968000,430233.28125,435742.3645833333
Q1 Polar spatial + curriculum,36019200,439456.84375,433278.8333333333
Q1 Polar spatial + curriculum,36070400,430146.375,433440.3333333333
Q1 Polar spatial + curriculum,36121600,430717.78125,428444.9270833333
Q1 Polar spatial + curriculum,36172800,424470.625,429976.6770833333
Q1 Polar spatial + curriculum,36224000,434741.625,429538.1666666667
Q1 Polar spatial + curriculum,36275200,429402.25,432549.375
Q1 Polar spatial + curriculum,36326400,433504.25,433632.9166666667
Q1 Polar spatial + curriculum,36377600,437992.25,434363.4375
Q1 Polar spatial + curriculum,36428800,431593.8125,431432.1666666667
Q1 Polar spatial + curriculum,36480000,424710.4375,429380.5104166667
Q1 Polar spatial + curriculum,36531200,431837.28125,428451.4479166667
Q1 Polar spatial + curriculum,36582400,428806.625,431850.4791666667
Q1 Polar spatial + curriculum,36633600,434907.53125,430999.0208333333
Q1 Polar spatial + curriculum,36684800,429282.90625,431836.4166666667
Q1 Polar spatial + curriculum,36736000,431318.8125,429937.5833333333
Q1 Polar spatial + curriculum,36787200,429211.03125,428984.28125
Q1 Polar spatial + curriculum,36838400,426423.0,426875.8854166667
Q1 Polar spatial + curriculum,36889600,424993.625,427862.0104166667
Q1 Polar spatial + curriculum,36940800,432169.40625,429399.7708333333
Q1 Polar spatial + curriculum,36992000,431036.28125,433705.4270833333
Q1 Polar spatial + curriculum,37043200,437910.59375,435251.5520833333
Q1 Polar spatial + curriculum,37094400,436807.78125,439937.6458333333
Q1 Polar spatial + curriculum,37145600,445094.5625,438115.3333333333
Q1 Polar spatial + curriculum,37196800,432443.65625,439620.2083333333
Q1 Polar spatial + curriculum,37248000,441322.40625,439029.9479166667
Q1 Polar spatial + curriculum,37299200,443323.78125,442697.5208333333
Q1 Polar spatial + curriculum,37350400,443446.375,442869.5
Q1 Polar spatial + curriculum,37401600,441838.34375,442263.7291666667
Q1 Polar spatial + curriculum,37452800,441506.46875,443676.3958333333
Q1 Polar spatial + curriculum,37504000,447684.375,441711.2916666667
Q1 Polar spatial + curriculum,37555200,435943.03125,442461.3958333333
Q1 Polar spatial + curriculum,37606400,443756.78125,442824.375
Q1 Polar spatial + curriculum,37657600,448773.3125,443042.4479166667
Q1 Polar spatial + curriculum,37708800,436597.25,441576.5625
Q1 Polar spatial + curriculum,37760000,439359.125,436997.2395833333
Q1 Polar spatial + curriculum,37811200,435035.34375,440483.7604166667
Q1 Polar spatial + curriculum,37862400,447056.8125,442677.25
Q1 Polar spatial + curriculum,37913600,445939.59375,446625.4791666667
Q1 Polar spatial + curriculum,37964800,446880.03125,443921.78125
Q1 Polar spatial + curriculum,38016000,438945.71875,443151.3854166667
Q1 Polar spatial + curriculum,38067200,443628.40625,444191.1770833333
Q1 Polar spatial + curriculum,38118400,449999.40625,447413.5520833333
Q1 Polar spatial + curriculum,38169600,448612.84375,446396.9895833333
Q1 Polar spatial + curriculum,38220800,440578.71875,442176.0416666667
Q1 Polar spatial + curriculum,38272000,437336.5625,439509.7395833333
Q1 Polar spatial + curriculum,38323200,440613.9375,440724.71875
Q1 Polar spatial + curriculum,38374400,444223.65625,443418.3020833333
Q1 Polar spatial + curriculum,38425600,445417.3125,444049.46875
Q1 Polar spatial + curriculum,38476800,442507.4375,442319.0208333333
Q1 Polar spatial + curriculum,38528000,439032.3125,442746.1041666667
Q1 Polar spatial + curriculum,38579200,446698.5625,441311.3333333333
Q1 Polar spatial + curriculum,38630400,438203.125,442468.2708333333
Q1 Polar spatial + curriculum,38681600,442503.125,442121.03125
Q1 Polar spatial + curriculum,38732800,445656.84375,445854.0625
Q1 Polar spatial + curriculum,38784000,449402.21875,446523.71875
Q1 Polar spatial + curriculum,38835200,444512.09375,447676.1875
Q1 Polar spatial + curriculum,38886400,449114.25,447375.3958333333
Q1 Polar spatial + curriculum,38937600,448499.84375,448035.9375
Q1 Polar spatial + curriculum,38988800,446493.71875,446673.5520833333
Q1 Polar spatial + curriculum,39040000,445027.09375,447044.3958333333
Q1 Polar spatial + curriculum,39091200,449612.375,446046.125
Q1 Polar spatial + curriculum,39142400,443498.90625,446026.375
Q1 Polar spatial + curriculum,39193600,444967.84375,445246.46875
Q1 Polar spatial + curriculum,39244800,447272.65625,447387.7291666667
Q1 Polar spatial + curriculum,39296000,449922.6875,449511.59375
Q1 Polar spatial + curriculum,39347200,451339.4375,448939.1770833333
Q1 Polar spatial + curriculum,39398400,445555.40625,449110.2604166667
Q1 Polar spatial + curriculum,39449600,450435.9375,449473.2916666667
Q1 Polar spatial + curriculum,39500800,452428.53125,452482.3645833333
Q1 Polar spatial + curriculum,39552000,454582.625,452819.5729166667
Q1 Polar spatial + curriculum,39603200,451447.5625,453531.09375
Q1 Polar spatial + curriculum,39654400,454563.09375,453591.75
Q1 Polar spatial + curriculum,39705600,454764.59375,454096.125
Q1 Polar spatial + curriculum,39756800,452960.6875,454989.8854166667
Q1 Polar spatial + curriculum,39808000,457244.375,449875.3229166667
Q1 Polar spatial + curriculum,39859200,439420.90625,449573.2291666667
Q1 Polar spatial + curriculum,39910400,452054.40625,448029.1770833333
Q1 Polar spatial + curriculum,39961600,452612.21875,451256.0729166667
Q1 Polar spatial + curriculum,40012800,449101.59375,448490.5625
Q1 Polar spatial + curriculum,40064000,443757.875,445191.5625
Q1 Polar spatial + curriculum,40115200,442715.21875,445423.9895833333
Q1 Polar spatial + curriculum,40166400,449798.875,446802.7708333333
Q1 Polar spatial + curriculum,40217600,447894.21875,447599.0208333333
Q1 Polar spatial + curriculum,40268800,445103.96875,447695.7083333333
Q1 Polar spatial + curriculum,40320000,450088.9375,448966.6770833333
Q1 Polar spatial + curriculum,40371200,451707.125,449122.6979166667
Q1 Polar spatial + curriculum,40422400,445572.03125,449055.3854166667
Q1 Polar spatial + curriculum,40473600,449887.0,447287.0520833333
Q1 Polar spatial + curriculum,40524800,446402.125,447979.5729166667
Q1 Polar spatial + curriculum,40576000,447649.59375,447845.3229166667
Q1 Polar spatial + curriculum,40627200,449484.25,450107.375
Q1 Polar spatial + curriculum,40678400,453188.28125,451892.4895833333
Q1 Polar spatial + curriculum,40729600,453004.9375,456261.5104166667
Q1 Polar spatial + curriculum,40780800,462591.3125,459335.7708333333
Q1 Polar spatial + curriculum,40832000,462411.0625,459150.0729166667
Q1 Polar spatial + curriculum,40883200,452447.84375,455775.4791666667
Q1 Polar spatial + curriculum,40934400,452467.53125,453563.8125
Q1 Polar spatial + curriculum,40985600,455776.0625,455660.59375
Q1 Polar spatial + curriculum,41036800,458738.1875,456372.7083333333
Q1 Polar spatial + curriculum,41088000,454603.875,456172.0833333333
Q1 Polar spatial + curriculum,41139200,455174.1875,457312.625
Q1 Polar spatial + curriculum,41190400,462159.8125,457382.7083333333
Q1 Polar spatial + curriculum,41241600,454814.125,454927.15625
Q1 Polar spatial + curriculum,41292800,447807.53125,454580.3541666667
Q1 Polar spatial + curriculum,41344000,461119.40625,456500.6770833333
Q1 Polar spatial + curriculum,41395200,460575.09375,460240.28125
Q1 Polar spatial + curriculum,41446400,459026.34375,457733.6666666667
Q1 Polar spatial + curriculum,41497600,453599.5625,455778.7395833333
Q1 Polar spatial + curriculum,41548800,454710.3125,455463.84375
Q1 Polar spatial + curriculum,41600000,458081.65625,456245.5104166667
Q1 Polar spatial + curriculum,41651200,455944.5625,457792.03125
Q1 Polar spatial + curriculum,41702400,459349.875,458380.34375
Q1 Polar spatial + curriculum,41753600,459846.59375,458727.625
Q1 Polar spatial + curriculum,41804800,456986.40625,459757.4583333333
Q1 Polar spatial + curriculum,41856000,462439.375,458226.3229166667
Q1 Polar spatial + curriculum,41907200,455253.1875,461652.9791666667
Q1 Polar spatial + curriculum,41958400,467266.375,461151.40625
Q1 Polar spatial + curriculum,42009600,460934.65625,463100.21875
Q1 Polar spatial + curriculum,42060800,461099.625,461783.6770833333
Q1 Polar spatial + curriculum,42112000,463316.75,462924.2291666667
Q1 Polar spatial + curriculum,42163200,464356.3125,464258.3229166667
Q1 Polar spatial + curriculum,42214400,465101.90625,464087.34375
Q1 Polar spatial + curriculum,42265600,462803.8125,461213.1354166667
Q1 Polar spatial + curriculum,42316800,455733.6875,459016.4479166667
Q1 Polar spatial + curriculum,42368000,458511.84375,459276.90625
Q1 Polar spatial + curriculum,42419200,463585.1875,461989.1979166667
Q1 Polar spatial + curriculum,42470400,463870.5625,462872.7916666667
Q1 Polar spatial + curriculum,42521600,461162.625,465206.4583333333
Q1 Polar spatial + curriculum,42572800,470586.1875,466536.96875
Q1 Polar spatial + curriculum,42624000,467862.09375,465686.46875
Q1 Polar spatial + curriculum,42675200,458611.125,464373.9479166667
Q1 Polar spatial + curriculum,42726400,466648.625,463805.65625
Q1 Polar spatial + curriculum,42777600,466157.21875,465520.9895833333
Q1 Polar spatial + curriculum,42828800,463757.125,463808.0729166667
Q1 Polar spatial + curriculum,42880000,461509.875,463769.5208333333
Q1 Polar spatial + curriculum,42931200,466041.5625,463801.8541666667
Q1 Polar spatial + curriculum,42982400,463854.125,466698.1145833333
Q1 Polar spatial + curriculum,43033600,470198.65625,465244.0625
Q1 Polar spatial + curriculum,43084800,461679.40625,467620.9375
Q1 Polar spatial + curriculum,43136000,470984.75,464573.84375
Q1 Polar spatial + curriculum,43187200,461057.375,464716.4375
Q1 Polar spatial + curriculum,43238400,462107.1875,460835.6770833333
Q1 Polar spatial + curriculum,43289600,459342.46875,460412.34375
Q1 Polar spatial + curriculum,43340800,459787.375,462906.4479166667
Q1 Polar spatial + curriculum,43392000,469589.5,464928.0625
Q1 Polar spatial + curriculum,43443200,465407.3125,466291.9479166667
Q1 Polar spatial + curriculum,43494400,463879.03125,465481.625
Q1 Polar spatial + curriculum,43545600,467158.53125,464503.6666666667
Q1 Polar spatial + curriculum,43596800,462473.4375,464980.71875
Q1 Polar spatial + curriculum,43648000,465310.1875,464619.3645833333
Q1 Polar spatial + curriculum,43699200,466074.46875,466935.75
Q1 Polar spatial + curriculum,43750400,469422.59375,466107.8229166667
Q1 Polar spatial + curriculum,43801600,462826.40625,467202.3645833333
Q1 Polar spatial + curriculum,43852800,469358.09375,465197.90625
Q1 Polar spatial + curriculum,43904000,463409.21875,467985.0520833333
Q1 Polar spatial + curriculum,43955200,471187.84375,466644.78125
Q1 Polar spatial + curriculum,44006400,465337.28125,468707.1041666667
Q1 Polar spatial + curriculum,44057600,469596.1875,470311.125
Q1 Polar spatial + curriculum,44108800,475999.90625,471586.09375
Q1 Polar spatial + curriculum,44160000,469162.1875,472948.6875
Q1 Polar spatial + curriculum,44211200,473683.96875,472292.1458333333
Q1 Polar spatial + curriculum,44262400,474030.28125,473577.3645833333
Q1 Polar spatial + curriculum,44313600,473017.84375,473191.7604166667
Q1 Polar spatial + curriculum,44364800,472527.15625,472003.0520833333
Q1 Polar spatial + curriculum,44416000,470464.15625,469102.0
Q1 Polar spatial + curriculum,44467200,464314.6875,469057.6458333333
Q1 Polar spatial + curriculum,44518400,472394.09375,469937.8958333333
Q1 Polar spatial + curriculum,44569600,473104.90625,475508.2708333333
Q1 Polar spatial + curriculum,44620800,481025.8125,476208.8854166667
Q1 Polar spatial + curriculum,44672000,474495.9375,478477.0208333333
Q1 Polar spatial + curriculum,44723200,479909.3125,476389.21875
Q1 Polar spatial + curriculum,44774400,474762.40625,475625.3854166667
Q1 Polar spatial + curriculum,44825600,472204.4375,474332.3229166667
Q1 Polar spatial + curriculum,44876800,476030.125,473545.2916666667
Q1 Polar spatial + curriculum,44928000,472401.3125,473655.4791666667
Q1 Polar spatial + curriculum,44979200,472535.0,472439.2083333333
Q1 Polar spatial + curriculum,45030400,472381.3125,473514.4791666667
Q1 Polar spatial + curriculum,45081600,475627.125,473818.71875
Q1 Polar spatial + curriculum,45132800,473447.71875,474249.1770833333
Q1 Polar spatial + curriculum,45184000,473672.6875,472815.4270833333
Q1 Polar spatial + curriculum,45235200,471325.875,472354.5104166667
Q1 Polar spatial + curriculum,45286400,472064.96875,472062.8854166667
Q1 Polar spatial + curriculum,45337600,472797.8125,472977.9166666667
Q1 Polar spatial + curriculum,45388800,474070.96875,472536.6041666667
Q1 Polar spatial + curriculum,45440000,470741.03125,471953.59375
Q1 Polar spatial + curriculum,45491200,471048.78125,470444.7708333333
Q1 Polar spatial + curriculum,45542400,469544.5,471525.2604166667
Q1 Polar spatial + curriculum,45593600,473982.5,472030.3541666667
Q1 Polar spatial + curriculum,45644800,472564.0625,474129.2604166667
Q1 Polar spatial + curriculum,45696000,475841.21875,473569.3958333333
Q1 Polar spatial + curriculum,45747200,472302.90625,474216.2395833333
Q1 Polar spatial + curriculum,45798400,474504.59375,470974.15625
Q1 Polar spatial + curriculum,45849600,466114.96875,469703.2708333333
Q1 Polar spatial + curriculum,45900800,468490.25,469524.7916666667
Q1 Polar spatial + curriculum,45952000,473969.15625,469347.1875
Q1 Polar spatial + curriculum,46003200,465582.15625,468857.8333333333
Q1 Polar spatial + curriculum,46054400,467022.1875,466383.3958333333
Q1 Polar spatial + curriculum,46105600,466545.84375,469372.9791666667
Q1 Polar spatial + curriculum,46156800,474550.90625,471199.8854166667
Q1 Polar spatial + curriculum,46208000,472502.90625,471740.4270833333
Q1 Polar spatial + curriculum,46259200,468167.46875,473124.6145833333
Q1 Polar spatial + curriculum,46310400,478703.46875,473372.34375
Q1 Polar spatial + curriculum,46361600,473246.09375,474027.65625
Q1 Polar spatial + curriculum,46412800,470133.40625,473785.6041666667
Q1 Polar spatial + curriculum,46464000,477977.3125,475129.7083333333
Q1 Polar spatial + curriculum,46515200,477278.40625,477063.8333333333
Q1 Polar spatial + curriculum,46566400,475935.78125,479682.6875
Q1 Polar spatial + curriculum,46617600,485833.875,480306.28125
Q1 Polar spatial + curriculum,46668800,479149.1875,480647.1354166667
Q1 Polar spatial + curriculum,46720000,476958.34375,476573.375
Q1 Polar spatial + curriculum,46771200,473612.59375,475025.6770833333
Q1 Polar spatial + curriculum,46822400,474506.09375,474928.9479166667
Q1 Polar spatial + curriculum,46873600,476668.15625,476848.34375
Q1 Polar spatial + curriculum,46924800,479370.78125,479079.1041666667
Q1 Polar spatial + curriculum,46976000,481198.375,480752.5729166667
Q1 Polar spatial + curriculum,47027200,481688.5625,478400.1041666667
Q1 Polar spatial + curriculum,47078400,472313.375,476183.1979166667
Q1 Polar spatial + curriculum,47129600,474547.65625,477120.8125
Q1 Polar spatial + curriculum,47180800,484501.40625,479295.6354166667
Q1 Polar spatial + curriculum,47232000,478837.84375,483186.53125
Q1 Polar spatial + curriculum,47283200,486220.34375,481490.8854166667
Q1 Polar spatial + curriculum,47334400,479414.46875,483618.90625
Q1 Polar spatial + curriculum,47385600,485221.90625,482572.5104166667
Q1 Polar spatial + curriculum,47436800,483081.15625,482028.40625
Q1 Polar spatial + curriculum,47488000,477782.15625,482505.2708333333
Q1 Polar spatial + curriculum,47539200,486652.5,482798.6354166667
Q1 Polar spatial + curriculum,47590400,483961.25,484418.6354166667
Q1 Polar spatial + curriculum,47641600,482642.15625,483348.1145833333
Q1 Polar spatial + curriculum,47692800,483440.9375,484845.1354166667
Q1 Polar spatial + curriculum,47744000,488452.3125,485922.3958333333
Q1 Polar spatial + curriculum,47795200,485873.9375,487824.0416666667
Q1 Polar spatial + curriculum,47846400,489145.875,487156.4166666667
Q1 Polar spatial + curriculum,47897600,486449.4375,489292.1979166667
Q1 Polar spatial + curriculum,47948800,492281.28125,490175.9895833333
Q1 Polar spatial + curriculum,48000000,491797.25,489043.03125
Q1 Polar spatial + curriculum,48051200,483050.5625,486339.8854166667
Q1 Polar spatial + curriculum,48102400,484171.84375,483126.7916666667
Q1 Polar spatial + curriculum,48153600,482157.96875,482731.75
Q1 Polar spatial + curriculum,48204800,481865.4375,481945.7916666667
Q1 Polar spatial + curriculum,48256000,481813.96875,484200.1770833333
Q1 Polar spatial + curriculum,48307200,488921.125,486376.1875
Q1 Polar spatial + curriculum,48358400,488393.46875,487759.6979166667
Q1 Polar spatial + curriculum,48409600,485964.5,487031.4791666667
Q1 Polar spatial + curriculum,48460800,486736.46875,486374.3541666667
Q1 Polar spatial + curriculum,48512000,486422.09375,486202.6145833333
Q1 Polar spatial + curriculum,48563200,485449.28125,486352.6041666667
Q1 Polar spatial + curriculum,48614400,487186.4375,486202.7291666667
Q1 Polar spatial + curriculum,48665600,485972.46875,486138.0104166667
Q1 Polar spatial + curriculum,48716800,485255.125,484660.375
Q1 Polar spatial + curriculum,48768000,482753.53125,483929.9166666667
Q1 Polar spatial + curriculum,48819200,483781.09375,483097.3958333333
Q1 Polar spatial + curriculum,48870400,482757.5625,481411.2291666667
Q1 Polar spatial + curriculum,48921600,477695.03125,482582.90625
Q1 Polar spatial + curriculum,48972800,487296.125,484418.6458333333
Q1 Polar spatial + curriculum,49024000,488264.78125,488316.53125
Q1 Polar spatial + curriculum,49075200,489388.6875,488371.71875
Q1 Polar spatial + curriculum,49126400,487461.6875,488000.9895833333
Q1 Polar spatial + curriculum,49177600,487152.59375,486271.90625
Q1 Polar spatial + curriculum,49228800,484201.4375,485335.6875
Q1 Polar spatial + curriculum,49280000,484653.03125,485118.8645833333
Q1 Polar spatial + curriculum,49331200,486502.125,485313.6458333333
Q1 Polar spatial + curriculum,49382400,484785.78125,485446.4583333333
Q1 Polar spatial + curriculum,49433600,485051.46875,484526.0833333333
Q1 Polar spatial + curriculum,49484800,483741.0,484015.7291666667
Q1 Polar spatial + curriculum,49536000,483254.71875,483212.4791666667
Q1 Polar spatial + curriculum,49587200,482641.71875,484639.7083333333
Q1 Polar spatial + curriculum,49638400,488022.6875,485688.4166666667
Q1 Polar spatial + curriculum,49689600,486400.84375,487099.1145833333
Q1 Polar spatial + curriculum,49740800,486873.8125,487387.3854166667
Q1 Polar spatial + curriculum,49792000,488887.5,486871.8020833333
Q1 Polar spatial + curriculum,49843200,484854.09375,484810.5520833333
Q1 Polar spatial + curriculum,49894400,480690.0625,482339.0104166667
Q1 Polar spatial + curriculum,49945600,481472.875,480558.6770833333
Q1 Polar spatial + curriculum,49996800,479513.09375,479903.2604166667
Q1 Polar spatial + curriculum,50048000,478723.8125,479583.8645833333
Q1 Polar spatial + curriculum,50099200,480514.6875,479296.25
Q1 Polar spatial + curriculum,50150400,478650.25,478107.5833333333
Q1 Polar spatial + curriculum,50201600,475157.8125,476573.6145833333
Q1 Polar spatial + curriculum,50252800,475912.78125,476675.0208333333
Q1 Polar spatial + curriculum,50304000,478954.46875,477189.8333333333
Q1 Polar spatial + curriculum,50355200,476702.25,477752.1666666667
Q1 Polar spatial + curriculum,50406400,477599.78125,478217.375
Q1 Polar spatial + curriculum,50457600,480350.09375,478472.8854166667
Q1 Polar spatial + curriculum,50508800,477468.78125,478716.5729166667
Q1 Polar spatial + curriculum,50560000,478330.84375,478649.0208333333
Q1 Polar spatial + curriculum,50611200,480147.4375,480708.5625
Q1 Polar spatial + curriculum,50662400,483647.40625,480449.6145833333
Q1 Polar spatial + curriculum,50713600,477554.0,481481.1354166667
Q1 Polar spatial + curriculum,50764800,483242.0,481223.375
Q1 Polar spatial + curriculum,50816000,482874.125,481711.1145833333
Q1 Polar spatial + curriculum,50867200,479017.21875,480579.375
Q1 Polar spatial + curriculum,50918400,479846.78125,478173.96875
Q1 Polar spatial + curriculum,50969600,475657.90625,476585.8645833333
Q1 Polar spatial + curriculum,51020800,474252.90625,475613.0104166667
Q1 Polar spatial + curriculum,51072000,476928.21875,477327.9895833333
Q1 Polar spatial + curriculum,51123200,480802.84375,480572.5208333333
Q1 Polar spatial + curriculum,51174400,483986.5,482234.3333333333
Q1 Polar spatial + curriculum,51225600,481913.65625,480822.4479166667
Q1 Polar spatial + curriculum,51276800,476567.1875,477906.8020833333
Q1 Polar spatial + curriculum,51328000,475239.5625,475743.09375
Q1 Polar spatial + curriculum,51379200,475422.53125,475514.4791666667
Q1 Polar spatial + curriculum,51430400,475881.34375,473858.8854166667
Q1 Polar spatial + curriculum,51481600,470272.78125,471391.40625
Q1 Polar spatial + curriculum,51532800,468020.09375,469380.3541666667
Q1 Polar spatial + curriculum,51584000,469848.1875,469441.1875
Q1 Polar spatial + curriculum,51635200,470455.28125,469903.1666666667
Q1 Polar spatial + curriculum,51686400,469406.03125,469173.0729166667
Q1 Polar spatial + curriculum,51737600,467657.90625,469677.3645833333
Q1 Polar spatial + curriculum,51788800,471968.15625,470006.8333333333
Q1 Polar spatial + curriculum,51840000,470394.4375,472310.4479166667
Q1 Polar spatial + curriculum,51891200,474568.75,473280.7291666667
Q1 Polar spatial + curriculum,51942400,474879.0,474910.2916666667
Q1 Polar spatial + curriculum,51993600,475283.125,476231.9375
Q1 Polar spatial + curriculum,52044800,478533.6875,476499.25
Q1 Polar spatial + curriculum,52096000,475680.9375,475064.0625
Q1 Polar spatial + curriculum,52147200,470977.5625,472836.4479166667
Q1 Polar spatial + curriculum,52198400,471850.84375,473470.8958333333
Q1 Polar spatial + curriculum,52249600,477584.28125,476452.3020833333
Q1 Polar spatial + curriculum,52300800,479921.78125,479175.625
Q1 Polar spatial + curriculum,52352000,480020.8125,479949.78125
Q1 Polar spatial + curriculum,52403200,479906.75,480968.8229166667
Q1 Polar spatial + curriculum,52454400,482978.90625,480388.28125
Q1 Polar spatial + curriculum,52505600,478279.1875,480820.3333333333
Q1 Polar spatial + curriculum,52556800,481202.90625,482161.8854166667
Q1 Polar spatial + curriculum,52608000,487003.5625,485686.7604166667
Q1 Polar spatial + curriculum,52659200,488853.8125,487054.9583333333
Q1 Polar spatial + curriculum,52710400,485307.5,486880.9791666667
Q1 Polar spatial + curriculum,52761600,486481.625,486868.6354166667
Q1 Polar spatial + curriculum,52812800,488816.78125,486699.4895833333
Q1 Polar spatial + curriculum,52864000,484800.0625,485773.625
Q1 Polar spatial + curriculum,52915200,483704.03125,483750.6875
Q1 Polar spatial + curriculum,52966400,482747.96875,482393.6458333333
Q1 Polar spatial + curriculum,53017600,480728.9375,481519.125
Q1 Polar spatial + curriculum,53068800,481080.46875,482621.2291666667
Q1 Polar spatial + curriculum,53120000,486054.28125,482872.2708333333
Q1 Polar spatial + curriculum,53171200,481482.0625,482575.3020833333
Q1 Polar spatial + curriculum,53222400,480189.5625,480533.4270833333
Q1 Polar spatial + curriculum,53273600,479928.65625,480045.3333333333
Q1 Polar spatial + curriculum,53324800,480017.78125,480900.65625
Q1 Polar spatial + curriculum,53376000,482755.53125,481845.4375
Q1 Polar spatial + curriculum,53427200,482763.0,483255.875
Q1 Polar spatial + curriculum,53478400,484249.09375,483245.5208333333
Q1 Polar spatial + curriculum,53529600,482724.46875,482245.71875
Q1 Polar spatial + curriculum,53580800,479763.59375,482077.625
Q1 Polar spatial + curriculum,53632000,483744.8125,482686.3020833333
Q1 Polar spatial + curriculum,53683200,484550.5,483942.3541666667
Q1 Polar spatial + curriculum,53734400,483531.75,484060.6354166667
Q1 Polar spatial + curriculum,53785600,484099.65625,484319.5208333333
Q1 Polar spatial + curriculum,53836800,485327.15625,482602.8333333333
Q1 Polar spatial + curriculum,53888000,478381.6875,480689.53125
Q1 Polar spatial + curriculum,53939200,478359.75,478901.7708333333
Q1 Polar spatial + curriculum,53990400,479963.875,479894.4895833333
Q1 Polar spatial + curriculum,54041600,481359.84375,479807.9479166667
Q1 Polar spatial + curriculum,54092800,478100.125,481069.6458333333
Q1 Polar spatial + curriculum,54144000,483748.96875,480764.21875
Q1 Polar spatial + curriculum,54195200,480443.5625,481216.84375
Q1 Polar spatial + curriculum,54246400,479458.0,480433.3229166667
Q1 Polar spatial + curriculum,54297600,481398.40625,479508.0
Q1 Polar spatial + curriculum,54348800,477667.59375,478777.1458333333
Q1 Polar spatial + curriculum,54400000,477265.4375,477629.5416666667
Q1 Polar spatial + curriculum,54451200,477955.59375,477945.3541666667
Q1 Polar spatial + curriculum,54502400,478615.03125,478592.4583333333
Q1 Polar spatial + curriculum,54553600,479206.75,479258.7604166667
Q1 Polar spatial + curriculum,54604800,479954.5,480911.3333333333
Q1 Polar spatial + curriculum,54656000,483572.75,481535.4791666667
Q1 Polar spatial + curriculum,54707200,481079.1875,481936.5208333333
Q1 Polar spatial + curriculum,54758400,481157.625,480500.84375
Q1 Polar spatial + curriculum,54809600,479265.71875,479649.1145833333
Q1 Polar spatial + curriculum,54860800,478524.0,479026.9583333333
Q1 Polar spatial + curriculum,54912000,479291.15625,478504.2708333333
Q1 Polar spatial + curriculum,54963200,477697.65625,479530.6875
Q1 Polar spatial + curriculum,55014400,481603.25,479780.09375
Q1 Polar spatial + curriculum,55065600,480039.375,481699.6458333333
Q1 Polar spatial + curriculum,55116800,483456.3125,481779.5625
Q1 Polar spatial + curriculum,55168000,481843.0,481579.3854166667
Q1 Polar spatial + curriculum,55219200,479438.84375,480970.7708333333
Q1 Polar spatial + curriculum,55270400,481630.46875,480379.9375
Q1 Polar spatial + curriculum,55321600,480070.5,480615.0104166667
Q1 Polar spatial + curriculum,55372800,480144.0625,480229.7604166667
Q1 Polar spatial + curriculum,55424000,480474.71875,477954.46875
Q1 Polar spatial + curriculum,55475200,473244.625,476995.03125
Q1 Polar spatial + curriculum,55526400,477265.75,475078.78125
Q1 Polar spatial + curriculum,55577600,474725.96875,476765.2916666667
Q1 Polar spatial + curriculum,55628800,478304.15625,476957.8541666667
Q1 Polar spatial + curriculum,55680000,477843.4375,478620.9270833333
Q1 Polar spatial + curriculum,55731200,479715.1875,478721.5520833333
Q1 Polar spatial + curriculum,55782400,478606.03125,479125.2916666667
Q1 Polar spatial + curriculum,55833600,479054.65625,477663.15625
Q1 Polar spatial + curriculum,55884800,475328.78125,477620.4791666667
Q1 Polar spatial + curriculum,55936000,478478.0,475925.9895833333
Q1 Polar spatial + curriculum,55987200,473971.1875,477894.6041666667
Q1 Polar spatial + curriculum,56038400,481234.625,477087.6145833333
Q1 Polar spatial + curriculum,56089600,476057.03125,476415.5104166667
Q1 Polar spatial + curriculum,56140800,471954.875,474091.21875
Q1 Polar spatial + curriculum,56192000,474261.75,472958.6666666667
Q1 Polar spatial + curriculum,56243200,472659.375,473211.0208333333
Q1 Polar spatial + curriculum,56294400,472711.9375,471782.28125
Q1 Polar spatial + curriculum,56345600,469975.53125,471565.1354166667
Q1 Polar spatial + curriculum,56396800,472007.9375,471505.3541666667
Q1 Polar spatial + curriculum,56448000,472532.59375,472649.4270833333
Q1 Polar spatial + curriculum,56499200,473407.75,472848.2291666667
Q1 Polar spatial + curriculum,56550400,472604.34375,470122.8020833333
Q1 Polar spatial + curriculum,56601600,464356.3125,466854.4270833333
Q1 Polar spatial + curriculum,56652800,463602.625,464744.1458333333
Q1 Polar spatial + curriculum,56704000,466273.5,467002.0520833333
Q1 Polar spatial + curriculum,56755200,471130.03125,466740.25
Q1 Polar spatial + curriculum,56806400,462817.21875,467199.5833333333
Q1 Polar spatial + curriculum,56857600,467651.5,466880.0208333333
Q1 Polar spatial + curriculum,56908800,470171.34375,468843.4166666667
Q1 Polar spatial + curriculum,56960000,468707.40625,470736.4583333333
Q1 Polar spatial + curriculum,57011200,473330.625,472428.8958333333
Q1 Polar spatial + curriculum,57062400,475248.65625,475014.8854166667
Q1 Polar spatial + curriculum,57113600,476465.375,475536.9166666667
Q1 Polar spatial + curriculum,57164800,474896.71875,475140.1145833333
Q1 Polar spatial + curriculum,57216000,474058.25,475877.1979166667
Q1 Polar spatial + curriculum,57267200,478676.625,476468.78125
Q1 Polar spatial + curriculum,57318400,476671.46875,478006.7604166667
Q1 Polar spatial + curriculum,57369600,478672.1875,478378.7708333333
Q1 Polar spatial + curriculum,57420800,479792.65625,479862.9270833333
Q1 Polar spatial + curriculum,57472000,481123.9375,480698.8958333333
Q1 Polar spatial + curriculum,57523200,481180.09375,481595.5416666667
Q1 Polar spatial + curriculum,57574400,482482.59375,480117.5416666667
Q1 Polar spatial + curriculum,57625600,476689.9375,479713.1979166667
Q1 Polar spatial + curriculum,57676800,479967.0625,478192.8541666667
Q1 Polar spatial + curriculum,57728000,477921.5625,479499.6666666667
Q1 Polar spatial + curriculum,57779200,480610.375,479827.9791666667
Q1 Polar spatial + curriculum,57830400,480952.0,479507.2395833333
Q1 Polar spatial + curriculum,57881600,476959.34375,477952.1041666667
Q1 Polar spatial + curriculum,57932800,475944.96875,476289.21875
Q1 Polar spatial + curriculum,57984000,475963.34375,474093.5208333333
Q1 Polar spatial + curriculum,58035200,470372.25,472366.46875
Q1 Polar spatial + curriculum,58086400,470763.8125,469801.0416666667
Q1 Polar spatial + curriculum,58137600,468267.0625,469824.6458333333
Q1 Polar spatial + curriculum,58188800,470443.0625,468546.375
Q1 Polar spatial + curriculum,58240000,466929.0,468046.1979166667
Q1 Polar spatial + curriculum,58291200,466766.53125,468156.6145833333
Q1 Polar spatial + curriculum,58342400,470774.3125,468537.4583333333
Q1 Polar spatial + curriculum,58393600,468071.53125,468724.1041666667
Q1 Polar spatial + curriculum,58444800,467326.46875,467653.0104166667
Q1 Polar spatial + curriculum,58496000,467561.03125,468333.09375
Q1 Polar spatial + curriculum,58547200,470111.78125,470125.6354166667
Q1 Polar spatial + curriculum,58598400,472704.09375,471840.9895833333
Q1 Polar spatial + curriculum,58649600,472707.09375,473391.90625
Q1 Polar spatial + curriculum,58700800,474764.53125,474566.59375
Q1 Polar spatial + curriculum,58752000,476228.15625,476589.6770833333
Q1 Polar spatial + curriculum,58803200,478776.34375,476715.90625
Q1 Polar spatial + curriculum,58854400,475143.21875,475855.9583333333
Q1 Polar spatial + curriculum,58905600,473648.3125,474746.8541666667
Q1 Polar spatial + curriculum,58956800,475449.03125,474128.3229166667
Q1 Polar spatial + curriculum,59008000,473287.625,473082.7604166667
Q1 Polar spatial + curriculum,59059200,470511.625,471868.5208333333
Q1 Polar spatial + curriculum,59110400,471806.3125,470490.8125
Q1 Polar spatial + curriculum,59161600,469154.5,470493.34375
Q1 Polar spatial + curriculum,59212800,470519.21875,470492.4791666667
Q1 Polar spatial + curriculum,59264000,471803.71875,472600.3125
Q1 Polar spatial + curriculum,59315200,475478.0,474134.2083333333
Q1 Polar spatial + curriculum,59366400,475120.90625,475877.375
Q1 Polar spatial + curriculum,59417600,477033.21875,476569.0729166667
Q1 Polar spatial + curriculum,59468800,477553.09375,477943.8229166667
Q1 Polar spatial + curriculum,59520000,479245.15625,477825.5104166667
Q1 Polar spatial + curriculum,59571200,476678.28125,477878.25
Q1 Polar spatial + curriculum,59622400,477711.3125,477391.0729166667
Q1 Polar spatial + curriculum,59673600,477783.625,477764.5625
Q1 Polar spatial + curriculum,59724800,477798.75,476874.9583333333
Q1 Polar spatial + curriculum,59776000,475042.5,476356.8020833333
Q1 Polar spatial + curriculum,59827200,476229.15625,475150.8229166667
Q1 Polar spatial + curriculum,59878400,474180.8125,473468.4375
Q1 Polar spatial + curriculum,59929600,469995.34375,473363.46875
Q1 Polar spatial + curriculum,59980800,475914.25,473878.875
Q1 Polar spatial + curriculum,60032000,475727.03125,474822.8958333333
Q1 Polar spatial + curriculum,60083200,472827.40625,474762.1041666667
Q1 Polar spatial + curriculum,60134400,475731.875,473222.6770833333
Q1 Polar spatial + curriculum,60185600,471108.75,472646.2916666667
Q1 Polar spatial + curriculum,60236800,471098.25,472470.9375
Q1 Polar spatial + curriculum,60288000,475205.8125,472693.9583333333
Q1 Polar spatial + curriculum,60339200,471777.8125,470671.1041666667
Q1 Polar spatial + curriculum,60390400,465029.6875,467080.3958333333
Q1 Polar spatial + curriculum,60441600,464433.6875,464584.34375
Q1 Polar spatial + curriculum,60492800,464289.65625,464024.75
Q1 Polar spatial + curriculum,60544000,463350.90625,464296.4479166667
Q1 Polar spatial + curriculum,60595200,465248.78125,465733.5104166667
Q1 Polar spatial + curriculum,60646400,468600.84375,469443.2604166667
Q1 Polar spatial + curriculum,60697600,474480.15625,472727.53125
Q1 Polar spatial + curriculum,60748800,475101.59375,473895.5833333333
Q1 Polar spatial + curriculum,60800000,472105.0,475123.9479166667
Q1 Polar spatial + curriculum,60851200,478165.25,477510.78125
Q1 Polar spatial + curriculum,60902400,482262.09375,481185.9791666667
Q1 Polar spatial + curriculum,60953600,483130.59375,481832.40625
Q1 Polar spatial + curriculum,61004800,480104.53125,481439.625
Q1 Polar spatial + curriculum,61056000,481083.75,480630.3333333333
Q1 Polar spatial + curriculum,61107200,480702.71875,480490.0729166667
Q1 Polar spatial + curriculum,61158400,479683.75,478913.3854166667
Q1 Polar spatial + curriculum,61209600,476353.6875,478186.1875
Q1 Polar spatial + curriculum,61260800,478521.125,477996.3229166667
Q1 Polar spatial + curriculum,61312000,479114.15625,478628.2916666667
Q1 Polar spatial + curriculum,61363200,478249.59375,478483.8541666667
Q1 Polar spatial + curriculum,61414400,478087.8125,477894.0
Q1 Polar spatial + curriculum,61465600,477344.59375,478830.2083333333
Q1 Polar spatial + curriculum,61516800,481058.21875,479032.8958333333
Q1 Polar spatial + curriculum,61568000,478695.875,479611.3020833333
Q1 Polar spatial + curriculum,61619200,479079.8125,477959.90625
Q1 Polar spatial + curriculum,61670400,476104.03125,476581.8333333333
Q1 Polar spatial + curriculum,61721600,474561.65625,474534.1770833333
Q1 Polar spatial + curriculum,61772800,472936.84375,472440.9166666667
Q1 Polar spatial + curriculum,61824000,469824.25,471036.96875
Q1 Polar spatial + curriculum,61875200,470349.8125,469046.3020833333
Q1 Polar spatial + curriculum,61926400,466964.84375,467814.7083333333
Q1 Polar spatial + curriculum,61977600,466129.46875,468566.625
Q1 Polar spatial + curriculum,62028800,472605.5625,468571.9270833333
Q1 Polar spatial + curriculum,62080000,466980.75,468874.4479166667
Q1 Polar spatial + curriculum,62131200,467037.03125,467285.40625
Q1 Polar spatial + curriculum,62182400,467838.4375,467939.1979166667
Q1 Polar spatial + curriculum,62233600,468942.125,467365.6458333333
Q1 Polar spatial + curriculum,62284800,465316.375,466962.3125
Q1 Polar spatial + curriculum,62336000,466628.4375,466004.84375
Q1 Polar spatial + curriculum,62387200,466069.71875,466379.15625
Q1 Polar spatial + curriculum,62438400,466439.3125,467645.7604166667
Q1 Polar spatial + curriculum,62489600,470428.25,469928.1666666667
Q1 Polar spatial + curriculum,62540800,472916.9375,472503.09375
Q1 Polar spatial + curriculum,62592000,474164.09375,474153.5625
Q1 Polar spatial + curriculum,62643200,475379.65625,475690.625
Q1 Polar spatial + curriculum,62694400,477528.125,474561.4166666667
Q1 Polar spatial + curriculum,62745600,470776.46875,473383.40625
Q1 Polar spatial + curriculum,62796800,471845.625,472950.6458333333
Q1 Polar spatial + curriculum,62848000,476229.84375,474805.7083333333
Q1 Polar spatial + curriculum,62899200,476341.65625,475249.2395833333
Q1 Polar spatial + curriculum,62950400,473176.21875,474844.4270833333
Q1 Polar spatial + curriculum,63001600,475015.40625,473813.9479166667
Q1 Polar spatial + curriculum,63052800,473250.21875,473098.21875
Q1 Polar spatial + curriculum,63104000,471029.03125,471332.40625
Q1 Polar spatial + curriculum,63155200,469717.96875,471987.4895833333
Q1 Polar spatial + curriculum,63206400,475215.46875,473080.6354166667
Q1 Polar spatial + curriculum,63257600,474308.46875,475282.4791666667
Q1 Polar spatial + curriculum,63308800,476323.5,476767.8958333333
Q1 Polar spatial + curriculum,63360000,479671.71875,478474.1770833333
Q1 Polar spatial + curriculum,63411200,479427.3125,478935.90625
Q1 Polar spatial + curriculum,63462400,477708.6875,478419.09375
Q1 Polar spatial + curriculum,63513600,478121.28125,477736.65625
Q1 Polar spatial + curriculum,63564800,477380.0,477227.84375
Q1 Polar spatial + curriculum,63616000,476182.25,476092.1145833333
Q1 Polar spatial + curriculum,63667200,474714.09375,475609.6041666667
Q1 Polar spatial + curriculum,63718400,475932.46875,475897.2604166667
Q1 Polar spatial + curriculum,63769600,477045.21875,476801.8958333333
Q1 Polar spatial + curriculum,63820800,477428.0,476891.2604166667
Q1 Polar spatial + curriculum,63872000,476200.5625,476499.8645833333
Q1 Polar spatial + curriculum,63923200,475871.03125,475205.0833333333
Q1 Polar spatial + curriculum,63974400,473543.65625,474417.9791666667
Q1 Polar spatial + curriculum,64025600,473839.25,473670.0833333333
Q1 Polar spatial + curriculum,64076800,473627.34375,474105.40625
Q1 Polar spatial + curriculum,64128000,474849.625,474800.9895833333
Q1 Polar spatial + curriculum,64179200,475926.0,475455.5416666667
Q1 Polar spatial + curriculum,64230400,475591.0,475746.59375
Q1 Polar spatial + curriculum,64281600,475722.78125,473442.0208333333
Q1 Polar spatial + curriculum,64332800,469012.28125,471200.28125
Q1 Polar spatial + curriculum,64384000,468865.78125,469497.21875
Q1 Polar spatial + curriculum,64435200,470613.59375,469592.0104166667
Q1 Polar spatial + curriculum,64486400,469296.65625,469496.4583333333
Q1 Polar spatial + curriculum,64537600,468579.125,467543.2916666667
Q1 Polar spatial + curriculum,64588800,464754.09375,465801.28125
Q1 Polar spatial + curriculum,64640000,464070.625,464496.8958333333
Q1 Polar spatial + curriculum,64691200,464665.96875,464853.9166666667
Q1 Polar spatial + curriculum,64742400,465825.15625,464634.5520833333
Q1 Polar spatial + curriculum,64793600,463412.53125,463112.21875
Q1 Polar spatial + curriculum,64844800,460098.96875,462142.46875
Q1 Polar spatial + curriculum,64896000,462915.90625,462747.8854166667
Q1 Polar spatial + curriculum,64947200,465228.78125,465141.2708333333
Q1 Polar spatial + curriculum,64998400,467279.125,466117.7708333333
Q1 Polar spatial + curriculum,65049600,465845.40625,466249.1979166667
Q1 Polar spatial + curriculum,65100800,465623.0625,465439.7708333333
Q1 Polar spatial + curriculum,65152000,464850.84375,464091.5
Q1 Polar spatial + curriculum,65203200,461800.59375,462091.3333333333
Q1 Polar spatial + curriculum,65254400,459622.5625,461693.0208333333
Q1 Polar spatial + curriculum,65305600,463655.90625,462600.84375
Q1 Polar spatial + curriculum,65356800,464524.0625,463683.25
Q1 Polar spatial + curriculum,65408000,462869.78125,463803.9375
Q1 Polar spatial + curriculum,65459200,464017.96875,463736.4583333333
Q1 Polar spatial + curriculum,65510400,464321.625,464407.9583333333
Q1 Polar spatial + curriculum,65561600,464884.28125,465389.9583333333
Q1 Polar spatial + curriculum,65612800,466963.96875,467326.3020833333
Q1 Polar spatial + curriculum,65664000,470130.65625,467488.6145833333
Q1 Polar spatial + curriculum,65715200,465371.21875,466791.4166666667
Q1 Polar spatial + curriculum,65766400,464872.375,465142.7916666667
Q1 Polar spatial + curriculum,65817600,465184.78125,464793.09375
Q1 Polar spatial + curriculum,65868800,464322.125,464714.34375
Q1 Polar spatial + curriculum,65920000,464636.125,465037.25
Q1 Polar spatial + curriculum,65971200,466153.5,465911.3854166667
Q1 Polar spatial + curriculum,66022400,466944.53125,467568.1979166667
Q1 Polar spatial + curriculum,66073600,469606.5625,469724.875
Q1 Polar spatial + curriculum,66124800,472623.53125,470286.84375
Q1 Polar spatial + curriculum,66176000,468630.4375,469460.5416666667
Q1 Polar spatial + curriculum,66227200,467127.65625,467979.4270833333
Q1 Polar spatial + curriculum,66278400,468180.1875,468444.1666666667
Q1 Polar spatial + curriculum,66329600,470024.65625,468871.3958333333
Q1 Polar spatial + curriculum,66380800,468409.34375,470326.7083333333
Q1 Polar spatial + curriculum,66432000,472546.125,470300.03125
Q1 Polar spatial + curriculum,66483200,469944.625,470833.40625
Q1 Polar spatial + curriculum,66534400,470009.46875,470422.96875
Q1 Polar spatial + curriculum,66585600,471314.8125,471589.5833333333
Q1 Polar spatial + curriculum,66636800,473444.46875,472297.6666666667
Q1 Polar spatial + curriculum,66688000,472133.71875,471435.0520833333
Q1 Polar spatial + curriculum,66739200,468726.96875,469599.34375
Q1 Polar spatial + curriculum,66790400,467937.34375,468372.3958333333
Q1 Polar spatial + curriculum,66841600,468452.875,468889.9895833333
Q1 Polar spatial + curriculum,66892800,470279.75,469222.65625
Q1 Polar spatial + curriculum,66944000,468935.34375,470308.9895833333
Q1 Polar spatial + curriculum,66995200,471711.875,470239.53125
Q1 Polar spatial + curriculum,67046400,470071.375,470425.2604166667
Q1 Polar spatial + curriculum,67097600,469492.53125,470091.5729166667
Q1 Polar spatial + curriculum,67148800,470710.8125,471397.6875
Q1 Polar spatial + curriculum,67200000,473989.71875,472165.5625
Q1 Polar spatial + curriculum,67251200,471796.15625,472710.7604166667
Q1 Polar spatial + curriculum,67302400,472346.40625,471785.0208333333
Q1 Polar spatial + curriculum,67353600,471212.5,472086.96875
Q1 Polar spatial + curriculum,67404800,472702.0,472842.28125
Q1 Polar spatial + curriculum,67456000,474612.34375,474475.5625
Q1 Polar spatial + curriculum,67507200,476112.34375,475904.71875
Q1 Polar spatial + curriculum,67558400,476989.46875,477142.3541666667
Q1 Polar spatial + curriculum,67609600,478325.25,477733.3125
Q1 Polar spatial + curriculum,67660800,477885.21875,477071.6875
Q1 Polar spatial + curriculum,67712000,475004.59375,474120.3229166667
Q1 Polar spatial + curriculum,67763200,469471.15625,469584.6979166667
Q1 Polar spatial + curriculum,67814400,464278.34375,464045.9583333333
Q1 Polar spatial + curriculum,67865600,458388.375,461083.8958333333
Q1 Polar spatial + curriculum,67916800,460584.96875,458376.4375
Q1 Polar spatial + curriculum,67968000,456155.96875,456333.4791666667
Q1 Polar spatial + curriculum,68019200,452259.5,452818.1979166667
Q1 Polar spatial + curriculum,68070400,450039.125,451921.46875
Q1 Polar spatial + curriculum,68121600,453465.78125,453123.5729166667
Q1 Polar spatial + curriculum,68172800,455865.8125,454514.7604166667
Q1 Polar spatial + curriculum,68224000,454212.6875,455895.125
Q1 Polar spatial + curriculum,68275200,457606.875,456664.5
Q1 Polar spatial + curriculum,68326400,458173.9375,459833.6145833333
Q1 Polar spatial + curriculum,68377600,463720.03125,462261.9375
Q1 Polar spatial + curriculum,68428800,464891.84375,464639.1666666667
Q1 Polar spatial + curriculum,68480000,465305.625,465995.0520833333
Q1 Polar spatial + curriculum,68531200,467787.6875,468201.7083333333
Q1 Polar spatial + curriculum,68582400,471511.8125,470752.1145833333
Q1 Polar spatial + curriculum,68633600,472956.84375,473232.8958333333
Q1 Polar spatial + curriculum,68684800,475230.03125,474520.3125
Q1 Polar spatial + curriculum,68736000,475374.0625,475472.9375
Q1 Polar spatial + curriculum,68787200,475814.71875,475142.1666666667
Q1 Polar spatial + curriculum,68838400,474237.71875,474241.1875
Q1 Polar spatial + curriculum,68889600,472671.125,473534.2291666667
Q1 Polar spatial + curriculum,68940800,473693.84375,472518.5729166667
Q1 Polar spatial + curriculum,68992000,471190.75,471637.3020833333
Q1 Polar spatial + curriculum,69043200,470027.3125,469272.5625
Q1 Polar spatial + curriculum,69094400,466599.625,468366.9791666667
Q1 Polar spatial + curriculum,69145600,468474.0,468756.1145833333
Q1 Polar spatial + curriculum,69196800,471194.71875,471422.6979166667
Q1 Polar spatial + curriculum,69248000,474599.375,474224.6458333333
Q1 Polar spatial + curriculum,69299200,476879.84375,476536.5
Q1 Polar spatial + curriculum,69350400,478130.28125,476936.5625
Q1 Polar spatial + curriculum,69401600,475799.5625,477622.78125
Q1 Polar spatial + curriculum,69452800,478938.5,476972.4583333333
Q1 Polar spatial + curriculum,69504000,476179.3125,477673.8125
Q1 Polar spatial + curriculum,69555200,477903.625,477250.9895833333
Q1 Polar spatial + curriculum,69606400,477670.03125,477608.6875
Q1 Polar spatial + curriculum,69657600,477252.40625,477571.0416666667
Q1 Polar spatial + curriculum,69708800,477790.6875,476816.40625
Q1 Polar spatial + curriculum,69760000,475406.125,475496.28125
Q1 Polar spatial + curriculum,69811200,473292.03125,473776.6979166667
Q1 Polar spatial + curriculum,69862400,472631.9375,471781.4479166667
Q1 Polar spatial + curriculum,69913600,469420.375,471415.625
Q1 Polar spatial + curriculum,69964800,472194.5625,470509.0729166667
Q1 Polar spatial + curriculum,70016000,469912.28125,470444.0625
Q1 Polar spatial + curriculum,70067200,469225.34375,469796.1145833333
Q1 Polar spatial + curriculum,70118400,470250.71875,470016.65625
Q1 Polar spatial + curriculum,70169600,470573.90625,470886.2916666667
Q1 Polar spatial + curriculum,70220800,471834.25,471437.40625
Q1 Polar spatial + curriculum,70272000,471904.0625,472285.2291666667
Q1 Polar spatial + curriculum,70323200,473117.375,471229.9166666667
Q1 Polar spatial + curriculum,70374400,468668.3125,469553.65625
Q1 Polar spatial + curriculum,70425600,466875.28125,467654.3125
Q1 Polar spatial + curriculum,70476800,467419.34375,466212.03125
Q1 Polar spatial + curriculum,70528000,464341.46875,466251.4479166667
Q1 Polar spatial + curriculum,70579200,466993.53125,465034.8125
Q1 Polar spatial + curriculum,70630400,463769.4375,464479.375
Q1 Polar spatial + curriculum,70681600,462675.15625,465224.1666666667
Q1 Polar spatial + curriculum,70732800,469227.90625,465401.8333333333
Q1 Polar spatial + curriculum,70784000,464302.4375,466545.1041666667
Q1 Polar spatial + curriculum,70835200,466104.96875,465708.5833333333
Q1 Polar spatial + curriculum,70886400,466718.34375,467006.0520833333
Q1 Polar spatial + curriculum,70937600,468194.84375,467690.3645833333
Q1 Polar spatial + curriculum,70988800,468157.90625,468540.59375
Q1 Polar spatial + curriculum,71040000,469269.03125,468247.46875
Q1 Polar spatial + curriculum,71091200,467315.46875,467659.2604166667
Q1 Polar spatial + curriculum,71142400,466393.28125,466882.3125
Q1 Polar spatial + curriculum,71193600,466938.1875,466500.0208333333
Q1 Polar spatial + curriculum,71244800,466168.59375,466998.2291666667
Q1 Polar spatial + curriculum,71296000,467887.90625,467248.5
Q1 Polar spatial + curriculum,71347200,467689.0,466950.9270833333
Q1 Polar spatial + curriculum,71398400,465275.875,465460.6145833333
Q1 Polar spatial + curriculum,71449600,463416.96875,464577.78125
Q1 Polar spatial + curriculum,71500800,465040.5,465163.96875
Q1 Polar spatial + curriculum,71552000,467034.4375,466606.1979166667
Q1 Polar spatial + curriculum,71603200,467743.65625,467510.9479166667
Q1 Polar spatial + curriculum,71654400,467754.75,468676.1666666667
Q1 Polar spatial + curriculum,71705600,470530.09375,469531.3854166667
Q1 Polar spatial + curriculum,71756800,470309.3125,470130.78125
Q1 Polar spatial + curriculum,71808000,469552.9375,470300.28125
Q1 Polar spatial + curriculum,71859200,471038.59375,470589.2083333333
Q1 Polar spatial + curriculum,71910400,471176.09375,471477.5208333333
Q1 Polar spatial + curriculum,71961600,472217.875,471819.2708333333
Q1 Polar spatial + curriculum,72012800,472063.84375,471162.4895833333
Q1 Polar spatial + curriculum,72064000,469205.75,470650.0416666667
Q1 Polar spatial + curriculum,72115200,470680.53125,470173.6145833333
Q1 Polar spatial + curriculum,72166400,470634.5625,470101.0625
Q1 Polar spatial + curriculum,72217600,468988.09375,469468.3020833333
Q1 Polar spatial + curriculum,72268800,468782.25,469022.6041666667
Q1 Polar spatial + curriculum,72320000,469297.46875,469811.2395833333
Q1 Polar spatial + curriculum,72371200,471354.0,470987.5104166667
Q1 Polar spatial + curriculum,72422400,472311.0625,471478.2395833333
Q1 Polar spatial + curriculum,72473600,470769.65625,471805.1666666667
Q1 Polar spatial + curriculum,72524800,472334.78125,472456.1666666667
Q1 Polar spatial + curriculum,72576000,474264.0625,474118.8854166667
Q1 Polar spatial + curriculum,72627200,475757.8125,475394.3645833333
Q1 Polar spatial + curriculum,72678400,476161.21875,475975.6666666667
Q1 Polar spatial + curriculum,72729600,476007.96875,477203.1458333333
Q1 Polar spatial + curriculum,72780800,479440.25,477621.40625
Q1 Polar spatial + curriculum,72832000,477416.0,478719.375
Q1 Polar spatial + curriculum,72883200,479301.875,478451.8645833333
Q1 Polar spatial + curriculum,72934400,478637.71875,479608.21875
Q1 Polar spatial + curriculum,72985600,480885.0625,479872.9895833333
Q1 Polar spatial + curriculum,73036800,480096.1875,479681.3020833333
Q1 Polar spatial + curriculum,73088000,478062.65625,477516.40625
Q1 Polar spatial + curriculum,73139200,474390.375,475001.375
Q1 Polar spatial + curriculum,73190400,472551.09375,472222.7604166667
Q1 Polar spatial + curriculum,73241600,469726.8125,470722.4895833333
Q1 Polar spatial + curriculum,73292800,469889.5625,469171.59375
Q1 Polar spatial + curriculum,73344000,467898.40625,466060.0625
Q1 Polar spatial + curriculum,73395200,460392.21875,465846.65625
Q1 Polar spatial + curriculum,73446400,469249.34375,466518.625
Q1 Polar spatial + curriculum,73497600,469914.3125,469258.5104166667
Q1 Polar spatial + curriculum,73548800,468611.875,469436.71875
Q1 Polar spatial + curriculum,73600000,469783.96875,469408.375
Q1 Polar spatial + curriculum,73651200,469829.28125,469704.5416666667
Q1 Polar spatial + curriculum,73702400,469500.375,469846.7916666667
Q1 Polar spatial + curriculum,73753600,470210.71875,469227.0416666667
Q1 Polar spatial + curriculum,73804800,467970.03125,470227.5833333333
Q1 Polar spatial + curriculum,73856000,472502.0,471115.9791666667
Q1 Polar spatial + curriculum,73907200,472875.90625,472969.5833333333
Q1 Polar spatial + curriculum,73958400,473530.84375,474076.625
Q1 Polar spatial + curriculum,74009600,475823.125,473851.1458333333
Q1 Polar spatial + curriculum,74060800,472199.46875,474223.0104166667
Q1 Polar spatial + curriculum,74112000,474646.4375,473857.46875
Q1 Polar spatial + curriculum,74163200,474726.5,473751.84375
Q1 Polar spatial + curriculum,74214400,471882.59375,473766.125
Q1 Polar spatial + curriculum,74265600,474689.28125,473226.4166666667
Q1 Polar spatial + curriculum,74316800,473107.375,473550.6770833333
Q1 Polar spatial + curriculum,74368000,472855.375,473888.2604166667
Q1 Polar spatial + curriculum,74419200,475702.03125,474233.1041666667
Q1 Polar spatial + curriculum,74470400,474141.90625,474877.4895833333
Q1 Polar spatial + curriculum,74521600,474788.53125,474943.4270833333
Q1 Polar spatial + curriculum,74572800,475899.84375,475530.2604166667
Q1 Polar spatial + curriculum,74624000,475902.40625,475060.4583333333
Q1 Polar spatial + curriculum,74675200,473379.125,475271.8541666667
Q1 Polar spatial + curriculum,74726400,476534.03125,475776.03125
Q1 Polar spatial + curriculum,74777600,477414.9375,476587.09375
Q1 Polar spatial + curriculum,74828800,475812.3125,476572.5416666667
Q1 Polar spatial + curriculum,74880000,476490.375,476509.9375
Q1 Polar spatial + curriculum,74931200,477227.125,476118.53125
Q1 Polar spatial + curriculum,74982400,474638.09375,476113.4583333333
Q1 Polar spatial + curriculum,75033600,476475.15625,475530.8958333333
Q1 Polar spatial + curriculum,75084800,475479.4375,475734.40625
Q1 Polar spatial + curriculum,75136000,475248.625,475450.0625
Q1 Polar spatial + curriculum,75187200,475622.125,475417.6354166667
Q1 Polar spatial + curriculum,75238400,475382.15625,475819.2708333333
Q1 Polar spatial + curriculum,75289600,476453.53125,475968.46875
Q1 Polar spatial + curriculum,75340800,476069.71875,475872.875
Q1 Polar spatial + curriculum,75392000,475095.375,474740.96875
Q1 Polar spatial + curriculum,75443200,473057.8125,472916.0416666667
Q1 Polar spatial + curriculum,75494400,470594.9375,471430.46875
Q1 Polar spatial + curriculum,75545600,470638.65625,468602.0729166667
Q1 Polar spatial + curriculum,75596800,464572.625,466444.3020833333
Q1 Polar spatial + curriculum,75648000,464121.625,462966.375
Q1 Polar spatial + curriculum,75699200,460204.875,461246.2708333333
Q1 Polar spatial + curriculum,75750400,459412.3125,459062.28125
Q1 Polar spatial + curriculum,75801600,457569.65625,457259.5729166667
Q1 Polar spatial + curriculum,75852800,454796.75,454449.2291666667
Q1 Polar spatial + curriculum,75904000,450981.28125,455574.125
Q1 Polar spatial + curriculum,75955200,460944.34375,457559.5
Q1 Polar spatial + curriculum,76006400,460752.875,462969.0833333333
Q1 Polar spatial + curriculum,76057600,467210.03125,466068.3854166667
Q1 Polar spatial + curriculum,76108800,470242.25,469029.25
Q1 Polar spatial + curriculum,76160000,469635.46875,471637.0520833333
Q1 Polar spatial + curriculum,76211200,475033.4375,474399.0625
Q1 Polar spatial + curriculum,76262400,478528.28125,477056.5
Q1 Polar spatial + curriculum,76313600,477607.78125,478980.9791666667
Q1 Polar spatial + curriculum,76364800,480806.875,479984.1145833333
Q1 Polar spatial + curriculum,76416000,481537.6875,480869.3333333333
Q1 Polar spatial + curriculum,76467200,480263.4375,480684.28125
Q1 Polar spatial + curriculum,76518400,480251.71875,478699.5416666667
Q1 Polar spatial + curriculum,76569600,475583.46875,477656.1354166667
Q1 Polar spatial + curriculum,76620800,477133.21875,475019.6979166667
Q1 Polar spatial + curriculum,76672000,472342.40625,475882.3541666667
Q1 Polar spatial + curriculum,76723200,478171.4375,475342.9270833333
Q1 Polar spatial + curriculum,76774400,475514.9375,475896.8854166667
Q1 Polar spatial + curriculum,76825600,474004.28125,475014.6458333333
Q1 Polar spatial + curriculum,76876800,475524.71875,475318.5104166667
Q1 Polar spatial + curriculum,76928000,476426.53125,476105.1770833333
Q1 Polar spatial + curriculum,76979200,476364.28125,476276.7291666667
Q1 Polar spatial + curriculum,77030400,476039.375,475995.15625
Q1 Polar spatial + curriculum,77081600,475581.8125,476811.40625
Q1 Polar spatial + curriculum,77132800,478813.03125,477517.7708333333
Q1 Polar spatial + curriculum,77184000,478158.46875,477837.0625
Q1 Polar spatial + curriculum,77235200,476539.6875,476188.84375
Q1 Polar spatial + curriculum,77286400,473868.375,474721.6979166667
Q1 Polar spatial + curriculum,77337600,473757.03125,473981.6041666667
Q1 Polar spatial + curriculum,77388800,474319.40625,474036.6770833333
Q1 Polar spatial + curriculum,77440000,474033.59375,473287.1875
Q1 Polar spatial + curriculum,77491200,471508.5625,471755.53125
Q1 Polar spatial + curriculum,77542400,469724.4375,470488.4375
Q1 Polar spatial + curriculum,77593600,470232.3125,471408.90625
Q1 Polar spatial + curriculum,77644800,474269.96875,472697.6979166667
Q1 Polar spatial + curriculum,77696000,473590.8125,473316.25
Q1 Polar spatial + curriculum,77747200,472087.96875,472615.65625
Q1 Polar spatial + curriculum,77798400,472168.1875,472681.28125
Q1 Polar spatial + curriculum,77849600,473787.6875,473946.3333333333
Q1 Polar spatial + curriculum,77900800,475883.125,475560.8333333333
Q1 Polar spatial + curriculum,77952000,477011.6875,477457.84375
Q1 Polar spatial + curriculum,78003200,479478.71875,477985.6041666667
Q1 Polar spatial + curriculum,78054400,477466.40625,478192.8541666667
Q1 Polar spatial + curriculum,78105600,477633.4375,477441.2083333333
Q1 Polar spatial + curriculum,78156800,477223.78125,476828.0208333333
Q1 Polar spatial + curriculum,78208000,475626.84375,477364.7395833333
Q1 Polar spatial + curriculum,78259200,479243.59375,478295.0208333333
Q1 Polar spatial + curriculum,78310400,480014.625,480352.0833333333
Q1 Polar spatial + curriculum,78361600,481798.03125,480742.7083333333
Q1 Polar spatial + curriculum,78412800,480415.46875,480639.0729166667
Q1 Polar spatial + curriculum,78464000,479703.71875,481199.0520833333
Q1 Polar spatial + curriculum,78515200,483477.96875,481208.9166666667
Q1 Polar spatial + curriculum,78566400,480445.0625,481083.5729166667
Q1 Polar spatial + curriculum,78617600,479327.6875,479132.7604166667
Q1 Polar spatial + curriculum,78668800,477625.53125,478055.03125
Q1 Polar spatial + curriculum,78720000,477211.875,475590.84375
Q1 Polar spatial + curriculum,78771200,471935.125,473942.375
Q1 Polar spatial + curriculum,78822400,472680.125,471727.8854166667
Q1 Polar spatial + curriculum,78873600,470568.40625,472795.65625
Q1 Polar spatial + curriculum,78924800,475138.4375,474469.625
Q1 Polar spatial + curriculum,78976000,477702.03125,476864.21875
Q1 Polar spatial + curriculum,79027200,477752.1875,476905.9166666667
Q1 Polar spatial + curriculum,79078400,475263.53125,478222.03125
Q1 Polar spatial + curriculum,79129600,481650.375,479029.3125
Q1 Polar spatial + curriculum,79180800,480174.03125,479967.7916666667
Q1 Polar spatial + curriculum,79232000,478078.96875,478880.3541666667
Q1 Polar spatial + curriculum,79283200,478388.0625,478106.0208333333
Q1 Polar spatial + curriculum,79334400,477851.03125,479119.3229166667
Q1 Polar spatial + curriculum,79385600,481118.875,478753.9583333333
Q1 Polar spatial + curriculum,79436800,477291.96875,478784.21875
Q1 Polar spatial + curriculum,79488000,477941.8125,477972.8854166667
Q1 Polar spatial + curriculum,79539200,478684.875,477954.28125
Q1 Polar spatial + curriculum,79590400,477236.15625,477074.0416666667
Q1 Polar spatial + curriculum,79641600,475301.09375,476030.0104166667
Q1 Polar spatial + curriculum,79692800,475552.78125,475817.8020833333
Q1 Polar spatial + curriculum,79744000,476599.53125,475624.5520833333
Q1 Polar spatial + curriculum,79795200,474721.34375,474641.03125
Q1 Polar spatial + curriculum,79846400,472602.21875,472802.8229166667
Q1 Polar spatial + curriculum,79897600,471084.90625,472486.9583333333
Q1 Polar spatial + curriculum,79948800,473773.75,472098.7395833333
Q1 Polar spatial + curriculum,80000000,471437.5625,474234.0625
Q1 Polar spatial + curriculum,80051200,477490.875,475505.875
Q1 Polar spatial + curriculum,80102400,477589.1875,476830.4270833333
Q1 Polar spatial + curriculum,80153600,475411.21875,476266.21875
Q1 Polar spatial + curriculum,80204800,475798.25,474673.8333333333
Q1 Polar spatial + curriculum,80256000,472812.03125,473711.5625
Q1 Polar spatial + curriculum,80307200,472524.40625,471851.6041666667
Q1 Polar spatial + curriculum,80358400,470218.375,471611.7083333333
Q1 Polar spatial + curriculum,80409600,472092.34375,471632.3645833333
Q1 Polar spatial + curriculum,80460800,472586.375,472262.2395833333
Q1 Polar spatial + curriculum,80512000,472108.0,474063.0416666667
Q1 Polar spatial + curriculum,80563200,477494.75,475205.5104166667
Q1 Polar spatial + curriculum,80614400,476013.78125,477230.3125
Q1 Polar spatial + curriculum,80665600,478182.40625,476747.1666666667
Q1 Polar spatial + curriculum,80716800,476045.3125,476546.4375
Q1 Polar spatial + curriculum,80768000,475411.59375,475755.4479166667
Q1 Polar spatial + curriculum,80819200,475809.4375,474922.3020833333
Q1 Polar spatial + curriculum,80870400,473545.875,474984.9375
Q1 Polar spatial + curriculum,80921600,475599.5,474817.84375
Q1 Polar spatial + curriculum,80972800,475308.15625,475554.78125
Q1 Polar spatial + curriculum,81024000,475756.6875,476057.4375
Q1 Polar spatial + curriculum,81075200,477107.46875,477038.3645833333
Q1 Polar spatial + curriculum,81126400,478250.9375,478464.125
Q1 Polar spatial + curriculum,81177600,480033.96875,479674.4375
Q1 Polar spatial + curriculum,81228800,480738.40625,480199.2604166667
Q1 Polar spatial + curriculum,81280000,479825.40625,479440.03125
Q1 Polar spatial + curriculum,81331200,477756.28125,477116.1875
Q1 Polar spatial + curriculum,81382400,473766.875,475650.1145833333
Q1 Polar spatial + curriculum,81433600,475427.1875,474856.4895833333
Q1 Polar spatial + curriculum,81484800,475375.40625,474764.59375
Q1 Polar spatial + curriculum,81536000,473491.1875,475348.2291666667
Q1 Polar spatial + curriculum,81587200,477178.09375,475383.8125
Q1 Polar spatial + curriculum,81638400,475482.15625,475820.375
Q1 Polar spatial + curriculum,81689600,474800.875,475312.09375
Q1 Polar spatial + curriculum,81740800,475653.25,475767.4479166667
Q1 Polar spatial + curriculum,81792000,476848.21875,475835.1979166667
Q1 Polar spatial + curriculum,81843200,475004.125,474860.6041666667
Q1 Polar spatial + curriculum,81894400,472729.46875,473133.7708333333
Q1 Polar spatial + curriculum,81945600,471667.71875,472144.6666666667
Q1 Polar spatial + curriculum,81996800,472036.8125,471746.4479166667
Q1 Polar spatial + curriculum,82048000,471534.8125,472003.1458333333
Q1 Polar spatial + curriculum,82099200,472437.8125,471230.2291666667
Q1 Polar spatial + curriculum,82150400,469718.0625,470796.3333333333
Q1 Polar spatial + curriculum,82201600,470233.125,469290.4270833333
Q1 Polar spatial + curriculum,82252800,467920.09375,468788.125
Q1 Polar spatial + curriculum,82304000,468211.15625,468462.2291666667
Q1 Polar spatial + curriculum,82355200,469255.4375,468673.34375
Q1 Polar spatial + curriculum,82406400,468553.4375,469494.9895833333
Q1 Polar spatial + curriculum,82457600,470676.09375,470050.15625
Q1 Polar spatial + curriculum,82508800,470920.9375,469737.28125
Q1 Polar spatial + curriculum,82560000,467614.8125,469349.6354166667
Q1 Polar spatial + curriculum,82611200,469513.15625,468801.2916666667
Q1 Polar spatial + curriculum,82662400,469275.90625,469150.21875
Q1 Polar spatial + curriculum,82713600,468661.59375,469943.0104166667
Q1 Polar spatial + curriculum,82764800,471891.53125,470138.7083333333
Q1 Polar spatial + curriculum,82816000,469863.0,471300.7916666667
Q1 Polar spatial + curriculum,82867200,472147.84375,470736.4583333333
Q1 Polar spatial + curriculum,82918400,470198.53125,471662.0416666667
Q1 Polar spatial + curriculum,82969600,472639.75,472194.5104166667
Q1 Polar spatial + curriculum,83020800,473745.25,473401.3958333333
Q1 Polar spatial + curriculum,83072000,473819.1875,473434.90625
Q1 Polar spatial + curriculum,83123200,472740.28125,473521.8541666667
Q1 Polar spatial + curriculum,83174400,474006.09375,473469.125
Q1 Polar spatial + curriculum,83225600,473661.0,474226.2708333333
Q1 Polar spatial + curriculum,83276800,475011.71875,473081.6458333333
Q1 Polar spatial + curriculum,83328000,470572.21875,472698.1145833333
Q1 Polar spatial + curriculum,83379200,472510.40625,471076.8645833333
Q1 Polar spatial + curriculum,83430400,470147.96875,471108.90625
Q1 Polar spatial + curriculum,83481600,470668.34375,470664.3645833333
Q1 Polar spatial + curriculum,83532800,471176.78125,471782.3020833333
Q1 Polar spatial + curriculum,83584000,473501.78125,471455.4270833333
Q1 Polar spatial + curriculum,83635200,469687.71875,471102.5208333333
Q1 Polar spatial + curriculum,83686400,470118.0625,469637.6354166667
Q1 Polar spatial + curriculum,83737600,469107.125,469292.1979166667
Q1 Polar spatial + curriculum,83788800,468651.40625,469327.09375
Q1 Polar spatial + curriculum,83840000,470222.75,469649.84375
Q1 Polar spatial + curriculum,83891200,470075.375,470386.9791666667
Q1 Polar spatial + curriculum,83942400,470862.8125,469003.1458333333
Q1 Polar spatial + curriculum,83993600,466071.25,467929.0729166667
Q1 Polar spatial + curriculum,84044800,466853.15625,465651.0729166667
Q1 Polar spatial + curriculum,84096000,464028.8125,465821.5104166667
Q1 Polar spatial + curriculum,84147200,466582.5625,465902.4895833333
Q1 Polar spatial + curriculum,84198400,467096.09375,466792.1979166667
Q1 Polar spatial + curriculum,84249600,466697.9375,467402.8541666667
Q1 Polar spatial + curriculum,84300800,468414.53125,468350.0104166667
Q1 Polar spatial + curriculum,84352000,469937.5625,469312.2395833333
Q1 Polar spatial + curriculum,84403200,469584.625,471053.5520833333
Q1 Polar spatial + curriculum,84454400,473638.46875,473389.8125
Q1 Polar spatial + curriculum,84505600,476946.34375,475337.5520833333
Q1 Polar spatial + curriculum,84556800,475427.84375,476405.8958333333
Q1 Polar spatial + curriculum,84608000,476843.5,476999.2291666667
Q1 Polar spatial + curriculum,84659200,478726.34375,478277.0208333333
Q1 Polar spatial + curriculum,84710400,479261.21875,478875.625
Q1 Polar spatial + curriculum,84761600,478639.3125,478742.7604166667
Q1 Polar spatial + curriculum,84812800,478327.75,478936.1041666667
Q1 Polar spatial + curriculum,84864000,479841.25,479256.59375
Q1 Polar spatial + curriculum,84915200,479600.78125,480251.21875
Q1 Polar spatial + curriculum,84966400,481311.625,481310.5104166667
Q1 Polar spatial + curriculum,85017600,483019.125,482353.2395833333
Q1 Polar spatial + curriculum,85068800,482728.96875,482934.1875
Q1 Polar spatial + curriculum,85120000,483054.46875,483348.6458333333
Q1 Polar spatial + curriculum,85171200,484262.5,483682.375
Q1 Polar spatial + curriculum,85222400,483730.15625,484373.71875
Q1 Polar spatial + curriculum,85273600,485128.5,484638.3229166667
Q1 Polar spatial + curriculum,85324800,485056.3125,483287.40625
Q1 Polar spatial + curriculum,85376000,479677.40625,480787.6875
Q1 Polar spatial + curriculum,85427200,477629.34375,478421.5104166667
Q1 Polar spatial + curriculum,85478400,477957.78125,478574.1666666667
Q1 Polar spatial + curriculum,85529600,480135.375,480101.71875
Q1 Polar spatial + curriculum,85580800,482212.0,481105.8645833333
Q1 Polar spatial + curriculum,85632000,480970.21875,481931.03125
Q1 Polar spatial + curriculum,85683200,482610.875,482026.2708333333
Q1 Polar spatial + curriculum,85734400,482497.71875,482920.875
Q1 Polar spatial + curriculum,85785600,483654.03125,483671.3229166667
Q1 Polar spatial + curriculum,85836800,484862.21875,484783.125
Q1 Polar spatial + curriculum,85888000,485833.125,486203.7291666667
Q1 Polar spatial + curriculum,85939200,487915.84375,486415.4270833333
Q1 Polar spatial + curriculum,85990400,485497.3125,486144.5104166667
Q1 Polar spatial + curriculum,86041600,485020.375,484791.65625
Q1 Polar spatial + curriculum,86092800,483857.28125,484508.3958333333
Q1 Polar spatial + curriculum,86144000,484647.53125,485040.125
Q1 Polar spatial + curriculum,86195200,486615.5625,486333.0729166667
Q1 Polar spatial + curriculum,86246400,487736.125,486570.0208333333
Q1 Polar spatial + curriculum,86297600,485358.375,486205.0833333333
Q1 Polar spatial + curriculum,86348800,485520.75,485214.2708333333
Q1 Polar spatial + curriculum,86400000,484763.6875,485154.8854166667
Q1 Polar spatial + curriculum,86451200,485180.21875,484867.2395833333
Q1 Polar spatial + curriculum,86502400,484657.8125,485691.9270833333
Q1 Polar spatial + curriculum,86553600,487237.75,486537.1041666667
Q1 Polar spatial + curriculum,86604800,487715.75,486369.09375
Q1 Polar spatial + curriculum,86656000,484153.78125,486229.3125
Q1 Polar spatial + curriculum,86707200,486818.40625,484991.7083333333
Q1 Polar spatial + curriculum,86758400,484002.9375,485251.2708333333
Q1 Polar spatial + curriculum,86809600,484932.46875,485772.8645833333
Q1 Polar spatial + curriculum,86860800,488383.1875,486345.8541666667
Q1 Polar spatial + curriculum,86912000,485721.90625,486759.96875
Q1 Polar spatial + curriculum,86963200,486174.8125,485712.09375
Q1 Polar spatial + curriculum,87014400,485239.5625,486466.8958333333
Q1 Polar spatial + curriculum,87065600,487986.3125,488026.5
Q1 Polar spatial + curriculum,87116800,490853.625,489641.21875
Q1 Polar spatial + curriculum,87168000,490083.71875,490234.0729166667
Q1 Polar spatial + curriculum,87219200,489764.875,488902.2604166667
Q1 Polar spatial + curriculum,87270400,486858.1875,488209.6770833333
Q1 Polar spatial + curriculum,87321600,488005.96875,487184.78125
Q1 Polar spatial + curriculum,87372800,486690.1875,486057.71875
Q1 Polar spatial + curriculum,87424000,483477.0,484358.125
Q1 Polar spatial + curriculum,87475200,482907.1875,482494.8020833333
Q1 Polar spatial + curriculum,87526400,481100.21875,480852.1145833333
Q1 Polar spatial + curriculum,87577600,478548.9375,479493.7916666667
Q1 Polar spatial + curriculum,87628800,478832.21875,479131.6666666667
Q1 Polar spatial + curriculum,87680000,480013.84375,479466.5729166667
Q1 Polar spatial + curriculum,87731200,479553.65625,479249.375
Q1 Polar spatial + curriculum,87782400,478180.625,478879.1979166667
Q1 Polar spatial + curriculum,87833600,478903.3125,479870.6666666667
Q1 Polar spatial + curriculum,87884800,482528.0625,481255.0625
Q1 Polar spatial + curriculum,87936000,482333.8125,483346.3229166667
Q1 Polar spatial + curriculum,87987200,485177.09375,482897.78125
Q1 Polar spatial + curriculum,88038400,481182.4375,482798.21875
Q1 Polar spatial + curriculum,88089600,482035.125,481684.0
Q1 Polar spatial + curriculum,88140800,481834.4375,482287.6145833333
Q1 Polar spatial + curriculum,88192000,482993.28125,482833.65625
Q1 Polar spatial + curriculum,88243200,483673.25,484130.5
Q1 Polar spatial + curriculum,88294400,485724.96875,485434.8125
Q1 Polar spatial + curriculum,88345600,486906.21875,486780.3333333333
Q1 Polar spatial + curriculum,88396800,487709.8125,487708.1770833333
Q1 Polar spatial + curriculum,88448000,488508.5,487960.8125
Q1 Polar spatial + curriculum,88499200,487664.125,488292.0208333333
Q1 Polar spatial + curriculum,88550400,488703.4375,487526.0520833333
Q1 Polar spatial + curriculum,88601600,486210.59375,486579.2291666667
Q1 Polar spatial + curriculum,88652800,484823.65625,484932.5729166667
Q1 Polar spatial + curriculum,88704000,483763.46875,483520.9479166667
Q1 Polar spatial + curriculum,88755200,481975.71875,482392.96875
Q1 Polar spatial + curriculum,88806400,481439.71875,482417.03125
Q1 Polar spatial + curriculum,88857600,483835.65625,482749.4895833333
Q1 Polar spatial + curriculum,88908800,482973.09375,484092.1666666667
Q1 Polar spatial + curriculum,88960000,485467.75,482859.4375
Q1 Polar spatial + curriculum,89011200,480137.46875,482356.34375
Q1 Polar spatial + curriculum,89062400,481463.8125,481461.2291666667
Q1 Polar spatial + curriculum,89113600,482782.40625,483162.2395833333
Q1 Polar spatial + curriculum,89164800,485240.5,484938.6354166667
Q1 Polar spatial + curriculum,89216000,486793.0,486280.2916666667
Q1 Polar spatial + curriculum,89267200,486807.375,487353.1354166667
Q1 Polar spatial + curriculum,89318400,488459.03125,487424.25
Q1 Polar spatial + curriculum,89369600,487006.34375,487977.5729166667
Q1 Polar spatial + curriculum,89420800,488467.34375,488422.0625
Q1 Polar spatial + curriculum,89472000,489792.5,490420.1145833333
Q1 Polar spatial + curriculum,89523200,493000.5,490805.65625
Q1 Polar spatial + curriculum,89574400,489623.96875,491161.5729166667
Q1 Polar spatial + curriculum,89625600,490860.25,490258.9166666667
Q1 Polar spatial + curriculum,89676800,490292.53125,490375.3854166667
Q1 Polar spatial + curriculum,89728000,489973.375,490483.9479166667
Q1 Polar spatial + curriculum,89779200,491185.9375,490570.3333333333
Q1 Polar spatial + curriculum,89830400,490551.6875,490457.59375
Q1 Polar spatial + curriculum,89881600,489635.15625,489849.9270833333
Q1 Polar spatial + curriculum,89932800,489362.9375,490813.7083333333
Q1 Polar spatial + curriculum,89984000,493443.03125,491338.625
Q1 Polar spatial + curriculum,90035200,491209.90625,492165.34375
Q1 Polar spatial + curriculum,90086400,491843.09375,492053.6770833333
Q1 Polar spatial + curriculum,90137600,493108.03125,492195.65625
Q1 Polar spatial + curriculum,90188800,491635.84375,491997.0625
Q1 Polar spatial + curriculum,90240000,491247.3125,491366.7916666667
Q1 Polar spatial + curriculum,90291200,491217.21875,492176.2291666667
Q1 Polar spatial + curriculum,90342400,494064.15625,492770.1458333333
Q1 Polar spatial + curriculum,90393600,493029.0625,493123.25
Q1 Polar spatial + curriculum,90444800,492276.53125,492241.1041666667
Q1 Polar spatial + curriculum,90496000,491417.71875,491729.4479166667
Q1 Polar spatial + curriculum,90547200,491494.09375,491133.8125
Q1 Polar spatial + curriculum,90598400,490489.625,491072.8333333333
Q1 Polar spatial + curriculum,90649600,491234.78125,490823.0625
Q1 Polar spatial + curriculum,90700800,490744.78125,490128.6458333333
Q1 Polar spatial + curriculum,90752000,488406.375,488725.875
Q1 Polar spatial + curriculum,90803200,487026.46875,487253.7916666667
Q1 Polar spatial + curriculum,90854400,486328.53125,487297.9583333333
Q1 Polar spatial + curriculum,90905600,488538.875,487726.15625
Q1 Polar spatial + curriculum,90956800,488311.0625,488741.7083333333
Q1 Polar spatial + curriculum,91008000,489375.1875,489199.1979166667
Q1 Polar spatial + curriculum,91059200,489911.34375,489752.34375
Q1 Polar spatial + curriculum,91110400,489970.5,490868.03125
Q1 Polar spatial + curriculum,91161600,492722.25,489942.625
Q1 Polar spatial + curriculum,91212800,487135.125,488865.65625
Q1 Polar spatial + curriculum,91264000,486739.59375,486711.2291666667
Q1 Polar spatial + curriculum,91315200,486258.96875,486434.0625
Q1 Polar spatial + curriculum,91366400,486303.625,486834.4270833333
Q1 Polar spatial + curriculum,91417600,487940.6875,486002.0833333333
Q1 Polar spatial + curriculum,91468800,483761.9375,484540.2291666667
Q1 Polar spatial + curriculum,91520000,481918.0625,482645.6666666667
Q1 Polar spatial + curriculum,91571200,482257.0,482271.9479166667
Q1 Polar spatial + curriculum,91622400,482640.78125,482497.0625
Q1 Polar spatial + curriculum,91673600,482593.40625,482918.5729166667
Q1 Polar spatial + curriculum,91724800,483521.53125,483771.2708333333
Q1 Polar spatial + curriculum,91776000,485198.875,485358.5625
Q1 Polar spatial + curriculum,91827200,487355.28125,486765.8125
Q1 Polar spatial + curriculum,91878400,487743.28125,487428.2291666667
Q1 Polar spatial + curriculum,91929600,487186.125,487937.5625
Q1 Polar spatial + curriculum,91980800,488883.28125,488631.9479166667
Q1 Polar spatial + curriculum,92032000,489826.4375,489149.9895833333
Q1 Polar spatial + curriculum,92083200,488740.25,489233.34375
Q1 Polar spatial + curriculum,92134400,489133.34375,488921.0208333333
Q1 Polar spatial + curriculum,92185600,488889.46875,489297.9479166667
Q1 Polar spatial + curriculum,92236800,489871.03125,489509.0833333333
Q1 Polar spatial + curriculum,92288000,489766.75,489331.15625
Q1 Polar spatial + curriculum,92339200,488355.6875,489536.5729166667
Q1 Polar spatial + curriculum,92390400,490487.28125,489087.6875
Q1 Polar spatial + curriculum,92441600,488420.09375,489765.5520833333
Q1 Polar spatial + curriculum,92492800,490389.28125,490320.8333333333
Q1 Polar spatial + curriculum,92544000,492153.125,491730.8333333333
Q1 Polar spatial + curriculum,92595200,492650.09375,491779.5208333333
Q1 Polar spatial + curriculum,92646400,490535.34375,491680.9166666667
Q1 Polar spatial + curriculum,92697600,491857.3125,490554.5520833333
Q1 Polar spatial + curriculum,92748800,489271.0,491540.6041666667
Q1 Polar spatial + curriculum,92800000,493493.5,491346.125
Q1 Polar spatial + curriculum,92851200,491273.875,492487.125
Q1 Polar spatial + curriculum,92902400,492694.0,491581.75
Q1 Polar spatial + curriculum,92953600,490777.375,491222.2291666667
Q1 Polar spatial + curriculum,93004800,490195.3125,490087.8645833333
Q1 Polar spatial + curriculum,93056000,489290.90625,489672.1041666667
Q1 Polar spatial + curriculum,93107200,489530.09375,489551.0208333333
Q1 Polar spatial + curriculum,93158400,489832.0625,490382.28125
Q1 Polar spatial + curriculum,93209600,491784.6875,491633.03125
Q1 Polar spatial + curriculum,93260800,493282.34375,493082.9791666667
Q1 Polar spatial + curriculum,93312000,494181.90625,493452.59375
Q1 Polar spatial + curriculum,93363200,492893.53125,492786.3125
Q1 Polar spatial + curriculum,93414400,491283.5,490219.3541666667
Q1 Polar spatial + curriculum,93465600,486481.03125,488168.8020833333
Q1 Polar spatial + curriculum,93516800,486741.875,486526.3645833333
Q1 Polar spatial + curriculum,93568000,486356.1875,485355.96875
Q1 Polar spatial + curriculum,93619200,482969.84375,485077.09375
Q1 Polar spatial + curriculum,93670400,485905.25,485605.15625
Q1 Polar spatial + curriculum,93721600,487940.375,487280.9895833333
Q1 Polar spatial + curriculum,93772800,487997.34375,488392.3229166667
Q1 Polar spatial + curriculum,93824000,489239.25,489186.1354166667
Q1 Polar spatial + curriculum,93875200,490321.8125,490549.15625
Q1 Polar spatial + curriculum,93926400,492086.40625,490647.9166666667
Q1 Polar spatial + curriculum,93977600,489535.53125,488757.0729166667
Q1 Polar spatial + curriculum,94028800,484649.28125,487963.2604166667
Q1 Polar spatial + curriculum,94080000,489704.96875,487881.5416666667
Q1 Polar spatial + curriculum,94131200,489290.375,489248.0208333333
Q1 Polar spatial + curriculum,94182400,488748.71875,488768.8541666667
Q1 Polar spatial + curriculum,94233600,488267.46875,488561.9583333333
Q1 Polar spatial + curriculum,94284800,488669.6875,488182.9479166667
Q1 Polar spatial + curriculum,94336000,487611.6875,488916.5520833333
Q1 Polar spatial + curriculum,94387200,490468.28125,490574.7083333333
Q1 Polar spatial + curriculum,94438400,493644.15625,492265.7604166667
Q1 Polar spatial + curriculum,94489600,492684.84375,492656.6458333333
Q1 Polar spatial + curriculum,94540800,491640.9375,491615.4895833333
Q1 Polar spatial + curriculum,94592000,490520.6875,491015.9166666667
Q1 Polar spatial + curriculum,94643200,490886.125,490055.8645833333
Q1 Polar spatial + curriculum,94694400,488760.78125,488573.7708333333
Q1 Polar spatial + curriculum,94745600,486074.40625,486566.25
Q1 Polar spatial + curriculum,94796800,484863.5625,486419.0833333333
Q1 Polar spatial + curriculum,94848000,488319.28125,486444.59375
Q1 Polar spatial + curriculum,94899200,486150.9375,487374.0208333333
Q1 Polar spatial + curriculum,94950400,487651.84375,487504.6666666667
Q1 Polar spatial + curriculum,95001600,488711.21875,487062.8854166667
Q1 Polar spatial + curriculum,95052800,484825.59375,486386.4479166667
Q1 Polar spatial + curriculum,95104000,485622.53125,485224.0625
MAPPO strict 1+5 reference,25600,90780.0546875,93380.3671875
MAPPO strict 1+5 reference,76800,95980.6796875,94596.984375
MAPPO strict 1+5 reference,128000,97030.21875,98762.72916666667
MAPPO strict 1+5 reference,179200,103277.2890625,105007.0625
MAPPO strict 1+5 reference,230400,114713.6796875,114478.50520833333
MAPPO strict 1+5 reference,281600,125444.546875,126191.6640625
MAPPO strict 1+5 reference,332800,138416.765625,136016.96875
MAPPO strict 1+5 reference,384000,144189.59375,146393.6875
MAPPO strict 1+5 reference,435200,156574.703125,154602.734375
MAPPO strict 1+5 reference,486400,163043.90625,164804.921875
MAPPO strict 1+5 reference,537600,174796.15625,170966.05208333334
MAPPO strict 1+5 reference,588800,175058.09375,178577.23958333334
MAPPO strict 1+5 reference,640000,185877.46875,184275.29166666666
MAPPO strict 1+5 reference,691200,191890.3125,190945.55729166666
MAPPO strict 1+5 reference,742400,195068.890625,195993.03645833334
MAPPO strict 1+5 reference,793600,201019.90625,198591.171875
MAPPO strict 1+5 reference,844800,199684.71875,203440.50520833334
MAPPO strict 1+5 reference,896000,209616.890625,206606.36979166666
MAPPO strict 1+5 reference,947200,210517.5,211685.25520833334
MAPPO strict 1+5 reference,998400,214921.375,217650.06770833334
MAPPO strict 1+5 reference,1049600,227511.328125,226046.30208333334
MAPPO strict 1+5 reference,1100800,235706.203125,234441.953125
MAPPO strict 1+5 reference,1152000,240108.328125,240849.03125
MAPPO strict 1+5 reference,1203200,246732.5625,246144.15104166666
MAPPO strict 1+5 reference,1254400,251591.5625,249937.36979166666
MAPPO strict 1+5 reference,1305600,251487.984375,255524.91145833334
MAPPO strict 1+5 reference,1356800,263495.1875,257886.08854166666
MAPPO strict 1+5 reference,1408000,258675.09375,262463.9375
MAPPO strict 1+5 reference,1459200,265221.53125,265289.2604166667
MAPPO strict 1+5 reference,1510400,271971.15625,267030.1875
MAPPO strict 1+5 reference,1561600,263897.875,267891.1458333333
MAPPO strict 1+5 reference,1612800,267804.40625,268273.5104166667
MAPPO strict 1+5 reference,1664000,273118.25,273597.21875
MAPPO strict 1+5 reference,1715200,279869.0,276888.9791666667
MAPPO strict 1+5 reference,1766400,277679.6875,280097.7083333333
MAPPO strict 1+5 reference,1817600,282744.4375,280641.2083333333
MAPPO strict 1+5 reference,1868800,281499.5,283067.7708333333
MAPPO strict 1+5 reference,1920000,284959.375,284657.21875
MAPPO strict 1+5 reference,1971200,287512.78125,287909.21875
MAPPO strict 1+5 reference,2022400,291255.5,291183.15625
MAPPO strict 1+5 reference,2073600,294781.1875,294436.3020833333
MAPPO strict 1+5 reference,2124800,297272.21875,296460.7083333333
MAPPO strict 1+5 reference,2176000,297328.71875,298777.0416666667
MAPPO strict 1+5 reference,2227200,301730.1875,300252.6145833333
MAPPO strict 1+5 reference,2278400,301698.9375,302314.0208333333
MAPPO strict 1+5 reference,2329600,303512.9375,302850.3854166667
MAPPO strict 1+5 reference,2380800,303339.28125,304276.8854166667
MAPPO strict 1+5 reference,2432000,305978.4375,305360.8229166667
MAPPO strict 1+5 reference,2483200,306764.75,308344.59375
MAPPO strict 1+5 reference,2534400,312290.59375,309361.28125
MAPPO strict 1+5 reference,2585600,309028.5,311166.5729166667
MAPPO strict 1+5 reference,2636800,312180.625,311100.9791666667
MAPPO strict 1+5 reference,2688000,312093.8125,312091.0520833333
MAPPO strict 1+5 reference,2739200,311998.71875,313353.3333333333
MAPPO strict 1+5 reference,2790400,315967.46875,313954.9895833333
MAPPO strict 1+5 reference,2841600,313898.78125,315756.7395833333
MAPPO strict 1+5 reference,2892800,317403.96875,314465.0833333333
MAPPO strict 1+5 reference,2944000,312092.5,314612.2291666667
MAPPO strict 1+5 reference,2995200,314340.21875,314666.875
MAPPO strict 1+5 reference,3046400,317567.90625,317810.6979166667
MAPPO strict 1+5 reference,3097600,321523.96875,320628.8854166667
MAPPO strict 1+5 reference,3148800,322794.78125,324558.2708333333
MAPPO strict 1+5 reference,3200000,329356.0625,324118.0520833333
MAPPO strict 1+5 reference,3251200,320203.3125,324952.2604166667
MAPPO strict 1+5 reference,3302400,325297.40625,322970.6770833333
MAPPO strict 1+5 reference,3353600,323411.3125,322996.5
MAPPO strict 1+5 reference,3404800,320280.78125,323342.9479166667
MAPPO strict 1+5 reference,3456000,326336.75,325285.9583333333
MAPPO strict 1+5 reference,3507200,329240.34375,327711.0416666667
MAPPO strict 1+5 reference,3558400,327556.03125,327153.7708333333
MAPPO strict 1+5 reference,3609600,324664.9375,329072.4479166667
MAPPO strict 1+5 reference,3660800,334996.375,332372.3333333333
MAPPO strict 1+5 reference,3712000,337455.6875,338295.96875
MAPPO strict 1+5 reference,3763200,342435.84375,338294.2083333333
MAPPO strict 1+5 reference,3814400,334991.09375,335650.6770833333
MAPPO strict 1+5 reference,3865600,329525.09375,331358.6875
MAPPO strict 1+5 reference,3916800,329559.875,331336.8020833333
MAPPO strict 1+5 reference,3968000,334925.4375,333020.53125
MAPPO strict 1+5 reference,4019200,334576.28125,338366.6145833333
MAPPO strict 1+5 reference,4070400,345598.125,342568.34375
MAPPO strict 1+5 reference,4121600,347530.625,346390.4791666667
MAPPO strict 1+5 reference,4172800,346042.6875,345783.28125
MAPPO strict 1+5 reference,4224000,343776.53125,343250.90625
MAPPO strict 1+5 reference,4275200,339933.5,341372.9895833333
MAPPO strict 1+5 reference,4326400,340408.9375,341576.6979166667
MAPPO strict 1+5 reference,4377600,344387.65625,343252.4895833333
MAPPO strict 1+5 reference,4428800,344960.875,344042.7291666667
MAPPO strict 1+5 reference,4480000,342779.65625,344098.3958333333
MAPPO strict 1+5 reference,4531200,344554.65625,343833.9791666667
MAPPO strict 1+5 reference,4582400,344167.625,347149.5104166667
MAPPO strict 1+5 reference,4633600,352726.25,348571.375
MAPPO strict 1+5 reference,4684800,348820.25,351088.8854166667
MAPPO strict 1+5 reference,4736000,351720.15625,351860.8020833333
MAPPO strict 1+5 reference,4787200,355042.0,353776.8229166667
MAPPO strict 1+5 reference,4838400,354568.3125,355404.875
MAPPO strict 1+5 reference,4889600,356604.3125,352553.8958333333
MAPPO strict 1+5 reference,4940800,346489.0625,353354.375
MAPPO strict 1+5 reference,4992000,356969.75,354329.3854166667
MAPPO strict 1+5 reference,5043200,359529.34375,360258.6145833333
MAPPO strict 1+5 reference,5094400,364276.75,363411.4375
MAPPO strict 1+5 reference,5145600,366428.21875,364619.5520833333
MAPPO strict 1+5 reference,5196800,363153.6875,365065.375
MAPPO strict 1+5 reference,5248000,365614.21875,366008.3958333333
MAPPO strict 1+5 reference,5299200,369257.28125,365363.9583333333
MAPPO strict 1+5 reference,5350400,361220.375,362333.5625
MAPPO strict 1+5 reference,5401600,356523.03125,359303.9791666667
MAPPO strict 1+5 reference,5452800,360168.53125,360678.6875
MAPPO strict 1+5 reference,5504000,365344.5,361346.0416666667
MAPPO strict 1+5 reference,5555200,358525.09375,361864.9479166667
MAPPO strict 1+5 reference,5606400,361725.25,360931.5625
MAPPO strict 1+5 reference,5657600,362544.34375,361950.2291666667
MAPPO strict 1+5 reference,5708800,361581.09375,360677.03125
MAPPO strict 1+5 reference,5760000,357905.65625,359978.625
MAPPO strict 1+5 reference,5811200,360449.125,360131.3854166667
MAPPO strict 1+5 reference,5862400,362039.375,362761.6458333333
MAPPO strict 1+5 reference,5913600,365796.4375,367778.5416666667
MAPPO strict 1+5 reference,5964800,375499.8125,370035.4270833333
MAPPO strict 1+5 reference,6016000,368810.03125,371628.8229166667
MAPPO strict 1+5 reference,6067200,370576.625,370746.90625
MAPPO strict 1+5 reference,6118400,372854.0625,372877.0729166667
MAPPO strict 1+5 reference,6169600,375200.53125,373474.6979166667
MAPPO strict 1+5 reference,6220800,372369.5,373472.3645833333
MAPPO strict 1+5 reference,6272000,372847.0625,373334.5104166667
MAPPO strict 1+5 reference,6323200,374786.96875,374454.1666666667
MAPPO strict 1+5 reference,6374400,375728.46875,377043.71875
MAPPO strict 1+5 reference,6425600,380615.71875,378715.03125
MAPPO strict 1+5 reference,6476800,379800.90625,380602.78125
MAPPO strict 1+5 reference,6528000,381391.71875,379503.25
MAPPO strict 1+5 reference,6579200,377317.125,379875.6979166667
MAPPO strict 1+5 reference,6630400,380918.25,378327.3229166667
MAPPO strict 1+5 reference,6681600,376746.59375,379261.0208333333
MAPPO strict 1+5 reference,6732800,380118.21875,379955.1875
MAPPO strict 1+5 reference,6784000,383000.75,381170.3854166667
MAPPO strict 1+5 reference,6835200,380392.1875,381028.9166666667
MAPPO strict 1+5 reference,6886400,379693.8125,380950.28125
MAPPO strict 1+5 reference,6937600,382764.84375,381970.4479166667
MAPPO strict 1+5 reference,6988800,383452.6875,383543.1979166667
MAPPO strict 1+5 reference,7040000,384412.0625,383397.25
MAPPO strict 1+5 reference,7091200,382327.0,382387.4270833333
MAPPO strict 1+5 reference,7142400,380423.21875,380649.28125
MAPPO strict 1+5 reference,7193600,379197.625,379354.5520833333
MAPPO strict 1+5 reference,7244800,378442.8125,379827.7291666667
MAPPO strict 1+5 reference,7296000,381842.75,380611.6458333333
MAPPO strict 1+5 reference,7347200,381549.375,381392.5520833333
MAPPO strict 1+5 reference,7398400,380785.53125,382637.0729166667
MAPPO strict 1+5 reference,7449600,385576.3125,383753.9895833333
MAPPO strict 1+5 reference,7500800,384900.125,386002.7083333333
MAPPO strict 1+5 reference,7552000,387531.6875,389351.8854166667
MAPPO strict 1+5 reference,7603200,395623.84375,392254.4583333333
MAPPO strict 1+5 reference,7654400,393607.84375,392567.875
MAPPO strict 1+5 reference,7705600,388471.9375,388989.0833333333
MAPPO strict 1+5 reference,7756800,384887.46875,388340.125
MAPPO strict 1+5 reference,7808000,391660.96875,388833.9479166667
MAPPO strict 1+5 reference,7859200,389953.40625,389473.1979166667
MAPPO strict 1+5 reference,7910400,386805.21875,388602.53125
MAPPO strict 1+5 reference,7961600,389048.96875,386455.71875
MAPPO strict 1+5 reference,8012800,383512.96875,386116.7291666667
MAPPO strict 1+5 reference,8064000,385788.25,385028.7083333333
MAPPO strict 1+5 reference,8115200,385784.90625,386021.6979166667
MAPPO strict 1+5 reference,8166400,386491.9375,386166.6458333333
MAPPO strict 1+5 reference,8217600,386223.09375,385679.5416666667
MAPPO strict 1+5 reference,8268800,384323.59375,387135.1666666667
MAPPO strict 1+5 reference,8320000,390858.8125,388901.5520833333
MAPPO strict 1+5 reference,8371200,391522.25,394609.2395833333
MAPPO strict 1+5 reference,8422400,401446.65625,391666.7916666667
MAPPO strict 1+5 reference,8473600,382031.46875,392016.65625
MAPPO strict 1+5 reference,8524800,392571.84375,387929.9895833333
MAPPO strict 1+5 reference,8576000,389186.65625,389031.625
MAPPO strict 1+5 reference,8627200,385336.375,388934.03125
MAPPO strict 1+5 reference,8678400,392279.0625,389087.34375
MAPPO strict 1+5 reference,8729600,389646.59375,393079.1458333333
MAPPO strict 1+5 reference,8780800,397311.78125,391865.8020833333
MAPPO strict 1+5 reference,8832000,388639.03125,391489.4166666667
MAPPO strict 1+5 reference,8883200,388517.4375,388935.9791666667
MAPPO strict 1+5 reference,8934400,389651.46875,391189.9791666667
MAPPO strict 1+5 reference,8985600,395401.03125,392786.5104166667
MAPPO strict 1+5 reference,9036800,393307.03125,392780.1770833333
MAPPO strict 1+5 reference,9088000,389632.46875,393843.1875
MAPPO strict 1+5 reference,9139200,398590.0625,394876.1458333333
MAPPO strict 1+5 reference,9190400,396405.90625,399181.5625
MAPPO strict 1+5 reference,9241600,402548.71875,400421.8333333333
MAPPO strict 1+5 reference,9292800,402310.875,401522.5625
MAPPO strict 1+5 reference,9344000,399708.09375,399924.6770833333
MAPPO strict 1+5 reference,9395200,397755.0625,401527.6354166667
MAPPO strict 1+5 reference,9446400,407119.75,402421.1041666667
MAPPO strict 1+5 reference,9497600,402388.5,403941.6979166667
MAPPO strict 1+5 reference,9548800,402316.84375,400668.3645833333
MAPPO strict 1+5 reference,9600000,397299.75,398782.0520833333
MAPPO strict 1+5 reference,9651200,396729.5625,398152.7916666667
MAPPO strict 1+5 reference,9702400,400429.0625,399587.1041666667
MAPPO strict 1+5 reference,9753600,401602.6875,399711.3333333333
MAPPO strict 1+5 reference,9804800,397102.25,398886.0
MAPPO strict 1+5 reference,9856000,397953.0625,399496.4895833333
MAPPO strict 1+5 reference,9907200,403434.15625,401562.0104166667
MAPPO strict 1+5 reference,9958400,403298.8125,402811.8645833333
MAPPO strict 1+5 reference,10009600,401702.625,402288.9791666667
MAPPO strict 1+5 reference,10060800,401865.5,401327.0104166667
MAPPO strict 1+5 reference,10112000,400412.90625,401381.5208333333
MAPPO strict 1+5 reference,10163200,401866.15625,402220.9583333333
MAPPO strict 1+5 reference,10214400,404383.8125,403262.8854166667
MAPPO strict 1+5 reference,10265600,403538.6875,405595.0
MAPPO strict 1+5 reference,10316800,408862.5,405473.3125
MAPPO strict 1+5 reference,10368000,404018.75,405684.90625
MAPPO strict 1+5 reference,10419200,404173.46875,402083.1041666667
MAPPO strict 1+5 reference,10470400,398057.09375,400694.4166666667
MAPPO strict 1+5 reference,10521600,399852.6875,397933.28125
MAPPO strict 1+5 reference,10572800,395890.0625,400172.9895833333
MAPPO strict 1+5 reference,10624000,404776.21875,401144.5104166667
MAPPO strict 1+5 reference,10675200,402767.25,403435.5833333333
MAPPO strict 1+5 reference,10726400,402763.28125,404472.3125
MAPPO strict 1+5 reference,10777600,407886.40625,403731.8125
MAPPO strict 1+5 reference,10828800,400545.75,403242.3020833333
MAPPO strict 1+5 reference,10880000,401294.75,403717.3854166667
MAPPO strict 1+5 reference,10931200,409311.65625,403650.2708333333
MAPPO strict 1+5 reference,10982400,400344.40625,405046.0104166667
MAPPO strict 1+5 reference,11033600,405481.96875,404162.4895833333
MAPPO strict 1+5 reference,11084800,406661.09375,406941.0729166667
MAPPO strict 1+5 reference,11136000,408680.15625,407041.09375
MAPPO strict 1+5 reference,11187200,405782.03125,407568.1666666667
MAPPO strict 1+5 reference,11238400,408242.3125,406937.2395833333
MAPPO strict 1+5 reference,11289600,406787.375,407903.9895833333
MAPPO strict 1+5 reference,11340800,408682.28125,408601.9166666667
MAPPO strict 1+5 reference,11392000,410336.09375,410328.6875
MAPPO strict 1+5 reference,11443200,411967.6875,408937.0104166667
MAPPO strict 1+5 reference,11494400,404507.25,408158.8645833333
MAPPO strict 1+5 reference,11545600,408001.65625,408707.0104166667
MAPPO strict 1+5 reference,11596800,413612.125,409513.4375
MAPPO strict 1+5 reference,11648000,406926.53125,411208.6458333333
MAPPO strict 1+5 reference,11699200,413087.28125,409108.09375
MAPPO strict 1+5 reference,11750400,407310.46875,406470.8958333333
MAPPO strict 1+5 reference,11801600,399014.9375,405852.34375
MAPPO strict 1+5 reference,11852800,411231.625,406214.1041666667
MAPPO strict 1+5 reference,11904000,408395.75,408307.0104166667
MAPPO strict 1+5 reference,11955200,405293.65625,406047.5416666667
MAPPO strict 1+5 reference,12006400,404453.21875,404998.5833333333
MAPPO strict 1+5 reference,12057600,405248.875,405299.3958333333
MAPPO strict 1+5 reference,12108800,406196.09375,408784.6458333333
MAPPO strict 1+5 reference,12160000,414908.96875,409946.8333333333
MAPPO strict 1+5 reference,12211200,408735.4375,411147.1458333333
MAPPO strict 1+5 reference,12262400,409797.03125,409275.0208333333
MAPPO strict 1+5 reference,12313600,409292.59375,407215.8333333333
MAPPO strict 1+5 reference,12364800,402557.875,405157.2604166667
MAPPO strict 1+5 reference,12416000,403621.3125,402327.5625
MAPPO strict 1+5 reference,12467200,400803.5,405004.34375
MAPPO strict 1+5 reference,12518400,410588.21875,405522.15625
MAPPO strict 1+5 reference,12569600,405174.75,407945.8125
MAPPO strict 1+5 reference,12620800,408074.46875,408383.6875
MAPPO strict 1+5 reference,12672000,411901.84375,410548.0208333333
MAPPO strict 1+5 reference,12723200,411667.75,412178.8333333333
MAPPO strict 1+5 reference,12774400,412966.90625,412069.8541666667
MAPPO strict 1+5 reference,12825600,411574.90625,411187.1979166667
MAPPO strict 1+5 reference,12876800,409019.78125,409494.5416666667
MAPPO strict 1+5 reference,12928000,407888.9375,408988.40625
MAPPO strict 1+5 reference,12979200,410056.5,409268.4166666667
MAPPO strict 1+5 reference,13030400,409859.8125,410306.8541666667
MAPPO strict 1+5 reference,13081600,411004.25,411613.0104166667
MAPPO strict 1+5 reference,13132800,413974.96875,412583.2291666667
MAPPO strict 1+5 reference,13184000,412770.46875,413056.3229166667
MAPPO strict 1+5 reference,13235200,412423.53125,412668.4479166667
MAPPO strict 1+5 reference,13286400,412811.34375,412227.15625
MAPPO strict 1+5 reference,13337600,411446.59375,413015.6354166667
MAPPO strict 1+5 reference,13388800,414788.96875,414072.96875
MAPPO strict 1+5 reference,13440000,415983.34375,415730.09375
MAPPO strict 1+5 reference,13491200,416417.96875,417430.9895833333
MAPPO strict 1+5 reference,13542400,419891.65625,417927.3541666667
MAPPO strict 1+5 reference,13593600,417472.4375,416152.2604166667
MAPPO strict 1+5 reference,13644800,411092.6875,413972.7916666667
MAPPO strict 1+5 reference,13696000,413353.25,412705.6666666667
MAPPO strict 1+5 reference,13747200,413671.0625,413835.28125
MAPPO strict 1+5 reference,13798400,414481.53125,415698.9375
MAPPO strict 1+5 reference,13849600,418944.21875,419095.6979166667
MAPPO strict 1+5 reference,13900800,423861.34375,422310.53125
MAPPO strict 1+5 reference,13952000,424126.03125,422390.5
MAPPO strict 1+5 reference,14003200,419184.125,420503.1666666667
MAPPO strict 1+5 reference,14054400,418199.34375,417331.1354166667
MAPPO strict 1+5 reference,14105600,414609.9375,417113.375
MAPPO strict 1+5 reference,14156800,418530.84375,416095.6354166667
MAPPO strict 1+5 reference,14208000,415146.125,418242.9583333333
MAPPO strict 1+5 reference,14259200,421051.90625,420195.28125
MAPPO strict 1+5 reference,14310400,424387.8125,422332.6875
MAPPO strict 1+5 reference,14361600,421558.34375,422230.15625
MAPPO strict 1+5 reference,14412800,420744.3125,421829.03125
MAPPO strict 1+5 reference,14464000,423184.4375,421703.7083333333
MAPPO strict 1+5 reference,14515200,421182.375,422710.7604166667
MAPPO strict 1+5 reference,14566400,423765.46875,422763.1354166667
MAPPO strict 1+5 reference,14617600,423341.5625,423888.3541666667
MAPPO strict 1+5 reference,14668800,424558.03125,423766.2395833333
MAPPO strict 1+5 reference,14720000,423399.125,424275.75
MAPPO strict 1+5 reference,14771200,424870.09375,424058.3854166667
MAPPO strict 1+5 reference,14822400,423905.9375,423912.3645833333
MAPPO strict 1+5 reference,14873600,422961.0625,422886.5416666667
MAPPO strict 1+5 reference,14924800,421792.625,422364.3229166667
MAPPO strict 1+5 reference,14976000,422339.28125,421789.3854166667
MAPPO strict 1+5 reference,15027200,421236.25,421847.2708333333
MAPPO strict 1+5 reference,15078400,421966.28125,420159.4583333333
MAPPO strict 1+5 reference,15129600,417275.84375,419973.0729166667
MAPPO strict 1+5 reference,15180800,420677.09375,421076.9166666667
MAPPO strict 1+5 reference,15232000,425277.8125,422907.0104166667
MAPPO strict 1+5 reference,15283200,422766.125,424540.25
MAPPO strict 1+5 reference,15334400,425576.8125,423545.8541666667
MAPPO strict 1+5 reference,15385600,422294.625,423219.1770833333
MAPPO strict 1+5 reference,15436800,421786.09375,422475.6979166667
MAPPO strict 1+5 reference,15488000,423346.375,422976.78125
MAPPO strict 1+5 reference,15539200,423797.875,421466.34375
MAPPO strict 1+5 reference,15590400,417254.78125,419977.6458333333
MAPPO strict 1+5 reference,15641600,418880.28125,417711.6458333333
MAPPO strict 1+5 reference,15692800,416999.875,417680.2395833333
MAPPO strict 1+5 reference,15744000,417160.5625,418105.71875
MAPPO strict 1+5 reference,15795200,420156.71875,419475.6770833333
MAPPO strict 1+5 reference,15846400,421109.75,421515.3854166667
MAPPO strict 1+5 reference,15897600,423279.6875,423252.03125
MAPPO strict 1+5 reference,15948800,425366.65625,422634.5833333333
MAPPO strict 1+5 reference,16000000,419257.40625,423016.3854166667
MAPPO strict 1+5 reference,16051200,424425.09375,423674.0416666667
MAPPO strict 1+5 reference,16102400,427339.625,426435.6875
MAPPO strict 1+5 reference,16153600,427542.34375,424611.40625
MAPPO strict 1+5 reference,16204800,418952.25,424594.625
MAPPO strict 1+5 reference,16256000,427289.28125,425326.1041666667
MAPPO strict 1+5 reference,16307200,429736.78125,428193.2708333333
MAPPO strict 1+5 reference,16358400,427553.75,428367.4166666667
MAPPO strict 1+5 reference,16409600,427811.71875,427231.28125
MAPPO strict 1+5 reference,16460800,426328.375,427723.25
MAPPO strict 1+5 reference,16512000,429029.65625,426381.28125
MAPPO strict 1+5 reference,16563200,423785.8125,425922.7604166667
MAPPO strict 1+5 reference,16614400,424952.8125,425730.1666666667
MAPPO strict 1+5 reference,16665600,428451.875,425670.84375
MAPPO strict 1+5 reference,16716800,423607.84375,428337.1875
MAPPO strict 1+5 reference,16768000,432951.84375,429672.0
MAPPO strict 1+5 reference,16819200,432456.3125,433655.78125
MAPPO strict 1+5 reference,16870400,435559.1875,433412.71875
MAPPO strict 1+5 reference,16921600,432222.65625,433661.65625
MAPPO strict 1+5 reference,16972800,433203.125,432325.1145833333
MAPPO strict 1+5 reference,17024000,431549.5625,431809.40625
MAPPO strict 1+5 reference,17075200,430675.53125,431676.2916666667
MAPPO strict 1+5 reference,17126400,432803.78125,430732.0625
MAPPO strict 1+5 reference,17177600,428716.875,430903.1354166667
MAPPO strict 1+5 reference,17228800,431188.75,432055.0833333333
MAPPO strict 1+5 reference,17280000,436259.625,433781.4895833333
MAPPO strict 1+5 reference,17331200,433896.09375,435318.3125
MAPPO strict 1+5 reference,17382400,435799.21875,436126.5416666667
MAPPO strict 1+5 reference,17433600,438684.3125,437758.4895833333
MAPPO strict 1+5 reference,17484800,438791.9375,438301.2916666667
MAPPO strict 1+5 reference,17536000,437427.625,438408.3854166667
MAPPO strict 1+5 reference,17587200,439005.59375,438757.5416666667
MAPPO strict 1+5 reference,17638400,439839.40625,439551.4375
MAPPO strict 1+5 reference,17689600,439809.3125,437013.3125
MAPPO strict 1+5 reference,17740800,431391.21875,434705.1354166667
MAPPO strict 1+5 reference,17792000,432914.875,433435.4791666667
MAPPO strict 1+5 reference,17843200,436000.34375,433863.3958333333
MAPPO strict 1+5 reference,17894400,432674.96875,433625.7395833333
MAPPO strict 1+5 reference,17945600,432201.90625,430778.6354166667
MAPPO strict 1+5 reference,17996800,427459.03125,428891.9791666667
MAPPO strict 1+5 reference,18048000,427015.0,426436.6979166667
MAPPO strict 1+5 reference,18099200,424836.0625,426727.8229166667
MAPPO strict 1+5 reference,18150400,428332.40625,427504.1041666667
MAPPO strict 1+5 reference,18201600,429343.84375,430763.2916666667
MAPPO strict 1+5 reference,18252800,434613.625,432176.0416666667
MAPPO strict 1+5 reference,18304000,432570.65625,432235.4479166667
MAPPO strict 1+5 reference,18355200,429522.0625,432988.40625
MAPPO strict 1+5 reference,18406400,436872.5,433696.1041666667
MAPPO strict 1+5 reference,18457600,434693.75,436778.09375
MAPPO strict 1+5 reference,18508800,438768.03125,437779.6145833333
MAPPO strict 1+5 reference,18560000,439877.0625,438544.6458333333
MAPPO strict 1+5 reference,18611200,436988.84375,437530.03125
MAPPO strict 1+5 reference,18662400,435724.1875,436718.125
MAPPO strict 1+5 reference,18713600,437441.34375,437650.875
MAPPO strict 1+5 reference,18764800,439787.09375,439521.1770833333
MAPPO strict 1+5 reference,18816000,441335.09375,440548.9479166667
MAPPO strict 1+5 reference,18867200,440524.65625,439189.7395833333
MAPPO strict 1+5 reference,18918400,435709.46875,436510.6458333333
MAPPO strict 1+5 reference,18969600,433297.8125,434827.3020833333
MAPPO strict 1+5 reference,19020800,435474.625,436193.8125
MAPPO strict 1+5 reference,19072000,439809.0,437781.34375
MAPPO strict 1+5 reference,19123200,438060.40625,440170.8333333333
MAPPO strict 1+5 reference,19174400,442643.09375,439828.84375
MAPPO strict 1+5 reference,19225600,438783.03125,440241.6666666667
MAPPO strict 1+5 reference,19276800,439298.875,439770.8333333333
MAPPO strict 1+5 reference,19328000,441230.59375,440691.1875
MAPPO strict 1+5 reference,19379200,441544.09375,440026.25
MAPPO strict 1+5 reference,19430400,437304.0625,439062.9791666667
MAPPO strict 1+5 reference,19481600,438340.78125,439089.6875
MAPPO strict 1+5 reference,19532800,441624.21875,439402.8854166667
MAPPO strict 1+5 reference,19584000,438243.65625,439661.7395833333
MAPPO strict 1+5 reference,19635200,439117.34375,440275.7291666667
MAPPO strict 1+5 reference,19686400,443466.1875,442046.28125
MAPPO strict 1+5 reference,19737600,443555.3125,442394.4479166667
MAPPO strict 1+5 reference,19788800,440161.84375,441226.3020833333
MAPPO strict 1+5 reference,19840000,439961.75,440359.71875
MAPPO strict 1+5 reference,19891200,440955.5625,439219.5833333333
MAPPO strict 1+5 reference,19942400,436741.4375,438901.0625
MAPPO strict 1+5 reference,19993600,439006.1875,438955.0416666667
MAPPO strict 1+5 reference,20044800,441117.5,439159.09375
MAPPO strict 1+5 reference,20096000,437353.59375,439831.0208333333
MAPPO strict 1+5 reference,20147200,441021.96875,437799.9166666667
MAPPO strict 1+5 reference,20198400,435024.1875,437581.7291666667
MAPPO strict 1+5 reference,20249600,436699.03125,435851.3541666667
MAPPO strict 1+5 reference,20300800,435830.84375,437416.5520833333
MAPPO strict 1+5 reference,20352000,439719.78125,438056.8645833333
MAPPO strict 1+5 reference,20403200,438619.96875,440130.0104166667
MAPPO strict 1+5 reference,20454400,442050.28125,441726.2083333333
MAPPO strict 1+5 reference,20505600,444508.375,443965.0
MAPPO strict 1+5 reference,20556800,445336.34375,446785.15625
MAPPO strict 1+5 reference,20608000,450510.75,446549.5625
MAPPO strict 1+5 reference,20659200,443801.59375,446969.4166666667
MAPPO strict 1+5 reference,20710400,446595.90625,444989.1979166667
MAPPO strict 1+5 reference,20761600,444570.09375,446576.6770833333
MAPPO strict 1+5 reference,20812800,448564.03125,447966.0104166667
MAPPO strict 1+5 reference,20864000,450763.90625,449100.9479166667
MAPPO strict 1+5 reference,20915200,447974.90625,448966.4791666667
MAPPO strict 1+5 reference,20966400,448160.625,447120.2708333333
MAPPO strict 1+5 reference,21017600,445225.28125,446680.4583333333
MAPPO strict 1+5 reference,21068800,446655.46875,445130.8333333333
MAPPO strict 1+5 reference,21120000,443511.75,444249.4479166667
MAPPO strict 1+5 reference,21171200,442581.125,442125.4270833333
MAPPO strict 1+5 reference,21222400,440283.40625,441364.9479166667
MAPPO strict 1+5 reference,21273600,441230.3125,440864.25
MAPPO strict 1+5 reference,21324800,441079.03125,441742.21875
MAPPO strict 1+5 reference,21376000,442917.3125,441117.1354166667
MAPPO strict 1+5 reference,21427200,439355.0625,440558.1770833333
MAPPO strict 1+5 reference,21478400,439402.15625,440787.84375
MAPPO strict 1+5 reference,21529600,443606.3125,441893.2083333333
MAPPO strict 1+5 reference,21580800,442671.15625,443970.1458333333
MAPPO strict 1+5 reference,21632000,445632.96875,445401.1979166667
MAPPO strict 1+5 reference,21683200,447899.46875,447326.1666666667
MAPPO strict 1+5 reference,21734400,448446.0625,449405.3229166667
MAPPO strict 1+5 reference,21785600,451870.4375,450085.2395833333
MAPPO strict 1+5 reference,21836800,449939.21875,450377.3541666667
MAPPO strict 1+5 reference,21888000,449322.40625,448503.5729166667
MAPPO strict 1+5 reference,21939200,446249.09375,446225.8229166667
MAPPO strict 1+5 reference,21990400,443105.96875,445607.2291666667
MAPPO strict 1+5 reference,22041600,447466.625,445499.4166666667
MAPPO strict 1+5 reference,22092800,445925.65625,446145.9583333333
MAPPO strict 1+5 reference,22144000,445045.59375,444599.0833333333
MAPPO strict 1+5 reference,22195200,442826.0,445234.25
MAPPO strict 1+5 reference,22246400,447831.15625,445167.6041666667
MAPPO strict 1+5 reference,22297600,444845.65625,446491.1354166667
MAPPO strict 1+5 reference,22348800,446796.59375,446634.9375
MAPPO strict 1+5 reference,22400000,448262.5625,447304.6770833333
MAPPO strict 1+5 reference,22451200,446854.875,447671.7708333333
MAPPO strict 1+5 reference,22502400,447897.875,448633.03125
MAPPO strict 1+5 reference,22553600,451146.34375,449823.7291666667
MAPPO strict 1+5 reference,22604800,450426.96875,451535.5208333333
MAPPO strict 1+5 reference,22656000,453033.25,451355.0416666667
MAPPO strict 1+5 reference,22707200,450604.90625,451053.5104166667
MAPPO strict 1+5 reference,22758400,449522.375,449980.2708333333
MAPPO strict 1+5 reference,22809600,449813.53125,449179.3229166667
MAPPO strict 1+5 reference,22860800,448202.0625,447834.25
MAPPO strict 1+5 reference,22912000,445487.15625,448264.1666666667
MAPPO strict 1+5 reference,22963200,451103.28125,448421.3333333333
MAPPO strict 1+5 reference,23014400,448673.5625,448901.3854166667
MAPPO strict 1+5 reference,23065600,446927.3125,447645.875
MAPPO strict 1+5 reference,23116800,447336.75,447890.5833333333
MAPPO strict 1+5 reference,23168000,449407.6875,448958.71875
MAPPO strict 1+5 reference,23219200,450131.71875,449592.125
MAPPO strict 1+5 reference,23270400,449236.96875,449900.5520833333
MAPPO strict 1+5 reference,23321600,450332.96875,449749.6354166667
MAPPO strict 1+5 reference,23372800,449678.96875,449093.15625
MAPPO strict 1+5 reference,23424000,447267.53125,449216.5208333333
MAPPO strict 1+5 reference,23475200,450703.0625,450708.5833333333
MAPPO strict 1+5 reference,23526400,454155.15625,453226.9375
MAPPO strict 1+5 reference,23577600,454822.59375,454530.6875
MAPPO strict 1+5 reference,23628800,454614.3125,454196.53125
MAPPO strict 1+5 reference,23680000,453152.6875,453663.9479166667
MAPPO strict 1+5 reference,23731200,453224.84375,453216.28125
MAPPO strict 1+5 reference,23782400,453271.3125,453751.7291666667
MAPPO strict 1+5 reference,23833600,454759.03125,453528.2395833333
MAPPO strict 1+5 reference,23884800,452554.375,452845.1041666667
MAPPO strict 1+5 reference,23936000,451221.90625,451291.65625
MAPPO strict 1+5 reference,23987200,450098.6875,451740.75
MAPPO strict 1+5 reference,24038400,453901.65625,452367.8541666667
MAPPO strict 1+5 reference,24089600,453103.21875,453458.2916666667
MAPPO strict 1+5 reference,24140800,453370.0,452428.0
MAPPO strict 1+5 reference,24192000,450810.78125,450897.9479166667
MAPPO strict 1+5 reference,24243200,448513.0625,449616.5729166667
MAPPO strict 1+5 reference,24294400,449525.875,449127.9583333333
MAPPO strict 1+5 reference,24345600,449344.9375,449067.59375
MAPPO strict 1+5 reference,24396800,448331.96875,448433.7916666667
MAPPO strict 1+5 reference,24448000,447624.46875,448545.875
MAPPO strict 1+5 reference,24499200,449681.1875,449413.15625
MAPPO strict 1+5 reference,24550400,450933.8125,450134.09375
MAPPO strict 1+5 reference,24601600,449787.28125,449821.9166666667
MAPPO strict 1+5 reference,24652800,448744.65625,450210.4375
MAPPO strict 1+5 reference,24704000,452099.375,450810.6354166667
MAPPO strict 1+5 reference,24755200,451587.875,451875.90625
MAPPO strict 1+5 reference,24806400,451940.46875,451287.9166666667
MAPPO strict 1+5 reference,24857600,450335.40625,450879.2604166667
MAPPO strict 1+5 reference,24908800,450361.90625,450069.0416666667
MAPPO strict 1+5 reference,24960000,449509.8125,450696.59375
MAPPO strict 1+5 reference,25011200,452218.0625,450601.03125
MAPPO strict 1+5 reference,25062400,450075.21875,450571.0416666667
MAPPO strict 1+5 reference,25113600,449419.84375,448970.4583333333
MAPPO strict 1+5 reference,25164800,447416.3125,448858.3020833333
MAPPO strict 1+5 reference,25216000,449738.75,449294.5208333333
MAPPO strict 1+5 reference,25267200,450728.5,449523.2604166667
MAPPO strict 1+5 reference,25318400,448102.53125,449927.59375
MAPPO strict 1+5 reference,25369600,450951.75,450097.6458333333
MAPPO strict 1+5 reference,25420800,451238.65625,450906.34375
MAPPO strict 1+5 reference,25472000,450528.625,450367.7395833333
MAPPO strict 1+5 reference,25523200,449335.9375,450567.0625
MAPPO strict 1+5 reference,25574400,451836.625,452010.1041666667
MAPPO strict 1+5 reference,25625600,454857.75,453731.4479166667
MAPPO strict 1+5 reference,25676800,454499.96875,453823.1145833333
MAPPO strict 1+5 reference,25728000,452111.625,452756.7916666667
MAPPO strict 1+5 reference,25779200,451658.78125,451982.375
MAPPO strict 1+5 reference,25830400,452176.71875,450857.2708333333
MAPPO strict 1+5 reference,25881600,448736.3125,449863.0833333333
MAPPO strict 1+5 reference,25932800,448676.21875,449170.1979166667
MAPPO strict 1+5 reference,25984000,450098.0625,448865.7708333333
MAPPO strict 1+5 reference,26035200,447823.03125,448886.9270833333
MAPPO strict 1+5 reference,26086400,448739.6875,449414.6770833333
MAPPO strict 1+5 reference,26137600,451681.3125,450334.9166666667
MAPPO strict 1+5 reference,26188800,450583.75,451751.3333333333
MAPPO strict 1+5 reference,26240000,452988.9375,451487.9166666667
MAPPO strict 1+5 reference,26291200,450891.0625,452427.4895833333
MAPPO strict 1+5 reference,26342400,453402.46875,453450.9895833333
MAPPO strict 1+5 reference,26393600,456059.4375,454702.75
MAPPO strict 1+5 reference,26444800,454646.34375,456058.46875
MAPPO strict 1+5 reference,26496000,457469.625,456145.4166666667
MAPPO strict 1+5 reference,26547200,456320.28125,456389.1770833333
MAPPO strict 1+5 reference,26598400,455377.625,456800.1770833333
MAPPO strict 1+5 reference,26649600,458702.625,457207.6354166667
MAPPO strict 1+5 reference,26700800,457542.65625,457695.0208333333
MAPPO strict 1+5 reference,26752000,456839.78125,456862.21875
MAPPO strict 1+5 reference,26803200,456204.21875,456324.5416666667
MAPPO strict 1+5 reference,26854400,455929.625,454970.1458333333
MAPPO strict 1+5 reference,26905600,452776.59375,452929.5625
MAPPO strict 1+5 reference,26956800,450082.46875,452611.7083333333
MAPPO strict 1+5 reference,27008000,454976.0625,453137.3854166667
MAPPO strict 1+5 reference,27059200,454353.625,454120.7083333333
MAPPO strict 1+5 reference,27110400,453032.4375,453454.0
MAPPO strict 1+5 reference,27161600,452975.9375,453851.1770833333
MAPPO strict 1+5 reference,27212800,455545.15625,453251.40625
MAPPO strict 1+5 reference,27264000,451233.125,454312.5729166667
MAPPO strict 1+5 reference,27315200,456159.4375,454121.2604166667
MAPPO strict 1+5 reference,27366400,454971.21875,455120.0208333333
MAPPO strict 1+5 reference,27417600,454229.40625,454495.9270833333
MAPPO strict 1+5 reference,27468800,454287.15625,454367.3541666667
MAPPO strict 1+5 reference,27520000,454585.5,455981.46875
MAPPO strict 1+5 reference,27571200,459071.75,457044.1458333333
MAPPO strict 1+5 reference,27622400,457475.1875,456906.0625
MAPPO strict 1+5 reference,27673600,454171.25,453920.4895833333
MAPPO strict 1+5 reference,27724800,450115.03125,453071.53125
MAPPO strict 1+5 reference,27776000,454928.3125,453678.5729166667
MAPPO strict 1+5 reference,27827200,455992.375,456073.1979166667
MAPPO strict 1+5 reference,27878400,457298.90625,456187.6979166667
MAPPO strict 1+5 reference,27929600,455271.8125,455769.0416666667
MAPPO strict 1+5 reference,27980800,454736.40625,454189.2916666667
MAPPO strict 1+5 reference,28032000,452559.65625,453911.4166666667
MAPPO strict 1+5 reference,28083200,454438.1875,453395.125
MAPPO strict 1+5 reference,28134400,453187.53125,454087.7708333333
MAPPO strict 1+5 reference,28185600,454637.59375,453880.3645833333
MAPPO strict 1+5 reference,28236800,453815.96875,454345.4270833333
MAPPO strict 1+5 reference,28288000,454582.71875,452496.1770833333
MAPPO strict 1+5 reference,28339200,449089.84375,452000.4375
MAPPO strict 1+5 reference,28390400,452328.75,452008.2083333333
MAPPO strict 1+5 reference,28441600,454606.03125,454294.0104166667
MAPPO strict 1+5 reference,28492800,455947.25,454402.2708333333
MAPPO strict 1+5 reference,28544000,452653.53125,453736.40625
MAPPO strict 1+5 reference,28595200,452608.4375,450259.96875
MAPPO strict 1+5 reference,28646400,445517.9375,448556.125
MAPPO strict 1+5 reference,28697600,447542.0,446494.4583333333
MAPPO strict 1+5 reference,28748800,446423.4375,446876.6458333333
MAPPO strict 1+5 reference,28800000,446664.5,445748.7604166667
MAPPO strict 1+5 reference,28851200,444158.34375,445940.6875
MAPPO strict 1+5 reference,28902400,446999.21875,447159.2291666667
MAPPO strict 1+5 reference,28953600,450320.125,449899.7083333333
MAPPO strict 1+5 reference,29004800,452379.78125,451304.625
MAPPO strict 1+5 reference,29056000,451213.96875,451540.8229166667
MAPPO strict 1+5 reference,29107200,451028.71875,452057.5625
MAPPO strict 1+5 reference,29158400,453930.0,452207.7916666667
MAPPO strict 1+5 reference,29209600,451664.65625,453098.125
MAPPO strict 1+5 reference,29260800,453699.71875,452020.2708333333
MAPPO strict 1+5 reference,29312000,450696.4375,451802.4270833333
MAPPO strict 1+5 reference,29363200,451011.125,451701.09375
MAPPO strict 1+5 reference,29414400,453395.71875,451771.46875
MAPPO strict 1+5 reference,29465600,450907.5625,452010.9479166667
MAPPO strict 1+5 reference,29516800,451729.5625,451836.0833333333
MAPPO strict 1+5 reference,29568000,452871.125,453347.6354166667
MAPPO strict 1+5 reference,29619200,455442.21875,454230.6354166667
MAPPO strict 1+5 reference,29670400,454378.5625,454241.4375
MAPPO strict 1+5 reference,29721600,452903.53125,454004.0729166667
MAPPO strict 1+5 reference,29772800,454730.125,452406.40625
MAPPO strict 1+5 reference,29824000,449585.5625,453839.2916666667
MAPPO strict 1+5 reference,29875200,457202.1875,453474.5625
MAPPO strict 1+5 reference,29926400,453635.9375,456102.78125
MAPPO strict 1+5 reference,29977600,457470.21875,456009.6041666667
MAPPO strict 1+5 reference,30028800,456922.65625,458006.3958333333
MAPPO strict 1+5 reference,30080000,459626.3125,458487.7395833333
MAPPO strict 1+5 reference,30131200,458914.25,459528.5729166667
MAPPO strict 1+5 reference,30182400,460045.15625,459524.1041666667
MAPPO strict 1+5 reference,30233600,459612.90625,459313.3020833333
MAPPO strict 1+5 reference,30284800,458281.84375,458135.0520833333
MAPPO strict 1+5 reference,30336000,456510.40625,457109.7083333333
MAPPO strict 1+5 reference,30387200,456536.875,456624.53125
MAPPO strict 1+5 reference,30438400,456826.3125,456700.2395833333
MAPPO strict 1+5 reference,30489600,456737.53125,456581.4375
MAPPO strict 1+5 reference,30540800,456180.46875,456629.90625
MAPPO strict 1+5 reference,30592000,456971.71875,456332.7604166667
MAPPO strict 1+5 reference,30643200,455846.09375,455752.3020833333
MAPPO strict 1+5 reference,30694400,454439.09375,455749.8541666667
MAPPO strict 1+5 reference,30745600,456964.375,455798.15625
MAPPO strict 1+5 reference,30796800,455991.0,457714.15625
MAPPO strict 1+5 reference,30848000,460187.09375,457743.4479166667
MAPPO strict 1+5 reference,30899200,457052.25,457883.40625
MAPPO strict 1+5 reference,30950400,456410.875,458678.2083333333
MAPPO strict 1+5 reference,31001600,462571.5,460040.1458333333
MAPPO strict 1+5 reference,31052800,461138.0625,461974.6979166667
MAPPO strict 1+5 reference,31104000,462214.53125,462474.8854166667
MAPPO strict 1+5 reference,31155200,464072.0625,463810.9895833333
MAPPO strict 1+5 reference,31206400,465146.375,464938.8333333333
MAPPO strict 1+5 reference,31257600,465598.0625,465756.1666666667
MAPPO strict 1+5 reference,31308800,466524.0625,464961.3020833333
MAPPO strict 1+5 reference,31360000,462761.78125,462769.9375
MAPPO strict 1+5 reference,31411200,459023.96875,459974.1354166667
MAPPO strict 1+5 reference,31462400,458136.65625,458731.59375
MAPPO strict 1+5 reference,31513600,459034.15625,458358.7916666667
MAPPO strict 1+5 reference,31564800,457905.5625,458229.5520833333
MAPPO strict 1+5 reference,31616000,457748.9375,458438.34375
MAPPO strict 1+5 reference,31667200,459660.53125,459360.4479166667
MAPPO strict 1+5 reference,31718400,460671.875,461489.5208333333
MAPPO strict 1+5 reference,31769600,464136.15625,462109.3020833333
MAPPO strict 1+5 reference,31820800,461519.875,463370.7291666667
MAPPO strict 1+5 reference,31872000,464456.15625,463136.625
MAPPO strict 1+5 reference,31923200,463433.84375,463303.3958333333
MAPPO strict 1+5 reference,31974400,462020.1875,461683.7708333333
MAPPO strict 1+5 reference,32025600,459597.28125,459258.375
MAPPO strict 1+5 reference,32076800,456157.65625,457013.4479166667
MAPPO strict 1+5 reference,32128000,455285.40625,455524.4270833333
MAPPO strict 1+5 reference,32179200,455130.21875,455010.8229166667
MAPPO strict 1+5 reference,32230400,454616.84375,454875.3125
MAPPO strict 1+5 reference,32281600,454878.875,455471.3958333333
MAPPO strict 1+5 reference,32332800,456918.46875,455983.4895833333
MAPPO strict 1+5 reference,32384000,456153.125,455382.1875
MAPPO strict 1+5 reference,32435200,453074.96875,454440.90625
MAPPO strict 1+5 reference,32486400,454094.625,453704.125
MAPPO strict 1+5 reference,32537600,453942.78125,454388.6666666667
MAPPO strict 1+5 reference,32588800,455128.59375,453994.96875
MAPPO strict 1+5 reference,32640000,452913.53125,454098.3645833333
MAPPO strict 1+5 reference,32691200,454252.96875,453540.28125
MAPPO strict 1+5 reference,32742400,453454.34375,454490.5729166667
MAPPO strict 1+5 reference,32793600,455764.40625,455595.7395833333
MAPPO strict 1+5 reference,32844800,457568.46875,456127.25
MAPPO strict 1+5 reference,32896000,455048.875,456371.3645833333
MAPPO strict 1+5 reference,32947200,456496.75,455199.25
MAPPO strict 1+5 reference,32998400,454052.125,455500.7604166667
MAPPO strict 1+5 reference,33049600,455953.40625,455799.5833333333
MAPPO strict 1+5 reference,33100800,457393.21875,456932.5416666667
MAPPO strict 1+5 reference,33152000,457451.0,457322.59375
MAPPO strict 1+5 reference,33203200,457123.5625,457394.7604166667
MAPPO strict 1+5 reference,33254400,457609.71875,457340.2916666667
MAPPO strict 1+5 reference,33305600,457287.59375,457501.09375
MAPPO strict 1+5 reference,33356800,457605.96875,457944.0520833333
MAPPO strict 1+5 reference,33408000,458938.59375,458807.0729166667
MAPPO strict 1+5 reference,33459200,459876.65625,459720.84375
MAPPO strict 1+5 reference,33510400,460347.28125,460820.4583333333
MAPPO strict 1+5 reference,33561600,462237.4375,461602.4791666667
MAPPO strict 1+5 reference,33612800,462222.71875,461841.0729166667
MAPPO strict 1+5 reference,33664000,461063.0625,461540.96875
MAPPO strict 1+5 reference,33715200,461337.125,461351.3333333333
MAPPO strict 1+5 reference,33766400,461653.8125,460925.8958333333
MAPPO strict 1+5 reference,33817600,459786.75,460137.0833333333
MAPPO strict 1+5 reference,33868800,458970.6875,459746.0520833333
MAPPO strict 1+5 reference,33920000,460480.71875,460593.75
MAPPO strict 1+5 reference,33971200,462329.84375,460412.40625
MAPPO strict 1+5 reference,34022400,458426.65625,459382.2395833333
MAPPO strict 1+5 reference,34073600,457390.21875,458037.1979166667
MAPPO strict 1+5 reference,34124800,458294.71875,457476.1875
MAPPO strict 1+5 reference,34176000,456743.625,456535.0729166667
MAPPO strict 1+5 reference,34227200,454566.875,456517.25
MAPPO strict 1+5 reference,34278400,458241.25,456814.90625
MAPPO strict 1+5 reference,34329600,457636.59375,457807.9895833333
MAPPO strict 1+5 reference,34380800,457546.125,458172.1354166667
MAPPO strict 1+5 reference,34432000,459333.6875,458856.1458333333
MAPPO strict 1+5 reference,34483200,459688.625,460375.0208333333
MAPPO strict 1+5 reference,34534400,462102.75,460206.6458333333
MAPPO strict 1+5 reference,34585600,458828.5625,459851.3333333333
MAPPO strict 1+5 reference,34636800,458622.6875,459328.8125
MAPPO strict 1+5 reference,34688000,460535.1875,459530.0416666667
MAPPO strict 1+5 reference,34739200,459432.25,460562.0729166667
MAPPO strict 1+5 reference,34790400,461718.78125,461122.65625
MAPPO strict 1+5 reference,34841600,462216.9375,461649.5416666667
MAPPO strict 1+5 reference,34892800,461012.90625,460711.7395833333
MAPPO strict 1+5 reference,34944000,458905.375,460274.8125
MAPPO strict 1+5 reference,34995200,460906.15625,460172.3020833333
MAPPO strict 1+5 reference,35046400,460705.375,461238.625
MAPPO strict 1+5 reference,35097600,462104.34375,461982.3020833333
MAPPO strict 1+5 reference,35148800,463137.1875,461869.03125
MAPPO strict 1+5 reference,35200000,460365.5625,461596.28125
MAPPO strict 1+5 reference,35251200,461286.09375,460715.7708333333
MAPPO strict 1+5 reference,35302400,460495.65625,461744.1041666667
MAPPO strict 1+5 reference,35353600,463450.5625,461412.3854166667
MAPPO strict 1+5 reference,35404800,460290.9375,461696.8229166667
MAPPO strict 1+5 reference,35456000,461348.96875,460747.46875
MAPPO strict 1+5 reference,35507200,460602.5,461182.1354166667
MAPPO strict 1+5 reference,35558400,461594.9375,460704.3645833333
MAPPO strict 1+5 reference,35609600,459915.65625,461085.6041666667
MAPPO strict 1+5 reference,35660800,461746.21875,461270.4270833333
MAPPO strict 1+5 reference,35712000,462149.40625,461284.1875
MAPPO strict 1+5 reference,35763200,459956.9375,461339.5625
MAPPO strict 1+5 reference,35814400,461912.34375,461165.3125
MAPPO strict 1+5 reference,35865600,461626.65625,462480.1979166667
MAPPO strict 1+5 reference,35916800,463901.59375,462671.8645833333
MAPPO strict 1+5 reference,35968000,462487.34375,462479.3229166667
MAPPO strict 1+5 reference,36019200,461049.03125,461199.5729166667
MAPPO strict 1+5 reference,36070400,460062.34375,460052.71875
MAPPO strict 1+5 reference,36121600,459046.78125,459661.2291666667
MAPPO strict 1+5 reference,36172800,459874.5625,459843.1666666667
MAPPO strict 1+5 reference,36224000,460608.15625,461229.5833333333
MAPPO strict 1+5 reference,36275200,463206.03125,461968.875
MAPPO strict 1+5 reference,36326400,462092.4375,462328.3958333333
MAPPO strict 1+5 reference,36377600,461686.71875,461686.8020833333
MAPPO strict 1+5 reference,36428800,461281.25,461208.25
MAPPO strict 1+5 reference,36480000,460656.78125,460483.2083333333
MAPPO strict 1+5 reference,36531200,459511.59375,460105.9375
MAPPO strict 1+5 reference,36582400,460149.4375,460126.15625
MAPPO strict 1+5 reference,36633600,460717.4375,460107.65625
MAPPO strict 1+5 reference,36684800,459456.09375,461068.6354166667
MAPPO strict 1+5 reference,36736000,463032.375,461465.4166666667
MAPPO strict 1+5 reference,36787200,461907.78125,462050.25
MAPPO strict 1+5 reference,36838400,461210.59375,461548.34375
MAPPO strict 1+5 reference,36889600,461526.65625,462093.25
MAPPO strict 1+5 reference,36940800,463542.5,463420.5104166667
MAPPO strict 1+5 reference,36992000,465192.375,465250.90625
MAPPO strict 1+5 reference,37043200,467017.84375,466330.6875
MAPPO strict 1+5 reference,37094400,466781.84375,466483.3541666667
MAPPO strict 1+5 reference,37145600,465650.375,465389.6875
MAPPO strict 1+5 reference,37196800,463736.84375,462780.9375
MAPPO strict 1+5 reference,37248000,458955.59375,461122.09375
MAPPO strict 1+5 reference,37299200,460673.84375,459624.6979166667
MAPPO strict 1+5 reference,37350400,459244.65625,460819.09375
MAPPO strict 1+5 reference,37401600,462538.78125,461947.3229166667
MAPPO strict 1+5 reference,37452800,464058.53125,464319.5625
MAPPO strict 1+5 reference,37504000,466361.375,466289.78125
MAPPO strict 1+5 reference,37555200,468449.4375,467408.1458333333
MAPPO strict 1+5 reference,37606400,467413.625,467459.25
MAPPO strict 1+5 reference,37657600,466514.6875,466396.6354166667
MAPPO strict 1+5 reference,37708800,465261.59375,465789.0208333333
MAPPO strict 1+5 reference,37760000,465590.78125,464835.5
MAPPO strict 1+5 reference,37811200,463654.125,464972.7083333333
MAPPO strict 1+5 reference,37862400,465673.21875,465261.90625
MAPPO strict 1+5 reference,37913600,466458.375,466178.3645833333
MAPPO strict 1+5 reference,37964800,466403.5,465209.34375
MAPPO strict 1+5 reference,38016000,462766.15625,464711.9583333333
MAPPO strict 1+5 reference,38067200,464966.21875,463866.4270833333
MAPPO strict 1+5 reference,38118400,463866.90625,465332.3229166667
MAPPO strict 1+5 reference,38169600,467163.84375,465918.1875
MAPPO strict 1+5 reference,38220800,466723.8125,467217.8333333333
MAPPO strict 1+5 reference,38272000,467765.84375,466586.8333333333
MAPPO strict 1+5 reference,38323200,465270.84375,465235.9791666667
MAPPO strict 1+5 reference,38374400,462671.25,464120.7604166667
MAPPO strict 1+5 reference,38425600,464420.1875,464050.96875
MAPPO strict 1+5 reference,38476800,465061.46875,465053.0833333333
MAPPO strict 1+5 reference,38528000,465677.59375,465797.0104166667
MAPPO strict 1+5 reference,38579200,466651.96875,466070.4166666667
MAPPO strict 1+5 reference,38630400,465881.6875,466817.4895833333
MAPPO strict 1+5 reference,38681600,467918.8125,468246.0520833333
MAPPO strict 1+5 reference,38732800,470937.65625,469238.7916666667
MAPPO strict 1+5 reference,38784000,468859.90625,469760.5625
MAPPO strict 1+5 reference,38835200,469484.125,468920.3333333333
MAPPO strict 1+5 reference,38886400,468416.96875,469276.59375
MAPPO strict 1+5 reference,38937600,469928.6875,468636.7604166667
MAPPO strict 1+5 reference,38988800,467564.625,468399.4479166667
MAPPO strict 1+5 reference,39040000,467705.03125,467604.8020833333
MAPPO strict 1+5 reference,39091200,467544.75,467168.3333333333
MAPPO strict 1+5 reference,39142400,466255.21875,466566.6145833333
MAPPO strict 1+5 reference,39193600,465899.875,466483.15625
MAPPO strict 1+5 reference,39244800,467294.375,466586.75
MAPPO strict 1+5 reference,39296000,466566.0,467206.8125
MAPPO strict 1+5 reference,39347200,467760.0625,467636.65625
MAPPO strict 1+5 reference,39398400,468583.90625,468691.78125
MAPPO strict 1+5 reference,39449600,469731.375,469008.5729166667
MAPPO strict 1+5 reference,39500800,468710.4375,469307.625
MAPPO strict 1+5 reference,39552000,469481.0625,468187.125
MAPPO strict 1+5 reference,39603200,466369.875,467247.1770833333
MAPPO strict 1+5 reference,39654400,465890.59375,466564.9375
MAPPO strict 1+5 reference,39705600,467434.34375,466447.3854166667
MAPPO strict 1+5 reference,39756800,466017.21875,467503.1041666667
MAPPO strict 1+5 reference,39808000,469057.75,467538.46875
MAPPO strict 1+5 reference,39859200,467540.4375,468426.65625
MAPPO strict 1+5 reference,39910400,468681.78125,467610.5625
MAPPO strict 1+5 reference,39961600,466609.46875,466648.53125
MAPPO strict 1+5 reference,40012800,464654.34375,465513.25
MAPPO strict 1+5 reference,40064000,465275.9375,464744.6041666667
MAPPO strict 1+5 reference,40115200,464303.53125,464677.2395833333
MAPPO strict 1+5 reference,40166400,464452.25,463839.5833333333
MAPPO strict 1+5 reference,40217600,462762.96875,463148.2604166667
MAPPO strict 1+5 reference,40268800,462229.5625,463144.125
MAPPO strict 1+5 reference,40320000,464439.84375,463707.2395833333
MAPPO strict 1+5 reference,40371200,464452.3125,463811.34375
MAPPO strict 1+5 reference,40422400,462541.875,463887.1875
MAPPO strict 1+5 reference,40473600,464667.375,463948.2083333333
MAPPO strict 1+5 reference,40524800,464635.375,464241.7604166667
MAPPO strict 1+5 reference,40576000,463422.53125,464073.875
MAPPO strict 1+5 reference,40627200,464163.71875,463791.34375
MAPPO strict 1+5 reference,40678400,463787.78125,463923.7291666667
MAPPO strict 1+5 reference,40729600,463819.6875,464935.7604166667
MAPPO strict 1+5 reference,40780800,467199.8125,465477.5520833333
MAPPO strict 1+5 reference,40832000,465413.15625,466089.25
MAPPO strict 1+5 reference,40883200,465654.78125,465576.2291666667
MAPPO strict 1+5 reference,40934400,465660.75,465410.5104166667
MAPPO strict 1+5 reference,40985600,464916.0,464026.8645833333
MAPPO strict 1+5 reference,41036800,461503.84375,462955.6041666667
MAPPO strict 1+5 reference,41088000,462446.96875,462331.5
MAPPO strict 1+5 reference,41139200,463043.6875,463453.46875
MAPPO strict 1+5 reference,41190400,464869.75,464768.7916666667
MAPPO strict 1+5 reference,41241600,466392.9375,466426.6145833333
MAPPO strict 1+5 reference,41292800,468017.15625,467416.8541666667
MAPPO strict 1+5 reference,41344000,467840.46875,467686.46875
MAPPO strict 1+5 reference,41395200,467201.78125,467370.59375
MAPPO strict 1+5 reference,41446400,467069.53125,467070.6979166667
MAPPO strict 1+5 reference,41497600,466940.78125,466933.5520833333
MAPPO strict 1+5 reference,41548800,466790.34375,466593.2604166667
MAPPO strict 1+5 reference,41600000,466048.65625,466185.8958333333
MAPPO strict 1+5 reference,41651200,465718.6875,465951.0833333333
MAPPO strict 1+5 reference,41702400,466085.90625,466493.9791666667
MAPPO strict 1+5 reference,41753600,467677.34375,466990.6458333333
MAPPO strict 1+5 reference,41804800,467208.6875,467243.9479166667
MAPPO strict 1+5 reference,41856000,466845.8125,467248.75
MAPPO strict 1+5 reference,41907200,467691.75,467787.6354166667
MAPPO strict 1+5 reference,41958400,468825.34375,469237.3958333333
MAPPO strict 1+5 reference,42009600,471195.09375,470652.5729166667
MAPPO strict 1+5 reference,42060800,471937.28125,470951.8958333333
MAPPO strict 1+5 reference,42112000,469723.3125,471192.34375
MAPPO strict 1+5 reference,42163200,471916.4375,470566.9375
MAPPO strict 1+5 reference,42214400,470061.0625,470274.5
MAPPO strict 1+5 reference,42265600,468846.0,468977.3125
MAPPO strict 1+5 reference,42316800,468024.875,467950.5416666667
MAPPO strict 1+5 reference,42368000,466980.75,468606.7916666667
MAPPO strict 1+5 reference,42419200,470814.75,468124.6875
MAPPO strict 1+5 reference,42470400,466578.5625,469274.8958333333
MAPPO strict 1+5 reference,42521600,470431.375,469799.0833333333
MAPPO strict 1+5 reference,42572800,472387.3125,471849.8541666667
MAPPO strict 1+5 reference,42624000,472730.875,472016.2291666667
MAPPO strict 1+5 reference,42675200,470930.5,472171.3645833333
MAPPO strict 1+5 reference,42726400,472852.71875,472399.5625
MAPPO strict 1+5 reference,42777600,473415.46875,472841.96875
MAPPO strict 1+5 reference,42828800,472257.71875,472096.0208333333
MAPPO strict 1+5 reference,42880000,470614.875,470628.96875
MAPPO strict 1+5 reference,42931200,469014.3125,469150.71875
MAPPO strict 1+5 reference,42982400,467822.96875,467725.4375
MAPPO strict 1+5 reference,43033600,466339.03125,466414.3125
MAPPO strict 1+5 reference,43084800,465080.9375,465908.21875
MAPPO strict 1+5 reference,43136000,466304.6875,466376.3854166667
MAPPO strict 1+5 reference,43187200,467743.53125,468132.8854166667
MAPPO strict 1+5 reference,43238400,470350.4375,470132.0833333333
MAPPO strict 1+5 reference,43289600,472302.28125,471159.6354166667
MAPPO strict 1+5 reference,43340800,470826.1875,470875.03125
MAPPO strict 1+5 reference,43392000,469496.625,469686.96875
MAPPO strict 1+5 reference,43443200,468738.09375,469814.8229166667
MAPPO strict 1+5 reference,43494400,471209.75,470311.0520833333
MAPPO strict 1+5 reference,43545600,470985.3125,470709.09375
MAPPO strict 1+5 reference,43596800,469932.21875,470363.0
MAPPO strict 1+5 reference,43648000,470171.46875,469199.5625
MAPPO strict 1+5 reference,43699200,467495.0,468092.6354166667
MAPPO strict 1+5 reference,43750400,466611.4375,466493.46875
MAPPO strict 1+5 reference,43801600,465373.96875,466987.5833333333
MAPPO strict 1+5 reference,43852800,468977.34375,467566.3125
MAPPO strict 1+5 reference,43904000,468347.625,469428.5416666667
MAPPO strict 1+5 reference,43955200,470960.65625,469349.1041666667
MAPPO strict 1+5 reference,44006400,468739.03125,469586.84375
MAPPO strict 1+5 reference,44057600,469060.84375,469046.9895833333
MAPPO strict 1+5 reference,44108800,469341.09375,468952.6875
MAPPO strict 1+5 reference,44160000,468456.125,469840.6041666667
MAPPO strict 1+5 reference,44211200,471724.59375,470581.4270833333
MAPPO strict 1+5 reference,44262400,471563.5625,472416.1979166667
MAPPO strict 1+5 reference,44313600,473960.4375,472068.6666666667
MAPPO strict 1+5 reference,44364800,470682.0,471692.1458333333
MAPPO strict 1+5 reference,44416000,470434.0,470595.9166666667
MAPPO strict 1+5 reference,44467200,470671.75,471097.28125
MAPPO strict 1+5 reference,44518400,472186.09375,471257.1354166667
MAPPO strict 1+5 reference,44569600,470913.5625,472167.5208333333
MAPPO strict 1+5 reference,44620800,473402.90625,472902.53125
MAPPO strict 1+5 reference,44672000,474391.125,473426.3333333333
MAPPO strict 1+5 reference,44723200,472484.96875,472924.5416666667
MAPPO strict 1+5 reference,44774400,471897.53125,471590.25
MAPPO strict 1+5 reference,44825600,470388.25,470639.625
MAPPO strict 1+5 reference,44876800,469633.09375,470896.3125
MAPPO strict 1+5 reference,44928000,472667.59375,471255.9166666667
MAPPO strict 1+5 reference,44979200,471467.0625,471814.65625
MAPPO strict 1+5 reference,45030400,471309.3125,471216.8645833333
MAPPO strict 1+5 reference,45081600,470874.21875,471252.8958333333
MAPPO strict 1+5 reference,45132800,471575.15625,471659.7291666667
MAPPO strict 1+5 reference,45184000,472529.8125,471902.6979166667
MAPPO strict 1+5 reference,45235200,471603.125,472293.2291666667
MAPPO strict 1+5 reference,45286400,472746.75,471196.7604166667
MAPPO strict 1+5 reference,45337600,469240.40625,471270.6145833333
MAPPO strict 1+5 reference,45388800,471824.6875,470526.1666666667
MAPPO strict 1+5 reference,45440000,470513.40625,470263.75
MAPPO strict 1+5 reference,45491200,468453.15625,468835.4375
MAPPO strict 1+5 reference,45542400,467539.75,468009.6458333333
MAPPO strict 1+5 reference,45593600,468036.03125,467506.1145833333
MAPPO strict 1+5 reference,45644800,466942.5625,467950.0833333333
MAPPO strict 1+5 reference,45696000,468871.65625,467853.21875
MAPPO strict 1+5 reference,45747200,467745.4375,467712.71875
MAPPO strict 1+5 reference,45798400,466521.0625,465920.2916666667
MAPPO strict 1+5 reference,45849600,463494.375,464490.0104166667
MAPPO strict 1+5 reference,45900800,463454.59375,463355.3333333333
MAPPO strict 1+5 reference,45952000,463117.03125,464138.1041666667
MAPPO strict 1+5 reference,46003200,465842.6875,464401.65625
MAPPO strict 1+5 reference,46054400,464245.25,465201.1354166667
MAPPO strict 1+5 reference,46105600,465515.46875,465401.125
MAPPO strict 1+5 reference,46156800,466442.65625,467008.5625
MAPPO strict 1+5 reference,46208000,469067.5625,467827.8020833333
MAPPO strict 1+5 reference,46259200,467973.1875,469298.0104166667
MAPPO strict 1+5 reference,46310400,470853.28125,469584.4583333333
MAPPO strict 1+5 reference,46361600,469926.90625,469299.0104166667
MAPPO strict 1+5 reference,46412800,467116.84375,469135.90625
MAPPO strict 1+5 reference,46464000,470363.96875,468992.5729166667
MAPPO strict 1+5 reference,46515200,469496.90625,468723.375
MAPPO strict 1+5 reference,46566400,466309.25,468859.1875
MAPPO strict 1+5 reference,46617600,470771.40625,468346.3229166667
MAPPO strict 1+5 reference,46668800,467958.3125,468753.2708333333
MAPPO strict 1+5 reference,46720000,467530.09375,467653.3229166667
MAPPO strict 1+5 reference,46771200,467471.5625,467751.9791666667
MAPPO strict 1+5 reference,46822400,468254.28125,467527.0625
MAPPO strict 1+5 reference,46873600,466855.34375,467510.2708333333
MAPPO strict 1+5 reference,46924800,467421.1875,466645.25
MAPPO strict 1+5 reference,46976000,465659.21875,466194.4791666667
MAPPO strict 1+5 reference,47027200,465503.03125,465616.25
MAPPO strict 1+5 reference,47078400,465686.5,466104.84375
MAPPO strict 1+5 reference,47129600,467125.0,467764.6145833333
MAPPO strict 1+5 reference,47180800,470482.34375,468893.5416666667
MAPPO strict 1+5 reference,47232000,469073.28125,469675.6770833333
MAPPO strict 1+5 reference,47283200,469471.40625,468607.9479166667
MAPPO strict 1+5 reference,47334400,467279.15625,467848.59375
MAPPO strict 1+5 reference,47385600,466795.21875,467482.7291666667
MAPPO strict 1+5 reference,47436800,468373.8125,467140.2291666667
MAPPO strict 1+5 reference,47488000,466251.65625,467178.6666666667
MAPPO strict 1+5 reference,47539200,466910.53125,465912.6041666667
MAPPO strict 1+5 reference,47590400,464575.625,465374.4895833333
MAPPO strict 1+5 reference,47641600,464637.3125,465820.2395833333
MAPPO strict 1+5 reference,47692800,468247.78125,467619.6979166667
MAPPO strict 1+5 reference,47744000,469974.0,469379.8645833333
MAPPO strict 1+5 reference,47795200,469917.8125,470194.9895833333
MAPPO strict 1+5 reference,47846400,470693.15625,470739.6875
MAPPO strict 1+5 reference,47897600,471608.09375,470422.6666666667
MAPPO strict 1+5 reference,47948800,468966.75,470499.9791666667
MAPPO strict 1+5 reference,48000000,470925.09375,470116.4270833333
MAPPO strict 1+5 reference,48051200,470457.4375,469872.5416666667
MAPPO strict 1+5 reference,48102400,468235.09375,469185.84375
MAPPO strict 1+5 reference,48153600,468865.0,468019.46875
MAPPO strict 1+5 reference,48204800,466958.3125,467518.375
MAPPO strict 1+5 reference,48256000,466731.8125,466888.5729166667
MAPPO strict 1+5 reference,48307200,466975.59375,465990.0729166667
MAPPO strict 1+5 reference,48358400,464262.8125,465676.7291666667
MAPPO strict 1+5 reference,48409600,465791.78125,464694.2291666667
MAPPO strict 1+5 reference,48460800,464028.09375,464357.0208333333
MAPPO strict 1+5 reference,48512000,463251.1875,463373.6770833333
MAPPO strict 1+5 reference,48563200,462841.75,462966.34375
MAPPO strict 1+5 reference,48614400,462806.09375,462681.0729166667
MAPPO strict 1+5 reference,48665600,462395.375,462450.78125
MAPPO strict 1+5 reference,48716800,462150.875,462012.1354166667
MAPPO strict 1+5 reference,48768000,461490.15625,461725.3958333333
MAPPO strict 1+5 reference,48819200,461535.15625,461264.8229166667
MAPPO strict 1+5 reference,48870400,460769.15625,461376.5104166667
MAPPO strict 1+5 reference,48921600,461825.21875,462046.1145833333
MAPPO strict 1+5 reference,48972800,463543.96875,463101.84375
MAPPO strict 1+5 reference,49024000,463936.34375,464167.1145833333
MAPPO strict 1+5 reference,49075200,465021.03125,465692.53125
MAPPO strict 1+5 reference,49126400,468120.21875,467309.5208333333
MAPPO strict 1+5 reference,49177600,468787.3125,468350.4479166667
MAPPO strict 1+5 reference,49228800,468143.8125,468300.6041666667
MAPPO strict 1+5 reference,49280000,467970.6875,468776.2916666667
MAPPO strict 1+5 reference,49331200,470214.375,469049.3958333333
MAPPO strict 1+5 reference,49382400,468963.125,469341.4166666667
MAPPO strict 1+5 reference,49433600,468846.75,469320.5
MAPPO strict 1+5 reference,49484800,470151.625,469723.1979166667
MAPPO strict 1+5 reference,49536000,470171.21875,469973.1354166667
MAPPO strict 1+5 reference,49587200,469596.5625,470731.2395833333
MAPPO strict 1+5 reference,49638400,472425.9375,470886.5416666667
MAPPO strict 1+5 reference,49689600,470637.125,471619.8541666667
MAPPO strict 1+5 reference,49740800,471796.5,471863.6145833333
MAPPO strict 1+5 reference,49792000,473157.21875,471810.3229166667
MAPPO strict 1+5 reference,49843200,470477.25,471487.1041666667
MAPPO strict 1+5 reference,49894400,470826.84375,470902.3854166667
MAPPO strict 1+5 reference,49945600,471403.0625,470995.4270833333
MAPPO strict 1+5 reference,49996800,470756.375,470532.3125
MAPPO strict 1+5 reference,50025600,469437.5,470053.6875
MAPPO strict 1+5 reference,50076800,469967.1875,470128.7291666667
MAPPO strict 1+5 reference,50128000,470981.5,470781.28125
MAPPO strict 1+5 reference,50179200,471395.15625,470797.25
MAPPO strict 1+5 reference,50230400,470015.09375,471173.9166666667
MAPPO strict 1+5 reference,50281600,472111.5,470978.3958333333
MAPPO strict 1+5 reference,50332800,470808.59375,471437.6979166667
MAPPO strict 1+5 reference,50384000,471393.0,471355.15625
MAPPO strict 1+5 reference,50435200,471863.875,471613.53125
MAPPO strict 1+5 reference,50486400,471583.71875,470933.2291666667
MAPPO strict 1+5 reference,50537600,469352.09375,470557.25
MAPPO strict 1+5 reference,50588800,470735.9375,470543.5833333333
MAPPO strict 1+5 reference,50640000,471542.71875,470858.7395833333
MAPPO strict 1+5 reference,50691200,470297.5625,470885.5729166667
MAPPO strict 1+5 reference,50742400,470816.4375,470482.2604166667
MAPPO strict 1+5 reference,50793600,470332.78125,471036.40625
MAPPO strict 1+5 reference,50844800,471960.0,471546.0104166667
MAPPO strict 1+5 reference,50896000,472345.25,472263.6666666667
MAPPO strict 1+5 reference,50947200,472485.75,472482.5520833333
MAPPO strict 1+5 reference,50998400,472616.65625,473010.28125
MAPPO strict 1+5 reference,51049600,473928.4375,473746.0104166667
MAPPO strict 1+5 reference,51100800,474692.9375,474084.1041666667
MAPPO strict 1+5 reference,51152000,473630.9375,474327.4791666667
MAPPO strict 1+5 reference,51203200,474658.5625,473957.6354166667
MAPPO strict 1+5 reference,51254400,473583.40625,474105.6041666667
MAPPO strict 1+5 reference,51305600,474074.84375,474266.9583333333
MAPPO strict 1+5 reference,51356800,475142.625,474556.2083333333
MAPPO strict 1+5 reference,51408000,474451.15625,474887.7604166667
MAPPO strict 1+5 reference,51459200,475069.5,474407.3541666667
MAPPO strict 1+5 reference,51510400,473701.40625,475105.78125
MAPPO strict 1+5 reference,51561600,476546.4375,474847.15625
MAPPO strict 1+5 reference,51612800,474293.625,474830.0520833333
MAPPO strict 1+5 reference,51664000,473650.09375,473751.1979166667
MAPPO strict 1+5 reference,51715200,473309.875,473450.0104166667
MAPPO strict 1+5 reference,51766400,473390.0625,472859.9166666667
MAPPO strict 1+5 reference,51817600,471879.8125,471939.4895833333
MAPPO strict 1+5 reference,51868800,470548.59375,471100.8541666667
MAPPO strict 1+5 reference,51920000,470874.15625,470517.90625
MAPPO strict 1+5 reference,51971200,470130.96875,470443.625
MAPPO strict 1+5 reference,52022400,470325.75,470402.28125
MAPPO strict 1+5 reference,52073600,470750.125,470973.4166666667
MAPPO strict 1+5 reference,52124800,471844.375,471850.4166666667
MAPPO strict 1+5 reference,52176000,472956.75,472274.09375
MAPPO strict 1+5 reference,52227200,472021.15625,473262.5729166667
MAPPO strict 1+5 reference,52278400,474809.8125,473676.1875
MAPPO strict 1+5 reference,52329600,474197.59375,474313.78125
MAPPO strict 1+5 reference,52380800,473933.9375,473441.0
MAPPO strict 1+5 reference,52432000,472191.46875,473280.5729166667
MAPPO strict 1+5 reference,52483200,473716.3125,473014.7291666667
MAPPO strict 1+5 reference,52534400,473136.40625,473072.2395833333
MAPPO strict 1+5 reference,52585600,472364.0,472464.28125
MAPPO strict 1+5 reference,52636800,471892.4375,473079.9791666667
MAPPO strict 1+5 reference,52688000,474983.5,473187.5104166667
MAPPO strict 1+5 reference,52739200,472686.59375,473165.2916666667
MAPPO strict 1+5 reference,52790400,471825.78125,471610.9270833333
MAPPO strict 1+5 reference,52841600,470320.40625,470959.2604166667
MAPPO strict 1+5 reference,52892800,470731.59375,470184.375
MAPPO strict 1+5 reference,52944000,469501.125,470235.59375
MAPPO strict 1+5 reference,52995200,470474.0625,470155.6875
MAPPO strict 1+5 reference,53046400,470491.875,470889.875
MAPPO strict 1+5 reference,53097600,471703.6875,471600.1041666667
MAPPO strict 1+5 reference,53148800,472604.75,471449.625
MAPPO strict 1+5 reference,53200000,470040.4375,470619.21875
MAPPO strict 1+5 reference,53251200,469212.46875,469373.5833333333
MAPPO strict 1+5 reference,53302400,468867.84375,468535.6145833333
MAPPO strict 1+5 reference,53353600,467526.53125,467584.0104166667
MAPPO strict 1+5 reference,53404800,466357.65625,467115.2083333333
MAPPO strict 1+5 reference,53456000,467461.4375,467563.78125
MAPPO strict 1+5 reference,53507200,468872.25,468517.25
MAPPO strict 1+5 reference,53558400,469218.0625,469226.3333333333
MAPPO strict 1+5 reference,53609600,469588.6875,469485.125
MAPPO strict 1+5 reference,53660800,469648.625,469122.0729166667
MAPPO strict 1+5 reference,53712000,468128.90625,468212.8958333333
MAPPO strict 1+5 reference,53763200,466861.15625,467603.5833333333
MAPPO strict 1+5 reference,53814400,467820.6875,467397.125
MAPPO strict 1+5 reference,53865600,467509.53125,467314.375
MAPPO strict 1+5 reference,53916800,466612.90625,466494.4791666667
MAPPO strict 1+5 reference,53968000,465361.0,466428.2708333333
MAPPO strict 1+5 reference,54019200,467310.90625,466729.0416666667
MAPPO strict 1+5 reference,54070400,467515.21875,467198.3645833333
MAPPO strict 1+5 reference,54121600,466768.96875,466336.6458333333
MAPPO strict 1+5 reference,54172800,464725.75,465832.78125
MAPPO strict 1+5 reference,54224000,466003.625,465161.5520833333
MAPPO strict 1+5 reference,54275200,464755.28125,465271.9479166667
MAPPO strict 1+5 reference,54326400,465056.9375,465621.2916666667
MAPPO strict 1+5 reference,54377600,467051.65625,466797.0625
MAPPO strict 1+5 reference,54428800,468282.59375,467838.3020833333
MAPPO strict 1+5 reference,54480000,468180.65625,467741.5208333333
MAPPO strict 1+5 reference,54531200,466761.3125,467553.0
MAPPO strict 1+5 reference,54582400,467717.03125,467252.71875
MAPPO strict 1+5 reference,54633600,467279.8125,467462.4375
MAPPO strict 1+5 reference,54684800,467390.46875,467278.03125
MAPPO strict 1+5 reference,54736000,467163.8125,466489.6979166667
MAPPO strict 1+5 reference,54787200,464914.8125,465810.0729166667
MAPPO strict 1+5 reference,54838400,465351.59375,465111.90625
MAPPO strict 1+5 reference,54889600,465069.3125,464986.9166666667
MAPPO strict 1+5 reference,54940800,464539.84375,463732.4270833333
MAPPO strict 1+5 reference,54992000,461588.125,462855.90625
MAPPO strict 1+5 reference,55043200,462439.75,462187.0416666667
MAPPO strict 1+5 reference,55094400,462533.25,463347.34375
MAPPO strict 1+5 reference,55145600,465069.03125,464463.6770833333
MAPPO strict 1+5 reference,55196800,465788.75,466730.0833333333
MAPPO strict 1+5 reference,55248000,469332.46875,468497.7916666667
MAPPO strict 1+5 reference,55299200,470372.15625,469499.5416666667
MAPPO strict 1+5 reference,55350400,468794.0,469782.6145833333
MAPPO strict 1+5 reference,55401600,470181.6875,469849.2708333333
MAPPO strict 1+5 reference,55452800,470572.125,470468.59375
MAPPO strict 1+5 reference,55504000,470651.96875,471634.46875
MAPPO strict 1+5 reference,55555200,473679.3125,472675.5104166667
MAPPO strict 1+5 reference,55606400,473695.25,473404.1875
MAPPO strict 1+5 reference,55657600,472838.0,473258.1458333333
MAPPO strict 1+5 reference,55708800,473241.1875,472815.1354166667
MAPPO strict 1+5 reference,55760000,472366.21875,472224.75
MAPPO strict 1+5 reference,55811200,471066.84375,472412.1145833333
MAPPO strict 1+5 reference,55862400,473803.28125,473030.375
MAPPO strict 1+5 reference,55913600,474221.0,474361.8333333333
MAPPO strict 1+5 reference,55964800,475061.21875,474698.5729166667
MAPPO strict 1+5 reference,56016000,474813.5,475350.4895833333
MAPPO strict 1+5 reference,56067200,476176.75,476395.4895833333
MAPPO strict 1+5 reference,56118400,478196.21875,477350.9895833333
MAPPO strict 1+5 reference,56169600,477680.0,477858.7604166667
MAPPO strict 1+5 reference,56220800,477700.0625,477801.0729166667
MAPPO strict 1+5 reference,56272000,478023.15625,477998.4479166667
MAPPO strict 1+5 reference,56323200,478272.125,478284.09375
MAPPO strict 1+5 reference,56374400,478557.0,478289.4583333333
MAPPO strict 1+5 reference,56425600,478039.25,478771.40625
MAPPO strict 1+5 reference,56476800,479717.96875,478901.375
MAPPO strict 1+5 reference,56528000,478946.90625,479065.9791666667
MAPPO strict 1+5 reference,56579200,478533.0625,478520.7604166667
MAPPO strict 1+5 reference,56630400,478082.3125,478125.6875
MAPPO strict 1+5 reference,56681600,477761.6875,477701.4166666667
MAPPO strict 1+5 reference,56732800,477260.25,476983.2395833333
MAPPO strict 1+5 reference,56784000,475927.78125,475761.0208333333
MAPPO strict 1+5 reference,56835200,474095.03125,474743.78125
MAPPO strict 1+5 reference,56886400,474208.53125,474281.6979166667
MAPPO strict 1+5 reference,56937600,474541.53125,474821.96875
MAPPO strict 1+5 reference,56988800,475715.84375,475491.1875
MAPPO strict 1+5 reference,57040000,476216.1875,476444.0625
MAPPO strict 1+5 reference,57091200,477400.15625,476234.40625
MAPPO strict 1+5 reference,57142400,475086.875,476737.0729166667
MAPPO strict 1+5 reference,57193600,477724.1875,476880.6770833333
MAPPO strict 1+5 reference,57244800,477830.96875,477860.4375
MAPPO strict 1+5 reference,57296000,478026.15625,477885.7604166667
MAPPO strict 1+5 reference,57347200,477800.15625,477806.8333333333
MAPPO strict 1+5 reference,57398400,477594.1875,477327.5104166667
MAPPO strict 1+5 reference,57449600,476588.1875,477940.78125
MAPPO strict 1+5 reference,57500800,479639.96875,478200.6875
MAPPO strict 1+5 reference,57552000,478373.90625,479513.84375
MAPPO strict 1+5 reference,57603200,480527.65625,479269.1666666667
MAPPO strict 1+5 reference,57654400,478905.9375,479709.0625
MAPPO strict 1+5 reference,57705600,479693.59375,479825.125
MAPPO strict 1+5 reference,57756800,480875.84375,480527.375
MAPPO strict 1+5 reference,57808000,481012.6875,481081.0729166667
MAPPO strict 1+5 reference,57859200,481354.6875,480764.65625
MAPPO strict 1+5 reference,57910400,479926.59375,479709.7395833333
MAPPO strict 1+5 reference,57961600,477847.9375,478842.4479166667
MAPPO strict 1+5 reference,58012800,478752.8125,477996.4583333333
MAPPO strict 1+5 reference,58064000,477388.625,478157.5625
MAPPO strict 1+5 reference,58115200,478331.25,477796.28125
MAPPO strict 1+5 reference,58166400,477668.96875,478226.9166666667
MAPPO strict 1+5 reference,58217600,478680.53125,477755.4270833333
MAPPO strict 1+5 reference,58268800,476916.78125,477812.25
MAPPO strict 1+5 reference,58320000,477839.4375,477810.7708333333
MAPPO strict 1+5 reference,58371200,478676.09375,478433.1979166667
MAPPO strict 1+5 reference,58422400,478784.0625,478383.1666666667
MAPPO strict 1+5 reference,58473600,477689.34375,478084.3333333333
MAPPO strict 1+5 reference,58524800,477779.59375,477255.8541666667
MAPPO strict 1+5 reference,58576000,476298.625,476912.90625
MAPPO strict 1+5 reference,58627200,476660.5,476770.8541666667
MAPPO strict 1+5 reference,58678400,477353.4375,477543.4479166667
MAPPO strict 1+5 reference,58729600,478616.40625,477166.34375
MAPPO strict 1+5 reference,58780800,475529.1875,477110.0833333333
MAPPO strict 1+5 reference,58832000,477184.65625,476374.3020833333
MAPPO strict 1+5 reference,58883200,476409.0625,476475.8333333333
MAPPO strict 1+5 reference,58934400,475833.78125,476015.7708333333
MAPPO strict 1+5 reference,58985600,475804.46875,475487.40625
MAPPO strict 1+5 reference,59036800,474823.96875,475223.1041666667
MAPPO strict 1+5 reference,59088000,475040.875,474629.5520833333
MAPPO strict 1+5 reference,59139200,474023.8125,475209.3645833333
MAPPO strict 1+5 reference,59190400,476563.40625,475554.21875
MAPPO strict 1+5 reference,59241600,476075.4375,475693.0729166667
MAPPO strict 1+5 reference,59292800,474440.375,475166.75
MAPPO strict 1+5 reference,59344000,474984.4375,474430.0
MAPPO strict 1+5 reference,59395200,473865.1875,474285.5520833333
MAPPO strict 1+5 reference,59446400,474007.03125,474467.1354166667
MAPPO strict 1+5 reference,59497600,475529.1875,475484.75
MAPPO strict 1+5 reference,59548800,476918.03125,476629.3020833333
MAPPO strict 1+5 reference,59600000,477440.6875,477167.1145833333
MAPPO strict 1+5 reference,59651200,477142.625,477950.6041666667
MAPPO strict 1+5 reference,59702400,479268.5,478391.7291666667
MAPPO strict 1+5 reference,59753600,478764.0625,478167.03125
MAPPO strict 1+5 reference,59804800,476468.53125,477076.6979166667
MAPPO strict 1+5 reference,59856000,475997.5,476539.21875
MAPPO strict 1+5 reference,59907200,477151.625,477222.75
MAPPO strict 1+5 reference,59958400,478519.125,477950.84375
MAPPO strict 1+5 reference,60009600,478181.78125,478009.9479166667
MAPPO strict 1+5 reference,60060800,477328.9375,477170.1666666667
MAPPO strict 1+5 reference,60112000,475999.78125,476262.0833333333
MAPPO strict 1+5 reference,60163200,475457.53125,475463.2083333333
MAPPO strict 1+5 reference,60214400,474932.3125,475139.4583333333
MAPPO strict 1+5 reference,60265600,475028.53125,474567.6666666667
MAPPO strict 1+5 reference,60316800,473742.15625,473819.3854166667
MAPPO strict 1+5 reference,60368000,472687.46875,473553.59375
MAPPO strict 1+5 reference,60419200,474231.15625,474032.2916666667
MAPPO strict 1+5 reference,60470400,475178.25,475180.59375
MAPPO strict 1+5 reference,60521600,476132.375,475458.5729166667
MAPPO strict 1+5 reference,60572800,475065.09375,475730.3020833333
MAPPO strict 1+5 reference,60624000,475993.4375,475135.0729166667
MAPPO strict 1+5 reference,60675200,474346.6875,475217.9270833333
MAPPO strict 1+5 reference,60726400,475313.65625,474620.2083333333
MAPPO strict 1+5 reference,60777600,474200.28125,474204.6666666667
MAPPO strict 1+5 reference,60828800,473100.0625,473499.6041666667
MAPPO strict 1+5 reference,60880000,473198.46875,473014.03125
MAPPO strict 1+5 reference,60931200,472743.5625,473190.4479166667
MAPPO strict 1+5 reference,60982400,473629.3125,474239.1041666667
MAPPO strict 1+5 reference,61033600,476344.4375,474999.3020833333
MAPPO strict 1+5 reference,61084800,475024.15625,476134.84375
MAPPO strict 1+5 reference,61136000,477035.9375,475396.7083333333
MAPPO strict 1+5 reference,61187200,474130.03125,475949.3020833333
MAPPO strict 1+5 reference,61238400,476681.9375,475747.125
MAPPO strict 1+5 reference,61289600,476429.40625,476491.4791666667
MAPPO strict 1+5 reference,61340800,476363.09375,475863.3125
MAPPO strict 1+5 reference,61392000,474797.4375,475450.9895833333
MAPPO strict 1+5 reference,61443200,475192.4375,474427.6145833333
MAPPO strict 1+5 reference,61494400,473292.96875,474295.7604166667
MAPPO strict 1+5 reference,61545600,474401.875,473758.34375
MAPPO strict 1+5 reference,61596800,473580.1875,474158.375
MAPPO strict 1+5 reference,61648000,474493.0625,473873.8645833333
MAPPO strict 1+5 reference,61699200,473548.34375,473522.0416666667
MAPPO strict 1+5 reference,61750400,472524.71875,472350.3854166667
MAPPO strict 1+5 reference,61801600,470978.09375,472635.4479166667
MAPPO strict 1+5 reference,61852800,474403.53125,473226.21875
MAPPO strict 1+5 reference,61904000,474297.03125,473948.3229166667
MAPPO strict 1+5 reference,61955200,473144.40625,472904.7916666667
MAPPO strict 1+5 reference,62006400,471272.9375,472613.4375
MAPPO strict 1+5 reference,62057600,473422.96875,473057.71875
MAPPO strict 1+5 reference,62108800,474477.25,474137.2604166667
MAPPO strict 1+5 reference,62160000,474511.5625,474717.6458333333
MAPPO strict 1+5 reference,62211200,475164.125,474416.125
MAPPO strict 1+5 reference,62262400,473572.6875,474580.0104166667
MAPPO strict 1+5 reference,62313600,475003.21875,474823.84375
MAPPO strict 1+5 reference,62364800,475895.625,474857.3541666667
MAPPO strict 1+5 reference,62416000,473673.21875,475414.65625
MAPPO strict 1+5 reference,62467200,476675.125,475599.9375
MAPPO strict 1+5 reference,62518400,476451.46875,476079.96875
MAPPO strict 1+5 reference,62569600,475113.3125,476538.7604166667
MAPPO strict 1+5 reference,62620800,478051.5,477166.4895833333
MAPPO strict 1+5 reference,62672000,478334.65625,478928.6875
MAPPO strict 1+5 reference,62723200,480399.90625,479818.03125
MAPPO strict 1+5 reference,62774400,480719.53125,480362.3958333333
MAPPO strict 1+5 reference,62825600,479967.75,479779.8125
MAPPO strict 1+5 reference,62876800,478652.15625,478535.5104166667
MAPPO strict 1+5 reference,62928000,476986.625,477631.2708333333
MAPPO strict 1+5 reference,62979200,477255.03125,476482.7291666667
MAPPO strict 1+5 reference,63030400,475206.53125,476497.6145833333
MAPPO strict 1+5 reference,63081600,477031.28125,475448.3333333333
MAPPO strict 1+5 reference,63132800,474107.1875,475136.7395833333
MAPPO strict 1+5 reference,63184000,474271.75,474391.5625
MAPPO strict 1+5 reference,63235200,474795.75,474163.0520833333
MAPPO strict 1+5 reference,63286400,473421.65625,474472.4895833333
MAPPO strict 1+5 reference,63337600,475200.0625,474450.125
MAPPO strict 1+5 reference,63388800,474728.65625,474657.9583333333
MAPPO strict 1+5 reference,63440000,474045.15625,474249.9166666667
MAPPO strict 1+5 reference,63491200,473975.9375,474546.8229166667
MAPPO strict 1+5 reference,63542400,475619.375,474873.1875
MAPPO strict 1+5 reference,63593600,475024.25,475487.1979166667
MAPPO strict 1+5 reference,63644800,475817.96875,475278.7291666667
MAPPO strict 1+5 reference,63696000,474993.96875,475341.8541666667
MAPPO strict 1+5 reference,63747200,475213.625,475230.3229166667
MAPPO strict 1+5 reference,63798400,475483.375,475635.8958333333
MAPPO strict 1+5 reference,63849600,476210.6875,476935.0625
MAPPO strict 1+5 reference,63900800,479111.125,477240.78125
MAPPO strict 1+5 reference,63952000,476400.53125,477442.40625
MAPPO strict 1+5 reference,64003200,476815.5625,475984.2708333333
MAPPO strict 1+5 reference,64054400,474736.71875,475508.9895833333
MAPPO strict 1+5 reference,64105600,474974.6875,475938.8958333333
MAPPO strict 1+5 reference,64156800,478105.28125,475993.1979166667
MAPPO strict 1+5 reference,64208000,474899.625,476066.5416666667
MAPPO strict 1+5 reference,64259200,475194.71875,475102.84375
MAPPO strict 1+5 reference,64310400,475214.1875,474577.2916666667
MAPPO strict 1+5 reference,64361600,473322.96875,474328.2291666667
MAPPO strict 1+5 reference,64412800,474447.53125,474735.6770833333
MAPPO strict 1+5 reference,64464000,476436.53125,476360.8645833333
MAPPO strict 1+5 reference,64515200,478198.53125,476597.7604166667
MAPPO strict 1+5 reference,64566400,475158.21875,476950.0625
MAPPO strict 1+5 reference,64617600,477493.4375,476342.71875
MAPPO strict 1+5 reference,64668800,476376.5,477049.3020833333
MAPPO strict 1+5 reference,64720000,477277.96875,477344.34375
MAPPO strict 1+5 reference,64771200,478378.5625,478010.9375
MAPPO strict 1+5 reference,64822400,478376.28125,478498.84375
MAPPO strict 1+5 reference,64873600,478741.6875,477927.53125
MAPPO strict 1+5 reference,64924800,476664.625,477394.7708333333
MAPPO strict 1+5 reference,64976000,476778.0,476815.53125
MAPPO strict 1+5 reference,65027200,477003.96875,476831.3020833333
MAPPO strict 1+5 reference,65078400,476711.9375,476707.8645833333
MAPPO strict 1+5 reference,65129600,476407.6875,476059.0208333333
MAPPO strict 1+5 reference,65180800,475057.4375,475963.5520833333
MAPPO strict 1+5 reference,65232000,476425.53125,476018.75
MAPPO strict 1+5 reference,65283200,476573.28125,477024.8229166667
MAPPO strict 1+5 reference,65334400,478075.65625,477319.9270833333
MAPPO strict 1+5 reference,65385600,477310.84375,477452.6041666667
MAPPO strict 1+5 reference,65436800,476971.3125,477443.4166666667
MAPPO strict 1+5 reference,65488000,478048.09375,477821.5
MAPPO strict 1+5 reference,65539200,478445.09375,477952.84375
MAPPO strict 1+5 reference,65590400,477365.34375,477729.3541666667
MAPPO strict 1+5 reference,65641600,477377.625,476708.75
MAPPO strict 1+5 reference,65692800,475383.28125,476827.40625
MAPPO strict 1+5 reference,65744000,477721.3125,476599.3229166667
MAPPO strict 1+5 reference,65795200,476693.375,477459.6145833333
MAPPO strict 1+5 reference,65846400,477964.15625,477339.9166666667
MAPPO strict 1+5 reference,65897600,477362.21875,477770.3958333333
MAPPO strict 1+5 reference,65948800,477984.8125,477662.1145833333
MAPPO strict 1+5 reference,66000000,477639.3125,477723.28125
MAPPO strict 1+5 reference,66051200,477545.71875,478284.1041666667
MAPPO strict 1+5 reference,66102400,479667.28125,478716.3854166667
MAPPO strict 1+5 reference,66153600,478936.15625,479032.8645833333
MAPPO strict 1+5 reference,66204800,478495.15625,478116.3541666667
MAPPO strict 1+5 reference,66256000,476917.75,477579.1666666667
MAPPO strict 1+5 reference,66307200,477324.59375,477749.2916666667
MAPPO strict 1+5 reference,66358400,479005.53125,478944.5
MAPPO strict 1+5 reference,66409600,480503.375,480856.40625
MAPPO strict 1+5 reference,66460800,483060.3125,481486.8125
MAPPO strict 1+5 reference,66512000,480896.75,481280.8958333333
MAPPO strict 1+5 reference,66563200,479885.625,480632.8125
MAPPO strict 1+5 reference,66614400,481116.0625,480520.7916666667
MAPPO strict 1+5 reference,66665600,480560.6875,480044.9479166667
MAPPO strict 1+5 reference,66716800,478458.09375,479983.78125
MAPPO strict 1+5 reference,66768000,480932.5625,479924.2916666667
MAPPO strict 1+5 reference,66819200,480382.21875,481121.125
MAPPO strict 1+5 reference,66870400,482048.59375,481786.1458333333
MAPPO strict 1+5 reference,66921600,482927.625,481358.09375
MAPPO strict 1+5 reference,66972800,479098.0625,480119.84375
MAPPO strict 1+5 reference,67024000,478333.84375,478425.40625
MAPPO strict 1+5 reference,67075200,477844.3125,477604.5208333333
MAPPO strict 1+5 reference,67126400,476635.40625,477181.4895833333
MAPPO strict 1+5 reference,67177600,477064.75,477006.6458333333
MAPPO strict 1+5 reference,67228800,477319.78125,477714.7916666667
MAPPO strict 1+5 reference,67280000,478759.84375,478792.2083333333
MAPPO strict 1+5 reference,67331200,480297.0,479996.8958333333
MAPPO strict 1+5 reference,67382400,480933.84375,481525.1145833333
MAPPO strict 1+5 reference,67433600,483344.5,482817.5625
MAPPO strict 1+5 reference,67484800,484174.34375,482975.9375
MAPPO strict 1+5 reference,67536000,481408.96875,482316.1875
MAPPO strict 1+5 reference,67587200,481365.25,481734.625
MAPPO strict 1+5 reference,67638400,482429.65625,481943.5
MAPPO strict 1+5 reference,67689600,482035.59375,481823.1458333333
MAPPO strict 1+5 reference,67740800,481004.1875,480761.78125
MAPPO strict 1+5 reference,67792000,479245.5625,480090.3229166667
MAPPO strict 1+5 reference,67843200,480021.21875,479541.53125
MAPPO strict 1+5 reference,67894400,479357.8125,479690.1770833333
MAPPO strict 1+5 reference,67945600,479691.5,479570.125
MAPPO strict 1+5 reference,67996800,479661.0625,479293.2083333333
MAPPO strict 1+5 reference,68048000,478527.0625,479120.4166666667
MAPPO strict 1+5 reference,68099200,479173.125,479722.3854166667
MAPPO strict 1+5 reference,68150400,481466.96875,481044.2916666667
MAPPO strict 1+5 reference,68201600,482492.78125,481529.5208333333
MAPPO strict 1+5 reference,68252800,480628.8125,481009.7708333333
MAPPO strict 1+5 reference,68304000,479907.71875,480317.3958333333
MAPPO strict 1+5 reference,68355200,480415.65625,479550.6145833333
MAPPO strict 1+5 reference,68406400,478328.46875,479451.5520833333
MAPPO strict 1+5 reference,68457600,479610.53125,479429.3125
MAPPO strict 1+5 reference,68508800,480348.9375,480442.2916666667
MAPPO strict 1+5 reference,68560000,481367.40625,481534.25
MAPPO strict 1+5 reference,68611200,482886.40625,481818.9895833333
MAPPO strict 1+5 reference,68662400,481203.15625,481265.5625
MAPPO strict 1+5 reference,68713600,479707.125,480015.2395833333
MAPPO strict 1+5 reference,68764800,479135.4375,479652.53125
MAPPO strict 1+5 reference,68816000,480115.03125,479442.2395833333
MAPPO strict 1+5 reference,68867200,479076.25,479735.7604166667
MAPPO strict 1+5 reference,68918400,480016.0,478685.7604166667
MAPPO strict 1+5 reference,68969600,476965.03125,478701.8854166667
MAPPO strict 1+5 reference,69020800,479124.625,478854.7291666667
MAPPO strict 1+5 reference,69072000,480474.53125,479886.3854166667
MAPPO strict 1+5 reference,69123200,480060.0,479897.9479166667
MAPPO strict 1+5 reference,69174400,479159.3125,479713.5
MAPPO strict 1+5 reference,69225600,479921.1875,479511.6145833333
MAPPO strict 1+5 reference,69276800,479454.34375,479601.875
MAPPO strict 1+5 reference,69328000,479430.09375,479811.03125
MAPPO strict 1+5 reference,69379200,480548.65625,480466.7916666667
MAPPO strict 1+5 reference,69430400,481421.625,481266.7916666667
MAPPO strict 1+5 reference,69481600,481830.09375,481583.0729166667
MAPPO strict 1+5 reference,69532800,481497.5,481489.1041666667
MAPPO strict 1+5 reference,69584000,481139.71875,481077.1354166667
MAPPO strict 1+5 reference,69635200,480594.1875,480865.25
MAPPO strict 1+5 reference,69686400,480861.84375,481666.5416666667
MAPPO strict 1+5 reference,69737600,483543.59375,481941.4375
MAPPO strict 1+5 reference,69788800,481418.875,482798.8125
MAPPO strict 1+5 reference,69840000,483433.96875,483487.8645833333
MAPPO strict 1+5 reference,69891200,485610.75,483269.21875
MAPPO strict 1+5 reference,69942400,480762.9375,483099.625
MAPPO strict 1+5 reference,69993600,482925.1875,482278.1145833333
MAPPO strict 1+5 reference,70044800,483146.21875,482817.9479166667
MAPPO strict 1+5 reference,70096000,482382.4375,483306.5208333333
MAPPO strict 1+5 reference,70147200,484390.90625,482867.0833333333
MAPPO strict 1+5 reference,70198400,481827.90625,482367.4895833333
MAPPO strict 1+5 reference,70249600,480883.65625,481380.5520833333
MAPPO strict 1+5 reference,70300800,481430.09375,481820.3958333333
MAPPO strict 1+5 reference,70352000,483147.4375,482360.28125
MAPPO strict 1+5 reference,70403200,482503.3125,481996.2604166667
MAPPO strict 1+5 reference,70454400,480338.03125,481349.5416666667
MAPPO strict 1+5 reference,70505600,481207.28125,481072.53125
MAPPO strict 1+5 reference,70556800,481672.28125,482380.2916666667
MAPPO strict 1+5 reference,70608000,484261.3125,482750.9791666667
MAPPO strict 1+5 reference,70659200,482319.34375,484013.7083333333
MAPPO strict 1+5 reference,70710400,485460.46875,483493.4791666667
MAPPO strict 1+5 reference,70761600,482700.625,484309.625
MAPPO strict 1+5 reference,70812800,484767.78125,484286.1770833333
MAPPO strict 1+5 reference,70864000,485390.125,484863.0416666667
MAPPO strict 1+5 reference,70915200,484431.21875,484169.15625
MAPPO strict 1+5 reference,70966400,482686.125,483459.0833333333
MAPPO strict 1+5 reference,71017600,483259.90625,482474.2395833333
MAPPO strict 1+5 reference,71068800,481476.6875,481329.4895833333
MAPPO strict 1+5 reference,71120000,479251.875,480054.71875
MAPPO strict 1+5 reference,71171200,479435.59375,479472.4583333333
MAPPO strict 1+5 reference,71222400,479729.90625,479225.0833333333
MAPPO strict 1+5 reference,71273600,478509.75,478981.9166666667
MAPPO strict 1+5 reference,71324800,478706.09375,478711.3229166667
MAPPO strict 1+5 reference,71376000,478918.125,478550.46875
MAPPO strict 1+5 reference,71427200,478027.1875,477888.6041666667
MAPPO strict 1+5 reference,71478400,476720.5,477981.0520833333
MAPPO strict 1+5 reference,71529600,479195.46875,477860.6770833333
MAPPO strict 1+5 reference,71580800,477666.0625,478906.9375
MAPPO strict 1+5 reference,71632000,479859.28125,479616.75
MAPPO strict 1+5 reference,71683200,481324.90625,480191.40625
MAPPO strict 1+5 reference,71734400,479390.03125,480495.8541666667
MAPPO strict 1+5 reference,71785600,480772.625,480539.6041666667
MAPPO strict 1+5 reference,71836800,481456.15625,481235.9895833333
MAPPO strict 1+5 reference,71888000,481479.1875,481348.1770833333
MAPPO strict 1+5 reference,71939200,481109.1875,481598.7708333333
MAPPO strict 1+5 reference,71990400,482207.9375,482228.5833333333
MAPPO strict 1+5 reference,72041600,483368.625,482685.1979166667
MAPPO strict 1+5 reference,72092800,482479.03125,482622.96875
MAPPO strict 1+5 reference,72144000,482021.25,482241.4583333333
MAPPO strict 1+5 reference,72195200,482224.09375,481780.2395833333
MAPPO strict 1+5 reference,72246400,481095.375,481579.3541666667
MAPPO strict 1+5 reference,72297600,481418.59375,480816.59375
MAPPO strict 1+5 reference,72348800,479935.8125,480824.53125
MAPPO strict 1+5 reference,72400000,481119.1875,481043.1666666667
MAPPO strict 1+5 reference,72451200,482074.5,481693.3333333333
MAPPO strict 1+5 reference,72502400,481886.3125,482069.75
MAPPO strict 1+5 reference,72553600,482248.4375,481687.8958333333
MAPPO strict 1+5 reference,72604800,480928.9375,481727.1458333333
MAPPO strict 1+5 reference,72656000,482004.0625,481957.1875
MAPPO strict 1+5 reference,72707200,482938.5625,483056.0729166667
MAPPO strict 1+5 reference,72758400,484225.59375,484008.1666666667
MAPPO strict 1+5 reference,72809600,484860.34375,484645.0520833333
MAPPO strict 1+5 reference,72860800,484849.21875,484668.875
MAPPO strict 1+5 reference,72912000,484297.0625,485213.15625
MAPPO strict 1+5 reference,72963200,486493.1875,485089.6979166667
MAPPO strict 1+5 reference,73014400,484478.84375,484991.2708333333
MAPPO strict 1+5 reference,73065600,484001.78125,484581.6354166667
MAPPO strict 1+5 reference,73116800,485264.28125,484240.71875
MAPPO strict 1+5 reference,73168000,483456.09375,484529.59375
MAPPO strict 1+5 reference,73219200,484868.40625,484117.8229166667
MAPPO strict 1+5 reference,73270400,484028.96875,483886.4791666667
MAPPO strict 1+5 reference,73321600,482762.0625,483849.5625
MAPPO strict 1+5 reference,73372800,484757.65625,484221.7291666667
MAPPO strict 1+5 reference,73424000,485145.46875,484641.71875
MAPPO strict 1+5 reference,73475200,484022.03125,485185.3229166667
MAPPO strict 1+5 reference,73526400,486388.46875,485494.96875
MAPPO strict 1+5 reference,73577600,486074.40625,486270.53125
MAPPO strict 1+5 reference,73628800,486348.71875,486988.65625
MAPPO strict 1+5 reference,73680000,488542.84375,487819.21875
MAPPO strict 1+5 reference,73731200,488566.09375,488814.75
MAPPO strict 1+5 reference,73782400,489335.3125,489305.40625
MAPPO strict 1+5 reference,73833600,490014.8125,489375.0208333333
MAPPO strict 1+5 reference,73884800,488774.9375,489417.4270833333
MAPPO strict 1+5 reference,73936000,489462.53125,488247.375
MAPPO strict 1+5 reference,73987200,486504.65625,487521.8229166667
MAPPO strict 1+5 reference,74038400,486598.28125,485219.8125
MAPPO strict 1+5 reference,74089600,482556.5,484267.90625
MAPPO strict 1+5 reference,74140800,483648.9375,482487.6770833333
MAPPO strict 1+5 reference,74192000,481257.59375,481751.59375
MAPPO strict 1+5 reference,74243200,480348.25,480328.9895833333
MAPPO strict 1+5 reference,74294400,479381.125,480346.1145833333
MAPPO strict 1+5 reference,74345600,481308.96875,480029.3229166667
MAPPO strict 1+5 reference,74396800,479397.875,481005.53125
MAPPO strict 1+5 reference,74448000,482309.75,481072.53125
MAPPO strict 1+5 reference,74499200,481509.96875,481760.9270833333
MAPPO strict 1+5 reference,74550400,481463.0625,481478.9270833333
MAPPO strict 1+5 reference,74601600,481463.75,481282.7395833333
MAPPO strict 1+5 reference,74652800,480921.40625,480927.6875
MAPPO strict 1+5 reference,74704000,480397.90625,480525.8854166667
MAPPO strict 1+5 reference,74755200,480258.34375,480410.7291666667
MAPPO strict 1+5 reference,74806400,480575.9375,480839.3645833333
MAPPO strict 1+5 reference,74857600,481683.8125,481315.59375
MAPPO strict 1+5 reference,74908800,481687.03125,481287.6354166667
MAPPO strict 1+5 reference,74960000,480492.0625,481552.71875
MAPPO strict 1+5 reference,75011200,482479.0625,481477.625
MAPPO strict 1+5 reference,75062400,481461.75,481764.6145833333
MAPPO strict 1+5 reference,75113600,481353.03125,482099.5
MAPPO strict 1+5 reference,75164800,483483.71875,482181.5625
MAPPO strict 1+5 reference,75216000,481707.9375,482503.8020833333
MAPPO strict 1+5 reference,75267200,482319.75,481344.5520833333
MAPPO strict 1+5 reference,75318400,480005.96875,481303.0104166667
MAPPO strict 1+5 reference,75369600,481583.3125,480918.71875
MAPPO strict 1+5 reference,75420800,481166.875,481365.9583333333
MAPPO strict 1+5 reference,75472000,481347.6875,481286.6354166667
MAPPO strict 1+5 reference,75523200,481345.34375,481468.6354166667
MAPPO strict 1+5 reference,75574400,481712.875,481699.4270833333
MAPPO strict 1+5 reference,75625600,482040.0625,481531.5416666667
MAPPO strict 1+5 reference,75676800,480841.6875,480593.6354166667
MAPPO strict 1+5 reference,75728000,478899.15625,479299.7708333333
MAPPO strict 1+5 reference,75779200,478158.46875,478431.53125
MAPPO strict 1+5 reference,75830400,478236.96875,478576.5520833333
MAPPO strict 1+5 reference,75881600,479334.21875,478476.65625
MAPPO strict 1+5 reference,75932800,477858.78125,478316.2083333333
MAPPO strict 1+5 reference,75984000,477755.625,478524.65625
MAPPO strict 1+5 reference,76035200,479959.5625,479260.2395833333
MAPPO strict 1+5 reference,76086400,480065.53125,479533.1979166667
MAPPO strict 1+5 reference,76137600,478574.5,479226.40625
MAPPO strict 1+5 reference,76188800,479039.1875,479196.6875
MAPPO strict 1+5 reference,76240000,479976.375,479793.875
MAPPO strict 1+5 reference,76291200,480366.0625,480308.1875
MAPPO strict 1+5 reference,76342400,480582.125,480389.7708333333
MAPPO strict 1+5 reference,76393600,480221.125,480258.7708333333
MAPPO strict 1+5 reference,76444800,479973.0625,480510.09375
MAPPO strict 1+5 reference,76496000,481336.09375,480477.6979166667
MAPPO strict 1+5 reference,76547200,480123.9375,480749.25
MAPPO strict 1+5 reference,76598400,480787.71875,480766.9583333333
MAPPO strict 1+5 reference,76649600,481389.21875,481430.9895833333
MAPPO strict 1+5 reference,76700800,482116.03125,481928.34375
MAPPO strict 1+5 reference,76752000,482279.78125,482605.3229166667
MAPPO strict 1+5 reference,76803200,483420.15625,482744.2708333333
MAPPO strict 1+5 reference,76854400,482532.875,483487.3854166667
MAPPO strict 1+5 reference,76905600,484509.125,482587.15625
MAPPO strict 1+5 reference,76956800,480719.46875,482850.40625
MAPPO strict 1+5 reference,77008000,483322.625,482418.59375
MAPPO strict 1+5 reference,77059200,483213.6875,482966.2395833333
MAPPO strict 1+5 reference,77110400,482362.40625,482772.3333333333
MAPPO strict 1+5 reference,77161600,482740.90625,482373.8333333333
MAPPO strict 1+5 reference,77212800,482018.1875,482688.0833333333
MAPPO strict 1+5 reference,77264000,483305.15625,483106.0104166667
MAPPO strict 1+5 reference,77315200,483994.6875,483322.9895833333
MAPPO strict 1+5 reference,77366400,482669.125,483360.9791666667
MAPPO strict 1+5 reference,77417600,483419.125,482859.4791666667
MAPPO strict 1+5 reference,77468800,482490.1875,482968.8125
MAPPO strict 1+5 reference,77520000,482997.125,483277.34375
MAPPO strict 1+5 reference,77571200,484344.71875,483740.0416666667
MAPPO strict 1+5 reference,77622400,483878.28125,484319.1041666667
MAPPO strict 1+5 reference,77673600,484734.3125,484342.8020833333
MAPPO strict 1+5 reference,77724800,484415.8125,483598.0
MAPPO strict 1+5 reference,77776000,481643.875,483195.5416666667
MAPPO strict 1+5 reference,77827200,483526.9375,481864.6041666667
MAPPO strict 1+5 reference,77878400,480423.0,481436.5729166667
MAPPO strict 1+5 reference,77929600,480359.78125,480496.71875
MAPPO strict 1+5 reference,77980800,480707.375,480519.1354166667
MAPPO strict 1+5 reference,78032000,480490.25,480329.3229166667
MAPPO strict 1+5 reference,78083200,479790.34375,479832.65625
MAPPO strict 1+5 reference,78134400,479217.375,479572.84375
MAPPO strict 1+5 reference,78185600,479710.8125,479300.3958333333
MAPPO strict 1+5 reference,78236800,478973.0,479715.4479166667
MAPPO strict 1+5 reference,78288000,480462.53125,479815.375
MAPPO strict 1+5 reference,78339200,480010.59375,480341.40625
MAPPO strict 1+5 reference,78390400,480551.09375,480104.4583333333
MAPPO strict 1+5 reference,78441600,479751.6875,479659.3229166667
MAPPO strict 1+5 reference,78492800,478675.1875,479039.6666666667
MAPPO strict 1+5 reference,78544000,478692.125,478911.7708333333
MAPPO strict 1+5 reference,78595200,479368.0,478814.71875
MAPPO strict 1+5 reference,78646400,478384.03125,478285.5416666667
MAPPO strict 1+5 reference,78697600,477104.59375,477204.46875
MAPPO strict 1+5 reference,78748800,476124.78125,476982.6145833333
MAPPO strict 1+5 reference,78800000,477718.46875,476855.1666666667
MAPPO strict 1+5 reference,78851200,476722.25,477171.7083333333
MAPPO strict 1+5 reference,78902400,477074.40625,476916.0208333333
MAPPO strict 1+5 reference,78953600,476951.40625,477296.8958333333
MAPPO strict 1+5 reference,79004800,477864.875,477088.7395833333
MAPPO strict 1+5 reference,79056000,476449.9375,477266.6041666667
MAPPO strict 1+5 reference,79107200,477485.0,477630.1354166667
MAPPO strict 1+5 reference,79158400,478955.46875,478569.2291666667
MAPPO strict 1+5 reference,79209600,479267.21875,479021.3958333333
MAPPO strict 1+5 reference,79260800,478841.5,479299.6354166667
MAPPO strict 1+5 reference,79312000,479790.1875,480408.4375
MAPPO strict 1+5 reference,79363200,482593.625,481839.3958333333
MAPPO strict 1+5 reference,79414400,483134.375,482584.2291666667
MAPPO strict 1+5 reference,79465600,482024.6875,482410.0729166667
MAPPO strict 1+5 reference,79516800,482071.15625,482668.75
MAPPO strict 1+5 reference,79568000,483910.40625,483227.34375
MAPPO strict 1+5 reference,79619200,483700.46875,483935.25
MAPPO strict 1+5 reference,79670400,484194.875,483910.9270833333
MAPPO strict 1+5 reference,79721600,483837.4375,483831.03125
MAPPO strict 1+5 reference,79772800,483460.78125,483429.9375
MAPPO strict 1+5 reference,79824000,482991.59375,483921.6875
MAPPO strict 1+5 reference,79875200,485312.6875,484249.28125
MAPPO strict 1+5 reference,79926400,484443.5625,484545.3541666667
MAPPO strict 1+5 reference,79977600,483879.8125,483833.875
MAPPO strict 1+5 reference,80028800,483178.25,483268.9479166667
MAPPO strict 1+5 reference,80080000,482748.78125,483183.125
MAPPO strict 1+5 reference,80131200,483622.34375,483664.03125
MAPPO strict 1+5 reference,80182400,484620.96875,484212.125
MAPPO strict 1+5 reference,80233600,484393.0625,484198.3854166667
MAPPO strict 1+5 reference,80284800,483581.125,483395.9375
MAPPO strict 1+5 reference,80336000,482213.625,482768.5729166667
MAPPO strict 1+5 reference,80387200,482510.96875,482275.7916666667
MAPPO strict 1+5 reference,80438400,482102.78125,482682.25
MAPPO strict 1+5 reference,80489600,483433.0,482963.8854166667
MAPPO strict 1+5 reference,80540800,483355.875,483426.1041666667
MAPPO strict 1+5 reference,80592000,483489.4375,483063.7291666667
MAPPO strict 1+5 reference,80643200,482345.875,482918.6458333333
MAPPO strict 1+5 reference,80694400,482920.625,483300.8333333333
MAPPO strict 1+5 reference,80745600,484636.0,483750.6354166667
MAPPO strict 1+5 reference,80796800,483695.28125,483875.1145833333
MAPPO strict 1+5 reference,80848000,483294.0625,483999.5520833333
MAPPO strict 1+5 reference,80899200,485009.3125,483444.9479166667
MAPPO strict 1+5 reference,80950400,482031.46875,483695.4791666667
MAPPO strict 1+5 reference,81001600,484045.65625,483294.2604166667
MAPPO strict 1+5 reference,81052800,483805.65625,483909.8229166667
MAPPO strict 1+5 reference,81104000,483878.15625,482968.6979166667
MAPPO strict 1+5 reference,81155200,481222.28125,482818.71875
MAPPO strict 1+5 reference,81206400,483355.71875,482827.0729166667
MAPPO strict 1+5 reference,81257600,483903.21875,483738.3645833333
MAPPO strict 1+5 reference,81308800,483956.15625,483847.875
MAPPO strict 1+5 reference,81360000,483684.25,482916.46875
MAPPO strict 1+5 reference,81411200,481109.0,481999.1041666667
MAPPO strict 1+5 reference,81462400,481204.0625,481558.9479166667
MAPPO strict 1+5 reference,81513600,482363.78125,482568.1145833333
MAPPO strict 1+5 reference,81564800,484136.5,482737.78125
MAPPO strict 1+5 reference,81616000,481713.0625,482539.3125
MAPPO strict 1+5 reference,81667200,481768.375,482462.3645833333
MAPPO strict 1+5 reference,81718400,483905.65625,483185.8125
MAPPO strict 1+5 reference,81769600,483883.40625,484579.40625
MAPPO strict 1+5 reference,81820800,485949.15625,484940.5625
MAPPO strict 1+5 reference,81872000,484989.125,485674.4791666667
MAPPO strict 1+5 reference,81923200,486085.15625,485637.8229166667
MAPPO strict 1+5 reference,81974400,485839.1875,485332.9166666667
MAPPO strict 1+5 reference,82025600,484074.40625,484528.2083333333
MAPPO strict 1+5 reference,82076800,483671.03125,484227.4479166667
MAPPO strict 1+5 reference,82128000,484936.90625,484496.2291666667
MAPPO strict 1+5 reference,82179200,484880.75,484603.8541666667
MAPPO strict 1+5 reference,82230400,483993.90625,484485.3333333333
MAPPO strict 1+5 reference,82281600,484581.34375,484863.21875
MAPPO strict 1+5 reference,82332800,486014.40625,485419.0520833333
MAPPO strict 1+5 reference,82384000,485661.40625,485434.0729166667
MAPPO strict 1+5 reference,82435200,484626.40625,484822.3958333333
MAPPO strict 1+5 reference,82486400,484179.375,484257.625
MAPPO strict 1+5 reference,82537600,483967.09375,483822.5729166667
MAPPO strict 1+5 reference,82588800,483321.25,483505.8645833333
MAPPO strict 1+5 reference,82640000,483229.25,483341.3333333333
MAPPO strict 1+5 reference,82691200,483473.5,483827.8229166667
MAPPO strict 1+5 reference,82742400,484780.71875,484145.1458333333
MAPPO strict 1+5 reference,82793600,484181.21875,484578.3645833333
MAPPO strict 1+5 reference,82844800,484773.15625,484468.1354166667
MAPPO strict 1+5 reference,82896000,484450.03125,484085.3125
MAPPO strict 1+5 reference,82947200,483032.75,483577.5729166667
MAPPO strict 1+5 reference,82998400,483249.9375,483298.0
MAPPO strict 1+5 reference,83049600,483611.3125,482865.1770833333
MAPPO strict 1+5 reference,83100800,481734.28125,482099.7395833333
MAPPO strict 1+5 reference,83152000,480953.625,481325.8020833333
MAPPO strict 1+5 reference,83203200,481289.5,481628.3020833333
MAPPO strict 1+5 reference,83254400,482641.78125,481743.0104166667
MAPPO strict 1+5 reference,83305600,481297.75,482317.1979166667
MAPPO strict 1+5 reference,83356800,483012.0625,482614.9375
MAPPO strict 1+5 reference,83408000,483535.0,483246.1875
MAPPO strict 1+5 reference,83459200,483191.5,483329.4895833333
MAPPO strict 1+5 reference,83510400,483261.96875,483263.7395833333
MAPPO strict 1+5 reference,83561600,483337.75,483432.8229166667
MAPPO strict 1+5 reference,83612800,483698.75,483728.28125
MAPPO strict 1+5 reference,83664000,484148.34375,483429.0416666667
MAPPO strict 1+5 reference,83715200,482440.03125,482361.6875
MAPPO strict 1+5 reference,83766400,480496.6875,481567.4791666667
MAPPO strict 1+5 reference,83817600,481765.71875,481626.4166666667
MAPPO strict 1+5 reference,83868800,482616.84375,481746.75
MAPPO strict 1+5 reference,83920000,480857.6875,481763.3020833333
MAPPO strict 1+5 reference,83971200,481815.375,481649.5625
MAPPO strict 1+5 reference,84022400,482275.625,481976.0833333333
MAPPO strict 1+5 reference,84073600,481837.25,482036.9791666667
MAPPO strict 1+5 reference,84124800,481998.0625,481018.2916666667
MAPPO strict 1+5 reference,84176000,479219.5625,480480.25
MAPPO strict 1+5 reference,84227200,480223.125,479534.2916666667
MAPPO strict 1+5 reference,84278400,479160.1875,479497.0625
MAPPO strict 1+5 reference,84329600,479107.875,478774.3125
MAPPO strict 1+5 reference,84380800,478054.875,478803.5520833333
MAPPO strict 1+5 reference,84432000,479247.90625,478708.3541666667
MAPPO strict 1+5 reference,84483200,478822.28125,478961.6354166667
MAPPO strict 1+5 reference,84534400,478814.71875,478779.9895833333
MAPPO strict 1+5 reference,84585600,478702.96875,478476.7291666667
MAPPO strict 1+5 reference,84636800,477912.5,478560.4583333333
MAPPO strict 1+5 reference,84688000,479065.90625,478591.4895833333
MAPPO strict 1+5 reference,84739200,478796.0625,478549.875
MAPPO strict 1+5 reference,84790400,477787.65625,477618.0
MAPPO strict 1+5 reference,84841600,476270.28125,476894.4895833333
MAPPO strict 1+5 reference,84892800,476625.53125,476659.6666666667
MAPPO strict 1+5 reference,84944000,477083.1875,477073.4375
MAPPO strict 1+5 reference,84995200,477511.59375,476948.90625
MAPPO strict 1+5 reference,85046400,476251.9375,476791.2708333333
MAPPO strict 1+5 reference,85097600,476610.28125,476467.3645833333
MAPPO strict 1+5 reference,85148800,476539.875,476027.7083333333
MAPPO strict 1+5 reference,85200000,474932.96875,476473.5833333333
MAPPO strict 1+5 reference,85251200,477947.90625,476031.7604166667
MAPPO strict 1+5 reference,85302400,475214.40625,476974.9166666667
MAPPO strict 1+5 reference,85353600,477762.4375,477150.0833333333
MAPPO strict 1+5 reference,85404800,478473.40625,477842.9375
MAPPO strict 1+5 reference,85456000,477292.96875,477873.3020833333
MAPPO strict 1+5 reference,85507200,477853.53125,477121.21875
MAPPO strict 1+5 reference,85558400,476217.15625,477101.65625
MAPPO strict 1+5 reference,85609600,477234.28125,477696.5208333333
MAPPO strict 1+5 reference,85660800,479638.125,478474.5104166667
MAPPO strict 1+5 reference,85712000,478551.125,478601.375
MAPPO strict 1+5 reference,85763200,477614.875,478431.8333333333
MAPPO strict 1+5 reference,85814400,479129.5,479397.9583333333
MAPPO strict 1+5 reference,85865600,481449.5,481062.125
MAPPO strict 1+5 reference,85916800,482607.375,482276.90625
MAPPO strict 1+5 reference,85968000,482773.84375,482094.375
MAPPO strict 1+5 reference,86019200,480901.90625,481721.8125
MAPPO strict 1+5 reference,86070400,481489.6875,482040.59375
MAPPO strict 1+5 reference,86121600,483730.1875,483399.7604166667
MAPPO strict 1+5 reference,86172800,484979.40625,484962.2083333333
MAPPO strict 1+5 reference,86224000,486177.03125,486163.7083333333
MAPPO strict 1+5 reference,86275200,487334.6875,486020.2395833333
MAPPO strict 1+5 reference,86326400,484549.0,485572.6875
MAPPO strict 1+5 reference,86377600,484834.375,484547.09375
MAPPO strict 1+5 reference,86428800,484257.90625,484539.1979166667
MAPPO strict 1+5 reference,86480000,484525.3125,484204.8125
MAPPO strict 1+5 reference,86531200,483831.21875,484328.2708333333
MAPPO strict 1+5 reference,86582400,484628.28125,485063.1145833333
MAPPO strict 1+5 reference,86633600,486729.84375,485763.15625
MAPPO strict 1+5 reference,86684800,485931.34375,486224.6145833333
MAPPO strict 1+5 reference,86736000,486012.65625,485948.8229166667
MAPPO strict 1+5 reference,86787200,485902.46875,485239.4479166667
MAPPO strict 1+5 reference,86838400,483803.21875,485208.6666666667
MAPPO strict 1+5 reference,86889600,485920.3125,485684.8229166667
MAPPO strict 1+5 reference,86940800,487330.9375,486237.8020833333
MAPPO strict 1+5 reference,86992000,485462.15625,486139.9479166667
MAPPO strict 1+5 reference,87043200,485626.75,485781.1770833333
MAPPO strict 1+5 reference,87094400,486254.625,486248.6145833333
MAPPO strict 1+5 reference,87145600,486864.46875,486568.0520833333
MAPPO strict 1+5 reference,87196800,486585.0625,486038.03125
MAPPO strict 1+5 reference,87248000,484664.5625,485544.0520833333
MAPPO strict 1+5 reference,87299200,485382.53125,485405.96875
MAPPO strict 1+5 reference,87350400,486170.8125,486639.4895833333
MAPPO strict 1+5 reference,87401600,488365.125,487392.78125
MAPPO strict 1+5 reference,87452800,487642.40625,488121.4479166667
MAPPO strict 1+5 reference,87504000,488356.8125,488026.2604166667
MAPPO strict 1+5 reference,87555200,488079.5625,488075.7291666667
MAPPO strict 1+5 reference,87606400,487790.8125,488423.1041666667
MAPPO strict 1+5 reference,87657600,489398.9375,488892.4375
MAPPO strict 1+5 reference,87708800,489487.5625,489749.0
MAPPO strict 1+5 reference,87760000,490360.5,489947.125
MAPPO strict 1+5 reference,87811200,489993.3125,489763.0416666667
MAPPO strict 1+5 reference,87862400,488935.3125,489452.1041666667
MAPPO strict 1+5 reference,87913600,489427.6875,489055.4479166667
MAPPO strict 1+5 reference,87964800,488803.34375,488839.9895833333
MAPPO strict 1+5 reference,88016000,488288.9375,488101.2604166667
MAPPO strict 1+5 reference,88067200,487211.5,487779.84375
MAPPO strict 1+5 reference,88118400,487839.09375,487875.9791666667
MAPPO strict 1+5 reference,88169600,488577.34375,488591.625
MAPPO strict 1+5 reference,88220800,489358.4375,488834.7395833333
MAPPO strict 1+5 reference,88272000,488568.4375,488830.1666666667
MAPPO strict 1+5 reference,88323200,488563.625,488420.6354166667
MAPPO strict 1+5 reference,88374400,488129.84375,488712.1354166667
MAPPO strict 1+5 reference,88425600,489442.9375,488772.0625
MAPPO strict 1+5 reference,88476800,488743.40625,488966.4791666667
MAPPO strict 1+5 reference,88528000,488713.09375,488234.7916666667
MAPPO strict 1+5 reference,88579200,487247.875,487641.2916666667
MAPPO strict 1+5 reference,88630400,486962.90625,486566.9479166667
MAPPO strict 1+5 reference,88681600,485490.0625,486616.6354166667
MAPPO strict 1+5 reference,88732800,487396.9375,486656.1666666667
MAPPO strict 1+5 reference,88784000,487081.5,487008.90625
MAPPO strict 1+5 reference,88835200,486548.28125,486533.7708333333
MAPPO strict 1+5 reference,88886400,485971.53125,486439.9791666667
MAPPO strict 1+5 reference,88937600,486800.125,486952.625
MAPPO strict 1+5 reference,88988800,488086.21875,487003.3854166667
MAPPO strict 1+5 reference,89040000,486123.8125,486976.375
MAPPO strict 1+5 reference,89091200,486719.09375,486337.875
MAPPO strict 1+5 reference,89142400,486170.71875,485845.4895833333
MAPPO strict 1+5 reference,89193600,484646.65625,485188.9583333333
MAPPO strict 1+5 reference,89244800,484749.5,484856.6041666667
MAPPO strict 1+5 reference,89296000,485173.65625,484452.6354166667
MAPPO strict 1+5 reference,89347200,483434.75,483713.25
MAPPO strict 1+5 reference,89398400,482531.34375,483459.4583333333
MAPPO strict 1+5 reference,89449600,484412.28125,484015.1875
MAPPO strict 1+5 reference,89500800,485101.9375,484617.4583333333
MAPPO strict 1+5 reference,89552000,484338.15625,484053.4583333333
MAPPO strict 1+5 reference,89603200,482720.28125,483967.1979166667
MAPPO strict 1+5 reference,89654400,484843.15625,483699.09375
MAPPO strict 1+5 reference,89705600,483533.84375,483873.2083333333
MAPPO strict 1+5 reference,89756800,483242.625,483182.2604166667
MAPPO strict 1+5 reference,89808000,482770.3125,483181.0
MAPPO strict 1+5 reference,89859200,483530.0625,483034.0520833333
MAPPO strict 1+5 reference,89910400,482801.78125,483104.4270833333
MAPPO strict 1+5 reference,89961600,482981.4375,482284.6041666667
MAPPO strict 1+5 reference,90012800,481070.59375,481392.6458333333
MAPPO strict 1+5 reference,90064000,480125.90625,479844.9583333333
MAPPO strict 1+5 reference,90115200,478338.375,479578.2291666667
MAPPO strict 1+5 reference,90166400,480270.40625,479369.4895833333
MAPPO strict 1+5 reference,90217600,479499.6875,479723.2604166667
MAPPO strict 1+5 reference,90268800,479399.6875,478126.125
MAPPO strict 1+5 reference,90320000,475479.0,476580.46875
MAPPO strict 1+5 reference,90371200,474862.71875,475476.4895833333
MAPPO strict 1+5 reference,90422400,476087.75,475926.3229166667
MAPPO strict 1+5 reference,90473600,476828.5,476552.9895833333
MAPPO strict 1+5 reference,90524800,476742.71875,476880.03125
MAPPO strict 1+5 reference,90576000,477068.875,477349.8541666667
MAPPO strict 1+5 reference,90627200,478237.96875,478043.90625
MAPPO strict 1+5 reference,90678400,478824.875,478639.9270833333
MAPPO strict 1+5 reference,90729600,478856.9375,480005.6979166667
MAPPO strict 1+5 reference,90780800,482335.28125,480776.90625
MAPPO strict 1+5 reference,90832000,481138.5,482164.1041666667
MAPPO strict 1+5 reference,90883200,483018.53125,482669.5729166667
MAPPO strict 1+5 reference,90934400,483851.6875,483927.1979166667
MAPPO strict 1+5 reference,90985600,484911.375,484485.3958333333
MAPPO strict 1+5 reference,91036800,484693.125,485088.75
MAPPO strict 1+5 reference,91088000,485661.75,485574.1875
MAPPO strict 1+5 reference,91139200,486367.6875,487080.3854166667
MAPPO strict 1+5 reference,91190400,489211.71875,488292.8333333333
MAPPO strict 1+5 reference,91241600,489299.09375,489268.28125
MAPPO strict 1+5 reference,91292800,489294.03125,489166.1666666667
MAPPO strict 1+5 reference,91344000,488905.375,489316.03125
MAPPO strict 1+5 reference,91395200,489748.6875,489432.3958333333
MAPPO strict 1+5 reference,91446400,489643.125,489654.2604166667
MAPPO strict 1+5 reference,91497600,489570.96875,489693.4270833333
MAPPO strict 1+5 reference,91548800,489866.1875,489914.65625
MAPPO strict 1+5 reference,91600000,490306.8125,489984.9583333333
MAPPO strict 1+5 reference,91651200,489781.875,489446.8333333333
MAPPO strict 1+5 reference,91702400,488251.8125,489159.78125
MAPPO strict 1+5 reference,91753600,489445.65625,489520.1041666667
MAPPO strict 1+5 reference,91804800,490862.84375,490337.5625
MAPPO strict 1+5 reference,91856000,490704.1875,490546.7291666667
MAPPO strict 1+5 reference,91907200,490073.15625,490977.8020833333
MAPPO strict 1+5 reference,91958400,492156.0625,491466.3541666667
MAPPO strict 1+5 reference,92009600,492169.84375,492696.7916666667
MAPPO strict 1+5 reference,92060800,493764.46875,492171.4270833333
MAPPO strict 1+5 reference,92112000,490579.96875,491654.9895833333
MAPPO strict 1+5 reference,92163200,490620.53125,490830.9375
MAPPO strict 1+5 reference,92214400,491292.3125,490966.5
MAPPO strict 1+5 reference,92265600,490986.65625,491392.21875
MAPPO strict 1+5 reference,92316800,491897.6875,491322.5416666667
MAPPO strict 1+5 reference,92368000,491083.28125,491289.4583333333
MAPPO strict 1+5 reference,92419200,490887.40625,490248.46875
MAPPO strict 1+5 reference,92470400,488774.71875,489317.5
MAPPO strict 1+5 reference,92521600,488290.375,488922.8229166667
MAPPO strict 1+5 reference,92572800,489703.375,489565.1145833333
MAPPO strict 1+5 reference,92624000,490701.59375,489985.0
MAPPO strict 1+5 reference,92675200,489550.03125,489972.5208333333
MAPPO strict 1+5 reference,92726400,489665.9375,489709.9166666667
MAPPO strict 1+5 reference,92777600,489913.78125,490417.4583333333
MAPPO strict 1+5 reference,92828800,491672.65625,490773.125
MAPPO strict 1+5 reference,92880000,490732.9375,491085.9791666667
MAPPO strict 1+5 reference,92931200,490852.34375,490630.3229166667
MAPPO strict 1+5 reference,92982400,490305.6875,489576.5208333333
MAPPO strict 1+5 reference,93033600,487571.53125,489440.9479166667
MAPPO strict 1+5 reference,93084800,490445.625,489132.0520833333
MAPPO strict 1+5 reference,93136000,489379.0,490628.59375
MAPPO strict 1+5 reference,93187200,492061.15625,490576.15625
MAPPO strict 1+5 reference,93238400,490288.3125,490192.25
MAPPO strict 1+5 reference,93289600,488227.28125,489341.90625
MAPPO strict 1+5 reference,93340800,489510.125,488659.3333333333
MAPPO strict 1+5 reference,93392000,488240.59375,489024.34375
MAPPO strict 1+5 reference,93443200,489322.3125,488576.4270833333
MAPPO strict 1+5 reference,93494400,488166.375,488844.8645833333
MAPPO strict 1+5 reference,93545600,489045.90625,488120.2395833333
MAPPO strict 1+5 reference,93596800,487148.4375,488324.6458333333
MAPPO strict 1+5 reference,93648000,488779.59375,488410.9791666667
MAPPO strict 1+5 reference,93699200,489304.90625,488540.8229166667
MAPPO strict 1+5 reference,93750400,487537.96875,487727.6354166667
MAPPO strict 1+5 reference,93801600,486340.03125,486626.3645833333
MAPPO strict 1+5 reference,93852800,486001.09375,486371.2083333333
MAPPO strict 1+5 reference,93904000,486772.5,486511.25
MAPPO strict 1+5 reference,93955200,486760.15625,486637.4479166667
MAPPO strict 1+5 reference,94006400,486379.6875,486218.03125
MAPPO strict 1+5 reference,94057600,485514.25,484425.34375
MAPPO strict 1+5 reference,94108800,481382.09375,483778.78125
MAPPO strict 1+5 reference,94160000,484440.0,483604.0729166667
MAPPO strict 1+5 reference,94211200,484990.125,484887.4270833333
MAPPO strict 1+5 reference,94262400,485232.15625,484452.4166666667
MAPPO strict 1+5 reference,94313600,483134.96875,483387.5625
MAPPO strict 1+5 reference,94364800,481795.5625,482328.7916666667
MAPPO strict 1+5 reference,94416000,482055.84375,482073.4270833333
MAPPO strict 1+5 reference,94467200,482368.875,481723.6875
MAPPO strict 1+5 reference,94518400,480746.34375,482107.34375
MAPPO strict 1+5 reference,94569600,483206.8125,482604.5
MAPPO strict 1+5 reference,94620800,483860.34375,484147.8125
MAPPO strict 1+5 reference,94672000,485376.28125,484538.9166666667
MAPPO strict 1+5 reference,94723200,484380.125,485758.7395833333
MAPPO strict 1+5 reference,94774400,487519.8125,486298.75
MAPPO strict 1+5 reference,94825600,486996.3125,487817.6145833333
MAPPO strict 1+5 reference,94876800,488936.71875,488377.625
MAPPO strict 1+5 reference,94928000,489199.84375,489360.65625
MAPPO strict 1+5 reference,94979200,489945.40625,489860.9895833333
MAPPO strict 1+5 reference,95030400,490437.71875,489673.96875
MAPPO strict 1+5 reference,95081600,488638.78125,489790.8333333333
MAPPO strict 1+5 reference,95132800,490296.0,489460.9375
MAPPO strict 1+5 reference,95184000,489448.03125,489641.5
MAPPO strict 1+5 reference,95235200,489180.46875,489227.9166666667
MAPPO strict 1+5 reference,95286400,489055.25,489698.4166666667
MAPPO strict 1+5 reference,95337600,490859.53125,490112.0208333333
MAPPO strict 1+5 reference,95388800,490421.28125,490218.6770833333
MAPPO strict 1+5 reference,95440000,489375.21875,489748.53125
MAPPO strict 1+5 reference,95491200,489449.09375,490044.7395833333
MAPPO strict 1+5 reference,95542400,491309.90625,490883.6666666667
MAPPO strict 1+5 reference,95593600,491892.0,491575.5625
MAPPO strict 1+5 reference,95644800,491524.78125,492190.4895833333
MAPPO strict 1+5 reference,95696000,493154.6875,492860.0
MAPPO strict 1+5 reference,95747200,493900.53125,493100.0833333333
MAPPO strict 1+5 reference,95798400,492245.03125,492517.0729166667
MAPPO strict 1+5 reference,95849600,491405.65625,490938.3125
MAPPO strict 1+5 reference,95900800,489164.25,490642.5104166667
MAPPO strict 1+5 reference,95952000,491357.625,490415.0416666667
MAPPO strict 1+5 reference,96003200,490723.25,490709.625
MAPPO strict 1+5 reference,96054400,490048.0,490381.0833333333
MAPPO strict 1+5 reference,96105600,490372.0,490693.5520833333
MAPPO strict 1+5 reference,96156800,491660.65625,490866.3125
MAPPO strict 1+5 reference,96208000,490566.28125,490586.8958333333
MAPPO strict 1+5 reference,96259200,489533.75,489126.3020833333
MAPPO strict 1+5 reference,96310400,487278.875,488070.375
MAPPO strict 1+5 reference,96361600,487398.5,487536.8958333333
MAPPO strict 1+5 reference,96412800,487933.3125,487420.5104166667
MAPPO strict 1+5 reference,96464000,486929.71875,486239.40625
MAPPO strict 1+5 reference,96515200,483855.1875,485208.75
MAPPO strict 1+5 reference,96566400,484841.34375,484593.59375
MAPPO strict 1+5 reference,96617600,485084.25,485467.9791666667
MAPPO strict 1+5 reference,96668800,486478.34375,485156.1145833333
MAPPO strict 1+5 reference,96720000,483905.75,485096.3333333333
MAPPO strict 1+5 reference,96771200,484904.90625,485336.6770833333
MAPPO strict 1+5 reference,96822400,487199.375,484935.1875
MAPPO strict 1+5 reference,96873600,482701.28125,484178.5
MAPPO strict 1+5 reference,96924800,482634.84375,482396.125
MAPPO strict 1+5 reference,96976000,481852.25,482154.4166666667
MAPPO strict 1+5 reference,97027200,481976.15625,482213.0208333333
MAPPO strict 1+5 reference,97078400,482810.65625,482314.5
MAPPO strict 1+5 reference,97129600,482156.6875,482941.0104166667
MAPPO strict 1+5 reference,97180800,483855.6875,482993.5729166667
MAPPO strict 1+5 reference,97232000,482968.34375,483333.2291666667
MAPPO strict 1+5 reference,97283200,483175.65625,482703.0104166667
MAPPO strict 1+5 reference,97334400,481965.03125,482159.6979166667
MAPPO strict 1+5 reference,97385600,481338.40625,481631.25
MAPPO strict 1+5 reference,97436800,481590.3125,481497.25
MAPPO strict 1+5 reference,97488000,481563.03125,481618.3854166667
MAPPO strict 1+5 reference,97539200,481701.8125,481814.03125
MAPPO strict 1+5 reference,97590400,482177.25,481855.1354166667
MAPPO strict 1+5 reference,97641600,481686.34375,481665.7916666667
MAPPO strict 1+5 reference,97692800,481133.78125,481573.2916666667
MAPPO strict 1+5 reference,97744000,481899.75,481503.9895833333
MAPPO strict 1+5 reference,97795200,481478.4375,481813.15625
MAPPO strict 1+5 reference,97846400,482061.28125,481881.8125
MAPPO strict 1+5 reference,97897600,482105.71875,481744.75
MAPPO strict 1+5 reference,97948800,481067.25,481716.4270833333
MAPPO strict 1+5 reference,98000000,481976.3125,481818.2083333333
MAPPO strict 1+5 reference,98051200,482411.0625,482033.0625
MAPPO strict 1+5 reference,98102400,481711.8125,482863.0520833333
MAPPO strict 1+5 reference,98153600,484466.28125,483626.59375
MAPPO strict 1+5 reference,98204800,484701.6875,484743.75
MAPPO strict 1+5 reference,98256000,485063.28125,484948.5520833333
MAPPO strict 1+5 reference,98307200,485080.6875,484186.0208333333
MAPPO strict 1+5 reference,98358400,482414.09375,483616.1666666667
MAPPO strict 1+5 reference,98409600,483353.71875,483004.59375
MAPPO strict 1+5 reference,98460800,483245.96875,482718.0208333333
MAPPO strict 1+5 reference,98512000,481554.375,482101.2604166667
MAPPO strict 1+5 reference,98563200,481503.4375,481516.6770833333
MAPPO strict 1+5 reference,98614400,481492.21875,481869.8854166667
MAPPO strict 1+5 reference,98665600,482614.0,482172.7604166667
MAPPO strict 1+5 reference,98716800,482412.0625,482322.1354166667
MAPPO strict 1+5 reference,98768000,481940.34375,482474.7604166667
MAPPO strict 1+5 reference,98819200,483071.875,482234.0833333333
MAPPO strict 1+5 reference,98870400,481690.03125,482043.6875
MAPPO strict 1+5 reference,98921600,481369.15625,481466.2708333333
MAPPO strict 1+5 reference,98972800,481339.625,481569.8229166667
MAPPO strict 1+5 reference,99024000,482000.6875,482560.3125
MAPPO strict 1+5 reference,99075200,484340.625,483248.0625
MAPPO strict 1+5 reference,99126400,483402.875,483887.9166666667
MAPPO strict 1+5 reference,99177600,483920.25,483607.9270833333
MAPPO strict 1+5 reference,99228800,483500.65625,483480.65625
MAPPO strict 1+5 reference,99280000,483021.0625,483768.21875
MAPPO strict 1+5 reference,99331200,484782.9375,483032.7291666667
MAPPO strict 1+5 reference,99382400,481294.1875,482738.0416666667
MAPPO strict 1+5 reference,99433600,482137.0,482480.9583333333
MAPPO strict 1+5 reference,99484800,484011.6875,483375.5
MAPPO strict 1+5 reference,99536000,483977.8125,483943.9375
MAPPO strict 1+5 reference,99587200,483842.3125,484372.53125
MAPPO strict 1+5 reference,99638400,485297.46875,485343.8854166667
MAPPO strict 1+5 reference,99689600,486891.875,486228.0208333333
MAPPO strict 1+5 reference,99740800,486494.71875,486965.25
MAPPO strict 1+5 reference,99792000,487509.15625,486940.4895833333
MAPPO strict 1+5 reference,99843200,486817.59375,487268.5729166667
MAPPO strict 1+5 reference,99894400,487478.96875,487912.0416666667
MAPPO strict 1+5 reference,99945600,489439.5625,488781.8125
MAPPO strict 1+5 reference,99996800,489426.90625,489433.234375
DC-PPO strict 1+5 reference,25600,90780.0546875,92503.83203125
DC-PPO strict 1+5 reference,76800,94227.609375,92850.34114583333
DC-PPO strict 1+5 reference,128000,93543.359375,95235.14583333333
DC-PPO strict 1+5 reference,179200,97934.46875,99860.80989583333
DC-PPO strict 1+5 reference,230400,108104.6015625,107659.640625
DC-PPO strict 1+5 reference,281600,116939.8515625,117232.9765625
DC-PPO strict 1+5 reference,332800,126654.4765625,125407.57291666667
DC-PPO strict 1+5 reference,384000,132628.390625,134968.87239583334
DC-PPO strict 1+5 reference,435200,145623.75,143287.98958333334
DC-PPO strict 1+5 reference,486400,151611.828125,153097.73958333334
DC-PPO strict 1+5 reference,537600,162057.640625,159115.08333333334
DC-PPO strict 1+5 reference,588800,163675.78125,166034.38541666666
DC-PPO strict 1+5 reference,640000,172369.734375,171370.63541666666
DC-PPO strict 1+5 reference,691200,178066.390625,177236.13020833334
DC-PPO strict 1+5 reference,742400,181272.265625,181685.22916666666
DC-PPO strict 1+5 reference,793600,185717.03125,183557.65625
DC-PPO strict 1+5 reference,844800,183683.671875,186003.77083333334
DC-PPO strict 1+5 reference,896000,188610.609375,187014.76041666666
DC-PPO strict 1+5 reference,947200,188750.0,189956.02604166666
DC-PPO strict 1+5 reference,998400,192507.46875,193399.96354166666
DC-PPO strict 1+5 reference,1049600,198942.421875,197492.703125
DC-PPO strict 1+5 reference,1100800,201028.21875,201700.40625
DC-PPO strict 1+5 reference,1152000,205130.578125,204887.46875
DC-PPO strict 1+5 reference,1203200,208503.609375,208146.140625
DC-PPO strict 1+5 reference,1254400,210804.234375,210798.515625
DC-PPO strict 1+5 reference,1305600,213087.703125,216947.10416666666
DC-PPO strict 1+5 reference,1356800,226949.375,220355.984375
DC-PPO strict 1+5 reference,1408000,221030.875,224893.83333333334
DC-PPO strict 1+5 reference,1459200,226701.25,225050.49479166666
DC-PPO strict 1+5 reference,1510400,227419.359375,225292.88020833334
DC-PPO strict 1+5 reference,1561600,221758.03125,225231.171875
DC-PPO strict 1+5 reference,1612800,226516.125,227085.09895833334
DC-PPO strict 1+5 reference,1664000,232981.140625,230749.46875
DC-PPO strict 1+5 reference,1715200,232751.140625,233538.46875
DC-PPO strict 1+5 reference,1766400,234883.125,236140.05208333334
DC-PPO strict 1+5 reference,1817600,240785.890625,238670.52083333334
DC-PPO strict 1+5 reference,1868800,240342.546875,241023.24479166666
DC-PPO strict 1+5 reference,1920000,241941.296875,240234.03125
DC-PPO strict 1+5 reference,1971200,238418.25,240477.24479166666
DC-PPO strict 1+5 reference,2022400,241072.1875,241943.328125
DC-PPO strict 1+5 reference,2073600,246339.546875,246769.14583333334
DC-PPO strict 1+5 reference,2124800,252895.703125,252435.61458333334
DC-PPO strict 1+5 reference,2176000,258071.59375,256787.125
DC-PPO strict 1+5 reference,2227200,259394.078125,257881.39583333334
DC-PPO strict 1+5 reference,2278400,256178.515625,258770.73958333334
DC-PPO strict 1+5 reference,2329600,260739.625,259167.34895833334
DC-PPO strict 1+5 reference,2380800,260583.90625,261222.26041666666
DC-PPO strict 1+5 reference,2432000,262343.25,260906.75
DC-PPO strict 1+5 reference,2483200,259793.09375,261900.90625
DC-PPO strict 1+5 reference,2534400,263566.375,261784.34895833334
DC-PPO strict 1+5 reference,2585600,261993.578125,262253.9114583333
DC-PPO strict 1+5 reference,2636800,261201.78125,262285.3385416667
DC-PPO strict 1+5 reference,2688000,263660.65625,262342.3020833333
DC-PPO strict 1+5 reference,2739200,262164.46875,263937.03125
DC-PPO strict 1+5 reference,2790400,265985.96875,266151.9583333333
DC-PPO strict 1+5 reference,2841600,270305.4375,270628.3854166667
DC-PPO strict 1+5 reference,2892800,275593.75,272576.3125
DC-PPO strict 1+5 reference,2944000,271829.75,272861.6145833333
DC-PPO strict 1+5 reference,2995200,271161.34375,272771.1979166667
DC-PPO strict 1+5 reference,3046400,275322.5,275930.6458333333
DC-PPO strict 1+5 reference,3097600,281308.09375,278883.5520833333
DC-PPO strict 1+5 reference,3148800,280020.0625,282238.65625
DC-PPO strict 1+5 reference,3200000,285387.8125,279464.9791666667
DC-PPO strict 1+5 reference,3251200,272987.0625,280032.2916666667
DC-PPO strict 1+5 reference,3302400,281722.0,278638.53125
DC-PPO strict 1+5 reference,3353600,281206.53125,279886.96875
DC-PPO strict 1+5 reference,3404800,276732.375,278564.625
DC-PPO strict 1+5 reference,3456000,277754.96875,278967.2916666667
DC-PPO strict 1+5 reference,3507200,282414.53125,281237.9895833333
DC-PPO strict 1+5 reference,3558400,283544.46875,282712.8541666667
DC-PPO strict 1+5 reference,3609600,282179.5625,286154.8645833333
DC-PPO strict 1+5 reference,3660800,292740.5625,289152.1354166667
DC-PPO strict 1+5 reference,3712000,292536.28125,293618.8541666667
DC-PPO strict 1+5 reference,3763200,295579.71875,292480.34375
DC-PPO strict 1+5 reference,3814400,289325.03125,290678.59375
DC-PPO strict 1+5 reference,3865600,287131.03125,288292.6354166667
DC-PPO strict 1+5 reference,3916800,288421.84375,288024.78125
DC-PPO strict 1+5 reference,3968000,288521.46875,288264.15625
DC-PPO strict 1+5 reference,4019200,287849.15625,291171.8854166667
DC-PPO strict 1+5 reference,4070400,297145.03125,294322.84375
DC-PPO strict 1+5 reference,4121600,297974.34375,297738.7604166667
DC-PPO strict 1+5 reference,4172800,298096.90625,296500.2604166667
DC-PPO strict 1+5 reference,4224000,293429.53125,294226.9166666667
DC-PPO strict 1+5 reference,4275200,291154.3125,293624.1979166667
DC-PPO strict 1+5 reference,4326400,296288.75,294746.375
DC-PPO strict 1+5 reference,4377600,296796.0625,296218.53125
DC-PPO strict 1+5 reference,4428800,295570.78125,297172.0625
DC-PPO strict 1+5 reference,4480000,299149.34375,297590.0833333333
DC-PPO strict 1+5 reference,4531200,298050.125,299267.1770833333
DC-PPO strict 1+5 reference,4582400,300602.0625,300991.7916666667
DC-PPO strict 1+5 reference,4633600,304323.1875,301190.9895833333
DC-PPO strict 1+5 reference,4684800,298647.71875,301243.1145833333
DC-PPO strict 1+5 reference,4736000,300758.4375,299840.0520833333
DC-PPO strict 1+5 reference,4787200,300114.0,301913.2291666667
DC-PPO strict 1+5 reference,4838400,304867.25,303127.5
DC-PPO strict 1+5 reference,4889600,304401.25,302281.65625
DC-PPO strict 1+5 reference,4940800,297576.46875,301386.2916666667
DC-PPO strict 1+5 reference,4992000,302181.15625,301204.2604166667
DC-PPO strict 1+5 reference,5043200,303855.15625,304612.8645833333
DC-PPO strict 1+5 reference,5094400,307802.28125,308089.34375
DC-PPO strict 1+5 reference,5145600,312610.59375,310335.2708333333
DC-PPO strict 1+5 reference,5196800,310592.9375,312653.3333333333
DC-PPO strict 1+5 reference,5248000,314756.46875,314159.9895833333
DC-PPO strict 1+5 reference,5299200,317130.5625,314391.59375
DC-PPO strict 1+5 reference,5350400,311287.75,311793.9166666667
DC-PPO strict 1+5 reference,5401600,306963.4375,310001.28125
DC-PPO strict 1+5 reference,5452800,311752.65625,310494.8333333333
DC-PPO strict 1+5 reference,5504000,312768.40625,310931.4270833333
DC-PPO strict 1+5 reference,5555200,308273.21875,310774.8229166667
DC-PPO strict 1+5 reference,5606400,311282.84375,310427.3020833333
DC-PPO strict 1+5 reference,5657600,311725.84375,310971.625
DC-PPO strict 1+5 reference,5708800,309906.1875,309781.15625
DC-PPO strict 1+5 reference,5760000,307711.4375,308923.1666666667
DC-PPO strict 1+5 reference,5811200,309151.875,308672.4583333333
DC-PPO strict 1+5 reference,5862400,309154.0625,311818.03125
DC-PPO strict 1+5 reference,5913600,317148.15625,315702.9583333333
DC-PPO strict 1+5 reference,5964800,320806.65625,318215.5208333333
DC-PPO strict 1+5 reference,6016000,316691.75,319519.21875
DC-PPO strict 1+5 reference,6067200,321059.25,317262.09375
DC-PPO strict 1+5 reference,6118400,314035.28125,317339.65625
DC-PPO strict 1+5 reference,6169600,316924.4375,316909.8854166667
DC-PPO strict 1+5 reference,6220800,319769.9375,318670.1770833333
DC-PPO strict 1+5 reference,6272000,319316.15625,318822.5208333333
DC-PPO strict 1+5 reference,6323200,317381.46875,319454.53125
DC-PPO strict 1+5 reference,6374400,321665.96875,322623.9479166667
DC-PPO strict 1+5 reference,6425600,328824.40625,325879.5
DC-PPO strict 1+5 reference,6476800,327148.125,327435.6875
DC-PPO strict 1+5 reference,6528000,326334.53125,327634.9270833333
DC-PPO strict 1+5 reference,6579200,329422.125,329023.40625
DC-PPO strict 1+5 reference,6630400,331313.5625,328766.25
DC-PPO strict 1+5 reference,6681600,325563.0625,328558.09375
DC-PPO strict 1+5 reference,6732800,328797.65625,327910.8854166667
DC-PPO strict 1+5 reference,6784000,329371.9375,329071.4791666667
DC-PPO strict 1+5 reference,6835200,329044.84375,328808.75
DC-PPO strict 1+5 reference,6886400,328009.46875,328114.28125
DC-PPO strict 1+5 reference,6937600,327288.53125,328212.8958333333
DC-PPO strict 1+5 reference,6988800,329340.6875,328149.9791666667
DC-PPO strict 1+5 reference,7040000,327820.71875,328868.1770833333
DC-PPO strict 1+5 reference,7091200,329443.125,327503.9375
DC-PPO strict 1+5 reference,7142400,325247.96875,326637.6041666667
DC-PPO strict 1+5 reference,7193600,325221.71875,324250.7708333333
DC-PPO strict 1+5 reference,7244800,322282.625,325335.5833333333
DC-PPO strict 1+5 reference,7296000,328502.40625,325925.1458333333
DC-PPO strict 1+5 reference,7347200,326990.40625,328761.0520833333
DC-PPO strict 1+5 reference,7398400,330790.34375,330615.2708333333
DC-PPO strict 1+5 reference,7449600,334065.0625,331972.6979166667
DC-PPO strict 1+5 reference,7500800,331062.6875,332895.34375
DC-PPO strict 1+5 reference,7552000,333558.28125,334999.1979166667
DC-PPO strict 1+5 reference,7603200,340376.625,338225.90625
DC-PPO strict 1+5 reference,7654400,340742.8125,340536.9583333333
DC-PPO strict 1+5 reference,7705600,340491.4375,338112.3645833333
DC-PPO strict 1+5 reference,7756800,333102.84375,338832.34375
DC-PPO strict 1+5 reference,7808000,342902.75,339375.3020833333
DC-PPO strict 1+5 reference,7859200,342120.3125,341383.5520833333
DC-PPO strict 1+5 reference,7910400,339127.59375,340577.6354166667
DC-PPO strict 1+5 reference,7961600,340485.0,339740.96875
DC-PPO strict 1+5 reference,8012800,339610.3125,338595.8854166667
DC-PPO strict 1+5 reference,8064000,335692.34375,337946.7083333333
DC-PPO strict 1+5 reference,8115200,338537.46875,338407.0729166667
DC-PPO strict 1+5 reference,8166400,340991.40625,339435.8958333333
DC-PPO strict 1+5 reference,8217600,338778.8125,338942.5625
DC-PPO strict 1+5 reference,8268800,337057.46875,337722.6145833333
DC-PPO strict 1+5 reference,8320000,337331.5625,337689.4166666667
DC-PPO strict 1+5 reference,8371200,338679.21875,342053.8541666667
DC-PPO strict 1+5 reference,8422400,350150.78125,340962.0729166667
DC-PPO strict 1+5 reference,8473600,334056.21875,341730.9166666667
DC-PPO strict 1+5 reference,8524800,340985.75,339862.7291666667
DC-PPO strict 1+5 reference,8576000,344546.21875,342827.1145833333
DC-PPO strict 1+5 reference,8627200,342949.375,344868.5104166667
DC-PPO strict 1+5 reference,8678400,347109.9375,344902.84375
DC-PPO strict 1+5 reference,8729600,344649.21875,347588.1875
DC-PPO strict 1+5 reference,8780800,351005.40625,347448.34375
DC-PPO strict 1+5 reference,8832000,346690.40625,348487.9895833333
DC-PPO strict 1+5 reference,8883200,347768.15625,347688.4895833333
DC-PPO strict 1+5 reference,8934400,348606.90625,350993.3333333333
DC-PPO strict 1+5 reference,8985600,356604.9375,352885.1354166667
DC-PPO strict 1+5 reference,9036800,353443.5625,353054.4791666667
DC-PPO strict 1+5 reference,9088000,349114.9375,352393.5520833333
DC-PPO strict 1+5 reference,9139200,354622.15625,350944.7708333333
DC-PPO strict 1+5 reference,9190400,349097.21875,353015.5520833333
DC-PPO strict 1+5 reference,9241600,355327.28125,354331.90625
DC-PPO strict 1+5 reference,9292800,358571.21875,356952.625
DC-PPO strict 1+5 reference,9344000,356959.375,357090.7291666667
DC-PPO strict 1+5 reference,9395200,355741.59375,356839.9583333333
DC-PPO strict 1+5 reference,9446400,357818.90625,359763.3020833333
DC-PPO strict 1+5 reference,9497600,365729.40625,359643.8958333333
DC-PPO strict 1+5 reference,9548800,355383.375,358259.5625
DC-PPO strict 1+5 reference,9600000,353665.90625,354538.0833333333
DC-PPO strict 1+5 reference,9651200,354564.96875,355576.2395833333
DC-PPO strict 1+5 reference,9702400,358497.84375,357472.1354166667
DC-PPO strict 1+5 reference,9753600,359353.59375,358063.15625
DC-PPO strict 1+5 reference,9804800,356338.03125,357938.6875
DC-PPO strict 1+5 reference,9856000,358124.4375,356607.3958333333
DC-PPO strict 1+5 reference,9907200,355359.71875,357882.03125
DC-PPO strict 1+5 reference,9958400,360161.9375,355633.3020833333
DC-PPO strict 1+5 reference,10009600,351378.25,354017.5833333333
DC-PPO strict 1+5 reference,10060800,350512.5625,352180.0
DC-PPO strict 1+5 reference,10112000,354649.1875,354920.7395833333
DC-PPO strict 1+5 reference,10163200,359600.46875,356448.8125
DC-PPO strict 1+5 reference,10214400,355096.78125,357941.9479166667
DC-PPO strict 1+5 reference,10265600,359128.59375,358012.1458333333
DC-PPO strict 1+5 reference,10316800,359811.0625,359717.8854166667
DC-PPO strict 1+5 reference,10368000,360214.0,358199.1458333333
DC-PPO strict 1+5 reference,10419200,354572.375,356434.71875
DC-PPO strict 1+5 reference,10470400,354517.78125,353905.7395833333
DC-PPO strict 1+5 reference,10521600,352627.0625,352877.2083333333
DC-PPO strict 1+5 reference,10572800,351486.78125,354308.0208333333
DC-PPO strict 1+5 reference,10624000,358810.21875,356952.6354166667
DC-PPO strict 1+5 reference,10675200,360560.90625,358413.5416666667
DC-PPO strict 1+5 reference,10726400,355869.5,357882.6354166667
DC-PPO strict 1+5 reference,10777600,357217.5,356243.8125
DC-PPO strict 1+5 reference,10828800,355644.4375,354697.4791666667
DC-PPO strict 1+5 reference,10880000,351230.5,355420.28125
DC-PPO strict 1+5 reference,10931200,359385.90625,354710.8125
DC-PPO strict 1+5 reference,10982400,353516.03125,357382.1979166667
DC-PPO strict 1+5 reference,11033600,359244.65625,357389.2708333333
DC-PPO strict 1+5 reference,11084800,359407.125,361698.4166666667
DC-PPO strict 1+5 reference,11136000,366443.46875,363197.9270833333
DC-PPO strict 1+5 reference,11187200,363743.1875,365212.6354166667
DC-PPO strict 1+5 reference,11238400,365451.25,364565.1770833333
DC-PPO strict 1+5 reference,11289600,364501.09375,364734.8645833333
DC-PPO strict 1+5 reference,11340800,364252.25,366007.9166666667
DC-PPO strict 1+5 reference,11392000,369270.40625,368685.4583333333
DC-PPO strict 1+5 reference,11443200,372533.71875,370689.6875
DC-PPO strict 1+5 reference,11494400,370264.9375,370790.2395833333
DC-PPO strict 1+5 reference,11545600,369572.0625,369120.0208333333
DC-PPO strict 1+5 reference,11596800,367523.0625,368289.8125
DC-PPO strict 1+5 reference,11648000,367774.3125,369020.21875
DC-PPO strict 1+5 reference,11699200,371763.28125,369745.59375
DC-PPO strict 1+5 reference,11750400,369699.1875,367313.53125
DC-PPO strict 1+5 reference,11801600,360478.125,365700.6458333333
DC-PPO strict 1+5 reference,11852800,366924.625,364062.65625
DC-PPO strict 1+5 reference,11904000,364785.21875,365559.1979166667
DC-PPO strict 1+5 reference,11955200,364967.75,365014.3854166667
DC-PPO strict 1+5 reference,12006400,365290.1875,365749.8333333333
DC-PPO strict 1+5 reference,12057600,366991.5625,367659.8333333333
DC-PPO strict 1+5 reference,12108800,370697.75,370822.5729166667
DC-PPO strict 1+5 reference,12160000,374778.40625,372906.0833333333
DC-PPO strict 1+5 reference,12211200,373242.09375,372350.7604166667
DC-PPO strict 1+5 reference,12262400,369031.78125,371630.8333333333
DC-PPO strict 1+5 reference,12313600,372618.625,369648.9479166667
DC-PPO strict 1+5 reference,12364800,367296.4375,368832.4895833333
DC-PPO strict 1+5 reference,12416000,366582.40625,367078.9791666667
DC-PPO strict 1+5 reference,12467200,367358.09375,367930.2083333333
DC-PPO strict 1+5 reference,12518400,369850.125,367670.8958333333
DC-PPO strict 1+5 reference,12569600,365804.46875,367696.5104166667
DC-PPO strict 1+5 reference,12620800,367434.9375,369053.3645833333
DC-PPO strict 1+5 reference,12672000,373920.6875,371293.375
DC-PPO strict 1+5 reference,12723200,372524.5,372579.2291666667
DC-PPO strict 1+5 reference,12774400,371292.5,371140.5104166667
DC-PPO strict 1+5 reference,12825600,369604.53125,370161.9895833333
DC-PPO strict 1+5 reference,12876800,369588.9375,370289.90625
DC-PPO strict 1+5 reference,12928000,371676.25,370147.4791666667
DC-PPO strict 1+5 reference,12979200,369177.25,371026.15625
DC-PPO strict 1+5 reference,13030400,372224.96875,372138.0104166667
DC-PPO strict 1+5 reference,13081600,375011.8125,372993.8020833333
DC-PPO strict 1+5 reference,13132800,371744.625,374262.1354166667
DC-PPO strict 1+5 reference,13184000,376029.96875,373340.8333333333
DC-PPO strict 1+5 reference,13235200,372247.90625,373523.78125
DC-PPO strict 1+5 reference,13286400,372293.46875,371187.59375
DC-PPO strict 1+5 reference,13337600,369021.40625,371904.6458333333
DC-PPO strict 1+5 reference,13388800,374399.0625,372233.4270833333
DC-PPO strict 1+5 reference,13440000,373279.8125,373437.15625
DC-PPO strict 1+5 reference,13491200,372632.59375,375039.1041666667
DC-PPO strict 1+5 reference,13542400,379204.90625,375888.1770833333
DC-PPO strict 1+5 reference,13593600,375827.03125,376168.3958333333
DC-PPO strict 1+5 reference,13644800,373473.25,374982.7395833333
DC-PPO strict 1+5 reference,13696000,375647.9375,375401.8541666667
DC-PPO strict 1+5 reference,13747200,377084.375,377645.3020833333
DC-PPO strict 1+5 reference,13798400,380203.59375,380069.59375
DC-PPO strict 1+5 reference,13849600,382920.8125,382078.3333333333
DC-PPO strict 1+5 reference,13900800,383110.59375,382947.0
DC-PPO strict 1+5 reference,13952000,382809.59375,381192.7291666667
DC-PPO strict 1+5 reference,14003200,377658.0,379780.8020833333
DC-PPO strict 1+5 reference,14054400,378874.8125,377887.5208333333
DC-PPO strict 1+5 reference,14105600,377129.75,377678.2708333333
DC-PPO strict 1+5 reference,14156800,377030.25,376196.2291666667
DC-PPO strict 1+5 reference,14208000,374428.6875,376249.25
DC-PPO strict 1+5 reference,14259200,377288.8125,378202.65625
DC-PPO strict 1+5 reference,14310400,382890.46875,380517.7291666667
DC-PPO strict 1+5 reference,14361600,381373.90625,382060.46875
DC-PPO strict 1+5 reference,14412800,381917.03125,381709.9895833333
DC-PPO strict 1+5 reference,14464000,381839.03125,381930.09375
DC-PPO strict 1+5 reference,14515200,382034.21875,380807.4166666667
DC-PPO strict 1+5 reference,14566400,378549.0,381646.3333333333
DC-PPO strict 1+5 reference,14617600,384355.78125,381790.0416666667
DC-PPO strict 1+5 reference,14668800,382465.34375,381947.28125
DC-PPO strict 1+5 reference,14720000,379020.71875,379825.7395833333
DC-PPO strict 1+5 reference,14771200,377991.15625,378971.03125
DC-PPO strict 1+5 reference,14822400,379901.21875,378752.3645833333
DC-PPO strict 1+5 reference,14873600,378364.71875,377223.3645833333
DC-PPO strict 1+5 reference,14924800,373404.15625,376907.3125
DC-PPO strict 1+5 reference,14976000,378953.0625,376855.5
DC-PPO strict 1+5 reference,15027200,378209.28125,378596.7395833333
DC-PPO strict 1+5 reference,15078400,378627.875,378538.8020833333
DC-PPO strict 1+5 reference,15129600,378779.25,379030.625
DC-PPO strict 1+5 reference,15180800,379684.75,381414.3229166667
DC-PPO strict 1+5 reference,15232000,385778.96875,382621.84375
DC-PPO strict 1+5 reference,15283200,382401.8125,384121.7604166667
DC-PPO strict 1+5 reference,15334400,384184.5,382475.7083333333
DC-PPO strict 1+5 reference,15385600,380840.8125,382009.5520833333
DC-PPO strict 1+5 reference,15436800,381003.34375,381660.4479166667
DC-PPO strict 1+5 reference,15488000,383137.1875,382057.09375
DC-PPO strict 1+5 reference,15539200,382030.75,379716.8125
DC-PPO strict 1+5 reference,15590400,373982.5,377430.3333333333
DC-PPO strict 1+5 reference,15641600,376277.75,375849.4895833333
DC-PPO strict 1+5 reference,15692800,377288.21875,376998.9583333333
DC-PPO strict 1+5 reference,15744000,377430.90625,377136.1145833333
DC-PPO strict 1+5 reference,15795200,376689.21875,377075.46875
DC-PPO strict 1+5 reference,15846400,377106.28125,377740.1145833333
DC-PPO strict 1+5 reference,15897600,379424.84375,379246.1770833333
DC-PPO strict 1+5 reference,15948800,381207.40625,379344.6666666667
DC-PPO strict 1+5 reference,16000000,377401.75,380255.4270833333
DC-PPO strict 1+5 reference,16051200,382157.125,380053.6666666667
DC-PPO strict 1+5 reference,16102400,380602.125,381063.1145833333
DC-PPO strict 1+5 reference,16153600,380430.09375,379464.09375
DC-PPO strict 1+5 reference,16204800,377360.0625,380509.7708333333
DC-PPO strict 1+5 reference,16256000,383739.15625,383776.28125
DC-PPO strict 1+5 reference,16307200,390229.625,386686.2604166667
DC-PPO strict 1+5 reference,16358400,386090.0,387137.8645833333
DC-PPO strict 1+5 reference,16409600,385093.96875,385176.5625
DC-PPO strict 1+5 reference,16460800,384345.71875,387074.40625
DC-PPO strict 1+5 reference,16512000,391783.53125,386738.1458333333
DC-PPO strict 1+5 reference,16563200,384085.1875,385784.9166666667
DC-PPO strict 1+5 reference,16614400,381486.03125,383176.25
DC-PPO strict 1+5 reference,16665600,383957.53125,380910.3125
DC-PPO strict 1+5 reference,16716800,377287.375,381830.1875
DC-PPO strict 1+5 reference,16768000,384245.65625,382026.4270833333
DC-PPO strict 1+5 reference,16819200,384546.25,387445.03125
DC-PPO strict 1+5 reference,16870400,393543.1875,390125.0104166667
DC-PPO strict 1+5 reference,16921600,392285.59375,391826.8541666667
DC-PPO strict 1+5 reference,16972800,389651.78125,390501.75
DC-PPO strict 1+5 reference,17024000,389567.875,389583.0729166667
DC-PPO strict 1+5 reference,17075200,389529.5625,390737.15625
DC-PPO strict 1+5 reference,17126400,393114.03125,390895.8854166667
DC-PPO strict 1+5 reference,17177600,390044.0625,391528.6458333333
DC-PPO strict 1+5 reference,17228800,391427.84375,392289.3333333333
DC-PPO strict 1+5 reference,17280000,395396.09375,393456.8854166667
DC-PPO strict 1+5 reference,17331200,393546.71875,394217.3645833333
DC-PPO strict 1+5 reference,17382400,393709.28125,394899.2708333333
DC-PPO strict 1+5 reference,17433600,397441.8125,394053.78125
DC-PPO strict 1+5 reference,17484800,391010.25,392384.53125
DC-PPO strict 1+5 reference,17536000,388701.53125,391290.1875
DC-PPO strict 1+5 reference,17587200,394158.78125,393278.34375
DC-PPO strict 1+5 reference,17638400,396974.71875,394607.9895833333
DC-PPO strict 1+5 reference,17689600,392690.46875,394285.1458333333
DC-PPO strict 1+5 reference,17740800,393190.25,392544.9583333333
DC-PPO strict 1+5 reference,17792000,391754.15625,391315.7395833333
DC-PPO strict 1+5 reference,17843200,389002.8125,389855.8125
DC-PPO strict 1+5 reference,17894400,388810.46875,389425.9166666667
DC-PPO strict 1+5 reference,17945600,390464.46875,389096.3541666667
DC-PPO strict 1+5 reference,17996800,388014.125,388776.4791666667
DC-PPO strict 1+5 reference,18048000,387850.84375,386288.6458333333
DC-PPO strict 1+5 reference,18099200,383000.96875,385464.2083333333
DC-PPO strict 1+5 reference,18150400,385540.8125,383708.90625
DC-PPO strict 1+5 reference,18201600,382584.9375,385907.9270833333
DC-PPO strict 1+5 reference,18252800,389598.03125,386511.5104166667
DC-PPO strict 1+5 reference,18304000,387351.5625,387395.21875
DC-PPO strict 1+5 reference,18355200,385236.0625,387896.5416666667
DC-PPO strict 1+5 reference,18406400,391102.0,389082.3020833333
DC-PPO strict 1+5 reference,18457600,390908.84375,390587.5833333333
DC-PPO strict 1+5 reference,18508800,389751.90625,390765.90625
DC-PPO strict 1+5 reference,18560000,391636.96875,391823.1145833333
DC-PPO strict 1+5 reference,18611200,394080.46875,392604.3229166667
DC-PPO strict 1+5 reference,18662400,392095.53125,392424.78125
DC-PPO strict 1+5 reference,18713600,391098.34375,392299.7916666667
DC-PPO strict 1+5 reference,18764800,393705.5,394480.3958333333
DC-PPO strict 1+5 reference,18816000,398637.34375,396195.1979166667
DC-PPO strict 1+5 reference,18867200,396242.75,397555.0104166667
DC-PPO strict 1+5 reference,18918400,397784.9375,394544.5104166667
DC-PPO strict 1+5 reference,18969600,389605.84375,393116.4270833333
DC-PPO strict 1+5 reference,19020800,391958.5,390963.15625
DC-PPO strict 1+5 reference,19072000,391325.125,390572.6354166667
DC-PPO strict 1+5 reference,19123200,388434.28125,390776.0208333333
DC-PPO strict 1+5 reference,19174400,392568.65625,390499.3125
DC-PPO strict 1+5 reference,19225600,390495.0,392057.9895833333
DC-PPO strict 1+5 reference,19276800,393110.3125,392693.2916666667
DC-PPO strict 1+5 reference,19328000,394474.5625,393465.1354166667
DC-PPO strict 1+5 reference,19379200,392810.53125,394160.5
DC-PPO strict 1+5 reference,19430400,395196.40625,393124.90625
DC-PPO strict 1+5 reference,19481600,391367.78125,393855.6666666667
DC-PPO strict 1+5 reference,19532800,395002.8125,392393.0625
DC-PPO strict 1+5 reference,19584000,390808.59375,392688.1354166667
DC-PPO strict 1+5 reference,19635200,392253.0,392065.3854166667
DC-PPO strict 1+5 reference,19686400,393134.5625,393273.375
DC-PPO strict 1+5 reference,19737600,394432.5625,393675.2604166667
DC-PPO strict 1+5 reference,19788800,393458.65625,394115.2604166667
DC-PPO strict 1+5 reference,19840000,394454.5625,393991.3541666667
DC-PPO strict 1+5 reference,19891200,394060.84375,394750.0729166667
DC-PPO strict 1+5 reference,19942400,395734.8125,394932.8854166667
DC-PPO strict 1+5 reference,19993600,395003.0,394597.3645833333
DC-PPO strict 1+5 reference,20044800,393054.28125,394498.0416666667
DC-PPO strict 1+5 reference,20096000,395436.84375,395568.53125
DC-PPO strict 1+5 reference,20147200,398214.46875,395057.4270833333
DC-PPO strict 1+5 reference,20198400,391520.96875,394865.2083333333
DC-PPO strict 1+5 reference,20249600,394860.1875,394105.5104166667
DC-PPO strict 1+5 reference,20300800,395935.375,395291.7916666667
DC-PPO strict 1+5 reference,20352000,395079.8125,396167.59375
DC-PPO strict 1+5 reference,20403200,397487.59375,396817.6145833333
DC-PPO strict 1+5 reference,20454400,397885.4375,398042.7291666667
DC-PPO strict 1+5 reference,20505600,398755.15625,399107.0520833333
DC-PPO strict 1+5 reference,20556800,400680.5625,400277.46875
DC-PPO strict 1+5 reference,20608000,401396.6875,400333.46875
DC-PPO strict 1+5 reference,20659200,398923.15625,401453.6458333333
DC-PPO strict 1+5 reference,20710400,404041.09375,399868.2083333333
DC-PPO strict 1+5 reference,20761600,396640.375,399898.0208333333
DC-PPO strict 1+5 reference,20812800,399012.59375,399222.5833333333
DC-PPO strict 1+5 reference,20864000,402014.78125,399710.25
DC-PPO strict 1+5 reference,20915200,398103.375,398569.5625
DC-PPO strict 1+5 reference,20966400,395590.53125,396382.4583333333
DC-PPO strict 1+5 reference,21017600,395453.46875,397221.5104166667
DC-PPO strict 1+5 reference,21068800,400620.53125,399280.7916666667
DC-PPO strict 1+5 reference,21120000,401768.375,399870.3333333333
DC-PPO strict 1+5 reference,21171200,397222.09375,399492.2708333333
DC-PPO strict 1+5 reference,21222400,399486.34375,398352.9791666667
DC-PPO strict 1+5 reference,21273600,398350.5,398893.03125
DC-PPO strict 1+5 reference,21324800,398842.25,396911.9375
DC-PPO strict 1+5 reference,21376000,393543.0625,395408.0416666667
DC-PPO strict 1+5 reference,21427200,393838.8125,394514.5416666667
DC-PPO strict 1+5 reference,21478400,396161.75,396517.6875
DC-PPO strict 1+5 reference,21529600,399552.5,397937.46875
DC-PPO strict 1+5 reference,21580800,398098.15625,399417.90625
DC-PPO strict 1+5 reference,21632000,400603.0625,399605.9583333333
DC-PPO strict 1+5 reference,21683200,400116.65625,400213.2604166667
DC-PPO strict 1+5 reference,21734400,399920.0625,400900.7604166667
DC-PPO strict 1+5 reference,21785600,402665.5625,401952.8854166667
DC-PPO strict 1+5 reference,21836800,403273.03125,404008.0104166667
DC-PPO strict 1+5 reference,21888000,406085.4375,403603.8854166667
DC-PPO strict 1+5 reference,21939200,401453.1875,401394.8125
DC-PPO strict 1+5 reference,21990400,396645.8125,399950.9479166667
DC-PPO strict 1+5 reference,22041600,401753.84375,400219.8645833333
DC-PPO strict 1+5 reference,22092800,402259.9375,401735.2708333333
DC-PPO strict 1+5 reference,22144000,401192.03125,400120.8333333333
DC-PPO strict 1+5 reference,22195200,396910.53125,398741.4479166667
DC-PPO strict 1+5 reference,22246400,398121.78125,397916.75
DC-PPO strict 1+5 reference,22297600,398717.9375,399064.3333333333
DC-PPO strict 1+5 reference,22348800,400353.28125,399089.6666666667
DC-PPO strict 1+5 reference,22400000,398197.78125,398066.2395833333
DC-PPO strict 1+5 reference,22451200,395647.65625,396887.6354166667
DC-PPO strict 1+5 reference,22502400,396817.46875,396568.40625
DC-PPO strict 1+5 reference,22553600,397240.09375,396517.2083333333
DC-PPO strict 1+5 reference,22604800,395494.0625,398298.9375
DC-PPO strict 1+5 reference,22656000,402162.65625,398014.7604166667
DC-PPO strict 1+5 reference,22707200,396387.5625,399707.9270833333
DC-PPO strict 1+5 reference,22758400,400573.5625,398622.5833333333
DC-PPO strict 1+5 reference,22809600,398906.625,399793.0104166667
DC-PPO strict 1+5 reference,22860800,399898.84375,398534.6041666667
DC-PPO strict 1+5 reference,22912000,396798.34375,399423.1770833333
DC-PPO strict 1+5 reference,22963200,401572.34375,399699.5208333333
DC-PPO strict 1+5 reference,23014400,400727.875,401606.8854166667
DC-PPO strict 1+5 reference,23065600,402520.4375,401828.3020833333
DC-PPO strict 1+5 reference,23116800,402236.59375,401511.96875
DC-PPO strict 1+5 reference,23168000,399778.875,400825.0833333333
DC-PPO strict 1+5 reference,23219200,400459.78125,400323.2708333333
DC-PPO strict 1+5 reference,23270400,400731.15625,399900.15625
DC-PPO strict 1+5 reference,23321600,398509.53125,398532.0833333333
DC-PPO strict 1+5 reference,23372800,396355.5625,396913.1979166667
DC-PPO strict 1+5 reference,23424000,395874.5,396950.4895833333
DC-PPO strict 1+5 reference,23475200,398621.40625,398316.8020833333
DC-PPO strict 1+5 reference,23526400,400454.5,398248.1979166667
DC-PPO strict 1+5 reference,23577600,395668.6875,398240.0104166667
DC-PPO strict 1+5 reference,23628800,398596.84375,396930.6354166667
DC-PPO strict 1+5 reference,23680000,396526.375,398807.0
DC-PPO strict 1+5 reference,23731200,401297.78125,399731.4479166667
DC-PPO strict 1+5 reference,23782400,401370.1875,402084.8541666667
DC-PPO strict 1+5 reference,23833600,403586.59375,402473.0208333333
DC-PPO strict 1+5 reference,23884800,402462.28125,403265.9583333333
DC-PPO strict 1+5 reference,23936000,403749.0,403502.7291666667
DC-PPO strict 1+5 reference,23987200,404296.90625,403896.0625
DC-PPO strict 1+5 reference,24038400,403642.28125,402849.3020833333
DC-PPO strict 1+5 reference,24089600,400608.71875,401088.46875
DC-PPO strict 1+5 reference,24140800,399014.40625,399868.5208333333
DC-PPO strict 1+5 reference,24192000,399982.4375,399056.1770833333
DC-PPO strict 1+5 reference,24243200,398171.6875,401136.4583333333
DC-PPO strict 1+5 reference,24294400,405255.25,402260.2708333333
DC-PPO strict 1+5 reference,24345600,403353.875,403841.8229166667
DC-PPO strict 1+5 reference,24396800,402916.34375,403127.6875
DC-PPO strict 1+5 reference,24448000,403112.84375,403674.5416666667
DC-PPO strict 1+5 reference,24499200,404994.4375,404601.6666666667
DC-PPO strict 1+5 reference,24550400,405697.71875,404899.6458333333
DC-PPO strict 1+5 reference,24601600,404006.78125,404099.8333333333
DC-PPO strict 1+5 reference,24652800,402595.0,401709.2708333333
DC-PPO strict 1+5 reference,24704000,398526.03125,398784.4375
DC-PPO strict 1+5 reference,24755200,395232.28125,397801.0
DC-PPO strict 1+5 reference,24806400,399644.6875,397476.1354166667
DC-PPO strict 1+5 reference,24857600,397551.4375,398823.3854166667
DC-PPO strict 1+5 reference,24908800,399274.03125,397390.3333333333
DC-PPO strict 1+5 reference,24960000,395345.53125,397138.03125
DC-PPO strict 1+5 reference,25011200,396794.53125,396579.1875
DC-PPO strict 1+5 reference,25062400,397597.5,397162.875
DC-PPO strict 1+5 reference,25113600,397096.59375,396684.4375
DC-PPO strict 1+5 reference,25164800,395359.21875,395882.9583333333
DC-PPO strict 1+5 reference,25216000,395193.0625,395881.4583333333
DC-PPO strict 1+5 reference,25267200,397092.09375,395491.2708333333
DC-PPO strict 1+5 reference,25318400,394188.65625,395285.7604166667
DC-PPO strict 1+5 reference,25369600,394576.53125,394756.53125
DC-PPO strict 1+5 reference,25420800,395504.40625,397069.6458333333
DC-PPO strict 1+5 reference,25472000,401128.0,398820.0625
DC-PPO strict 1+5 reference,25523200,399827.78125,400020.4479166667
DC-PPO strict 1+5 reference,25574400,399105.5625,399268.4479166667
DC-PPO strict 1+5 reference,25625600,398872.0,399118.34375
DC-PPO strict 1+5 reference,25676800,399377.46875,398062.75
DC-PPO strict 1+5 reference,25728000,395938.78125,398015.1666666667
DC-PPO strict 1+5 reference,25779200,398729.25,398943.21875
DC-PPO strict 1+5 reference,25830400,402161.625,400186.3333333333
DC-PPO strict 1+5 reference,25881600,399668.125,400630.90625
DC-PPO strict 1+5 reference,25932800,400062.96875,401455.3229166667
DC-PPO strict 1+5 reference,25984000,404634.875,403428.8645833333
DC-PPO strict 1+5 reference,26035200,405588.75,404441.5
DC-PPO strict 1+5 reference,26086400,403100.875,403525.03125
DC-PPO strict 1+5 reference,26137600,401885.46875,401959.3229166667
DC-PPO strict 1+5 reference,26188800,400891.625,401307.65625
DC-PPO strict 1+5 reference,26240000,401145.875,402535.25
DC-PPO strict 1+5 reference,26291200,405568.25,403726.28125
DC-PPO strict 1+5 reference,26342400,404464.71875,404936.9583333333
DC-PPO strict 1+5 reference,26393600,404777.90625,404711.65625
DC-PPO strict 1+5 reference,26444800,404892.34375,405069.9166666667
DC-PPO strict 1+5 reference,26496000,405539.5,405798.6875
DC-PPO strict 1+5 reference,26547200,406964.21875,406606.8541666667
DC-PPO strict 1+5 reference,26598400,407316.84375,407476.1458333333
DC-PPO strict 1+5 reference,26649600,408147.375,407550.4479166667
DC-PPO strict 1+5 reference,26700800,407187.125,407616.3333333333
DC-PPO strict 1+5 reference,26752000,407514.5,407048.5625
DC-PPO strict 1+5 reference,26803200,406444.0625,406606.03125
DC-PPO strict 1+5 reference,26854400,405859.53125,405956.03125
DC-PPO strict 1+5 reference,26905600,405564.5,404800.3854166667
DC-PPO strict 1+5 reference,26956800,402977.125,405393.3333333333
DC-PPO strict 1+5 reference,27008000,407638.375,405491.4375
DC-PPO strict 1+5 reference,27059200,405858.8125,406236.0416666667
DC-PPO strict 1+5 reference,27110400,405210.9375,406166.5520833333
DC-PPO strict 1+5 reference,27161600,407429.90625,406346.9270833333
DC-PPO strict 1+5 reference,27212800,406399.9375,405661.25
DC-PPO strict 1+5 reference,27264000,403153.90625,405685.2708333333
DC-PPO strict 1+5 reference,27315200,407501.96875,405375.2916666667
DC-PPO strict 1+5 reference,27366400,405470.0,406152.21875
DC-PPO strict 1+5 reference,27417600,405484.6875,405051.7708333333
DC-PPO strict 1+5 reference,27468800,404200.625,405346.0208333333
DC-PPO strict 1+5 reference,27520000,406352.75,406602.0104166667
DC-PPO strict 1+5 reference,27571200,409252.65625,408142.71875
DC-PPO strict 1+5 reference,27622400,408822.75,408243.9375
DC-PPO strict 1+5 reference,27673600,406656.40625,406890.7083333333
DC-PPO strict 1+5 reference,27724800,405192.96875,406627.9375
DC-PPO strict 1+5 reference,27776000,408034.4375,407599.1145833333
DC-PPO strict 1+5 reference,27827200,409569.9375,409356.7916666667
DC-PPO strict 1+5 reference,27878400,410466.0,409991.71875
DC-PPO strict 1+5 reference,27929600,409939.21875,409694.53125
DC-PPO strict 1+5 reference,27980800,408678.375,409232.7395833333
DC-PPO strict 1+5 reference,28032000,409080.625,408785.46875
DC-PPO strict 1+5 reference,28083200,408597.40625,408379.4583333333
DC-PPO strict 1+5 reference,28134400,407460.34375,408007.5
DC-PPO strict 1+5 reference,28185600,407964.75,407112.15625
DC-PPO strict 1+5 reference,28236800,405911.375,408541.8645833333
DC-PPO strict 1+5 reference,28288000,411749.46875,408305.4375
DC-PPO strict 1+5 reference,28339200,407255.46875,408763.125
DC-PPO strict 1+5 reference,28390400,407284.4375,406627.21875
DC-PPO strict 1+5 reference,28441600,405341.75,405605.4791666667
DC-PPO strict 1+5 reference,28492800,404190.25,404063.1666666667
DC-PPO strict 1+5 reference,28544000,402657.5,402472.3645833333
DC-PPO strict 1+5 reference,28595200,400569.34375,399223.9791666667
DC-PPO strict 1+5 reference,28646400,394445.09375,397934.28125
DC-PPO strict 1+5 reference,28697600,398788.40625,397252.8333333333
DC-PPO strict 1+5 reference,28748800,398525.0,397819.375
DC-PPO strict 1+5 reference,28800000,396144.71875,397579.34375
DC-PPO strict 1+5 reference,28851200,398068.3125,397789.1354166667
DC-PPO strict 1+5 reference,28902400,399154.375,398307.9270833333
DC-PPO strict 1+5 reference,28953600,397701.09375,399314.4895833333
DC-PPO strict 1+5 reference,29004800,401088.0,399616.7708333333
DC-PPO strict 1+5 reference,29056000,400061.21875,401134.3541666667
DC-PPO strict 1+5 reference,29107200,402253.84375,401637.3958333333
DC-PPO strict 1+5 reference,29158400,402597.125,401800.4583333333
DC-PPO strict 1+5 reference,29209600,400550.40625,401075.6875
DC-PPO strict 1+5 reference,29260800,400079.53125,399822.5625
DC-PPO strict 1+5 reference,29312000,398837.75,400430.46875
DC-PPO strict 1+5 reference,29363200,402374.125,401054.1354166667
DC-PPO strict 1+5 reference,29414400,401950.53125,402135.3541666667
DC-PPO strict 1+5 reference,29465600,402081.40625,401665.9270833333
DC-PPO strict 1+5 reference,29516800,400965.84375,401378.5
DC-PPO strict 1+5 reference,29568000,401088.25,401565.4583333333
DC-PPO strict 1+5 reference,29619200,402642.28125,401826.7604166667
DC-PPO strict 1+5 reference,29670400,401749.75,402450.1770833333
DC-PPO strict 1+5 reference,29721600,402958.5,402574.8333333333
DC-PPO strict 1+5 reference,29772800,403016.25,402258.8229166667
DC-PPO strict 1+5 reference,29824000,400801.71875,403073.875
DC-PPO strict 1+5 reference,29875200,405403.65625,403723.6666666667
DC-PPO strict 1+5 reference,29926400,404965.625,405877.2916666667
DC-PPO strict 1+5 reference,29977600,407262.59375,406137.625
DC-PPO strict 1+5 reference,30028800,406184.65625,405748.6979166667
DC-PPO strict 1+5 reference,30080000,403798.84375,405586.625
DC-PPO strict 1+5 reference,30131200,406776.375,406414.6145833333
DC-PPO strict 1+5 reference,30182400,408668.625,407215.7291666667
DC-PPO strict 1+5 reference,30233600,406202.1875,407337.4166666667
DC-PPO strict 1+5 reference,30284800,407141.4375,406111.2708333333
DC-PPO strict 1+5 reference,30336000,404990.1875,405718.7708333333
DC-PPO strict 1+5 reference,30387200,405024.6875,407513.71875
DC-PPO strict 1+5 reference,30438400,412526.28125,410109.75
DC-PPO strict 1+5 reference,30489600,412778.28125,413352.3958333333
DC-PPO strict 1+5 reference,30540800,414752.625,414072.8333333333
DC-PPO strict 1+5 reference,30592000,414687.59375,413717.5625
DC-PPO strict 1+5 reference,30643200,411712.46875,413014.78125
DC-PPO strict 1+5 reference,30694400,412644.28125,412708.21875
DC-PPO strict 1+5 reference,30745600,413767.90625,414157.4166666667
DC-PPO strict 1+5 reference,30796800,416060.0625,415446.125
DC-PPO strict 1+5 reference,30848000,416510.40625,416045.8958333333
DC-PPO strict 1+5 reference,30899200,415567.21875,415579.1666666667
DC-PPO strict 1+5 reference,30950400,414659.875,416491.4895833333
DC-PPO strict 1+5 reference,31001600,419247.375,417566.125
DC-PPO strict 1+5 reference,31052800,418791.125,418917.6770833333
DC-PPO strict 1+5 reference,31104000,418714.53125,419125.2916666667
DC-PPO strict 1+5 reference,31155200,419870.21875,420165.65625
DC-PPO strict 1+5 reference,31206400,421912.21875,420211.25
DC-PPO strict 1+5 reference,31257600,418851.3125,420269.9375
DC-PPO strict 1+5 reference,31308800,420046.28125,419395.3229166667
DC-PPO strict 1+5 reference,31360000,419288.375,419056.0
DC-PPO strict 1+5 reference,31411200,417833.34375,416925.2916666667
DC-PPO strict 1+5 reference,31462400,413654.15625,415288.0729166667
DC-PPO strict 1+5 reference,31513600,414376.71875,413830.9791666667
DC-PPO strict 1+5 reference,31564800,413462.0625,413143.9583333333
DC-PPO strict 1+5 reference,31616000,411593.09375,412648.8541666667
DC-PPO strict 1+5 reference,31667200,412891.40625,412463.2395833333
DC-PPO strict 1+5 reference,31718400,412905.21875,412658.0
DC-PPO strict 1+5 reference,31769600,412177.375,412610.2604166667
DC-PPO strict 1+5 reference,31820800,412748.1875,412940.1875
DC-PPO strict 1+5 reference,31872000,413895.0,413741.0729166667
DC-PPO strict 1+5 reference,31923200,414580.03125,415120.8333333333
DC-PPO strict 1+5 reference,31974400,416887.46875,415115.21875
DC-PPO strict 1+5 reference,32025600,413878.15625,415832.46875
DC-PPO strict 1+5 reference,32076800,416731.78125,415187.84375
DC-PPO strict 1+5 reference,32128000,414953.59375,415605.75
DC-PPO strict 1+5 reference,32179200,415131.875,414170.15625
DC-PPO strict 1+5 reference,32230400,412425.0,415069.6458333333
DC-PPO strict 1+5 reference,32281600,417652.0625,415098.4166666667
DC-PPO strict 1+5 reference,32332800,415218.1875,415756.7395833333
DC-PPO strict 1+5 reference,32384000,414399.96875,414533.3333333333
DC-PPO strict 1+5 reference,32435200,413981.84375,414174.2916666667
DC-PPO strict 1+5 reference,32486400,414141.0625,414677.4479166667
DC-PPO strict 1+5 reference,32537600,415909.4375,415005.6875
DC-PPO strict 1+5 reference,32588800,414966.5625,415970.2604166667
DC-PPO strict 1+5 reference,32640000,417034.78125,417431.5416666667
DC-PPO strict 1+5 reference,32691200,420293.28125,418023.8958333333
DC-PPO strict 1+5 reference,32742400,416743.625,418917.5729166667
DC-PPO strict 1+5 reference,32793600,419715.8125,418974.53125
DC-PPO strict 1+5 reference,32844800,420464.15625,420470.4791666667
DC-PPO strict 1+5 reference,32896000,421231.46875,419641.0833333333
DC-PPO strict 1+5 reference,32947200,417227.625,419342.75
DC-PPO strict 1+5 reference,32998400,419569.15625,418181.5833333333
DC-PPO strict 1+5 reference,33049600,417747.96875,418542.40625
DC-PPO strict 1+5 reference,33100800,418310.09375,418038.4375
DC-PPO strict 1+5 reference,33152000,418057.25,418589.7083333333
DC-PPO strict 1+5 reference,33203200,419401.78125,419634.75
DC-PPO strict 1+5 reference,33254400,421445.21875,419905.9479166667
DC-PPO strict 1+5 reference,33305600,418870.84375,419489.8645833333
DC-PPO strict 1+5 reference,33356800,418153.53125,418071.25
DC-PPO strict 1+5 reference,33408000,417189.375,418329.7916666667
DC-PPO strict 1+5 reference,33459200,419646.46875,420490.625
DC-PPO strict 1+5 reference,33510400,424636.03125,422940.0833333333
DC-PPO strict 1+5 reference,33561600,424537.75,423860.2395833333
DC-PPO strict 1+5 reference,33612800,422406.9375,422141.5
DC-PPO strict 1+5 reference,33664000,419479.8125,421664.0833333333
DC-PPO strict 1+5 reference,33715200,423105.5,421701.53125
DC-PPO strict 1+5 reference,33766400,422519.28125,422796.5208333333
DC-PPO strict 1+5 reference,33817600,422764.78125,422917.875
DC-PPO strict 1+5 reference,33868800,423469.5625,423365.75
DC-PPO strict 1+5 reference,33920000,423862.90625,423959.53125
DC-PPO strict 1+5 reference,33971200,424546.125,424184.90625
DC-PPO strict 1+5 reference,34022400,424145.6875,424503.9166666667
DC-PPO strict 1+5 reference,34073600,424819.9375,424308.2395833333
DC-PPO strict 1+5 reference,34124800,423959.09375,423916.5833333333
DC-PPO strict 1+5 reference,34176000,422970.71875,423025.4166666667
DC-PPO strict 1+5 reference,34227200,422146.4375,423173.4895833333
DC-PPO strict 1+5 reference,34278400,424403.3125,423082.3958333333
DC-PPO strict 1+5 reference,34329600,422697.4375,423081.2395833333
DC-PPO strict 1+5 reference,34380800,422142.96875,421117.8229166667
DC-PPO strict 1+5 reference,34432000,418513.0625,420386.1979166667
DC-PPO strict 1+5 reference,34483200,420502.5625,419425.1666666667
DC-PPO strict 1+5 reference,34534400,419259.875,418938.0625
DC-PPO strict 1+5 reference,34585600,417051.75,418607.9895833333
DC-PPO strict 1+5 reference,34636800,419512.34375,418618.78125
DC-PPO strict 1+5 reference,34688000,419292.25,419521.5416666667
DC-PPO strict 1+5 reference,34739200,419760.03125,419267.3229166667
DC-PPO strict 1+5 reference,34790400,418749.6875,419655.1875
DC-PPO strict 1+5 reference,34841600,420455.84375,419403.5729166667
DC-PPO strict 1+5 reference,34892800,419005.1875,418356.40625
DC-PPO strict 1+5 reference,34944000,415608.1875,417522.3125
DC-PPO strict 1+5 reference,34995200,417953.5625,416013.6979166667
DC-PPO strict 1+5 reference,35046400,414479.34375,416510.0416666667
DC-PPO strict 1+5 reference,35097600,417097.21875,415582.5
DC-PPO strict 1+5 reference,35148800,415170.9375,416926.9583333333
DC-PPO strict 1+5 reference,35200000,418512.71875,417231.3333333333
DC-PPO strict 1+5 reference,35251200,418010.34375,418046.4583333333
DC-PPO strict 1+5 reference,35302400,417616.3125,418554.1354166667
DC-PPO strict 1+5 reference,35353600,420035.75,418779.8125
DC-PPO strict 1+5 reference,35404800,418687.375,419882.8229166667
DC-PPO strict 1+5 reference,35456000,420925.34375,420374.3958333333
DC-PPO strict 1+5 reference,35507200,421510.46875,421773.1041666667
DC-PPO strict 1+5 reference,35558400,422883.5,421602.5625
DC-PPO strict 1+5 reference,35609600,420413.71875,422571.625
DC-PPO strict 1+5 reference,35660800,424417.65625,422526.4270833333
DC-PPO strict 1+5 reference,35712000,422747.90625,423111.875
DC-PPO strict 1+5 reference,35763200,422170.0625,421852.375
DC-PPO strict 1+5 reference,35814400,420639.15625,421307.4895833333
DC-PPO strict 1+5 reference,35865600,421113.25,421369.46875
DC-PPO strict 1+5 reference,35916800,422356.0,421488.5833333333
DC-PPO strict 1+5 reference,35968000,420996.5,422059.2708333333
DC-PPO strict 1+5 reference,36019200,422825.3125,421871.28125
DC-PPO strict 1+5 reference,36070400,421792.03125,422428.3854166667
DC-PPO strict 1+5 reference,36121600,422667.8125,424062.5520833333
DC-PPO strict 1+5 reference,36172800,427727.8125,426343.3229166667
DC-PPO strict 1+5 reference,36224000,428634.34375,429001.2083333333
DC-PPO strict 1+5 reference,36275200,430641.46875,428684.5833333333
DC-PPO strict 1+5 reference,36326400,426777.9375,428421.53125
DC-PPO strict 1+5 reference,36377600,427845.1875,426757.9583333333
DC-PPO strict 1+5 reference,36428800,425650.75,426047.5208333333
DC-PPO strict 1+5 reference,36480000,424646.625,425864.4583333333
DC-PPO strict 1+5 reference,36531200,427296.0,425218.3125
DC-PPO strict 1+5 reference,36582400,423712.3125,425326.09375
DC-PPO strict 1+5 reference,36633600,424969.96875,424094.0208333333
DC-PPO strict 1+5 reference,36684800,423599.78125,424352.8854166667
DC-PPO strict 1+5 reference,36736000,424488.90625,423927.90625
DC-PPO strict 1+5 reference,36787200,423695.03125,423500.2395833333
DC-PPO strict 1+5 reference,36838400,422316.78125,423118.3333333333
DC-PPO strict 1+5 reference,36889600,423343.1875,423655.0104166667
DC-PPO strict 1+5 reference,36940800,425305.0625,423106.3333333333
DC-PPO strict 1+5 reference,36992000,420670.75,423425.6666666667
DC-PPO strict 1+5 reference,37043200,424301.1875,422635.875
DC-PPO strict 1+5 reference,37094400,422935.6875,423728.65625
DC-PPO strict 1+5 reference,37145600,423949.09375,423394.9583333333
DC-PPO strict 1+5 reference,37196800,423300.09375,424076.3645833333
DC-PPO strict 1+5 reference,37248000,424979.90625,424111.9583333333
DC-PPO strict 1+5 reference,37299200,424055.875,424072.7916666667
DC-PPO strict 1+5 reference,37350400,423182.59375,424934.5625
DC-PPO strict 1+5 reference,37401600,427565.21875,426723.6145833333
DC-PPO strict 1+5 reference,37452800,429423.03125,429404.4479166667
DC-PPO strict 1+5 reference,37504000,431225.09375,430866.5625
DC-PPO strict 1+5 reference,37555200,431951.5625,431422.09375
DC-PPO strict 1+5 reference,37606400,431089.625,431388.6770833333
DC-PPO strict 1+5 reference,37657600,431124.84375,430729.625
DC-PPO strict 1+5 reference,37708800,429974.40625,431700.7708333333
DC-PPO strict 1+5 reference,37760000,434003.0625,432165.8229166667
DC-PPO strict 1+5 reference,37811200,432520.0,433539.6979166667
DC-PPO strict 1+5 reference,37862400,434096.03125,433460.3229166667
DC-PPO strict 1+5 reference,37913600,433764.9375,434208.7604166667
DC-PPO strict 1+5 reference,37964800,434765.3125,433612.125
DC-PPO strict 1+5 reference,38016000,432306.125,432656.875
DC-PPO strict 1+5 reference,38067200,430899.1875,432327.7083333333
DC-PPO strict 1+5 reference,38118400,433777.8125,432630.2916666667
DC-PPO strict 1+5 reference,38169600,433213.875,432792.1770833333
DC-PPO strict 1+5 reference,38220800,431384.84375,432197.125
DC-PPO strict 1+5 reference,38272000,431992.65625,431013.375
DC-PPO strict 1+5 reference,38323200,429662.625,430367.6354166667
DC-PPO strict 1+5 reference,38374400,429447.625,430141.8229166667
DC-PPO strict 1+5 reference,38425600,431315.21875,430361.25
DC-PPO strict 1+5 reference,38476800,430320.90625,430483.1979166667
DC-PPO strict 1+5 reference,38528000,429813.46875,429956.1770833333
DC-PPO strict 1+5 reference,38579200,429734.15625,430395.4895833333
DC-PPO strict 1+5 reference,38630400,431638.84375,430852.6354166667
DC-PPO strict 1+5 reference,38681600,431184.90625,431904.1666666667
DC-PPO strict 1+5 reference,38732800,432888.75,432595.15625
DC-PPO strict 1+5 reference,38784000,433711.8125,434053.1145833333
DC-PPO strict 1+5 reference,38835200,435558.78125,434306.59375
DC-PPO strict 1+5 reference,38886400,433649.1875,435569.3958333333
DC-PPO strict 1+5 reference,38937600,437500.21875,435558.9583333333
DC-PPO strict 1+5 reference,38988800,435527.46875,435554.0520833333
DC-PPO strict 1+5 reference,39040000,433634.46875,433149.125
DC-PPO strict 1+5 reference,39091200,430285.4375,431847.9479166667
DC-PPO strict 1+5 reference,39142400,431623.9375,430653.9166666667
DC-PPO strict 1+5 reference,39193600,430052.375,429739.8854166667
DC-PPO strict 1+5 reference,39244800,427543.34375,428626.34375
DC-PPO strict 1+5 reference,39296000,428283.3125,428927.3229166667
DC-PPO strict 1+5 reference,39347200,430955.3125,430686.6458333333
DC-PPO strict 1+5 reference,39398400,432821.3125,432087.6458333333
DC-PPO strict 1+5 reference,39449600,432486.3125,432967.71875
DC-PPO strict 1+5 reference,39500800,433595.53125,433705.1354166667
DC-PPO strict 1+5 reference,39552000,435033.5625,433954.7708333333
DC-PPO strict 1+5 reference,39603200,433235.21875,433467.9479166667
DC-PPO strict 1+5 reference,39654400,432135.0625,433888.5104166667
DC-PPO strict 1+5 reference,39705600,436295.25,435073.5625
DC-PPO strict 1+5 reference,39756800,436790.375,436248.8854166667
DC-PPO strict 1+5 reference,39808000,435661.03125,436425.6875
DC-PPO strict 1+5 reference,39859200,436825.65625,437280.4270833333
DC-PPO strict 1+5 reference,39910400,439354.59375,438189.25
DC-PPO strict 1+5 reference,39961600,438387.5,437808.90625
DC-PPO strict 1+5 reference,40012800,435684.625,436372.25
DC-PPO strict 1+5 reference,40064000,435044.625,435585.4479166667
DC-PPO strict 1+5 reference,40115200,436027.09375,434155.0
DC-PPO strict 1+5 reference,40166400,431393.28125,433039.21875
DC-PPO strict 1+5 reference,40217600,431697.28125,431726.6979166667
DC-PPO strict 1+5 reference,40268800,432089.53125,431413.3333333333
DC-PPO strict 1+5 reference,40320000,430453.1875,431341.34375
DC-PPO strict 1+5 reference,40371200,431481.3125,430821.8958333333
DC-PPO strict 1+5 reference,40422400,430531.1875,432022.1979166667
DC-PPO strict 1+5 reference,40473600,434054.09375,433341.84375
DC-PPO strict 1+5 reference,40524800,435440.25,434085.78125
DC-PPO strict 1+5 reference,40576000,432763.0,433912.7395833333
DC-PPO strict 1+5 reference,40627200,433534.96875,432637.875
DC-PPO strict 1+5 reference,40678400,431615.65625,432066.3958333333
DC-PPO strict 1+5 reference,40729600,431048.5625,431590.4375
DC-PPO strict 1+5 reference,40780800,432107.09375,430960.4166666667
DC-PPO strict 1+5 reference,40832000,429725.59375,431193.0208333333
DC-PPO strict 1+5 reference,40883200,431746.375,431335.90625
DC-PPO strict 1+5 reference,40934400,432535.75,431672.8958333333
DC-PPO strict 1+5 reference,40985600,430736.5625,430699.2395833333
DC-PPO strict 1+5 reference,41036800,428825.40625,429427.9270833333
DC-PPO strict 1+5 reference,41088000,428721.8125,428978.1458333333
DC-PPO strict 1+5 reference,41139200,429387.21875,429363.53125
DC-PPO strict 1+5 reference,41190400,429981.5625,428694.1666666667
DC-PPO strict 1+5 reference,41241600,426713.71875,428634.7291666667
DC-PPO strict 1+5 reference,41292800,429208.90625,428635.0416666667
DC-PPO strict 1+5 reference,41344000,429982.5,428345.28125
DC-PPO strict 1+5 reference,41395200,425844.4375,427672.28125
DC-PPO strict 1+5 reference,41446400,427189.90625,427079.5104166667
DC-PPO strict 1+5 reference,41497600,428204.1875,427540.9479166667
DC-PPO strict 1+5 reference,41548800,427228.75,427935.3541666667
DC-PPO strict 1+5 reference,41600000,428373.125,428906.5833333333
DC-PPO strict 1+5 reference,41651200,431117.875,430226.8958333333
DC-PPO strict 1+5 reference,41702400,431189.6875,430942.40625
DC-PPO strict 1+5 reference,41753600,430519.65625,430755.9479166667
DC-PPO strict 1+5 reference,41804800,430558.5,430582.7916666667
DC-PPO strict 1+5 reference,41856000,430670.21875,431032.9166666667
DC-PPO strict 1+5 reference,41907200,431870.03125,432119.0208333333
DC-PPO strict 1+5 reference,41958400,433816.8125,432453.3125
DC-PPO strict 1+5 reference,42009600,431673.09375,432801.2083333333
DC-PPO strict 1+5 reference,42060800,432913.71875,431760.84375
DC-PPO strict 1+5 reference,42112000,430695.71875,432720.2916666667
DC-PPO strict 1+5 reference,42163200,434551.4375,433178.34375
DC-PPO strict 1+5 reference,42214400,434287.875,434423.1666666667
DC-PPO strict 1+5 reference,42265600,434430.1875,433816.9895833333
DC-PPO strict 1+5 reference,42316800,432732.90625,433232.9166666667
DC-PPO strict 1+5 reference,42368000,432535.65625,433542.0520833333
DC-PPO strict 1+5 reference,42419200,435357.59375,433305.90625
DC-PPO strict 1+5 reference,42470400,432024.46875,433674.78125
DC-PPO strict 1+5 reference,42521600,433642.28125,432435.71875
DC-PPO strict 1+5 reference,42572800,431640.40625,433510.4166666667
DC-PPO strict 1+5 reference,42624000,435248.5625,433271.0208333333
DC-PPO strict 1+5 reference,42675200,432924.09375,433525.3020833333
DC-PPO strict 1+5 reference,42726400,432403.25,431808.1979166667
DC-PPO strict 1+5 reference,42777600,430097.25,430832.46875
DC-PPO strict 1+5 reference,42828800,429996.90625,430078.28125
DC-PPO strict 1+5 reference,42880000,430140.6875,429653.9895833333
DC-PPO strict 1+5 reference,42931200,428824.375,430203.1666666667
DC-PPO strict 1+5 reference,42982400,431644.4375,430722.71875
DC-PPO strict 1+5 reference,43033600,431699.34375,431784.5
DC-PPO strict 1+5 reference,43084800,432009.71875,432669.3020833333
DC-PPO strict 1+5 reference,43136000,434298.84375,433580.8645833333
DC-PPO strict 1+5 reference,43187200,434434.03125,435078.8541666667
DC-PPO strict 1+5 reference,43238400,436503.6875,436063.0833333333
DC-PPO strict 1+5 reference,43289600,437251.53125,436387.3125
DC-PPO strict 1+5 reference,43340800,435406.71875,436646.15625
DC-PPO strict 1+5 reference,43392000,437280.21875,436567.8958333333
DC-PPO strict 1+5 reference,43443200,437016.75,436936.7604166667
DC-PPO strict 1+5 reference,43494400,436513.3125,437481.1875
DC-PPO strict 1+5 reference,43545600,438913.5,437401.03125
DC-PPO strict 1+5 reference,43596800,436776.28125,437542.8125
DC-PPO strict 1+5 reference,43648000,436938.65625,437261.34375
DC-PPO strict 1+5 reference,43699200,438069.09375,436714.6979166667
DC-PPO strict 1+5 reference,43750400,435136.34375,435121.2708333333
DC-PPO strict 1+5 reference,43801600,432158.375,433043.3645833333
DC-PPO strict 1+5 reference,43852800,431835.375,433033.0520833333
DC-PPO strict 1+5 reference,43904000,435105.40625,434782.1979166667
DC-PPO strict 1+5 reference,43955200,437405.8125,435978.40625
DC-PPO strict 1+5 reference,44006400,435424.0,435924.3229166667
DC-PPO strict 1+5 reference,44057600,434943.15625,435451.53125
DC-PPO strict 1+5 reference,44108800,435987.4375,435421.5625
DC-PPO strict 1+5 reference,44160000,435334.09375,437231.5416666667
DC-PPO strict 1+5 reference,44211200,440373.09375,439223.875
DC-PPO strict 1+5 reference,44262400,441964.4375,441118.5729166667
DC-PPO strict 1+5 reference,44313600,441018.1875,440628.6041666667
DC-PPO strict 1+5 reference,44364800,438903.1875,439268.3125
DC-PPO strict 1+5 reference,44416000,437883.5625,437758.7708333333
DC-PPO strict 1+5 reference,44467200,436489.5625,438053.9895833333
DC-PPO strict 1+5 reference,44518400,439788.84375,438727.78125
DC-PPO strict 1+5 reference,44569600,439904.9375,440702.7604166667
DC-PPO strict 1+5 reference,44620800,442414.5,441039.0104166667
DC-PPO strict 1+5 reference,44672000,440797.59375,441117.3333333333
DC-PPO strict 1+5 reference,44723200,440139.90625,440115.90625
DC-PPO strict 1+5 reference,44774400,439410.21875,438964.625
DC-PPO strict 1+5 reference,44825600,437343.75,437968.6458333333
DC-PPO strict 1+5 reference,44876800,437151.96875,437845.8229166667
DC-PPO strict 1+5 reference,44928000,439041.75,437935.84375
DC-PPO strict 1+5 reference,44979200,437613.8125,438918.0625
DC-PPO strict 1+5 reference,45030400,440098.625,438769.2916666667
DC-PPO strict 1+5 reference,45081600,438595.4375,439654.6770833333
DC-PPO strict 1+5 reference,45132800,440269.96875,439295.1354166667
DC-PPO strict 1+5 reference,45184000,439020.0,438940.5520833333
DC-PPO strict 1+5 reference,45235200,437531.6875,437775.1875
DC-PPO strict 1+5 reference,45286400,436773.875,436728.625
DC-PPO strict 1+5 reference,45337600,435880.3125,436543.7708333333
DC-PPO strict 1+5 reference,45388800,436977.125,436405.6458333333
DC-PPO strict 1+5 reference,45440000,436359.5,435091.5208333333
DC-PPO strict 1+5 reference,45491200,431937.9375,434311.75
DC-PPO strict 1+5 reference,45542400,434637.8125,433143.53125
DC-PPO strict 1+5 reference,45593600,432854.84375,433924.7604166667
DC-PPO strict 1+5 reference,45644800,434281.625,433388.0104166667
DC-PPO strict 1+5 reference,45696000,433027.5625,433838.3020833333
DC-PPO strict 1+5 reference,45747200,434205.71875,433080.2708333333
DC-PPO strict 1+5 reference,45798400,432007.53125,432068.9583333333
DC-PPO strict 1+5 reference,45849600,429993.625,430777.53125
DC-PPO strict 1+5 reference,45900800,430331.4375,430013.90625
DC-PPO strict 1+5 reference,45952000,429716.65625,430932.96875
DC-PPO strict 1+5 reference,46003200,432750.8125,430497.1145833333
DC-PPO strict 1+5 reference,46054400,429023.875,431026.0416666667
DC-PPO strict 1+5 reference,46105600,431303.4375,431148.5833333333
DC-PPO strict 1+5 reference,46156800,433118.4375,433467.7395833333
DC-PPO strict 1+5 reference,46208000,435981.34375,434178.8333333333
DC-PPO strict 1+5 reference,46259200,433436.71875,434240.96875
DC-PPO strict 1+5 reference,46310400,433304.84375,433721.3958333333
DC-PPO strict 1+5 reference,46361600,434422.625,433845.6875
DC-PPO strict 1+5 reference,46412800,433809.59375,433193.34375
DC-PPO strict 1+5 reference,46464000,431347.8125,432700.0833333333
DC-PPO strict 1+5 reference,46515200,432942.84375,431420.5416666667
DC-PPO strict 1+5 reference,46566400,429970.96875,431276.4583333333
DC-PPO strict 1+5 reference,46617600,430915.5625,432103.4791666667
DC-PPO strict 1+5 reference,46668800,435423.90625,433194.8229166667
DC-PPO strict 1+5 reference,46720000,433245.0,433681.46875
DC-PPO strict 1+5 reference,46771200,432375.5,432055.75
DC-PPO strict 1+5 reference,46822400,430546.75,430290.78125
DC-PPO strict 1+5 reference,46873600,427950.09375,429197.0104166667
DC-PPO strict 1+5 reference,46924800,429094.1875,427831.2604166667
DC-PPO strict 1+5 reference,46976000,426449.5,428094.3958333333
DC-PPO strict 1+5 reference,47027200,428739.5,428191.625
DC-PPO strict 1+5 reference,47078400,429385.875,429049.2395833333
DC-PPO strict 1+5 reference,47129600,429022.34375,430781.09375
DC-PPO strict 1+5 reference,47180800,433935.0625,431744.2708333333
DC-PPO strict 1+5 reference,47232000,432275.40625,433764.09375
DC-PPO strict 1+5 reference,47283200,435081.8125,434648.2708333333
DC-PPO strict 1+5 reference,47334400,436587.59375,436021.1354166667
DC-PPO strict 1+5 reference,47385600,436394.0,436349.1979166667
DC-PPO strict 1+5 reference,47436800,436066.0,435681.03125
DC-PPO strict 1+5 reference,47488000,434583.09375,434739.3125
DC-PPO strict 1+5 reference,47539200,433568.84375,433838.4270833333
DC-PPO strict 1+5 reference,47590400,433363.34375,432626.6041666667
DC-PPO strict 1+5 reference,47641600,430947.625,431265.4375
DC-PPO strict 1+5 reference,47692800,429485.34375,430475.2916666667
DC-PPO strict 1+5 reference,47744000,430992.90625,430564.3854166667
DC-PPO strict 1+5 reference,47795200,431214.90625,432246.2395833333
DC-PPO strict 1+5 reference,47846400,434530.90625,432468.625
DC-PPO strict 1+5 reference,47897600,431660.0625,433714.1666666667
DC-PPO strict 1+5 reference,47948800,434951.53125,433865.5104166667
DC-PPO strict 1+5 reference,48000000,434984.9375,434411.40625
DC-PPO strict 1+5 reference,48051200,433297.75,434415.0833333333
DC-PPO strict 1+5 reference,48102400,434962.5625,435144.78125
DC-PPO strict 1+5 reference,48153600,437174.03125,435564.40625
DC-PPO strict 1+5 reference,48204800,434556.625,436150.75
DC-PPO strict 1+5 reference,48256000,436721.59375,436600.2916666667
DC-PPO strict 1+5 reference,48307200,438522.65625,437620.6458333333
DC-PPO strict 1+5 reference,48358400,437617.6875,438966.65625
DC-PPO strict 1+5 reference,48409600,440759.625,439720.1041666667
DC-PPO strict 1+5 reference,48460800,440783.0,441113.1979166667
DC-PPO strict 1+5 reference,48512000,441796.96875,439714.2083333333
DC-PPO strict 1+5 reference,48563200,436562.65625,438403.8854166667
DC-PPO strict 1+5 reference,48614400,436852.03125,435331.1458333333
DC-PPO strict 1+5 reference,48665600,432578.75,433848.25
DC-PPO strict 1+5 reference,48716800,432113.96875,432356.9791666667
DC-PPO strict 1+5 reference,48768000,432378.21875,431997.7708333333
DC-PPO strict 1+5 reference,48819200,431501.125,432447.3854166667
DC-PPO strict 1+5 reference,48870400,433462.8125,432105.0208333333
DC-PPO strict 1+5 reference,48921600,431351.125,432266.0104166667
DC-PPO strict 1+5 reference,48972800,431984.09375,431793.1145833333
DC-PPO strict 1+5 reference,49024000,432044.125,431782.5104166667
DC-PPO strict 1+5 reference,49075200,431319.3125,431404.1145833333
DC-PPO strict 1+5 reference,49126400,430848.90625,431901.3229166667
DC-PPO strict 1+5 reference,49177600,433535.75,432675.6979166667
DC-PPO strict 1+5 reference,49228800,433642.4375,434210.9895833333
DC-PPO strict 1+5 reference,49280000,435454.78125,435486.5520833333
DC-PPO strict 1+5 reference,49331200,437362.4375,435936.1145833333
DC-PPO strict 1+5 reference,49382400,434991.125,435271.71875
DC-PPO strict 1+5 reference,49433600,433461.59375,434902.5208333333
DC-PPO strict 1+5 reference,49484800,436254.84375,435992.71875
DC-PPO strict 1+5 reference,49536000,438261.71875,436888.59375
DC-PPO strict 1+5 reference,49587200,436149.21875,437456.6041666667
DC-PPO strict 1+5 reference,49638400,437958.875,437104.46875
DC-PPO strict 1+5 reference,49689600,437205.3125,437762.1770833333
DC-PPO strict 1+5 reference,49740800,438122.34375,438543.28125
DC-PPO strict 1+5 reference,49792000,440302.1875,439256.84375
DC-PPO strict 1+5 reference,49843200,439346.0,438234.1666666667
DC-PPO strict 1+5 reference,49894400,435054.3125,436250.3645833333
DC-PPO strict 1+5 reference,49945600,434350.78125,434364.21875
DC-PPO strict 1+5 reference,49996800,433687.5625,433614.875
DC-PPO strict 1+5 reference,50025600,432806.28125,433322.4791666667
DC-PPO strict 1+5 reference,50076800,433473.59375,433285.8541666667
DC-PPO strict 1+5 reference,50128000,433577.6875,432921.0416666667
DC-PPO strict 1+5 reference,50179200,431711.84375,432505.8125
DC-PPO strict 1+5 reference,50230400,432227.90625,432211.7604166667
DC-PPO strict 1+5 reference,50281600,432695.53125,431645.40625
DC-PPO strict 1+5 reference,50332800,430012.78125,430288.3125
DC-PPO strict 1+5 reference,50384000,428156.625,428539.21875
DC-PPO strict 1+5 reference,50435200,427448.25,428258.4479166667
DC-PPO strict 1+5 reference,50486400,429170.46875,428148.0520833333
DC-PPO strict 1+5 reference,50537600,427825.4375,427796.875
DC-PPO strict 1+5 reference,50588800,426394.71875,426523.0625
DC-PPO strict 1+5 reference,50640000,425349.03125,426480.9375
DC-PPO strict 1+5 reference,50691200,427699.0625,427370.2916666667
DC-PPO strict 1+5 reference,50742400,429062.78125,429537.1354166667
DC-PPO strict 1+5 reference,50793600,431849.5625,430461.1770833333
DC-PPO strict 1+5 reference,50844800,430471.1875,431889.5729166667
DC-PPO strict 1+5 reference,50896000,433347.96875,432396.4791666667
DC-PPO strict 1+5 reference,50947200,433370.28125,433481.2708333333
DC-PPO strict 1+5 reference,50998400,433725.5625,434704.5104166667
DC-PPO strict 1+5 reference,51049600,437017.6875,436298.3645833333
DC-PPO strict 1+5 reference,51100800,438151.84375,437344.4270833333
DC-PPO strict 1+5 reference,51152000,436863.75,437454.8854166667
DC-PPO strict 1+5 reference,51203200,437349.0625,437122.3958333333
DC-PPO strict 1+5 reference,51254400,437154.375,438068.5625
DC-PPO strict 1+5 reference,51305600,439702.25,438640.1041666667
DC-PPO strict 1+5 reference,51356800,439063.6875,439753.2083333333
DC-PPO strict 1+5 reference,51408000,440493.6875,439733.9375
DC-PPO strict 1+5 reference,51459200,439644.4375,439891.59375
DC-PPO strict 1+5 reference,51510400,439536.65625,439984.5
DC-PPO strict 1+5 reference,51561600,440772.40625,440647.09375
DC-PPO strict 1+5 reference,51612800,441632.21875,441463.3854166667
DC-PPO strict 1+5 reference,51664000,441985.53125,441971.0208333333
DC-PPO strict 1+5 reference,51715200,442295.3125,441312.9479166667
DC-PPO strict 1+5 reference,51766400,439658.0,440006.9583333333
DC-PPO strict 1+5 reference,51817600,438067.5625,439038.15625
DC-PPO strict 1+5 reference,51868800,439388.90625,438141.6354166667
DC-PPO strict 1+5 reference,51920000,436968.4375,437306.4895833333
DC-PPO strict 1+5 reference,51971200,435562.125,437146.21875
DC-PPO strict 1+5 reference,52022400,438908.09375,437514.875
DC-PPO strict 1+5 reference,52073600,438074.40625,439623.7708333333
DC-PPO strict 1+5 reference,52124800,441888.8125,440113.1145833333
DC-PPO strict 1+5 reference,52176000,440376.125,440944.875
DC-PPO strict 1+5 reference,52227200,440569.6875,440745.21875
DC-PPO strict 1+5 reference,52278400,441289.84375,441350.90625
DC-PPO strict 1+5 reference,52329600,442193.1875,441097.6770833333
DC-PPO strict 1+5 reference,52380800,439810.0,440706.4479166667
DC-PPO strict 1+5 reference,52432000,440116.15625,440301.71875
DC-PPO strict 1+5 reference,52483200,440979.0,440337.4166666667
DC-PPO strict 1+5 reference,52534400,439917.09375,440531.0729166667
DC-PPO strict 1+5 reference,52585600,440697.125,440460.1458333333
DC-PPO strict 1+5 reference,52636800,440766.21875,441419.3020833333
DC-PPO strict 1+5 reference,52688000,442794.5625,440921.03125
DC-PPO strict 1+5 reference,52739200,439202.3125,440285.75
DC-PPO strict 1+5 reference,52790400,438860.375,438642.5208333333
DC-PPO strict 1+5 reference,52841600,437864.875,438708.3854166667
DC-PPO strict 1+5 reference,52892800,439399.90625,439184.3854166667
DC-PPO strict 1+5 reference,52944000,440288.375,439205.2708333333
DC-PPO strict 1+5 reference,52995200,437927.53125,439075.5208333333
DC-PPO strict 1+5 reference,53046400,439010.65625,439351.4479166667
DC-PPO strict 1+5 reference,53097600,441116.15625,439806.21875
DC-PPO strict 1+5 reference,53148800,439291.84375,440408.21875
DC-PPO strict 1+5 reference,53200000,440816.65625,439661.3020833333
DC-PPO strict 1+5 reference,53251200,438875.40625,439268.3020833333
DC-PPO strict 1+5 reference,53302400,438112.84375,438092.3541666667
DC-PPO strict 1+5 reference,53353600,437288.8125,437795.1458333333
DC-PPO strict 1+5 reference,53404800,437983.78125,438014.28125
DC-PPO strict 1+5 reference,53456000,438770.25,438270.8333333333
DC-PPO strict 1+5 reference,53507200,438058.46875,437327.2395833333
DC-PPO strict 1+5 reference,53558400,435153.0,436600.96875
DC-PPO strict 1+5 reference,53609600,436591.4375,436349.1979166667
DC-PPO strict 1+5 reference,53660800,437303.15625,436932.2604166667
DC-PPO strict 1+5 reference,53712000,436902.1875,436428.40625
DC-PPO strict 1+5 reference,53763200,435079.875,436798.53125
DC-PPO strict 1+5 reference,53814400,438413.53125,437217.90625
DC-PPO strict 1+5 reference,53865600,438160.3125,438626.4583333333
DC-PPO strict 1+5 reference,53916800,439305.53125,439227.2291666667
DC-PPO strict 1+5 reference,53968000,440215.84375,439366.8333333333
DC-PPO strict 1+5 reference,54019200,438579.125,439778.8958333333
DC-PPO strict 1+5 reference,54070400,440541.71875,439438.0104166667
DC-PPO strict 1+5 reference,54121600,439193.1875,439534.4479166667
DC-PPO strict 1+5 reference,54172800,438868.4375,438409.0520833333
DC-PPO strict 1+5 reference,54224000,437165.53125,438582.6145833333
DC-PPO strict 1+5 reference,54275200,439713.875,438988.25
DC-PPO strict 1+5 reference,54326400,440085.34375,440378.2916666667
DC-PPO strict 1+5 reference,54377600,441335.65625,442564.0
DC-PPO strict 1+5 reference,54428800,446271.0,443702.2083333333
DC-PPO strict 1+5 reference,54480000,443499.96875,444115.1041666667
DC-PPO strict 1+5 reference,54531200,442574.34375,442371.25
DC-PPO strict 1+5 reference,54582400,441039.4375,441265.5833333333
DC-PPO strict 1+5 reference,54633600,440182.96875,440252.0208333333
DC-PPO strict 1+5 reference,54684800,439533.65625,439164.21875
DC-PPO strict 1+5 reference,54736000,437776.03125,438228.4895833333
DC-PPO strict 1+5 reference,54787200,437375.78125,437039.46875
DC-PPO strict 1+5 reference,54838400,435966.59375,436448.3333333333
DC-PPO strict 1+5 reference,54889600,436002.625,435775.4895833333
DC-PPO strict 1+5 reference,54940800,435357.25,435992.59375
DC-PPO strict 1+5 reference,54992000,436617.90625,435733.4479166667
DC-PPO strict 1+5 reference,55043200,435225.1875,436400.46875
DC-PPO strict 1+5 reference,55094400,437358.3125,436491.3854166667
DC-PPO strict 1+5 reference,55145600,436890.65625,438713.7395833333
DC-PPO strict 1+5 reference,55196800,441892.25,441000.9895833333
DC-PPO strict 1+5 reference,55248000,444220.0625,443619.4270833333
DC-PPO strict 1+5 reference,55299200,444745.96875,444657.9166666667
DC-PPO strict 1+5 reference,55350400,445007.71875,444442.1979166667
DC-PPO strict 1+5 reference,55401600,443572.90625,444418.0416666667
DC-PPO strict 1+5 reference,55452800,444673.5,443732.3020833333
DC-PPO strict 1+5 reference,55504000,442950.5,444242.9583333333
DC-PPO strict 1+5 reference,55555200,445104.875,444368.1875
DC-PPO strict 1+5 reference,55606400,445049.1875,444923.0
DC-PPO strict 1+5 reference,55657600,444614.9375,443896.7604166667
DC-PPO strict 1+5 reference,55708800,442026.15625,442783.6666666667
DC-PPO strict 1+5 reference,55760000,441709.90625,440724.09375
DC-PPO strict 1+5 reference,55811200,438436.21875,439046.3125
DC-PPO strict 1+5 reference,55862400,436992.8125,438571.1770833333
DC-PPO strict 1+5 reference,55913600,440284.5,439233.9270833333
DC-PPO strict 1+5 reference,55964800,440424.46875,440061.59375
DC-PPO strict 1+5 reference,56016000,439475.8125,440044.8958333333
DC-PPO strict 1+5 reference,56067200,440234.40625,441712.8541666667
DC-PPO strict 1+5 reference,56118400,445428.34375,443395.59375
DC-PPO strict 1+5 reference,56169600,444524.03125,445312.0416666667
DC-PPO strict 1+5 reference,56220800,445983.75,445859.3958333333
DC-PPO strict 1+5 reference,56272000,447070.40625,446160.3541666667
DC-PPO strict 1+5 reference,56323200,445426.90625,446762.2708333333
DC-PPO strict 1+5 reference,56374400,447789.5,446836.5416666667
DC-PPO strict 1+5 reference,56425600,447293.21875,447223.375
DC-PPO strict 1+5 reference,56476800,446587.40625,448077.5833333333
DC-PPO strict 1+5 reference,56528000,450352.125,448741.0833333333
DC-PPO strict 1+5 reference,56579200,449283.71875,449384.6666666667
DC-PPO strict 1+5 reference,56630400,448518.15625,448266.4479166667
DC-PPO strict 1+5 reference,56681600,446997.46875,446826.3854166667
DC-PPO strict 1+5 reference,56732800,444963.53125,445848.7708333333
DC-PPO strict 1+5 reference,56784000,445585.3125,446050.5416666667
DC-PPO strict 1+5 reference,56835200,447602.78125,447487.46875
DC-PPO strict 1+5 reference,56886400,449274.3125,448522.1770833333
DC-PPO strict 1+5 reference,56937600,448689.4375,449213.21875
DC-PPO strict 1+5 reference,56988800,449675.90625,449085.5729166667
DC-PPO strict 1+5 reference,57040000,448891.375,448916.0416666667
DC-PPO strict 1+5 reference,57091200,448180.84375,448142.0520833333
DC-PPO strict 1+5 reference,57142400,447353.9375,448726.5208333333
DC-PPO strict 1+5 reference,57193600,450644.78125,449275.2916666667
DC-PPO strict 1+5 reference,57244800,449827.15625,450805.0104166667
DC-PPO strict 1+5 reference,57296000,451943.09375,450462.5625
DC-PPO strict 1+5 reference,57347200,449617.4375,450796.7916666667
DC-PPO strict 1+5 reference,57398400,450829.84375,449663.5
DC-PPO strict 1+5 reference,57449600,448543.21875,449945.5208333333
DC-PPO strict 1+5 reference,57500800,450463.5,450173.5520833333
DC-PPO strict 1+5 reference,57552000,451513.9375,451352.2291666667
DC-PPO strict 1+5 reference,57603200,452079.25,451594.4479166667
DC-PPO strict 1+5 reference,57654400,451190.15625,451081.875
DC-PPO strict 1+5 reference,57705600,449976.21875,450861.78125
DC-PPO strict 1+5 reference,57756800,451418.96875,450944.6041666667
DC-PPO strict 1+5 reference,57808000,451438.625,451121.2708333333
DC-PPO strict 1+5 reference,57859200,450506.21875,449577.8125
DC-PPO strict 1+5 reference,57910400,446788.59375,448312.2291666667
DC-PPO strict 1+5 reference,57961600,447641.875,447481.5729166667
DC-PPO strict 1+5 reference,58012800,448014.25,447928.5104166667
DC-PPO strict 1+5 reference,58064000,448129.40625,449015.6770833333
DC-PPO strict 1+5 reference,58115200,450903.375,450372.6979166667
DC-PPO strict 1+5 reference,58166400,452085.3125,452122.8125
DC-PPO strict 1+5 reference,58217600,453379.75,452774.8645833333
DC-PPO strict 1+5 reference,58268800,452859.53125,453024.3958333333
DC-PPO strict 1+5 reference,58320000,452833.90625,452820.6875
DC-PPO strict 1+5 reference,58371200,452768.625,452856.7291666667
DC-PPO strict 1+5 reference,58422400,452967.65625,452500.9583333333
DC-PPO strict 1+5 reference,58473600,451766.59375,452598.0833333333
DC-PPO strict 1+5 reference,58524800,453060.0,452488.1770833333
DC-PPO strict 1+5 reference,58576000,452637.9375,452762.5208333333
DC-PPO strict 1+5 reference,58627200,452589.625,452888.53125
DC-PPO strict 1+5 reference,58678400,453438.03125,452256.4166666667
DC-PPO strict 1+5 reference,58729600,450741.59375,450617.9791666667
DC-PPO strict 1+5 reference,58780800,447674.3125,449138.8958333333
DC-PPO strict 1+5 reference,58832000,449000.78125,448303.84375
DC-PPO strict 1+5 reference,58883200,448236.4375,448480.1979166667
DC-PPO strict 1+5 reference,58934400,448203.375,448211.2604166667
DC-PPO strict 1+5 reference,58985600,448193.96875,447480.3229166667
DC-PPO strict 1+5 reference,59036800,446043.625,446521.28125
DC-PPO strict 1+5 reference,59088000,445326.25,445771.59375
DC-PPO strict 1+5 reference,59139200,445944.90625,446369.6041666667
DC-PPO strict 1+5 reference,59190400,447837.65625,447177.2604166667
DC-PPO strict 1+5 reference,59241600,447749.21875,448212.0833333333
DC-PPO strict 1+5 reference,59292800,449049.375,448431.90625
DC-PPO strict 1+5 reference,59344000,448497.125,448342.5625
DC-PPO strict 1+5 reference,59395200,447481.1875,448466.7395833333
DC-PPO strict 1+5 reference,59446400,449421.90625,449047.4895833333
DC-PPO strict 1+5 reference,59497600,450239.375,449758.8541666667
DC-PPO strict 1+5 reference,59548800,449615.28125,450227.6458333333
DC-PPO strict 1+5 reference,59600000,450828.28125,450223.46875
DC-PPO strict 1+5 reference,59651200,450226.84375,452139.2916666667
DC-PPO strict 1+5 reference,59702400,455362.75,452724.5729166667
DC-PPO strict 1+5 reference,59753600,452584.125,452752.6770833333
DC-PPO strict 1+5 reference,59804800,450311.15625,451673.5833333333
DC-PPO strict 1+5 reference,59856000,452125.46875,451337.28125
DC-PPO strict 1+5 reference,59907200,451575.21875,451907.875
DC-PPO strict 1+5 reference,59958400,452022.9375,451643.40625
DC-PPO strict 1+5 reference,60009600,451332.0625,451838.3958333333
DC-PPO strict 1+5 reference,60060800,452160.1875,451148.6458333333
DC-PPO strict 1+5 reference,60112000,449953.6875,450654.1770833333
DC-PPO strict 1+5 reference,60163200,449848.65625,450496.25
DC-PPO strict 1+5 reference,60214400,451686.40625,450776.0208333333
DC-PPO strict 1+5 reference,60265600,450793.0,452739.8541666667
DC-PPO strict 1+5 reference,60316800,455740.15625,453758.3229166667
DC-PPO strict 1+5 reference,60368000,454741.8125,454517.5520833333
DC-PPO strict 1+5 reference,60419200,453070.6875,453286.9583333333
DC-PPO strict 1+5 reference,60470400,452048.375,452004.3541666667
DC-PPO strict 1+5 reference,60521600,450894.0,451117.59375
DC-PPO strict 1+5 reference,60572800,450410.40625,450707.4375
DC-PPO strict 1+5 reference,60624000,450817.90625,450919.875
DC-PPO strict 1+5 reference,60675200,451531.3125,451970.40625
DC-PPO strict 1+5 reference,60726400,453562.0,452848.5416666667
DC-PPO strict 1+5 reference,60777600,453452.3125,452958.4270833333
DC-PPO strict 1+5 reference,60828800,451860.96875,452466.7291666667
DC-PPO strict 1+5 reference,60880000,452086.90625,452775.1875
DC-PPO strict 1+5 reference,60931200,454377.6875,452235.1979166667
DC-PPO strict 1+5 reference,60982400,450241.0,452535.8020833333
DC-PPO strict 1+5 reference,61033600,452988.71875,451589.4375
DC-PPO strict 1+5 reference,61084800,451538.59375,452829.0416666667
DC-PPO strict 1+5 reference,61136000,453959.8125,452515.4270833333
DC-PPO strict 1+5 reference,61187200,452047.875,454242.3645833333
DC-PPO strict 1+5 reference,61238400,456719.40625,455050.9270833333
DC-PPO strict 1+5 reference,61289600,456385.5,456212.1041666667
DC-PPO strict 1+5 reference,61340800,455531.40625,456034.8125
DC-PPO strict 1+5 reference,61392000,456187.53125,455636.8541666667
DC-PPO strict 1+5 reference,61443200,455191.625,454321.7708333333
DC-PPO strict 1+5 reference,61494400,451586.15625,453018.59375
DC-PPO strict 1+5 reference,61545600,452278.0,451336.7916666667
DC-PPO strict 1+5 reference,61596800,450146.21875,452285.53125
DC-PPO strict 1+5 reference,61648000,454432.375,453088.5416666667
DC-PPO strict 1+5 reference,61699200,454687.03125,452633.09375
DC-PPO strict 1+5 reference,61750400,448779.875,452107.7291666667
DC-PPO strict 1+5 reference,61801600,452856.28125,451340.0520833333
DC-PPO strict 1+5 reference,61852800,452384.0,452334.5729166667
DC-PPO strict 1+5 reference,61904000,451763.4375,452107.6458333333
DC-PPO strict 1+5 reference,61955200,452175.5,451457.3958333333
DC-PPO strict 1+5 reference,62006400,450433.25,451292.0729166667
DC-PPO strict 1+5 reference,62057600,451267.46875,451919.03125
DC-PPO strict 1+5 reference,62108800,454056.375,453221.0833333333
DC-PPO strict 1+5 reference,62160000,454339.40625,453241.3125
DC-PPO strict 1+5 reference,62211200,451328.15625,452850.25
DC-PPO strict 1+5 reference,62262400,452883.1875,451711.0520833333
DC-PPO strict 1+5 reference,62313600,450921.8125,451262.4895833333
DC-PPO strict 1+5 reference,62364800,449982.46875,450057.9479166667
DC-PPO strict 1+5 reference,62416000,449269.5625,449392.7916666667
DC-PPO strict 1+5 reference,62467200,448926.34375,449479.3958333333
DC-PPO strict 1+5 reference,62518400,450242.28125,449682.8645833333
DC-PPO strict 1+5 reference,62569600,449879.96875,449721.0625
DC-PPO strict 1+5 reference,62620800,449040.9375,448936.53125
DC-PPO strict 1+5 reference,62672000,447888.6875,448933.4479166667
DC-PPO strict 1+5 reference,62723200,449870.71875,449330.5833333333
DC-PPO strict 1+5 reference,62774400,450232.34375,450660.6875
DC-PPO strict 1+5 reference,62825600,451879.0,450640.9895833333
DC-PPO strict 1+5 reference,62876800,449811.625,449609.8854166667
DC-PPO strict 1+5 reference,62928000,447139.03125,448972.7916666667
DC-PPO strict 1+5 reference,62979200,449967.71875,449889.4166666667
DC-PPO strict 1+5 reference,63030400,452561.5,451729.09375
DC-PPO strict 1+5 reference,63081600,452658.0625,451604.5104166667
DC-PPO strict 1+5 reference,63132800,449593.96875,451156.5416666667
DC-PPO strict 1+5 reference,63184000,451217.59375,449924.1145833333
DC-PPO strict 1+5 reference,63235200,448960.78125,449847.5833333333
DC-PPO strict 1+5 reference,63286400,449364.375,448729.53125
DC-PPO strict 1+5 reference,63337600,447863.4375,448952.0416666667
DC-PPO strict 1+5 reference,63388800,449628.3125,449361.9479166667
DC-PPO strict 1+5 reference,63440000,450594.09375,450323.9791666667
DC-PPO strict 1+5 reference,63491200,450749.53125,451281.0
DC-PPO strict 1+5 reference,63542400,452499.375,452271.0833333333
DC-PPO strict 1+5 reference,63593600,453564.34375,452571.6979166667
DC-PPO strict 1+5 reference,63644800,451651.375,453274.5416666667
DC-PPO strict 1+5 reference,63696000,454607.90625,452970.8854166667
DC-PPO strict 1+5 reference,63747200,452653.375,452782.90625
DC-PPO strict 1+5 reference,63798400,451087.4375,452602.21875
DC-PPO strict 1+5 reference,63849600,454065.84375,453622.2291666667
DC-PPO strict 1+5 reference,63900800,455713.40625,456347.1875
DC-PPO strict 1+5 reference,63952000,459262.3125,457881.5
DC-PPO strict 1+5 reference,64003200,458668.78125,458849.5
DC-PPO strict 1+5 reference,64054400,458617.40625,458721.1458333333
DC-PPO strict 1+5 reference,64105600,458877.25,458018.1354166667
DC-PPO strict 1+5 reference,64156800,456559.75,457552.5416666667
DC-PPO strict 1+5 reference,64208000,457220.625,457254.78125
DC-PPO strict 1+5 reference,64259200,457983.96875,457793.65625
DC-PPO strict 1+5 reference,64310400,458176.375,458821.0729166667
DC-PPO strict 1+5 reference,64361600,460302.875,459086.2291666667
DC-PPO strict 1+5 reference,64412800,458779.4375,459292.6979166667
DC-PPO strict 1+5 reference,64464000,458795.78125,459243.5729166667
DC-PPO strict 1+5 reference,64515200,460155.5,459614.1458333333
DC-PPO strict 1+5 reference,64566400,459891.15625,460730.7395833333
DC-PPO strict 1+5 reference,64617600,462145.5625,461580.5
DC-PPO strict 1+5 reference,64668800,462704.78125,462885.78125
DC-PPO strict 1+5 reference,64720000,463807.0,463657.9270833333
DC-PPO strict 1+5 reference,64771200,464462.0,464223.875
DC-PPO strict 1+5 reference,64822400,464402.625,464818.8020833333
DC-PPO strict 1+5 reference,64873600,465591.78125,463916.4375
DC-PPO strict 1+5 reference,64924800,461754.90625,463937.1979166667
DC-PPO strict 1+5 reference,64976000,464464.90625,463608.09375
DC-PPO strict 1+5 reference,65027200,464604.46875,464061.3333333333
DC-PPO strict 1+5 reference,65078400,463114.625,462677.3541666667
DC-PPO strict 1+5 reference,65129600,460312.96875,461783.3229166667
DC-PPO strict 1+5 reference,65180800,461922.375,461619.0208333333
DC-PPO strict 1+5 reference,65232000,462621.71875,462191.3020833333
DC-PPO strict 1+5 reference,65283200,462029.8125,461453.2083333333
DC-PPO strict 1+5 reference,65334400,459708.09375,460329.6145833333
DC-PPO strict 1+5 reference,65385600,459250.9375,460054.7395833333
DC-PPO strict 1+5 reference,65436800,461205.1875,460304.0625
DC-PPO strict 1+5 reference,65488000,460456.0625,460063.21875
DC-PPO strict 1+5 reference,65539200,458528.40625,458734.2395833333
DC-PPO strict 1+5 reference,65590400,457218.25,456878.2291666667
DC-PPO strict 1+5 reference,65641600,454888.03125,455806.7916666667
DC-PPO strict 1+5 reference,65692800,455314.09375,455324.7083333333
DC-PPO strict 1+5 reference,65744000,455772.0,454519.0833333333
DC-PPO strict 1+5 reference,65795200,452471.15625,453383.34375
DC-PPO strict 1+5 reference,65846400,451906.875,452104.9791666667
DC-PPO strict 1+5 reference,65897600,451936.90625,452631.3541666667
DC-PPO strict 1+5 reference,65948800,454050.28125,452581.3645833333
DC-PPO strict 1+5 reference,66000000,451756.90625,452069.0
DC-PPO strict 1+5 reference,66051200,450399.8125,451745.28125
DC-PPO strict 1+5 reference,66102400,453079.125,452121.3645833333
DC-PPO strict 1+5 reference,66153600,452885.15625,453004.3541666667
DC-PPO strict 1+5 reference,66204800,453048.78125,453048.59375
DC-PPO strict 1+5 reference,66256000,453211.84375,453635.8541666667
DC-PPO strict 1+5 reference,66307200,454646.9375,454337.4270833333
DC-PPO strict 1+5 reference,66358400,455153.5,454724.21875
DC-PPO strict 1+5 reference,66409600,454372.21875,454426.0520833333
DC-PPO strict 1+5 reference,66460800,453752.4375,454294.0208333333
DC-PPO strict 1+5 reference,66512000,454757.40625,454000.1145833333
DC-PPO strict 1+5 reference,66563200,453490.5,453724.6041666667
DC-PPO strict 1+5 reference,66614400,452925.90625,452230.5729166667
DC-PPO strict 1+5 reference,66665600,450275.3125,451358.3125
DC-PPO strict 1+5 reference,66716800,450873.71875,451538.9166666667
DC-PPO strict 1+5 reference,66768000,453467.71875,452573.7916666667
DC-PPO strict 1+5 reference,66819200,453379.9375,453340.65625
DC-PPO strict 1+5 reference,66870400,453174.3125,453598.0208333333
DC-PPO strict 1+5 reference,66921600,454239.8125,453584.5520833333
DC-PPO strict 1+5 reference,66972800,453339.53125,453639.6979166667
DC-PPO strict 1+5 reference,67024000,453339.75,452255.8645833333
DC-PPO strict 1+5 reference,67075200,450088.3125,451537.0416666667
DC-PPO strict 1+5 reference,67126400,451183.0625,450807.8541666667
DC-PPO strict 1+5 reference,67177600,451152.1875,451367.625
DC-PPO strict 1+5 reference,67228800,451767.625,451699.84375
DC-PPO strict 1+5 reference,67280000,452179.71875,451967.40625
DC-PPO strict 1+5 reference,67331200,451954.875,452596.5833333333
DC-PPO strict 1+5 reference,67382400,453655.15625,453444.7395833333
DC-PPO strict 1+5 reference,67433600,454724.1875,454577.8541666667
DC-PPO strict 1+5 reference,67484800,455354.21875,454811.7291666667
DC-PPO strict 1+5 reference,67536000,454356.78125,454635.3229166667
DC-PPO strict 1+5 reference,67587200,454194.96875,454510.2916666667
DC-PPO strict 1+5 reference,67638400,454979.125,454286.9791666667
DC-PPO strict 1+5 reference,67689600,453686.84375,454014.5416666667
DC-PPO strict 1+5 reference,67740800,453377.65625,453460.1354166667
DC-PPO strict 1+5 reference,67792000,453315.90625,453357.6770833333
DC-PPO strict 1+5 reference,67843200,453379.46875,453317.3020833333
DC-PPO strict 1+5 reference,67894400,453256.53125,454028.3229166667
DC-PPO strict 1+5 reference,67945600,455448.96875,453984.5520833333
DC-PPO strict 1+5 reference,67996800,453248.15625,454679.96875
DC-PPO strict 1+5 reference,68048000,455342.78125,454558.09375
DC-PPO strict 1+5 reference,68099200,455083.34375,455693.09375
DC-PPO strict 1+5 reference,68150400,456653.15625,455935.2604166667
DC-PPO strict 1+5 reference,68201600,456069.28125,456656.7916666667
DC-PPO strict 1+5 reference,68252800,457247.9375,457607.8125
DC-PPO strict 1+5 reference,68304000,459506.21875,458032.9166666667
DC-PPO strict 1+5 reference,68355200,457344.59375,457947.40625
DC-PPO strict 1+5 reference,68406400,456991.40625,458212.0104166667
DC-PPO strict 1+5 reference,68457600,460300.03125,458920.21875
DC-PPO strict 1+5 reference,68508800,459469.21875,459124.8854166667
DC-PPO strict 1+5 reference,68560000,457605.40625,458513.8958333333
DC-PPO strict 1+5 reference,68611200,458467.0625,457744.75
DC-PPO strict 1+5 reference,68662400,457161.78125,456322.4895833333
DC-PPO strict 1+5 reference,68713600,453338.625,454788.6041666667
DC-PPO strict 1+5 reference,68764800,453865.40625,453538.8333333333
DC-PPO strict 1+5 reference,68816000,453412.46875,453632.7291666667
DC-PPO strict 1+5 reference,68867200,453620.3125,453149.0625
DC-PPO strict 1+5 reference,68918400,452414.40625,451944.3854166667
DC-PPO strict 1+5 reference,68969600,449798.4375,451453.2604166667
DC-PPO strict 1+5 reference,69020800,452146.9375,451620.6666666667
DC-PPO strict 1+5 reference,69072000,452916.625,452595.0104166667
DC-PPO strict 1+5 reference,69123200,452721.46875,453393.3333333333
DC-PPO strict 1+5 reference,69174400,454541.90625,453566.3020833333
DC-PPO strict 1+5 reference,69225600,453435.53125,453745.3854166667
DC-PPO strict 1+5 reference,69276800,453258.71875,453709.7708333333
DC-PPO strict 1+5 reference,69328000,454435.0625,455008.9479166667
DC-PPO strict 1+5 reference,69379200,457333.0625,456357.375
DC-PPO strict 1+5 reference,69430400,457304.0,456309.4166666667
DC-PPO strict 1+5 reference,69481600,454291.1875,454914.4270833333
DC-PPO strict 1+5 reference,69532800,453148.09375,453592.46875
DC-PPO strict 1+5 reference,69584000,453338.125,453724.15625
DC-PPO strict 1+5 reference,69635200,454686.25,453714.7708333333
DC-PPO strict 1+5 reference,69686400,453119.9375,454926.1458333333
DC-PPO strict 1+5 reference,69737600,456972.25,455618.0208333333
DC-PPO strict 1+5 reference,69788800,456761.875,456741.78125
DC-PPO strict 1+5 reference,69840000,456491.21875,456977.4583333333
DC-PPO strict 1+5 reference,69891200,457679.28125,457007.2604166667
DC-PPO strict 1+5 reference,69942400,456851.28125,457138.8020833333
DC-PPO strict 1+5 reference,69993600,456885.84375,456521.7291666667
DC-PPO strict 1+5 reference,70044800,455828.0625,456383.96875
DC-PPO strict 1+5 reference,70096000,456438.0,456854.9583333333
DC-PPO strict 1+5 reference,70147200,458298.8125,456684.9166666667
DC-PPO strict 1+5 reference,70198400,455317.9375,456060.03125
DC-PPO strict 1+5 reference,70249600,454563.34375,455252.8333333333
DC-PPO strict 1+5 reference,70300800,455877.21875,455301.40625
DC-PPO strict 1+5 reference,70352000,455463.65625,455431.4895833333
DC-PPO strict 1+5 reference,70403200,454953.59375,454949.09375
DC-PPO strict 1+5 reference,70454400,454430.03125,455078.2604166667
DC-PPO strict 1+5 reference,70505600,455851.15625,455837.8854166667
DC-PPO strict 1+5 reference,70556800,457232.46875,458045.9270833333
DC-PPO strict 1+5 reference,70608000,461054.15625,459840.5416666667
DC-PPO strict 1+5 reference,70659200,461235.0,461742.71875
DC-PPO strict 1+5 reference,70710400,462939.0,461540.1458333333
DC-PPO strict 1+5 reference,70761600,460446.4375,461697.6770833333
DC-PPO strict 1+5 reference,70812800,461707.59375,460645.3854166667
DC-PPO strict 1+5 reference,70864000,459782.125,460389.9479166667
DC-PPO strict 1+5 reference,70915200,459680.125,459839.2916666667
DC-PPO strict 1+5 reference,70966400,460055.625,459746.875
DC-PPO strict 1+5 reference,71017600,459504.875,459605.2916666667
DC-PPO strict 1+5 reference,71068800,459255.375,458673.4166666667
DC-PPO strict 1+5 reference,71120000,457260.0,457251.1145833333
DC-PPO strict 1+5 reference,71171200,455237.96875,455903.0729166667
DC-PPO strict 1+5 reference,71222400,455211.25,455521.4375
DC-PPO strict 1+5 reference,71273600,456115.09375,455932.90625
DC-PPO strict 1+5 reference,71324800,456472.375,455706.15625
DC-PPO strict 1+5 reference,71376000,454531.0,455385.4583333333
DC-PPO strict 1+5 reference,71427200,455153.0,454541.25
DC-PPO strict 1+5 reference,71478400,453939.75,454845.4479166667
DC-PPO strict 1+5 reference,71529600,455443.59375,455333.65625
DC-PPO strict 1+5 reference,71580800,456617.625,455910.7916666667
DC-PPO strict 1+5 reference,71632000,455671.15625,456405.2916666667
DC-PPO strict 1+5 reference,71683200,456927.09375,456169.6145833333
DC-PPO strict 1+5 reference,71734400,455910.59375,456579.0208333333
DC-PPO strict 1+5 reference,71785600,456899.375,455583.0729166667
DC-PPO strict 1+5 reference,71836800,453939.25,455608.8125
DC-PPO strict 1+5 reference,71888000,455987.8125,455288.7916666667
DC-PPO strict 1+5 reference,71939200,455939.3125,455519.4479166667
DC-PPO strict 1+5 reference,71990400,454631.21875,455879.2604166667
DC-PPO strict 1+5 reference,72041600,457067.25,455535.15625
DC-PPO strict 1+5 reference,72092800,454907.0,456539.3854166667
DC-PPO strict 1+5 reference,72144000,457643.90625,455408.7395833333
DC-PPO strict 1+5 reference,72195200,453675.3125,455741.21875
DC-PPO strict 1+5 reference,72246400,455904.4375,454699.625
DC-PPO strict 1+5 reference,72297600,454519.125,455677.8125
DC-PPO strict 1+5 reference,72348800,456609.875,455769.8229166667
DC-PPO strict 1+5 reference,72400000,456180.46875,456815.4479166667
DC-PPO strict 1+5 reference,72451200,457656.0,456605.46875
DC-PPO strict 1+5 reference,72502400,455979.9375,456743.3229166667
DC-PPO strict 1+5 reference,72553600,456594.03125,455995.84375
DC-PPO strict 1+5 reference,72604800,455413.5625,456054.46875
DC-PPO strict 1+5 reference,72656000,456155.8125,455740.3020833333
DC-PPO strict 1+5 reference,72707200,455651.53125,456186.0208333333
DC-PPO strict 1+5 reference,72758400,456750.71875,456200.0729166667
DC-PPO strict 1+5 reference,72809600,456197.96875,455313.625
DC-PPO strict 1+5 reference,72860800,452992.1875,452956.3020833333
DC-PPO strict 1+5 reference,72912000,449678.75,451788.1458333333
DC-PPO strict 1+5 reference,72963200,452693.5,450959.7083333333
DC-PPO strict 1+5 reference,73014400,450506.875,452202.8854166667
DC-PPO strict 1+5 reference,73065600,453408.28125,451312.6458333333
DC-PPO strict 1+5 reference,73116800,450022.78125,450912.15625
DC-PPO strict 1+5 reference,73168000,449305.40625,450510.8333333333
DC-PPO strict 1+5 reference,73219200,452204.3125,450941.2604166667
DC-PPO strict 1+5 reference,73270400,451314.0625,451751.4791666667
DC-PPO strict 1+5 reference,73321600,451736.0625,450533.4166666667
DC-PPO strict 1+5 reference,73372800,448550.125,449366.2916666667
DC-PPO strict 1+5 reference,73424000,447812.6875,447933.8333333333
DC-PPO strict 1+5 reference,73475200,447438.6875,448167.5625
DC-PPO strict 1+5 reference,73526400,449251.3125,448816.0729166667
DC-PPO strict 1+5 reference,73577600,449758.21875,449766.0104166667
DC-PPO strict 1+5 reference,73628800,450288.5,451355.7395833333
DC-PPO strict 1+5 reference,73680000,454020.5,452787.2395833333
DC-PPO strict 1+5 reference,73731200,454052.71875,453745.4375
DC-PPO strict 1+5 reference,73782400,453163.09375,454149.3645833333
DC-PPO strict 1+5 reference,73833600,455232.28125,454717.9791666667
DC-PPO strict 1+5 reference,73884800,455758.5625,456029.90625
DC-PPO strict 1+5 reference,73936000,457098.875,457144.1458333333
DC-PPO strict 1+5 reference,73987200,458575.0,458011.3125
DC-PPO strict 1+5 reference,74038400,458360.0625,459012.9270833333
DC-PPO strict 1+5 reference,74089600,460103.71875,458937.9583333333
DC-PPO strict 1+5 reference,74140800,458350.09375,458728.1770833333
DC-PPO strict 1+5 reference,74192000,457730.71875,457784.7083333333
DC-PPO strict 1+5 reference,74243200,457273.3125,457552.5
DC-PPO strict 1+5 reference,74294400,457653.46875,457269.7291666667
DC-PPO strict 1+5 reference,74345600,456882.40625,457335.2916666667
DC-PPO strict 1+5 reference,74396800,457470.0,456875.96875
DC-PPO strict 1+5 reference,74448000,456275.5,456782.2083333333
DC-PPO strict 1+5 reference,74499200,456601.125,455766.375
DC-PPO strict 1+5 reference,74550400,454422.5,455135.1458333333
DC-PPO strict 1+5 reference,74601600,454381.8125,453855.5833333333
DC-PPO strict 1+5 reference,74652800,452762.4375,453629.4375
DC-PPO strict 1+5 reference,74704000,453744.0625,453455.0729166667
DC-PPO strict 1+5 reference,74755200,453858.71875,454678.0208333333
DC-PPO strict 1+5 reference,74806400,456431.28125,455111.96875
DC-PPO strict 1+5 reference,74857600,455045.90625,455689.8333333333
DC-PPO strict 1+5 reference,74908800,455592.3125,456006.2708333333
DC-PPO strict 1+5 reference,74960000,457380.59375,456309.9375
DC-PPO strict 1+5 reference,75011200,455956.90625,456377.0833333333
DC-PPO strict 1+5 reference,75062400,455793.75,456178.1354166667
DC-PPO strict 1+5 reference,75113600,456783.75,455678.625
DC-PPO strict 1+5 reference,75164800,454458.375,454475.2604166667
DC-PPO strict 1+5 reference,75216000,452183.65625,452989.8229166667
DC-PPO strict 1+5 reference,75267200,452327.4375,451870.5208333333
DC-PPO strict 1+5 reference,75318400,451100.46875,452423.5833333333
DC-PPO strict 1+5 reference,75369600,453842.84375,453038.625
DC-PPO strict 1+5 reference,75420800,454172.5625,455265.5520833333
DC-PPO strict 1+5 reference,75472000,457781.25,455466.9479166667
DC-PPO strict 1+5 reference,75523200,454447.03125,455626.3645833333
DC-PPO strict 1+5 reference,75574400,454650.8125,454920.9166666667
DC-PPO strict 1+5 reference,75625600,455664.90625,455834.90625
DC-PPO strict 1+5 reference,75676800,457189.0,455387.2604166667
DC-PPO strict 1+5 reference,75728000,453307.875,454866.4270833333
DC-PPO strict 1+5 reference,75779200,454102.40625,453818.3229166667
DC-PPO strict 1+5 reference,75830400,454044.6875,453508.21875
DC-PPO strict 1+5 reference,75881600,452377.5625,453051.8020833333
DC-PPO strict 1+5 reference,75932800,452733.15625,452861.375
DC-PPO strict 1+5 reference,75984000,453473.40625,453774.6770833333
DC-PPO strict 1+5 reference,76035200,455117.46875,453929.4166666667
DC-PPO strict 1+5 reference,76086400,453197.375,453907.3958333333
DC-PPO strict 1+5 reference,76137600,453407.34375,454029.78125
DC-PPO strict 1+5 reference,76188800,455484.625,455266.3125
DC-PPO strict 1+5 reference,76240000,456906.96875,455744.6666666667
DC-PPO strict 1+5 reference,76291200,454842.40625,456143.78125
DC-PPO strict 1+5 reference,76342400,456681.96875,455946.3020833333
DC-PPO strict 1+5 reference,76393600,456314.53125,456369.34375
DC-PPO strict 1+5 reference,76444800,456111.53125,456484.5729166667
DC-PPO strict 1+5 reference,76496000,457027.65625,456687.3229166667
DC-PPO strict 1+5 reference,76547200,456922.78125,457163.6666666667
DC-PPO strict 1+5 reference,76598400,457540.5625,457764.03125
DC-PPO strict 1+5 reference,76649600,458828.75,458083.1458333333
DC-PPO strict 1+5 reference,76700800,457880.125,457931.1458333333
DC-PPO strict 1+5 reference,76752000,457084.5625,457722.8333333333
DC-PPO strict 1+5 reference,76803200,458203.8125,457002.75
DC-PPO strict 1+5 reference,76854400,455719.875,456819.8333333333
DC-PPO strict 1+5 reference,76905600,456535.8125,455377.0
DC-PPO strict 1+5 reference,76956800,453875.3125,456057.9479166667
DC-PPO strict 1+5 reference,77008000,457762.71875,456052.1666666667
DC-PPO strict 1+5 reference,77059200,456518.46875,456404.3958333333
DC-PPO strict 1+5 reference,77110400,454932.0,455706.0104166667
DC-PPO strict 1+5 reference,77161600,455667.5625,454874.7708333333
DC-PPO strict 1+5 reference,77212800,454024.75,454659.0520833333
DC-PPO strict 1+5 reference,77264000,454284.84375,455065.1770833333
DC-PPO strict 1+5 reference,77315200,456885.9375,456066.71875
DC-PPO strict 1+5 reference,77366400,457029.375,456371.2708333333
DC-PPO strict 1+5 reference,77417600,455198.5,455796.5416666667
DC-PPO strict 1+5 reference,77468800,455161.75,455290.6770833333
DC-PPO strict 1+5 reference,77520000,455511.78125,456008.9270833333
DC-PPO strict 1+5 reference,77571200,457353.25,456073.09375
DC-PPO strict 1+5 reference,77622400,455354.25,455974.1354166667
DC-PPO strict 1+5 reference,77673600,455214.90625,455342.2083333333
DC-PPO strict 1+5 reference,77724800,455457.46875,455024.1979166667
DC-PPO strict 1+5 reference,77776000,454400.21875,455032.875
DC-PPO strict 1+5 reference,77827200,455240.9375,454614.3958333333
DC-PPO strict 1+5 reference,77878400,454202.03125,454115.1354166667
DC-PPO strict 1+5 reference,77929600,452902.4375,452778.0208333333
DC-PPO strict 1+5 reference,77980800,451229.59375,451953.9791666667
DC-PPO strict 1+5 reference,78032000,451729.90625,451373.6354166667
DC-PPO strict 1+5 reference,78083200,451161.40625,451222.0729166667
DC-PPO strict 1+5 reference,78134400,450774.90625,450789.8125
DC-PPO strict 1+5 reference,78185600,450433.125,450840.0729166667
DC-PPO strict 1+5 reference,78236800,451312.1875,451293.9895833333
DC-PPO strict 1+5 reference,78288000,452136.65625,451785.40625
DC-PPO strict 1+5 reference,78339200,451907.375,451254.3333333333
DC-PPO strict 1+5 reference,78390400,449718.96875,451505.78125
DC-PPO strict 1+5 reference,78441600,452891.0,451837.7395833333
DC-PPO strict 1+5 reference,78492800,452903.25,452948.5625
DC-PPO strict 1+5 reference,78544000,453051.4375,453770.90625
DC-PPO strict 1+5 reference,78595200,455358.03125,453984.9166666667
DC-PPO strict 1+5 reference,78646400,453545.28125,454360.5
DC-PPO strict 1+5 reference,78697600,454178.1875,453629.5625
DC-PPO strict 1+5 reference,78748800,453165.21875,453992.5520833333
DC-PPO strict 1+5 reference,78800000,454634.25,453489.15625
DC-PPO strict 1+5 reference,78851200,452668.0,452843.5104166667
DC-PPO strict 1+5 reference,78902400,451228.28125,452315.3229166667
DC-PPO strict 1+5 reference,78953600,453049.6875,452640.46875
DC-PPO strict 1+5 reference,79004800,453643.4375,452702.1770833333
DC-PPO strict 1+5 reference,79056000,451413.40625,452373.4166666667
DC-PPO strict 1+5 reference,79107200,452063.40625,451636.3958333333
DC-PPO strict 1+5 reference,79158400,451432.375,450898.3958333333
DC-PPO strict 1+5 reference,79209600,449199.40625,450160.1979166667
DC-PPO strict 1+5 reference,79260800,449848.8125,450476.15625
DC-PPO strict 1+5 reference,79312000,452380.25,450772.6666666667
DC-PPO strict 1+5 reference,79363200,450088.9375,451808.78125
DC-PPO strict 1+5 reference,79414400,452957.15625,451948.8541666667
DC-PPO strict 1+5 reference,79465600,452800.46875,453611.5416666667
DC-PPO strict 1+5 reference,79516800,455077.0,454084.3541666667
DC-PPO strict 1+5 reference,79568000,454375.59375,454703.40625
DC-PPO strict 1+5 reference,79619200,454657.625,454019.1354166667
DC-PPO strict 1+5 reference,79670400,453024.1875,454656.7083333333
DC-PPO strict 1+5 reference,79721600,456288.3125,455308.1354166667
DC-PPO strict 1+5 reference,79772800,456611.90625,456252.1145833333
DC-PPO strict 1+5 reference,79824000,455856.125,456575.0208333333
DC-PPO strict 1+5 reference,79875200,457257.03125,456640.3333333333
DC-PPO strict 1+5 reference,79926400,456807.84375,457441.2395833333
DC-PPO strict 1+5 reference,79977600,458258.84375,457257.3958333333
DC-PPO strict 1+5 reference,80028800,456705.5,456465.9791666667
DC-PPO strict 1+5 reference,80080000,454433.59375,455876.2604166667
DC-PPO strict 1+5 reference,80131200,456489.6875,456904.3854166667
DC-PPO strict 1+5 reference,80182400,459789.875,458820.0729166667
DC-PPO strict 1+5 reference,80233600,460180.65625,460043.2604166667
DC-PPO strict 1+5 reference,80284800,460159.25,459544.1875
DC-PPO strict 1+5 reference,80336000,458292.65625,459263.2083333333
DC-PPO strict 1+5 reference,80387200,459337.71875,458892.25
DC-PPO strict 1+5 reference,80438400,459046.375,459689.1770833333
DC-PPO strict 1+5 reference,80489600,460683.4375,460417.9375
DC-PPO strict 1+5 reference,80540800,461524.0,462284.3229166667
DC-PPO strict 1+5 reference,80592000,464645.53125,462985.2604166667
DC-PPO strict 1+5 reference,80643200,462786.25,463850.53125
DC-PPO strict 1+5 reference,80694400,464119.8125,463844.3125
DC-PPO strict 1+5 reference,80745600,464626.875,464453.7395833333
DC-PPO strict 1+5 reference,80796800,464614.53125,464167.3020833333
DC-PPO strict 1+5 reference,80848000,463260.5,463368.7916666667
DC-PPO strict 1+5 reference,80899200,462231.34375,462561.6666666667
DC-PPO strict 1+5 reference,80950400,462193.15625,463270.0729166667
DC-PPO strict 1+5 reference,81001600,465385.71875,463786.25
DC-PPO strict 1+5 reference,81052800,463779.875,464692.0208333333
DC-PPO strict 1+5 reference,81104000,464910.46875,464740.8854166667
DC-PPO strict 1+5 reference,81155200,465532.3125,464383.5520833333
DC-PPO strict 1+5 reference,81206400,462707.875,463880.7291666667
DC-PPO strict 1+5 reference,81257600,463402.0,462521.1145833333
DC-PPO strict 1+5 reference,81308800,461453.46875,462076.9583333333
DC-PPO strict 1+5 reference,81360000,461375.40625,461468.1041666667
DC-PPO strict 1+5 reference,81411200,461575.4375,461652.84375
DC-PPO strict 1+5 reference,81462400,462007.6875,461787.6770833333
DC-PPO strict 1+5 reference,81513600,461779.90625,462633.6354166667
DC-PPO strict 1+5 reference,81564800,464113.3125,462903.1145833333
DC-PPO strict 1+5 reference,81616000,462816.125,463984.2604166667
DC-PPO strict 1+5 reference,81667200,465023.34375,464298.2708333333
DC-PPO strict 1+5 reference,81718400,465055.34375,465874.2604166667
DC-PPO strict 1+5 reference,81769600,467544.09375,466909.7916666667
DC-PPO strict 1+5 reference,81820800,468129.9375,467544.125
DC-PPO strict 1+5 reference,81872000,466958.34375,468117.8854166667
DC-PPO strict 1+5 reference,81923200,469265.375,468171.6458333333
DC-PPO strict 1+5 reference,81974400,468291.21875,468174.59375
DC-PPO strict 1+5 reference,82025600,466967.1875,466496.28125
DC-PPO strict 1+5 reference,82076800,464230.4375,465113.3229166667
DC-PPO strict 1+5 reference,82128000,464142.34375,463734.2083333333
DC-PPO strict 1+5 reference,82179200,462829.84375,463059.875
DC-PPO strict 1+5 reference,82230400,462207.4375,462234.9583333333
DC-PPO strict 1+5 reference,82281600,461667.59375,462370.1041666667
DC-PPO strict 1+5 reference,82332800,463235.28125,462398.8958333333
DC-PPO strict 1+5 reference,82384000,462293.8125,462668.3541666667
DC-PPO strict 1+5 reference,82435200,462475.96875,462221.5
DC-PPO strict 1+5 reference,82486400,461894.71875,461905.1770833333
DC-PPO strict 1+5 reference,82537600,461344.84375,462062.1875
DC-PPO strict 1+5 reference,82588800,462947.0,461554.1458333333
DC-PPO strict 1+5 reference,82640000,460370.59375,462088.2083333333
DC-PPO strict 1+5 reference,82691200,462947.03125,462062.125
DC-PPO strict 1+5 reference,82742400,462868.75,462419.25
DC-PPO strict 1+5 reference,82793600,461441.96875,462762.4583333333
DC-PPO strict 1+5 reference,82844800,463976.65625,461908.46875
DC-PPO strict 1+5 reference,82896000,460306.78125,462076.6875
DC-PPO strict 1+5 reference,82947200,461946.625,460943.5520833333
DC-PPO strict 1+5 reference,82998400,460577.25,461099.8333333333
DC-PPO strict 1+5 reference,83049600,460775.625,460458.8333333333
DC-PPO strict 1+5 reference,83100800,460023.625,459987.8125
DC-PPO strict 1+5 reference,83152000,459164.1875,459862.1354166667
DC-PPO strict 1+5 reference,83203200,460398.59375,460139.0416666667
DC-PPO strict 1+5 reference,83254400,460854.34375,460831.1666666667
DC-PPO strict 1+5 reference,83305600,461240.5625,461694.9895833333
DC-PPO strict 1+5 reference,83356800,462990.0625,461779.8958333333
DC-PPO strict 1+5 reference,83408000,461109.0625,461867.8020833333
DC-PPO strict 1+5 reference,83459200,461504.28125,461184.5208333333
DC-PPO strict 1+5 reference,83510400,460940.21875,461409.9479166667
DC-PPO strict 1+5 reference,83561600,461785.34375,461793.9583333333
DC-PPO strict 1+5 reference,83612800,462656.3125,462166.53125
DC-PPO strict 1+5 reference,83664000,462057.9375,462600.0
DC-PPO strict 1+5 reference,83715200,463085.75,462981.2083333333
DC-PPO strict 1+5 reference,83766400,463799.9375,463285.6875
DC-PPO strict 1+5 reference,83817600,462971.375,463439.90625
DC-PPO strict 1+5 reference,83868800,463548.40625,463320.4375
DC-PPO strict 1+5 reference,83920000,463441.53125,464523.7916666667
DC-PPO strict 1+5 reference,83971200,466581.4375,465289.75
DC-PPO strict 1+5 reference,84022400,465846.28125,466058.3541666667
DC-PPO strict 1+5 reference,84073600,465747.34375,464716.4479166667
DC-PPO strict 1+5 reference,84124800,462555.71875,463913.4375
DC-PPO strict 1+5 reference,84176000,463437.25,462262.7291666667
DC-PPO strict 1+5 reference,84227200,460795.21875,463251.2916666667
DC-PPO strict 1+5 reference,84278400,465521.40625,463255.3958333333
DC-PPO strict 1+5 reference,84329600,463449.5625,464127.0833333333
DC-PPO strict 1+5 reference,84380800,463410.28125,462442.4791666667
DC-PPO strict 1+5 reference,84432000,460467.59375,461602.5416666667
DC-PPO strict 1+5 reference,84483200,460929.75,460051.1041666667
DC-PPO strict 1+5 reference,84534400,458755.96875,459559.9479166667
DC-PPO strict 1+5 reference,84585600,458994.125,458792.3541666667
DC-PPO strict 1+5 reference,84636800,458626.96875,459332.1770833333
DC-PPO strict 1+5 reference,84688000,460375.4375,460519.15625
DC-PPO strict 1+5 reference,84739200,462555.0625,460998.09375
DC-PPO strict 1+5 reference,84790400,460063.78125,461500.3541666667
DC-PPO strict 1+5 reference,84841600,461882.21875,460700.5625
DC-PPO strict 1+5 reference,84892800,460155.6875,461026.3541666667
DC-PPO strict 1+5 reference,84944000,461041.15625,459594.5833333333
DC-PPO strict 1+5 reference,84995200,457586.90625,459090.1666666667
DC-PPO strict 1+5 reference,85046400,458642.4375,458486.3645833333
DC-PPO strict 1+5 reference,85097600,459229.75,458662.5833333333
DC-PPO strict 1+5 reference,85148800,458115.5625,457626.8854166667
DC-PPO strict 1+5 reference,85200000,455535.34375,456805.375
DC-PPO strict 1+5 reference,85251200,456765.21875,455711.5520833333
DC-PPO strict 1+5 reference,85302400,454834.09375,455532.9895833333
DC-PPO strict 1+5 reference,85353600,454999.65625,454686.8854166667
DC-PPO strict 1+5 reference,85404800,454226.90625,454678.1979166667
DC-PPO strict 1+5 reference,85456000,454808.03125,453919.8854166667
DC-PPO strict 1+5 reference,85507200,452724.71875,453400.1875
DC-PPO strict 1+5 reference,85558400,452667.8125,451337.4895833333
DC-PPO strict 1+5 reference,85609600,448619.9375,450987.8125
DC-PPO strict 1+5 reference,85660800,451675.6875,450795.3333333333
DC-PPO strict 1+5 reference,85712000,452090.375,451679.5208333333
DC-PPO strict 1+5 reference,85763200,451272.5,452132.6875
DC-PPO strict 1+5 reference,85814400,453035.1875,452737.28125
DC-PPO strict 1+5 reference,85865600,453904.15625,452894.90625
DC-PPO strict 1+5 reference,85916800,451745.375,452559.7291666667
DC-PPO strict 1+5 reference,85968000,452029.65625,453169.9895833333
DC-PPO strict 1+5 reference,86019200,455734.9375,454007.4270833333
DC-PPO strict 1+5 reference,86070400,454257.6875,455314.7604166667
DC-PPO strict 1+5 reference,86121600,455951.65625,456457.1041666667
DC-PPO strict 1+5 reference,86172800,459161.96875,458600.15625
DC-PPO strict 1+5 reference,86224000,460686.84375,461378.9895833333
DC-PPO strict 1+5 reference,86275200,464288.15625,462057.4791666667
DC-PPO strict 1+5 reference,86326400,461197.4375,463523.6875
DC-PPO strict 1+5 reference,86377600,465085.46875,463552.0729166667
DC-PPO strict 1+5 reference,86428800,464373.3125,465181.7604166667
DC-PPO strict 1+5 reference,86480000,466086.5,465192.09375
DC-PPO strict 1+5 reference,86531200,465116.46875,465377.0
DC-PPO strict 1+5 reference,86582400,464928.03125,465255.7083333333
DC-PPO strict 1+5 reference,86633600,465722.625,464823.4270833333
DC-PPO strict 1+5 reference,86684800,463819.625,466047.71875
DC-PPO strict 1+5 reference,86736000,468600.90625,466317.8541666667
DC-PPO strict 1+5 reference,86787200,466533.03125,466152.6145833333
DC-PPO strict 1+5 reference,86838400,463323.90625,464616.9166666667
DC-PPO strict 1+5 reference,86889600,463993.8125,464643.96875
DC-PPO strict 1+5 reference,86940800,466614.1875,465503.1875
DC-PPO strict 1+5 reference,86992000,465901.5625,466001.3020833333
DC-PPO strict 1+5 reference,87043200,465488.15625,466208.03125
DC-PPO strict 1+5 reference,87094400,467234.375,465723.6145833333
DC-PPO strict 1+5 reference,87145600,464448.3125,465512.03125
DC-PPO strict 1+5 reference,87196800,464853.40625,465030.59375
DC-PPO strict 1+5 reference,87248000,465790.0625,464926.4583333333
DC-PPO strict 1+5 reference,87299200,464135.90625,464984.6458333333
DC-PPO strict 1+5 reference,87350400,465027.96875,465307.1458333333
DC-PPO strict 1+5 reference,87401600,466757.5625,465869.7708333333
DC-PPO strict 1+5 reference,87452800,465823.78125,466946.5104166667
DC-PPO strict 1+5 reference,87504000,468258.1875,467400.2083333333
DC-PPO strict 1+5 reference,87555200,468118.65625,468741.8333333333
DC-PPO strict 1+5 reference,87606400,469848.65625,470092.46875
DC-PPO strict 1+5 reference,87657600,472310.09375,471078.2708333333
DC-PPO strict 1+5 reference,87708800,471076.0625,470967.4791666667
DC-PPO strict 1+5 reference,87760000,469516.28125,470828.0416666667
DC-PPO strict 1+5 reference,87811200,471891.78125,471498.7604166667
DC-PPO strict 1+5 reference,87862400,473088.21875,472467.5
DC-PPO strict 1+5 reference,87913600,472422.5,472626.4583333333
DC-PPO strict 1+5 reference,87964800,472368.65625,472002.46875
DC-PPO strict 1+5 reference,88016000,471216.25,471465.7083333333
DC-PPO strict 1+5 reference,88067200,470812.21875,471171.0625
DC-PPO strict 1+5 reference,88118400,471484.71875,471665.4583333333
DC-PPO strict 1+5 reference,88169600,472699.4375,472523.6145833333
DC-PPO strict 1+5 reference,88220800,473386.6875,473111.8541666667
DC-PPO strict 1+5 reference,88272000,473249.4375,473280.2395833333
DC-PPO strict 1+5 reference,88323200,473204.59375,472831.71875
DC-PPO strict 1+5 reference,88374400,472041.125,472387.78125
DC-PPO strict 1+5 reference,88425600,471917.625,471677.6458333333
DC-PPO strict 1+5 reference,88476800,471074.1875,471354.09375
DC-PPO strict 1+5 reference,88528000,471070.46875,471486.1666666667
DC-PPO strict 1+5 reference,88579200,472313.84375,471602.96875
DC-PPO strict 1+5 reference,88630400,471424.59375,472338.4895833333
DC-PPO strict 1+5 reference,88681600,473277.03125,473373.6770833333
DC-PPO strict 1+5 reference,88732800,475419.40625,474270.75
DC-PPO strict 1+5 reference,88784000,474115.8125,474464.59375
DC-PPO strict 1+5 reference,88835200,473858.5625,475379.09375
DC-PPO strict 1+5 reference,88886400,478162.90625,476948.78125
DC-PPO strict 1+5 reference,88937600,478824.875,477831.2604166667
DC-PPO strict 1+5 reference,88988800,476506.0,476739.5625
DC-PPO strict 1+5 reference,89040000,474887.8125,475165.6979166667
DC-PPO strict 1+5 reference,89091200,474103.28125,473580.625
DC-PPO strict 1+5 reference,89142400,471750.78125,472383.3333333333
DC-PPO strict 1+5 reference,89193600,471295.9375,471994.125
DC-PPO strict 1+5 reference,89244800,472935.65625,472096.0729166667
DC-PPO strict 1+5 reference,89296000,472056.625,471395.8020833333
DC-PPO strict 1+5 reference,89347200,469195.125,470771.3125
DC-PPO strict 1+5 reference,89398400,471062.1875,469267.8333333333
DC-PPO strict 1+5 reference,89449600,467546.1875,469722.6770833333
DC-PPO strict 1+5 reference,89500800,470559.65625,469569.8854166667
DC-PPO strict 1+5 reference,89552000,470603.8125,470174.625
DC-PPO strict 1+5 reference,89603200,469360.40625,469789.8333333333
DC-PPO strict 1+5 reference,89654400,469405.28125,469079.5104166667
DC-PPO strict 1+5 reference,89705600,468472.84375,468272.4270833333
DC-PPO strict 1+5 reference,89756800,466939.15625,467502.3958333333
DC-PPO strict 1+5 reference,89808000,467095.1875,466348.8229166667
DC-PPO strict 1+5 reference,89859200,465012.125,466523.8125
DC-PPO strict 1+5 reference,89910400,467464.125,466193.8541666667
DC-PPO strict 1+5 reference,89961600,466105.3125,466842.6979166667
DC-PPO strict 1+5 reference,90012800,466958.65625,466027.2708333333
DC-PPO strict 1+5 reference,90064000,465017.84375,464542.96875
DC-PPO strict 1+5 reference,90115200,461652.40625,463282.34375
DC-PPO strict 1+5 reference,90166400,463176.78125,461547.3645833333
DC-PPO strict 1+5 reference,90217600,459812.90625,461189.9479166667
DC-PPO strict 1+5 reference,90268800,460580.15625,459818.5208333333
DC-PPO strict 1+5 reference,90320000,459062.5,460239.8333333333
DC-PPO strict 1+5 reference,90371200,461076.84375,459434.5
DC-PPO strict 1+5 reference,90422400,458164.15625,459413.6458333333
DC-PPO strict 1+5 reference,90473600,458999.9375,459942.8229166667
DC-PPO strict 1+5 reference,90524800,462664.375,460768.84375
DC-PPO strict 1+5 reference,90576000,460642.21875,461713.8125
DC-PPO strict 1+5 reference,90627200,461834.84375,461888.8958333333
DC-PPO strict 1+5 reference,90678400,463189.625,462143.1770833333
DC-PPO strict 1+5 reference,90729600,461405.0625,462726.5416666667
DC-PPO strict 1+5 reference,90780800,463584.9375,462411.125
DC-PPO strict 1+5 reference,90832000,462243.375,463490.6666666667
DC-PPO strict 1+5 reference,90883200,464643.6875,463512.71875
DC-PPO strict 1+5 reference,90934400,463651.09375,463658.0833333333
DC-PPO strict 1+5 reference,90985600,462679.46875,462775.0416666667
DC-PPO strict 1+5 reference,91036800,461994.5625,463339.5625
DC-PPO strict 1+5 reference,91088000,465344.65625,463593.8333333333
DC-PPO strict 1+5 reference,91139200,463442.28125,464257.3541666667
DC-PPO strict 1+5 reference,91190400,463985.125,463878.1979166667
DC-PPO strict 1+5 reference,91241600,464207.1875,464119.21875
DC-PPO strict 1+5 reference,91292800,464165.34375,464392.78125
DC-PPO strict 1+5 reference,91344000,464805.8125,464386.1354166667
DC-PPO strict 1+5 reference,91395200,464187.25,463602.2916666667
DC-PPO strict 1+5 reference,91446400,461813.8125,462718.7395833333
DC-PPO strict 1+5 reference,91497600,462155.15625,462180.3020833333
DC-PPO strict 1+5 reference,91548800,462571.9375,462917.3125
DC-PPO strict 1+5 reference,91600000,464024.84375,463273.4791666667
DC-PPO strict 1+5 reference,91651200,463223.65625,463301.875
DC-PPO strict 1+5 reference,91702400,462657.125,462497.3958333333
DC-PPO strict 1+5 reference,91753600,461611.40625,462920.0520833333
DC-PPO strict 1+5 reference,91804800,464491.625,464229.7395833333
DC-PPO strict 1+5 reference,91856000,466586.1875,465942.25
DC-PPO strict 1+5 reference,91907200,466748.9375,466159.8645833333
DC-PPO strict 1+5 reference,91958400,465144.46875,466322.9583333333
DC-PPO strict 1+5 reference,92009600,467075.46875,465988.46875
DC-PPO strict 1+5 reference,92060800,465745.46875,466117.875
DC-PPO strict 1+5 reference,92112000,465532.6875,466020.0
DC-PPO strict 1+5 reference,92163200,466781.84375,466253.3229166667
DC-PPO strict 1+5 reference,92214400,466445.4375,466939.65625
DC-PPO strict 1+5 reference,92265600,467591.6875,466523.21875
DC-PPO strict 1+5 reference,92316800,465532.53125,465675.40625
DC-PPO strict 1+5 reference,92368000,463902.0,465838.96875
DC-PPO strict 1+5 reference,92419200,468082.375,466343.1875
DC-PPO strict 1+5 reference,92470400,467045.1875,467786.3645833333
DC-PPO strict 1+5 reference,92521600,468231.53125,468358.28125
DC-PPO strict 1+5 reference,92572800,469798.125,469071.6458333333
DC-PPO strict 1+5 reference,92624000,469185.28125,469059.3125
DC-PPO strict 1+5 reference,92675200,468194.53125,468289.2708333333
DC-PPO strict 1+5 reference,92726400,467488.0,467452.2291666667
DC-PPO strict 1+5 reference,92777600,466674.15625,466735.46875
DC-PPO strict 1+5 reference,92828800,466044.25,466942.0
DC-PPO strict 1+5 reference,92880000,468107.59375,467092.4270833333
DC-PPO strict 1+5 reference,92931200,467125.4375,467001.78125
DC-PPO strict 1+5 reference,92982400,465772.3125,466222.1145833333
DC-PPO strict 1+5 reference,93033600,465768.59375,467094.125
DC-PPO strict 1+5 reference,93084800,469741.46875,468763.96875
DC-PPO strict 1+5 reference,93136000,470781.84375,470650.2916666667
DC-PPO strict 1+5 reference,93187200,471427.5625,472055.2604166667
DC-PPO strict 1+5 reference,93238400,473956.375,472407.6770833333
DC-PPO strict 1+5 reference,93289600,471839.09375,472514.1354166667
DC-PPO strict 1+5 reference,93340800,471746.9375,471919.4166666667
DC-PPO strict 1+5 reference,93392000,472172.21875,472226.625
DC-PPO strict 1+5 reference,93443200,472760.71875,472676.75
DC-PPO strict 1+5 reference,93494400,473097.3125,473641.5833333333
DC-PPO strict 1+5 reference,93545600,475066.71875,473631.4375
DC-PPO strict 1+5 reference,93596800,472730.28125,473135.0208333333
DC-PPO strict 1+5 reference,93648000,471608.0625,471514.4375
DC-PPO strict 1+5 reference,93699200,470204.96875,470919.28125
DC-PPO strict 1+5 reference,93750400,470944.8125,470317.8229166667
DC-PPO strict 1+5 reference,93801600,469803.6875,470287.2708333333
DC-PPO strict 1+5 reference,93852800,470113.3125,470254.7708333333
DC-PPO strict 1+5 reference,93904000,470847.3125,470659.2916666667
DC-PPO strict 1+5 reference,93955200,471017.25,470388.1041666667
DC-PPO strict 1+5 reference,94006400,469299.75,470273.2604166667
DC-PPO strict 1+5 reference,94057600,470502.78125,470490.0208333333
DC-PPO strict 1+5 reference,94108800,471667.53125,470601.2916666667
DC-PPO strict 1+5 reference,94160000,469633.5625,471038.5208333333
DC-PPO strict 1+5 reference,94211200,471814.46875,471979.0833333333
DC-PPO strict 1+5 reference,94262400,474489.21875,473058.4895833333
DC-PPO strict 1+5 reference,94313600,472871.78125,472890.8854166667
DC-PPO strict 1+5 reference,94364800,471311.65625,471685.7083333333
DC-PPO strict 1+5 reference,94416000,470873.6875,471223.1875
DC-PPO strict 1+5 reference,94467200,471484.21875,471503.1875
DC-PPO strict 1+5 reference,94518400,472151.65625,471577.125
DC-PPO strict 1+5 reference,94569600,471095.5,472279.65625
DC-PPO strict 1+5 reference,94620800,473591.8125,472269.9479166667
DC-PPO strict 1+5 reference,94672000,472122.53125,472044.75
DC-PPO strict 1+5 reference,94723200,470419.90625,472066.3020833333
DC-PPO strict 1+5 reference,94774400,473656.46875,471911.34375
DC-PPO strict 1+5 reference,94825600,471657.65625,473358.0104166667
DC-PPO strict 1+5 reference,94876800,474759.90625,474193.9895833333
DC-PPO strict 1+5 reference,94928000,476164.40625,475198.46875
DC-PPO strict 1+5 reference,94979200,474671.09375,475807.9583333333
DC-PPO strict 1+5 reference,95030400,476588.375,476154.53125
DC-PPO strict 1+5 reference,95081600,477204.125,477669.9375
DC-PPO strict 1+5 reference,95132800,479217.3125,478312.9583333333
DC-PPO strict 1+5 reference,95184000,478517.4375,479293.21875
DC-PPO strict 1+5 reference,95235200,480144.90625,478743.75
DC-PPO strict 1+5 reference,95286400,477568.90625,478783.1979166667
DC-PPO strict 1+5 reference,95337600,478635.78125,478032.2916666667
DC-PPO strict 1+5 reference,95388800,477892.1875,477047.8645833333
DC-PPO strict 1+5 reference,95440000,474615.625,476293.7083333333
DC-PPO strict 1+5 reference,95491200,476373.3125,475677.84375
DC-PPO strict 1+5 reference,95542400,476044.59375,476097.5520833333
DC-PPO strict 1+5 reference,95593600,475874.75,475138.0
DC-PPO strict 1+5 reference,95644800,473494.65625,474404.4479166667
DC-PPO strict 1+5 reference,95696000,473843.9375,473899.4583333333
DC-PPO strict 1+5 reference,95747200,474359.78125,473793.75
DC-PPO strict 1+5 reference,95798400,473177.53125,473126.65625
DC-PPO strict 1+5 reference,95849600,471842.65625,472278.7916666667
DC-PPO strict 1+5 reference,95900800,471816.1875,471988.40625
DC-PPO strict 1+5 reference,95952000,472306.375,472171.4895833333
DC-PPO strict 1+5 reference,96003200,472391.90625,473052.4375
DC-PPO strict 1+5 reference,96054400,474459.03125,474259.3645833333
DC-PPO strict 1+5 reference,96105600,475927.15625,474966.90625
DC-PPO strict 1+5 reference,96156800,474514.53125,475643.5
DC-PPO strict 1+5 reference,96208000,476488.8125,475677.90625
DC-PPO strict 1+5 reference,96259200,476030.375,476009.1041666667
DC-PPO strict 1+5 reference,96310400,475508.125,475471.1875
DC-PPO strict 1+5 reference,96361600,474875.0625,474711.2291666667
DC-PPO strict 1+5 reference,96412800,473750.5,474290.9791666667
DC-PPO strict 1+5 reference,96464000,474247.375,473971.375
DC-PPO strict 1+5 reference,96515200,473916.25,473421.8645833333
DC-PPO strict 1+5 reference,96566400,472101.96875,472814.2291666667
DC-PPO strict 1+5 reference,96617600,472424.46875,473178.0729166667
DC-PPO strict 1+5 reference,96668800,475007.78125,474072.8020833333
DC-PPO strict 1+5 reference,96720000,474786.15625,474543.71875
DC-PPO strict 1+5 reference,96771200,473837.21875,475042.1041666667
DC-PPO strict 1+5 reference,96822400,476502.9375,474867.2708333333
DC-PPO strict 1+5 reference,96873600,474261.65625,473948.8020833333
DC-PPO strict 1+5 reference,96924800,471081.8125,472996.5416666667
DC-PPO strict 1+5 reference,96976000,473646.15625,472246.0416666667
DC-PPO strict 1+5 reference,97027200,472010.15625,473494.9895833333
DC-PPO strict 1+5 reference,97078400,474828.65625,474719.65625
DC-PPO strict 1+5 reference,97129600,477320.15625,476947.0
DC-PPO strict 1+5 reference,97180800,478692.1875,478801.2604166667
DC-PPO strict 1+5 reference,97232000,480391.4375,479876.9375
DC-PPO strict 1+5 reference,97283200,480547.1875,480603.6666666667
DC-PPO strict 1+5 reference,97334400,480872.375,480854.8020833333
DC-PPO strict 1+5 reference,97385600,481144.84375,481068.5
DC-PPO strict 1+5 reference,97436800,481188.28125,481839.09375
DC-PPO strict 1+5 reference,97488000,483184.15625,482130.1458333333
DC-PPO strict 1+5 reference,97539200,482018.0,483005.1666666667
DC-PPO strict 1+5 reference,97590400,483813.34375,483027.84375
DC-PPO strict 1+5 reference,97641600,483252.1875,483365.0104166667
DC-PPO strict 1+5 reference,97692800,483029.5,483465.1979166667
DC-PPO strict 1+5 reference,97744000,484113.90625,484477.4375
DC-PPO strict 1+5 reference,97795200,486288.90625,485627.2291666667
DC-PPO strict 1+5 reference,97846400,486478.875,486826.9791666667
DC-PPO strict 1+5 reference,97897600,487713.15625,487495.3958333333
DC-PPO strict 1+5 reference,97948800,488294.15625,488341.2395833333
DC-PPO strict 1+5 reference,98000000,489016.40625,489832.2916666667
DC-PPO strict 1+5 reference,98051200,492186.3125,491103.65625
DC-PPO strict 1+5 reference,98102400,492108.25,492859.125
DC-PPO strict 1+5 reference,98153600,494282.8125,493188.0208333333
DC-PPO strict 1+5 reference,98204800,493173.0,493943.5625
DC-PPO strict 1+5 reference,98256000,494374.875,493496.53125
DC-PPO strict 1+5 reference,98307200,492941.71875,493157.7083333333
DC-PPO strict 1+5 reference,98358400,492156.53125,492253.1145833333
DC-PPO strict 1+5 reference,98409600,491661.09375,493141.5520833333
DC-PPO strict 1+5 reference,98460800,495607.03125,494398.03125
DC-PPO strict 1+5 reference,98512000,495925.96875,496988.1458333333
DC-PPO strict 1+5 reference,98563200,499431.4375,499557.8125
DC-PPO strict 1+5 reference,98614400,503316.03125,501442.8020833333
DC-PPO strict 1+5 reference,98665600,501580.9375,502227.0625
DC-PPO strict 1+5 reference,98716800,501784.21875,501405.2708333333
DC-PPO strict 1+5 reference,98768000,500850.65625,500464.9583333333
DC-PPO strict 1+5 reference,98819200,498760.0,498868.3854166667
DC-PPO strict 1+5 reference,98870400,496994.5,495761.3125
DC-PPO strict 1+5 reference,98921600,491529.4375,493459.2395833333
DC-PPO strict 1+5 reference,98972800,491853.78125,492839.96875
DC-PPO strict 1+5 reference,99024000,495136.6875,494657.5
DC-PPO strict 1+5 reference,99075200,496982.03125,495510.3645833333
DC-PPO strict 1+5 reference,99126400,494412.375,495022.25
DC-PPO strict 1+5 reference,99177600,493672.34375,495236.7604166667
DC-PPO strict 1+5 reference,99228800,497625.5625,496236.9791666667
DC-PPO strict 1+5 reference,99280000,497413.03125,497301.0833333333
DC-PPO strict 1+5 reference,99331200,496864.65625,497785.6354166667
DC-PPO strict 1+5 reference,99382400,499079.21875,497416.1979166667
DC-PPO strict 1+5 reference,99433600,496304.71875,497777.8333333333
DC-PPO strict 1+5 reference,99484800,497949.5625,496772.8229166667
DC-PPO strict 1+5 reference,99536000,496064.1875,496346.59375
DC-PPO strict 1+5 reference,99587200,495026.03125,495163.5833333333
DC-PPO strict 1+5 reference,99638400,494400.53125,494101.1770833333
DC-PPO strict 1+5 reference,99689600,492876.96875,493260.6458333333
DC-PPO strict 1+5 reference,99740800,492504.4375,492807.5416666667
DC-PPO strict 1+5 reference,99792000,493041.21875,492196.5
DC-PPO strict 1+5 reference,99843200,491043.84375,491791.6875
DC-PPO strict 1+5 reference,99894400,491290.0,490514.8958333333
DC-PPO strict 1+5 reference,99945600,489210.84375,489307.0208333333
DC-PPO strict 1+5 reference,99996800,487420.21875,488315.53125
