series,environment_steps,environment_steps_million,raw_value,three_point_smoothed_value
MAPPO strict 1+5,25600,0.0256,90780.0546875,93380.3671875
MAPPO strict 1+5,76800,0.0768,95980.6796875,94596.984375
MAPPO strict 1+5,128000,0.128,97030.21875,98762.72916666667
MAPPO strict 1+5,179200,0.1792,103277.2890625,105007.0625
MAPPO strict 1+5,230400,0.2304,114713.6796875,114478.50520833333
MAPPO strict 1+5,281600,0.2816,125444.546875,126191.6640625
MAPPO strict 1+5,332800,0.3328,138416.765625,136016.96875
MAPPO strict 1+5,384000,0.384,144189.59375,146393.6875
MAPPO strict 1+5,435200,0.4352,156574.703125,154602.734375
MAPPO strict 1+5,486400,0.4864,163043.90625,164804.921875
MAPPO strict 1+5,537600,0.5376,174796.15625,170966.05208333334
MAPPO strict 1+5,588800,0.5888,175058.09375,178577.23958333334
MAPPO strict 1+5,640000,0.64,185877.46875,184275.29166666666
MAPPO strict 1+5,691200,0.6912,191890.3125,190945.55729166666
MAPPO strict 1+5,742400,0.7424,195068.890625,195993.03645833334
MAPPO strict 1+5,793600,0.7936,201019.90625,198591.171875
MAPPO strict 1+5,844800,0.8448,199684.71875,203440.50520833334
MAPPO strict 1+5,896000,0.896,209616.890625,206606.36979166666
MAPPO strict 1+5,947200,0.9472,210517.5,211685.25520833334
MAPPO strict 1+5,998400,0.9984,214921.375,217650.06770833334
MAPPO strict 1+5,1049600,1.0496,227511.328125,226046.30208333334
MAPPO strict 1+5,1100800,1.1008,235706.203125,234441.953125
MAPPO strict 1+5,1152000,1.152,240108.328125,240849.03125
MAPPO strict 1+5,1203200,1.2032,246732.5625,246144.15104166666
MAPPO strict 1+5,1254400,1.2544,251591.5625,249937.36979166666
MAPPO strict 1+5,1305600,1.3056,251487.984375,255524.91145833334
MAPPO strict 1+5,1356800,1.3568,263495.1875,257886.08854166666
MAPPO strict 1+5,1408000,1.408,258675.09375,262463.9375
MAPPO strict 1+5,1459200,1.4592,265221.53125,265289.2604166667
MAPPO strict 1+5,1510400,1.5104,271971.15625,267030.1875
MAPPO strict 1+5,1561600,1.5616,263897.875,267891.1458333333
MAPPO strict 1+5,1612800,1.6128,267804.40625,268273.5104166667
MAPPO strict 1+5,1664000,1.664,273118.25,273597.21875
MAPPO strict 1+5,1715200,1.7152,279869.0,276888.9791666667
MAPPO strict 1+5,1766400,1.7664,277679.6875,280097.7083333333
MAPPO strict 1+5,1817600,1.8176,282744.4375,280641.2083333333
MAPPO strict 1+5,1868800,1.8688,281499.5,283067.7708333333
MAPPO strict 1+5,1920000,1.92,284959.375,284657.21875
MAPPO strict 1+5,1971200,1.9712,287512.78125,287909.21875
MAPPO strict 1+5,2022400,2.0224,291255.5,291183.15625
MAPPO strict 1+5,2073600,2.0736,294781.1875,294436.3020833333
MAPPO strict 1+5,2124800,2.1248,297272.21875,296460.7083333333
MAPPO strict 1+5,2176000,2.176,297328.71875,298777.0416666667
MAPPO strict 1+5,2227200,2.2272,301730.1875,300252.6145833333
MAPPO strict 1+5,2278400,2.2784,301698.9375,302314.0208333333
MAPPO strict 1+5,2329600,2.3296,303512.9375,302850.3854166667
MAPPO strict 1+5,2380800,2.3808,303339.28125,304276.8854166667
MAPPO strict 1+5,2432000,2.432,305978.4375,305360.8229166667
MAPPO strict 1+5,2483200,2.4832,306764.75,308344.59375
MAPPO strict 1+5,2534400,2.5344,312290.59375,309361.28125
MAPPO strict 1+5,2585600,2.5856,309028.5,311166.5729166667
MAPPO strict 1+5,2636800,2.6368,312180.625,311100.9791666667
MAPPO strict 1+5,2688000,2.688,312093.8125,312091.0520833333
MAPPO strict 1+5,2739200,2.7392,311998.71875,313353.3333333333
MAPPO strict 1+5,2790400,2.7904,315967.46875,313954.9895833333
MAPPO strict 1+5,2841600,2.8416,313898.78125,315756.7395833333
MAPPO strict 1+5,2892800,2.8928,317403.96875,314465.0833333333
MAPPO strict 1+5,2944000,2.944,312092.5,314612.2291666667
MAPPO strict 1+5,2995200,2.9952,314340.21875,314666.875
MAPPO strict 1+5,3046400,3.0464,317567.90625,317810.6979166667
MAPPO strict 1+5,3097600,3.0976,321523.96875,320628.8854166667
MAPPO strict 1+5,3148800,3.1488,322794.78125,324558.2708333333
MAPPO strict 1+5,3200000,3.2,329356.0625,324118.0520833333
MAPPO strict 1+5,3251200,3.2512,320203.3125,324952.2604166667
MAPPO strict 1+5,3302400,3.3024,325297.40625,322970.6770833333
MAPPO strict 1+5,3353600,3.3536,323411.3125,322996.5
MAPPO strict 1+5,3404800,3.4048,320280.78125,323342.9479166667
MAPPO strict 1+5,3456000,3.456,326336.75,325285.9583333333
MAPPO strict 1+5,3507200,3.5072,329240.34375,327711.0416666667
MAPPO strict 1+5,3558400,3.5584,327556.03125,327153.7708333333
MAPPO strict 1+5,3609600,3.6096,324664.9375,329072.4479166667
MAPPO strict 1+5,3660800,3.6608,334996.375,332372.3333333333
MAPPO strict 1+5,3712000,3.712,337455.6875,338295.96875
MAPPO strict 1+5,3763200,3.7632,342435.84375,338294.2083333333
MAPPO strict 1+5,3814400,3.8144,334991.09375,335650.6770833333
MAPPO strict 1+5,3865600,3.8656,329525.09375,331358.6875
MAPPO strict 1+5,3916800,3.9168,329559.875,331336.8020833333
MAPPO strict 1+5,3968000,3.968,334925.4375,333020.53125
MAPPO strict 1+5,4019200,4.0192,334576.28125,338366.6145833333
MAPPO strict 1+5,4070400,4.0704,345598.125,342568.34375
MAPPO strict 1+5,4121600,4.1216,347530.625,346390.4791666667
MAPPO strict 1+5,4172800,4.1728,346042.6875,345783.28125
MAPPO strict 1+5,4224000,4.224,343776.53125,343250.90625
MAPPO strict 1+5,4275200,4.2752,339933.5,341372.9895833333
MAPPO strict 1+5,4326400,4.3264,340408.9375,341576.6979166667
MAPPO strict 1+5,4377600,4.3776,344387.65625,343252.4895833333
MAPPO strict 1+5,4428800,4.4288,344960.875,344042.7291666667
MAPPO strict 1+5,4480000,4.48,342779.65625,344098.3958333333
MAPPO strict 1+5,4531200,4.5312,344554.65625,343833.9791666667
MAPPO strict 1+5,4582400,4.5824,344167.625,347149.5104166667
MAPPO strict 1+5,4633600,4.6336,352726.25,348571.375
MAPPO strict 1+5,4684800,4.6848,348820.25,351088.8854166667
MAPPO strict 1+5,4736000,4.736,351720.15625,351860.8020833333
MAPPO strict 1+5,4787200,4.7872,355042.0,353776.8229166667
MAPPO strict 1+5,4838400,4.8384,354568.3125,355404.875
MAPPO strict 1+5,4889600,4.8896,356604.3125,352553.8958333333
MAPPO strict 1+5,4940800,4.9408,346489.0625,353354.375
MAPPO strict 1+5,4992000,4.992,356969.75,354329.3854166667
MAPPO strict 1+5,5043200,5.0432,359529.34375,360258.6145833333
MAPPO strict 1+5,5094400,5.0944,364276.75,363411.4375
MAPPO strict 1+5,5145600,5.1456,366428.21875,364619.5520833333
MAPPO strict 1+5,5196800,5.1968,363153.6875,365065.375
MAPPO strict 1+5,5248000,5.248,365614.21875,366008.3958333333
MAPPO strict 1+5,5299200,5.2992,369257.28125,365363.9583333333
MAPPO strict 1+5,5350400,5.3504,361220.375,362333.5625
MAPPO strict 1+5,5401600,5.4016,356523.03125,359303.9791666667
MAPPO strict 1+5,5452800,5.4528,360168.53125,360678.6875
MAPPO strict 1+5,5504000,5.504,365344.5,361346.0416666667
MAPPO strict 1+5,5555200,5.5552,358525.09375,361864.9479166667
MAPPO strict 1+5,5606400,5.6064,361725.25,360931.5625
MAPPO strict 1+5,5657600,5.6576,362544.34375,361950.2291666667
MAPPO strict 1+5,5708800,5.7088,361581.09375,360677.03125
MAPPO strict 1+5,5760000,5.76,357905.65625,359978.625
MAPPO strict 1+5,5811200,5.8112,360449.125,360131.3854166667
MAPPO strict 1+5,5862400,5.8624,362039.375,362761.6458333333
MAPPO strict 1+5,5913600,5.9136,365796.4375,367778.5416666667
MAPPO strict 1+5,5964800,5.9648,375499.8125,370035.4270833333
MAPPO strict 1+5,6016000,6.016,368810.03125,371628.8229166667
MAPPO strict 1+5,6067200,6.0672,370576.625,370746.90625
MAPPO strict 1+5,6118400,6.1184,372854.0625,372877.0729166667
MAPPO strict 1+5,6169600,6.1696,375200.53125,373474.6979166667
MAPPO strict 1+5,6220800,6.2208,372369.5,373472.3645833333
MAPPO strict 1+5,6272000,6.272,372847.0625,373334.5104166667
MAPPO strict 1+5,6323200,6.3232,374786.96875,374454.1666666667
MAPPO strict 1+5,6374400,6.3744,375728.46875,377043.71875
MAPPO strict 1+5,6425600,6.4256,380615.71875,378715.03125
MAPPO strict 1+5,6476800,6.4768,379800.90625,380602.78125
MAPPO strict 1+5,6528000,6.528,381391.71875,379503.25
MAPPO strict 1+5,6579200,6.5792,377317.125,379875.6979166667
MAPPO strict 1+5,6630400,6.6304,380918.25,378327.3229166667
MAPPO strict 1+5,6681600,6.6816,376746.59375,379261.0208333333
MAPPO strict 1+5,6732800,6.7328,380118.21875,379955.1875
MAPPO strict 1+5,6784000,6.784,383000.75,381170.3854166667
MAPPO strict 1+5,6835200,6.8352,380392.1875,381028.9166666667
MAPPO strict 1+5,6886400,6.8864,379693.8125,380950.28125
MAPPO strict 1+5,6937600,6.9376,382764.84375,381970.4479166667
MAPPO strict 1+5,6988800,6.9888,383452.6875,383543.1979166667
MAPPO strict 1+5,7040000,7.04,384412.0625,383397.25
MAPPO strict 1+5,7091200,7.0912,382327.0,382387.4270833333
MAPPO strict 1+5,7142400,7.1424,380423.21875,380649.28125
MAPPO strict 1+5,7193600,7.1936,379197.625,379354.5520833333
MAPPO strict 1+5,7244800,7.2448,378442.8125,379827.7291666667
MAPPO strict 1+5,7296000,7.296,381842.75,380611.6458333333
MAPPO strict 1+5,7347200,7.3472,381549.375,381392.5520833333
MAPPO strict 1+5,7398400,7.3984,380785.53125,382637.0729166667
MAPPO strict 1+5,7449600,7.4496,385576.3125,383753.9895833333
MAPPO strict 1+5,7500800,7.5008,384900.125,386002.7083333333
MAPPO strict 1+5,7552000,7.552,387531.6875,389351.8854166667
MAPPO strict 1+5,7603200,7.6032,395623.84375,392254.4583333333
MAPPO strict 1+5,7654400,7.6544,393607.84375,392567.875
MAPPO strict 1+5,7705600,7.7056,388471.9375,388989.0833333333
MAPPO strict 1+5,7756800,7.7568,384887.46875,388340.125
MAPPO strict 1+5,7808000,7.808,391660.96875,388833.9479166667
MAPPO strict 1+5,7859200,7.8592,389953.40625,389473.1979166667
MAPPO strict 1+5,7910400,7.9104,386805.21875,388602.53125
MAPPO strict 1+5,7961600,7.9616,389048.96875,386455.71875
MAPPO strict 1+5,8012800,8.0128,383512.96875,386116.7291666667
MAPPO strict 1+5,8064000,8.064,385788.25,385028.7083333333
MAPPO strict 1+5,8115200,8.1152,385784.90625,386021.6979166667
MAPPO strict 1+5,8166400,8.1664,386491.9375,386166.6458333333
MAPPO strict 1+5,8217600,8.2176,386223.09375,385679.5416666667
MAPPO strict 1+5,8268800,8.2688,384323.59375,387135.1666666667
MAPPO strict 1+5,8320000,8.32,390858.8125,388901.5520833333
MAPPO strict 1+5,8371200,8.3712,391522.25,394609.2395833333
MAPPO strict 1+5,8422400,8.4224,401446.65625,391666.7916666667
MAPPO strict 1+5,8473600,8.4736,382031.46875,392016.65625
MAPPO strict 1+5,8524800,8.5248,392571.84375,387929.9895833333
MAPPO strict 1+5,8576000,8.576,389186.65625,389031.625
MAPPO strict 1+5,8627200,8.6272,385336.375,388934.03125
MAPPO strict 1+5,8678400,8.6784,392279.0625,389087.34375
MAPPO strict 1+5,8729600,8.7296,389646.59375,393079.1458333333
MAPPO strict 1+5,8780800,8.7808,397311.78125,391865.8020833333
MAPPO strict 1+5,8832000,8.832,388639.03125,391489.4166666667
MAPPO strict 1+5,8883200,8.8832,388517.4375,388935.9791666667
MAPPO strict 1+5,8934400,8.9344,389651.46875,391189.9791666667
MAPPO strict 1+5,8985600,8.9856,395401.03125,392786.5104166667
MAPPO strict 1+5,9036800,9.0368,393307.03125,392780.1770833333
MAPPO strict 1+5,9088000,9.088,389632.46875,393843.1875
MAPPO strict 1+5,9139200,9.1392,398590.0625,394876.1458333333
MAPPO strict 1+5,9190400,9.1904,396405.90625,399181.5625
MAPPO strict 1+5,9241600,9.2416,402548.71875,400421.8333333333
MAPPO strict 1+5,9292800,9.2928,402310.875,401522.5625
MAPPO strict 1+5,9344000,9.344,399708.09375,399924.6770833333
MAPPO strict 1+5,9395200,9.3952,397755.0625,401527.6354166667
MAPPO strict 1+5,9446400,9.4464,407119.75,402421.1041666667
MAPPO strict 1+5,9497600,9.4976,402388.5,403941.6979166667
MAPPO strict 1+5,9548800,9.5488,402316.84375,400668.3645833333
MAPPO strict 1+5,9600000,9.6,397299.75,398782.0520833333
MAPPO strict 1+5,9651200,9.6512,396729.5625,398152.7916666667
MAPPO strict 1+5,9702400,9.7024,400429.0625,399587.1041666667
MAPPO strict 1+5,9753600,9.7536,401602.6875,399711.3333333333
MAPPO strict 1+5,9804800,9.8048,397102.25,398886.0
MAPPO strict 1+5,9856000,9.856,397953.0625,399496.4895833333
MAPPO strict 1+5,9907200,9.9072,403434.15625,401562.0104166667
MAPPO strict 1+5,9958400,9.9584,403298.8125,402811.8645833333
MAPPO strict 1+5,10009600,10.0096,401702.625,402288.9791666667
MAPPO strict 1+5,10060800,10.0608,401865.5,401327.0104166667
MAPPO strict 1+5,10112000,10.112,400412.90625,401381.5208333333
MAPPO strict 1+5,10163200,10.1632,401866.15625,402220.9583333333
MAPPO strict 1+5,10214400,10.2144,404383.8125,403262.8854166667
MAPPO strict 1+5,10265600,10.2656,403538.6875,405595.0
MAPPO strict 1+5,10316800,10.3168,408862.5,405473.3125
MAPPO strict 1+5,10368000,10.368,404018.75,405684.90625
MAPPO strict 1+5,10419200,10.4192,404173.46875,402083.1041666667
MAPPO strict 1+5,10470400,10.4704,398057.09375,400694.4166666667
MAPPO strict 1+5,10521600,10.5216,399852.6875,397933.28125
MAPPO strict 1+5,10572800,10.5728,395890.0625,400172.9895833333
MAPPO strict 1+5,10624000,10.624,404776.21875,401144.5104166667
MAPPO strict 1+5,10675200,10.6752,402767.25,403435.5833333333
MAPPO strict 1+5,10726400,10.7264,402763.28125,404472.3125
MAPPO strict 1+5,10777600,10.7776,407886.40625,403731.8125
MAPPO strict 1+5,10828800,10.8288,400545.75,403242.3020833333
MAPPO strict 1+5,10880000,10.88,401294.75,403717.3854166667
MAPPO strict 1+5,10931200,10.9312,409311.65625,403650.2708333333
MAPPO strict 1+5,10982400,10.9824,400344.40625,405046.0104166667
MAPPO strict 1+5,11033600,11.0336,405481.96875,404162.4895833333
MAPPO strict 1+5,11084800,11.0848,406661.09375,406941.0729166667
MAPPO strict 1+5,11136000,11.136,408680.15625,407041.09375
MAPPO strict 1+5,11187200,11.1872,405782.03125,407568.1666666667
MAPPO strict 1+5,11238400,11.2384,408242.3125,406937.2395833333
MAPPO strict 1+5,11289600,11.2896,406787.375,407903.9895833333
MAPPO strict 1+5,11340800,11.3408,408682.28125,408601.9166666667
MAPPO strict 1+5,11392000,11.392,410336.09375,410328.6875
MAPPO strict 1+5,11443200,11.4432,411967.6875,408937.0104166667
MAPPO strict 1+5,11494400,11.4944,404507.25,408158.8645833333
MAPPO strict 1+5,11545600,11.5456,408001.65625,408707.0104166667
MAPPO strict 1+5,11596800,11.5968,413612.125,409513.4375
MAPPO strict 1+5,11648000,11.648,406926.53125,411208.6458333333
MAPPO strict 1+5,11699200,11.6992,413087.28125,409108.09375
MAPPO strict 1+5,11750400,11.7504,407310.46875,406470.8958333333
MAPPO strict 1+5,11801600,11.8016,399014.9375,405852.34375
MAPPO strict 1+5,11852800,11.8528,411231.625,406214.1041666667
MAPPO strict 1+5,11904000,11.904,408395.75,408307.0104166667
MAPPO strict 1+5,11955200,11.9552,405293.65625,406047.5416666667
MAPPO strict 1+5,12006400,12.0064,404453.21875,404998.5833333333
MAPPO strict 1+5,12057600,12.0576,405248.875,405299.3958333333
MAPPO strict 1+5,12108800,12.1088,406196.09375,408784.6458333333
MAPPO strict 1+5,12160000,12.16,414908.96875,409946.8333333333
MAPPO strict 1+5,12211200,12.2112,408735.4375,411147.1458333333
MAPPO strict 1+5,12262400,12.2624,409797.03125,409275.0208333333
MAPPO strict 1+5,12313600,12.3136,409292.59375,407215.8333333333
MAPPO strict 1+5,12364800,12.3648,402557.875,405157.2604166667
MAPPO strict 1+5,12416000,12.416,403621.3125,402327.5625
MAPPO strict 1+5,12467200,12.4672,400803.5,405004.34375
MAPPO strict 1+5,12518400,12.5184,410588.21875,405522.15625
MAPPO strict 1+5,12569600,12.5696,405174.75,407945.8125
MAPPO strict 1+5,12620800,12.6208,408074.46875,408383.6875
MAPPO strict 1+5,12672000,12.672,411901.84375,410548.0208333333
MAPPO strict 1+5,12723200,12.7232,411667.75,412178.8333333333
MAPPO strict 1+5,12774400,12.7744,412966.90625,412069.8541666667
MAPPO strict 1+5,12825600,12.8256,411574.90625,411187.1979166667
MAPPO strict 1+5,12876800,12.8768,409019.78125,409494.5416666667
MAPPO strict 1+5,12928000,12.928,407888.9375,408988.40625
MAPPO strict 1+5,12979200,12.9792,410056.5,409268.4166666667
MAPPO strict 1+5,13030400,13.0304,409859.8125,410306.8541666667
MAPPO strict 1+5,13081600,13.0816,411004.25,411613.0104166667
MAPPO strict 1+5,13132800,13.1328,413974.96875,412583.2291666667
MAPPO strict 1+5,13184000,13.184,412770.46875,413056.3229166667
MAPPO strict 1+5,13235200,13.2352,412423.53125,412668.4479166667
MAPPO strict 1+5,13286400,13.2864,412811.34375,412227.15625
MAPPO strict 1+5,13337600,13.3376,411446.59375,413015.6354166667
MAPPO strict 1+5,13388800,13.3888,414788.96875,414072.96875
MAPPO strict 1+5,13440000,13.44,415983.34375,415730.09375
MAPPO strict 1+5,13491200,13.4912,416417.96875,417430.9895833333
MAPPO strict 1+5,13542400,13.5424,419891.65625,417927.3541666667
MAPPO strict 1+5,13593600,13.5936,417472.4375,416152.2604166667
MAPPO strict 1+5,13644800,13.6448,411092.6875,413972.7916666667
MAPPO strict 1+5,13696000,13.696,413353.25,412705.6666666667
MAPPO strict 1+5,13747200,13.7472,413671.0625,413835.28125
MAPPO strict 1+5,13798400,13.7984,414481.53125,415698.9375
MAPPO strict 1+5,13849600,13.8496,418944.21875,419095.6979166667
MAPPO strict 1+5,13900800,13.9008,423861.34375,422310.53125
MAPPO strict 1+5,13952000,13.952,424126.03125,422390.5
MAPPO strict 1+5,14003200,14.0032,419184.125,420503.1666666667
MAPPO strict 1+5,14054400,14.0544,418199.34375,417331.1354166667
MAPPO strict 1+5,14105600,14.1056,414609.9375,417113.375
MAPPO strict 1+5,14156800,14.1568,418530.84375,416095.6354166667
MAPPO strict 1+5,14208000,14.208,415146.125,418242.9583333333
MAPPO strict 1+5,14259200,14.2592,421051.90625,420195.28125
MAPPO strict 1+5,14310400,14.3104,424387.8125,422332.6875
MAPPO strict 1+5,14361600,14.3616,421558.34375,422230.15625
MAPPO strict 1+5,14412800,14.4128,420744.3125,421829.03125
MAPPO strict 1+5,14464000,14.464,423184.4375,421703.7083333333
MAPPO strict 1+5,14515200,14.5152,421182.375,422710.7604166667
MAPPO strict 1+5,14566400,14.5664,423765.46875,422763.1354166667
MAPPO strict 1+5,14617600,14.6176,423341.5625,423888.3541666667
MAPPO strict 1+5,14668800,14.6688,424558.03125,423766.2395833333
MAPPO strict 1+5,14720000,14.72,423399.125,424275.75
MAPPO strict 1+5,14771200,14.7712,424870.09375,424058.3854166667
MAPPO strict 1+5,14822400,14.8224,423905.9375,423912.3645833333
MAPPO strict 1+5,14873600,14.8736,422961.0625,422886.5416666667
MAPPO strict 1+5,14924800,14.9248,421792.625,422364.3229166667
MAPPO strict 1+5,14976000,14.976,422339.28125,421789.3854166667
MAPPO strict 1+5,15027200,15.0272,421236.25,421847.2708333333
MAPPO strict 1+5,15078400,15.0784,421966.28125,420159.4583333333
MAPPO strict 1+5,15129600,15.1296,417275.84375,419973.0729166667
MAPPO strict 1+5,15180800,15.1808,420677.09375,421076.9166666667
MAPPO strict 1+5,15232000,15.232,425277.8125,422907.0104166667
MAPPO strict 1+5,15283200,15.2832,422766.125,424540.25
MAPPO strict 1+5,15334400,15.3344,425576.8125,423545.8541666667
MAPPO strict 1+5,15385600,15.3856,422294.625,423219.1770833333
MAPPO strict 1+5,15436800,15.4368,421786.09375,422475.6979166667
MAPPO strict 1+5,15488000,15.488,423346.375,422976.78125
MAPPO strict 1+5,15539200,15.5392,423797.875,421466.34375
MAPPO strict 1+5,15590400,15.5904,417254.78125,419977.6458333333
MAPPO strict 1+5,15641600,15.6416,418880.28125,417711.6458333333
MAPPO strict 1+5,15692800,15.6928,416999.875,417680.2395833333
MAPPO strict 1+5,15744000,15.744,417160.5625,418105.71875
MAPPO strict 1+5,15795200,15.7952,420156.71875,419475.6770833333
MAPPO strict 1+5,15846400,15.8464,421109.75,421515.3854166667
MAPPO strict 1+5,15897600,15.8976,423279.6875,423252.03125
MAPPO strict 1+5,15948800,15.9488,425366.65625,422634.5833333333
MAPPO strict 1+5,16000000,16.0,419257.40625,423016.3854166667
MAPPO strict 1+5,16051200,16.0512,424425.09375,423674.0416666667
MAPPO strict 1+5,16102400,16.1024,427339.625,426435.6875
MAPPO strict 1+5,16153600,16.1536,427542.34375,424611.40625
MAPPO strict 1+5,16204800,16.2048,418952.25,424594.625
MAPPO strict 1+5,16256000,16.256,427289.28125,425326.1041666667
MAPPO strict 1+5,16307200,16.3072,429736.78125,428193.2708333333
MAPPO strict 1+5,16358400,16.3584,427553.75,428367.4166666667
MAPPO strict 1+5,16409600,16.4096,427811.71875,427231.28125
MAPPO strict 1+5,16460800,16.4608,426328.375,427723.25
MAPPO strict 1+5,16512000,16.512,429029.65625,426381.28125
MAPPO strict 1+5,16563200,16.5632,423785.8125,425922.7604166667
MAPPO strict 1+5,16614400,16.6144,424952.8125,425730.1666666667
MAPPO strict 1+5,16665600,16.6656,428451.875,425670.84375
MAPPO strict 1+5,16716800,16.7168,423607.84375,428337.1875
MAPPO strict 1+5,16768000,16.768,432951.84375,429672.0
MAPPO strict 1+5,16819200,16.8192,432456.3125,433655.78125
MAPPO strict 1+5,16870400,16.8704,435559.1875,433412.71875
MAPPO strict 1+5,16921600,16.9216,432222.65625,433661.65625
MAPPO strict 1+5,16972800,16.9728,433203.125,432325.1145833333
MAPPO strict 1+5,17024000,17.024,431549.5625,431809.40625
MAPPO strict 1+5,17075200,17.0752,430675.53125,431676.2916666667
MAPPO strict 1+5,17126400,17.1264,432803.78125,430732.0625
MAPPO strict 1+5,17177600,17.1776,428716.875,430903.1354166667
MAPPO strict 1+5,17228800,17.2288,431188.75,432055.0833333333
MAPPO strict 1+5,17280000,17.28,436259.625,433781.4895833333
MAPPO strict 1+5,17331200,17.3312,433896.09375,435318.3125
MAPPO strict 1+5,17382400,17.3824,435799.21875,436126.5416666667
MAPPO strict 1+5,17433600,17.4336,438684.3125,437758.4895833333
MAPPO strict 1+5,17484800,17.4848,438791.9375,438301.2916666667
MAPPO strict 1+5,17536000,17.536,437427.625,438408.3854166667
MAPPO strict 1+5,17587200,17.5872,439005.59375,438757.5416666667
MAPPO strict 1+5,17638400,17.6384,439839.40625,439551.4375
MAPPO strict 1+5,17689600,17.6896,439809.3125,437013.3125
MAPPO strict 1+5,17740800,17.7408,431391.21875,434705.1354166667
MAPPO strict 1+5,17792000,17.792,432914.875,433435.4791666667
MAPPO strict 1+5,17843200,17.8432,436000.34375,433863.3958333333
MAPPO strict 1+5,17894400,17.8944,432674.96875,433625.7395833333
MAPPO strict 1+5,17945600,17.9456,432201.90625,430778.6354166667
MAPPO strict 1+5,17996800,17.9968,427459.03125,428891.9791666667
MAPPO strict 1+5,18048000,18.048,427015.0,426436.6979166667
MAPPO strict 1+5,18099200,18.0992,424836.0625,426727.8229166667
MAPPO strict 1+5,18150400,18.1504,428332.40625,427504.1041666667
MAPPO strict 1+5,18201600,18.2016,429343.84375,430763.2916666667
MAPPO strict 1+5,18252800,18.2528,434613.625,432176.0416666667
MAPPO strict 1+5,18304000,18.304,432570.65625,432235.4479166667
MAPPO strict 1+5,18355200,18.3552,429522.0625,432988.40625
MAPPO strict 1+5,18406400,18.4064,436872.5,433696.1041666667
MAPPO strict 1+5,18457600,18.4576,434693.75,436778.09375
MAPPO strict 1+5,18508800,18.5088,438768.03125,437779.6145833333
MAPPO strict 1+5,18560000,18.56,439877.0625,438544.6458333333
MAPPO strict 1+5,18611200,18.6112,436988.84375,437530.03125
MAPPO strict 1+5,18662400,18.6624,435724.1875,436718.125
MAPPO strict 1+5,18713600,18.7136,437441.34375,437650.875
MAPPO strict 1+5,18764800,18.7648,439787.09375,439521.1770833333
MAPPO strict 1+5,18816000,18.816,441335.09375,440548.9479166667
MAPPO strict 1+5,18867200,18.8672,440524.65625,439189.7395833333
MAPPO strict 1+5,18918400,18.9184,435709.46875,436510.6458333333
MAPPO strict 1+5,18969600,18.9696,433297.8125,434827.3020833333
MAPPO strict 1+5,19020800,19.0208,435474.625,436193.8125
MAPPO strict 1+5,19072000,19.072,439809.0,437781.34375
MAPPO strict 1+5,19123200,19.1232,438060.40625,440170.8333333333
MAPPO strict 1+5,19174400,19.1744,442643.09375,439828.84375
MAPPO strict 1+5,19225600,19.2256,438783.03125,440241.6666666667
MAPPO strict 1+5,19276800,19.2768,439298.875,439770.8333333333
MAPPO strict 1+5,19328000,19.328,441230.59375,440691.1875
MAPPO strict 1+5,19379200,19.3792,441544.09375,440026.25
MAPPO strict 1+5,19430400,19.4304,437304.0625,439062.9791666667
MAPPO strict 1+5,19481600,19.4816,438340.78125,439089.6875
MAPPO strict 1+5,19532800,19.5328,441624.21875,439402.8854166667
MAPPO strict 1+5,19584000,19.584,438243.65625,439661.7395833333
MAPPO strict 1+5,19635200,19.6352,439117.34375,440275.7291666667
MAPPO strict 1+5,19686400,19.6864,443466.1875,442046.28125
MAPPO strict 1+5,19737600,19.7376,443555.3125,442394.4479166667
MAPPO strict 1+5,19788800,19.7888,440161.84375,441226.3020833333
MAPPO strict 1+5,19840000,19.84,439961.75,440359.71875
MAPPO strict 1+5,19891200,19.8912,440955.5625,439219.5833333333
MAPPO strict 1+5,19942400,19.9424,436741.4375,438901.0625
MAPPO strict 1+5,19993600,19.9936,439006.1875,438955.0416666667
MAPPO strict 1+5,20044800,20.0448,441117.5,439159.09375
MAPPO strict 1+5,20096000,20.096,437353.59375,439831.0208333333
MAPPO strict 1+5,20147200,20.1472,441021.96875,437799.9166666667
MAPPO strict 1+5,20198400,20.1984,435024.1875,437581.7291666667
MAPPO strict 1+5,20249600,20.2496,436699.03125,435851.3541666667
MAPPO strict 1+5,20300800,20.3008,435830.84375,437416.5520833333
MAPPO strict 1+5,20352000,20.352,439719.78125,438056.8645833333
MAPPO strict 1+5,20403200,20.4032,438619.96875,440130.0104166667
MAPPO strict 1+5,20454400,20.4544,442050.28125,441726.2083333333
MAPPO strict 1+5,20505600,20.5056,444508.375,443965.0
MAPPO strict 1+5,20556800,20.5568,445336.34375,446785.15625
MAPPO strict 1+5,20608000,20.608,450510.75,446549.5625
MAPPO strict 1+5,20659200,20.6592,443801.59375,446969.4166666667
MAPPO strict 1+5,20710400,20.7104,446595.90625,444989.1979166667
MAPPO strict 1+5,20761600,20.7616,444570.09375,446576.6770833333
MAPPO strict 1+5,20812800,20.8128,448564.03125,447966.0104166667
MAPPO strict 1+5,20864000,20.864,450763.90625,449100.9479166667
MAPPO strict 1+5,20915200,20.9152,447974.90625,448966.4791666667
MAPPO strict 1+5,20966400,20.9664,448160.625,447120.2708333333
MAPPO strict 1+5,21017600,21.0176,445225.28125,446680.4583333333
MAPPO strict 1+5,21068800,21.0688,446655.46875,445130.8333333333
MAPPO strict 1+5,21120000,21.12,443511.75,444249.4479166667
MAPPO strict 1+5,21171200,21.1712,442581.125,442125.4270833333
MAPPO strict 1+5,21222400,21.2224,440283.40625,441364.9479166667
MAPPO strict 1+5,21273600,21.2736,441230.3125,440864.25
MAPPO strict 1+5,21324800,21.3248,441079.03125,441742.21875
MAPPO strict 1+5,21376000,21.376,442917.3125,441117.1354166667
MAPPO strict 1+5,21427200,21.4272,439355.0625,440558.1770833333
MAPPO strict 1+5,21478400,21.4784,439402.15625,440787.84375
MAPPO strict 1+5,21529600,21.5296,443606.3125,441893.2083333333
MAPPO strict 1+5,21580800,21.5808,442671.15625,443970.1458333333
MAPPO strict 1+5,21632000,21.632,445632.96875,445401.1979166667
MAPPO strict 1+5,21683200,21.6832,447899.46875,447326.1666666667
MAPPO strict 1+5,21734400,21.7344,448446.0625,449405.3229166667
MAPPO strict 1+5,21785600,21.7856,451870.4375,450085.2395833333
MAPPO strict 1+5,21836800,21.8368,449939.21875,450377.3541666667
MAPPO strict 1+5,21888000,21.888,449322.40625,448503.5729166667
MAPPO strict 1+5,21939200,21.9392,446249.09375,446225.8229166667
MAPPO strict 1+5,21990400,21.9904,443105.96875,445607.2291666667
MAPPO strict 1+5,22041600,22.0416,447466.625,445499.4166666667
MAPPO strict 1+5,22092800,22.0928,445925.65625,446145.9583333333
MAPPO strict 1+5,22144000,22.144,445045.59375,444599.0833333333
MAPPO strict 1+5,22195200,22.1952,442826.0,445234.25
MAPPO strict 1+5,22246400,22.2464,447831.15625,445167.6041666667
MAPPO strict 1+5,22297600,22.2976,444845.65625,446491.1354166667
MAPPO strict 1+5,22348800,22.3488,446796.59375,446634.9375
MAPPO strict 1+5,22400000,22.4,448262.5625,447304.6770833333
MAPPO strict 1+5,22451200,22.4512,446854.875,447671.7708333333
MAPPO strict 1+5,22502400,22.5024,447897.875,448633.03125
MAPPO strict 1+5,22553600,22.5536,451146.34375,449823.7291666667
MAPPO strict 1+5,22604800,22.6048,450426.96875,451535.5208333333
MAPPO strict 1+5,22656000,22.656,453033.25,451355.0416666667
MAPPO strict 1+5,22707200,22.7072,450604.90625,451053.5104166667
MAPPO strict 1+5,22758400,22.7584,449522.375,449980.2708333333
MAPPO strict 1+5,22809600,22.8096,449813.53125,449179.3229166667
MAPPO strict 1+5,22860800,22.8608,448202.0625,447834.25
MAPPO strict 1+5,22912000,22.912,445487.15625,448264.1666666667
MAPPO strict 1+5,22963200,22.9632,451103.28125,448421.3333333333
MAPPO strict 1+5,23014400,23.0144,448673.5625,448901.3854166667
MAPPO strict 1+5,23065600,23.0656,446927.3125,447645.875
MAPPO strict 1+5,23116800,23.1168,447336.75,447890.5833333333
MAPPO strict 1+5,23168000,23.168,449407.6875,448958.71875
MAPPO strict 1+5,23219200,23.2192,450131.71875,449592.125
MAPPO strict 1+5,23270400,23.2704,449236.96875,449900.5520833333
MAPPO strict 1+5,23321600,23.3216,450332.96875,449749.6354166667
MAPPO strict 1+5,23372800,23.3728,449678.96875,449093.15625
MAPPO strict 1+5,23424000,23.424,447267.53125,449216.5208333333
MAPPO strict 1+5,23475200,23.4752,450703.0625,450708.5833333333
MAPPO strict 1+5,23526400,23.5264,454155.15625,453226.9375
MAPPO strict 1+5,23577600,23.5776,454822.59375,454530.6875
MAPPO strict 1+5,23628800,23.6288,454614.3125,454196.53125
MAPPO strict 1+5,23680000,23.68,453152.6875,453663.9479166667
MAPPO strict 1+5,23731200,23.7312,453224.84375,453216.28125
MAPPO strict 1+5,23782400,23.7824,453271.3125,453751.7291666667
MAPPO strict 1+5,23833600,23.8336,454759.03125,453528.2395833333
MAPPO strict 1+5,23884800,23.8848,452554.375,452845.1041666667
MAPPO strict 1+5,23936000,23.936,451221.90625,451291.65625
MAPPO strict 1+5,23987200,23.9872,450098.6875,451740.75
MAPPO strict 1+5,24038400,24.0384,453901.65625,452367.8541666667
MAPPO strict 1+5,24089600,24.0896,453103.21875,453458.2916666667
MAPPO strict 1+5,24140800,24.1408,453370.0,452428.0
MAPPO strict 1+5,24192000,24.192,450810.78125,450897.9479166667
MAPPO strict 1+5,24243200,24.2432,448513.0625,449616.5729166667
MAPPO strict 1+5,24294400,24.2944,449525.875,449127.9583333333
MAPPO strict 1+5,24345600,24.3456,449344.9375,449067.59375
MAPPO strict 1+5,24396800,24.3968,448331.96875,448433.7916666667
MAPPO strict 1+5,24448000,24.448,447624.46875,448545.875
MAPPO strict 1+5,24499200,24.4992,449681.1875,449413.15625
MAPPO strict 1+5,24550400,24.5504,450933.8125,450134.09375
MAPPO strict 1+5,24601600,24.6016,449787.28125,449821.9166666667
MAPPO strict 1+5,24652800,24.6528,448744.65625,450210.4375
MAPPO strict 1+5,24704000,24.704,452099.375,450810.6354166667
MAPPO strict 1+5,24755200,24.7552,451587.875,451875.90625
MAPPO strict 1+5,24806400,24.8064,451940.46875,451287.9166666667
MAPPO strict 1+5,24857600,24.8576,450335.40625,450879.2604166667
MAPPO strict 1+5,24908800,24.9088,450361.90625,450069.0416666667
MAPPO strict 1+5,24960000,24.96,449509.8125,450696.59375
MAPPO strict 1+5,25011200,25.0112,452218.0625,450601.03125
MAPPO strict 1+5,25062400,25.0624,450075.21875,450571.0416666667
MAPPO strict 1+5,25113600,25.1136,449419.84375,448970.4583333333
MAPPO strict 1+5,25164800,25.1648,447416.3125,448858.3020833333
MAPPO strict 1+5,25216000,25.216,449738.75,449294.5208333333
MAPPO strict 1+5,25267200,25.2672,450728.5,449523.2604166667
MAPPO strict 1+5,25318400,25.3184,448102.53125,449927.59375
MAPPO strict 1+5,25369600,25.3696,450951.75,450097.6458333333
MAPPO strict 1+5,25420800,25.4208,451238.65625,450906.34375
MAPPO strict 1+5,25472000,25.472,450528.625,450367.7395833333
MAPPO strict 1+5,25523200,25.5232,449335.9375,450567.0625
MAPPO strict 1+5,25574400,25.5744,451836.625,452010.1041666667
MAPPO strict 1+5,25625600,25.6256,454857.75,453731.4479166667
MAPPO strict 1+5,25676800,25.6768,454499.96875,453823.1145833333
MAPPO strict 1+5,25728000,25.728,452111.625,452756.7916666667
MAPPO strict 1+5,25779200,25.7792,451658.78125,451982.375
MAPPO strict 1+5,25830400,25.8304,452176.71875,450857.2708333333
MAPPO strict 1+5,25881600,25.8816,448736.3125,449863.0833333333
MAPPO strict 1+5,25932800,25.9328,448676.21875,449170.1979166667
MAPPO strict 1+5,25984000,25.984,450098.0625,448865.7708333333
MAPPO strict 1+5,26035200,26.0352,447823.03125,448886.9270833333
MAPPO strict 1+5,26086400,26.0864,448739.6875,449414.6770833333
MAPPO strict 1+5,26137600,26.1376,451681.3125,450334.9166666667
MAPPO strict 1+5,26188800,26.1888,450583.75,451751.3333333333
MAPPO strict 1+5,26240000,26.24,452988.9375,451487.9166666667
MAPPO strict 1+5,26291200,26.2912,450891.0625,452427.4895833333
MAPPO strict 1+5,26342400,26.3424,453402.46875,453450.9895833333
MAPPO strict 1+5,26393600,26.3936,456059.4375,454702.75
MAPPO strict 1+5,26444800,26.4448,454646.34375,456058.46875
MAPPO strict 1+5,26496000,26.496,457469.625,456145.4166666667
MAPPO strict 1+5,26547200,26.5472,456320.28125,456389.1770833333
MAPPO strict 1+5,26598400,26.5984,455377.625,456800.1770833333
MAPPO strict 1+5,26649600,26.6496,458702.625,457207.6354166667
MAPPO strict 1+5,26700800,26.7008,457542.65625,457695.0208333333
MAPPO strict 1+5,26752000,26.752,456839.78125,456862.21875
MAPPO strict 1+5,26803200,26.8032,456204.21875,456324.5416666667
MAPPO strict 1+5,26854400,26.8544,455929.625,454970.1458333333
MAPPO strict 1+5,26905600,26.9056,452776.59375,452929.5625
MAPPO strict 1+5,26956800,26.9568,450082.46875,452611.7083333333
MAPPO strict 1+5,27008000,27.008,454976.0625,453137.3854166667
MAPPO strict 1+5,27059200,27.0592,454353.625,454120.7083333333
MAPPO strict 1+5,27110400,27.1104,453032.4375,453454.0
MAPPO strict 1+5,27161600,27.1616,452975.9375,453851.1770833333
MAPPO strict 1+5,27212800,27.2128,455545.15625,453251.40625
MAPPO strict 1+5,27264000,27.264,451233.125,454312.5729166667
MAPPO strict 1+5,27315200,27.3152,456159.4375,454121.2604166667
MAPPO strict 1+5,27366400,27.3664,454971.21875,455120.0208333333
MAPPO strict 1+5,27417600,27.4176,454229.40625,454495.9270833333
MAPPO strict 1+5,27468800,27.4688,454287.15625,454367.3541666667
MAPPO strict 1+5,27520000,27.52,454585.5,455981.46875
MAPPO strict 1+5,27571200,27.5712,459071.75,457044.1458333333
MAPPO strict 1+5,27622400,27.6224,457475.1875,456906.0625
MAPPO strict 1+5,27673600,27.6736,454171.25,453920.4895833333
MAPPO strict 1+5,27724800,27.7248,450115.03125,453071.53125
MAPPO strict 1+5,27776000,27.776,454928.3125,453678.5729166667
MAPPO strict 1+5,27827200,27.8272,455992.375,456073.1979166667
MAPPO strict 1+5,27878400,27.8784,457298.90625,456187.6979166667
MAPPO strict 1+5,27929600,27.9296,455271.8125,455769.0416666667
MAPPO strict 1+5,27980800,27.9808,454736.40625,454189.2916666667
MAPPO strict 1+5,28032000,28.032,452559.65625,453911.4166666667
MAPPO strict 1+5,28083200,28.0832,454438.1875,453395.125
MAPPO strict 1+5,28134400,28.1344,453187.53125,454087.7708333333
MAPPO strict 1+5,28185600,28.1856,454637.59375,453880.3645833333
MAPPO strict 1+5,28236800,28.2368,453815.96875,454345.4270833333
MAPPO strict 1+5,28288000,28.288,454582.71875,452496.1770833333
MAPPO strict 1+5,28339200,28.3392,449089.84375,452000.4375
MAPPO strict 1+5,28390400,28.3904,452328.75,452008.2083333333
MAPPO strict 1+5,28441600,28.4416,454606.03125,454294.0104166667
MAPPO strict 1+5,28492800,28.4928,455947.25,454402.2708333333
MAPPO strict 1+5,28544000,28.544,452653.53125,453736.40625
MAPPO strict 1+5,28595200,28.5952,452608.4375,450259.96875
MAPPO strict 1+5,28646400,28.6464,445517.9375,448556.125
MAPPO strict 1+5,28697600,28.6976,447542.0,446494.4583333333
MAPPO strict 1+5,28748800,28.7488,446423.4375,446876.6458333333
MAPPO strict 1+5,28800000,28.8,446664.5,445748.7604166667
MAPPO strict 1+5,28851200,28.8512,444158.34375,445940.6875
MAPPO strict 1+5,28902400,28.9024,446999.21875,447159.2291666667
MAPPO strict 1+5,28953600,28.9536,450320.125,449899.7083333333
MAPPO strict 1+5,29004800,29.0048,452379.78125,451304.625
MAPPO strict 1+5,29056000,29.056,451213.96875,451540.8229166667
MAPPO strict 1+5,29107200,29.1072,451028.71875,452057.5625
MAPPO strict 1+5,29158400,29.1584,453930.0,452207.7916666667
MAPPO strict 1+5,29209600,29.2096,451664.65625,453098.125
MAPPO strict 1+5,29260800,29.2608,453699.71875,452020.2708333333
MAPPO strict 1+5,29312000,29.312,450696.4375,451802.4270833333
MAPPO strict 1+5,29363200,29.3632,451011.125,451701.09375
MAPPO strict 1+5,29414400,29.4144,453395.71875,451771.46875
MAPPO strict 1+5,29465600,29.4656,450907.5625,452010.9479166667
MAPPO strict 1+5,29516800,29.5168,451729.5625,451836.0833333333
MAPPO strict 1+5,29568000,29.568,452871.125,453347.6354166667
MAPPO strict 1+5,29619200,29.6192,455442.21875,454230.6354166667
MAPPO strict 1+5,29670400,29.6704,454378.5625,454241.4375
MAPPO strict 1+5,29721600,29.7216,452903.53125,454004.0729166667
MAPPO strict 1+5,29772800,29.7728,454730.125,452406.40625
MAPPO strict 1+5,29824000,29.824,449585.5625,453839.2916666667
MAPPO strict 1+5,29875200,29.8752,457202.1875,453474.5625
MAPPO strict 1+5,29926400,29.9264,453635.9375,456102.78125
MAPPO strict 1+5,29977600,29.9776,457470.21875,456009.6041666667
MAPPO strict 1+5,30028800,30.0288,456922.65625,458006.3958333333
MAPPO strict 1+5,30080000,30.08,459626.3125,458487.7395833333
MAPPO strict 1+5,30131200,30.1312,458914.25,459528.5729166667
MAPPO strict 1+5,30182400,30.1824,460045.15625,459524.1041666667
MAPPO strict 1+5,30233600,30.2336,459612.90625,459313.3020833333
MAPPO strict 1+5,30284800,30.2848,458281.84375,458135.0520833333
MAPPO strict 1+5,30336000,30.336,456510.40625,457109.7083333333
MAPPO strict 1+5,30387200,30.3872,456536.875,456624.53125
MAPPO strict 1+5,30438400,30.4384,456826.3125,456700.2395833333
MAPPO strict 1+5,30489600,30.4896,456737.53125,456581.4375
MAPPO strict 1+5,30540800,30.5408,456180.46875,456629.90625
MAPPO strict 1+5,30592000,30.592,456971.71875,456332.7604166667
MAPPO strict 1+5,30643200,30.6432,455846.09375,455752.3020833333
MAPPO strict 1+5,30694400,30.6944,454439.09375,455749.8541666667
MAPPO strict 1+5,30745600,30.7456,456964.375,455798.15625
MAPPO strict 1+5,30796800,30.7968,455991.0,457714.15625
MAPPO strict 1+5,30848000,30.848,460187.09375,457743.4479166667
MAPPO strict 1+5,30899200,30.8992,457052.25,457883.40625
MAPPO strict 1+5,30950400,30.9504,456410.875,458678.2083333333
MAPPO strict 1+5,31001600,31.0016,462571.5,460040.1458333333
MAPPO strict 1+5,31052800,31.0528,461138.0625,461974.6979166667
MAPPO strict 1+5,31104000,31.104,462214.53125,462474.8854166667
MAPPO strict 1+5,31155200,31.1552,464072.0625,463810.9895833333
MAPPO strict 1+5,31206400,31.2064,465146.375,464938.8333333333
MAPPO strict 1+5,31257600,31.2576,465598.0625,465756.1666666667
MAPPO strict 1+5,31308800,31.3088,466524.0625,464961.3020833333
MAPPO strict 1+5,31360000,31.36,462761.78125,462769.9375
MAPPO strict 1+5,31411200,31.4112,459023.96875,459974.1354166667
MAPPO strict 1+5,31462400,31.4624,458136.65625,458731.59375
MAPPO strict 1+5,31513600,31.5136,459034.15625,458358.7916666667
MAPPO strict 1+5,31564800,31.5648,457905.5625,458229.5520833333
MAPPO strict 1+5,31616000,31.616,457748.9375,458438.34375
MAPPO strict 1+5,31667200,31.6672,459660.53125,459360.4479166667
MAPPO strict 1+5,31718400,31.7184,460671.875,461489.5208333333
MAPPO strict 1+5,31769600,31.7696,464136.15625,462109.3020833333
MAPPO strict 1+5,31820800,31.8208,461519.875,463370.7291666667
MAPPO strict 1+5,31872000,31.872,464456.15625,463136.625
MAPPO strict 1+5,31923200,31.9232,463433.84375,463303.3958333333
MAPPO strict 1+5,31974400,31.9744,462020.1875,461683.7708333333
MAPPO strict 1+5,32025600,32.0256,459597.28125,459258.375
MAPPO strict 1+5,32076800,32.0768,456157.65625,457013.4479166667
MAPPO strict 1+5,32128000,32.128,455285.40625,455524.4270833333
MAPPO strict 1+5,32179200,32.1792,455130.21875,455010.8229166667
MAPPO strict 1+5,32230400,32.2304,454616.84375,454875.3125
MAPPO strict 1+5,32281600,32.2816,454878.875,455471.3958333333
MAPPO strict 1+5,32332800,32.3328,456918.46875,455983.4895833333
MAPPO strict 1+5,32384000,32.384,456153.125,455382.1875
MAPPO strict 1+5,32435200,32.4352,453074.96875,454440.90625
MAPPO strict 1+5,32486400,32.4864,454094.625,453704.125
MAPPO strict 1+5,32537600,32.5376,453942.78125,454388.6666666667
MAPPO strict 1+5,32588800,32.5888,455128.59375,453994.96875
MAPPO strict 1+5,32640000,32.64,452913.53125,454098.3645833333
MAPPO strict 1+5,32691200,32.6912,454252.96875,453540.28125
MAPPO strict 1+5,32742400,32.7424,453454.34375,454490.5729166667
MAPPO strict 1+5,32793600,32.7936,455764.40625,455595.7395833333
MAPPO strict 1+5,32844800,32.8448,457568.46875,456127.25
MAPPO strict 1+5,32896000,32.896,455048.875,456371.3645833333
MAPPO strict 1+5,32947200,32.9472,456496.75,455199.25
MAPPO strict 1+5,32998400,32.9984,454052.125,455500.7604166667
MAPPO strict 1+5,33049600,33.0496,455953.40625,455799.5833333333
MAPPO strict 1+5,33100800,33.1008,457393.21875,456932.5416666667
MAPPO strict 1+5,33152000,33.152,457451.0,457322.59375
MAPPO strict 1+5,33203200,33.2032,457123.5625,457394.7604166667
MAPPO strict 1+5,33254400,33.2544,457609.71875,457340.2916666667
MAPPO strict 1+5,33305600,33.3056,457287.59375,457501.09375
MAPPO strict 1+5,33356800,33.3568,457605.96875,457944.0520833333
MAPPO strict 1+5,33408000,33.408,458938.59375,458807.0729166667
MAPPO strict 1+5,33459200,33.4592,459876.65625,459720.84375
MAPPO strict 1+5,33510400,33.5104,460347.28125,460820.4583333333
MAPPO strict 1+5,33561600,33.5616,462237.4375,461602.4791666667
MAPPO strict 1+5,33612800,33.6128,462222.71875,461841.0729166667
MAPPO strict 1+5,33664000,33.664,461063.0625,461540.96875
MAPPO strict 1+5,33715200,33.7152,461337.125,461351.3333333333
MAPPO strict 1+5,33766400,33.7664,461653.8125,460925.8958333333
MAPPO strict 1+5,33817600,33.8176,459786.75,460137.0833333333
MAPPO strict 1+5,33868800,33.8688,458970.6875,459746.0520833333
MAPPO strict 1+5,33920000,33.92,460480.71875,460593.75
MAPPO strict 1+5,33971200,33.9712,462329.84375,460412.40625
MAPPO strict 1+5,34022400,34.0224,458426.65625,459382.2395833333
MAPPO strict 1+5,34073600,34.0736,457390.21875,458037.1979166667
MAPPO strict 1+5,34124800,34.1248,458294.71875,457476.1875
MAPPO strict 1+5,34176000,34.176,456743.625,456535.0729166667
MAPPO strict 1+5,34227200,34.2272,454566.875,456517.25
MAPPO strict 1+5,34278400,34.2784,458241.25,456814.90625
MAPPO strict 1+5,34329600,34.3296,457636.59375,457807.9895833333
MAPPO strict 1+5,34380800,34.3808,457546.125,458172.1354166667
MAPPO strict 1+5,34432000,34.432,459333.6875,458856.1458333333
MAPPO strict 1+5,34483200,34.4832,459688.625,460375.0208333333
MAPPO strict 1+5,34534400,34.5344,462102.75,460206.6458333333
MAPPO strict 1+5,34585600,34.5856,458828.5625,459851.3333333333
MAPPO strict 1+5,34636800,34.6368,458622.6875,459328.8125
MAPPO strict 1+5,34688000,34.688,460535.1875,459530.0416666667
MAPPO strict 1+5,34739200,34.7392,459432.25,460562.0729166667
MAPPO strict 1+5,34790400,34.7904,461718.78125,461122.65625
MAPPO strict 1+5,34841600,34.8416,462216.9375,461649.5416666667
MAPPO strict 1+5,34892800,34.8928,461012.90625,460711.7395833333
MAPPO strict 1+5,34944000,34.944,458905.375,460274.8125
MAPPO strict 1+5,34995200,34.9952,460906.15625,460172.3020833333
MAPPO strict 1+5,35046400,35.0464,460705.375,461238.625
MAPPO strict 1+5,35097600,35.0976,462104.34375,461982.3020833333
MAPPO strict 1+5,35148800,35.1488,463137.1875,461869.03125
MAPPO strict 1+5,35200000,35.2,460365.5625,461596.28125
MAPPO strict 1+5,35251200,35.2512,461286.09375,460715.7708333333
MAPPO strict 1+5,35302400,35.3024,460495.65625,461744.1041666667
MAPPO strict 1+5,35353600,35.3536,463450.5625,461412.3854166667
MAPPO strict 1+5,35404800,35.4048,460290.9375,461696.8229166667
MAPPO strict 1+5,35456000,35.456,461348.96875,460747.46875
MAPPO strict 1+5,35507200,35.5072,460602.5,461182.1354166667
MAPPO strict 1+5,35558400,35.5584,461594.9375,460704.3645833333
MAPPO strict 1+5,35609600,35.6096,459915.65625,461085.6041666667
MAPPO strict 1+5,35660800,35.6608,461746.21875,461270.4270833333
MAPPO strict 1+5,35712000,35.712,462149.40625,461284.1875
MAPPO strict 1+5,35763200,35.7632,459956.9375,461339.5625
MAPPO strict 1+5,35814400,35.8144,461912.34375,461165.3125
MAPPO strict 1+5,35865600,35.8656,461626.65625,462480.1979166667
MAPPO strict 1+5,35916800,35.9168,463901.59375,462671.8645833333
MAPPO strict 1+5,35968000,35.968,462487.34375,462479.3229166667
MAPPO strict 1+5,36019200,36.0192,461049.03125,461199.5729166667
MAPPO strict 1+5,36070400,36.0704,460062.34375,460052.71875
MAPPO strict 1+5,36121600,36.1216,459046.78125,459661.2291666667
MAPPO strict 1+5,36172800,36.1728,459874.5625,459843.1666666667
MAPPO strict 1+5,36224000,36.224,460608.15625,461229.5833333333
MAPPO strict 1+5,36275200,36.2752,463206.03125,461968.875
MAPPO strict 1+5,36326400,36.3264,462092.4375,462328.3958333333
MAPPO strict 1+5,36377600,36.3776,461686.71875,461686.8020833333
MAPPO strict 1+5,36428800,36.4288,461281.25,461208.25
MAPPO strict 1+5,36480000,36.48,460656.78125,460483.2083333333
MAPPO strict 1+5,36531200,36.5312,459511.59375,460105.9375
MAPPO strict 1+5,36582400,36.5824,460149.4375,460126.15625
MAPPO strict 1+5,36633600,36.6336,460717.4375,460107.65625
MAPPO strict 1+5,36684800,36.6848,459456.09375,461068.6354166667
MAPPO strict 1+5,36736000,36.736,463032.375,461465.4166666667
MAPPO strict 1+5,36787200,36.7872,461907.78125,462050.25
MAPPO strict 1+5,36838400,36.8384,461210.59375,461548.34375
MAPPO strict 1+5,36889600,36.8896,461526.65625,462093.25
MAPPO strict 1+5,36940800,36.9408,463542.5,463420.5104166667
MAPPO strict 1+5,36992000,36.992,465192.375,465250.90625
MAPPO strict 1+5,37043200,37.0432,467017.84375,466330.6875
MAPPO strict 1+5,37094400,37.0944,466781.84375,466483.3541666667
MAPPO strict 1+5,37145600,37.1456,465650.375,465389.6875
MAPPO strict 1+5,37196800,37.1968,463736.84375,462780.9375
MAPPO strict 1+5,37248000,37.248,458955.59375,461122.09375
MAPPO strict 1+5,37299200,37.2992,460673.84375,459624.6979166667
MAPPO strict 1+5,37350400,37.3504,459244.65625,460819.09375
MAPPO strict 1+5,37401600,37.4016,462538.78125,461947.3229166667
MAPPO strict 1+5,37452800,37.4528,464058.53125,464319.5625
MAPPO strict 1+5,37504000,37.504,466361.375,466289.78125
MAPPO strict 1+5,37555200,37.5552,468449.4375,467408.1458333333
MAPPO strict 1+5,37606400,37.6064,467413.625,467459.25
MAPPO strict 1+5,37657600,37.6576,466514.6875,466396.6354166667
MAPPO strict 1+5,37708800,37.7088,465261.59375,465789.0208333333
MAPPO strict 1+5,37760000,37.76,465590.78125,464835.5
MAPPO strict 1+5,37811200,37.8112,463654.125,464972.7083333333
MAPPO strict 1+5,37862400,37.8624,465673.21875,465261.90625
MAPPO strict 1+5,37913600,37.9136,466458.375,466178.3645833333
MAPPO strict 1+5,37964800,37.9648,466403.5,465209.34375
MAPPO strict 1+5,38016000,38.016,462766.15625,464711.9583333333
MAPPO strict 1+5,38067200,38.0672,464966.21875,463866.4270833333
MAPPO strict 1+5,38118400,38.1184,463866.90625,465332.3229166667
MAPPO strict 1+5,38169600,38.1696,467163.84375,465918.1875
MAPPO strict 1+5,38220800,38.2208,466723.8125,467217.8333333333
MAPPO strict 1+5,38272000,38.272,467765.84375,466586.8333333333
MAPPO strict 1+5,38323200,38.3232,465270.84375,465235.9791666667
MAPPO strict 1+5,38374400,38.3744,462671.25,464120.7604166667
MAPPO strict 1+5,38425600,38.4256,464420.1875,464050.96875
MAPPO strict 1+5,38476800,38.4768,465061.46875,465053.0833333333
MAPPO strict 1+5,38528000,38.528,465677.59375,465797.0104166667
MAPPO strict 1+5,38579200,38.5792,466651.96875,466070.4166666667
MAPPO strict 1+5,38630400,38.6304,465881.6875,466817.4895833333
MAPPO strict 1+5,38681600,38.6816,467918.8125,468246.0520833333
MAPPO strict 1+5,38732800,38.7328,470937.65625,469238.7916666667
MAPPO strict 1+5,38784000,38.784,468859.90625,469760.5625
MAPPO strict 1+5,38835200,38.8352,469484.125,468920.3333333333
MAPPO strict 1+5,38886400,38.8864,468416.96875,469276.59375
MAPPO strict 1+5,38937600,38.9376,469928.6875,468636.7604166667
MAPPO strict 1+5,38988800,38.9888,467564.625,468399.4479166667
MAPPO strict 1+5,39040000,39.04,467705.03125,467604.8020833333
MAPPO strict 1+5,39091200,39.0912,467544.75,467168.3333333333
MAPPO strict 1+5,39142400,39.1424,466255.21875,466566.6145833333
MAPPO strict 1+5,39193600,39.1936,465899.875,466483.15625
MAPPO strict 1+5,39244800,39.2448,467294.375,466586.75
MAPPO strict 1+5,39296000,39.296,466566.0,467206.8125
MAPPO strict 1+5,39347200,39.3472,467760.0625,467636.65625
MAPPO strict 1+5,39398400,39.3984,468583.90625,468691.78125
MAPPO strict 1+5,39449600,39.4496,469731.375,469008.5729166667
MAPPO strict 1+5,39500800,39.5008,468710.4375,469307.625
MAPPO strict 1+5,39552000,39.552,469481.0625,468187.125
MAPPO strict 1+5,39603200,39.6032,466369.875,467247.1770833333
MAPPO strict 1+5,39654400,39.6544,465890.59375,466564.9375
MAPPO strict 1+5,39705600,39.7056,467434.34375,466447.3854166667
MAPPO strict 1+5,39756800,39.7568,466017.21875,467503.1041666667
MAPPO strict 1+5,39808000,39.808,469057.75,467538.46875
MAPPO strict 1+5,39859200,39.8592,467540.4375,468426.65625
MAPPO strict 1+5,39910400,39.9104,468681.78125,467610.5625
MAPPO strict 1+5,39961600,39.9616,466609.46875,466648.53125
MAPPO strict 1+5,40012800,40.0128,464654.34375,465513.25
MAPPO strict 1+5,40064000,40.064,465275.9375,464744.6041666667
MAPPO strict 1+5,40115200,40.1152,464303.53125,464677.2395833333
MAPPO strict 1+5,40166400,40.1664,464452.25,463839.5833333333
MAPPO strict 1+5,40217600,40.2176,462762.96875,463148.2604166667
MAPPO strict 1+5,40268800,40.2688,462229.5625,463144.125
MAPPO strict 1+5,40320000,40.32,464439.84375,463707.2395833333
MAPPO strict 1+5,40371200,40.3712,464452.3125,463811.34375
MAPPO strict 1+5,40422400,40.4224,462541.875,463887.1875
MAPPO strict 1+5,40473600,40.4736,464667.375,463948.2083333333
MAPPO strict 1+5,40524800,40.5248,464635.375,464241.7604166667
MAPPO strict 1+5,40576000,40.576,463422.53125,464073.875
MAPPO strict 1+5,40627200,40.6272,464163.71875,463791.34375
MAPPO strict 1+5,40678400,40.6784,463787.78125,463923.7291666667
MAPPO strict 1+5,40729600,40.7296,463819.6875,464935.7604166667
MAPPO strict 1+5,40780800,40.7808,467199.8125,465477.5520833333
MAPPO strict 1+5,40832000,40.832,465413.15625,466089.25
MAPPO strict 1+5,40883200,40.8832,465654.78125,465576.2291666667
MAPPO strict 1+5,40934400,40.9344,465660.75,465410.5104166667
MAPPO strict 1+5,40985600,40.9856,464916.0,464026.8645833333
MAPPO strict 1+5,41036800,41.0368,461503.84375,462955.6041666667
MAPPO strict 1+5,41088000,41.088,462446.96875,462331.5
MAPPO strict 1+5,41139200,41.1392,463043.6875,463453.46875
MAPPO strict 1+5,41190400,41.1904,464869.75,464768.7916666667
MAPPO strict 1+5,41241600,41.2416,466392.9375,466426.6145833333
MAPPO strict 1+5,41292800,41.2928,468017.15625,467416.8541666667
MAPPO strict 1+5,41344000,41.344,467840.46875,467686.46875
MAPPO strict 1+5,41395200,41.3952,467201.78125,467370.59375
MAPPO strict 1+5,41446400,41.4464,467069.53125,467070.6979166667
MAPPO strict 1+5,41497600,41.4976,466940.78125,466933.5520833333
MAPPO strict 1+5,41548800,41.5488,466790.34375,466593.2604166667
MAPPO strict 1+5,41600000,41.6,466048.65625,466185.8958333333
MAPPO strict 1+5,41651200,41.6512,465718.6875,465951.0833333333
MAPPO strict 1+5,41702400,41.7024,466085.90625,466493.9791666667
MAPPO strict 1+5,41753600,41.7536,467677.34375,466990.6458333333
MAPPO strict 1+5,41804800,41.8048,467208.6875,467243.9479166667
MAPPO strict 1+5,41856000,41.856,466845.8125,467248.75
MAPPO strict 1+5,41907200,41.9072,467691.75,467787.6354166667
MAPPO strict 1+5,41958400,41.9584,468825.34375,469237.3958333333
MAPPO strict 1+5,42009600,42.0096,471195.09375,470652.5729166667
MAPPO strict 1+5,42060800,42.0608,471937.28125,470951.8958333333
MAPPO strict 1+5,42112000,42.112,469723.3125,471192.34375
MAPPO strict 1+5,42163200,42.1632,471916.4375,470566.9375
MAPPO strict 1+5,42214400,42.2144,470061.0625,470274.5
MAPPO strict 1+5,42265600,42.2656,468846.0,468977.3125
MAPPO strict 1+5,42316800,42.3168,468024.875,467950.5416666667
MAPPO strict 1+5,42368000,42.368,466980.75,468606.7916666667
MAPPO strict 1+5,42419200,42.4192,470814.75,468124.6875
MAPPO strict 1+5,42470400,42.4704,466578.5625,469274.8958333333
MAPPO strict 1+5,42521600,42.5216,470431.375,469799.0833333333
MAPPO strict 1+5,42572800,42.5728,472387.3125,471849.8541666667
MAPPO strict 1+5,42624000,42.624,472730.875,472016.2291666667
MAPPO strict 1+5,42675200,42.6752,470930.5,472171.3645833333
MAPPO strict 1+5,42726400,42.7264,472852.71875,472399.5625
MAPPO strict 1+5,42777600,42.7776,473415.46875,472841.96875
MAPPO strict 1+5,42828800,42.8288,472257.71875,472096.0208333333
MAPPO strict 1+5,42880000,42.88,470614.875,470628.96875
MAPPO strict 1+5,42931200,42.9312,469014.3125,469150.71875
MAPPO strict 1+5,42982400,42.9824,467822.96875,467725.4375
MAPPO strict 1+5,43033600,43.0336,466339.03125,466414.3125
MAPPO strict 1+5,43084800,43.0848,465080.9375,465908.21875
MAPPO strict 1+5,43136000,43.136,466304.6875,466376.3854166667
MAPPO strict 1+5,43187200,43.1872,467743.53125,468132.8854166667
MAPPO strict 1+5,43238400,43.2384,470350.4375,470132.0833333333
MAPPO strict 1+5,43289600,43.2896,472302.28125,471159.6354166667
MAPPO strict 1+5,43340800,43.3408,470826.1875,470875.03125
MAPPO strict 1+5,43392000,43.392,469496.625,469686.96875
MAPPO strict 1+5,43443200,43.4432,468738.09375,469814.8229166667
MAPPO strict 1+5,43494400,43.4944,471209.75,470311.0520833333
MAPPO strict 1+5,43545600,43.5456,470985.3125,470709.09375
MAPPO strict 1+5,43596800,43.5968,469932.21875,470363.0
MAPPO strict 1+5,43648000,43.648,470171.46875,469199.5625
MAPPO strict 1+5,43699200,43.6992,467495.0,468092.6354166667
MAPPO strict 1+5,43750400,43.7504,466611.4375,466493.46875
MAPPO strict 1+5,43801600,43.8016,465373.96875,466987.5833333333
MAPPO strict 1+5,43852800,43.8528,468977.34375,467566.3125
MAPPO strict 1+5,43904000,43.904,468347.625,469428.5416666667
MAPPO strict 1+5,43955200,43.9552,470960.65625,469349.1041666667
MAPPO strict 1+5,44006400,44.0064,468739.03125,469586.84375
MAPPO strict 1+5,44057600,44.0576,469060.84375,469046.9895833333
MAPPO strict 1+5,44108800,44.1088,469341.09375,468952.6875
MAPPO strict 1+5,44160000,44.16,468456.125,469840.6041666667
MAPPO strict 1+5,44211200,44.2112,471724.59375,470581.4270833333
MAPPO strict 1+5,44262400,44.2624,471563.5625,472416.1979166667
MAPPO strict 1+5,44313600,44.3136,473960.4375,472068.6666666667
MAPPO strict 1+5,44364800,44.3648,470682.0,471692.1458333333
MAPPO strict 1+5,44416000,44.416,470434.0,470595.9166666667
MAPPO strict 1+5,44467200,44.4672,470671.75,471097.28125
MAPPO strict 1+5,44518400,44.5184,472186.09375,471257.1354166667
MAPPO strict 1+5,44569600,44.5696,470913.5625,472167.5208333333
MAPPO strict 1+5,44620800,44.6208,473402.90625,472902.53125
MAPPO strict 1+5,44672000,44.672,474391.125,473426.3333333333
MAPPO strict 1+5,44723200,44.7232,472484.96875,472924.5416666667
MAPPO strict 1+5,44774400,44.7744,471897.53125,471590.25
MAPPO strict 1+5,44825600,44.8256,470388.25,470639.625
MAPPO strict 1+5,44876800,44.8768,469633.09375,470896.3125
MAPPO strict 1+5,44928000,44.928,472667.59375,471255.9166666667
MAPPO strict 1+5,44979200,44.9792,471467.0625,471814.65625
MAPPO strict 1+5,45030400,45.0304,471309.3125,471216.8645833333
MAPPO strict 1+5,45081600,45.0816,470874.21875,471252.8958333333
MAPPO strict 1+5,45132800,45.1328,471575.15625,471659.7291666667
MAPPO strict 1+5,45184000,45.184,472529.8125,471902.6979166667
MAPPO strict 1+5,45235200,45.2352,471603.125,472293.2291666667
MAPPO strict 1+5,45286400,45.2864,472746.75,471196.7604166667
MAPPO strict 1+5,45337600,45.3376,469240.40625,471270.6145833333
MAPPO strict 1+5,45388800,45.3888,471824.6875,470526.1666666667
MAPPO strict 1+5,45440000,45.44,470513.40625,470263.75
MAPPO strict 1+5,45491200,45.4912,468453.15625,468835.4375
MAPPO strict 1+5,45542400,45.5424,467539.75,468009.6458333333
MAPPO strict 1+5,45593600,45.5936,468036.03125,467506.1145833333
MAPPO strict 1+5,45644800,45.6448,466942.5625,467950.0833333333
MAPPO strict 1+5,45696000,45.696,468871.65625,467853.21875
MAPPO strict 1+5,45747200,45.7472,467745.4375,467712.71875
MAPPO strict 1+5,45798400,45.7984,466521.0625,465920.2916666667
MAPPO strict 1+5,45849600,45.8496,463494.375,464490.0104166667
MAPPO strict 1+5,45900800,45.9008,463454.59375,463355.3333333333
MAPPO strict 1+5,45952000,45.952,463117.03125,464138.1041666667
MAPPO strict 1+5,46003200,46.0032,465842.6875,464401.65625
MAPPO strict 1+5,46054400,46.0544,464245.25,465201.1354166667
MAPPO strict 1+5,46105600,46.1056,465515.46875,465401.125
MAPPO strict 1+5,46156800,46.1568,466442.65625,467008.5625
MAPPO strict 1+5,46208000,46.208,469067.5625,467827.8020833333
MAPPO strict 1+5,46259200,46.2592,467973.1875,469298.0104166667
MAPPO strict 1+5,46310400,46.3104,470853.28125,469584.4583333333
MAPPO strict 1+5,46361600,46.3616,469926.90625,469299.0104166667
MAPPO strict 1+5,46412800,46.4128,467116.84375,469135.90625
MAPPO strict 1+5,46464000,46.464,470363.96875,468992.5729166667
MAPPO strict 1+5,46515200,46.5152,469496.90625,468723.375
MAPPO strict 1+5,46566400,46.5664,466309.25,468859.1875
MAPPO strict 1+5,46617600,46.6176,470771.40625,468346.3229166667
MAPPO strict 1+5,46668800,46.6688,467958.3125,468753.2708333333
MAPPO strict 1+5,46720000,46.72,467530.09375,467653.3229166667
MAPPO strict 1+5,46771200,46.7712,467471.5625,467751.9791666667
MAPPO strict 1+5,46822400,46.8224,468254.28125,467527.0625
MAPPO strict 1+5,46873600,46.8736,466855.34375,467510.2708333333
MAPPO strict 1+5,46924800,46.9248,467421.1875,466645.25
MAPPO strict 1+5,46976000,46.976,465659.21875,466194.4791666667
MAPPO strict 1+5,47027200,47.0272,465503.03125,465616.25
MAPPO strict 1+5,47078400,47.0784,465686.5,466104.84375
MAPPO strict 1+5,47129600,47.1296,467125.0,467764.6145833333
MAPPO strict 1+5,47180800,47.1808,470482.34375,468893.5416666667
MAPPO strict 1+5,47232000,47.232,469073.28125,469675.6770833333
MAPPO strict 1+5,47283200,47.2832,469471.40625,468607.9479166667
MAPPO strict 1+5,47334400,47.3344,467279.15625,467848.59375
MAPPO strict 1+5,47385600,47.3856,466795.21875,467482.7291666667
MAPPO strict 1+5,47436800,47.4368,468373.8125,467140.2291666667
MAPPO strict 1+5,47488000,47.488,466251.65625,467178.6666666667
MAPPO strict 1+5,47539200,47.5392,466910.53125,465912.6041666667
MAPPO strict 1+5,47590400,47.5904,464575.625,465374.4895833333
MAPPO strict 1+5,47641600,47.6416,464637.3125,465820.2395833333
MAPPO strict 1+5,47692800,47.6928,468247.78125,467619.6979166667
MAPPO strict 1+5,47744000,47.744,469974.0,469379.8645833333
MAPPO strict 1+5,47795200,47.7952,469917.8125,470194.9895833333
MAPPO strict 1+5,47846400,47.8464,470693.15625,470739.6875
MAPPO strict 1+5,47897600,47.8976,471608.09375,470422.6666666667
MAPPO strict 1+5,47948800,47.9488,468966.75,470499.9791666667
MAPPO strict 1+5,48000000,48.0,470925.09375,470116.4270833333
MAPPO strict 1+5,48051200,48.0512,470457.4375,469872.5416666667
MAPPO strict 1+5,48102400,48.1024,468235.09375,469185.84375
MAPPO strict 1+5,48153600,48.1536,468865.0,468019.46875
MAPPO strict 1+5,48204800,48.2048,466958.3125,467518.375
MAPPO strict 1+5,48256000,48.256,466731.8125,466888.5729166667
MAPPO strict 1+5,48307200,48.3072,466975.59375,465990.0729166667
MAPPO strict 1+5,48358400,48.3584,464262.8125,465676.7291666667
MAPPO strict 1+5,48409600,48.4096,465791.78125,464694.2291666667
MAPPO strict 1+5,48460800,48.4608,464028.09375,464357.0208333333
MAPPO strict 1+5,48512000,48.512,463251.1875,463373.6770833333
MAPPO strict 1+5,48563200,48.5632,462841.75,462966.34375
MAPPO strict 1+5,48614400,48.6144,462806.09375,462681.0729166667
MAPPO strict 1+5,48665600,48.6656,462395.375,462450.78125
MAPPO strict 1+5,48716800,48.7168,462150.875,462012.1354166667
MAPPO strict 1+5,48768000,48.768,461490.15625,461725.3958333333
MAPPO strict 1+5,48819200,48.8192,461535.15625,461264.8229166667
MAPPO strict 1+5,48870400,48.8704,460769.15625,461376.5104166667
MAPPO strict 1+5,48921600,48.9216,461825.21875,462046.1145833333
MAPPO strict 1+5,48972800,48.9728,463543.96875,463101.84375
MAPPO strict 1+5,49024000,49.024,463936.34375,464167.1145833333
MAPPO strict 1+5,49075200,49.0752,465021.03125,465692.53125
MAPPO strict 1+5,49126400,49.1264,468120.21875,467309.5208333333
MAPPO strict 1+5,49177600,49.1776,468787.3125,468350.4479166667
MAPPO strict 1+5,49228800,49.2288,468143.8125,468300.6041666667
MAPPO strict 1+5,49280000,49.28,467970.6875,468776.2916666667
MAPPO strict 1+5,49331200,49.3312,470214.375,469049.3958333333
MAPPO strict 1+5,49382400,49.3824,468963.125,469341.4166666667
MAPPO strict 1+5,49433600,49.4336,468846.75,469320.5
MAPPO strict 1+5,49484800,49.4848,470151.625,469723.1979166667
MAPPO strict 1+5,49536000,49.536,470171.21875,469973.1354166667
MAPPO strict 1+5,49587200,49.5872,469596.5625,470731.2395833333
MAPPO strict 1+5,49638400,49.6384,472425.9375,470886.5416666667
MAPPO strict 1+5,49689600,49.6896,470637.125,471619.8541666667
MAPPO strict 1+5,49740800,49.7408,471796.5,471863.6145833333
MAPPO strict 1+5,49792000,49.792,473157.21875,471810.3229166667
MAPPO strict 1+5,49843200,49.8432,470477.25,471487.1041666667
MAPPO strict 1+5,49894400,49.8944,470826.84375,470902.3854166667
MAPPO strict 1+5,49945600,49.9456,471403.0625,470995.4270833333
MAPPO strict 1+5,49996800,49.9968,470756.375,470532.3125
MAPPO strict 1+5,50025600,50.0256,469437.5,470053.6875
MAPPO strict 1+5,50076800,50.0768,469967.1875,470128.7291666667
MAPPO strict 1+5,50128000,50.128,470981.5,470781.28125
MAPPO strict 1+5,50179200,50.1792,471395.15625,470797.25
MAPPO strict 1+5,50230400,50.2304,470015.09375,471173.9166666667
MAPPO strict 1+5,50281600,50.2816,472111.5,470978.3958333333
MAPPO strict 1+5,50332800,50.3328,470808.59375,471437.6979166667
MAPPO strict 1+5,50384000,50.384,471393.0,471355.15625
MAPPO strict 1+5,50435200,50.4352,471863.875,471613.53125
MAPPO strict 1+5,50486400,50.4864,471583.71875,470933.2291666667
MAPPO strict 1+5,50537600,50.5376,469352.09375,470557.25
MAPPO strict 1+5,50588800,50.5888,470735.9375,470543.5833333333
MAPPO strict 1+5,50640000,50.64,471542.71875,470858.7395833333
MAPPO strict 1+5,50691200,50.6912,470297.5625,470885.5729166667
MAPPO strict 1+5,50742400,50.7424,470816.4375,470482.2604166667
MAPPO strict 1+5,50793600,50.7936,470332.78125,471036.40625
MAPPO strict 1+5,50844800,50.8448,471960.0,471546.0104166667
MAPPO strict 1+5,50896000,50.896,472345.25,472263.6666666667
MAPPO strict 1+5,50947200,50.9472,472485.75,472482.5520833333
MAPPO strict 1+5,50998400,50.9984,472616.65625,473010.28125
MAPPO strict 1+5,51049600,51.0496,473928.4375,473746.0104166667
MAPPO strict 1+5,51100800,51.1008,474692.9375,474084.1041666667
MAPPO strict 1+5,51152000,51.152,473630.9375,474327.4791666667
MAPPO strict 1+5,51203200,51.2032,474658.5625,473957.6354166667
MAPPO strict 1+5,51254400,51.2544,473583.40625,474105.6041666667
MAPPO strict 1+5,51305600,51.3056,474074.84375,474266.9583333333
MAPPO strict 1+5,51356800,51.3568,475142.625,474556.2083333333
MAPPO strict 1+5,51408000,51.408,474451.15625,474887.7604166667
MAPPO strict 1+5,51459200,51.4592,475069.5,474407.3541666667
MAPPO strict 1+5,51510400,51.5104,473701.40625,475105.78125
MAPPO strict 1+5,51561600,51.5616,476546.4375,474847.15625
MAPPO strict 1+5,51612800,51.6128,474293.625,474830.0520833333
MAPPO strict 1+5,51664000,51.664,473650.09375,473751.1979166667
MAPPO strict 1+5,51715200,51.7152,473309.875,473450.0104166667
MAPPO strict 1+5,51766400,51.7664,473390.0625,472859.9166666667
MAPPO strict 1+5,51817600,51.8176,471879.8125,471939.4895833333
MAPPO strict 1+5,51868800,51.8688,470548.59375,471100.8541666667
MAPPO strict 1+5,51920000,51.92,470874.15625,470517.90625
MAPPO strict 1+5,51971200,51.9712,470130.96875,470443.625
MAPPO strict 1+5,52022400,52.0224,470325.75,470402.28125
MAPPO strict 1+5,52073600,52.0736,470750.125,470973.4166666667
MAPPO strict 1+5,52124800,52.1248,471844.375,471850.4166666667
MAPPO strict 1+5,52176000,52.176,472956.75,472274.09375
MAPPO strict 1+5,52227200,52.2272,472021.15625,473262.5729166667
MAPPO strict 1+5,52278400,52.2784,474809.8125,473676.1875
MAPPO strict 1+5,52329600,52.3296,474197.59375,474313.78125
MAPPO strict 1+5,52380800,52.3808,473933.9375,473441.0
MAPPO strict 1+5,52432000,52.432,472191.46875,473280.5729166667
MAPPO strict 1+5,52483200,52.4832,473716.3125,473014.7291666667
MAPPO strict 1+5,52534400,52.5344,473136.40625,473072.2395833333
MAPPO strict 1+5,52585600,52.5856,472364.0,472464.28125
MAPPO strict 1+5,52636800,52.6368,471892.4375,473079.9791666667
MAPPO strict 1+5,52688000,52.688,474983.5,473187.5104166667
MAPPO strict 1+5,52739200,52.7392,472686.59375,473165.2916666667
MAPPO strict 1+5,52790400,52.7904,471825.78125,471610.9270833333
MAPPO strict 1+5,52841600,52.8416,470320.40625,470959.2604166667
MAPPO strict 1+5,52892800,52.8928,470731.59375,470184.375
MAPPO strict 1+5,52944000,52.944,469501.125,470235.59375
MAPPO strict 1+5,52995200,52.9952,470474.0625,470155.6875
MAPPO strict 1+5,53046400,53.0464,470491.875,470889.875
MAPPO strict 1+5,53097600,53.0976,471703.6875,471600.1041666667
MAPPO strict 1+5,53148800,53.1488,472604.75,471449.625
MAPPO strict 1+5,53200000,53.2,470040.4375,470619.21875
MAPPO strict 1+5,53251200,53.2512,469212.46875,469373.5833333333
MAPPO strict 1+5,53302400,53.3024,468867.84375,468535.6145833333
MAPPO strict 1+5,53353600,53.3536,467526.53125,467584.0104166667
MAPPO strict 1+5,53404800,53.4048,466357.65625,467115.2083333333
MAPPO strict 1+5,53456000,53.456,467461.4375,467563.78125
MAPPO strict 1+5,53507200,53.5072,468872.25,468517.25
MAPPO strict 1+5,53558400,53.5584,469218.0625,469226.3333333333
MAPPO strict 1+5,53609600,53.6096,469588.6875,469485.125
MAPPO strict 1+5,53660800,53.6608,469648.625,469122.0729166667
MAPPO strict 1+5,53712000,53.712,468128.90625,468212.8958333333
MAPPO strict 1+5,53763200,53.7632,466861.15625,467603.5833333333
MAPPO strict 1+5,53814400,53.8144,467820.6875,467397.125
MAPPO strict 1+5,53865600,53.8656,467509.53125,467314.375
MAPPO strict 1+5,53916800,53.9168,466612.90625,466494.4791666667
MAPPO strict 1+5,53968000,53.968,465361.0,466428.2708333333
MAPPO strict 1+5,54019200,54.0192,467310.90625,466729.0416666667
MAPPO strict 1+5,54070400,54.0704,467515.21875,467198.3645833333
MAPPO strict 1+5,54121600,54.1216,466768.96875,466336.6458333333
MAPPO strict 1+5,54172800,54.1728,464725.75,465832.78125
MAPPO strict 1+5,54224000,54.224,466003.625,465161.5520833333
MAPPO strict 1+5,54275200,54.2752,464755.28125,465271.9479166667
MAPPO strict 1+5,54326400,54.3264,465056.9375,465621.2916666667
MAPPO strict 1+5,54377600,54.3776,467051.65625,466797.0625
MAPPO strict 1+5,54428800,54.4288,468282.59375,467838.3020833333
MAPPO strict 1+5,54480000,54.48,468180.65625,467741.5208333333
MAPPO strict 1+5,54531200,54.5312,466761.3125,467553.0
MAPPO strict 1+5,54582400,54.5824,467717.03125,467252.71875
MAPPO strict 1+5,54633600,54.6336,467279.8125,467462.4375
MAPPO strict 1+5,54684800,54.6848,467390.46875,467278.03125
MAPPO strict 1+5,54736000,54.736,467163.8125,466489.6979166667
MAPPO strict 1+5,54787200,54.7872,464914.8125,465810.0729166667
MAPPO strict 1+5,54838400,54.8384,465351.59375,465111.90625
MAPPO strict 1+5,54889600,54.8896,465069.3125,464986.9166666667
MAPPO strict 1+5,54940800,54.9408,464539.84375,463732.4270833333
MAPPO strict 1+5,54992000,54.992,461588.125,462855.90625
MAPPO strict 1+5,55043200,55.0432,462439.75,462187.0416666667
MAPPO strict 1+5,55094400,55.0944,462533.25,463347.34375
MAPPO strict 1+5,55145600,55.1456,465069.03125,464463.6770833333
MAPPO strict 1+5,55196800,55.1968,465788.75,466730.0833333333
MAPPO strict 1+5,55248000,55.248,469332.46875,468497.7916666667
MAPPO strict 1+5,55299200,55.2992,470372.15625,469499.5416666667
MAPPO strict 1+5,55350400,55.3504,468794.0,469782.6145833333
MAPPO strict 1+5,55401600,55.4016,470181.6875,469849.2708333333
MAPPO strict 1+5,55452800,55.4528,470572.125,470468.59375
MAPPO strict 1+5,55504000,55.504,470651.96875,471634.46875
MAPPO strict 1+5,55555200,55.5552,473679.3125,472675.5104166667
MAPPO strict 1+5,55606400,55.6064,473695.25,473404.1875
MAPPO strict 1+5,55657600,55.6576,472838.0,473258.1458333333
MAPPO strict 1+5,55708800,55.7088,473241.1875,472815.1354166667
MAPPO strict 1+5,55760000,55.76,472366.21875,472224.75
MAPPO strict 1+5,55811200,55.8112,471066.84375,472412.1145833333
MAPPO strict 1+5,55862400,55.8624,473803.28125,473030.375
MAPPO strict 1+5,55913600,55.9136,474221.0,474361.8333333333
MAPPO strict 1+5,55964800,55.9648,475061.21875,474698.5729166667
MAPPO strict 1+5,56016000,56.016,474813.5,475350.4895833333
MAPPO strict 1+5,56067200,56.0672,476176.75,476395.4895833333
MAPPO strict 1+5,56118400,56.1184,478196.21875,477350.9895833333
MAPPO strict 1+5,56169600,56.1696,477680.0,477858.7604166667
MAPPO strict 1+5,56220800,56.2208,477700.0625,477801.0729166667
MAPPO strict 1+5,56272000,56.272,478023.15625,477998.4479166667
MAPPO strict 1+5,56323200,56.3232,478272.125,478284.09375
MAPPO strict 1+5,56374400,56.3744,478557.0,478289.4583333333
MAPPO strict 1+5,56425600,56.4256,478039.25,478771.40625
MAPPO strict 1+5,56476800,56.4768,479717.96875,478901.375
MAPPO strict 1+5,56528000,56.528,478946.90625,479065.9791666667
MAPPO strict 1+5,56579200,56.5792,478533.0625,478520.7604166667
MAPPO strict 1+5,56630400,56.6304,478082.3125,478125.6875
MAPPO strict 1+5,56681600,56.6816,477761.6875,477701.4166666667
MAPPO strict 1+5,56732800,56.7328,477260.25,476983.2395833333
MAPPO strict 1+5,56784000,56.784,475927.78125,475761.0208333333
MAPPO strict 1+5,56835200,56.8352,474095.03125,474743.78125
MAPPO strict 1+5,56886400,56.8864,474208.53125,474281.6979166667
MAPPO strict 1+5,56937600,56.9376,474541.53125,474821.96875
MAPPO strict 1+5,56988800,56.9888,475715.84375,475491.1875
MAPPO strict 1+5,57040000,57.04,476216.1875,476444.0625
MAPPO strict 1+5,57091200,57.0912,477400.15625,476234.40625
MAPPO strict 1+5,57142400,57.1424,475086.875,476737.0729166667
MAPPO strict 1+5,57193600,57.1936,477724.1875,476880.6770833333
MAPPO strict 1+5,57244800,57.2448,477830.96875,477860.4375
MAPPO strict 1+5,57296000,57.296,478026.15625,477885.7604166667
MAPPO strict 1+5,57347200,57.3472,477800.15625,477806.8333333333
MAPPO strict 1+5,57398400,57.3984,477594.1875,477327.5104166667
MAPPO strict 1+5,57449600,57.4496,476588.1875,477940.78125
MAPPO strict 1+5,57500800,57.5008,479639.96875,478200.6875
MAPPO strict 1+5,57552000,57.552,478373.90625,479513.84375
MAPPO strict 1+5,57603200,57.6032,480527.65625,479269.1666666667
MAPPO strict 1+5,57654400,57.6544,478905.9375,479709.0625
MAPPO strict 1+5,57705600,57.7056,479693.59375,479825.125
MAPPO strict 1+5,57756800,57.7568,480875.84375,480527.375
MAPPO strict 1+5,57808000,57.808,481012.6875,481081.0729166667
MAPPO strict 1+5,57859200,57.8592,481354.6875,480764.65625
MAPPO strict 1+5,57910400,57.9104,479926.59375,479709.7395833333
MAPPO strict 1+5,57961600,57.9616,477847.9375,478842.4479166667
MAPPO strict 1+5,58012800,58.0128,478752.8125,477996.4583333333
MAPPO strict 1+5,58064000,58.064,477388.625,478157.5625
MAPPO strict 1+5,58115200,58.1152,478331.25,477796.28125
MAPPO strict 1+5,58166400,58.1664,477668.96875,478226.9166666667
MAPPO strict 1+5,58217600,58.2176,478680.53125,477755.4270833333
MAPPO strict 1+5,58268800,58.2688,476916.78125,477812.25
MAPPO strict 1+5,58320000,58.32,477839.4375,477810.7708333333
MAPPO strict 1+5,58371200,58.3712,478676.09375,478433.1979166667
MAPPO strict 1+5,58422400,58.4224,478784.0625,478383.1666666667
MAPPO strict 1+5,58473600,58.4736,477689.34375,478084.3333333333
MAPPO strict 1+5,58524800,58.5248,477779.59375,477255.8541666667
MAPPO strict 1+5,58576000,58.576,476298.625,476912.90625
MAPPO strict 1+5,58627200,58.6272,476660.5,476770.8541666667
MAPPO strict 1+5,58678400,58.6784,477353.4375,477543.4479166667
MAPPO strict 1+5,58729600,58.7296,478616.40625,477166.34375
MAPPO strict 1+5,58780800,58.7808,475529.1875,477110.0833333333
MAPPO strict 1+5,58832000,58.832,477184.65625,476374.3020833333
MAPPO strict 1+5,58883200,58.8832,476409.0625,476475.8333333333
MAPPO strict 1+5,58934400,58.9344,475833.78125,476015.7708333333
MAPPO strict 1+5,58985600,58.9856,475804.46875,475487.40625
MAPPO strict 1+5,59036800,59.0368,474823.96875,475223.1041666667
MAPPO strict 1+5,59088000,59.088,475040.875,474629.5520833333
MAPPO strict 1+5,59139200,59.1392,474023.8125,475209.3645833333
MAPPO strict 1+5,59190400,59.1904,476563.40625,475554.21875
MAPPO strict 1+5,59241600,59.2416,476075.4375,475693.0729166667
MAPPO strict 1+5,59292800,59.2928,474440.375,475166.75
MAPPO strict 1+5,59344000,59.344,474984.4375,474430.0
MAPPO strict 1+5,59395200,59.3952,473865.1875,474285.5520833333
MAPPO strict 1+5,59446400,59.4464,474007.03125,474467.1354166667
MAPPO strict 1+5,59497600,59.4976,475529.1875,475484.75
MAPPO strict 1+5,59548800,59.5488,476918.03125,476629.3020833333
MAPPO strict 1+5,59600000,59.6,477440.6875,477167.1145833333
MAPPO strict 1+5,59651200,59.6512,477142.625,477950.6041666667
MAPPO strict 1+5,59702400,59.7024,479268.5,478391.7291666667
MAPPO strict 1+5,59753600,59.7536,478764.0625,478167.03125
MAPPO strict 1+5,59804800,59.8048,476468.53125,477076.6979166667
MAPPO strict 1+5,59856000,59.856,475997.5,476539.21875
MAPPO strict 1+5,59907200,59.9072,477151.625,477222.75
MAPPO strict 1+5,59958400,59.9584,478519.125,477950.84375
MAPPO strict 1+5,60009600,60.0096,478181.78125,478009.9479166667
MAPPO strict 1+5,60060800,60.0608,477328.9375,477170.1666666667
MAPPO strict 1+5,60112000,60.112,475999.78125,476262.0833333333
MAPPO strict 1+5,60163200,60.1632,475457.53125,475463.2083333333
MAPPO strict 1+5,60214400,60.2144,474932.3125,475139.4583333333
MAPPO strict 1+5,60265600,60.2656,475028.53125,474567.6666666667
MAPPO strict 1+5,60316800,60.3168,473742.15625,473819.3854166667
MAPPO strict 1+5,60368000,60.368,472687.46875,473553.59375
MAPPO strict 1+5,60419200,60.4192,474231.15625,474032.2916666667
MAPPO strict 1+5,60470400,60.4704,475178.25,475180.59375
MAPPO strict 1+5,60521600,60.5216,476132.375,475458.5729166667
MAPPO strict 1+5,60572800,60.5728,475065.09375,475730.3020833333
MAPPO strict 1+5,60624000,60.624,475993.4375,475135.0729166667
MAPPO strict 1+5,60675200,60.6752,474346.6875,475217.9270833333
MAPPO strict 1+5,60726400,60.7264,475313.65625,474620.2083333333
MAPPO strict 1+5,60777600,60.7776,474200.28125,474204.6666666667
MAPPO strict 1+5,60828800,60.8288,473100.0625,473499.6041666667
MAPPO strict 1+5,60880000,60.88,473198.46875,473014.03125
MAPPO strict 1+5,60931200,60.9312,472743.5625,473190.4479166667
MAPPO strict 1+5,60982400,60.9824,473629.3125,474239.1041666667
MAPPO strict 1+5,61033600,61.0336,476344.4375,474999.3020833333
MAPPO strict 1+5,61084800,61.0848,475024.15625,476134.84375
MAPPO strict 1+5,61136000,61.136,477035.9375,475396.7083333333
MAPPO strict 1+5,61187200,61.1872,474130.03125,475949.3020833333
MAPPO strict 1+5,61238400,61.2384,476681.9375,475747.125
MAPPO strict 1+5,61289600,61.2896,476429.40625,476491.4791666667
MAPPO strict 1+5,61340800,61.3408,476363.09375,475863.3125
MAPPO strict 1+5,61392000,61.392,474797.4375,475450.9895833333
MAPPO strict 1+5,61443200,61.4432,475192.4375,474427.6145833333
MAPPO strict 1+5,61494400,61.4944,473292.96875,474295.7604166667
MAPPO strict 1+5,61545600,61.5456,474401.875,473758.34375
MAPPO strict 1+5,61596800,61.5968,473580.1875,474158.375
MAPPO strict 1+5,61648000,61.648,474493.0625,473873.8645833333
MAPPO strict 1+5,61699200,61.6992,473548.34375,473522.0416666667
MAPPO strict 1+5,61750400,61.7504,472524.71875,472350.3854166667
MAPPO strict 1+5,61801600,61.8016,470978.09375,472635.4479166667
MAPPO strict 1+5,61852800,61.8528,474403.53125,473226.21875
MAPPO strict 1+5,61904000,61.904,474297.03125,473948.3229166667
MAPPO strict 1+5,61955200,61.9552,473144.40625,472904.7916666667
MAPPO strict 1+5,62006400,62.0064,471272.9375,472613.4375
MAPPO strict 1+5,62057600,62.0576,473422.96875,473057.71875
MAPPO strict 1+5,62108800,62.1088,474477.25,474137.2604166667
MAPPO strict 1+5,62160000,62.16,474511.5625,474717.6458333333
MAPPO strict 1+5,62211200,62.2112,475164.125,474416.125
MAPPO strict 1+5,62262400,62.2624,473572.6875,474580.0104166667
MAPPO strict 1+5,62313600,62.3136,475003.21875,474823.84375
MAPPO strict 1+5,62364800,62.3648,475895.625,474857.3541666667
MAPPO strict 1+5,62416000,62.416,473673.21875,475414.65625
MAPPO strict 1+5,62467200,62.4672,476675.125,475599.9375
MAPPO strict 1+5,62518400,62.5184,476451.46875,476079.96875
MAPPO strict 1+5,62569600,62.5696,475113.3125,476538.7604166667
MAPPO strict 1+5,62620800,62.6208,478051.5,477166.4895833333
MAPPO strict 1+5,62672000,62.672,478334.65625,478928.6875
MAPPO strict 1+5,62723200,62.7232,480399.90625,479818.03125
MAPPO strict 1+5,62774400,62.7744,480719.53125,480362.3958333333
MAPPO strict 1+5,62825600,62.8256,479967.75,479779.8125
MAPPO strict 1+5,62876800,62.8768,478652.15625,478535.5104166667
MAPPO strict 1+5,62928000,62.928,476986.625,477631.2708333333
MAPPO strict 1+5,62979200,62.9792,477255.03125,476482.7291666667
MAPPO strict 1+5,63030400,63.0304,475206.53125,476497.6145833333
MAPPO strict 1+5,63081600,63.0816,477031.28125,475448.3333333333
MAPPO strict 1+5,63132800,63.1328,474107.1875,475136.7395833333
MAPPO strict 1+5,63184000,63.184,474271.75,474391.5625
MAPPO strict 1+5,63235200,63.2352,474795.75,474163.0520833333
MAPPO strict 1+5,63286400,63.2864,473421.65625,474472.4895833333
MAPPO strict 1+5,63337600,63.3376,475200.0625,474450.125
MAPPO strict 1+5,63388800,63.3888,474728.65625,474657.9583333333
MAPPO strict 1+5,63440000,63.44,474045.15625,474249.9166666667
MAPPO strict 1+5,63491200,63.4912,473975.9375,474546.8229166667
MAPPO strict 1+5,63542400,63.5424,475619.375,474873.1875
MAPPO strict 1+5,63593600,63.5936,475024.25,475487.1979166667
MAPPO strict 1+5,63644800,63.6448,475817.96875,475278.7291666667
MAPPO strict 1+5,63696000,63.696,474993.96875,475341.8541666667
MAPPO strict 1+5,63747200,63.7472,475213.625,475230.3229166667
MAPPO strict 1+5,63798400,63.7984,475483.375,475635.8958333333
MAPPO strict 1+5,63849600,63.8496,476210.6875,476935.0625
MAPPO strict 1+5,63900800,63.9008,479111.125,477240.78125
MAPPO strict 1+5,63952000,63.952,476400.53125,477442.40625
MAPPO strict 1+5,64003200,64.0032,476815.5625,475984.2708333333
MAPPO strict 1+5,64054400,64.0544,474736.71875,475508.9895833333
MAPPO strict 1+5,64105600,64.1056,474974.6875,475938.8958333333
MAPPO strict 1+5,64156800,64.1568,478105.28125,475993.1979166667
MAPPO strict 1+5,64208000,64.208,474899.625,476066.5416666667
MAPPO strict 1+5,64259200,64.2592,475194.71875,475102.84375
MAPPO strict 1+5,64310400,64.3104,475214.1875,474577.2916666667
MAPPO strict 1+5,64361600,64.3616,473322.96875,474328.2291666667
MAPPO strict 1+5,64412800,64.4128,474447.53125,474735.6770833333
MAPPO strict 1+5,64464000,64.464,476436.53125,476360.8645833333
MAPPO strict 1+5,64515200,64.5152,478198.53125,476597.7604166667
MAPPO strict 1+5,64566400,64.5664,475158.21875,476950.0625
MAPPO strict 1+5,64617600,64.6176,477493.4375,476342.71875
MAPPO strict 1+5,64668800,64.6688,476376.5,477049.3020833333
MAPPO strict 1+5,64720000,64.72,477277.96875,477344.34375
MAPPO strict 1+5,64771200,64.7712,478378.5625,478010.9375
MAPPO strict 1+5,64822400,64.8224,478376.28125,478498.84375
MAPPO strict 1+5,64873600,64.8736,478741.6875,477927.53125
MAPPO strict 1+5,64924800,64.9248,476664.625,477394.7708333333
MAPPO strict 1+5,64976000,64.976,476778.0,476815.53125
MAPPO strict 1+5,65027200,65.0272,477003.96875,476831.3020833333
MAPPO strict 1+5,65078400,65.0784,476711.9375,476707.8645833333
MAPPO strict 1+5,65129600,65.1296,476407.6875,476059.0208333333
MAPPO strict 1+5,65180800,65.1808,475057.4375,475963.5520833333
MAPPO strict 1+5,65232000,65.232,476425.53125,476018.75
MAPPO strict 1+5,65283200,65.2832,476573.28125,477024.8229166667
MAPPO strict 1+5,65334400,65.3344,478075.65625,477319.9270833333
MAPPO strict 1+5,65385600,65.3856,477310.84375,477452.6041666667
MAPPO strict 1+5,65436800,65.4368,476971.3125,477443.4166666667
MAPPO strict 1+5,65488000,65.488,478048.09375,477821.5
MAPPO strict 1+5,65539200,65.5392,478445.09375,477952.84375
MAPPO strict 1+5,65590400,65.5904,477365.34375,477729.3541666667
MAPPO strict 1+5,65641600,65.6416,477377.625,476708.75
MAPPO strict 1+5,65692800,65.6928,475383.28125,476827.40625
MAPPO strict 1+5,65744000,65.744,477721.3125,476599.3229166667
MAPPO strict 1+5,65795200,65.7952,476693.375,477459.6145833333
MAPPO strict 1+5,65846400,65.8464,477964.15625,477339.9166666667
MAPPO strict 1+5,65897600,65.8976,477362.21875,477770.3958333333
MAPPO strict 1+5,65948800,65.9488,477984.8125,477662.1145833333
MAPPO strict 1+5,66000000,66.0,477639.3125,477723.28125
MAPPO strict 1+5,66051200,66.0512,477545.71875,478284.1041666667
MAPPO strict 1+5,66102400,66.1024,479667.28125,478716.3854166667
MAPPO strict 1+5,66153600,66.1536,478936.15625,479032.8645833333
MAPPO strict 1+5,66204800,66.2048,478495.15625,478116.3541666667
MAPPO strict 1+5,66256000,66.256,476917.75,477579.1666666667
MAPPO strict 1+5,66307200,66.3072,477324.59375,477749.2916666667
MAPPO strict 1+5,66358400,66.3584,479005.53125,478944.5
MAPPO strict 1+5,66409600,66.4096,480503.375,480856.40625
MAPPO strict 1+5,66460800,66.4608,483060.3125,481486.8125
MAPPO strict 1+5,66512000,66.512,480896.75,481280.8958333333
MAPPO strict 1+5,66563200,66.5632,479885.625,480632.8125
MAPPO strict 1+5,66614400,66.6144,481116.0625,480520.7916666667
MAPPO strict 1+5,66665600,66.6656,480560.6875,480044.9479166667
MAPPO strict 1+5,66716800,66.7168,478458.09375,479983.78125
MAPPO strict 1+5,66768000,66.768,480932.5625,479924.2916666667
MAPPO strict 1+5,66819200,66.8192,480382.21875,481121.125
MAPPO strict 1+5,66870400,66.8704,482048.59375,481786.1458333333
MAPPO strict 1+5,66921600,66.9216,482927.625,481358.09375
MAPPO strict 1+5,66972800,66.9728,479098.0625,480119.84375
MAPPO strict 1+5,67024000,67.024,478333.84375,478425.40625
MAPPO strict 1+5,67075200,67.0752,477844.3125,477604.5208333333
MAPPO strict 1+5,67126400,67.1264,476635.40625,477181.4895833333
MAPPO strict 1+5,67177600,67.1776,477064.75,477006.6458333333
MAPPO strict 1+5,67228800,67.2288,477319.78125,477714.7916666667
MAPPO strict 1+5,67280000,67.28,478759.84375,478792.2083333333
MAPPO strict 1+5,67331200,67.3312,480297.0,479996.8958333333
MAPPO strict 1+5,67382400,67.3824,480933.84375,481525.1145833333
MAPPO strict 1+5,67433600,67.4336,483344.5,482817.5625
MAPPO strict 1+5,67484800,67.4848,484174.34375,482975.9375
MAPPO strict 1+5,67536000,67.536,481408.96875,482316.1875
MAPPO strict 1+5,67587200,67.5872,481365.25,481734.625
MAPPO strict 1+5,67638400,67.6384,482429.65625,481943.5
MAPPO strict 1+5,67689600,67.6896,482035.59375,481823.1458333333
MAPPO strict 1+5,67740800,67.7408,481004.1875,480761.78125
MAPPO strict 1+5,67792000,67.792,479245.5625,480090.3229166667
MAPPO strict 1+5,67843200,67.8432,480021.21875,479541.53125
MAPPO strict 1+5,67894400,67.8944,479357.8125,479690.1770833333
MAPPO strict 1+5,67945600,67.9456,479691.5,479570.125
MAPPO strict 1+5,67996800,67.9968,479661.0625,479293.2083333333
MAPPO strict 1+5,68048000,68.048,478527.0625,479120.4166666667
MAPPO strict 1+5,68099200,68.0992,479173.125,479722.3854166667
MAPPO strict 1+5,68150400,68.1504,481466.96875,481044.2916666667
MAPPO strict 1+5,68201600,68.2016,482492.78125,481529.5208333333
MAPPO strict 1+5,68252800,68.2528,480628.8125,481009.7708333333
MAPPO strict 1+5,68304000,68.304,479907.71875,480317.3958333333
MAPPO strict 1+5,68355200,68.3552,480415.65625,479550.6145833333
MAPPO strict 1+5,68406400,68.4064,478328.46875,479451.5520833333
MAPPO strict 1+5,68457600,68.4576,479610.53125,479429.3125
MAPPO strict 1+5,68508800,68.5088,480348.9375,480442.2916666667
MAPPO strict 1+5,68560000,68.56,481367.40625,481534.25
MAPPO strict 1+5,68611200,68.6112,482886.40625,481818.9895833333
MAPPO strict 1+5,68662400,68.6624,481203.15625,481265.5625
MAPPO strict 1+5,68713600,68.7136,479707.125,480015.2395833333
MAPPO strict 1+5,68764800,68.7648,479135.4375,479652.53125
MAPPO strict 1+5,68816000,68.816,480115.03125,479442.2395833333
MAPPO strict 1+5,68867200,68.8672,479076.25,479735.7604166667
MAPPO strict 1+5,68918400,68.9184,480016.0,478685.7604166667
MAPPO strict 1+5,68969600,68.9696,476965.03125,478701.8854166667
MAPPO strict 1+5,69020800,69.0208,479124.625,478854.7291666667
MAPPO strict 1+5,69072000,69.072,480474.53125,479886.3854166667
MAPPO strict 1+5,69123200,69.1232,480060.0,479897.9479166667
MAPPO strict 1+5,69174400,69.1744,479159.3125,479713.5
MAPPO strict 1+5,69225600,69.2256,479921.1875,479511.6145833333
MAPPO strict 1+5,69276800,69.2768,479454.34375,479601.875
MAPPO strict 1+5,69328000,69.328,479430.09375,479811.03125
MAPPO strict 1+5,69379200,69.3792,480548.65625,480466.7916666667
MAPPO strict 1+5,69430400,69.4304,481421.625,481266.7916666667
MAPPO strict 1+5,69481600,69.4816,481830.09375,481583.0729166667
MAPPO strict 1+5,69532800,69.5328,481497.5,481489.1041666667
MAPPO strict 1+5,69584000,69.584,481139.71875,481077.1354166667
MAPPO strict 1+5,69635200,69.6352,480594.1875,480865.25
MAPPO strict 1+5,69686400,69.6864,480861.84375,481666.5416666667
MAPPO strict 1+5,69737600,69.7376,483543.59375,481941.4375
MAPPO strict 1+5,69788800,69.7888,481418.875,482798.8125
MAPPO strict 1+5,69840000,69.84,483433.96875,483487.8645833333
MAPPO strict 1+5,69891200,69.8912,485610.75,483269.21875
MAPPO strict 1+5,69942400,69.9424,480762.9375,483099.625
MAPPO strict 1+5,69993600,69.9936,482925.1875,482278.1145833333
MAPPO strict 1+5,70044800,70.0448,483146.21875,482817.9479166667
MAPPO strict 1+5,70096000,70.096,482382.4375,483306.5208333333
MAPPO strict 1+5,70147200,70.1472,484390.90625,482867.0833333333
MAPPO strict 1+5,70198400,70.1984,481827.90625,482367.4895833333
MAPPO strict 1+5,70249600,70.2496,480883.65625,481380.5520833333
MAPPO strict 1+5,70300800,70.3008,481430.09375,481820.3958333333
MAPPO strict 1+5,70352000,70.352,483147.4375,482360.28125
MAPPO strict 1+5,70403200,70.4032,482503.3125,481996.2604166667
MAPPO strict 1+5,70454400,70.4544,480338.03125,481349.5416666667
MAPPO strict 1+5,70505600,70.5056,481207.28125,481072.53125
MAPPO strict 1+5,70556800,70.5568,481672.28125,482380.2916666667
MAPPO strict 1+5,70608000,70.608,484261.3125,482750.9791666667
MAPPO strict 1+5,70659200,70.6592,482319.34375,484013.7083333333
MAPPO strict 1+5,70710400,70.7104,485460.46875,483493.4791666667
MAPPO strict 1+5,70761600,70.7616,482700.625,484309.625
MAPPO strict 1+5,70812800,70.8128,484767.78125,484286.1770833333
MAPPO strict 1+5,70864000,70.864,485390.125,484863.0416666667
MAPPO strict 1+5,70915200,70.9152,484431.21875,484169.15625
MAPPO strict 1+5,70966400,70.9664,482686.125,483459.0833333333
MAPPO strict 1+5,71017600,71.0176,483259.90625,482474.2395833333
MAPPO strict 1+5,71068800,71.0688,481476.6875,481329.4895833333
MAPPO strict 1+5,71120000,71.12,479251.875,480054.71875
MAPPO strict 1+5,71171200,71.1712,479435.59375,479472.4583333333
MAPPO strict 1+5,71222400,71.2224,479729.90625,479225.0833333333
MAPPO strict 1+5,71273600,71.2736,478509.75,478981.9166666667
MAPPO strict 1+5,71324800,71.3248,478706.09375,478711.3229166667
MAPPO strict 1+5,71376000,71.376,478918.125,478550.46875
MAPPO strict 1+5,71427200,71.4272,478027.1875,477888.6041666667
MAPPO strict 1+5,71478400,71.4784,476720.5,477981.0520833333
MAPPO strict 1+5,71529600,71.5296,479195.46875,477860.6770833333
MAPPO strict 1+5,71580800,71.5808,477666.0625,478906.9375
MAPPO strict 1+5,71632000,71.632,479859.28125,479616.75
MAPPO strict 1+5,71683200,71.6832,481324.90625,480191.40625
MAPPO strict 1+5,71734400,71.7344,479390.03125,480495.8541666667
MAPPO strict 1+5,71785600,71.7856,480772.625,480539.6041666667
MAPPO strict 1+5,71836800,71.8368,481456.15625,481235.9895833333
MAPPO strict 1+5,71888000,71.888,481479.1875,481348.1770833333
MAPPO strict 1+5,71939200,71.9392,481109.1875,481598.7708333333
MAPPO strict 1+5,71990400,71.9904,482207.9375,482228.5833333333
MAPPO strict 1+5,72041600,72.0416,483368.625,482685.1979166667
MAPPO strict 1+5,72092800,72.0928,482479.03125,482622.96875
MAPPO strict 1+5,72144000,72.144,482021.25,482241.4583333333
MAPPO strict 1+5,72195200,72.1952,482224.09375,481780.2395833333
MAPPO strict 1+5,72246400,72.2464,481095.375,481579.3541666667
MAPPO strict 1+5,72297600,72.2976,481418.59375,480816.59375
MAPPO strict 1+5,72348800,72.3488,479935.8125,480824.53125
MAPPO strict 1+5,72400000,72.4,481119.1875,481043.1666666667
MAPPO strict 1+5,72451200,72.4512,482074.5,481693.3333333333
MAPPO strict 1+5,72502400,72.5024,481886.3125,482069.75
MAPPO strict 1+5,72553600,72.5536,482248.4375,481687.8958333333
MAPPO strict 1+5,72604800,72.6048,480928.9375,481727.1458333333
MAPPO strict 1+5,72656000,72.656,482004.0625,481957.1875
MAPPO strict 1+5,72707200,72.7072,482938.5625,483056.0729166667
MAPPO strict 1+5,72758400,72.7584,484225.59375,484008.1666666667
MAPPO strict 1+5,72809600,72.8096,484860.34375,484645.0520833333
MAPPO strict 1+5,72860800,72.8608,484849.21875,484668.875
MAPPO strict 1+5,72912000,72.912,484297.0625,485213.15625
MAPPO strict 1+5,72963200,72.9632,486493.1875,485089.6979166667
MAPPO strict 1+5,73014400,73.0144,484478.84375,484991.2708333333
MAPPO strict 1+5,73065600,73.0656,484001.78125,484581.6354166667
MAPPO strict 1+5,73116800,73.1168,485264.28125,484240.71875
MAPPO strict 1+5,73168000,73.168,483456.09375,484529.59375
MAPPO strict 1+5,73219200,73.2192,484868.40625,484117.8229166667
MAPPO strict 1+5,73270400,73.2704,484028.96875,483886.4791666667
MAPPO strict 1+5,73321600,73.3216,482762.0625,483849.5625
MAPPO strict 1+5,73372800,73.3728,484757.65625,484221.7291666667
MAPPO strict 1+5,73424000,73.424,485145.46875,484641.71875
MAPPO strict 1+5,73475200,73.4752,484022.03125,485185.3229166667
MAPPO strict 1+5,73526400,73.5264,486388.46875,485494.96875
MAPPO strict 1+5,73577600,73.5776,486074.40625,486270.53125
MAPPO strict 1+5,73628800,73.6288,486348.71875,486988.65625
MAPPO strict 1+5,73680000,73.68,488542.84375,487819.21875
MAPPO strict 1+5,73731200,73.7312,488566.09375,488814.75
MAPPO strict 1+5,73782400,73.7824,489335.3125,489305.40625
MAPPO strict 1+5,73833600,73.8336,490014.8125,489375.0208333333
MAPPO strict 1+5,73884800,73.8848,488774.9375,489417.4270833333
MAPPO strict 1+5,73936000,73.936,489462.53125,488247.375
MAPPO strict 1+5,73987200,73.9872,486504.65625,487521.8229166667
MAPPO strict 1+5,74038400,74.0384,486598.28125,485219.8125
MAPPO strict 1+5,74089600,74.0896,482556.5,484267.90625
MAPPO strict 1+5,74140800,74.1408,483648.9375,482487.6770833333
MAPPO strict 1+5,74192000,74.192,481257.59375,481751.59375
MAPPO strict 1+5,74243200,74.2432,480348.25,480328.9895833333
MAPPO strict 1+5,74294400,74.2944,479381.125,480346.1145833333
MAPPO strict 1+5,74345600,74.3456,481308.96875,480029.3229166667
MAPPO strict 1+5,74396800,74.3968,479397.875,481005.53125
MAPPO strict 1+5,74448000,74.448,482309.75,481072.53125
MAPPO strict 1+5,74499200,74.4992,481509.96875,481760.9270833333
MAPPO strict 1+5,74550400,74.5504,481463.0625,481478.9270833333
MAPPO strict 1+5,74601600,74.6016,481463.75,481282.7395833333
MAPPO strict 1+5,74652800,74.6528,480921.40625,480927.6875
MAPPO strict 1+5,74704000,74.704,480397.90625,480525.8854166667
MAPPO strict 1+5,74755200,74.7552,480258.34375,480410.7291666667
MAPPO strict 1+5,74806400,74.8064,480575.9375,480839.3645833333
MAPPO strict 1+5,74857600,74.8576,481683.8125,481315.59375
MAPPO strict 1+5,74908800,74.9088,481687.03125,481287.6354166667
MAPPO strict 1+5,74960000,74.96,480492.0625,481552.71875
MAPPO strict 1+5,75011200,75.0112,482479.0625,481477.625
MAPPO strict 1+5,75062400,75.0624,481461.75,481764.6145833333
MAPPO strict 1+5,75113600,75.1136,481353.03125,482099.5
MAPPO strict 1+5,75164800,75.1648,483483.71875,482181.5625
MAPPO strict 1+5,75216000,75.216,481707.9375,482503.8020833333
MAPPO strict 1+5,75267200,75.2672,482319.75,481344.5520833333
MAPPO strict 1+5,75318400,75.3184,480005.96875,481303.0104166667
MAPPO strict 1+5,75369600,75.3696,481583.3125,480918.71875
MAPPO strict 1+5,75420800,75.4208,481166.875,481365.9583333333
MAPPO strict 1+5,75472000,75.472,481347.6875,481286.6354166667
MAPPO strict 1+5,75523200,75.5232,481345.34375,481468.6354166667
MAPPO strict 1+5,75574400,75.5744,481712.875,481699.4270833333
MAPPO strict 1+5,75625600,75.6256,482040.0625,481531.5416666667
MAPPO strict 1+5,75676800,75.6768,480841.6875,480593.6354166667
MAPPO strict 1+5,75728000,75.728,478899.15625,479299.7708333333
MAPPO strict 1+5,75779200,75.7792,478158.46875,478431.53125
MAPPO strict 1+5,75830400,75.8304,478236.96875,478576.5520833333
MAPPO strict 1+5,75881600,75.8816,479334.21875,478476.65625
MAPPO strict 1+5,75932800,75.9328,477858.78125,478316.2083333333
MAPPO strict 1+5,75984000,75.984,477755.625,478524.65625
MAPPO strict 1+5,76035200,76.0352,479959.5625,479260.2395833333
MAPPO strict 1+5,76086400,76.0864,480065.53125,479533.1979166667
MAPPO strict 1+5,76137600,76.1376,478574.5,479226.40625
MAPPO strict 1+5,76188800,76.1888,479039.1875,479196.6875
MAPPO strict 1+5,76240000,76.24,479976.375,479793.875
MAPPO strict 1+5,76291200,76.2912,480366.0625,480308.1875
MAPPO strict 1+5,76342400,76.3424,480582.125,480389.7708333333
MAPPO strict 1+5,76393600,76.3936,480221.125,480258.7708333333
MAPPO strict 1+5,76444800,76.4448,479973.0625,480510.09375
MAPPO strict 1+5,76496000,76.496,481336.09375,480477.6979166667
MAPPO strict 1+5,76547200,76.5472,480123.9375,480749.25
MAPPO strict 1+5,76598400,76.5984,480787.71875,480766.9583333333
MAPPO strict 1+5,76649600,76.6496,481389.21875,481430.9895833333
MAPPO strict 1+5,76700800,76.7008,482116.03125,481928.34375
MAPPO strict 1+5,76752000,76.752,482279.78125,482605.3229166667
MAPPO strict 1+5,76803200,76.8032,483420.15625,482744.2708333333
MAPPO strict 1+5,76854400,76.8544,482532.875,483487.3854166667
MAPPO strict 1+5,76905600,76.9056,484509.125,482587.15625
MAPPO strict 1+5,76956800,76.9568,480719.46875,482850.40625
MAPPO strict 1+5,77008000,77.008,483322.625,482418.59375
MAPPO strict 1+5,77059200,77.0592,483213.6875,482966.2395833333
MAPPO strict 1+5,77110400,77.1104,482362.40625,482772.3333333333
MAPPO strict 1+5,77161600,77.1616,482740.90625,482373.8333333333
MAPPO strict 1+5,77212800,77.2128,482018.1875,482688.0833333333
MAPPO strict 1+5,77264000,77.264,483305.15625,483106.0104166667
MAPPO strict 1+5,77315200,77.3152,483994.6875,483322.9895833333
MAPPO strict 1+5,77366400,77.3664,482669.125,483360.9791666667
MAPPO strict 1+5,77417600,77.4176,483419.125,482859.4791666667
MAPPO strict 1+5,77468800,77.4688,482490.1875,482968.8125
MAPPO strict 1+5,77520000,77.52,482997.125,483277.34375
MAPPO strict 1+5,77571200,77.5712,484344.71875,483740.0416666667
MAPPO strict 1+5,77622400,77.6224,483878.28125,484319.1041666667
MAPPO strict 1+5,77673600,77.6736,484734.3125,484342.8020833333
MAPPO strict 1+5,77724800,77.7248,484415.8125,483598.0
MAPPO strict 1+5,77776000,77.776,481643.875,483195.5416666667
MAPPO strict 1+5,77827200,77.8272,483526.9375,481864.6041666667
MAPPO strict 1+5,77878400,77.8784,480423.0,481436.5729166667
MAPPO strict 1+5,77929600,77.9296,480359.78125,480496.71875
MAPPO strict 1+5,77980800,77.9808,480707.375,480519.1354166667
MAPPO strict 1+5,78032000,78.032,480490.25,480329.3229166667
MAPPO strict 1+5,78083200,78.0832,479790.34375,479832.65625
MAPPO strict 1+5,78134400,78.1344,479217.375,479572.84375
MAPPO strict 1+5,78185600,78.1856,479710.8125,479300.3958333333
MAPPO strict 1+5,78236800,78.2368,478973.0,479715.4479166667
MAPPO strict 1+5,78288000,78.288,480462.53125,479815.375
MAPPO strict 1+5,78339200,78.3392,480010.59375,480341.40625
MAPPO strict 1+5,78390400,78.3904,480551.09375,480104.4583333333
MAPPO strict 1+5,78441600,78.4416,479751.6875,479659.3229166667
MAPPO strict 1+5,78492800,78.4928,478675.1875,479039.6666666667
MAPPO strict 1+5,78544000,78.544,478692.125,478911.7708333333
MAPPO strict 1+5,78595200,78.5952,479368.0,478814.71875
MAPPO strict 1+5,78646400,78.6464,478384.03125,478285.5416666667
MAPPO strict 1+5,78697600,78.6976,477104.59375,477204.46875
MAPPO strict 1+5,78748800,78.7488,476124.78125,476982.6145833333
MAPPO strict 1+5,78800000,78.8,477718.46875,476855.1666666667
MAPPO strict 1+5,78851200,78.8512,476722.25,477171.7083333333
MAPPO strict 1+5,78902400,78.9024,477074.40625,476916.0208333333
MAPPO strict 1+5,78953600,78.9536,476951.40625,477296.8958333333
MAPPO strict 1+5,79004800,79.0048,477864.875,477088.7395833333
MAPPO strict 1+5,79056000,79.056,476449.9375,477266.6041666667
MAPPO strict 1+5,79107200,79.1072,477485.0,477630.1354166667
MAPPO strict 1+5,79158400,79.1584,478955.46875,478569.2291666667
MAPPO strict 1+5,79209600,79.2096,479267.21875,479021.3958333333
MAPPO strict 1+5,79260800,79.2608,478841.5,479299.6354166667
MAPPO strict 1+5,79312000,79.312,479790.1875,480408.4375
MAPPO strict 1+5,79363200,79.3632,482593.625,481839.3958333333
MAPPO strict 1+5,79414400,79.4144,483134.375,482584.2291666667
MAPPO strict 1+5,79465600,79.4656,482024.6875,482410.0729166667
MAPPO strict 1+5,79516800,79.5168,482071.15625,482668.75
MAPPO strict 1+5,79568000,79.568,483910.40625,483227.34375
MAPPO strict 1+5,79619200,79.6192,483700.46875,483935.25
MAPPO strict 1+5,79670400,79.6704,484194.875,483910.9270833333
MAPPO strict 1+5,79721600,79.7216,483837.4375,483831.03125
MAPPO strict 1+5,79772800,79.7728,483460.78125,483429.9375
MAPPO strict 1+5,79824000,79.824,482991.59375,483921.6875
MAPPO strict 1+5,79875200,79.8752,485312.6875,484249.28125
MAPPO strict 1+5,79926400,79.9264,484443.5625,484545.3541666667
MAPPO strict 1+5,79977600,79.9776,483879.8125,483833.875
MAPPO strict 1+5,80028800,80.0288,483178.25,483268.9479166667
MAPPO strict 1+5,80080000,80.08,482748.78125,483183.125
MAPPO strict 1+5,80131200,80.1312,483622.34375,483664.03125
MAPPO strict 1+5,80182400,80.1824,484620.96875,484212.125
MAPPO strict 1+5,80233600,80.2336,484393.0625,484198.3854166667
MAPPO strict 1+5,80284800,80.2848,483581.125,483395.9375
MAPPO strict 1+5,80336000,80.336,482213.625,482768.5729166667
MAPPO strict 1+5,80387200,80.3872,482510.96875,482275.7916666667
MAPPO strict 1+5,80438400,80.4384,482102.78125,482682.25
MAPPO strict 1+5,80489600,80.4896,483433.0,482963.8854166667
MAPPO strict 1+5,80540800,80.5408,483355.875,483426.1041666667
MAPPO strict 1+5,80592000,80.592,483489.4375,483063.7291666667
MAPPO strict 1+5,80643200,80.6432,482345.875,482918.6458333333
MAPPO strict 1+5,80694400,80.6944,482920.625,483300.8333333333
MAPPO strict 1+5,80745600,80.7456,484636.0,483750.6354166667
MAPPO strict 1+5,80796800,80.7968,483695.28125,483875.1145833333
MAPPO strict 1+5,80848000,80.848,483294.0625,483999.5520833333
MAPPO strict 1+5,80899200,80.8992,485009.3125,483444.9479166667
MAPPO strict 1+5,80950400,80.9504,482031.46875,483695.4791666667
MAPPO strict 1+5,81001600,81.0016,484045.65625,483294.2604166667
MAPPO strict 1+5,81052800,81.0528,483805.65625,483909.8229166667
MAPPO strict 1+5,81104000,81.104,483878.15625,482968.6979166667
MAPPO strict 1+5,81155200,81.1552,481222.28125,482818.71875
MAPPO strict 1+5,81206400,81.2064,483355.71875,482827.0729166667
MAPPO strict 1+5,81257600,81.2576,483903.21875,483738.3645833333
MAPPO strict 1+5,81308800,81.3088,483956.15625,483847.875
MAPPO strict 1+5,81360000,81.36,483684.25,482916.46875
MAPPO strict 1+5,81411200,81.4112,481109.0,481999.1041666667
MAPPO strict 1+5,81462400,81.4624,481204.0625,481558.9479166667
MAPPO strict 1+5,81513600,81.5136,482363.78125,482568.1145833333
MAPPO strict 1+5,81564800,81.5648,484136.5,482737.78125
MAPPO strict 1+5,81616000,81.616,481713.0625,482539.3125
MAPPO strict 1+5,81667200,81.6672,481768.375,482462.3645833333
MAPPO strict 1+5,81718400,81.7184,483905.65625,483185.8125
MAPPO strict 1+5,81769600,81.7696,483883.40625,484579.40625
MAPPO strict 1+5,81820800,81.8208,485949.15625,484940.5625
MAPPO strict 1+5,81872000,81.872,484989.125,485674.4791666667
MAPPO strict 1+5,81923200,81.9232,486085.15625,485637.8229166667
MAPPO strict 1+5,81974400,81.9744,485839.1875,485332.9166666667
MAPPO strict 1+5,82025600,82.0256,484074.40625,484528.2083333333
MAPPO strict 1+5,82076800,82.0768,483671.03125,484227.4479166667
MAPPO strict 1+5,82128000,82.128,484936.90625,484496.2291666667
MAPPO strict 1+5,82179200,82.1792,484880.75,484603.8541666667
MAPPO strict 1+5,82230400,82.2304,483993.90625,484485.3333333333
MAPPO strict 1+5,82281600,82.2816,484581.34375,484863.21875
MAPPO strict 1+5,82332800,82.3328,486014.40625,485419.0520833333
MAPPO strict 1+5,82384000,82.384,485661.40625,485434.0729166667
MAPPO strict 1+5,82435200,82.4352,484626.40625,484822.3958333333
MAPPO strict 1+5,82486400,82.4864,484179.375,484257.625
MAPPO strict 1+5,82537600,82.5376,483967.09375,483822.5729166667
MAPPO strict 1+5,82588800,82.5888,483321.25,483505.8645833333
MAPPO strict 1+5,82640000,82.64,483229.25,483341.3333333333
MAPPO strict 1+5,82691200,82.6912,483473.5,483827.8229166667
MAPPO strict 1+5,82742400,82.7424,484780.71875,484145.1458333333
MAPPO strict 1+5,82793600,82.7936,484181.21875,484578.3645833333
MAPPO strict 1+5,82844800,82.8448,484773.15625,484468.1354166667
MAPPO strict 1+5,82896000,82.896,484450.03125,484085.3125
MAPPO strict 1+5,82947200,82.9472,483032.75,483577.5729166667
MAPPO strict 1+5,82998400,82.9984,483249.9375,483298.0
MAPPO strict 1+5,83049600,83.0496,483611.3125,482865.1770833333
MAPPO strict 1+5,83100800,83.1008,481734.28125,482099.7395833333
MAPPO strict 1+5,83152000,83.152,480953.625,481325.8020833333
MAPPO strict 1+5,83203200,83.2032,481289.5,481628.3020833333
MAPPO strict 1+5,83254400,83.2544,482641.78125,481743.0104166667
MAPPO strict 1+5,83305600,83.3056,481297.75,482317.1979166667
MAPPO strict 1+5,83356800,83.3568,483012.0625,482614.9375
MAPPO strict 1+5,83408000,83.408,483535.0,483246.1875
MAPPO strict 1+5,83459200,83.4592,483191.5,483329.4895833333
MAPPO strict 1+5,83510400,83.5104,483261.96875,483263.7395833333
MAPPO strict 1+5,83561600,83.5616,483337.75,483432.8229166667
MAPPO strict 1+5,83612800,83.6128,483698.75,483728.28125
MAPPO strict 1+5,83664000,83.664,484148.34375,483429.0416666667
MAPPO strict 1+5,83715200,83.7152,482440.03125,482361.6875
MAPPO strict 1+5,83766400,83.7664,480496.6875,481567.4791666667
MAPPO strict 1+5,83817600,83.8176,481765.71875,481626.4166666667
MAPPO strict 1+5,83868800,83.8688,482616.84375,481746.75
MAPPO strict 1+5,83920000,83.92,480857.6875,481763.3020833333
MAPPO strict 1+5,83971200,83.9712,481815.375,481649.5625
MAPPO strict 1+5,84022400,84.0224,482275.625,481976.0833333333
MAPPO strict 1+5,84073600,84.0736,481837.25,482036.9791666667
MAPPO strict 1+5,84124800,84.1248,481998.0625,481018.2916666667
MAPPO strict 1+5,84176000,84.176,479219.5625,480480.25
MAPPO strict 1+5,84227200,84.2272,480223.125,479534.2916666667
MAPPO strict 1+5,84278400,84.2784,479160.1875,479497.0625
MAPPO strict 1+5,84329600,84.3296,479107.875,478774.3125
MAPPO strict 1+5,84380800,84.3808,478054.875,478803.5520833333
MAPPO strict 1+5,84432000,84.432,479247.90625,478708.3541666667
MAPPO strict 1+5,84483200,84.4832,478822.28125,478961.6354166667
MAPPO strict 1+5,84534400,84.5344,478814.71875,478779.9895833333
MAPPO strict 1+5,84585600,84.5856,478702.96875,478476.7291666667
MAPPO strict 1+5,84636800,84.6368,477912.5,478560.4583333333
MAPPO strict 1+5,84688000,84.688,479065.90625,478591.4895833333
MAPPO strict 1+5,84739200,84.7392,478796.0625,478549.875
MAPPO strict 1+5,84790400,84.7904,477787.65625,477618.0
MAPPO strict 1+5,84841600,84.8416,476270.28125,476894.4895833333
MAPPO strict 1+5,84892800,84.8928,476625.53125,476659.6666666667
MAPPO strict 1+5,84944000,84.944,477083.1875,477073.4375
MAPPO strict 1+5,84995200,84.9952,477511.59375,476948.90625
MAPPO strict 1+5,85046400,85.0464,476251.9375,476791.2708333333
MAPPO strict 1+5,85097600,85.0976,476610.28125,476467.3645833333
MAPPO strict 1+5,85148800,85.1488,476539.875,476027.7083333333
MAPPO strict 1+5,85200000,85.2,474932.96875,476473.5833333333
MAPPO strict 1+5,85251200,85.2512,477947.90625,476031.7604166667
MAPPO strict 1+5,85302400,85.3024,475214.40625,476974.9166666667
MAPPO strict 1+5,85353600,85.3536,477762.4375,477150.0833333333
MAPPO strict 1+5,85404800,85.4048,478473.40625,477842.9375
MAPPO strict 1+5,85456000,85.456,477292.96875,477873.3020833333
MAPPO strict 1+5,85507200,85.5072,477853.53125,477121.21875
MAPPO strict 1+5,85558400,85.5584,476217.15625,477101.65625
MAPPO strict 1+5,85609600,85.6096,477234.28125,477696.5208333333
MAPPO strict 1+5,85660800,85.6608,479638.125,478474.5104166667
MAPPO strict 1+5,85712000,85.712,478551.125,478601.375
MAPPO strict 1+5,85763200,85.7632,477614.875,478431.8333333333
MAPPO strict 1+5,85814400,85.8144,479129.5,479397.9583333333
MAPPO strict 1+5,85865600,85.8656,481449.5,481062.125
MAPPO strict 1+5,85916800,85.9168,482607.375,482276.90625
MAPPO strict 1+5,85968000,85.968,482773.84375,482094.375
MAPPO strict 1+5,86019200,86.0192,480901.90625,481721.8125
MAPPO strict 1+5,86070400,86.0704,481489.6875,482040.59375
MAPPO strict 1+5,86121600,86.1216,483730.1875,483399.7604166667
MAPPO strict 1+5,86172800,86.1728,484979.40625,484962.2083333333
MAPPO strict 1+5,86224000,86.224,486177.03125,486163.7083333333
MAPPO strict 1+5,86275200,86.2752,487334.6875,486020.2395833333
MAPPO strict 1+5,86326400,86.3264,484549.0,485572.6875
MAPPO strict 1+5,86377600,86.3776,484834.375,484547.09375
MAPPO strict 1+5,86428800,86.4288,484257.90625,484539.1979166667
MAPPO strict 1+5,86480000,86.48,484525.3125,484204.8125
MAPPO strict 1+5,86531200,86.5312,483831.21875,484328.2708333333
MAPPO strict 1+5,86582400,86.5824,484628.28125,485063.1145833333
MAPPO strict 1+5,86633600,86.6336,486729.84375,485763.15625
MAPPO strict 1+5,86684800,86.6848,485931.34375,486224.6145833333
MAPPO strict 1+5,86736000,86.736,486012.65625,485948.8229166667
MAPPO strict 1+5,86787200,86.7872,485902.46875,485239.4479166667
MAPPO strict 1+5,86838400,86.8384,483803.21875,485208.6666666667
MAPPO strict 1+5,86889600,86.8896,485920.3125,485684.8229166667
MAPPO strict 1+5,86940800,86.9408,487330.9375,486237.8020833333
MAPPO strict 1+5,86992000,86.992,485462.15625,486139.9479166667
MAPPO strict 1+5,87043200,87.0432,485626.75,485781.1770833333
MAPPO strict 1+5,87094400,87.0944,486254.625,486248.6145833333
MAPPO strict 1+5,87145600,87.1456,486864.46875,486568.0520833333
MAPPO strict 1+5,87196800,87.1968,486585.0625,486038.03125
MAPPO strict 1+5,87248000,87.248,484664.5625,485544.0520833333
MAPPO strict 1+5,87299200,87.2992,485382.53125,485405.96875
MAPPO strict 1+5,87350400,87.3504,486170.8125,486639.4895833333
MAPPO strict 1+5,87401600,87.4016,488365.125,487392.78125
MAPPO strict 1+5,87452800,87.4528,487642.40625,488121.4479166667
MAPPO strict 1+5,87504000,87.504,488356.8125,488026.2604166667
MAPPO strict 1+5,87555200,87.5552,488079.5625,488075.7291666667
MAPPO strict 1+5,87606400,87.6064,487790.8125,488423.1041666667
MAPPO strict 1+5,87657600,87.6576,489398.9375,488892.4375
MAPPO strict 1+5,87708800,87.7088,489487.5625,489749.0
MAPPO strict 1+5,87760000,87.76,490360.5,489947.125
MAPPO strict 1+5,87811200,87.8112,489993.3125,489763.0416666667
MAPPO strict 1+5,87862400,87.8624,488935.3125,489452.1041666667
MAPPO strict 1+5,87913600,87.9136,489427.6875,489055.4479166667
MAPPO strict 1+5,87964800,87.9648,488803.34375,488839.9895833333
MAPPO strict 1+5,88016000,88.016,488288.9375,488101.2604166667
MAPPO strict 1+5,88067200,88.0672,487211.5,487779.84375
MAPPO strict 1+5,88118400,88.1184,487839.09375,487875.9791666667
MAPPO strict 1+5,88169600,88.1696,488577.34375,488591.625
MAPPO strict 1+5,88220800,88.2208,489358.4375,488834.7395833333
MAPPO strict 1+5,88272000,88.272,488568.4375,488830.1666666667
MAPPO strict 1+5,88323200,88.3232,488563.625,488420.6354166667
MAPPO strict 1+5,88374400,88.3744,488129.84375,488712.1354166667
MAPPO strict 1+5,88425600,88.4256,489442.9375,488772.0625
MAPPO strict 1+5,88476800,88.4768,488743.40625,488966.4791666667
MAPPO strict 1+5,88528000,88.528,488713.09375,488234.7916666667
MAPPO strict 1+5,88579200,88.5792,487247.875,487641.2916666667
MAPPO strict 1+5,88630400,88.6304,486962.90625,486566.9479166667
MAPPO strict 1+5,88681600,88.6816,485490.0625,486616.6354166667
MAPPO strict 1+5,88732800,88.7328,487396.9375,486656.1666666667
MAPPO strict 1+5,88784000,88.784,487081.5,487008.90625
MAPPO strict 1+5,88835200,88.8352,486548.28125,486533.7708333333
MAPPO strict 1+5,88886400,88.8864,485971.53125,486439.9791666667
MAPPO strict 1+5,88937600,88.9376,486800.125,486952.625
MAPPO strict 1+5,88988800,88.9888,488086.21875,487003.3854166667
MAPPO strict 1+5,89040000,89.04,486123.8125,486976.375
MAPPO strict 1+5,89091200,89.0912,486719.09375,486337.875
MAPPO strict 1+5,89142400,89.1424,486170.71875,485845.4895833333
MAPPO strict 1+5,89193600,89.1936,484646.65625,485188.9583333333
MAPPO strict 1+5,89244800,89.2448,484749.5,484856.6041666667
MAPPO strict 1+5,89296000,89.296,485173.65625,484452.6354166667
MAPPO strict 1+5,89347200,89.3472,483434.75,483713.25
MAPPO strict 1+5,89398400,89.3984,482531.34375,483459.4583333333
MAPPO strict 1+5,89449600,89.4496,484412.28125,484015.1875
MAPPO strict 1+5,89500800,89.5008,485101.9375,484617.4583333333
MAPPO strict 1+5,89552000,89.552,484338.15625,484053.4583333333
MAPPO strict 1+5,89603200,89.6032,482720.28125,483967.1979166667
MAPPO strict 1+5,89654400,89.6544,484843.15625,483699.09375
MAPPO strict 1+5,89705600,89.7056,483533.84375,483873.2083333333
MAPPO strict 1+5,89756800,89.7568,483242.625,483182.2604166667
MAPPO strict 1+5,89808000,89.808,482770.3125,483181.0
MAPPO strict 1+5,89859200,89.8592,483530.0625,483034.0520833333
MAPPO strict 1+5,89910400,89.9104,482801.78125,483104.4270833333
MAPPO strict 1+5,89961600,89.9616,482981.4375,482284.6041666667
MAPPO strict 1+5,90012800,90.0128,481070.59375,481392.6458333333
MAPPO strict 1+5,90064000,90.064,480125.90625,479844.9583333333
MAPPO strict 1+5,90115200,90.1152,478338.375,479578.2291666667
MAPPO strict 1+5,90166400,90.1664,480270.40625,479369.4895833333
MAPPO strict 1+5,90217600,90.2176,479499.6875,479723.2604166667
MAPPO strict 1+5,90268800,90.2688,479399.6875,478126.125
MAPPO strict 1+5,90320000,90.32,475479.0,476580.46875
MAPPO strict 1+5,90371200,90.3712,474862.71875,475476.4895833333
MAPPO strict 1+5,90422400,90.4224,476087.75,475926.3229166667
MAPPO strict 1+5,90473600,90.4736,476828.5,476552.9895833333
MAPPO strict 1+5,90524800,90.5248,476742.71875,476880.03125
MAPPO strict 1+5,90576000,90.576,477068.875,477349.8541666667
MAPPO strict 1+5,90627200,90.6272,478237.96875,478043.90625
MAPPO strict 1+5,90678400,90.6784,478824.875,478639.9270833333
MAPPO strict 1+5,90729600,90.7296,478856.9375,480005.6979166667
MAPPO strict 1+5,90780800,90.7808,482335.28125,480776.90625
MAPPO strict 1+5,90832000,90.832,481138.5,482164.1041666667
MAPPO strict 1+5,90883200,90.8832,483018.53125,482669.5729166667
MAPPO strict 1+5,90934400,90.9344,483851.6875,483927.1979166667
MAPPO strict 1+5,90985600,90.9856,484911.375,484485.3958333333
MAPPO strict 1+5,91036800,91.0368,484693.125,485088.75
MAPPO strict 1+5,91088000,91.088,485661.75,485574.1875
MAPPO strict 1+5,91139200,91.1392,486367.6875,487080.3854166667
MAPPO strict 1+5,91190400,91.1904,489211.71875,488292.8333333333
MAPPO strict 1+5,91241600,91.2416,489299.09375,489268.28125
MAPPO strict 1+5,91292800,91.2928,489294.03125,489166.1666666667
MAPPO strict 1+5,91344000,91.344,488905.375,489316.03125
MAPPO strict 1+5,91395200,91.3952,489748.6875,489432.3958333333
MAPPO strict 1+5,91446400,91.4464,489643.125,489654.2604166667
MAPPO strict 1+5,91497600,91.4976,489570.96875,489693.4270833333
MAPPO strict 1+5,91548800,91.5488,489866.1875,489914.65625
MAPPO strict 1+5,91600000,91.6,490306.8125,489984.9583333333
MAPPO strict 1+5,91651200,91.6512,489781.875,489446.8333333333
MAPPO strict 1+5,91702400,91.7024,488251.8125,489159.78125
MAPPO strict 1+5,91753600,91.7536,489445.65625,489520.1041666667
MAPPO strict 1+5,91804800,91.8048,490862.84375,490337.5625
MAPPO strict 1+5,91856000,91.856,490704.1875,490546.7291666667
MAPPO strict 1+5,91907200,91.9072,490073.15625,490977.8020833333
MAPPO strict 1+5,91958400,91.9584,492156.0625,491466.3541666667
MAPPO strict 1+5,92009600,92.0096,492169.84375,492696.7916666667
MAPPO strict 1+5,92060800,92.0608,493764.46875,492171.4270833333
MAPPO strict 1+5,92112000,92.112,490579.96875,491654.9895833333
MAPPO strict 1+5,92163200,92.1632,490620.53125,490830.9375
MAPPO strict 1+5,92214400,92.2144,491292.3125,490966.5
MAPPO strict 1+5,92265600,92.2656,490986.65625,491392.21875
MAPPO strict 1+5,92316800,92.3168,491897.6875,491322.5416666667
MAPPO strict 1+5,92368000,92.368,491083.28125,491289.4583333333
MAPPO strict 1+5,92419200,92.4192,490887.40625,490248.46875
MAPPO strict 1+5,92470400,92.4704,488774.71875,489317.5
MAPPO strict 1+5,92521600,92.5216,488290.375,488922.8229166667
MAPPO strict 1+5,92572800,92.5728,489703.375,489565.1145833333
MAPPO strict 1+5,92624000,92.624,490701.59375,489985.0
MAPPO strict 1+5,92675200,92.6752,489550.03125,489972.5208333333
MAPPO strict 1+5,92726400,92.7264,489665.9375,489709.9166666667
MAPPO strict 1+5,92777600,92.7776,489913.78125,490417.4583333333
MAPPO strict 1+5,92828800,92.8288,491672.65625,490773.125
MAPPO strict 1+5,92880000,92.88,490732.9375,491085.9791666667
MAPPO strict 1+5,92931200,92.9312,490852.34375,490630.3229166667
MAPPO strict 1+5,92982400,92.9824,490305.6875,489576.5208333333
MAPPO strict 1+5,93033600,93.0336,487571.53125,489440.9479166667
MAPPO strict 1+5,93084800,93.0848,490445.625,489132.0520833333
MAPPO strict 1+5,93136000,93.136,489379.0,490628.59375
MAPPO strict 1+5,93187200,93.1872,492061.15625,490576.15625
MAPPO strict 1+5,93238400,93.2384,490288.3125,490192.25
MAPPO strict 1+5,93289600,93.2896,488227.28125,489341.90625
MAPPO strict 1+5,93340800,93.3408,489510.125,488659.3333333333
MAPPO strict 1+5,93392000,93.392,488240.59375,489024.34375
MAPPO strict 1+5,93443200,93.4432,489322.3125,488576.4270833333
MAPPO strict 1+5,93494400,93.4944,488166.375,488844.8645833333
MAPPO strict 1+5,93545600,93.5456,489045.90625,488120.2395833333
MAPPO strict 1+5,93596800,93.5968,487148.4375,488324.6458333333
MAPPO strict 1+5,93648000,93.648,488779.59375,488410.9791666667
MAPPO strict 1+5,93699200,93.6992,489304.90625,488540.8229166667
MAPPO strict 1+5,93750400,93.7504,487537.96875,487727.6354166667
MAPPO strict 1+5,93801600,93.8016,486340.03125,486626.3645833333
MAPPO strict 1+5,93852800,93.8528,486001.09375,486371.2083333333
MAPPO strict 1+5,93904000,93.904,486772.5,486511.25
MAPPO strict 1+5,93955200,93.9552,486760.15625,486637.4479166667
MAPPO strict 1+5,94006400,94.0064,486379.6875,486218.03125
MAPPO strict 1+5,94057600,94.0576,485514.25,484425.34375
MAPPO strict 1+5,94108800,94.1088,481382.09375,483778.78125
MAPPO strict 1+5,94160000,94.16,484440.0,483604.0729166667
MAPPO strict 1+5,94211200,94.2112,484990.125,484887.4270833333
MAPPO strict 1+5,94262400,94.2624,485232.15625,484452.4166666667
MAPPO strict 1+5,94313600,94.3136,483134.96875,483387.5625
MAPPO strict 1+5,94364800,94.3648,481795.5625,482328.7916666667
MAPPO strict 1+5,94416000,94.416,482055.84375,482073.4270833333
MAPPO strict 1+5,94467200,94.4672,482368.875,481723.6875
MAPPO strict 1+5,94518400,94.5184,480746.34375,482107.34375
MAPPO strict 1+5,94569600,94.5696,483206.8125,482604.5
MAPPO strict 1+5,94620800,94.6208,483860.34375,484147.8125
MAPPO strict 1+5,94672000,94.672,485376.28125,484538.9166666667
MAPPO strict 1+5,94723200,94.7232,484380.125,485758.7395833333
MAPPO strict 1+5,94774400,94.7744,487519.8125,486298.75
MAPPO strict 1+5,94825600,94.8256,486996.3125,487817.6145833333
MAPPO strict 1+5,94876800,94.8768,488936.71875,488377.625
MAPPO strict 1+5,94928000,94.928,489199.84375,489360.65625
MAPPO strict 1+5,94979200,94.9792,489945.40625,489860.9895833333
MAPPO strict 1+5,95030400,95.0304,490437.71875,489673.96875
MAPPO strict 1+5,95081600,95.0816,488638.78125,489790.8333333333
MAPPO strict 1+5,95132800,95.1328,490296.0,489460.9375
MAPPO strict 1+5,95184000,95.184,489448.03125,489641.5
MAPPO strict 1+5,95235200,95.2352,489180.46875,489227.9166666667
MAPPO strict 1+5,95286400,95.2864,489055.25,489698.4166666667
MAPPO strict 1+5,95337600,95.3376,490859.53125,490112.0208333333
MAPPO strict 1+5,95388800,95.3888,490421.28125,490218.6770833333
MAPPO strict 1+5,95440000,95.44,489375.21875,489748.53125
MAPPO strict 1+5,95491200,95.4912,489449.09375,490044.7395833333
MAPPO strict 1+5,95542400,95.5424,491309.90625,490883.6666666667
MAPPO strict 1+5,95593600,95.5936,491892.0,491575.5625
MAPPO strict 1+5,95644800,95.6448,491524.78125,492190.4895833333
MAPPO strict 1+5,95696000,95.696,493154.6875,492860.0
MAPPO strict 1+5,95747200,95.7472,493900.53125,493100.0833333333
MAPPO strict 1+5,95798400,95.7984,492245.03125,492517.0729166667
MAPPO strict 1+5,95849600,95.8496,491405.65625,490938.3125
MAPPO strict 1+5,95900800,95.9008,489164.25,490642.5104166667
MAPPO strict 1+5,95952000,95.952,491357.625,490415.0416666667
MAPPO strict 1+5,96003200,96.0032,490723.25,490709.625
MAPPO strict 1+5,96054400,96.0544,490048.0,490381.0833333333
MAPPO strict 1+5,96105600,96.1056,490372.0,490693.5520833333
MAPPO strict 1+5,96156800,96.1568,491660.65625,490866.3125
MAPPO strict 1+5,96208000,96.208,490566.28125,490586.8958333333
MAPPO strict 1+5,96259200,96.2592,489533.75,489126.3020833333
MAPPO strict 1+5,96310400,96.3104,487278.875,488070.375
MAPPO strict 1+5,96361600,96.3616,487398.5,487536.8958333333
MAPPO strict 1+5,96412800,96.4128,487933.3125,487420.5104166667
MAPPO strict 1+5,96464000,96.464,486929.71875,486239.40625
MAPPO strict 1+5,96515200,96.5152,483855.1875,485208.75
MAPPO strict 1+5,96566400,96.5664,484841.34375,484593.59375
MAPPO strict 1+5,96617600,96.6176,485084.25,485467.9791666667
MAPPO strict 1+5,96668800,96.6688,486478.34375,485156.1145833333
MAPPO strict 1+5,96720000,96.72,483905.75,485096.3333333333
MAPPO strict 1+5,96771200,96.7712,484904.90625,485336.6770833333
MAPPO strict 1+5,96822400,96.8224,487199.375,484935.1875
MAPPO strict 1+5,96873600,96.8736,482701.28125,484178.5
MAPPO strict 1+5,96924800,96.9248,482634.84375,482396.125
MAPPO strict 1+5,96976000,96.976,481852.25,482154.4166666667
MAPPO strict 1+5,97027200,97.0272,481976.15625,482213.0208333333
MAPPO strict 1+5,97078400,97.0784,482810.65625,482314.5
MAPPO strict 1+5,97129600,97.1296,482156.6875,482941.0104166667
MAPPO strict 1+5,97180800,97.1808,483855.6875,482993.5729166667
MAPPO strict 1+5,97232000,97.232,482968.34375,483333.2291666667
MAPPO strict 1+5,97283200,97.2832,483175.65625,482703.0104166667
MAPPO strict 1+5,97334400,97.3344,481965.03125,482159.6979166667
MAPPO strict 1+5,97385600,97.3856,481338.40625,481631.25
MAPPO strict 1+5,97436800,97.4368,481590.3125,481497.25
MAPPO strict 1+5,97488000,97.488,481563.03125,481618.3854166667
MAPPO strict 1+5,97539200,97.5392,481701.8125,481814.03125
MAPPO strict 1+5,97590400,97.5904,482177.25,481855.1354166667
MAPPO strict 1+5,97641600,97.6416,481686.34375,481665.7916666667
MAPPO strict 1+5,97692800,97.6928,481133.78125,481573.2916666667
MAPPO strict 1+5,97744000,97.744,481899.75,481503.9895833333
MAPPO strict 1+5,97795200,97.7952,481478.4375,481813.15625
MAPPO strict 1+5,97846400,97.8464,482061.28125,481881.8125
MAPPO strict 1+5,97897600,97.8976,482105.71875,481744.75
MAPPO strict 1+5,97948800,97.9488,481067.25,481716.4270833333
MAPPO strict 1+5,98000000,98.0,481976.3125,481818.2083333333
MAPPO strict 1+5,98051200,98.0512,482411.0625,482033.0625
MAPPO strict 1+5,98102400,98.1024,481711.8125,482863.0520833333
MAPPO strict 1+5,98153600,98.1536,484466.28125,483626.59375
MAPPO strict 1+5,98204800,98.2048,484701.6875,484743.75
MAPPO strict 1+5,98256000,98.256,485063.28125,484948.5520833333
MAPPO strict 1+5,98307200,98.3072,485080.6875,484186.0208333333
MAPPO strict 1+5,98358400,98.3584,482414.09375,483616.1666666667
MAPPO strict 1+5,98409600,98.4096,483353.71875,483004.59375
MAPPO strict 1+5,98460800,98.4608,483245.96875,482718.0208333333
MAPPO strict 1+5,98512000,98.512,481554.375,482101.2604166667
MAPPO strict 1+5,98563200,98.5632,481503.4375,481516.6770833333
MAPPO strict 1+5,98614400,98.6144,481492.21875,481869.8854166667
MAPPO strict 1+5,98665600,98.6656,482614.0,482172.7604166667
MAPPO strict 1+5,98716800,98.7168,482412.0625,482322.1354166667
MAPPO strict 1+5,98768000,98.768,481940.34375,482474.7604166667
MAPPO strict 1+5,98819200,98.8192,483071.875,482234.0833333333
MAPPO strict 1+5,98870400,98.8704,481690.03125,482043.6875
MAPPO strict 1+5,98921600,98.9216,481369.15625,481466.2708333333
MAPPO strict 1+5,98972800,98.9728,481339.625,481569.8229166667
MAPPO strict 1+5,99024000,99.024,482000.6875,482560.3125
MAPPO strict 1+5,99075200,99.0752,484340.625,483248.0625
MAPPO strict 1+5,99126400,99.1264,483402.875,483887.9166666667
MAPPO strict 1+5,99177600,99.1776,483920.25,483607.9270833333
MAPPO strict 1+5,99228800,99.2288,483500.65625,483480.65625
MAPPO strict 1+5,99280000,99.28,483021.0625,483768.21875
MAPPO strict 1+5,99331200,99.3312,484782.9375,483032.7291666667
MAPPO strict 1+5,99382400,99.3824,481294.1875,482738.0416666667
MAPPO strict 1+5,99433600,99.4336,482137.0,482480.9583333333
MAPPO strict 1+5,99484800,99.4848,484011.6875,483375.5
MAPPO strict 1+5,99536000,99.536,483977.8125,483943.9375
MAPPO strict 1+5,99587200,99.5872,483842.3125,484372.53125
MAPPO strict 1+5,99638400,99.6384,485297.46875,485343.8854166667
MAPPO strict 1+5,99689600,99.6896,486891.875,486228.0208333333
MAPPO strict 1+5,99740800,99.7408,486494.71875,486965.25
MAPPO strict 1+5,99792000,99.792,487509.15625,486940.4895833333
MAPPO strict 1+5,99843200,99.8432,486817.59375,487268.5729166667
MAPPO strict 1+5,99894400,99.8944,487478.96875,487912.0416666667
MAPPO strict 1+5,99945600,99.9456,489439.5625,488781.8125
MAPPO strict 1+5,99996800,99.9968,489426.90625,489433.234375
DC-PPO strict 1+5,25600,0.0256,90780.0546875,92503.83203125
DC-PPO strict 1+5,76800,0.0768,94227.609375,92850.34114583333
DC-PPO strict 1+5,128000,0.128,93543.359375,95235.14583333333
DC-PPO strict 1+5,179200,0.1792,97934.46875,99860.80989583333
DC-PPO strict 1+5,230400,0.2304,108104.6015625,107659.640625
DC-PPO strict 1+5,281600,0.2816,116939.8515625,117232.9765625
DC-PPO strict 1+5,332800,0.3328,126654.4765625,125407.57291666667
DC-PPO strict 1+5,384000,0.384,132628.390625,134968.87239583334
DC-PPO strict 1+5,435200,0.4352,145623.75,143287.98958333334
DC-PPO strict 1+5,486400,0.4864,151611.828125,153097.73958333334
DC-PPO strict 1+5,537600,0.5376,162057.640625,159115.08333333334
DC-PPO strict 1+5,588800,0.5888,163675.78125,166034.38541666666
DC-PPO strict 1+5,640000,0.64,172369.734375,171370.63541666666
DC-PPO strict 1+5,691200,0.6912,178066.390625,177236.13020833334
DC-PPO strict 1+5,742400,0.7424,181272.265625,181685.22916666666
DC-PPO strict 1+5,793600,0.7936,185717.03125,183557.65625
DC-PPO strict 1+5,844800,0.8448,183683.671875,186003.77083333334
DC-PPO strict 1+5,896000,0.896,188610.609375,187014.76041666666
DC-PPO strict 1+5,947200,0.9472,188750.0,189956.02604166666
DC-PPO strict 1+5,998400,0.9984,192507.46875,193399.96354166666
DC-PPO strict 1+5,1049600,1.0496,198942.421875,197492.703125
DC-PPO strict 1+5,1100800,1.1008,201028.21875,201700.40625
DC-PPO strict 1+5,1152000,1.152,205130.578125,204887.46875
DC-PPO strict 1+5,1203200,1.2032,208503.609375,208146.140625
DC-PPO strict 1+5,1254400,1.2544,210804.234375,210798.515625
DC-PPO strict 1+5,1305600,1.3056,213087.703125,216947.10416666666
DC-PPO strict 1+5,1356800,1.3568,226949.375,220355.984375
DC-PPO strict 1+5,1408000,1.408,221030.875,224893.83333333334
DC-PPO strict 1+5,1459200,1.4592,226701.25,225050.49479166666
DC-PPO strict 1+5,1510400,1.5104,227419.359375,225292.88020833334
DC-PPO strict 1+5,1561600,1.5616,221758.03125,225231.171875
DC-PPO strict 1+5,1612800,1.6128,226516.125,227085.09895833334
DC-PPO strict 1+5,1664000,1.664,232981.140625,230749.46875
DC-PPO strict 1+5,1715200,1.7152,232751.140625,233538.46875
DC-PPO strict 1+5,1766400,1.7664,234883.125,236140.05208333334
DC-PPO strict 1+5,1817600,1.8176,240785.890625,238670.52083333334
DC-PPO strict 1+5,1868800,1.8688,240342.546875,241023.24479166666
DC-PPO strict 1+5,1920000,1.92,241941.296875,240234.03125
DC-PPO strict 1+5,1971200,1.9712,238418.25,240477.24479166666
DC-PPO strict 1+5,2022400,2.0224,241072.1875,241943.328125
DC-PPO strict 1+5,2073600,2.0736,246339.546875,246769.14583333334
DC-PPO strict 1+5,2124800,2.1248,252895.703125,252435.61458333334
DC-PPO strict 1+5,2176000,2.176,258071.59375,256787.125
DC-PPO strict 1+5,2227200,2.2272,259394.078125,257881.39583333334
DC-PPO strict 1+5,2278400,2.2784,256178.515625,258770.73958333334
DC-PPO strict 1+5,2329600,2.3296,260739.625,259167.34895833334
DC-PPO strict 1+5,2380800,2.3808,260583.90625,261222.26041666666
DC-PPO strict 1+5,2432000,2.432,262343.25,260906.75
DC-PPO strict 1+5,2483200,2.4832,259793.09375,261900.90625
DC-PPO strict 1+5,2534400,2.5344,263566.375,261784.34895833334
DC-PPO strict 1+5,2585600,2.5856,261993.578125,262253.9114583333
DC-PPO strict 1+5,2636800,2.6368,261201.78125,262285.3385416667
DC-PPO strict 1+5,2688000,2.688,263660.65625,262342.3020833333
DC-PPO strict 1+5,2739200,2.7392,262164.46875,263937.03125
DC-PPO strict 1+5,2790400,2.7904,265985.96875,266151.9583333333
DC-PPO strict 1+5,2841600,2.8416,270305.4375,270628.3854166667
DC-PPO strict 1+5,2892800,2.8928,275593.75,272576.3125
DC-PPO strict 1+5,2944000,2.944,271829.75,272861.6145833333
DC-PPO strict 1+5,2995200,2.9952,271161.34375,272771.1979166667
DC-PPO strict 1+5,3046400,3.0464,275322.5,275930.6458333333
DC-PPO strict 1+5,3097600,3.0976,281308.09375,278883.5520833333
DC-PPO strict 1+5,3148800,3.1488,280020.0625,282238.65625
DC-PPO strict 1+5,3200000,3.2,285387.8125,279464.9791666667
DC-PPO strict 1+5,3251200,3.2512,272987.0625,280032.2916666667
DC-PPO strict 1+5,3302400,3.3024,281722.0,278638.53125
DC-PPO strict 1+5,3353600,3.3536,281206.53125,279886.96875
DC-PPO strict 1+5,3404800,3.4048,276732.375,278564.625
DC-PPO strict 1+5,3456000,3.456,277754.96875,278967.2916666667
DC-PPO strict 1+5,3507200,3.5072,282414.53125,281237.9895833333
DC-PPO strict 1+5,3558400,3.5584,283544.46875,282712.8541666667
DC-PPO strict 1+5,3609600,3.6096,282179.5625,286154.8645833333
DC-PPO strict 1+5,3660800,3.6608,292740.5625,289152.1354166667
DC-PPO strict 1+5,3712000,3.712,292536.28125,293618.8541666667
DC-PPO strict 1+5,3763200,3.7632,295579.71875,292480.34375
DC-PPO strict 1+5,3814400,3.8144,289325.03125,290678.59375
DC-PPO strict 1+5,3865600,3.8656,287131.03125,288292.6354166667
DC-PPO strict 1+5,3916800,3.9168,288421.84375,288024.78125
DC-PPO strict 1+5,3968000,3.968,288521.46875,288264.15625
DC-PPO strict 1+5,4019200,4.0192,287849.15625,291171.8854166667
DC-PPO strict 1+5,4070400,4.0704,297145.03125,294322.84375
DC-PPO strict 1+5,4121600,4.1216,297974.34375,297738.7604166667
DC-PPO strict 1+5,4172800,4.1728,298096.90625,296500.2604166667
DC-PPO strict 1+5,4224000,4.224,293429.53125,294226.9166666667
DC-PPO strict 1+5,4275200,4.2752,291154.3125,293624.1979166667
DC-PPO strict 1+5,4326400,4.3264,296288.75,294746.375
DC-PPO strict 1+5,4377600,4.3776,296796.0625,296218.53125
DC-PPO strict 1+5,4428800,4.4288,295570.78125,297172.0625
DC-PPO strict 1+5,4480000,4.48,299149.34375,297590.0833333333
DC-PPO strict 1+5,4531200,4.5312,298050.125,299267.1770833333
DC-PPO strict 1+5,4582400,4.5824,300602.0625,300991.7916666667
DC-PPO strict 1+5,4633600,4.6336,304323.1875,301190.9895833333
DC-PPO strict 1+5,4684800,4.6848,298647.71875,301243.1145833333
DC-PPO strict 1+5,4736000,4.736,300758.4375,299840.0520833333
DC-PPO strict 1+5,4787200,4.7872,300114.0,301913.2291666667
DC-PPO strict 1+5,4838400,4.8384,304867.25,303127.5
DC-PPO strict 1+5,4889600,4.8896,304401.25,302281.65625
DC-PPO strict 1+5,4940800,4.9408,297576.46875,301386.2916666667
DC-PPO strict 1+5,4992000,4.992,302181.15625,301204.2604166667
DC-PPO strict 1+5,5043200,5.0432,303855.15625,304612.8645833333
DC-PPO strict 1+5,5094400,5.0944,307802.28125,308089.34375
DC-PPO strict 1+5,5145600,5.1456,312610.59375,310335.2708333333
DC-PPO strict 1+5,5196800,5.1968,310592.9375,312653.3333333333
DC-PPO strict 1+5,5248000,5.248,314756.46875,314159.9895833333
DC-PPO strict 1+5,5299200,5.2992,317130.5625,314391.59375
DC-PPO strict 1+5,5350400,5.3504,311287.75,311793.9166666667
DC-PPO strict 1+5,5401600,5.4016,306963.4375,310001.28125
DC-PPO strict 1+5,5452800,5.4528,311752.65625,310494.8333333333
DC-PPO strict 1+5,5504000,5.504,312768.40625,310931.4270833333
DC-PPO strict 1+5,5555200,5.5552,308273.21875,310774.8229166667
DC-PPO strict 1+5,5606400,5.6064,311282.84375,310427.3020833333
DC-PPO strict 1+5,5657600,5.6576,311725.84375,310971.625
DC-PPO strict 1+5,5708800,5.7088,309906.1875,309781.15625
DC-PPO strict 1+5,5760000,5.76,307711.4375,308923.1666666667
DC-PPO strict 1+5,5811200,5.8112,309151.875,308672.4583333333
DC-PPO strict 1+5,5862400,5.8624,309154.0625,311818.03125
DC-PPO strict 1+5,5913600,5.9136,317148.15625,315702.9583333333
DC-PPO strict 1+5,5964800,5.9648,320806.65625,318215.5208333333
DC-PPO strict 1+5,6016000,6.016,316691.75,319519.21875
DC-PPO strict 1+5,6067200,6.0672,321059.25,317262.09375
DC-PPO strict 1+5,6118400,6.1184,314035.28125,317339.65625
DC-PPO strict 1+5,6169600,6.1696,316924.4375,316909.8854166667
DC-PPO strict 1+5,6220800,6.2208,319769.9375,318670.1770833333
DC-PPO strict 1+5,6272000,6.272,319316.15625,318822.5208333333
DC-PPO strict 1+5,6323200,6.3232,317381.46875,319454.53125
DC-PPO strict 1+5,6374400,6.3744,321665.96875,322623.9479166667
DC-PPO strict 1+5,6425600,6.4256,328824.40625,325879.5
DC-PPO strict 1+5,6476800,6.4768,327148.125,327435.6875
DC-PPO strict 1+5,6528000,6.528,326334.53125,327634.9270833333
DC-PPO strict 1+5,6579200,6.5792,329422.125,329023.40625
DC-PPO strict 1+5,6630400,6.6304,331313.5625,328766.25
DC-PPO strict 1+5,6681600,6.6816,325563.0625,328558.09375
DC-PPO strict 1+5,6732800,6.7328,328797.65625,327910.8854166667
DC-PPO strict 1+5,6784000,6.784,329371.9375,329071.4791666667
DC-PPO strict 1+5,6835200,6.8352,329044.84375,328808.75
DC-PPO strict 1+5,6886400,6.8864,328009.46875,328114.28125
DC-PPO strict 1+5,6937600,6.9376,327288.53125,328212.8958333333
DC-PPO strict 1+5,6988800,6.9888,329340.6875,328149.9791666667
DC-PPO strict 1+5,7040000,7.04,327820.71875,328868.1770833333
DC-PPO strict 1+5,7091200,7.0912,329443.125,327503.9375
DC-PPO strict 1+5,7142400,7.1424,325247.96875,326637.6041666667
DC-PPO strict 1+5,7193600,7.1936,325221.71875,324250.7708333333
DC-PPO strict 1+5,7244800,7.2448,322282.625,325335.5833333333
DC-PPO strict 1+5,7296000,7.296,328502.40625,325925.1458333333
DC-PPO strict 1+5,7347200,7.3472,326990.40625,328761.0520833333
DC-PPO strict 1+5,7398400,7.3984,330790.34375,330615.2708333333
DC-PPO strict 1+5,7449600,7.4496,334065.0625,331972.6979166667
DC-PPO strict 1+5,7500800,7.5008,331062.6875,332895.34375
DC-PPO strict 1+5,7552000,7.552,333558.28125,334999.1979166667
DC-PPO strict 1+5,7603200,7.6032,340376.625,338225.90625
DC-PPO strict 1+5,7654400,7.6544,340742.8125,340536.9583333333
DC-PPO strict 1+5,7705600,7.7056,340491.4375,338112.3645833333
DC-PPO strict 1+5,7756800,7.7568,333102.84375,338832.34375
DC-PPO strict 1+5,7808000,7.808,342902.75,339375.3020833333
DC-PPO strict 1+5,7859200,7.8592,342120.3125,341383.5520833333
DC-PPO strict 1+5,7910400,7.9104,339127.59375,340577.6354166667
DC-PPO strict 1+5,7961600,7.9616,340485.0,339740.96875
DC-PPO strict 1+5,8012800,8.0128,339610.3125,338595.8854166667
DC-PPO strict 1+5,8064000,8.064,335692.34375,337946.7083333333
DC-PPO strict 1+5,8115200,8.1152,338537.46875,338407.0729166667
DC-PPO strict 1+5,8166400,8.1664,340991.40625,339435.8958333333
DC-PPO strict 1+5,8217600,8.2176,338778.8125,338942.5625
DC-PPO strict 1+5,8268800,8.2688,337057.46875,337722.6145833333
DC-PPO strict 1+5,8320000,8.32,337331.5625,337689.4166666667
DC-PPO strict 1+5,8371200,8.3712,338679.21875,342053.8541666667
DC-PPO strict 1+5,8422400,8.4224,350150.78125,340962.0729166667
DC-PPO strict 1+5,8473600,8.4736,334056.21875,341730.9166666667
DC-PPO strict 1+5,8524800,8.5248,340985.75,339862.7291666667
DC-PPO strict 1+5,8576000,8.576,344546.21875,342827.1145833333
DC-PPO strict 1+5,8627200,8.6272,342949.375,344868.5104166667
DC-PPO strict 1+5,8678400,8.6784,347109.9375,344902.84375
DC-PPO strict 1+5,8729600,8.7296,344649.21875,347588.1875
DC-PPO strict 1+5,8780800,8.7808,351005.40625,347448.34375
DC-PPO strict 1+5,8832000,8.832,346690.40625,348487.9895833333
DC-PPO strict 1+5,8883200,8.8832,347768.15625,347688.4895833333
DC-PPO strict 1+5,8934400,8.9344,348606.90625,350993.3333333333
DC-PPO strict 1+5,8985600,8.9856,356604.9375,352885.1354166667
DC-PPO strict 1+5,9036800,9.0368,353443.5625,353054.4791666667
DC-PPO strict 1+5,9088000,9.088,349114.9375,352393.5520833333
DC-PPO strict 1+5,9139200,9.1392,354622.15625,350944.7708333333
DC-PPO strict 1+5,9190400,9.1904,349097.21875,353015.5520833333
DC-PPO strict 1+5,9241600,9.2416,355327.28125,354331.90625
DC-PPO strict 1+5,9292800,9.2928,358571.21875,356952.625
DC-PPO strict 1+5,9344000,9.344,356959.375,357090.7291666667
DC-PPO strict 1+5,9395200,9.3952,355741.59375,356839.9583333333
DC-PPO strict 1+5,9446400,9.4464,357818.90625,359763.3020833333
DC-PPO strict 1+5,9497600,9.4976,365729.40625,359643.8958333333
DC-PPO strict 1+5,9548800,9.5488,355383.375,358259.5625
DC-PPO strict 1+5,9600000,9.6,353665.90625,354538.0833333333
DC-PPO strict 1+5,9651200,9.6512,354564.96875,355576.2395833333
DC-PPO strict 1+5,9702400,9.7024,358497.84375,357472.1354166667
DC-PPO strict 1+5,9753600,9.7536,359353.59375,358063.15625
DC-PPO strict 1+5,9804800,9.8048,356338.03125,357938.6875
DC-PPO strict 1+5,9856000,9.856,358124.4375,356607.3958333333
DC-PPO strict 1+5,9907200,9.9072,355359.71875,357882.03125
DC-PPO strict 1+5,9958400,9.9584,360161.9375,355633.3020833333
DC-PPO strict 1+5,10009600,10.0096,351378.25,354017.5833333333
DC-PPO strict 1+5,10060800,10.0608,350512.5625,352180.0
DC-PPO strict 1+5,10112000,10.112,354649.1875,354920.7395833333
DC-PPO strict 1+5,10163200,10.1632,359600.46875,356448.8125
DC-PPO strict 1+5,10214400,10.2144,355096.78125,357941.9479166667
DC-PPO strict 1+5,10265600,10.2656,359128.59375,358012.1458333333
DC-PPO strict 1+5,10316800,10.3168,359811.0625,359717.8854166667
DC-PPO strict 1+5,10368000,10.368,360214.0,358199.1458333333
DC-PPO strict 1+5,10419200,10.4192,354572.375,356434.71875
DC-PPO strict 1+5,10470400,10.4704,354517.78125,353905.7395833333
DC-PPO strict 1+5,10521600,10.5216,352627.0625,352877.2083333333
DC-PPO strict 1+5,10572800,10.5728,351486.78125,354308.0208333333
DC-PPO strict 1+5,10624000,10.624,358810.21875,356952.6354166667
DC-PPO strict 1+5,10675200,10.6752,360560.90625,358413.5416666667
DC-PPO strict 1+5,10726400,10.7264,355869.5,357882.6354166667
DC-PPO strict 1+5,10777600,10.7776,357217.5,356243.8125
DC-PPO strict 1+5,10828800,10.8288,355644.4375,354697.4791666667
DC-PPO strict 1+5,10880000,10.88,351230.5,355420.28125
DC-PPO strict 1+5,10931200,10.9312,359385.90625,354710.8125
DC-PPO strict 1+5,10982400,10.9824,353516.03125,357382.1979166667
DC-PPO strict 1+5,11033600,11.0336,359244.65625,357389.2708333333
DC-PPO strict 1+5,11084800,11.0848,359407.125,361698.4166666667
DC-PPO strict 1+5,11136000,11.136,366443.46875,363197.9270833333
DC-PPO strict 1+5,11187200,11.1872,363743.1875,365212.6354166667
DC-PPO strict 1+5,11238400,11.2384,365451.25,364565.1770833333
DC-PPO strict 1+5,11289600,11.2896,364501.09375,364734.8645833333
DC-PPO strict 1+5,11340800,11.3408,364252.25,366007.9166666667
DC-PPO strict 1+5,11392000,11.392,369270.40625,368685.4583333333
DC-PPO strict 1+5,11443200,11.4432,372533.71875,370689.6875
DC-PPO strict 1+5,11494400,11.4944,370264.9375,370790.2395833333
DC-PPO strict 1+5,11545600,11.5456,369572.0625,369120.0208333333
DC-PPO strict 1+5,11596800,11.5968,367523.0625,368289.8125
DC-PPO strict 1+5,11648000,11.648,367774.3125,369020.21875
DC-PPO strict 1+5,11699200,11.6992,371763.28125,369745.59375
DC-PPO strict 1+5,11750400,11.7504,369699.1875,367313.53125
DC-PPO strict 1+5,11801600,11.8016,360478.125,365700.6458333333
DC-PPO strict 1+5,11852800,11.8528,366924.625,364062.65625
DC-PPO strict 1+5,11904000,11.904,364785.21875,365559.1979166667
DC-PPO strict 1+5,11955200,11.9552,364967.75,365014.3854166667
DC-PPO strict 1+5,12006400,12.0064,365290.1875,365749.8333333333
DC-PPO strict 1+5,12057600,12.0576,366991.5625,367659.8333333333
DC-PPO strict 1+5,12108800,12.1088,370697.75,370822.5729166667
DC-PPO strict 1+5,12160000,12.16,374778.40625,372906.0833333333
DC-PPO strict 1+5,12211200,12.2112,373242.09375,372350.7604166667
DC-PPO strict 1+5,12262400,12.2624,369031.78125,371630.8333333333
DC-PPO strict 1+5,12313600,12.3136,372618.625,369648.9479166667
DC-PPO strict 1+5,12364800,12.3648,367296.4375,368832.4895833333
DC-PPO strict 1+5,12416000,12.416,366582.40625,367078.9791666667
DC-PPO strict 1+5,12467200,12.4672,367358.09375,367930.2083333333
DC-PPO strict 1+5,12518400,12.5184,369850.125,367670.8958333333
DC-PPO strict 1+5,12569600,12.5696,365804.46875,367696.5104166667
DC-PPO strict 1+5,12620800,12.6208,367434.9375,369053.3645833333
DC-PPO strict 1+5,12672000,12.672,373920.6875,371293.375
DC-PPO strict 1+5,12723200,12.7232,372524.5,372579.2291666667
DC-PPO strict 1+5,12774400,12.7744,371292.5,371140.5104166667
DC-PPO strict 1+5,12825600,12.8256,369604.53125,370161.9895833333
DC-PPO strict 1+5,12876800,12.8768,369588.9375,370289.90625
DC-PPO strict 1+5,12928000,12.928,371676.25,370147.4791666667
DC-PPO strict 1+5,12979200,12.9792,369177.25,371026.15625
DC-PPO strict 1+5,13030400,13.0304,372224.96875,372138.0104166667
DC-PPO strict 1+5,13081600,13.0816,375011.8125,372993.8020833333
DC-PPO strict 1+5,13132800,13.1328,371744.625,374262.1354166667
DC-PPO strict 1+5,13184000,13.184,376029.96875,373340.8333333333
DC-PPO strict 1+5,13235200,13.2352,372247.90625,373523.78125
DC-PPO strict 1+5,13286400,13.2864,372293.46875,371187.59375
DC-PPO strict 1+5,13337600,13.3376,369021.40625,371904.6458333333
DC-PPO strict 1+5,13388800,13.3888,374399.0625,372233.4270833333
DC-PPO strict 1+5,13440000,13.44,373279.8125,373437.15625
DC-PPO strict 1+5,13491200,13.4912,372632.59375,375039.1041666667
DC-PPO strict 1+5,13542400,13.5424,379204.90625,375888.1770833333
DC-PPO strict 1+5,13593600,13.5936,375827.03125,376168.3958333333
DC-PPO strict 1+5,13644800,13.6448,373473.25,374982.7395833333
DC-PPO strict 1+5,13696000,13.696,375647.9375,375401.8541666667
DC-PPO strict 1+5,13747200,13.7472,377084.375,377645.3020833333
DC-PPO strict 1+5,13798400,13.7984,380203.59375,380069.59375
DC-PPO strict 1+5,13849600,13.8496,382920.8125,382078.3333333333
DC-PPO strict 1+5,13900800,13.9008,383110.59375,382947.0
DC-PPO strict 1+5,13952000,13.952,382809.59375,381192.7291666667
DC-PPO strict 1+5,14003200,14.0032,377658.0,379780.8020833333
DC-PPO strict 1+5,14054400,14.0544,378874.8125,377887.5208333333
DC-PPO strict 1+5,14105600,14.1056,377129.75,377678.2708333333
DC-PPO strict 1+5,14156800,14.1568,377030.25,376196.2291666667
DC-PPO strict 1+5,14208000,14.208,374428.6875,376249.25
DC-PPO strict 1+5,14259200,14.2592,377288.8125,378202.65625
DC-PPO strict 1+5,14310400,14.3104,382890.46875,380517.7291666667
DC-PPO strict 1+5,14361600,14.3616,381373.90625,382060.46875
DC-PPO strict 1+5,14412800,14.4128,381917.03125,381709.9895833333
DC-PPO strict 1+5,14464000,14.464,381839.03125,381930.09375
DC-PPO strict 1+5,14515200,14.5152,382034.21875,380807.4166666667
DC-PPO strict 1+5,14566400,14.5664,378549.0,381646.3333333333
DC-PPO strict 1+5,14617600,14.6176,384355.78125,381790.0416666667
DC-PPO strict 1+5,14668800,14.6688,382465.34375,381947.28125
DC-PPO strict 1+5,14720000,14.72,379020.71875,379825.7395833333
DC-PPO strict 1+5,14771200,14.7712,377991.15625,378971.03125
DC-PPO strict 1+5,14822400,14.8224,379901.21875,378752.3645833333
DC-PPO strict 1+5,14873600,14.8736,378364.71875,377223.3645833333
DC-PPO strict 1+5,14924800,14.9248,373404.15625,376907.3125
DC-PPO strict 1+5,14976000,14.976,378953.0625,376855.5
DC-PPO strict 1+5,15027200,15.0272,378209.28125,378596.7395833333
DC-PPO strict 1+5,15078400,15.0784,378627.875,378538.8020833333
DC-PPO strict 1+5,15129600,15.1296,378779.25,379030.625
DC-PPO strict 1+5,15180800,15.1808,379684.75,381414.3229166667
DC-PPO strict 1+5,15232000,15.232,385778.96875,382621.84375
DC-PPO strict 1+5,15283200,15.2832,382401.8125,384121.7604166667
DC-PPO strict 1+5,15334400,15.3344,384184.5,382475.7083333333
DC-PPO strict 1+5,15385600,15.3856,380840.8125,382009.5520833333
DC-PPO strict 1+5,15436800,15.4368,381003.34375,381660.4479166667
DC-PPO strict 1+5,15488000,15.488,383137.1875,382057.09375
DC-PPO strict 1+5,15539200,15.5392,382030.75,379716.8125
DC-PPO strict 1+5,15590400,15.5904,373982.5,377430.3333333333
DC-PPO strict 1+5,15641600,15.6416,376277.75,375849.4895833333
DC-PPO strict 1+5,15692800,15.6928,377288.21875,376998.9583333333
DC-PPO strict 1+5,15744000,15.744,377430.90625,377136.1145833333
DC-PPO strict 1+5,15795200,15.7952,376689.21875,377075.46875
DC-PPO strict 1+5,15846400,15.8464,377106.28125,377740.1145833333
DC-PPO strict 1+5,15897600,15.8976,379424.84375,379246.1770833333
DC-PPO strict 1+5,15948800,15.9488,381207.40625,379344.6666666667
DC-PPO strict 1+5,16000000,16.0,377401.75,380255.4270833333
DC-PPO strict 1+5,16051200,16.0512,382157.125,380053.6666666667
DC-PPO strict 1+5,16102400,16.1024,380602.125,381063.1145833333
DC-PPO strict 1+5,16153600,16.1536,380430.09375,379464.09375
DC-PPO strict 1+5,16204800,16.2048,377360.0625,380509.7708333333
DC-PPO strict 1+5,16256000,16.256,383739.15625,383776.28125
DC-PPO strict 1+5,16307200,16.3072,390229.625,386686.2604166667
DC-PPO strict 1+5,16358400,16.3584,386090.0,387137.8645833333
DC-PPO strict 1+5,16409600,16.4096,385093.96875,385176.5625
DC-PPO strict 1+5,16460800,16.4608,384345.71875,387074.40625
DC-PPO strict 1+5,16512000,16.512,391783.53125,386738.1458333333
DC-PPO strict 1+5,16563200,16.5632,384085.1875,385784.9166666667
DC-PPO strict 1+5,16614400,16.6144,381486.03125,383176.25
DC-PPO strict 1+5,16665600,16.6656,383957.53125,380910.3125
DC-PPO strict 1+5,16716800,16.7168,377287.375,381830.1875
DC-PPO strict 1+5,16768000,16.768,384245.65625,382026.4270833333
DC-PPO strict 1+5,16819200,16.8192,384546.25,387445.03125
DC-PPO strict 1+5,16870400,16.8704,393543.1875,390125.0104166667
DC-PPO strict 1+5,16921600,16.9216,392285.59375,391826.8541666667
DC-PPO strict 1+5,16972800,16.9728,389651.78125,390501.75
DC-PPO strict 1+5,17024000,17.024,389567.875,389583.0729166667
DC-PPO strict 1+5,17075200,17.0752,389529.5625,390737.15625
DC-PPO strict 1+5,17126400,17.1264,393114.03125,390895.8854166667
DC-PPO strict 1+5,17177600,17.1776,390044.0625,391528.6458333333
DC-PPO strict 1+5,17228800,17.2288,391427.84375,392289.3333333333
DC-PPO strict 1+5,17280000,17.28,395396.09375,393456.8854166667
DC-PPO strict 1+5,17331200,17.3312,393546.71875,394217.3645833333
DC-PPO strict 1+5,17382400,17.3824,393709.28125,394899.2708333333
DC-PPO strict 1+5,17433600,17.4336,397441.8125,394053.78125
DC-PPO strict 1+5,17484800,17.4848,391010.25,392384.53125
DC-PPO strict 1+5,17536000,17.536,388701.53125,391290.1875
DC-PPO strict 1+5,17587200,17.5872,394158.78125,393278.34375
DC-PPO strict 1+5,17638400,17.6384,396974.71875,394607.9895833333
DC-PPO strict 1+5,17689600,17.6896,392690.46875,394285.1458333333
DC-PPO strict 1+5,17740800,17.7408,393190.25,392544.9583333333
DC-PPO strict 1+5,17792000,17.792,391754.15625,391315.7395833333
DC-PPO strict 1+5,17843200,17.8432,389002.8125,389855.8125
DC-PPO strict 1+5,17894400,17.8944,388810.46875,389425.9166666667
DC-PPO strict 1+5,17945600,17.9456,390464.46875,389096.3541666667
DC-PPO strict 1+5,17996800,17.9968,388014.125,388776.4791666667
DC-PPO strict 1+5,18048000,18.048,387850.84375,386288.6458333333
DC-PPO strict 1+5,18099200,18.0992,383000.96875,385464.2083333333
DC-PPO strict 1+5,18150400,18.1504,385540.8125,383708.90625
DC-PPO strict 1+5,18201600,18.2016,382584.9375,385907.9270833333
DC-PPO strict 1+5,18252800,18.2528,389598.03125,386511.5104166667
DC-PPO strict 1+5,18304000,18.304,387351.5625,387395.21875
DC-PPO strict 1+5,18355200,18.3552,385236.0625,387896.5416666667
DC-PPO strict 1+5,18406400,18.4064,391102.0,389082.3020833333
DC-PPO strict 1+5,18457600,18.4576,390908.84375,390587.5833333333
DC-PPO strict 1+5,18508800,18.5088,389751.90625,390765.90625
DC-PPO strict 1+5,18560000,18.56,391636.96875,391823.1145833333
DC-PPO strict 1+5,18611200,18.6112,394080.46875,392604.3229166667
DC-PPO strict 1+5,18662400,18.6624,392095.53125,392424.78125
DC-PPO strict 1+5,18713600,18.7136,391098.34375,392299.7916666667
DC-PPO strict 1+5,18764800,18.7648,393705.5,394480.3958333333
DC-PPO strict 1+5,18816000,18.816,398637.34375,396195.1979166667
DC-PPO strict 1+5,18867200,18.8672,396242.75,397555.0104166667
DC-PPO strict 1+5,18918400,18.9184,397784.9375,394544.5104166667
DC-PPO strict 1+5,18969600,18.9696,389605.84375,393116.4270833333
DC-PPO strict 1+5,19020800,19.0208,391958.5,390963.15625
DC-PPO strict 1+5,19072000,19.072,391325.125,390572.6354166667
DC-PPO strict 1+5,19123200,19.1232,388434.28125,390776.0208333333
DC-PPO strict 1+5,19174400,19.1744,392568.65625,390499.3125
DC-PPO strict 1+5,19225600,19.2256,390495.0,392057.9895833333
DC-PPO strict 1+5,19276800,19.2768,393110.3125,392693.2916666667
DC-PPO strict 1+5,19328000,19.328,394474.5625,393465.1354166667
DC-PPO strict 1+5,19379200,19.3792,392810.53125,394160.5
DC-PPO strict 1+5,19430400,19.4304,395196.40625,393124.90625
DC-PPO strict 1+5,19481600,19.4816,391367.78125,393855.6666666667
DC-PPO strict 1+5,19532800,19.5328,395002.8125,392393.0625
DC-PPO strict 1+5,19584000,19.584,390808.59375,392688.1354166667
DC-PPO strict 1+5,19635200,19.6352,392253.0,392065.3854166667
DC-PPO strict 1+5,19686400,19.6864,393134.5625,393273.375
DC-PPO strict 1+5,19737600,19.7376,394432.5625,393675.2604166667
DC-PPO strict 1+5,19788800,19.7888,393458.65625,394115.2604166667
DC-PPO strict 1+5,19840000,19.84,394454.5625,393991.3541666667
DC-PPO strict 1+5,19891200,19.8912,394060.84375,394750.0729166667
DC-PPO strict 1+5,19942400,19.9424,395734.8125,394932.8854166667
DC-PPO strict 1+5,19993600,19.9936,395003.0,394597.3645833333
DC-PPO strict 1+5,20044800,20.0448,393054.28125,394498.0416666667
DC-PPO strict 1+5,20096000,20.096,395436.84375,395568.53125
DC-PPO strict 1+5,20147200,20.1472,398214.46875,395057.4270833333
DC-PPO strict 1+5,20198400,20.1984,391520.96875,394865.2083333333
DC-PPO strict 1+5,20249600,20.2496,394860.1875,394105.5104166667
DC-PPO strict 1+5,20300800,20.3008,395935.375,395291.7916666667
DC-PPO strict 1+5,20352000,20.352,395079.8125,396167.59375
DC-PPO strict 1+5,20403200,20.4032,397487.59375,396817.6145833333
DC-PPO strict 1+5,20454400,20.4544,397885.4375,398042.7291666667
DC-PPO strict 1+5,20505600,20.5056,398755.15625,399107.0520833333
DC-PPO strict 1+5,20556800,20.5568,400680.5625,400277.46875
DC-PPO strict 1+5,20608000,20.608,401396.6875,400333.46875
DC-PPO strict 1+5,20659200,20.6592,398923.15625,401453.6458333333
DC-PPO strict 1+5,20710400,20.7104,404041.09375,399868.2083333333
DC-PPO strict 1+5,20761600,20.7616,396640.375,399898.0208333333
DC-PPO strict 1+5,20812800,20.8128,399012.59375,399222.5833333333
DC-PPO strict 1+5,20864000,20.864,402014.78125,399710.25
DC-PPO strict 1+5,20915200,20.9152,398103.375,398569.5625
DC-PPO strict 1+5,20966400,20.9664,395590.53125,396382.4583333333
DC-PPO strict 1+5,21017600,21.0176,395453.46875,397221.5104166667
DC-PPO strict 1+5,21068800,21.0688,400620.53125,399280.7916666667
DC-PPO strict 1+5,21120000,21.12,401768.375,399870.3333333333
DC-PPO strict 1+5,21171200,21.1712,397222.09375,399492.2708333333
DC-PPO strict 1+5,21222400,21.2224,399486.34375,398352.9791666667
DC-PPO strict 1+5,21273600,21.2736,398350.5,398893.03125
DC-PPO strict 1+5,21324800,21.3248,398842.25,396911.9375
DC-PPO strict 1+5,21376000,21.376,393543.0625,395408.0416666667
DC-PPO strict 1+5,21427200,21.4272,393838.8125,394514.5416666667
DC-PPO strict 1+5,21478400,21.4784,396161.75,396517.6875
DC-PPO strict 1+5,21529600,21.5296,399552.5,397937.46875
DC-PPO strict 1+5,21580800,21.5808,398098.15625,399417.90625
DC-PPO strict 1+5,21632000,21.632,400603.0625,399605.9583333333
DC-PPO strict 1+5,21683200,21.6832,400116.65625,400213.2604166667
DC-PPO strict 1+5,21734400,21.7344,399920.0625,400900.7604166667
DC-PPO strict 1+5,21785600,21.7856,402665.5625,401952.8854166667
DC-PPO strict 1+5,21836800,21.8368,403273.03125,404008.0104166667
DC-PPO strict 1+5,21888000,21.888,406085.4375,403603.8854166667
DC-PPO strict 1+5,21939200,21.9392,401453.1875,401394.8125
DC-PPO strict 1+5,21990400,21.9904,396645.8125,399950.9479166667
DC-PPO strict 1+5,22041600,22.0416,401753.84375,400219.8645833333
DC-PPO strict 1+5,22092800,22.0928,402259.9375,401735.2708333333
DC-PPO strict 1+5,22144000,22.144,401192.03125,400120.8333333333
DC-PPO strict 1+5,22195200,22.1952,396910.53125,398741.4479166667
DC-PPO strict 1+5,22246400,22.2464,398121.78125,397916.75
DC-PPO strict 1+5,22297600,22.2976,398717.9375,399064.3333333333
DC-PPO strict 1+5,22348800,22.3488,400353.28125,399089.6666666667
DC-PPO strict 1+5,22400000,22.4,398197.78125,398066.2395833333
DC-PPO strict 1+5,22451200,22.4512,395647.65625,396887.6354166667
DC-PPO strict 1+5,22502400,22.5024,396817.46875,396568.40625
DC-PPO strict 1+5,22553600,22.5536,397240.09375,396517.2083333333
DC-PPO strict 1+5,22604800,22.6048,395494.0625,398298.9375
DC-PPO strict 1+5,22656000,22.656,402162.65625,398014.7604166667
DC-PPO strict 1+5,22707200,22.7072,396387.5625,399707.9270833333
DC-PPO strict 1+5,22758400,22.7584,400573.5625,398622.5833333333
DC-PPO strict 1+5,22809600,22.8096,398906.625,399793.0104166667
DC-PPO strict 1+5,22860800,22.8608,399898.84375,398534.6041666667
DC-PPO strict 1+5,22912000,22.912,396798.34375,399423.1770833333
DC-PPO strict 1+5,22963200,22.9632,401572.34375,399699.5208333333
DC-PPO strict 1+5,23014400,23.0144,400727.875,401606.8854166667
DC-PPO strict 1+5,23065600,23.0656,402520.4375,401828.3020833333
DC-PPO strict 1+5,23116800,23.1168,402236.59375,401511.96875
DC-PPO strict 1+5,23168000,23.168,399778.875,400825.0833333333
DC-PPO strict 1+5,23219200,23.2192,400459.78125,400323.2708333333
DC-PPO strict 1+5,23270400,23.2704,400731.15625,399900.15625
DC-PPO strict 1+5,23321600,23.3216,398509.53125,398532.0833333333
DC-PPO strict 1+5,23372800,23.3728,396355.5625,396913.1979166667
DC-PPO strict 1+5,23424000,23.424,395874.5,396950.4895833333
DC-PPO strict 1+5,23475200,23.4752,398621.40625,398316.8020833333
DC-PPO strict 1+5,23526400,23.5264,400454.5,398248.1979166667
DC-PPO strict 1+5,23577600,23.5776,395668.6875,398240.0104166667
DC-PPO strict 1+5,23628800,23.6288,398596.84375,396930.6354166667
DC-PPO strict 1+5,23680000,23.68,396526.375,398807.0
DC-PPO strict 1+5,23731200,23.7312,401297.78125,399731.4479166667
DC-PPO strict 1+5,23782400,23.7824,401370.1875,402084.8541666667
DC-PPO strict 1+5,23833600,23.8336,403586.59375,402473.0208333333
DC-PPO strict 1+5,23884800,23.8848,402462.28125,403265.9583333333
DC-PPO strict 1+5,23936000,23.936,403749.0,403502.7291666667
DC-PPO strict 1+5,23987200,23.9872,404296.90625,403896.0625
DC-PPO strict 1+5,24038400,24.0384,403642.28125,402849.3020833333
DC-PPO strict 1+5,24089600,24.0896,400608.71875,401088.46875
DC-PPO strict 1+5,24140800,24.1408,399014.40625,399868.5208333333
DC-PPO strict 1+5,24192000,24.192,399982.4375,399056.1770833333
DC-PPO strict 1+5,24243200,24.2432,398171.6875,401136.4583333333
DC-PPO strict 1+5,24294400,24.2944,405255.25,402260.2708333333
DC-PPO strict 1+5,24345600,24.3456,403353.875,403841.8229166667
DC-PPO strict 1+5,24396800,24.3968,402916.34375,403127.6875
DC-PPO strict 1+5,24448000,24.448,403112.84375,403674.5416666667
DC-PPO strict 1+5,24499200,24.4992,404994.4375,404601.6666666667
DC-PPO strict 1+5,24550400,24.5504,405697.71875,404899.6458333333
DC-PPO strict 1+5,24601600,24.6016,404006.78125,404099.8333333333
DC-PPO strict 1+5,24652800,24.6528,402595.0,401709.2708333333
DC-PPO strict 1+5,24704000,24.704,398526.03125,398784.4375
DC-PPO strict 1+5,24755200,24.7552,395232.28125,397801.0
DC-PPO strict 1+5,24806400,24.8064,399644.6875,397476.1354166667
DC-PPO strict 1+5,24857600,24.8576,397551.4375,398823.3854166667
DC-PPO strict 1+5,24908800,24.9088,399274.03125,397390.3333333333
DC-PPO strict 1+5,24960000,24.96,395345.53125,397138.03125
DC-PPO strict 1+5,25011200,25.0112,396794.53125,396579.1875
DC-PPO strict 1+5,25062400,25.0624,397597.5,397162.875
DC-PPO strict 1+5,25113600,25.1136,397096.59375,396684.4375
DC-PPO strict 1+5,25164800,25.1648,395359.21875,395882.9583333333
DC-PPO strict 1+5,25216000,25.216,395193.0625,395881.4583333333
DC-PPO strict 1+5,25267200,25.2672,397092.09375,395491.2708333333
DC-PPO strict 1+5,25318400,25.3184,394188.65625,395285.7604166667
DC-PPO strict 1+5,25369600,25.3696,394576.53125,394756.53125
DC-PPO strict 1+5,25420800,25.4208,395504.40625,397069.6458333333
DC-PPO strict 1+5,25472000,25.472,401128.0,398820.0625
DC-PPO strict 1+5,25523200,25.5232,399827.78125,400020.4479166667
DC-PPO strict 1+5,25574400,25.5744,399105.5625,399268.4479166667
DC-PPO strict 1+5,25625600,25.6256,398872.0,399118.34375
DC-PPO strict 1+5,25676800,25.6768,399377.46875,398062.75
DC-PPO strict 1+5,25728000,25.728,395938.78125,398015.1666666667
DC-PPO strict 1+5,25779200,25.7792,398729.25,398943.21875
DC-PPO strict 1+5,25830400,25.8304,402161.625,400186.3333333333
DC-PPO strict 1+5,25881600,25.8816,399668.125,400630.90625
DC-PPO strict 1+5,25932800,25.9328,400062.96875,401455.3229166667
DC-PPO strict 1+5,25984000,25.984,404634.875,403428.8645833333
DC-PPO strict 1+5,26035200,26.0352,405588.75,404441.5
DC-PPO strict 1+5,26086400,26.0864,403100.875,403525.03125
DC-PPO strict 1+5,26137600,26.1376,401885.46875,401959.3229166667
DC-PPO strict 1+5,26188800,26.1888,400891.625,401307.65625
DC-PPO strict 1+5,26240000,26.24,401145.875,402535.25
DC-PPO strict 1+5,26291200,26.2912,405568.25,403726.28125
DC-PPO strict 1+5,26342400,26.3424,404464.71875,404936.9583333333
DC-PPO strict 1+5,26393600,26.3936,404777.90625,404711.65625
DC-PPO strict 1+5,26444800,26.4448,404892.34375,405069.9166666667
DC-PPO strict 1+5,26496000,26.496,405539.5,405798.6875
DC-PPO strict 1+5,26547200,26.5472,406964.21875,406606.8541666667
DC-PPO strict 1+5,26598400,26.5984,407316.84375,407476.1458333333
DC-PPO strict 1+5,26649600,26.6496,408147.375,407550.4479166667
DC-PPO strict 1+5,26700800,26.7008,407187.125,407616.3333333333
DC-PPO strict 1+5,26752000,26.752,407514.5,407048.5625
DC-PPO strict 1+5,26803200,26.8032,406444.0625,406606.03125
DC-PPO strict 1+5,26854400,26.8544,405859.53125,405956.03125
DC-PPO strict 1+5,26905600,26.9056,405564.5,404800.3854166667
DC-PPO strict 1+5,26956800,26.9568,402977.125,405393.3333333333
DC-PPO strict 1+5,27008000,27.008,407638.375,405491.4375
DC-PPO strict 1+5,27059200,27.0592,405858.8125,406236.0416666667
DC-PPO strict 1+5,27110400,27.1104,405210.9375,406166.5520833333
DC-PPO strict 1+5,27161600,27.1616,407429.90625,406346.9270833333
DC-PPO strict 1+5,27212800,27.2128,406399.9375,405661.25
DC-PPO strict 1+5,27264000,27.264,403153.90625,405685.2708333333
DC-PPO strict 1+5,27315200,27.3152,407501.96875,405375.2916666667
DC-PPO strict 1+5,27366400,27.3664,405470.0,406152.21875
DC-PPO strict 1+5,27417600,27.4176,405484.6875,405051.7708333333
DC-PPO strict 1+5,27468800,27.4688,404200.625,405346.0208333333
DC-PPO strict 1+5,27520000,27.52,406352.75,406602.0104166667
DC-PPO strict 1+5,27571200,27.5712,409252.65625,408142.71875
DC-PPO strict 1+5,27622400,27.6224,408822.75,408243.9375
DC-PPO strict 1+5,27673600,27.6736,406656.40625,406890.7083333333
DC-PPO strict 1+5,27724800,27.7248,405192.96875,406627.9375
DC-PPO strict 1+5,27776000,27.776,408034.4375,407599.1145833333
DC-PPO strict 1+5,27827200,27.8272,409569.9375,409356.7916666667
DC-PPO strict 1+5,27878400,27.8784,410466.0,409991.71875
DC-PPO strict 1+5,27929600,27.9296,409939.21875,409694.53125
DC-PPO strict 1+5,27980800,27.9808,408678.375,409232.7395833333
DC-PPO strict 1+5,28032000,28.032,409080.625,408785.46875
DC-PPO strict 1+5,28083200,28.0832,408597.40625,408379.4583333333
DC-PPO strict 1+5,28134400,28.1344,407460.34375,408007.5
DC-PPO strict 1+5,28185600,28.1856,407964.75,407112.15625
DC-PPO strict 1+5,28236800,28.2368,405911.375,408541.8645833333
DC-PPO strict 1+5,28288000,28.288,411749.46875,408305.4375
DC-PPO strict 1+5,28339200,28.3392,407255.46875,408763.125
DC-PPO strict 1+5,28390400,28.3904,407284.4375,406627.21875
DC-PPO strict 1+5,28441600,28.4416,405341.75,405605.4791666667
DC-PPO strict 1+5,28492800,28.4928,404190.25,404063.1666666667
DC-PPO strict 1+5,28544000,28.544,402657.5,402472.3645833333
DC-PPO strict 1+5,28595200,28.5952,400569.34375,399223.9791666667
DC-PPO strict 1+5,28646400,28.6464,394445.09375,397934.28125
DC-PPO strict 1+5,28697600,28.6976,398788.40625,397252.8333333333
DC-PPO strict 1+5,28748800,28.7488,398525.0,397819.375
DC-PPO strict 1+5,28800000,28.8,396144.71875,397579.34375
DC-PPO strict 1+5,28851200,28.8512,398068.3125,397789.1354166667
DC-PPO strict 1+5,28902400,28.9024,399154.375,398307.9270833333
DC-PPO strict 1+5,28953600,28.9536,397701.09375,399314.4895833333
DC-PPO strict 1+5,29004800,29.0048,401088.0,399616.7708333333
DC-PPO strict 1+5,29056000,29.056,400061.21875,401134.3541666667
DC-PPO strict 1+5,29107200,29.1072,402253.84375,401637.3958333333
DC-PPO strict 1+5,29158400,29.1584,402597.125,401800.4583333333
DC-PPO strict 1+5,29209600,29.2096,400550.40625,401075.6875
DC-PPO strict 1+5,29260800,29.2608,400079.53125,399822.5625
DC-PPO strict 1+5,29312000,29.312,398837.75,400430.46875
DC-PPO strict 1+5,29363200,29.3632,402374.125,401054.1354166667
DC-PPO strict 1+5,29414400,29.4144,401950.53125,402135.3541666667
DC-PPO strict 1+5,29465600,29.4656,402081.40625,401665.9270833333
DC-PPO strict 1+5,29516800,29.5168,400965.84375,401378.5
DC-PPO strict 1+5,29568000,29.568,401088.25,401565.4583333333
DC-PPO strict 1+5,29619200,29.6192,402642.28125,401826.7604166667
DC-PPO strict 1+5,29670400,29.6704,401749.75,402450.1770833333
DC-PPO strict 1+5,29721600,29.7216,402958.5,402574.8333333333
DC-PPO strict 1+5,29772800,29.7728,403016.25,402258.8229166667
DC-PPO strict 1+5,29824000,29.824,400801.71875,403073.875
DC-PPO strict 1+5,29875200,29.8752,405403.65625,403723.6666666667
DC-PPO strict 1+5,29926400,29.9264,404965.625,405877.2916666667
DC-PPO strict 1+5,29977600,29.9776,407262.59375,406137.625
DC-PPO strict 1+5,30028800,30.0288,406184.65625,405748.6979166667
DC-PPO strict 1+5,30080000,30.08,403798.84375,405586.625
DC-PPO strict 1+5,30131200,30.1312,406776.375,406414.6145833333
DC-PPO strict 1+5,30182400,30.1824,408668.625,407215.7291666667
DC-PPO strict 1+5,30233600,30.2336,406202.1875,407337.4166666667
DC-PPO strict 1+5,30284800,30.2848,407141.4375,406111.2708333333
DC-PPO strict 1+5,30336000,30.336,404990.1875,405718.7708333333
DC-PPO strict 1+5,30387200,30.3872,405024.6875,407513.71875
DC-PPO strict 1+5,30438400,30.4384,412526.28125,410109.75
DC-PPO strict 1+5,30489600,30.4896,412778.28125,413352.3958333333
DC-PPO strict 1+5,30540800,30.5408,414752.625,414072.8333333333
DC-PPO strict 1+5,30592000,30.592,414687.59375,413717.5625
DC-PPO strict 1+5,30643200,30.6432,411712.46875,413014.78125
DC-PPO strict 1+5,30694400,30.6944,412644.28125,412708.21875
DC-PPO strict 1+5,30745600,30.7456,413767.90625,414157.4166666667
DC-PPO strict 1+5,30796800,30.7968,416060.0625,415446.125
DC-PPO strict 1+5,30848000,30.848,416510.40625,416045.8958333333
DC-PPO strict 1+5,30899200,30.8992,415567.21875,415579.1666666667
DC-PPO strict 1+5,30950400,30.9504,414659.875,416491.4895833333
DC-PPO strict 1+5,31001600,31.0016,419247.375,417566.125
DC-PPO strict 1+5,31052800,31.0528,418791.125,418917.6770833333
DC-PPO strict 1+5,31104000,31.104,418714.53125,419125.2916666667
DC-PPO strict 1+5,31155200,31.1552,419870.21875,420165.65625
DC-PPO strict 1+5,31206400,31.2064,421912.21875,420211.25
DC-PPO strict 1+5,31257600,31.2576,418851.3125,420269.9375
DC-PPO strict 1+5,31308800,31.3088,420046.28125,419395.3229166667
DC-PPO strict 1+5,31360000,31.36,419288.375,419056.0
DC-PPO strict 1+5,31411200,31.4112,417833.34375,416925.2916666667
DC-PPO strict 1+5,31462400,31.4624,413654.15625,415288.0729166667
DC-PPO strict 1+5,31513600,31.5136,414376.71875,413830.9791666667
DC-PPO strict 1+5,31564800,31.5648,413462.0625,413143.9583333333
DC-PPO strict 1+5,31616000,31.616,411593.09375,412648.8541666667
DC-PPO strict 1+5,31667200,31.6672,412891.40625,412463.2395833333
DC-PPO strict 1+5,31718400,31.7184,412905.21875,412658.0
DC-PPO strict 1+5,31769600,31.7696,412177.375,412610.2604166667
DC-PPO strict 1+5,31820800,31.8208,412748.1875,412940.1875
DC-PPO strict 1+5,31872000,31.872,413895.0,413741.0729166667
DC-PPO strict 1+5,31923200,31.9232,414580.03125,415120.8333333333
DC-PPO strict 1+5,31974400,31.9744,416887.46875,415115.21875
DC-PPO strict 1+5,32025600,32.0256,413878.15625,415832.46875
DC-PPO strict 1+5,32076800,32.0768,416731.78125,415187.84375
DC-PPO strict 1+5,32128000,32.128,414953.59375,415605.75
DC-PPO strict 1+5,32179200,32.1792,415131.875,414170.15625
DC-PPO strict 1+5,32230400,32.2304,412425.0,415069.6458333333
DC-PPO strict 1+5,32281600,32.2816,417652.0625,415098.4166666667
DC-PPO strict 1+5,32332800,32.3328,415218.1875,415756.7395833333
DC-PPO strict 1+5,32384000,32.384,414399.96875,414533.3333333333
DC-PPO strict 1+5,32435200,32.4352,413981.84375,414174.2916666667
DC-PPO strict 1+5,32486400,32.4864,414141.0625,414677.4479166667
DC-PPO strict 1+5,32537600,32.5376,415909.4375,415005.6875
DC-PPO strict 1+5,32588800,32.5888,414966.5625,415970.2604166667
DC-PPO strict 1+5,32640000,32.64,417034.78125,417431.5416666667
DC-PPO strict 1+5,32691200,32.6912,420293.28125,418023.8958333333
DC-PPO strict 1+5,32742400,32.7424,416743.625,418917.5729166667
DC-PPO strict 1+5,32793600,32.7936,419715.8125,418974.53125
DC-PPO strict 1+5,32844800,32.8448,420464.15625,420470.4791666667
DC-PPO strict 1+5,32896000,32.896,421231.46875,419641.0833333333
DC-PPO strict 1+5,32947200,32.9472,417227.625,419342.75
DC-PPO strict 1+5,32998400,32.9984,419569.15625,418181.5833333333
DC-PPO strict 1+5,33049600,33.0496,417747.96875,418542.40625
DC-PPO strict 1+5,33100800,33.1008,418310.09375,418038.4375
DC-PPO strict 1+5,33152000,33.152,418057.25,418589.7083333333
DC-PPO strict 1+5,33203200,33.2032,419401.78125,419634.75
DC-PPO strict 1+5,33254400,33.2544,421445.21875,419905.9479166667
DC-PPO strict 1+5,33305600,33.3056,418870.84375,419489.8645833333
DC-PPO strict 1+5,33356800,33.3568,418153.53125,418071.25
DC-PPO strict 1+5,33408000,33.408,417189.375,418329.7916666667
DC-PPO strict 1+5,33459200,33.4592,419646.46875,420490.625
DC-PPO strict 1+5,33510400,33.5104,424636.03125,422940.0833333333
DC-PPO strict 1+5,33561600,33.5616,424537.75,423860.2395833333
DC-PPO strict 1+5,33612800,33.6128,422406.9375,422141.5
DC-PPO strict 1+5,33664000,33.664,419479.8125,421664.0833333333
DC-PPO strict 1+5,33715200,33.7152,423105.5,421701.53125
DC-PPO strict 1+5,33766400,33.7664,422519.28125,422796.5208333333
DC-PPO strict 1+5,33817600,33.8176,422764.78125,422917.875
DC-PPO strict 1+5,33868800,33.8688,423469.5625,423365.75
DC-PPO strict 1+5,33920000,33.92,423862.90625,423959.53125
DC-PPO strict 1+5,33971200,33.9712,424546.125,424184.90625
DC-PPO strict 1+5,34022400,34.0224,424145.6875,424503.9166666667
DC-PPO strict 1+5,34073600,34.0736,424819.9375,424308.2395833333
DC-PPO strict 1+5,34124800,34.1248,423959.09375,423916.5833333333
DC-PPO strict 1+5,34176000,34.176,422970.71875,423025.4166666667
DC-PPO strict 1+5,34227200,34.2272,422146.4375,423173.4895833333
DC-PPO strict 1+5,34278400,34.2784,424403.3125,423082.3958333333
DC-PPO strict 1+5,34329600,34.3296,422697.4375,423081.2395833333
DC-PPO strict 1+5,34380800,34.3808,422142.96875,421117.8229166667
DC-PPO strict 1+5,34432000,34.432,418513.0625,420386.1979166667
DC-PPO strict 1+5,34483200,34.4832,420502.5625,419425.1666666667
DC-PPO strict 1+5,34534400,34.5344,419259.875,418938.0625
DC-PPO strict 1+5,34585600,34.5856,417051.75,418607.9895833333
DC-PPO strict 1+5,34636800,34.6368,419512.34375,418618.78125
DC-PPO strict 1+5,34688000,34.688,419292.25,419521.5416666667
DC-PPO strict 1+5,34739200,34.7392,419760.03125,419267.3229166667
DC-PPO strict 1+5,34790400,34.7904,418749.6875,419655.1875
DC-PPO strict 1+5,34841600,34.8416,420455.84375,419403.5729166667
DC-PPO strict 1+5,34892800,34.8928,419005.1875,418356.40625
DC-PPO strict 1+5,34944000,34.944,415608.1875,417522.3125
DC-PPO strict 1+5,34995200,34.9952,417953.5625,416013.6979166667
DC-PPO strict 1+5,35046400,35.0464,414479.34375,416510.0416666667
DC-PPO strict 1+5,35097600,35.0976,417097.21875,415582.5
DC-PPO strict 1+5,35148800,35.1488,415170.9375,416926.9583333333
DC-PPO strict 1+5,35200000,35.2,418512.71875,417231.3333333333
DC-PPO strict 1+5,35251200,35.2512,418010.34375,418046.4583333333
DC-PPO strict 1+5,35302400,35.3024,417616.3125,418554.1354166667
DC-PPO strict 1+5,35353600,35.3536,420035.75,418779.8125
DC-PPO strict 1+5,35404800,35.4048,418687.375,419882.8229166667
DC-PPO strict 1+5,35456000,35.456,420925.34375,420374.3958333333
DC-PPO strict 1+5,35507200,35.5072,421510.46875,421773.1041666667
DC-PPO strict 1+5,35558400,35.5584,422883.5,421602.5625
DC-PPO strict 1+5,35609600,35.6096,420413.71875,422571.625
DC-PPO strict 1+5,35660800,35.6608,424417.65625,422526.4270833333
DC-PPO strict 1+5,35712000,35.712,422747.90625,423111.875
DC-PPO strict 1+5,35763200,35.7632,422170.0625,421852.375
DC-PPO strict 1+5,35814400,35.8144,420639.15625,421307.4895833333
DC-PPO strict 1+5,35865600,35.8656,421113.25,421369.46875
DC-PPO strict 1+5,35916800,35.9168,422356.0,421488.5833333333
DC-PPO strict 1+5,35968000,35.968,420996.5,422059.2708333333
DC-PPO strict 1+5,36019200,36.0192,422825.3125,421871.28125
DC-PPO strict 1+5,36070400,36.0704,421792.03125,422428.3854166667
DC-PPO strict 1+5,36121600,36.1216,422667.8125,424062.5520833333
DC-PPO strict 1+5,36172800,36.1728,427727.8125,426343.3229166667
DC-PPO strict 1+5,36224000,36.224,428634.34375,429001.2083333333
DC-PPO strict 1+5,36275200,36.2752,430641.46875,428684.5833333333
DC-PPO strict 1+5,36326400,36.3264,426777.9375,428421.53125
DC-PPO strict 1+5,36377600,36.3776,427845.1875,426757.9583333333
DC-PPO strict 1+5,36428800,36.4288,425650.75,426047.5208333333
DC-PPO strict 1+5,36480000,36.48,424646.625,425864.4583333333
DC-PPO strict 1+5,36531200,36.5312,427296.0,425218.3125
DC-PPO strict 1+5,36582400,36.5824,423712.3125,425326.09375
DC-PPO strict 1+5,36633600,36.6336,424969.96875,424094.0208333333
DC-PPO strict 1+5,36684800,36.6848,423599.78125,424352.8854166667
DC-PPO strict 1+5,36736000,36.736,424488.90625,423927.90625
DC-PPO strict 1+5,36787200,36.7872,423695.03125,423500.2395833333
DC-PPO strict 1+5,36838400,36.8384,422316.78125,423118.3333333333
DC-PPO strict 1+5,36889600,36.8896,423343.1875,423655.0104166667
DC-PPO strict 1+5,36940800,36.9408,425305.0625,423106.3333333333
DC-PPO strict 1+5,36992000,36.992,420670.75,423425.6666666667
DC-PPO strict 1+5,37043200,37.0432,424301.1875,422635.875
DC-PPO strict 1+5,37094400,37.0944,422935.6875,423728.65625
DC-PPO strict 1+5,37145600,37.1456,423949.09375,423394.9583333333
DC-PPO strict 1+5,37196800,37.1968,423300.09375,424076.3645833333
DC-PPO strict 1+5,37248000,37.248,424979.90625,424111.9583333333
DC-PPO strict 1+5,37299200,37.2992,424055.875,424072.7916666667
DC-PPO strict 1+5,37350400,37.3504,423182.59375,424934.5625
DC-PPO strict 1+5,37401600,37.4016,427565.21875,426723.6145833333
DC-PPO strict 1+5,37452800,37.4528,429423.03125,429404.4479166667
DC-PPO strict 1+5,37504000,37.504,431225.09375,430866.5625
DC-PPO strict 1+5,37555200,37.5552,431951.5625,431422.09375
DC-PPO strict 1+5,37606400,37.6064,431089.625,431388.6770833333
DC-PPO strict 1+5,37657600,37.6576,431124.84375,430729.625
DC-PPO strict 1+5,37708800,37.7088,429974.40625,431700.7708333333
DC-PPO strict 1+5,37760000,37.76,434003.0625,432165.8229166667
DC-PPO strict 1+5,37811200,37.8112,432520.0,433539.6979166667
DC-PPO strict 1+5,37862400,37.8624,434096.03125,433460.3229166667
DC-PPO strict 1+5,37913600,37.9136,433764.9375,434208.7604166667
DC-PPO strict 1+5,37964800,37.9648,434765.3125,433612.125
DC-PPO strict 1+5,38016000,38.016,432306.125,432656.875
DC-PPO strict 1+5,38067200,38.0672,430899.1875,432327.7083333333
DC-PPO strict 1+5,38118400,38.1184,433777.8125,432630.2916666667
DC-PPO strict 1+5,38169600,38.1696,433213.875,432792.1770833333
DC-PPO strict 1+5,38220800,38.2208,431384.84375,432197.125
DC-PPO strict 1+5,38272000,38.272,431992.65625,431013.375
DC-PPO strict 1+5,38323200,38.3232,429662.625,430367.6354166667
DC-PPO strict 1+5,38374400,38.3744,429447.625,430141.8229166667
DC-PPO strict 1+5,38425600,38.4256,431315.21875,430361.25
DC-PPO strict 1+5,38476800,38.4768,430320.90625,430483.1979166667
DC-PPO strict 1+5,38528000,38.528,429813.46875,429956.1770833333
DC-PPO strict 1+5,38579200,38.5792,429734.15625,430395.4895833333
DC-PPO strict 1+5,38630400,38.6304,431638.84375,430852.6354166667
DC-PPO strict 1+5,38681600,38.6816,431184.90625,431904.1666666667
DC-PPO strict 1+5,38732800,38.7328,432888.75,432595.15625
DC-PPO strict 1+5,38784000,38.784,433711.8125,434053.1145833333
DC-PPO strict 1+5,38835200,38.8352,435558.78125,434306.59375
DC-PPO strict 1+5,38886400,38.8864,433649.1875,435569.3958333333
DC-PPO strict 1+5,38937600,38.9376,437500.21875,435558.9583333333
DC-PPO strict 1+5,38988800,38.9888,435527.46875,435554.0520833333
DC-PPO strict 1+5,39040000,39.04,433634.46875,433149.125
DC-PPO strict 1+5,39091200,39.0912,430285.4375,431847.9479166667
DC-PPO strict 1+5,39142400,39.1424,431623.9375,430653.9166666667
DC-PPO strict 1+5,39193600,39.1936,430052.375,429739.8854166667
DC-PPO strict 1+5,39244800,39.2448,427543.34375,428626.34375
DC-PPO strict 1+5,39296000,39.296,428283.3125,428927.3229166667
DC-PPO strict 1+5,39347200,39.3472,430955.3125,430686.6458333333
DC-PPO strict 1+5,39398400,39.3984,432821.3125,432087.6458333333
DC-PPO strict 1+5,39449600,39.4496,432486.3125,432967.71875
DC-PPO strict 1+5,39500800,39.5008,433595.53125,433705.1354166667
DC-PPO strict 1+5,39552000,39.552,435033.5625,433954.7708333333
DC-PPO strict 1+5,39603200,39.6032,433235.21875,433467.9479166667
DC-PPO strict 1+5,39654400,39.6544,432135.0625,433888.5104166667
DC-PPO strict 1+5,39705600,39.7056,436295.25,435073.5625
DC-PPO strict 1+5,39756800,39.7568,436790.375,436248.8854166667
DC-PPO strict 1+5,39808000,39.808,435661.03125,436425.6875
DC-PPO strict 1+5,39859200,39.8592,436825.65625,437280.4270833333
DC-PPO strict 1+5,39910400,39.9104,439354.59375,438189.25
DC-PPO strict 1+5,39961600,39.9616,438387.5,437808.90625
DC-PPO strict 1+5,40012800,40.0128,435684.625,436372.25
DC-PPO strict 1+5,40064000,40.064,435044.625,435585.4479166667
DC-PPO strict 1+5,40115200,40.1152,436027.09375,434155.0
DC-PPO strict 1+5,40166400,40.1664,431393.28125,433039.21875
DC-PPO strict 1+5,40217600,40.2176,431697.28125,431726.6979166667
DC-PPO strict 1+5,40268800,40.2688,432089.53125,431413.3333333333
DC-PPO strict 1+5,40320000,40.32,430453.1875,431341.34375
DC-PPO strict 1+5,40371200,40.3712,431481.3125,430821.8958333333
DC-PPO strict 1+5,40422400,40.4224,430531.1875,432022.1979166667
DC-PPO strict 1+5,40473600,40.4736,434054.09375,433341.84375
DC-PPO strict 1+5,40524800,40.5248,435440.25,434085.78125
DC-PPO strict 1+5,40576000,40.576,432763.0,433912.7395833333
DC-PPO strict 1+5,40627200,40.6272,433534.96875,432637.875
DC-PPO strict 1+5,40678400,40.6784,431615.65625,432066.3958333333
DC-PPO strict 1+5,40729600,40.7296,431048.5625,431590.4375
DC-PPO strict 1+5,40780800,40.7808,432107.09375,430960.4166666667
DC-PPO strict 1+5,40832000,40.832,429725.59375,431193.0208333333
DC-PPO strict 1+5,40883200,40.8832,431746.375,431335.90625
DC-PPO strict 1+5,40934400,40.9344,432535.75,431672.8958333333
DC-PPO strict 1+5,40985600,40.9856,430736.5625,430699.2395833333
DC-PPO strict 1+5,41036800,41.0368,428825.40625,429427.9270833333
DC-PPO strict 1+5,41088000,41.088,428721.8125,428978.1458333333
DC-PPO strict 1+5,41139200,41.1392,429387.21875,429363.53125
DC-PPO strict 1+5,41190400,41.1904,429981.5625,428694.1666666667
DC-PPO strict 1+5,41241600,41.2416,426713.71875,428634.7291666667
DC-PPO strict 1+5,41292800,41.2928,429208.90625,428635.0416666667
DC-PPO strict 1+5,41344000,41.344,429982.5,428345.28125
DC-PPO strict 1+5,41395200,41.3952,425844.4375,427672.28125
DC-PPO strict 1+5,41446400,41.4464,427189.90625,427079.5104166667
DC-PPO strict 1+5,41497600,41.4976,428204.1875,427540.9479166667
DC-PPO strict 1+5,41548800,41.5488,427228.75,427935.3541666667
DC-PPO strict 1+5,41600000,41.6,428373.125,428906.5833333333
DC-PPO strict 1+5,41651200,41.6512,431117.875,430226.8958333333
DC-PPO strict 1+5,41702400,41.7024,431189.6875,430942.40625
DC-PPO strict 1+5,41753600,41.7536,430519.65625,430755.9479166667
DC-PPO strict 1+5,41804800,41.8048,430558.5,430582.7916666667
DC-PPO strict 1+5,41856000,41.856,430670.21875,431032.9166666667
DC-PPO strict 1+5,41907200,41.9072,431870.03125,432119.0208333333
DC-PPO strict 1+5,41958400,41.9584,433816.8125,432453.3125
DC-PPO strict 1+5,42009600,42.0096,431673.09375,432801.2083333333
DC-PPO strict 1+5,42060800,42.0608,432913.71875,431760.84375
DC-PPO strict 1+5,42112000,42.112,430695.71875,432720.2916666667
DC-PPO strict 1+5,42163200,42.1632,434551.4375,433178.34375
DC-PPO strict 1+5,42214400,42.2144,434287.875,434423.1666666667
DC-PPO strict 1+5,42265600,42.2656,434430.1875,433816.9895833333
DC-PPO strict 1+5,42316800,42.3168,432732.90625,433232.9166666667
DC-PPO strict 1+5,42368000,42.368,432535.65625,433542.0520833333
DC-PPO strict 1+5,42419200,42.4192,435357.59375,433305.90625
DC-PPO strict 1+5,42470400,42.4704,432024.46875,433674.78125
DC-PPO strict 1+5,42521600,42.5216,433642.28125,432435.71875
DC-PPO strict 1+5,42572800,42.5728,431640.40625,433510.4166666667
DC-PPO strict 1+5,42624000,42.624,435248.5625,433271.0208333333
DC-PPO strict 1+5,42675200,42.6752,432924.09375,433525.3020833333
DC-PPO strict 1+5,42726400,42.7264,432403.25,431808.1979166667
DC-PPO strict 1+5,42777600,42.7776,430097.25,430832.46875
DC-PPO strict 1+5,42828800,42.8288,429996.90625,430078.28125
DC-PPO strict 1+5,42880000,42.88,430140.6875,429653.9895833333
DC-PPO strict 1+5,42931200,42.9312,428824.375,430203.1666666667
DC-PPO strict 1+5,42982400,42.9824,431644.4375,430722.71875
DC-PPO strict 1+5,43033600,43.0336,431699.34375,431784.5
DC-PPO strict 1+5,43084800,43.0848,432009.71875,432669.3020833333
DC-PPO strict 1+5,43136000,43.136,434298.84375,433580.8645833333
DC-PPO strict 1+5,43187200,43.1872,434434.03125,435078.8541666667
DC-PPO strict 1+5,43238400,43.2384,436503.6875,436063.0833333333
DC-PPO strict 1+5,43289600,43.2896,437251.53125,436387.3125
DC-PPO strict 1+5,43340800,43.3408,435406.71875,436646.15625
DC-PPO strict 1+5,43392000,43.392,437280.21875,436567.8958333333
DC-PPO strict 1+5,43443200,43.4432,437016.75,436936.7604166667
DC-PPO strict 1+5,43494400,43.4944,436513.3125,437481.1875
DC-PPO strict 1+5,43545600,43.5456,438913.5,437401.03125
DC-PPO strict 1+5,43596800,43.5968,436776.28125,437542.8125
DC-PPO strict 1+5,43648000,43.648,436938.65625,437261.34375
DC-PPO strict 1+5,43699200,43.6992,438069.09375,436714.6979166667
DC-PPO strict 1+5,43750400,43.7504,435136.34375,435121.2708333333
DC-PPO strict 1+5,43801600,43.8016,432158.375,433043.3645833333
DC-PPO strict 1+5,43852800,43.8528,431835.375,433033.0520833333
DC-PPO strict 1+5,43904000,43.904,435105.40625,434782.1979166667
DC-PPO strict 1+5,43955200,43.9552,437405.8125,435978.40625
DC-PPO strict 1+5,44006400,44.0064,435424.0,435924.3229166667
DC-PPO strict 1+5,44057600,44.0576,434943.15625,435451.53125
DC-PPO strict 1+5,44108800,44.1088,435987.4375,435421.5625
DC-PPO strict 1+5,44160000,44.16,435334.09375,437231.5416666667
DC-PPO strict 1+5,44211200,44.2112,440373.09375,439223.875
DC-PPO strict 1+5,44262400,44.2624,441964.4375,441118.5729166667
DC-PPO strict 1+5,44313600,44.3136,441018.1875,440628.6041666667
DC-PPO strict 1+5,44364800,44.3648,438903.1875,439268.3125
DC-PPO strict 1+5,44416000,44.416,437883.5625,437758.7708333333
DC-PPO strict 1+5,44467200,44.4672,436489.5625,438053.9895833333
DC-PPO strict 1+5,44518400,44.5184,439788.84375,438727.78125
DC-PPO strict 1+5,44569600,44.5696,439904.9375,440702.7604166667
DC-PPO strict 1+5,44620800,44.6208,442414.5,441039.0104166667
DC-PPO strict 1+5,44672000,44.672,440797.59375,441117.3333333333
DC-PPO strict 1+5,44723200,44.7232,440139.90625,440115.90625
DC-PPO strict 1+5,44774400,44.7744,439410.21875,438964.625
DC-PPO strict 1+5,44825600,44.8256,437343.75,437968.6458333333
DC-PPO strict 1+5,44876800,44.8768,437151.96875,437845.8229166667
DC-PPO strict 1+5,44928000,44.928,439041.75,437935.84375
DC-PPO strict 1+5,44979200,44.9792,437613.8125,438918.0625
DC-PPO strict 1+5,45030400,45.0304,440098.625,438769.2916666667
DC-PPO strict 1+5,45081600,45.0816,438595.4375,439654.6770833333
DC-PPO strict 1+5,45132800,45.1328,440269.96875,439295.1354166667
DC-PPO strict 1+5,45184000,45.184,439020.0,438940.5520833333
DC-PPO strict 1+5,45235200,45.2352,437531.6875,437775.1875
DC-PPO strict 1+5,45286400,45.2864,436773.875,436728.625
DC-PPO strict 1+5,45337600,45.3376,435880.3125,436543.7708333333
DC-PPO strict 1+5,45388800,45.3888,436977.125,436405.6458333333
DC-PPO strict 1+5,45440000,45.44,436359.5,435091.5208333333
DC-PPO strict 1+5,45491200,45.4912,431937.9375,434311.75
DC-PPO strict 1+5,45542400,45.5424,434637.8125,433143.53125
DC-PPO strict 1+5,45593600,45.5936,432854.84375,433924.7604166667
DC-PPO strict 1+5,45644800,45.6448,434281.625,433388.0104166667
DC-PPO strict 1+5,45696000,45.696,433027.5625,433838.3020833333
DC-PPO strict 1+5,45747200,45.7472,434205.71875,433080.2708333333
DC-PPO strict 1+5,45798400,45.7984,432007.53125,432068.9583333333
DC-PPO strict 1+5,45849600,45.8496,429993.625,430777.53125
DC-PPO strict 1+5,45900800,45.9008,430331.4375,430013.90625
DC-PPO strict 1+5,45952000,45.952,429716.65625,430932.96875
DC-PPO strict 1+5,46003200,46.0032,432750.8125,430497.1145833333
DC-PPO strict 1+5,46054400,46.0544,429023.875,431026.0416666667
DC-PPO strict 1+5,46105600,46.1056,431303.4375,431148.5833333333
DC-PPO strict 1+5,46156800,46.1568,433118.4375,433467.7395833333
DC-PPO strict 1+5,46208000,46.208,435981.34375,434178.8333333333
DC-PPO strict 1+5,46259200,46.2592,433436.71875,434240.96875
DC-PPO strict 1+5,46310400,46.3104,433304.84375,433721.3958333333
DC-PPO strict 1+5,46361600,46.3616,434422.625,433845.6875
DC-PPO strict 1+5,46412800,46.4128,433809.59375,433193.34375
DC-PPO strict 1+5,46464000,46.464,431347.8125,432700.0833333333
DC-PPO strict 1+5,46515200,46.5152,432942.84375,431420.5416666667
DC-PPO strict 1+5,46566400,46.5664,429970.96875,431276.4583333333
DC-PPO strict 1+5,46617600,46.6176,430915.5625,432103.4791666667
DC-PPO strict 1+5,46668800,46.6688,435423.90625,433194.8229166667
DC-PPO strict 1+5,46720000,46.72,433245.0,433681.46875
DC-PPO strict 1+5,46771200,46.7712,432375.5,432055.75
DC-PPO strict 1+5,46822400,46.8224,430546.75,430290.78125
DC-PPO strict 1+5,46873600,46.8736,427950.09375,429197.0104166667
DC-PPO strict 1+5,46924800,46.9248,429094.1875,427831.2604166667
DC-PPO strict 1+5,46976000,46.976,426449.5,428094.3958333333
DC-PPO strict 1+5,47027200,47.0272,428739.5,428191.625
DC-PPO strict 1+5,47078400,47.0784,429385.875,429049.2395833333
DC-PPO strict 1+5,47129600,47.1296,429022.34375,430781.09375
DC-PPO strict 1+5,47180800,47.1808,433935.0625,431744.2708333333
DC-PPO strict 1+5,47232000,47.232,432275.40625,433764.09375
DC-PPO strict 1+5,47283200,47.2832,435081.8125,434648.2708333333
DC-PPO strict 1+5,47334400,47.3344,436587.59375,436021.1354166667
DC-PPO strict 1+5,47385600,47.3856,436394.0,436349.1979166667
DC-PPO strict 1+5,47436800,47.4368,436066.0,435681.03125
DC-PPO strict 1+5,47488000,47.488,434583.09375,434739.3125
DC-PPO strict 1+5,47539200,47.5392,433568.84375,433838.4270833333
DC-PPO strict 1+5,47590400,47.5904,433363.34375,432626.6041666667
DC-PPO strict 1+5,47641600,47.6416,430947.625,431265.4375
DC-PPO strict 1+5,47692800,47.6928,429485.34375,430475.2916666667
DC-PPO strict 1+5,47744000,47.744,430992.90625,430564.3854166667
DC-PPO strict 1+5,47795200,47.7952,431214.90625,432246.2395833333
DC-PPO strict 1+5,47846400,47.8464,434530.90625,432468.625
DC-PPO strict 1+5,47897600,47.8976,431660.0625,433714.1666666667
DC-PPO strict 1+5,47948800,47.9488,434951.53125,433865.5104166667
DC-PPO strict 1+5,48000000,48.0,434984.9375,434411.40625
DC-PPO strict 1+5,48051200,48.0512,433297.75,434415.0833333333
DC-PPO strict 1+5,48102400,48.1024,434962.5625,435144.78125
DC-PPO strict 1+5,48153600,48.1536,437174.03125,435564.40625
DC-PPO strict 1+5,48204800,48.2048,434556.625,436150.75
DC-PPO strict 1+5,48256000,48.256,436721.59375,436600.2916666667
DC-PPO strict 1+5,48307200,48.3072,438522.65625,437620.6458333333
DC-PPO strict 1+5,48358400,48.3584,437617.6875,438966.65625
DC-PPO strict 1+5,48409600,48.4096,440759.625,439720.1041666667
DC-PPO strict 1+5,48460800,48.4608,440783.0,441113.1979166667
DC-PPO strict 1+5,48512000,48.512,441796.96875,439714.2083333333
DC-PPO strict 1+5,48563200,48.5632,436562.65625,438403.8854166667
DC-PPO strict 1+5,48614400,48.6144,436852.03125,435331.1458333333
DC-PPO strict 1+5,48665600,48.6656,432578.75,433848.25
DC-PPO strict 1+5,48716800,48.7168,432113.96875,432356.9791666667
DC-PPO strict 1+5,48768000,48.768,432378.21875,431997.7708333333
DC-PPO strict 1+5,48819200,48.8192,431501.125,432447.3854166667
DC-PPO strict 1+5,48870400,48.8704,433462.8125,432105.0208333333
DC-PPO strict 1+5,48921600,48.9216,431351.125,432266.0104166667
DC-PPO strict 1+5,48972800,48.9728,431984.09375,431793.1145833333
DC-PPO strict 1+5,49024000,49.024,432044.125,431782.5104166667
DC-PPO strict 1+5,49075200,49.0752,431319.3125,431404.1145833333
DC-PPO strict 1+5,49126400,49.1264,430848.90625,431901.3229166667
DC-PPO strict 1+5,49177600,49.1776,433535.75,432675.6979166667
DC-PPO strict 1+5,49228800,49.2288,433642.4375,434210.9895833333
DC-PPO strict 1+5,49280000,49.28,435454.78125,435486.5520833333
DC-PPO strict 1+5,49331200,49.3312,437362.4375,435936.1145833333
DC-PPO strict 1+5,49382400,49.3824,434991.125,435271.71875
DC-PPO strict 1+5,49433600,49.4336,433461.59375,434902.5208333333
DC-PPO strict 1+5,49484800,49.4848,436254.84375,435992.71875
DC-PPO strict 1+5,49536000,49.536,438261.71875,436888.59375
DC-PPO strict 1+5,49587200,49.5872,436149.21875,437456.6041666667
DC-PPO strict 1+5,49638400,49.6384,437958.875,437104.46875
DC-PPO strict 1+5,49689600,49.6896,437205.3125,437762.1770833333
DC-PPO strict 1+5,49740800,49.7408,438122.34375,438543.28125
DC-PPO strict 1+5,49792000,49.792,440302.1875,439256.84375
DC-PPO strict 1+5,49843200,49.8432,439346.0,438234.1666666667
DC-PPO strict 1+5,49894400,49.8944,435054.3125,436250.3645833333
DC-PPO strict 1+5,49945600,49.9456,434350.78125,434364.21875
DC-PPO strict 1+5,49996800,49.9968,433687.5625,433614.875
DC-PPO strict 1+5,50025600,50.0256,432806.28125,433322.4791666667
DC-PPO strict 1+5,50076800,50.0768,433473.59375,433285.8541666667
DC-PPO strict 1+5,50128000,50.128,433577.6875,432921.0416666667
DC-PPO strict 1+5,50179200,50.1792,431711.84375,432505.8125
DC-PPO strict 1+5,50230400,50.2304,432227.90625,432211.7604166667
DC-PPO strict 1+5,50281600,50.2816,432695.53125,431645.40625
DC-PPO strict 1+5,50332800,50.3328,430012.78125,430288.3125
DC-PPO strict 1+5,50384000,50.384,428156.625,428539.21875
DC-PPO strict 1+5,50435200,50.4352,427448.25,428258.4479166667
DC-PPO strict 1+5,50486400,50.4864,429170.46875,428148.0520833333
DC-PPO strict 1+5,50537600,50.5376,427825.4375,427796.875
DC-PPO strict 1+5,50588800,50.5888,426394.71875,426523.0625
DC-PPO strict 1+5,50640000,50.64,425349.03125,426480.9375
DC-PPO strict 1+5,50691200,50.6912,427699.0625,427370.2916666667
DC-PPO strict 1+5,50742400,50.7424,429062.78125,429537.1354166667
DC-PPO strict 1+5,50793600,50.7936,431849.5625,430461.1770833333
DC-PPO strict 1+5,50844800,50.8448,430471.1875,431889.5729166667
DC-PPO strict 1+5,50896000,50.896,433347.96875,432396.4791666667
DC-PPO strict 1+5,50947200,50.9472,433370.28125,433481.2708333333
DC-PPO strict 1+5,50998400,50.9984,433725.5625,434704.5104166667
DC-PPO strict 1+5,51049600,51.0496,437017.6875,436298.3645833333
DC-PPO strict 1+5,51100800,51.1008,438151.84375,437344.4270833333
DC-PPO strict 1+5,51152000,51.152,436863.75,437454.8854166667
DC-PPO strict 1+5,51203200,51.2032,437349.0625,437122.3958333333
DC-PPO strict 1+5,51254400,51.2544,437154.375,438068.5625
DC-PPO strict 1+5,51305600,51.3056,439702.25,438640.1041666667
DC-PPO strict 1+5,51356800,51.3568,439063.6875,439753.2083333333
DC-PPO strict 1+5,51408000,51.408,440493.6875,439733.9375
DC-PPO strict 1+5,51459200,51.4592,439644.4375,439891.59375
DC-PPO strict 1+5,51510400,51.5104,439536.65625,439984.5
DC-PPO strict 1+5,51561600,51.5616,440772.40625,440647.09375
DC-PPO strict 1+5,51612800,51.6128,441632.21875,441463.3854166667
DC-PPO strict 1+5,51664000,51.664,441985.53125,441971.0208333333
DC-PPO strict 1+5,51715200,51.7152,442295.3125,441312.9479166667
DC-PPO strict 1+5,51766400,51.7664,439658.0,440006.9583333333
DC-PPO strict 1+5,51817600,51.8176,438067.5625,439038.15625
DC-PPO strict 1+5,51868800,51.8688,439388.90625,438141.6354166667
DC-PPO strict 1+5,51920000,51.92,436968.4375,437306.4895833333
DC-PPO strict 1+5,51971200,51.9712,435562.125,437146.21875
DC-PPO strict 1+5,52022400,52.0224,438908.09375,437514.875
DC-PPO strict 1+5,52073600,52.0736,438074.40625,439623.7708333333
DC-PPO strict 1+5,52124800,52.1248,441888.8125,440113.1145833333
DC-PPO strict 1+5,52176000,52.176,440376.125,440944.875
DC-PPO strict 1+5,52227200,52.2272,440569.6875,440745.21875
DC-PPO strict 1+5,52278400,52.2784,441289.84375,441350.90625
DC-PPO strict 1+5,52329600,52.3296,442193.1875,441097.6770833333
DC-PPO strict 1+5,52380800,52.3808,439810.0,440706.4479166667
DC-PPO strict 1+5,52432000,52.432,440116.15625,440301.71875
DC-PPO strict 1+5,52483200,52.4832,440979.0,440337.4166666667
DC-PPO strict 1+5,52534400,52.5344,439917.09375,440531.0729166667
DC-PPO strict 1+5,52585600,52.5856,440697.125,440460.1458333333
DC-PPO strict 1+5,52636800,52.6368,440766.21875,441419.3020833333
DC-PPO strict 1+5,52688000,52.688,442794.5625,440921.03125
DC-PPO strict 1+5,52739200,52.7392,439202.3125,440285.75
DC-PPO strict 1+5,52790400,52.7904,438860.375,438642.5208333333
DC-PPO strict 1+5,52841600,52.8416,437864.875,438708.3854166667
DC-PPO strict 1+5,52892800,52.8928,439399.90625,439184.3854166667
DC-PPO strict 1+5,52944000,52.944,440288.375,439205.2708333333
DC-PPO strict 1+5,52995200,52.9952,437927.53125,439075.5208333333
DC-PPO strict 1+5,53046400,53.0464,439010.65625,439351.4479166667
DC-PPO strict 1+5,53097600,53.0976,441116.15625,439806.21875
DC-PPO strict 1+5,53148800,53.1488,439291.84375,440408.21875
DC-PPO strict 1+5,53200000,53.2,440816.65625,439661.3020833333
DC-PPO strict 1+5,53251200,53.2512,438875.40625,439268.3020833333
DC-PPO strict 1+5,53302400,53.3024,438112.84375,438092.3541666667
DC-PPO strict 1+5,53353600,53.3536,437288.8125,437795.1458333333
DC-PPO strict 1+5,53404800,53.4048,437983.78125,438014.28125
DC-PPO strict 1+5,53456000,53.456,438770.25,438270.8333333333
DC-PPO strict 1+5,53507200,53.5072,438058.46875,437327.2395833333
DC-PPO strict 1+5,53558400,53.5584,435153.0,436600.96875
DC-PPO strict 1+5,53609600,53.6096,436591.4375,436349.1979166667
DC-PPO strict 1+5,53660800,53.6608,437303.15625,436932.2604166667
DC-PPO strict 1+5,53712000,53.712,436902.1875,436428.40625
DC-PPO strict 1+5,53763200,53.7632,435079.875,436798.53125
DC-PPO strict 1+5,53814400,53.8144,438413.53125,437217.90625
DC-PPO strict 1+5,53865600,53.8656,438160.3125,438626.4583333333
DC-PPO strict 1+5,53916800,53.9168,439305.53125,439227.2291666667
DC-PPO strict 1+5,53968000,53.968,440215.84375,439366.8333333333
DC-PPO strict 1+5,54019200,54.0192,438579.125,439778.8958333333
DC-PPO strict 1+5,54070400,54.0704,440541.71875,439438.0104166667
DC-PPO strict 1+5,54121600,54.1216,439193.1875,439534.4479166667
DC-PPO strict 1+5,54172800,54.1728,438868.4375,438409.0520833333
DC-PPO strict 1+5,54224000,54.224,437165.53125,438582.6145833333
DC-PPO strict 1+5,54275200,54.2752,439713.875,438988.25
DC-PPO strict 1+5,54326400,54.3264,440085.34375,440378.2916666667
DC-PPO strict 1+5,54377600,54.3776,441335.65625,442564.0
DC-PPO strict 1+5,54428800,54.4288,446271.0,443702.2083333333
DC-PPO strict 1+5,54480000,54.48,443499.96875,444115.1041666667
DC-PPO strict 1+5,54531200,54.5312,442574.34375,442371.25
DC-PPO strict 1+5,54582400,54.5824,441039.4375,441265.5833333333
DC-PPO strict 1+5,54633600,54.6336,440182.96875,440252.0208333333
DC-PPO strict 1+5,54684800,54.6848,439533.65625,439164.21875
DC-PPO strict 1+5,54736000,54.736,437776.03125,438228.4895833333
DC-PPO strict 1+5,54787200,54.7872,437375.78125,437039.46875
DC-PPO strict 1+5,54838400,54.8384,435966.59375,436448.3333333333
DC-PPO strict 1+5,54889600,54.8896,436002.625,435775.4895833333
DC-PPO strict 1+5,54940800,54.9408,435357.25,435992.59375
DC-PPO strict 1+5,54992000,54.992,436617.90625,435733.4479166667
DC-PPO strict 1+5,55043200,55.0432,435225.1875,436400.46875
DC-PPO strict 1+5,55094400,55.0944,437358.3125,436491.3854166667
DC-PPO strict 1+5,55145600,55.1456,436890.65625,438713.7395833333
DC-PPO strict 1+5,55196800,55.1968,441892.25,441000.9895833333
DC-PPO strict 1+5,55248000,55.248,444220.0625,443619.4270833333
DC-PPO strict 1+5,55299200,55.2992,444745.96875,444657.9166666667
DC-PPO strict 1+5,55350400,55.3504,445007.71875,444442.1979166667
DC-PPO strict 1+5,55401600,55.4016,443572.90625,444418.0416666667
DC-PPO strict 1+5,55452800,55.4528,444673.5,443732.3020833333
DC-PPO strict 1+5,55504000,55.504,442950.5,444242.9583333333
DC-PPO strict 1+5,55555200,55.5552,445104.875,444368.1875
DC-PPO strict 1+5,55606400,55.6064,445049.1875,444923.0
DC-PPO strict 1+5,55657600,55.6576,444614.9375,443896.7604166667
DC-PPO strict 1+5,55708800,55.7088,442026.15625,442783.6666666667
DC-PPO strict 1+5,55760000,55.76,441709.90625,440724.09375
DC-PPO strict 1+5,55811200,55.8112,438436.21875,439046.3125
DC-PPO strict 1+5,55862400,55.8624,436992.8125,438571.1770833333
DC-PPO strict 1+5,55913600,55.9136,440284.5,439233.9270833333
DC-PPO strict 1+5,55964800,55.9648,440424.46875,440061.59375
DC-PPO strict 1+5,56016000,56.016,439475.8125,440044.8958333333
DC-PPO strict 1+5,56067200,56.0672,440234.40625,441712.8541666667
DC-PPO strict 1+5,56118400,56.1184,445428.34375,443395.59375
DC-PPO strict 1+5,56169600,56.1696,444524.03125,445312.0416666667
DC-PPO strict 1+5,56220800,56.2208,445983.75,445859.3958333333
DC-PPO strict 1+5,56272000,56.272,447070.40625,446160.3541666667
DC-PPO strict 1+5,56323200,56.3232,445426.90625,446762.2708333333
DC-PPO strict 1+5,56374400,56.3744,447789.5,446836.5416666667
DC-PPO strict 1+5,56425600,56.4256,447293.21875,447223.375
DC-PPO strict 1+5,56476800,56.4768,446587.40625,448077.5833333333
DC-PPO strict 1+5,56528000,56.528,450352.125,448741.0833333333
DC-PPO strict 1+5,56579200,56.5792,449283.71875,449384.6666666667
DC-PPO strict 1+5,56630400,56.6304,448518.15625,448266.4479166667
DC-PPO strict 1+5,56681600,56.6816,446997.46875,446826.3854166667
DC-PPO strict 1+5,56732800,56.7328,444963.53125,445848.7708333333
DC-PPO strict 1+5,56784000,56.784,445585.3125,446050.5416666667
DC-PPO strict 1+5,56835200,56.8352,447602.78125,447487.46875
DC-PPO strict 1+5,56886400,56.8864,449274.3125,448522.1770833333
DC-PPO strict 1+5,56937600,56.9376,448689.4375,449213.21875
DC-PPO strict 1+5,56988800,56.9888,449675.90625,449085.5729166667
DC-PPO strict 1+5,57040000,57.04,448891.375,448916.0416666667
DC-PPO strict 1+5,57091200,57.0912,448180.84375,448142.0520833333
DC-PPO strict 1+5,57142400,57.1424,447353.9375,448726.5208333333
DC-PPO strict 1+5,57193600,57.1936,450644.78125,449275.2916666667
DC-PPO strict 1+5,57244800,57.2448,449827.15625,450805.0104166667
DC-PPO strict 1+5,57296000,57.296,451943.09375,450462.5625
DC-PPO strict 1+5,57347200,57.3472,449617.4375,450796.7916666667
DC-PPO strict 1+5,57398400,57.3984,450829.84375,449663.5
DC-PPO strict 1+5,57449600,57.4496,448543.21875,449945.5208333333
DC-PPO strict 1+5,57500800,57.5008,450463.5,450173.5520833333
DC-PPO strict 1+5,57552000,57.552,451513.9375,451352.2291666667
DC-PPO strict 1+5,57603200,57.6032,452079.25,451594.4479166667
DC-PPO strict 1+5,57654400,57.6544,451190.15625,451081.875
DC-PPO strict 1+5,57705600,57.7056,449976.21875,450861.78125
DC-PPO strict 1+5,57756800,57.7568,451418.96875,450944.6041666667
DC-PPO strict 1+5,57808000,57.808,451438.625,451121.2708333333
DC-PPO strict 1+5,57859200,57.8592,450506.21875,449577.8125
DC-PPO strict 1+5,57910400,57.9104,446788.59375,448312.2291666667
DC-PPO strict 1+5,57961600,57.9616,447641.875,447481.5729166667
DC-PPO strict 1+5,58012800,58.0128,448014.25,447928.5104166667
DC-PPO strict 1+5,58064000,58.064,448129.40625,449015.6770833333
DC-PPO strict 1+5,58115200,58.1152,450903.375,450372.6979166667
DC-PPO strict 1+5,58166400,58.1664,452085.3125,452122.8125
DC-PPO strict 1+5,58217600,58.2176,453379.75,452774.8645833333
DC-PPO strict 1+5,58268800,58.2688,452859.53125,453024.3958333333
DC-PPO strict 1+5,58320000,58.32,452833.90625,452820.6875
DC-PPO strict 1+5,58371200,58.3712,452768.625,452856.7291666667
DC-PPO strict 1+5,58422400,58.4224,452967.65625,452500.9583333333
DC-PPO strict 1+5,58473600,58.4736,451766.59375,452598.0833333333
DC-PPO strict 1+5,58524800,58.5248,453060.0,452488.1770833333
DC-PPO strict 1+5,58576000,58.576,452637.9375,452762.5208333333
DC-PPO strict 1+5,58627200,58.6272,452589.625,452888.53125
DC-PPO strict 1+5,58678400,58.6784,453438.03125,452256.4166666667
DC-PPO strict 1+5,58729600,58.7296,450741.59375,450617.9791666667
DC-PPO strict 1+5,58780800,58.7808,447674.3125,449138.8958333333
DC-PPO strict 1+5,58832000,58.832,449000.78125,448303.84375
DC-PPO strict 1+5,58883200,58.8832,448236.4375,448480.1979166667
DC-PPO strict 1+5,58934400,58.9344,448203.375,448211.2604166667
DC-PPO strict 1+5,58985600,58.9856,448193.96875,447480.3229166667
DC-PPO strict 1+5,59036800,59.0368,446043.625,446521.28125
DC-PPO strict 1+5,59088000,59.088,445326.25,445771.59375
DC-PPO strict 1+5,59139200,59.1392,445944.90625,446369.6041666667
DC-PPO strict 1+5,59190400,59.1904,447837.65625,447177.2604166667
DC-PPO strict 1+5,59241600,59.2416,447749.21875,448212.0833333333
DC-PPO strict 1+5,59292800,59.2928,449049.375,448431.90625
DC-PPO strict 1+5,59344000,59.344,448497.125,448342.5625
DC-PPO strict 1+5,59395200,59.3952,447481.1875,448466.7395833333
DC-PPO strict 1+5,59446400,59.4464,449421.90625,449047.4895833333
DC-PPO strict 1+5,59497600,59.4976,450239.375,449758.8541666667
DC-PPO strict 1+5,59548800,59.5488,449615.28125,450227.6458333333
DC-PPO strict 1+5,59600000,59.6,450828.28125,450223.46875
DC-PPO strict 1+5,59651200,59.6512,450226.84375,452139.2916666667
DC-PPO strict 1+5,59702400,59.7024,455362.75,452724.5729166667
DC-PPO strict 1+5,59753600,59.7536,452584.125,452752.6770833333
DC-PPO strict 1+5,59804800,59.8048,450311.15625,451673.5833333333
DC-PPO strict 1+5,59856000,59.856,452125.46875,451337.28125
DC-PPO strict 1+5,59907200,59.9072,451575.21875,451907.875
DC-PPO strict 1+5,59958400,59.9584,452022.9375,451643.40625
DC-PPO strict 1+5,60009600,60.0096,451332.0625,451838.3958333333
DC-PPO strict 1+5,60060800,60.0608,452160.1875,451148.6458333333
DC-PPO strict 1+5,60112000,60.112,449953.6875,450654.1770833333
DC-PPO strict 1+5,60163200,60.1632,449848.65625,450496.25
DC-PPO strict 1+5,60214400,60.2144,451686.40625,450776.0208333333
DC-PPO strict 1+5,60265600,60.2656,450793.0,452739.8541666667
DC-PPO strict 1+5,60316800,60.3168,455740.15625,453758.3229166667
DC-PPO strict 1+5,60368000,60.368,454741.8125,454517.5520833333
DC-PPO strict 1+5,60419200,60.4192,453070.6875,453286.9583333333
DC-PPO strict 1+5,60470400,60.4704,452048.375,452004.3541666667
DC-PPO strict 1+5,60521600,60.5216,450894.0,451117.59375
DC-PPO strict 1+5,60572800,60.5728,450410.40625,450707.4375
DC-PPO strict 1+5,60624000,60.624,450817.90625,450919.875
DC-PPO strict 1+5,60675200,60.6752,451531.3125,451970.40625
DC-PPO strict 1+5,60726400,60.7264,453562.0,452848.5416666667
DC-PPO strict 1+5,60777600,60.7776,453452.3125,452958.4270833333
DC-PPO strict 1+5,60828800,60.8288,451860.96875,452466.7291666667
DC-PPO strict 1+5,60880000,60.88,452086.90625,452775.1875
DC-PPO strict 1+5,60931200,60.9312,454377.6875,452235.1979166667
DC-PPO strict 1+5,60982400,60.9824,450241.0,452535.8020833333
DC-PPO strict 1+5,61033600,61.0336,452988.71875,451589.4375
DC-PPO strict 1+5,61084800,61.0848,451538.59375,452829.0416666667
DC-PPO strict 1+5,61136000,61.136,453959.8125,452515.4270833333
DC-PPO strict 1+5,61187200,61.1872,452047.875,454242.3645833333
DC-PPO strict 1+5,61238400,61.2384,456719.40625,455050.9270833333
DC-PPO strict 1+5,61289600,61.2896,456385.5,456212.1041666667
DC-PPO strict 1+5,61340800,61.3408,455531.40625,456034.8125
DC-PPO strict 1+5,61392000,61.392,456187.53125,455636.8541666667
DC-PPO strict 1+5,61443200,61.4432,455191.625,454321.7708333333
DC-PPO strict 1+5,61494400,61.4944,451586.15625,453018.59375
DC-PPO strict 1+5,61545600,61.5456,452278.0,451336.7916666667
DC-PPO strict 1+5,61596800,61.5968,450146.21875,452285.53125
DC-PPO strict 1+5,61648000,61.648,454432.375,453088.5416666667
DC-PPO strict 1+5,61699200,61.6992,454687.03125,452633.09375
DC-PPO strict 1+5,61750400,61.7504,448779.875,452107.7291666667
DC-PPO strict 1+5,61801600,61.8016,452856.28125,451340.0520833333
DC-PPO strict 1+5,61852800,61.8528,452384.0,452334.5729166667
DC-PPO strict 1+5,61904000,61.904,451763.4375,452107.6458333333
DC-PPO strict 1+5,61955200,61.9552,452175.5,451457.3958333333
DC-PPO strict 1+5,62006400,62.0064,450433.25,451292.0729166667
DC-PPO strict 1+5,62057600,62.0576,451267.46875,451919.03125
DC-PPO strict 1+5,62108800,62.1088,454056.375,453221.0833333333
DC-PPO strict 1+5,62160000,62.16,454339.40625,453241.3125
DC-PPO strict 1+5,62211200,62.2112,451328.15625,452850.25
DC-PPO strict 1+5,62262400,62.2624,452883.1875,451711.0520833333
DC-PPO strict 1+5,62313600,62.3136,450921.8125,451262.4895833333
DC-PPO strict 1+5,62364800,62.3648,449982.46875,450057.9479166667
DC-PPO strict 1+5,62416000,62.416,449269.5625,449392.7916666667
DC-PPO strict 1+5,62467200,62.4672,448926.34375,449479.3958333333
DC-PPO strict 1+5,62518400,62.5184,450242.28125,449682.8645833333
DC-PPO strict 1+5,62569600,62.5696,449879.96875,449721.0625
DC-PPO strict 1+5,62620800,62.6208,449040.9375,448936.53125
DC-PPO strict 1+5,62672000,62.672,447888.6875,448933.4479166667
DC-PPO strict 1+5,62723200,62.7232,449870.71875,449330.5833333333
DC-PPO strict 1+5,62774400,62.7744,450232.34375,450660.6875
DC-PPO strict 1+5,62825600,62.8256,451879.0,450640.9895833333
DC-PPO strict 1+5,62876800,62.8768,449811.625,449609.8854166667
DC-PPO strict 1+5,62928000,62.928,447139.03125,448972.7916666667
DC-PPO strict 1+5,62979200,62.9792,449967.71875,449889.4166666667
DC-PPO strict 1+5,63030400,63.0304,452561.5,451729.09375
DC-PPO strict 1+5,63081600,63.0816,452658.0625,451604.5104166667
DC-PPO strict 1+5,63132800,63.1328,449593.96875,451156.5416666667
DC-PPO strict 1+5,63184000,63.184,451217.59375,449924.1145833333
DC-PPO strict 1+5,63235200,63.2352,448960.78125,449847.5833333333
DC-PPO strict 1+5,63286400,63.2864,449364.375,448729.53125
DC-PPO strict 1+5,63337600,63.3376,447863.4375,448952.0416666667
DC-PPO strict 1+5,63388800,63.3888,449628.3125,449361.9479166667
DC-PPO strict 1+5,63440000,63.44,450594.09375,450323.9791666667
DC-PPO strict 1+5,63491200,63.4912,450749.53125,451281.0
DC-PPO strict 1+5,63542400,63.5424,452499.375,452271.0833333333
DC-PPO strict 1+5,63593600,63.5936,453564.34375,452571.6979166667
DC-PPO strict 1+5,63644800,63.6448,451651.375,453274.5416666667
DC-PPO strict 1+5,63696000,63.696,454607.90625,452970.8854166667
DC-PPO strict 1+5,63747200,63.7472,452653.375,452782.90625
DC-PPO strict 1+5,63798400,63.7984,451087.4375,452602.21875
DC-PPO strict 1+5,63849600,63.8496,454065.84375,453622.2291666667
DC-PPO strict 1+5,63900800,63.9008,455713.40625,456347.1875
DC-PPO strict 1+5,63952000,63.952,459262.3125,457881.5
DC-PPO strict 1+5,64003200,64.0032,458668.78125,458849.5
DC-PPO strict 1+5,64054400,64.0544,458617.40625,458721.1458333333
DC-PPO strict 1+5,64105600,64.1056,458877.25,458018.1354166667
DC-PPO strict 1+5,64156800,64.1568,456559.75,457552.5416666667
DC-PPO strict 1+5,64208000,64.208,457220.625,457254.78125
DC-PPO strict 1+5,64259200,64.2592,457983.96875,457793.65625
DC-PPO strict 1+5,64310400,64.3104,458176.375,458821.0729166667
DC-PPO strict 1+5,64361600,64.3616,460302.875,459086.2291666667
DC-PPO strict 1+5,64412800,64.4128,458779.4375,459292.6979166667
DC-PPO strict 1+5,64464000,64.464,458795.78125,459243.5729166667
DC-PPO strict 1+5,64515200,64.5152,460155.5,459614.1458333333
DC-PPO strict 1+5,64566400,64.5664,459891.15625,460730.7395833333
DC-PPO strict 1+5,64617600,64.6176,462145.5625,461580.5
DC-PPO strict 1+5,64668800,64.6688,462704.78125,462885.78125
DC-PPO strict 1+5,64720000,64.72,463807.0,463657.9270833333
DC-PPO strict 1+5,64771200,64.7712,464462.0,464223.875
DC-PPO strict 1+5,64822400,64.8224,464402.625,464818.8020833333
DC-PPO strict 1+5,64873600,64.8736,465591.78125,463916.4375
DC-PPO strict 1+5,64924800,64.9248,461754.90625,463937.1979166667
DC-PPO strict 1+5,64976000,64.976,464464.90625,463608.09375
DC-PPO strict 1+5,65027200,65.0272,464604.46875,464061.3333333333
DC-PPO strict 1+5,65078400,65.0784,463114.625,462677.3541666667
DC-PPO strict 1+5,65129600,65.1296,460312.96875,461783.3229166667
DC-PPO strict 1+5,65180800,65.1808,461922.375,461619.0208333333
DC-PPO strict 1+5,65232000,65.232,462621.71875,462191.3020833333
DC-PPO strict 1+5,65283200,65.2832,462029.8125,461453.2083333333
DC-PPO strict 1+5,65334400,65.3344,459708.09375,460329.6145833333
DC-PPO strict 1+5,65385600,65.3856,459250.9375,460054.7395833333
DC-PPO strict 1+5,65436800,65.4368,461205.1875,460304.0625
DC-PPO strict 1+5,65488000,65.488,460456.0625,460063.21875
DC-PPO strict 1+5,65539200,65.5392,458528.40625,458734.2395833333
DC-PPO strict 1+5,65590400,65.5904,457218.25,456878.2291666667
DC-PPO strict 1+5,65641600,65.6416,454888.03125,455806.7916666667
DC-PPO strict 1+5,65692800,65.6928,455314.09375,455324.7083333333
DC-PPO strict 1+5,65744000,65.744,455772.0,454519.0833333333
DC-PPO strict 1+5,65795200,65.7952,452471.15625,453383.34375
DC-PPO strict 1+5,65846400,65.8464,451906.875,452104.9791666667
DC-PPO strict 1+5,65897600,65.8976,451936.90625,452631.3541666667
DC-PPO strict 1+5,65948800,65.9488,454050.28125,452581.3645833333
DC-PPO strict 1+5,66000000,66.0,451756.90625,452069.0
DC-PPO strict 1+5,66051200,66.0512,450399.8125,451745.28125
DC-PPO strict 1+5,66102400,66.1024,453079.125,452121.3645833333
DC-PPO strict 1+5,66153600,66.1536,452885.15625,453004.3541666667
DC-PPO strict 1+5,66204800,66.2048,453048.78125,453048.59375
DC-PPO strict 1+5,66256000,66.256,453211.84375,453635.8541666667
DC-PPO strict 1+5,66307200,66.3072,454646.9375,454337.4270833333
DC-PPO strict 1+5,66358400,66.3584,455153.5,454724.21875
DC-PPO strict 1+5,66409600,66.4096,454372.21875,454426.0520833333
DC-PPO strict 1+5,66460800,66.4608,453752.4375,454294.0208333333
DC-PPO strict 1+5,66512000,66.512,454757.40625,454000.1145833333
DC-PPO strict 1+5,66563200,66.5632,453490.5,453724.6041666667
DC-PPO strict 1+5,66614400,66.6144,452925.90625,452230.5729166667
DC-PPO strict 1+5,66665600,66.6656,450275.3125,451358.3125
DC-PPO strict 1+5,66716800,66.7168,450873.71875,451538.9166666667
DC-PPO strict 1+5,66768000,66.768,453467.71875,452573.7916666667
DC-PPO strict 1+5,66819200,66.8192,453379.9375,453340.65625
DC-PPO strict 1+5,66870400,66.8704,453174.3125,453598.0208333333
DC-PPO strict 1+5,66921600,66.9216,454239.8125,453584.5520833333
DC-PPO strict 1+5,66972800,66.9728,453339.53125,453639.6979166667
DC-PPO strict 1+5,67024000,67.024,453339.75,452255.8645833333
DC-PPO strict 1+5,67075200,67.0752,450088.3125,451537.0416666667
DC-PPO strict 1+5,67126400,67.1264,451183.0625,450807.8541666667
DC-PPO strict 1+5,67177600,67.1776,451152.1875,451367.625
DC-PPO strict 1+5,67228800,67.2288,451767.625,451699.84375
DC-PPO strict 1+5,67280000,67.28,452179.71875,451967.40625
DC-PPO strict 1+5,67331200,67.3312,451954.875,452596.5833333333
DC-PPO strict 1+5,67382400,67.3824,453655.15625,453444.7395833333
DC-PPO strict 1+5,67433600,67.4336,454724.1875,454577.8541666667
DC-PPO strict 1+5,67484800,67.4848,455354.21875,454811.7291666667
DC-PPO strict 1+5,67536000,67.536,454356.78125,454635.3229166667
DC-PPO strict 1+5,67587200,67.5872,454194.96875,454510.2916666667
DC-PPO strict 1+5,67638400,67.6384,454979.125,454286.9791666667
DC-PPO strict 1+5,67689600,67.6896,453686.84375,454014.5416666667
DC-PPO strict 1+5,67740800,67.7408,453377.65625,453460.1354166667
DC-PPO strict 1+5,67792000,67.792,453315.90625,453357.6770833333
DC-PPO strict 1+5,67843200,67.8432,453379.46875,453317.3020833333
DC-PPO strict 1+5,67894400,67.8944,453256.53125,454028.3229166667
DC-PPO strict 1+5,67945600,67.9456,455448.96875,453984.5520833333
DC-PPO strict 1+5,67996800,67.9968,453248.15625,454679.96875
DC-PPO strict 1+5,68048000,68.048,455342.78125,454558.09375
DC-PPO strict 1+5,68099200,68.0992,455083.34375,455693.09375
DC-PPO strict 1+5,68150400,68.1504,456653.15625,455935.2604166667
DC-PPO strict 1+5,68201600,68.2016,456069.28125,456656.7916666667
DC-PPO strict 1+5,68252800,68.2528,457247.9375,457607.8125
DC-PPO strict 1+5,68304000,68.304,459506.21875,458032.9166666667
DC-PPO strict 1+5,68355200,68.3552,457344.59375,457947.40625
DC-PPO strict 1+5,68406400,68.4064,456991.40625,458212.0104166667
DC-PPO strict 1+5,68457600,68.4576,460300.03125,458920.21875
DC-PPO strict 1+5,68508800,68.5088,459469.21875,459124.8854166667
DC-PPO strict 1+5,68560000,68.56,457605.40625,458513.8958333333
DC-PPO strict 1+5,68611200,68.6112,458467.0625,457744.75
DC-PPO strict 1+5,68662400,68.6624,457161.78125,456322.4895833333
DC-PPO strict 1+5,68713600,68.7136,453338.625,454788.6041666667
DC-PPO strict 1+5,68764800,68.7648,453865.40625,453538.8333333333
DC-PPO strict 1+5,68816000,68.816,453412.46875,453632.7291666667
DC-PPO strict 1+5,68867200,68.8672,453620.3125,453149.0625
DC-PPO strict 1+5,68918400,68.9184,452414.40625,451944.3854166667
DC-PPO strict 1+5,68969600,68.9696,449798.4375,451453.2604166667
DC-PPO strict 1+5,69020800,69.0208,452146.9375,451620.6666666667
DC-PPO strict 1+5,69072000,69.072,452916.625,452595.0104166667
DC-PPO strict 1+5,69123200,69.1232,452721.46875,453393.3333333333
DC-PPO strict 1+5,69174400,69.1744,454541.90625,453566.3020833333
DC-PPO strict 1+5,69225600,69.2256,453435.53125,453745.3854166667
DC-PPO strict 1+5,69276800,69.2768,453258.71875,453709.7708333333
DC-PPO strict 1+5,69328000,69.328,454435.0625,455008.9479166667
DC-PPO strict 1+5,69379200,69.3792,457333.0625,456357.375
DC-PPO strict 1+5,69430400,69.4304,457304.0,456309.4166666667
DC-PPO strict 1+5,69481600,69.4816,454291.1875,454914.4270833333
DC-PPO strict 1+5,69532800,69.5328,453148.09375,453592.46875
DC-PPO strict 1+5,69584000,69.584,453338.125,453724.15625
DC-PPO strict 1+5,69635200,69.6352,454686.25,453714.7708333333
DC-PPO strict 1+5,69686400,69.6864,453119.9375,454926.1458333333
DC-PPO strict 1+5,69737600,69.7376,456972.25,455618.0208333333
DC-PPO strict 1+5,69788800,69.7888,456761.875,456741.78125
DC-PPO strict 1+5,69840000,69.84,456491.21875,456977.4583333333
DC-PPO strict 1+5,69891200,69.8912,457679.28125,457007.2604166667
DC-PPO strict 1+5,69942400,69.9424,456851.28125,457138.8020833333
DC-PPO strict 1+5,69993600,69.9936,456885.84375,456521.7291666667
DC-PPO strict 1+5,70044800,70.0448,455828.0625,456383.96875
DC-PPO strict 1+5,70096000,70.096,456438.0,456854.9583333333
DC-PPO strict 1+5,70147200,70.1472,458298.8125,456684.9166666667
DC-PPO strict 1+5,70198400,70.1984,455317.9375,456060.03125
DC-PPO strict 1+5,70249600,70.2496,454563.34375,455252.8333333333
DC-PPO strict 1+5,70300800,70.3008,455877.21875,455301.40625
DC-PPO strict 1+5,70352000,70.352,455463.65625,455431.4895833333
DC-PPO strict 1+5,70403200,70.4032,454953.59375,454949.09375
DC-PPO strict 1+5,70454400,70.4544,454430.03125,455078.2604166667
DC-PPO strict 1+5,70505600,70.5056,455851.15625,455837.8854166667
DC-PPO strict 1+5,70556800,70.5568,457232.46875,458045.9270833333
DC-PPO strict 1+5,70608000,70.608,461054.15625,459840.5416666667
DC-PPO strict 1+5,70659200,70.6592,461235.0,461742.71875
DC-PPO strict 1+5,70710400,70.7104,462939.0,461540.1458333333
DC-PPO strict 1+5,70761600,70.7616,460446.4375,461697.6770833333
DC-PPO strict 1+5,70812800,70.8128,461707.59375,460645.3854166667
DC-PPO strict 1+5,70864000,70.864,459782.125,460389.9479166667
DC-PPO strict 1+5,70915200,70.9152,459680.125,459839.2916666667
DC-PPO strict 1+5,70966400,70.9664,460055.625,459746.875
DC-PPO strict 1+5,71017600,71.0176,459504.875,459605.2916666667
DC-PPO strict 1+5,71068800,71.0688,459255.375,458673.4166666667
DC-PPO strict 1+5,71120000,71.12,457260.0,457251.1145833333
DC-PPO strict 1+5,71171200,71.1712,455237.96875,455903.0729166667
DC-PPO strict 1+5,71222400,71.2224,455211.25,455521.4375
DC-PPO strict 1+5,71273600,71.2736,456115.09375,455932.90625
DC-PPO strict 1+5,71324800,71.3248,456472.375,455706.15625
DC-PPO strict 1+5,71376000,71.376,454531.0,455385.4583333333
DC-PPO strict 1+5,71427200,71.4272,455153.0,454541.25
DC-PPO strict 1+5,71478400,71.4784,453939.75,454845.4479166667
DC-PPO strict 1+5,71529600,71.5296,455443.59375,455333.65625
DC-PPO strict 1+5,71580800,71.5808,456617.625,455910.7916666667
DC-PPO strict 1+5,71632000,71.632,455671.15625,456405.2916666667
DC-PPO strict 1+5,71683200,71.6832,456927.09375,456169.6145833333
DC-PPO strict 1+5,71734400,71.7344,455910.59375,456579.0208333333
DC-PPO strict 1+5,71785600,71.7856,456899.375,455583.0729166667
DC-PPO strict 1+5,71836800,71.8368,453939.25,455608.8125
DC-PPO strict 1+5,71888000,71.888,455987.8125,455288.7916666667
DC-PPO strict 1+5,71939200,71.9392,455939.3125,455519.4479166667
DC-PPO strict 1+5,71990400,71.9904,454631.21875,455879.2604166667
DC-PPO strict 1+5,72041600,72.0416,457067.25,455535.15625
DC-PPO strict 1+5,72092800,72.0928,454907.0,456539.3854166667
DC-PPO strict 1+5,72144000,72.144,457643.90625,455408.7395833333
DC-PPO strict 1+5,72195200,72.1952,453675.3125,455741.21875
DC-PPO strict 1+5,72246400,72.2464,455904.4375,454699.625
DC-PPO strict 1+5,72297600,72.2976,454519.125,455677.8125
DC-PPO strict 1+5,72348800,72.3488,456609.875,455769.8229166667
DC-PPO strict 1+5,72400000,72.4,456180.46875,456815.4479166667
DC-PPO strict 1+5,72451200,72.4512,457656.0,456605.46875
DC-PPO strict 1+5,72502400,72.5024,455979.9375,456743.3229166667
DC-PPO strict 1+5,72553600,72.5536,456594.03125,455995.84375
DC-PPO strict 1+5,72604800,72.6048,455413.5625,456054.46875
DC-PPO strict 1+5,72656000,72.656,456155.8125,455740.3020833333
DC-PPO strict 1+5,72707200,72.7072,455651.53125,456186.0208333333
DC-PPO strict 1+5,72758400,72.7584,456750.71875,456200.0729166667
DC-PPO strict 1+5,72809600,72.8096,456197.96875,455313.625
DC-PPO strict 1+5,72860800,72.8608,452992.1875,452956.3020833333
DC-PPO strict 1+5,72912000,72.912,449678.75,451788.1458333333
DC-PPO strict 1+5,72963200,72.9632,452693.5,450959.7083333333
DC-PPO strict 1+5,73014400,73.0144,450506.875,452202.8854166667
DC-PPO strict 1+5,73065600,73.0656,453408.28125,451312.6458333333
DC-PPO strict 1+5,73116800,73.1168,450022.78125,450912.15625
DC-PPO strict 1+5,73168000,73.168,449305.40625,450510.8333333333
DC-PPO strict 1+5,73219200,73.2192,452204.3125,450941.2604166667
DC-PPO strict 1+5,73270400,73.2704,451314.0625,451751.4791666667
DC-PPO strict 1+5,73321600,73.3216,451736.0625,450533.4166666667
DC-PPO strict 1+5,73372800,73.3728,448550.125,449366.2916666667
DC-PPO strict 1+5,73424000,73.424,447812.6875,447933.8333333333
DC-PPO strict 1+5,73475200,73.4752,447438.6875,448167.5625
DC-PPO strict 1+5,73526400,73.5264,449251.3125,448816.0729166667
DC-PPO strict 1+5,73577600,73.5776,449758.21875,449766.0104166667
DC-PPO strict 1+5,73628800,73.6288,450288.5,451355.7395833333
DC-PPO strict 1+5,73680000,73.68,454020.5,452787.2395833333
DC-PPO strict 1+5,73731200,73.7312,454052.71875,453745.4375
DC-PPO strict 1+5,73782400,73.7824,453163.09375,454149.3645833333
DC-PPO strict 1+5,73833600,73.8336,455232.28125,454717.9791666667
DC-PPO strict 1+5,73884800,73.8848,455758.5625,456029.90625
DC-PPO strict 1+5,73936000,73.936,457098.875,457144.1458333333
DC-PPO strict 1+5,73987200,73.9872,458575.0,458011.3125
DC-PPO strict 1+5,74038400,74.0384,458360.0625,459012.9270833333
DC-PPO strict 1+5,74089600,74.0896,460103.71875,458937.9583333333
DC-PPO strict 1+5,74140800,74.1408,458350.09375,458728.1770833333
DC-PPO strict 1+5,74192000,74.192,457730.71875,457784.7083333333
DC-PPO strict 1+5,74243200,74.2432,457273.3125,457552.5
DC-PPO strict 1+5,74294400,74.2944,457653.46875,457269.7291666667
DC-PPO strict 1+5,74345600,74.3456,456882.40625,457335.2916666667
DC-PPO strict 1+5,74396800,74.3968,457470.0,456875.96875
DC-PPO strict 1+5,74448000,74.448,456275.5,456782.2083333333
DC-PPO strict 1+5,74499200,74.4992,456601.125,455766.375
DC-PPO strict 1+5,74550400,74.5504,454422.5,455135.1458333333
DC-PPO strict 1+5,74601600,74.6016,454381.8125,453855.5833333333
DC-PPO strict 1+5,74652800,74.6528,452762.4375,453629.4375
DC-PPO strict 1+5,74704000,74.704,453744.0625,453455.0729166667
DC-PPO strict 1+5,74755200,74.7552,453858.71875,454678.0208333333
DC-PPO strict 1+5,74806400,74.8064,456431.28125,455111.96875
DC-PPO strict 1+5,74857600,74.8576,455045.90625,455689.8333333333
DC-PPO strict 1+5,74908800,74.9088,455592.3125,456006.2708333333
DC-PPO strict 1+5,74960000,74.96,457380.59375,456309.9375
DC-PPO strict 1+5,75011200,75.0112,455956.90625,456377.0833333333
DC-PPO strict 1+5,75062400,75.0624,455793.75,456178.1354166667
DC-PPO strict 1+5,75113600,75.1136,456783.75,455678.625
DC-PPO strict 1+5,75164800,75.1648,454458.375,454475.2604166667
DC-PPO strict 1+5,75216000,75.216,452183.65625,452989.8229166667
DC-PPO strict 1+5,75267200,75.2672,452327.4375,451870.5208333333
DC-PPO strict 1+5,75318400,75.3184,451100.46875,452423.5833333333
DC-PPO strict 1+5,75369600,75.3696,453842.84375,453038.625
DC-PPO strict 1+5,75420800,75.4208,454172.5625,455265.5520833333
DC-PPO strict 1+5,75472000,75.472,457781.25,455466.9479166667
DC-PPO strict 1+5,75523200,75.5232,454447.03125,455626.3645833333
DC-PPO strict 1+5,75574400,75.5744,454650.8125,454920.9166666667
DC-PPO strict 1+5,75625600,75.6256,455664.90625,455834.90625
DC-PPO strict 1+5,75676800,75.6768,457189.0,455387.2604166667
DC-PPO strict 1+5,75728000,75.728,453307.875,454866.4270833333
DC-PPO strict 1+5,75779200,75.7792,454102.40625,453818.3229166667
DC-PPO strict 1+5,75830400,75.8304,454044.6875,453508.21875
DC-PPO strict 1+5,75881600,75.8816,452377.5625,453051.8020833333
DC-PPO strict 1+5,75932800,75.9328,452733.15625,452861.375
DC-PPO strict 1+5,75984000,75.984,453473.40625,453774.6770833333
DC-PPO strict 1+5,76035200,76.0352,455117.46875,453929.4166666667
DC-PPO strict 1+5,76086400,76.0864,453197.375,453907.3958333333
DC-PPO strict 1+5,76137600,76.1376,453407.34375,454029.78125
DC-PPO strict 1+5,76188800,76.1888,455484.625,455266.3125
DC-PPO strict 1+5,76240000,76.24,456906.96875,455744.6666666667
DC-PPO strict 1+5,76291200,76.2912,454842.40625,456143.78125
DC-PPO strict 1+5,76342400,76.3424,456681.96875,455946.3020833333
DC-PPO strict 1+5,76393600,76.3936,456314.53125,456369.34375
DC-PPO strict 1+5,76444800,76.4448,456111.53125,456484.5729166667
DC-PPO strict 1+5,76496000,76.496,457027.65625,456687.3229166667
DC-PPO strict 1+5,76547200,76.5472,456922.78125,457163.6666666667
DC-PPO strict 1+5,76598400,76.5984,457540.5625,457764.03125
DC-PPO strict 1+5,76649600,76.6496,458828.75,458083.1458333333
DC-PPO strict 1+5,76700800,76.7008,457880.125,457931.1458333333
DC-PPO strict 1+5,76752000,76.752,457084.5625,457722.8333333333
DC-PPO strict 1+5,76803200,76.8032,458203.8125,457002.75
DC-PPO strict 1+5,76854400,76.8544,455719.875,456819.8333333333
DC-PPO strict 1+5,76905600,76.9056,456535.8125,455377.0
DC-PPO strict 1+5,76956800,76.9568,453875.3125,456057.9479166667
DC-PPO strict 1+5,77008000,77.008,457762.71875,456052.1666666667
DC-PPO strict 1+5,77059200,77.0592,456518.46875,456404.3958333333
DC-PPO strict 1+5,77110400,77.1104,454932.0,455706.0104166667
DC-PPO strict 1+5,77161600,77.1616,455667.5625,454874.7708333333
DC-PPO strict 1+5,77212800,77.2128,454024.75,454659.0520833333
DC-PPO strict 1+5,77264000,77.264,454284.84375,455065.1770833333
DC-PPO strict 1+5,77315200,77.3152,456885.9375,456066.71875
DC-PPO strict 1+5,77366400,77.3664,457029.375,456371.2708333333
DC-PPO strict 1+5,77417600,77.4176,455198.5,455796.5416666667
DC-PPO strict 1+5,77468800,77.4688,455161.75,455290.6770833333
DC-PPO strict 1+5,77520000,77.52,455511.78125,456008.9270833333
DC-PPO strict 1+5,77571200,77.5712,457353.25,456073.09375
DC-PPO strict 1+5,77622400,77.6224,455354.25,455974.1354166667
DC-PPO strict 1+5,77673600,77.6736,455214.90625,455342.2083333333
DC-PPO strict 1+5,77724800,77.7248,455457.46875,455024.1979166667
DC-PPO strict 1+5,77776000,77.776,454400.21875,455032.875
DC-PPO strict 1+5,77827200,77.8272,455240.9375,454614.3958333333
DC-PPO strict 1+5,77878400,77.8784,454202.03125,454115.1354166667
DC-PPO strict 1+5,77929600,77.9296,452902.4375,452778.0208333333
DC-PPO strict 1+5,77980800,77.9808,451229.59375,451953.9791666667
DC-PPO strict 1+5,78032000,78.032,451729.90625,451373.6354166667
DC-PPO strict 1+5,78083200,78.0832,451161.40625,451222.0729166667
DC-PPO strict 1+5,78134400,78.1344,450774.90625,450789.8125
DC-PPO strict 1+5,78185600,78.1856,450433.125,450840.0729166667
DC-PPO strict 1+5,78236800,78.2368,451312.1875,451293.9895833333
DC-PPO strict 1+5,78288000,78.288,452136.65625,451785.40625
DC-PPO strict 1+5,78339200,78.3392,451907.375,451254.3333333333
DC-PPO strict 1+5,78390400,78.3904,449718.96875,451505.78125
DC-PPO strict 1+5,78441600,78.4416,452891.0,451837.7395833333
DC-PPO strict 1+5,78492800,78.4928,452903.25,452948.5625
DC-PPO strict 1+5,78544000,78.544,453051.4375,453770.90625
DC-PPO strict 1+5,78595200,78.5952,455358.03125,453984.9166666667
DC-PPO strict 1+5,78646400,78.6464,453545.28125,454360.5
DC-PPO strict 1+5,78697600,78.6976,454178.1875,453629.5625
DC-PPO strict 1+5,78748800,78.7488,453165.21875,453992.5520833333
DC-PPO strict 1+5,78800000,78.8,454634.25,453489.15625
DC-PPO strict 1+5,78851200,78.8512,452668.0,452843.5104166667
DC-PPO strict 1+5,78902400,78.9024,451228.28125,452315.3229166667
DC-PPO strict 1+5,78953600,78.9536,453049.6875,452640.46875
DC-PPO strict 1+5,79004800,79.0048,453643.4375,452702.1770833333
DC-PPO strict 1+5,79056000,79.056,451413.40625,452373.4166666667
DC-PPO strict 1+5,79107200,79.1072,452063.40625,451636.3958333333
DC-PPO strict 1+5,79158400,79.1584,451432.375,450898.3958333333
DC-PPO strict 1+5,79209600,79.2096,449199.40625,450160.1979166667
DC-PPO strict 1+5,79260800,79.2608,449848.8125,450476.15625
DC-PPO strict 1+5,79312000,79.312,452380.25,450772.6666666667
DC-PPO strict 1+5,79363200,79.3632,450088.9375,451808.78125
DC-PPO strict 1+5,79414400,79.4144,452957.15625,451948.8541666667
DC-PPO strict 1+5,79465600,79.4656,452800.46875,453611.5416666667
DC-PPO strict 1+5,79516800,79.5168,455077.0,454084.3541666667
DC-PPO strict 1+5,79568000,79.568,454375.59375,454703.40625
DC-PPO strict 1+5,79619200,79.6192,454657.625,454019.1354166667
DC-PPO strict 1+5,79670400,79.6704,453024.1875,454656.7083333333
DC-PPO strict 1+5,79721600,79.7216,456288.3125,455308.1354166667
DC-PPO strict 1+5,79772800,79.7728,456611.90625,456252.1145833333
DC-PPO strict 1+5,79824000,79.824,455856.125,456575.0208333333
DC-PPO strict 1+5,79875200,79.8752,457257.03125,456640.3333333333
DC-PPO strict 1+5,79926400,79.9264,456807.84375,457441.2395833333
DC-PPO strict 1+5,79977600,79.9776,458258.84375,457257.3958333333
DC-PPO strict 1+5,80028800,80.0288,456705.5,456465.9791666667
DC-PPO strict 1+5,80080000,80.08,454433.59375,455876.2604166667
DC-PPO strict 1+5,80131200,80.1312,456489.6875,456904.3854166667
DC-PPO strict 1+5,80182400,80.1824,459789.875,458820.0729166667
DC-PPO strict 1+5,80233600,80.2336,460180.65625,460043.2604166667
DC-PPO strict 1+5,80284800,80.2848,460159.25,459544.1875
DC-PPO strict 1+5,80336000,80.336,458292.65625,459263.2083333333
DC-PPO strict 1+5,80387200,80.3872,459337.71875,458892.25
DC-PPO strict 1+5,80438400,80.4384,459046.375,459689.1770833333
DC-PPO strict 1+5,80489600,80.4896,460683.4375,460417.9375
DC-PPO strict 1+5,80540800,80.5408,461524.0,462284.3229166667
DC-PPO strict 1+5,80592000,80.592,464645.53125,462985.2604166667
DC-PPO strict 1+5,80643200,80.6432,462786.25,463850.53125
DC-PPO strict 1+5,80694400,80.6944,464119.8125,463844.3125
DC-PPO strict 1+5,80745600,80.7456,464626.875,464453.7395833333
DC-PPO strict 1+5,80796800,80.7968,464614.53125,464167.3020833333
DC-PPO strict 1+5,80848000,80.848,463260.5,463368.7916666667
DC-PPO strict 1+5,80899200,80.8992,462231.34375,462561.6666666667
DC-PPO strict 1+5,80950400,80.9504,462193.15625,463270.0729166667
DC-PPO strict 1+5,81001600,81.0016,465385.71875,463786.25
DC-PPO strict 1+5,81052800,81.0528,463779.875,464692.0208333333
DC-PPO strict 1+5,81104000,81.104,464910.46875,464740.8854166667
DC-PPO strict 1+5,81155200,81.1552,465532.3125,464383.5520833333
DC-PPO strict 1+5,81206400,81.2064,462707.875,463880.7291666667
DC-PPO strict 1+5,81257600,81.2576,463402.0,462521.1145833333
DC-PPO strict 1+5,81308800,81.3088,461453.46875,462076.9583333333
DC-PPO strict 1+5,81360000,81.36,461375.40625,461468.1041666667
DC-PPO strict 1+5,81411200,81.4112,461575.4375,461652.84375
DC-PPO strict 1+5,81462400,81.4624,462007.6875,461787.6770833333
DC-PPO strict 1+5,81513600,81.5136,461779.90625,462633.6354166667
DC-PPO strict 1+5,81564800,81.5648,464113.3125,462903.1145833333
DC-PPO strict 1+5,81616000,81.616,462816.125,463984.2604166667
DC-PPO strict 1+5,81667200,81.6672,465023.34375,464298.2708333333
DC-PPO strict 1+5,81718400,81.7184,465055.34375,465874.2604166667
DC-PPO strict 1+5,81769600,81.7696,467544.09375,466909.7916666667
DC-PPO strict 1+5,81820800,81.8208,468129.9375,467544.125
DC-PPO strict 1+5,81872000,81.872,466958.34375,468117.8854166667
DC-PPO strict 1+5,81923200,81.9232,469265.375,468171.6458333333
DC-PPO strict 1+5,81974400,81.9744,468291.21875,468174.59375
DC-PPO strict 1+5,82025600,82.0256,466967.1875,466496.28125
DC-PPO strict 1+5,82076800,82.0768,464230.4375,465113.3229166667
DC-PPO strict 1+5,82128000,82.128,464142.34375,463734.2083333333
DC-PPO strict 1+5,82179200,82.1792,462829.84375,463059.875
DC-PPO strict 1+5,82230400,82.2304,462207.4375,462234.9583333333
DC-PPO strict 1+5,82281600,82.2816,461667.59375,462370.1041666667
DC-PPO strict 1+5,82332800,82.3328,463235.28125,462398.8958333333
DC-PPO strict 1+5,82384000,82.384,462293.8125,462668.3541666667
DC-PPO strict 1+5,82435200,82.4352,462475.96875,462221.5
DC-PPO strict 1+5,82486400,82.4864,461894.71875,461905.1770833333
DC-PPO strict 1+5,82537600,82.5376,461344.84375,462062.1875
DC-PPO strict 1+5,82588800,82.5888,462947.0,461554.1458333333
DC-PPO strict 1+5,82640000,82.64,460370.59375,462088.2083333333
DC-PPO strict 1+5,82691200,82.6912,462947.03125,462062.125
DC-PPO strict 1+5,82742400,82.7424,462868.75,462419.25
DC-PPO strict 1+5,82793600,82.7936,461441.96875,462762.4583333333
DC-PPO strict 1+5,82844800,82.8448,463976.65625,461908.46875
DC-PPO strict 1+5,82896000,82.896,460306.78125,462076.6875
DC-PPO strict 1+5,82947200,82.9472,461946.625,460943.5520833333
DC-PPO strict 1+5,82998400,82.9984,460577.25,461099.8333333333
DC-PPO strict 1+5,83049600,83.0496,460775.625,460458.8333333333
DC-PPO strict 1+5,83100800,83.1008,460023.625,459987.8125
DC-PPO strict 1+5,83152000,83.152,459164.1875,459862.1354166667
DC-PPO strict 1+5,83203200,83.2032,460398.59375,460139.0416666667
DC-PPO strict 1+5,83254400,83.2544,460854.34375,460831.1666666667
DC-PPO strict 1+5,83305600,83.3056,461240.5625,461694.9895833333
DC-PPO strict 1+5,83356800,83.3568,462990.0625,461779.8958333333
DC-PPO strict 1+5,83408000,83.408,461109.0625,461867.8020833333
DC-PPO strict 1+5,83459200,83.4592,461504.28125,461184.5208333333
DC-PPO strict 1+5,83510400,83.5104,460940.21875,461409.9479166667
DC-PPO strict 1+5,83561600,83.5616,461785.34375,461793.9583333333
DC-PPO strict 1+5,83612800,83.6128,462656.3125,462166.53125
DC-PPO strict 1+5,83664000,83.664,462057.9375,462600.0
DC-PPO strict 1+5,83715200,83.7152,463085.75,462981.2083333333
DC-PPO strict 1+5,83766400,83.7664,463799.9375,463285.6875
DC-PPO strict 1+5,83817600,83.8176,462971.375,463439.90625
DC-PPO strict 1+5,83868800,83.8688,463548.40625,463320.4375
DC-PPO strict 1+5,83920000,83.92,463441.53125,464523.7916666667
DC-PPO strict 1+5,83971200,83.9712,466581.4375,465289.75
DC-PPO strict 1+5,84022400,84.0224,465846.28125,466058.3541666667
DC-PPO strict 1+5,84073600,84.0736,465747.34375,464716.4479166667
DC-PPO strict 1+5,84124800,84.1248,462555.71875,463913.4375
DC-PPO strict 1+5,84176000,84.176,463437.25,462262.7291666667
DC-PPO strict 1+5,84227200,84.2272,460795.21875,463251.2916666667
DC-PPO strict 1+5,84278400,84.2784,465521.40625,463255.3958333333
DC-PPO strict 1+5,84329600,84.3296,463449.5625,464127.0833333333
DC-PPO strict 1+5,84380800,84.3808,463410.28125,462442.4791666667
DC-PPO strict 1+5,84432000,84.432,460467.59375,461602.5416666667
DC-PPO strict 1+5,84483200,84.4832,460929.75,460051.1041666667
DC-PPO strict 1+5,84534400,84.5344,458755.96875,459559.9479166667
DC-PPO strict 1+5,84585600,84.5856,458994.125,458792.3541666667
DC-PPO strict 1+5,84636800,84.6368,458626.96875,459332.1770833333
DC-PPO strict 1+5,84688000,84.688,460375.4375,460519.15625
DC-PPO strict 1+5,84739200,84.7392,462555.0625,460998.09375
DC-PPO strict 1+5,84790400,84.7904,460063.78125,461500.3541666667
DC-PPO strict 1+5,84841600,84.8416,461882.21875,460700.5625
DC-PPO strict 1+5,84892800,84.8928,460155.6875,461026.3541666667
DC-PPO strict 1+5,84944000,84.944,461041.15625,459594.5833333333
DC-PPO strict 1+5,84995200,84.9952,457586.90625,459090.1666666667
DC-PPO strict 1+5,85046400,85.0464,458642.4375,458486.3645833333
DC-PPO strict 1+5,85097600,85.0976,459229.75,458662.5833333333
DC-PPO strict 1+5,85148800,85.1488,458115.5625,457626.8854166667
DC-PPO strict 1+5,85200000,85.2,455535.34375,456805.375
DC-PPO strict 1+5,85251200,85.2512,456765.21875,455711.5520833333
DC-PPO strict 1+5,85302400,85.3024,454834.09375,455532.9895833333
DC-PPO strict 1+5,85353600,85.3536,454999.65625,454686.8854166667
DC-PPO strict 1+5,85404800,85.4048,454226.90625,454678.1979166667
DC-PPO strict 1+5,85456000,85.456,454808.03125,453919.8854166667
DC-PPO strict 1+5,85507200,85.5072,452724.71875,453400.1875
DC-PPO strict 1+5,85558400,85.5584,452667.8125,451337.4895833333
DC-PPO strict 1+5,85609600,85.6096,448619.9375,450987.8125
DC-PPO strict 1+5,85660800,85.6608,451675.6875,450795.3333333333
DC-PPO strict 1+5,85712000,85.712,452090.375,451679.5208333333
DC-PPO strict 1+5,85763200,85.7632,451272.5,452132.6875
DC-PPO strict 1+5,85814400,85.8144,453035.1875,452737.28125
DC-PPO strict 1+5,85865600,85.8656,453904.15625,452894.90625
DC-PPO strict 1+5,85916800,85.9168,451745.375,452559.7291666667
DC-PPO strict 1+5,85968000,85.968,452029.65625,453169.9895833333
DC-PPO strict 1+5,86019200,86.0192,455734.9375,454007.4270833333
DC-PPO strict 1+5,86070400,86.0704,454257.6875,455314.7604166667
DC-PPO strict 1+5,86121600,86.1216,455951.65625,456457.1041666667
DC-PPO strict 1+5,86172800,86.1728,459161.96875,458600.15625
DC-PPO strict 1+5,86224000,86.224,460686.84375,461378.9895833333
DC-PPO strict 1+5,86275200,86.2752,464288.15625,462057.4791666667
DC-PPO strict 1+5,86326400,86.3264,461197.4375,463523.6875
DC-PPO strict 1+5,86377600,86.3776,465085.46875,463552.0729166667
DC-PPO strict 1+5,86428800,86.4288,464373.3125,465181.7604166667
DC-PPO strict 1+5,86480000,86.48,466086.5,465192.09375
DC-PPO strict 1+5,86531200,86.5312,465116.46875,465377.0
DC-PPO strict 1+5,86582400,86.5824,464928.03125,465255.7083333333
DC-PPO strict 1+5,86633600,86.6336,465722.625,464823.4270833333
DC-PPO strict 1+5,86684800,86.6848,463819.625,466047.71875
DC-PPO strict 1+5,86736000,86.736,468600.90625,466317.8541666667
DC-PPO strict 1+5,86787200,86.7872,466533.03125,466152.6145833333
DC-PPO strict 1+5,86838400,86.8384,463323.90625,464616.9166666667
DC-PPO strict 1+5,86889600,86.8896,463993.8125,464643.96875
DC-PPO strict 1+5,86940800,86.9408,466614.1875,465503.1875
DC-PPO strict 1+5,86992000,86.992,465901.5625,466001.3020833333
DC-PPO strict 1+5,87043200,87.0432,465488.15625,466208.03125
DC-PPO strict 1+5,87094400,87.0944,467234.375,465723.6145833333
DC-PPO strict 1+5,87145600,87.1456,464448.3125,465512.03125
DC-PPO strict 1+5,87196800,87.1968,464853.40625,465030.59375
DC-PPO strict 1+5,87248000,87.248,465790.0625,464926.4583333333
DC-PPO strict 1+5,87299200,87.2992,464135.90625,464984.6458333333
DC-PPO strict 1+5,87350400,87.3504,465027.96875,465307.1458333333
DC-PPO strict 1+5,87401600,87.4016,466757.5625,465869.7708333333
DC-PPO strict 1+5,87452800,87.4528,465823.78125,466946.5104166667
DC-PPO strict 1+5,87504000,87.504,468258.1875,467400.2083333333
DC-PPO strict 1+5,87555200,87.5552,468118.65625,468741.8333333333
DC-PPO strict 1+5,87606400,87.6064,469848.65625,470092.46875
DC-PPO strict 1+5,87657600,87.6576,472310.09375,471078.2708333333
DC-PPO strict 1+5,87708800,87.7088,471076.0625,470967.4791666667
DC-PPO strict 1+5,87760000,87.76,469516.28125,470828.0416666667
DC-PPO strict 1+5,87811200,87.8112,471891.78125,471498.7604166667
DC-PPO strict 1+5,87862400,87.8624,473088.21875,472467.5
DC-PPO strict 1+5,87913600,87.9136,472422.5,472626.4583333333
DC-PPO strict 1+5,87964800,87.9648,472368.65625,472002.46875
DC-PPO strict 1+5,88016000,88.016,471216.25,471465.7083333333
DC-PPO strict 1+5,88067200,88.0672,470812.21875,471171.0625
DC-PPO strict 1+5,88118400,88.1184,471484.71875,471665.4583333333
DC-PPO strict 1+5,88169600,88.1696,472699.4375,472523.6145833333
DC-PPO strict 1+5,88220800,88.2208,473386.6875,473111.8541666667
DC-PPO strict 1+5,88272000,88.272,473249.4375,473280.2395833333
DC-PPO strict 1+5,88323200,88.3232,473204.59375,472831.71875
DC-PPO strict 1+5,88374400,88.3744,472041.125,472387.78125
DC-PPO strict 1+5,88425600,88.4256,471917.625,471677.6458333333
DC-PPO strict 1+5,88476800,88.4768,471074.1875,471354.09375
DC-PPO strict 1+5,88528000,88.528,471070.46875,471486.1666666667
DC-PPO strict 1+5,88579200,88.5792,472313.84375,471602.96875
DC-PPO strict 1+5,88630400,88.6304,471424.59375,472338.4895833333
DC-PPO strict 1+5,88681600,88.6816,473277.03125,473373.6770833333
DC-PPO strict 1+5,88732800,88.7328,475419.40625,474270.75
DC-PPO strict 1+5,88784000,88.784,474115.8125,474464.59375
DC-PPO strict 1+5,88835200,88.8352,473858.5625,475379.09375
DC-PPO strict 1+5,88886400,88.8864,478162.90625,476948.78125
DC-PPO strict 1+5,88937600,88.9376,478824.875,477831.2604166667
DC-PPO strict 1+5,88988800,88.9888,476506.0,476739.5625
DC-PPO strict 1+5,89040000,89.04,474887.8125,475165.6979166667
DC-PPO strict 1+5,89091200,89.0912,474103.28125,473580.625
DC-PPO strict 1+5,89142400,89.1424,471750.78125,472383.3333333333
DC-PPO strict 1+5,89193600,89.1936,471295.9375,471994.125
DC-PPO strict 1+5,89244800,89.2448,472935.65625,472096.0729166667
DC-PPO strict 1+5,89296000,89.296,472056.625,471395.8020833333
DC-PPO strict 1+5,89347200,89.3472,469195.125,470771.3125
DC-PPO strict 1+5,89398400,89.3984,471062.1875,469267.8333333333
DC-PPO strict 1+5,89449600,89.4496,467546.1875,469722.6770833333
DC-PPO strict 1+5,89500800,89.5008,470559.65625,469569.8854166667
DC-PPO strict 1+5,89552000,89.552,470603.8125,470174.625
DC-PPO strict 1+5,89603200,89.6032,469360.40625,469789.8333333333
DC-PPO strict 1+5,89654400,89.6544,469405.28125,469079.5104166667
DC-PPO strict 1+5,89705600,89.7056,468472.84375,468272.4270833333
DC-PPO strict 1+5,89756800,89.7568,466939.15625,467502.3958333333
DC-PPO strict 1+5,89808000,89.808,467095.1875,466348.8229166667
DC-PPO strict 1+5,89859200,89.8592,465012.125,466523.8125
DC-PPO strict 1+5,89910400,89.9104,467464.125,466193.8541666667
DC-PPO strict 1+5,89961600,89.9616,466105.3125,466842.6979166667
DC-PPO strict 1+5,90012800,90.0128,466958.65625,466027.2708333333
DC-PPO strict 1+5,90064000,90.064,465017.84375,464542.96875
DC-PPO strict 1+5,90115200,90.1152,461652.40625,463282.34375
DC-PPO strict 1+5,90166400,90.1664,463176.78125,461547.3645833333
DC-PPO strict 1+5,90217600,90.2176,459812.90625,461189.9479166667
DC-PPO strict 1+5,90268800,90.2688,460580.15625,459818.5208333333
DC-PPO strict 1+5,90320000,90.32,459062.5,460239.8333333333
DC-PPO strict 1+5,90371200,90.3712,461076.84375,459434.5
DC-PPO strict 1+5,90422400,90.4224,458164.15625,459413.6458333333
DC-PPO strict 1+5,90473600,90.4736,458999.9375,459942.8229166667
DC-PPO strict 1+5,90524800,90.5248,462664.375,460768.84375
DC-PPO strict 1+5,90576000,90.576,460642.21875,461713.8125
DC-PPO strict 1+5,90627200,90.6272,461834.84375,461888.8958333333
DC-PPO strict 1+5,90678400,90.6784,463189.625,462143.1770833333
DC-PPO strict 1+5,90729600,90.7296,461405.0625,462726.5416666667
DC-PPO strict 1+5,90780800,90.7808,463584.9375,462411.125
DC-PPO strict 1+5,90832000,90.832,462243.375,463490.6666666667
DC-PPO strict 1+5,90883200,90.8832,464643.6875,463512.71875
DC-PPO strict 1+5,90934400,90.9344,463651.09375,463658.0833333333
DC-PPO strict 1+5,90985600,90.9856,462679.46875,462775.0416666667
DC-PPO strict 1+5,91036800,91.0368,461994.5625,463339.5625
DC-PPO strict 1+5,91088000,91.088,465344.65625,463593.8333333333
DC-PPO strict 1+5,91139200,91.1392,463442.28125,464257.3541666667
DC-PPO strict 1+5,91190400,91.1904,463985.125,463878.1979166667
DC-PPO strict 1+5,91241600,91.2416,464207.1875,464119.21875
DC-PPO strict 1+5,91292800,91.2928,464165.34375,464392.78125
DC-PPO strict 1+5,91344000,91.344,464805.8125,464386.1354166667
DC-PPO strict 1+5,91395200,91.3952,464187.25,463602.2916666667
DC-PPO strict 1+5,91446400,91.4464,461813.8125,462718.7395833333
DC-PPO strict 1+5,91497600,91.4976,462155.15625,462180.3020833333
DC-PPO strict 1+5,91548800,91.5488,462571.9375,462917.3125
DC-PPO strict 1+5,91600000,91.6,464024.84375,463273.4791666667
DC-PPO strict 1+5,91651200,91.6512,463223.65625,463301.875
DC-PPO strict 1+5,91702400,91.7024,462657.125,462497.3958333333
DC-PPO strict 1+5,91753600,91.7536,461611.40625,462920.0520833333
DC-PPO strict 1+5,91804800,91.8048,464491.625,464229.7395833333
DC-PPO strict 1+5,91856000,91.856,466586.1875,465942.25
DC-PPO strict 1+5,91907200,91.9072,466748.9375,466159.8645833333
DC-PPO strict 1+5,91958400,91.9584,465144.46875,466322.9583333333
DC-PPO strict 1+5,92009600,92.0096,467075.46875,465988.46875
DC-PPO strict 1+5,92060800,92.0608,465745.46875,466117.875
DC-PPO strict 1+5,92112000,92.112,465532.6875,466020.0
DC-PPO strict 1+5,92163200,92.1632,466781.84375,466253.3229166667
DC-PPO strict 1+5,92214400,92.2144,466445.4375,466939.65625
DC-PPO strict 1+5,92265600,92.2656,467591.6875,466523.21875
DC-PPO strict 1+5,92316800,92.3168,465532.53125,465675.40625
DC-PPO strict 1+5,92368000,92.368,463902.0,465838.96875
DC-PPO strict 1+5,92419200,92.4192,468082.375,466343.1875
DC-PPO strict 1+5,92470400,92.4704,467045.1875,467786.3645833333
DC-PPO strict 1+5,92521600,92.5216,468231.53125,468358.28125
DC-PPO strict 1+5,92572800,92.5728,469798.125,469071.6458333333
DC-PPO strict 1+5,92624000,92.624,469185.28125,469059.3125
DC-PPO strict 1+5,92675200,92.6752,468194.53125,468289.2708333333
DC-PPO strict 1+5,92726400,92.7264,467488.0,467452.2291666667
DC-PPO strict 1+5,92777600,92.7776,466674.15625,466735.46875
DC-PPO strict 1+5,92828800,92.8288,466044.25,466942.0
DC-PPO strict 1+5,92880000,92.88,468107.59375,467092.4270833333
DC-PPO strict 1+5,92931200,92.9312,467125.4375,467001.78125
DC-PPO strict 1+5,92982400,92.9824,465772.3125,466222.1145833333
DC-PPO strict 1+5,93033600,93.0336,465768.59375,467094.125
DC-PPO strict 1+5,93084800,93.0848,469741.46875,468763.96875
DC-PPO strict 1+5,93136000,93.136,470781.84375,470650.2916666667
DC-PPO strict 1+5,93187200,93.1872,471427.5625,472055.2604166667
DC-PPO strict 1+5,93238400,93.2384,473956.375,472407.6770833333
DC-PPO strict 1+5,93289600,93.2896,471839.09375,472514.1354166667
DC-PPO strict 1+5,93340800,93.3408,471746.9375,471919.4166666667
DC-PPO strict 1+5,93392000,93.392,472172.21875,472226.625
DC-PPO strict 1+5,93443200,93.4432,472760.71875,472676.75
DC-PPO strict 1+5,93494400,93.4944,473097.3125,473641.5833333333
DC-PPO strict 1+5,93545600,93.5456,475066.71875,473631.4375
DC-PPO strict 1+5,93596800,93.5968,472730.28125,473135.0208333333
DC-PPO strict 1+5,93648000,93.648,471608.0625,471514.4375
DC-PPO strict 1+5,93699200,93.6992,470204.96875,470919.28125
DC-PPO strict 1+5,93750400,93.7504,470944.8125,470317.8229166667
DC-PPO strict 1+5,93801600,93.8016,469803.6875,470287.2708333333
DC-PPO strict 1+5,93852800,93.8528,470113.3125,470254.7708333333
DC-PPO strict 1+5,93904000,93.904,470847.3125,470659.2916666667
DC-PPO strict 1+5,93955200,93.9552,471017.25,470388.1041666667
DC-PPO strict 1+5,94006400,94.0064,469299.75,470273.2604166667
DC-PPO strict 1+5,94057600,94.0576,470502.78125,470490.0208333333
DC-PPO strict 1+5,94108800,94.1088,471667.53125,470601.2916666667
DC-PPO strict 1+5,94160000,94.16,469633.5625,471038.5208333333
DC-PPO strict 1+5,94211200,94.2112,471814.46875,471979.0833333333
DC-PPO strict 1+5,94262400,94.2624,474489.21875,473058.4895833333
DC-PPO strict 1+5,94313600,94.3136,472871.78125,472890.8854166667
DC-PPO strict 1+5,94364800,94.3648,471311.65625,471685.7083333333
DC-PPO strict 1+5,94416000,94.416,470873.6875,471223.1875
DC-PPO strict 1+5,94467200,94.4672,471484.21875,471503.1875
DC-PPO strict 1+5,94518400,94.5184,472151.65625,471577.125
DC-PPO strict 1+5,94569600,94.5696,471095.5,472279.65625
DC-PPO strict 1+5,94620800,94.6208,473591.8125,472269.9479166667
DC-PPO strict 1+5,94672000,94.672,472122.53125,472044.75
DC-PPO strict 1+5,94723200,94.7232,470419.90625,472066.3020833333
DC-PPO strict 1+5,94774400,94.7744,473656.46875,471911.34375
DC-PPO strict 1+5,94825600,94.8256,471657.65625,473358.0104166667
DC-PPO strict 1+5,94876800,94.8768,474759.90625,474193.9895833333
DC-PPO strict 1+5,94928000,94.928,476164.40625,475198.46875
DC-PPO strict 1+5,94979200,94.9792,474671.09375,475807.9583333333
DC-PPO strict 1+5,95030400,95.0304,476588.375,476154.53125
DC-PPO strict 1+5,95081600,95.0816,477204.125,477669.9375
DC-PPO strict 1+5,95132800,95.1328,479217.3125,478312.9583333333
DC-PPO strict 1+5,95184000,95.184,478517.4375,479293.21875
DC-PPO strict 1+5,95235200,95.2352,480144.90625,478743.75
DC-PPO strict 1+5,95286400,95.2864,477568.90625,478783.1979166667
DC-PPO strict 1+5,95337600,95.3376,478635.78125,478032.2916666667
DC-PPO strict 1+5,95388800,95.3888,477892.1875,477047.8645833333
DC-PPO strict 1+5,95440000,95.44,474615.625,476293.7083333333
DC-PPO strict 1+5,95491200,95.4912,476373.3125,475677.84375
DC-PPO strict 1+5,95542400,95.5424,476044.59375,476097.5520833333
DC-PPO strict 1+5,95593600,95.5936,475874.75,475138.0
DC-PPO strict 1+5,95644800,95.6448,473494.65625,474404.4479166667
DC-PPO strict 1+5,95696000,95.696,473843.9375,473899.4583333333
DC-PPO strict 1+5,95747200,95.7472,474359.78125,473793.75
DC-PPO strict 1+5,95798400,95.7984,473177.53125,473126.65625
DC-PPO strict 1+5,95849600,95.8496,471842.65625,472278.7916666667
DC-PPO strict 1+5,95900800,95.9008,471816.1875,471988.40625
DC-PPO strict 1+5,95952000,95.952,472306.375,472171.4895833333
DC-PPO strict 1+5,96003200,96.0032,472391.90625,473052.4375
DC-PPO strict 1+5,96054400,96.0544,474459.03125,474259.3645833333
DC-PPO strict 1+5,96105600,96.1056,475927.15625,474966.90625
DC-PPO strict 1+5,96156800,96.1568,474514.53125,475643.5
DC-PPO strict 1+5,96208000,96.208,476488.8125,475677.90625
DC-PPO strict 1+5,96259200,96.2592,476030.375,476009.1041666667
DC-PPO strict 1+5,96310400,96.3104,475508.125,475471.1875
DC-PPO strict 1+5,96361600,96.3616,474875.0625,474711.2291666667
DC-PPO strict 1+5,96412800,96.4128,473750.5,474290.9791666667
DC-PPO strict 1+5,96464000,96.464,474247.375,473971.375
DC-PPO strict 1+5,96515200,96.5152,473916.25,473421.8645833333
DC-PPO strict 1+5,96566400,96.5664,472101.96875,472814.2291666667
DC-PPO strict 1+5,96617600,96.6176,472424.46875,473178.0729166667
DC-PPO strict 1+5,96668800,96.6688,475007.78125,474072.8020833333
DC-PPO strict 1+5,96720000,96.72,474786.15625,474543.71875
DC-PPO strict 1+5,96771200,96.7712,473837.21875,475042.1041666667
DC-PPO strict 1+5,96822400,96.8224,476502.9375,474867.2708333333
DC-PPO strict 1+5,96873600,96.8736,474261.65625,473948.8020833333
DC-PPO strict 1+5,96924800,96.9248,471081.8125,472996.5416666667
DC-PPO strict 1+5,96976000,96.976,473646.15625,472246.0416666667
DC-PPO strict 1+5,97027200,97.0272,472010.15625,473494.9895833333
DC-PPO strict 1+5,97078400,97.0784,474828.65625,474719.65625
DC-PPO strict 1+5,97129600,97.1296,477320.15625,476947.0
DC-PPO strict 1+5,97180800,97.1808,478692.1875,478801.2604166667
DC-PPO strict 1+5,97232000,97.232,480391.4375,479876.9375
DC-PPO strict 1+5,97283200,97.2832,480547.1875,480603.6666666667
DC-PPO strict 1+5,97334400,97.3344,480872.375,480854.8020833333
DC-PPO strict 1+5,97385600,97.3856,481144.84375,481068.5
DC-PPO strict 1+5,97436800,97.4368,481188.28125,481839.09375
DC-PPO strict 1+5,97488000,97.488,483184.15625,482130.1458333333
DC-PPO strict 1+5,97539200,97.5392,482018.0,483005.1666666667
DC-PPO strict 1+5,97590400,97.5904,483813.34375,483027.84375
DC-PPO strict 1+5,97641600,97.6416,483252.1875,483365.0104166667
DC-PPO strict 1+5,97692800,97.6928,483029.5,483465.1979166667
DC-PPO strict 1+5,97744000,97.744,484113.90625,484477.4375
DC-PPO strict 1+5,97795200,97.7952,486288.90625,485627.2291666667
DC-PPO strict 1+5,97846400,97.8464,486478.875,486826.9791666667
DC-PPO strict 1+5,97897600,97.8976,487713.15625,487495.3958333333
DC-PPO strict 1+5,97948800,97.9488,488294.15625,488341.2395833333
DC-PPO strict 1+5,98000000,98.0,489016.40625,489832.2916666667
DC-PPO strict 1+5,98051200,98.0512,492186.3125,491103.65625
DC-PPO strict 1+5,98102400,98.1024,492108.25,492859.125
DC-PPO strict 1+5,98153600,98.1536,494282.8125,493188.0208333333
DC-PPO strict 1+5,98204800,98.2048,493173.0,493943.5625
DC-PPO strict 1+5,98256000,98.256,494374.875,493496.53125
DC-PPO strict 1+5,98307200,98.3072,492941.71875,493157.7083333333
DC-PPO strict 1+5,98358400,98.3584,492156.53125,492253.1145833333
DC-PPO strict 1+5,98409600,98.4096,491661.09375,493141.5520833333
DC-PPO strict 1+5,98460800,98.4608,495607.03125,494398.03125
DC-PPO strict 1+5,98512000,98.512,495925.96875,496988.1458333333
DC-PPO strict 1+5,98563200,98.5632,499431.4375,499557.8125
DC-PPO strict 1+5,98614400,98.6144,503316.03125,501442.8020833333
DC-PPO strict 1+5,98665600,98.6656,501580.9375,502227.0625
DC-PPO strict 1+5,98716800,98.7168,501784.21875,501405.2708333333
DC-PPO strict 1+5,98768000,98.768,500850.65625,500464.9583333333
DC-PPO strict 1+5,98819200,98.8192,498760.0,498868.3854166667
DC-PPO strict 1+5,98870400,98.8704,496994.5,495761.3125
DC-PPO strict 1+5,98921600,98.9216,491529.4375,493459.2395833333
DC-PPO strict 1+5,98972800,98.9728,491853.78125,492839.96875
DC-PPO strict 1+5,99024000,99.024,495136.6875,494657.5
DC-PPO strict 1+5,99075200,99.0752,496982.03125,495510.3645833333
DC-PPO strict 1+5,99126400,99.1264,494412.375,495022.25
DC-PPO strict 1+5,99177600,99.1776,493672.34375,495236.7604166667
DC-PPO strict 1+5,99228800,99.2288,497625.5625,496236.9791666667
DC-PPO strict 1+5,99280000,99.28,497413.03125,497301.0833333333
DC-PPO strict 1+5,99331200,99.3312,496864.65625,497785.6354166667
DC-PPO strict 1+5,99382400,99.3824,499079.21875,497416.1979166667
DC-PPO strict 1+5,99433600,99.4336,496304.71875,497777.8333333333
DC-PPO strict 1+5,99484800,99.4848,497949.5625,496772.8229166667
DC-PPO strict 1+5,99536000,99.536,496064.1875,496346.59375
DC-PPO strict 1+5,99587200,99.5872,495026.03125,495163.5833333333
DC-PPO strict 1+5,99638400,99.6384,494400.53125,494101.1770833333
DC-PPO strict 1+5,99689600,99.6896,492876.96875,493260.6458333333
DC-PPO strict 1+5,99740800,99.7408,492504.4375,492807.5416666667
DC-PPO strict 1+5,99792000,99.792,493041.21875,492196.5
DC-PPO strict 1+5,99843200,99.8432,491043.84375,491791.6875
DC-PPO strict 1+5,99894400,99.8944,491290.0,490514.8958333333
DC-PPO strict 1+5,99945600,99.9456,489210.84375,489307.0208333333
DC-PPO strict 1+5,99996800,99.9968,487420.21875,488315.53125
Q0 polar + curriculum (live),25600,0.0256,140232.125,143404.8515625
Q0 polar + curriculum (live),76800,0.0768,146577.578125,143597.25520833334
Q0 polar + curriculum (live),128000,0.128,143982.0625,148148.36979166666
Q0 polar + curriculum (live),179200,0.1792,153885.46875,148737.42708333334
Q0 polar + curriculum (live),230400,0.2304,148344.75,152603.33854166666
Q0 polar + curriculum (live),281600,0.2816,155579.796875,152544.18229166666
Q0 polar + curriculum (live),332800,0.3328,153708.0,157185.14583333334
Q0 polar + curriculum (live),384000,0.384,162267.640625,160440.11979166666
Q0 polar + curriculum (live),435200,0.4352,165344.71875,164769.74479166666
Q0 polar + curriculum (live),486400,0.4864,166696.875,168916.609375
Q0 polar + curriculum (live),537600,0.5376,174708.234375,174798.171875
Q0 polar + curriculum (live),588800,0.5888,182989.40625,180398.859375
Q0 polar + curriculum (live),640000,0.64,183498.9375,186293.69270833334
Q0 polar + curriculum (live),691200,0.6912,192392.734375,190732.68229166666
Q0 polar + curriculum (live),742400,0.7424,196306.375,198403.34375
Q0 polar + curriculum (live),793600,0.7936,206510.921875,204002.375
Q0 polar + curriculum (live),844800,0.8448,209189.828125,208970.453125
Q0 polar + curriculum (live),896000,0.896,211210.609375,211900.89583333334
Q0 polar + curriculum (live),947200,0.9472,215302.25,217129.97395833334
Q0 polar + curriculum (live),998400,0.9984,224877.0625,222951.11458333334
Q0 polar + curriculum (live),1049600,1.0496,228674.03125,228022.84895833334
Q0 polar + curriculum (live),1100800,1.1008,230517.453125,232404.77083333334
Q0 polar + curriculum (live),1152000,1.152,238022.828125,234859.35416666666
Q0 polar + curriculum (live),1203200,1.2032,236037.78125,238212.30208333334
Q0 polar + curriculum (live),1254400,1.2544,240576.296875,240298.36979166666
Q0 polar + curriculum (live),1305600,1.3056,244281.03125,247072.71354166666
Q0 polar + curriculum (live),1356800,1.3568,256360.8125,250651.04166666666
Q0 polar + curriculum (live),1408000,1.408,251311.28125,254296.03645833334
Q0 polar + curriculum (live),1459200,1.4592,255216.015625,255546.71875
Q0 polar + curriculum (live),1510400,1.5104,260112.859375,258842.34895833334
Q0 polar + curriculum (live),1561600,1.5616,261198.171875,261339.67708333334
Q0 polar + curriculum (live),1612800,1.6128,262708.0,263790.7552083333
Q0 polar + curriculum (live),1664000,1.664,267466.09375,265410.6875
Q0 polar + curriculum (live),1715200,1.7152,266057.96875,267502.0520833333
Q0 polar + curriculum (live),1766400,1.7664,268982.09375,269340.96875
Q0 polar + curriculum (live),1817600,1.8176,272982.84375,273214.25
Q0 polar + curriculum (live),1868800,1.8688,277677.8125,273735.5625
Q0 polar + curriculum (live),1920000,1.92,270546.03125,272865.21875
Q0 polar + curriculum (live),1971200,1.9712,270371.8125,272329.65625
Q0 polar + curriculum (live),2022400,2.0224,276071.125,276844.59375
Q0 polar + curriculum (live),2073600,2.0736,284090.84375,281180.9583333333
Q0 polar + curriculum (live),2124800,2.1248,283380.90625,284243.9895833333
Q0 polar + curriculum (live),2176000,2.176,285260.21875,283607.90625
Q0 polar + curriculum (live),2227200,2.2272,282182.59375,283468.15625
Q0 polar + curriculum (live),2278400,2.2784,282961.65625,283985.6041666667
Q0 polar + curriculum (live),2329600,2.3296,286812.5625,285130.7395833333
Q0 polar + curriculum (live),2380800,2.3808,285618.0,289521.4479166667
Q0 polar + curriculum (live),2432000,2.432,296133.78125,293591.6354166667
Q0 polar + curriculum (live),2483200,2.4832,299023.125,296571.0833333333
Q0 polar + curriculum (live),2534400,2.5344,294556.34375,297458.2291666667
Q0 polar + curriculum (live),2585600,2.5856,298795.21875,296262.5
Q0 polar + curriculum (live),2636800,2.6368,295435.9375,293702.4479166667
Q0 polar + curriculum (live),2688000,2.688,286876.1875,293787.34375
Q0 polar + curriculum (live),2739200,2.7392,299049.90625,294621.8333333333
Q0 polar + curriculum (live),2790400,2.7904,297939.40625,300070.5520833333
Q0 polar + curriculum (live),2841600,2.8416,303222.34375,299442.0416666667
Q0 polar + curriculum (live),2892800,2.8928,297164.375,301107.7708333333
Q0 polar + curriculum (live),2944000,2.944,302936.59375,303003.2604166667
Q0 polar + curriculum (live),2995200,2.9952,308908.8125,307817.1354166667
Q0 polar + curriculum (live),3046400,3.0464,311606.0,309145.1979166667
Q0 polar + curriculum (live),3097600,3.0976,306920.78125,308920.1666666667
Q0 polar + curriculum (live),3148800,3.1488,308233.71875,306661.8854166667
Q0 polar + curriculum (live),3200000,3.2,304831.15625,306077.7291666667
Q0 polar + curriculum (live),3251200,3.2512,305168.3125,305670.4583333333
Q0 polar + curriculum (live),3302400,3.3024,307011.90625,308273.7291666667
Q0 polar + curriculum (live),3353600,3.3536,312640.96875,311158.3229166667
Q0 polar + curriculum (live),3404800,3.4048,313822.09375,313907.6666666667
Q0 polar + curriculum (live),3456000,3.456,315259.9375,314609.125
Q0 polar + curriculum (live),3507200,3.5072,314745.34375,314510.5833333333
Q0 polar + curriculum (live),3558400,3.5584,313526.46875,313034.8229166667
Q0 polar + curriculum (live),3609600,3.6096,310832.65625,312928.84375
Q0 polar + curriculum (live),3660800,3.6608,314427.40625,315941.7291666667
Q0 polar + curriculum (live),3712000,3.712,322565.125,319736.84375
Q0 polar + curriculum (live),3763200,3.7632,322218.0,321075.9479166667
Q0 polar + curriculum (live),3814400,3.8144,318444.71875,319308.3541666667
Q0 polar + curriculum (live),3865600,3.8656,317262.34375,319092.59375
Q0 polar + curriculum (live),3916800,3.9168,321570.71875,317932.65625
Q0 polar + curriculum (live),3968000,3.968,314964.90625,316174.1145833333
Q0 polar + curriculum (live),4019200,4.0192,311986.71875,315856.5208333333
Q0 polar + curriculum (live),4070400,4.0704,320617.9375,319299.4895833333
Q0 polar + curriculum (live),4121600,4.1216,325293.8125,323406.3125
Q0 polar + curriculum (live),4172800,4.1728,324307.1875,325310.8645833333
Q0 polar + curriculum (live),4224000,4.224,326331.59375,323535.5104166667
Q0 polar + curriculum (live),4275200,4.2752,319967.75,323678.0416666667
Q0 polar + curriculum (live),4326400,4.3264,324734.78125,324323.5416666667
Q0 polar + curriculum (live),4377600,4.3776,328268.09375,323714.40625
Q0 polar + curriculum (live),4428800,4.4288,318140.34375,325328.8333333333
Q0 polar + curriculum (live),4480000,4.48,329578.0625,327421.59375
Q0 polar + curriculum (live),4531200,4.5312,334546.375,330311.1770833333
Q0 polar + curriculum (live),4582400,4.5824,326809.09375,330613.4895833333
Q0 polar + curriculum (live),4633600,4.6336,330485.0,325663.1666666667
Q0 polar + curriculum (live),4684800,4.6848,319695.40625,324719.75
Q0 polar + curriculum (live),4736000,4.736,323978.84375,323488.6145833333
Q0 polar + curriculum (live),4787200,4.7872,326791.59375,327999.2604166667
Q0 polar + curriculum (live),4838400,4.8384,333227.34375,330838.34375
Q0 polar + curriculum (live),4889600,4.8896,332496.09375,331756.6458333333
Q0 polar + curriculum (live),4940800,4.9408,329546.5,330573.1875
Q0 polar + curriculum (live),4992000,4.992,329676.96875,330396.2083333333
Q0 polar + curriculum (live),5043200,5.0432,331965.15625,333885.2604166667
Q0 polar + curriculum (live),5094400,5.0944,340013.65625,336031.2395833333
Q0 polar + curriculum (live),5145600,5.1456,336114.90625,336320.4166666667
Q0 polar + curriculum (live),5196800,5.1968,332832.6875,334737.3958333333
Q0 polar + curriculum (live),5248000,5.248,335264.59375,335210.8229166667
Q0 polar + curriculum (live),5299200,5.2992,337535.1875,334026.2395833333
Q0 polar + curriculum (live),5350400,5.3504,329278.9375,333752.8958333333
Q0 polar + curriculum (live),5401600,5.4016,334444.5625,332276.9479166667
Q0 polar + curriculum (live),5452800,5.4528,333107.34375,334723.8541666667
Q0 polar + curriculum (live),5504000,5.504,336619.65625,337240.40625
Q0 polar + curriculum (live),5555200,5.5552,341994.21875,338664.4270833333
Q0 polar + curriculum (live),5606400,5.6064,337379.40625,337662.8125
Q0 polar + curriculum (live),5657600,5.6576,333614.8125,333968.1458333333
Q0 polar + curriculum (live),5708800,5.7088,330910.21875,333275.0208333333
Q0 polar + curriculum (live),5760000,5.76,335300.03125,332045.8958333333
Q0 polar + curriculum (live),5811200,5.8112,329927.4375,332745.125
Q0 polar + curriculum (live),5862400,5.8624,333007.90625,333186.3645833333
Q0 polar + curriculum (live),5913600,5.9136,336623.75,335994.6666666667
Q0 polar + curriculum (live),5964800,5.9648,338352.34375,337900.84375
Q0 polar + curriculum (live),6016000,6.016,338726.4375,338471.1666666667
Q0 polar + curriculum (live),6067200,6.0672,338334.71875,340554.34375
Q0 polar + curriculum (live),6118400,6.1184,344601.875,340004.0208333333
Q0 polar + curriculum (live),6169600,6.1696,337075.46875,340518.6145833333
Q0 polar + curriculum (live),6220800,6.2208,339878.5,340878.53125
Q0 polar + curriculum (live),6272000,6.272,345681.625,344960.8541666667
Q0 polar + curriculum (live),6323200,6.3232,349322.4375,347325.4166666667
Q0 polar + curriculum (live),6374400,6.3744,346972.1875,347855.5208333333
Q0 polar + curriculum (live),6425600,6.4256,347271.9375,344705.3333333333
Q0 polar + curriculum (live),6476800,6.4768,339871.875,348989.125
Q0 polar + curriculum (live),6528000,6.528,359823.5625,348393.7916666667
Q0 polar + curriculum (live),6579200,6.5792,345485.9375,350913.71875
Q0 polar + curriculum (live),6630400,6.6304,347431.65625,345227.7708333333
Q0 polar + curriculum (live),6681600,6.6816,342765.71875,342461.8333333333
Q0 polar + curriculum (live),6732800,6.7328,337188.125,340863.4791666667
Q0 polar + curriculum (live),6784000,6.784,342636.59375,338248.7708333333
Q0 polar + curriculum (live),6835200,6.8352,334921.59375,340916.8020833333
Q0 polar + curriculum (live),6886400,6.8864,345192.21875,341432.28125
Q0 polar + curriculum (live),6937600,6.9376,344183.03125,346364.9791666667
Q0 polar + curriculum (live),6988800,6.9888,349719.6875,346669.6041666667
Q0 polar + curriculum (live),7040000,7.04,346106.09375,347058.71875
Q0 polar + curriculum (live),7091200,7.0912,345350.375,345371.1875
Q0 polar + curriculum (live),7142400,7.1424,344657.09375,348352.0104166667
Q0 polar + curriculum (live),7193600,7.1936,355048.5625,347250.09375
Q0 polar + curriculum (live),7244800,7.2448,342044.625,348028.5729166667
Q0 polar + curriculum (live),7296000,7.296,346992.53125,343346.4479166667
Q0 polar + curriculum (live),7347200,7.3472,341002.1875,345117.0208333333
Q0 polar + curriculum (live),7398400,7.3984,347356.34375,343987.9895833333
Q0 polar + curriculum (live),7449600,7.4496,343605.4375,348054.5520833333
Q0 polar + curriculum (live),7500800,7.5008,353201.875,347931.0416666667
Q0 polar + curriculum (live),7552000,7.552,346985.8125,349990.9479166667
Q0 polar + curriculum (live),7603200,7.6032,349785.15625,349977.3541666667
Q0 polar + curriculum (live),7654400,7.6544,353161.09375,349743.9166666667
Q0 polar + curriculum (live),7705600,7.7056,346285.5,351661.0520833333
Q0 polar + curriculum (live),7756800,7.7568,355536.5625,350491.8958333333
Q0 polar + curriculum (live),7808000,7.808,349653.625,351932.0
Q0 polar + curriculum (live),7859200,7.8592,350605.8125,350101.5104166667
Q0 polar + curriculum (live),7910400,7.9104,350045.09375,352548.21875
Q0 polar + curriculum (live),7961600,7.9616,356993.75,350284.1145833333
Q0 polar + curriculum (live),8012800,8.0128,343813.5,347973.59375
Q0 polar + curriculum (live),8064000,8.064,343113.53125,345607.6875
Q0 polar + curriculum (live),8115200,8.1152,349896.03125,344689.90625
Q0 polar + curriculum (live),8166400,8.1664,341060.15625,349092.875
Q0 polar + curriculum (live),8217600,8.2176,356322.4375,348619.0729166667
Q0 polar + curriculum (live),8268800,8.2688,348474.625,347548.6145833333
Q0 polar + curriculum (live),8320000,8.32,337848.78125,345496.875
Q0 polar + curriculum (live),8371200,8.3712,350167.21875,348298.4375
Q0 polar + curriculum (live),8422400,8.4224,356879.3125,355038.9791666667
Q0 polar + curriculum (live),8473600,8.4736,358070.40625,354272.875
Q0 polar + curriculum (live),8524800,8.5248,347868.90625,354556.96875
Q0 polar + curriculum (live),8576000,8.576,357731.59375,352321.4479166667
Q0 polar + curriculum (live),8627200,8.6272,351363.84375,357317.5520833333
Q0 polar + curriculum (live),8678400,8.6784,362857.21875,355545.8854166667
Q0 polar + curriculum (live),8729600,8.7296,352416.59375,358645.4895833333
Q0 polar + curriculum (live),8780800,8.7808,360662.65625,358079.7291666667
Q0 polar + curriculum (live),8832000,8.832,361159.9375,358728.5104166667
Q0 polar + curriculum (live),8883200,8.8832,354362.9375,356141.7604166667
Q0 polar + curriculum (live),8934400,8.9344,352902.40625,355094.9270833333
Q0 polar + curriculum (live),8985600,8.9856,358019.4375,356115.3958333333
Q0 polar + curriculum (live),9036800,9.0368,357424.34375,356592.96875
Q0 polar + curriculum (live),9088000,9.088,354335.125,355311.65625
Q0 polar + curriculum (live),9139200,9.1392,354175.5,355905.9479166667
Q0 polar + curriculum (live),9190400,9.1904,359207.21875,355301.65625
Q0 polar + curriculum (live),9241600,9.2416,352522.25,357562.9166666667
Q0 polar + curriculum (live),9292800,9.2928,360959.28125,357636.2291666667
Q0 polar + curriculum (live),9344000,9.344,359427.15625,358345.21875
Q0 polar + curriculum (live),9395200,9.3952,354649.21875,359654.25
Q0 polar + curriculum (live),9446400,9.4464,364886.375,359286.46875
Q0 polar + curriculum (live),9497600,9.4976,358323.8125,360376.59375
Q0 polar + curriculum (live),9548800,9.5488,357919.59375,357911.5625
Q0 polar + curriculum (live),9600000,9.6,357491.28125,356584.7083333333
Q0 polar + curriculum (live),9651200,9.6512,354343.25,358807.0625
Q0 polar + curriculum (live),9702400,9.7024,364586.65625,359088.6145833333
Q0 polar + curriculum (live),9753600,9.7536,358335.9375,360064.59375
Q0 polar + curriculum (live),9804800,9.8048,357271.1875,359663.0833333333
Q0 polar + curriculum (live),9856000,9.856,363382.125,361202.9583333333
Q0 polar + curriculum (live),9907200,9.9072,362955.5625,363591.2395833333
Q0 polar + curriculum (live),9958400,9.9584,364436.03125,363596.0
Q0 polar + curriculum (live),10009600,10.0096,363396.40625,363722.6666666667
Q0 polar + curriculum (live),10060800,10.0608,363335.5625,361586.875
Q0 polar + curriculum (live),10112000,10.112,358028.65625,359186.125
Q0 polar + curriculum (live),10163200,10.1632,356194.15625,358325.75
Q0 polar + curriculum (live),10214400,10.2144,360754.4375,359090.8125
Q0 polar + curriculum (live),10265600,10.2656,360323.84375,362694.9895833333
Q0 polar + curriculum (live),10316800,10.3168,367006.6875,361704.5
Q0 polar + curriculum (live),10368000,10.368,357782.96875,362974.7708333333
Q0 polar + curriculum (live),10419200,10.4192,364134.65625,362889.0520833333
Q0 polar + curriculum (live),10470400,10.4704,366749.53125,365029.2395833333
Q0 polar + curriculum (live),10521600,10.5216,364203.53125,364051.5104166667
Q0 polar + curriculum (live),10572800,10.5728,361201.46875,364026.6666666667
Q0 polar + curriculum (live),10624000,10.624,366675.0,362071.40625
Q0 polar + curriculum (live),10675200,10.6752,358337.75,363149.0520833333
Q0 polar + curriculum (live),10726400,10.7264,364434.40625,362042.8958333333
Q0 polar + curriculum (live),10777600,10.7776,363356.53125,362779.1666666667
Q0 polar + curriculum (live),10828800,10.8288,360546.5625,361870.6666666667
Q0 polar + curriculum (live),10880000,10.88,361708.90625,355461.8020833333
Q0 polar + curriculum (live),10931200,10.9312,344129.9375,354024.7291666667
Q0 polar + curriculum (live),10982400,10.9824,356235.34375,356020.4895833333
Q0 polar + curriculum (live),11033600,11.0336,367696.1875,362801.3854166667
Q0 polar + curriculum (live),11084800,11.0848,364472.625,365680.3958333333
Q0 polar + curriculum (live),11136000,11.136,364872.375,361267.0625
Q0 polar + curriculum (live),11187200,11.1872,354456.1875,360136.6979166667
Q0 polar + curriculum (live),11238400,11.2384,361081.53125,357694.6145833333
Q0 polar + curriculum (live),11289600,11.2896,357546.125,362783.9375
Q0 polar + curriculum (live),11340800,11.3408,369724.15625,365693.8020833333
Q0 polar + curriculum (live),11392000,11.392,369811.125,370080.6770833333
Q0 polar + curriculum (live),11443200,11.4432,370706.75,368940.5104166667
Q0 polar + curriculum (live),11494400,11.4944,366303.65625,368080.1770833333
Q0 polar + curriculum (live),11545600,11.5456,367230.125,363967.4791666667
Q0 polar + curriculum (live),11596800,11.5968,358368.65625,362166.5208333333
Q0 polar + curriculum (live),11648000,11.648,360900.78125,361611.65625
Q0 polar + curriculum (live),11699200,11.6992,365565.53125,365342.09375
Q0 polar + curriculum (live),11750400,11.7504,369559.96875,365175.875
Q0 polar + curriculum (live),11801600,11.8016,360402.125,364680.3125
Q0 polar + curriculum (live),11852800,11.8528,364078.84375,363748.1666666667
Q0 polar + curriculum (live),11904000,11.904,366763.53125,365387.2604166667
Q0 polar + curriculum (live),11955200,11.9552,365319.40625,366373.0
Q0 polar + curriculum (live),12006400,12.0064,367036.0625,367135.5
Q0 polar + curriculum (live),12057600,12.0576,369051.03125,369370.6770833333
Q0 polar + curriculum (live),12108800,12.1088,372024.9375,371968.09375
Q0 polar + curriculum (live),12160000,12.16,374828.3125,371180.3229166667
Q0 polar + curriculum (live),12211200,12.2112,366687.71875,368745.4166666667
Q0 polar + curriculum (live),12262400,12.2624,364720.21875,366813.2708333333
Q0 polar + curriculum (live),12313600,12.3136,369031.875,364971.5208333333
Q0 polar + curriculum (live),12364800,12.3648,361162.46875,364335.8229166667
Q0 polar + curriculum (live),12416000,12.416,362813.125,362251.65625
Q0 polar + curriculum (live),12467200,12.4672,362779.375,361559.6041666667
Q0 polar + curriculum (live),12518400,12.5184,359086.3125,363129.46875
Q0 polar + curriculum (live),12569600,12.5696,367522.71875,364431.5416666667
Q0 polar + curriculum (live),12620800,12.6208,366685.59375,364353.7395833333
Q0 polar + curriculum (live),12672000,12.672,358852.90625,366292.1041666667
Q0 polar + curriculum (live),12723200,12.7232,373337.8125,368278.3020833333
Q0 polar + curriculum (live),12774400,12.7744,372644.1875,373317.96875
Q0 polar + curriculum (live),12825600,12.8256,373971.90625,372776.8541666667
Q0 polar + curriculum (live),12876800,12.8768,371714.46875,371485.3958333333
Q0 polar + curriculum (live),12928000,12.928,368769.8125,369058.5416666667
Q0 polar + curriculum (live),12979200,12.9792,366691.34375,369715.3854166667
Q0 polar + curriculum (live),13030400,13.0304,373685.0,369653.3541666667
Q0 polar + curriculum (live),13081600,13.0816,368583.71875,372367.0208333333
Q0 polar + curriculum (live),13132800,13.1328,374832.34375,372166.5729166667
Q0 polar + curriculum (live),13184000,13.184,373083.65625,372357.0625
Q0 polar + curriculum (live),13235200,13.2352,369155.1875,367741.8333333333
Q0 polar + curriculum (live),13286400,13.2864,360986.65625,366647.65625
Q0 polar + curriculum (live),13337600,13.3376,369801.125,367090.5416666667
Q0 polar + curriculum (live),13388800,13.3888,370483.84375,369510.2708333333
Q0 polar + curriculum (live),13440000,13.44,368245.84375,367366.7291666667
Q0 polar + curriculum (live),13491200,13.4912,363370.5,369004.9895833333
Q0 polar + curriculum (live),13542400,13.5424,375398.625,371217.21875
Q0 polar + curriculum (live),13593600,13.5936,374882.53125,374037.90625
Q0 polar + curriculum (live),13644800,13.6448,371832.5625,371021.375
Q0 polar + curriculum (live),13696000,13.696,366349.03125,370413.3333333333
Q0 polar + curriculum (live),13747200,13.7472,373058.40625,371264.125
Q0 polar + curriculum (live),13798400,13.7984,374384.9375,373120.78125
Q0 polar + curriculum (live),13849600,13.8496,371919.0,375470.5833333333
Q0 polar + curriculum (live),13900800,13.9008,380107.8125,374293.3229166667
Q0 polar + curriculum (live),13952000,13.952,370853.15625,374899.0833333333
Q0 polar + curriculum (live),14003200,14.0032,373736.28125,371392.34375
Q0 polar + curriculum (live),14054400,14.0544,369587.59375,373396.4375
Q0 polar + curriculum (live),14105600,14.1056,376865.4375,371369.1458333333
Q0 polar + curriculum (live),14156800,14.1568,367654.40625,371620.7708333333
Q0 polar + curriculum (live),14208000,14.208,370342.46875,373906.5104166667
Q0 polar + curriculum (live),14259200,14.2592,383722.65625,375382.28125
Q0 polar + curriculum (live),14310400,14.3104,372081.71875,375749.15625
Q0 polar + curriculum (live),14361600,14.3616,371443.09375,370975.2083333333
Q0 polar + curriculum (live),14412800,14.4128,369400.8125,370952.46875
Q0 polar + curriculum (live),14464000,14.464,372013.5,371293.1875
Q0 polar + curriculum (live),14515200,14.5152,372465.25,374085.15625
Q0 polar + curriculum (live),14566400,14.5664,377776.71875,375419.90625
Q0 polar + curriculum (live),14617600,14.6176,376017.75,375656.09375
Q0 polar + curriculum (live),14668800,14.6688,373173.8125,374289.9479166667
Q0 polar + curriculum (live),14720000,14.72,373678.28125,372643.3541666667
Q0 polar + curriculum (live),14771200,14.7712,371077.96875,373453.2291666667
Q0 polar + curriculum (live),14822400,14.8224,375603.4375,373064.4791666667
Q0 polar + curriculum (live),14873600,14.8736,372512.03125,374813.5104166667
Q0 polar + curriculum (live),14924800,14.9248,376325.0625,372646.1979166667
Q0 polar + curriculum (live),14976000,14.976,369101.5,373627.0416666667
Q0 polar + curriculum (live),15027200,15.0272,375454.5625,373539.8333333333
Q0 polar + curriculum (live),15078400,15.0784,376063.4375,376663.5625
Q0 polar + curriculum (live),15129600,15.1296,378472.6875,378642.96875
Q0 polar + curriculum (live),15180800,15.1808,381392.78125,380928.4479166667
Q0 polar + curriculum (live),15232000,15.232,382919.875,379875.4375
Q0 polar + curriculum (live),15283200,15.2832,375313.65625,381377.9166666667
Q0 polar + curriculum (live),15334400,15.3344,385900.21875,378830.84375
Q0 polar + curriculum (live),15385600,15.3856,375278.65625,381484.1354166667
Q0 polar + curriculum (live),15436800,15.4368,383273.53125,381708.6770833333
Q0 polar + curriculum (live),15488000,15.488,386573.84375,384378.7604166667
Q0 polar + curriculum (live),15539200,15.5392,383288.90625,381569.4479166667
Q0 polar + curriculum (live),15590400,15.5904,374845.59375,376383.34375
Q0 polar + curriculum (live),15641600,15.6416,371015.53125,371819.2708333333
Q0 polar + curriculum (live),15692800,15.6928,369596.6875,372410.71875
Q0 polar + curriculum (live),15744000,15.744,376619.9375,375255.5
Q0 polar + curriculum (live),15795200,15.7952,379549.875,378404.75
Q0 polar + curriculum (live),15846400,15.8464,379044.4375,376482.59375
Q0 polar + curriculum (live),15897600,15.8976,370853.46875,378562.2916666667
Q0 polar + curriculum (live),15948800,15.9488,385788.96875,379312.28125
Q0 polar + curriculum (live),16000000,16.0,381294.40625,383620.625
Q0 polar + curriculum (live),16051200,16.0512,383778.5,381512.1979166667
Q0 polar + curriculum (live),16102400,16.1024,379463.6875,379718.625
Q0 polar + curriculum (live),16153600,16.1536,375913.6875,377528.90625
Q0 polar + curriculum (live),16204800,16.2048,377209.34375,377814.3645833333
Q0 polar + curriculum (live),16256000,16.256,380320.0625,380184.7083333333
Q0 polar + curriculum (live),16307200,16.3072,383024.71875,383798.34375
Q0 polar + curriculum (live),16358400,16.3584,388050.25,385054.8125
Q0 polar + curriculum (live),16409600,16.4096,384089.46875,385016.0208333333
Q0 polar + curriculum (live),16460800,16.4608,382908.34375,383470.2604166667
Q0 polar + curriculum (live),16512000,16.512,383412.96875,383375.0208333333
Q0 polar + curriculum (live),16563200,16.5632,383803.75,381660.0833333333
Q0 polar + curriculum (live),16614400,16.6144,377763.53125,380254.90625
Q0 polar + curriculum (live),16665600,16.6656,379197.4375,379858.1875
Q0 polar + curriculum (live),16716800,16.7168,382613.59375,380191.2395833333
Q0 polar + curriculum (live),16768000,16.768,378762.6875,380746.71875
Q0 polar + curriculum (live),16819200,16.8192,380863.875,382779.2708333333
Q0 polar + curriculum (live),16870400,16.8704,388711.25,382395.2291666667
Q0 polar + curriculum (live),16921600,16.9216,377610.5625,385050.3020833333
Q0 polar + curriculum (live),16972800,16.9728,388829.09375,381463.90625
Q0 polar + curriculum (live),17024000,17.024,377952.0625,381889.2708333333
Q0 polar + curriculum (live),17075200,17.0752,378886.65625,379694.21875
Q0 polar + curriculum (live),17126400,17.1264,382243.9375,380895.28125
Q0 polar + curriculum (live),17177600,17.1776,381555.25,385135.375
Q0 polar + curriculum (live),17228800,17.2288,391606.9375,386887.8958333333
Q0 polar + curriculum (live),17280000,17.28,387501.5,386371.7395833333
Q0 polar + curriculum (live),17331200,17.3312,380006.78125,381319.2395833333
Q0 polar + curriculum (live),17382400,17.3824,376449.4375,379405.375
Q0 polar + curriculum (live),17433600,17.4336,381759.90625,380659.5
Q0 polar + curriculum (live),17484800,17.4848,383769.15625,383801.6354166667
Q0 polar + curriculum (live),17536000,17.536,385875.84375,384325.7083333333
Q0 polar + curriculum (live),17587200,17.5872,383332.125,385605.4166666667
Q0 polar + curriculum (live),17638400,17.6384,387608.28125,387725.9270833333
Q0 polar + curriculum (live),17689600,17.6896,392237.375,390731.8541666667
Q0 polar + curriculum (live),17740800,17.7408,392349.90625,390633.1666666667
Q0 polar + curriculum (live),17792000,17.792,387312.21875,387040.3958333333
Q0 polar + curriculum (live),17843200,17.8432,381459.0625,384066.65625
Q0 polar + curriculum (live),17894400,17.8944,383428.6875,380758.3125
Q0 polar + curriculum (live),17945600,17.9456,377387.1875,380432.25
Q0 polar + curriculum (live),17996800,17.9968,380480.875,377515.6770833333
Q0 polar + curriculum (live),18048000,18.048,374678.96875,378485.2604166667
Q0 polar + curriculum (live),18099200,18.0992,380295.9375,381663.65625
Q0 polar + curriculum (live),18150400,18.1504,390016.0625,382287.5833333333
Q0 polar + curriculum (live),18201600,18.2016,376550.75,383300.25
Q0 polar + curriculum (live),18252800,18.2528,383333.9375,382459.1875
Q0 polar + curriculum (live),18304000,18.304,387492.875,385933.5833333333
Q0 polar + curriculum (live),18355200,18.3552,386973.9375,386646.3333333333
Q0 polar + curriculum (live),18406400,18.4064,385472.1875,385757.4791666667
Q0 polar + curriculum (live),18457600,18.4576,384826.3125,385001.75
Q0 polar + curriculum (live),18508800,18.5088,384706.75,382956.1145833333
Q0 polar + curriculum (live),18560000,18.56,379335.28125,383826.4791666667
Q0 polar + curriculum (live),18611200,18.6112,387437.40625,385481.25
Q0 polar + curriculum (live),18662400,18.6624,389671.0625,386281.9166666667
Q0 polar + curriculum (live),18713600,18.7136,381737.28125,384982.2291666667
Q0 polar + curriculum (live),18764800,18.7648,383538.34375,381931.7916666667
Q0 polar + curriculum (live),18816000,18.816,380519.75,382840.6041666667
Q0 polar + curriculum (live),18867200,18.8672,384463.71875,382662.2604166667
Q0 polar + curriculum (live),18918400,18.9184,383003.3125,384300.5833333333
Q0 polar + curriculum (live),18969600,18.9696,385434.71875,384155.5520833333
Q0 polar + curriculum (live),19020800,19.0208,384028.625,380798.6666666667
Q0 polar + curriculum (live),19072000,19.072,372932.65625,379908.9166666667
Q0 polar + curriculum (live),19123200,19.1232,382765.46875,380466.5
Q0 polar + curriculum (live),19174400,19.1744,385701.375,383054.84375
Q0 polar + curriculum (live),19225600,19.2256,380697.6875,380744.4791666667
Q0 polar + curriculum (live),19276800,19.2768,375834.375,379960.71875
Q0 polar + curriculum (live),19328000,19.328,383350.09375,381476.3645833333
Q0 polar + curriculum (live),19379200,19.3792,385244.625,386857.6354166667
Q0 polar + curriculum (live),19430400,19.4304,391978.1875,388137.6145833333
Q0 polar + curriculum (live),19481600,19.4816,387190.03125,385814.9791666667
Q0 polar + curriculum (live),19532800,19.5328,378276.71875,381806.0
Q0 polar + curriculum (live),19584000,19.584,379951.25,379416.78125
Q0 polar + curriculum (live),19635200,19.6352,380022.375,381407.9895833333
Q0 polar + curriculum (live),19686400,19.6864,384250.34375,383072.1041666667
Q0 polar + curriculum (live),19737600,19.7376,384943.59375,386035.1145833333
Q0 polar + curriculum (live),19788800,19.7888,388911.40625,385831.5625
Q0 polar + curriculum (live),19840000,19.84,383639.6875,385445.4583333333
Q0 polar + curriculum (live),19891200,19.8912,383785.28125,383187.5104166667
Q0 polar + curriculum (live),19942400,19.9424,382137.5625,381299.4791666667
Q0 polar + curriculum (live),19993600,19.9936,377975.59375,383810.8229166667
Q0 polar + curriculum (live),20044800,20.0448,391319.3125,384205.5104166667
Q0 polar + curriculum (live),20096000,20.096,383321.625,389650.59375
Q0 polar + curriculum (live),20147200,20.1472,394310.84375,385202.3229166667
Q0 polar + curriculum (live),20198400,20.1984,377974.5,386184.9166666667
Q0 polar + curriculum (live),20249600,20.2496,386269.40625,381274.0520833333
Q0 polar + curriculum (live),20300800,20.3008,379578.25,380092.2708333333
Q0 polar + curriculum (live),20352000,20.352,374429.15625,377787.4375
Q0 polar + curriculum (live),20403200,20.4032,379354.90625,380037.9895833333
Q0 polar + curriculum (live),20454400,20.4544,386329.90625,383704.7708333333
Q0 polar + curriculum (live),20505600,20.5056,385429.5,386825.7291666667
Q0 polar + curriculum (live),20556800,20.5568,388717.78125,384753.90625
Q0 polar + curriculum (live),20608000,20.608,380114.4375,384319.8333333333
Q0 polar + curriculum (live),20659200,20.6592,384127.28125,380427.21875
Q0 polar + curriculum (live),20710400,20.7104,377039.9375,382282.6875
Q0 polar + curriculum (live),20761600,20.7616,385680.84375,385298.7604166667
Q0 polar + curriculum (live),20812800,20.8128,393175.5,386627.0520833333
Q0 polar + curriculum (live),20864000,20.864,381024.8125,385034.0
Q0 polar + curriculum (live),20915200,20.9152,380901.6875,381822.71875
Q0 polar + curriculum (live),20966400,20.9664,383541.65625,383261.125
Q0 polar + curriculum (live),21017600,21.0176,385340.03125,384906.2395833333
Q0 polar + curriculum (live),21068800,21.0688,385837.03125,381193.4791666667
Q0 polar + curriculum (live),21120000,21.12,372403.375,378456.1354166667
Q0 polar + curriculum (live),21171200,21.1712,377128.0,375295.90625
Q0 polar + curriculum (live),21222400,21.2224,376356.34375,377288.0104166667
Q0 polar + curriculum (live),21273600,21.2736,378379.6875,377678.4375
Q0 polar + curriculum (live),21324800,21.3248,378299.28125,377733.84375
Q0 polar + curriculum (live),21376000,21.376,376522.5625,373884.7916666667
Q0 polar + curriculum (live),21427200,21.4272,366832.53125,375574.1979166667
Q0 polar + curriculum (live),21478400,21.4784,383367.5,376513.1770833333
Q0 polar + curriculum (live),21529600,21.5296,379339.5,380935.2291666667
Q0 polar + curriculum (live),21580800,21.5808,380098.6875,382499.4479166667
Q0 polar + curriculum (live),21632000,21.632,388060.15625,384300.6354166667
Q0 polar + curriculum (live),21683200,21.6832,384743.0625,384972.4166666667
Q0 polar + curriculum (live),21734400,21.7344,382114.03125,384557.1875
Q0 polar + curriculum (live),21785600,21.7856,386814.46875,386006.09375
Q0 polar + curriculum (live),21836800,21.8368,389089.78125,388619.8125
Q0 polar + curriculum (live),21888000,21.888,389955.1875,387816.875
Q0 polar + curriculum (live),21939200,21.9392,384405.65625,385117.5625
Q0 polar + curriculum (live),21990400,21.9904,380991.84375,383877.1666666667
Q0 polar + curriculum (live),22041600,22.0416,386234.0,385624.4791666667
Q0 polar + curriculum (live),22092800,22.0928,389647.59375,389104.0208333333
Q0 polar + curriculum (live),22144000,22.144,391430.46875,391080.59375
Q0 polar + curriculum (live),22195200,22.1952,392163.71875,390041.4479166667
Q0 polar + curriculum (live),22246400,22.2464,386530.15625,389291.78125
Q0 polar + curriculum (live),22297600,22.2976,389181.46875,388280.6041666667
Q0 polar + curriculum (live),22348800,22.3488,389130.1875,389565.6875
Q0 polar + curriculum (live),22400000,22.4,390385.40625,388373.7395833333
Q0 polar + curriculum (live),22451200,22.4512,385605.625,389075.0416666667
Q0 polar + curriculum (live),22502400,22.5024,391234.09375,390137.96875
Q0 polar + curriculum (live),22553600,22.5536,393574.1875,391281.1458333333
Q0 polar + curriculum (live),22604800,22.6048,389035.15625,388385.09375
Q0 polar + curriculum (live),22656000,22.656,382545.9375,387906.5208333333
Q0 polar + curriculum (live),22707200,22.7072,392138.46875,388418.3541666667
Q0 polar + curriculum (live),22758400,22.7584,390570.65625,393523.53125
Q0 polar + curriculum (live),22809600,22.8096,397861.46875,395093.90625
Q0 polar + curriculum (live),22860800,22.8608,396849.59375,393705.3020833333
Q0 polar + curriculum (live),22912000,22.912,386404.84375,391779.7395833333
Q0 polar + curriculum (live),22963200,22.9632,392084.78125,389163.1979166667
Q0 polar + curriculum (live),23014400,23.0144,388999.96875,389864.84375
Q0 polar + curriculum (live),23065600,23.0656,388509.78125,389476.9375
Q0 polar + curriculum (live),23116800,23.1168,390921.0625,389734.1979166667
Q0 polar + curriculum (live),23168000,23.168,389771.75,390494.03125
Q0 polar + curriculum (live),23219200,23.2192,390789.28125,390932.1041666667
Q0 polar + curriculum (live),23270400,23.2704,392235.28125,390223.8229166667
Q0 polar + curriculum (live),23321600,23.3216,387646.90625,389030.8125
Q0 polar + curriculum (live),23372800,23.3728,387210.25,386657.0833333333
Q0 polar + curriculum (live),23424000,23.424,385114.09375,389117.15625
Q0 polar + curriculum (live),23475200,23.4752,395027.125,390232.84375
Q0 polar + curriculum (live),23526400,23.5264,390557.3125,390796.75
Q0 polar + curriculum (live),23577600,23.5776,386805.8125,391124.7083333333
Q0 polar + curriculum (live),23628800,23.6288,396011.0,391667.3958333333
Q0 polar + curriculum (live),23680000,23.68,392185.375,393209.1875
Q0 polar + curriculum (live),23731200,23.7312,391431.1875,392941.375
Q0 polar + curriculum (live),23782400,23.7824,395207.5625,392485.9791666667
Q0 polar + curriculum (live),23833600,23.8336,390819.1875,392330.125
Q0 polar + curriculum (live),23884800,23.8848,390963.625,392788.2395833333
Q0 polar + curriculum (live),23936000,23.936,396581.90625,393802.2708333333
Q0 polar + curriculum (live),23987200,23.9872,393861.28125,393717.5833333333
Q0 polar + curriculum (live),24038400,24.0384,390709.5625,391287.8229166667
Q0 polar + curriculum (live),24089600,24.0896,389292.625,391343.5
Q0 polar + curriculum (live),24140800,24.1408,394028.3125,389080.3125
Q0 polar + curriculum (live),24192000,24.192,383920.0,390580.5
Q0 polar + curriculum (live),24243200,24.2432,393793.1875,387827.9583333333
Q0 polar + curriculum (live),24294400,24.2944,385770.6875,389333.9479166667
Q0 polar + curriculum (live),24345600,24.3456,388437.96875,387804.46875
Q0 polar + curriculum (live),24396800,24.3968,389204.75,391306.6666666667
Q0 polar + curriculum (live),24448000,24.448,396277.28125,393856.9375
Q0 polar + curriculum (live),24499200,24.4992,396088.78125,393961.1145833333
Q0 polar + curriculum (live),24550400,24.5504,389517.28125,393653.8125
Q0 polar + curriculum (live),24601600,24.6016,395355.375,393587.5729166667
Q0 polar + curriculum (live),24652800,24.6528,395890.0625,395983.7395833333
Q0 polar + curriculum (live),24704000,24.704,396705.78125,394897.7604166667
Q0 polar + curriculum (live),24755200,24.7552,392097.4375,394169.7291666667
Q0 polar + curriculum (live),24806400,24.8064,393705.96875,391936.4166666667
Q0 polar + curriculum (live),24857600,24.8576,390005.84375,392752.9791666667
Q0 polar + curriculum (live),24908800,24.9088,394547.125,393877.6666666667
Q0 polar + curriculum (live),24960000,24.96,397080.03125,392435.5104166667
Q0 polar + curriculum (live),25011200,25.0112,385679.375,392362.4166666667
Q0 polar + curriculum (live),25062400,25.0624,394327.84375,393709.5416666667
Q0 polar + curriculum (live),25113600,25.1136,401121.40625,396813.5
Q0 polar + curriculum (live),25164800,25.1648,394991.25,398347.9270833333
Q0 polar + curriculum (live),25216000,25.216,398931.125,396987.2708333333
Q0 polar + curriculum (live),25267200,25.2672,397039.4375,398410.7083333333
Q0 polar + curriculum (live),25318400,25.3184,399261.5625,396153.3020833333
Q0 polar + curriculum (live),25369600,25.3696,392158.90625,394586.2291666667
Q0 polar + curriculum (live),25420800,25.4208,392338.21875,393847.5104166667
Q0 polar + curriculum (live),25472000,25.472,397045.40625,395980.0833333333
Q0 polar + curriculum (live),25523200,25.5232,398556.625,395998.1875
Q0 polar + curriculum (live),25574400,25.5744,392392.53125,394516.90625
Q0 polar + curriculum (live),25625600,25.6256,392601.5625,394247.0625
Q0 polar + curriculum (live),25676800,25.6768,397747.09375,394656.7083333333
Q0 polar + curriculum (live),25728000,25.728,393621.46875,395561.9375
Q0 polar + curriculum (live),25779200,25.7792,395317.25,394022.3020833333
Q0 polar + curriculum (live),25830400,25.8304,393128.1875,395393.5
Q0 polar + curriculum (live),25881600,25.8816,397735.0625,396928.6041666667
Q0 polar + curriculum (live),25932800,25.9328,399922.5625,396013.3958333333
Q0 polar + curriculum (live),25984000,25.984,390382.5625,396199.78125
Q0 polar + curriculum (live),26035200,26.0352,398294.21875,394479.6354166667
Q0 polar + curriculum (live),26086400,26.0864,394762.125,398926.8333333333
Q0 polar + curriculum (live),26137600,26.1376,403724.15625,397013.9583333333
Q0 polar + curriculum (live),26188800,26.1888,392555.59375,398277.9895833333
Q0 polar + curriculum (live),26240000,26.24,398554.21875,397055.3125
Q0 polar + curriculum (live),26291200,26.2912,400056.125,397809.0520833333
Q0 polar + curriculum (live),26342400,26.3424,394816.8125,397193.90625
Q0 polar + curriculum (live),26393600,26.3936,396708.78125,398017.1354166667
Q0 polar + curriculum (live),26444800,26.4448,402525.8125,401716.0625
Q0 polar + curriculum (live),26496000,26.496,405913.59375,401937.9270833333
Q0 polar + curriculum (live),26547200,26.5472,397374.375,403618.9791666667
Q0 polar + curriculum (live),26598400,26.5984,407568.96875,402497.3333333333
Q0 polar + curriculum (live),26649600,26.6496,402548.65625,402601.1666666667
Q0 polar + curriculum (live),26700800,26.7008,397685.875,400536.28125
Q0 polar + curriculum (live),26752000,26.752,401374.3125,398754.9375
Q0 polar + curriculum (live),26803200,26.8032,397204.625,397336.6770833333
Q0 polar + curriculum (live),26854400,26.8544,393431.09375,396862.71875
Q0 polar + curriculum (live),26905600,26.9056,399952.4375,397433.4791666667
Q0 polar + curriculum (live),26956800,26.9568,398916.90625,401808.7083333333
Q0 polar + curriculum (live),27008000,27.008,406556.78125,403401.90625
Q0 polar + curriculum (live),27059200,27.0592,404732.03125,405974.3020833333
Q0 polar + curriculum (live),27110400,27.1104,406634.09375,405227.4791666667
Q0 polar + curriculum (live),27161600,27.1616,404316.3125,402756.15625
Q0 polar + curriculum (live),27212800,27.2128,397318.0625,400151.3229166667
Q0 polar + curriculum (live),27264000,27.264,398819.59375,399464.1770833333
Q0 polar + curriculum (live),27315200,27.3152,402254.875,402246.3958333333
Q0 polar + curriculum (live),27366400,27.3664,405664.71875,403113.7916666667
Q0 polar + curriculum (live),27417600,27.4176,401421.78125,401505.6354166667
Q0 polar + curriculum (live),27468800,27.4688,397430.40625,397023.3958333333
Q0 polar + curriculum (live),27520000,27.52,392218.0,397653.0104166667
Q0 polar + curriculum (live),27571200,27.5712,403310.625,397065.1979166667
Q0 polar + curriculum (live),27622400,27.6224,395666.96875,399598.4479166667
Q0 polar + curriculum (live),27673600,27.6736,399817.75,397307.0
Q0 polar + curriculum (live),27724800,27.7248,396436.28125,401790.4895833333
Q0 polar + curriculum (live),27776000,27.776,409117.4375,402332.3125
Q0 polar + curriculum (live),27827200,27.8272,401443.21875,405752.5104166667
Q0 polar + curriculum (live),27878400,27.8784,406696.875,403001.9479166667
Q0 polar + curriculum (live),27929600,27.9296,400865.75,405522.7708333333
Q0 polar + curriculum (live),27980800,27.9808,409005.6875,403798.7916666667
Q0 polar + curriculum (live),28032000,28.032,401524.9375,403019.8229166667
Q0 polar + curriculum (live),28083200,28.0832,398528.84375,398180.5416666667
Q0 polar + curriculum (live),28134400,28.1344,394487.84375,400308.9166666667
Q0 polar + curriculum (live),28185600,28.1856,407910.0625,403064.4166666667
Q0 polar + curriculum (live),28236800,28.2368,406795.34375,406740.5520833333
Q0 polar + curriculum (live),28288000,28.288,405516.25,405790.7708333333
Q0 polar + curriculum (live),28339200,28.3392,405060.71875,403195.78125
Q0 polar + curriculum (live),28390400,28.3904,399010.375,405884.7708333333
Q0 polar + curriculum (live),28441600,28.4416,413583.21875,405937.5625
Q0 polar + curriculum (live),28492800,28.4928,405219.09375,409293.1770833333
Q0 polar + curriculum (live),28544000,28.544,409077.21875,406260.65625
Q0 polar + curriculum (live),28595200,28.5952,404485.65625,406270.1770833333
Q0 polar + curriculum (live),28646400,28.6464,405247.65625,403613.2916666667
Q0 polar + curriculum (live),28697600,28.6976,401106.5625,403659.84375
Q0 polar + curriculum (live),28748800,28.7488,404625.3125,403169.90625
Q0 polar + curriculum (live),28800000,28.8,403777.84375,406431.96875
Q0 polar + curriculum (live),28851200,28.8512,410892.75,404195.84375
Q0 polar + curriculum (live),28902400,28.9024,397916.9375,404552.1458333333
Q0 polar + curriculum (live),28953600,28.9536,404846.75,402409.8645833333
Q0 polar + curriculum (live),29004800,29.0048,404465.90625,403079.5416666667
Q0 polar + curriculum (live),29056000,29.056,399925.96875,403284.9166666667
Q0 polar + curriculum (live),29107200,29.1072,405462.875,403035.3854166667
Q0 polar + curriculum (live),29158400,29.1584,403717.3125,403216.2916666667
Q0 polar + curriculum (live),29209600,29.2096,400468.6875,403923.0833333333
Q0 polar + curriculum (live),29260800,29.2608,407583.25,406786.7916666667
Q0 polar + curriculum (live),29312000,29.312,412308.4375,411446.25
Q0 polar + curriculum (live),29363200,29.3632,414447.0625,412798.1354166667
Q0 polar + curriculum (live),29414400,29.4144,411638.90625,410797.9270833333
Q0 polar + curriculum (live),29465600,29.4656,406307.8125,409897.71875
Q0 polar + curriculum (live),29516800,29.5168,411746.4375,409697.6145833333
Q0 polar + curriculum (live),29568000,29.568,411038.59375,408707.3541666667
Q0 polar + curriculum (live),29619200,29.6192,403337.03125,409581.3854166667
Q0 polar + curriculum (live),29670400,29.6704,414368.53125,408221.65625
Q0 polar + curriculum (live),29721600,29.7216,406959.40625,409185.96875
Q0 polar + curriculum (live),29772800,29.7728,406229.96875,405936.7395833333
Q0 polar + curriculum (live),29824000,29.824,404620.84375,406945.5104166667
Q0 polar + curriculum (live),29875200,29.8752,409985.71875,408773.375
Q0 polar + curriculum (live),29926400,29.9264,411713.5625,411069.84375
Q0 polar + curriculum (live),29977600,29.9776,411510.25,411991.3645833333
Q0 polar + curriculum (live),30028800,30.0288,412750.28125,414202.15625
Q0 polar + curriculum (live),30080000,30.08,418345.9375,413892.375
Q0 polar + curriculum (live),30131200,30.1312,410580.90625,416321.2395833333
Q0 polar + curriculum (live),30182400,30.1824,420036.875,413656.375
Q0 polar + curriculum (live),30233600,30.2336,410351.34375,417003.53125
Q0 polar + curriculum (live),30284800,30.2848,420622.375,416347.8229166667
Q0 polar + curriculum (live),30336000,30.336,418069.75,419715.125
Q0 polar + curriculum (live),30387200,30.3872,420453.25,418342.0208333333
Q0 polar + curriculum (live),30438400,30.4384,416503.0625,418926.4375
Q0 polar + curriculum (live),30489600,30.4896,419823.0,420120.78125
Q0 polar + curriculum (live),30540800,30.5408,424036.28125,423055.4791666667
Q0 polar + curriculum (live),30592000,30.592,425307.15625,422443.4583333333
Q0 polar + curriculum (live),30643200,30.6432,417986.9375,417780.0416666667
Q0 polar + curriculum (live),30694400,30.6944,410046.03125,414078.0625
Q0 polar + curriculum (live),30745600,30.7456,414201.21875,410866.78125
Q0 polar + curriculum (live),30796800,30.7968,408353.09375,415443.0
Q0 polar + curriculum (live),30848000,30.848,423774.6875,417840.7395833333
Q0 polar + curriculum (live),30899200,30.8992,421394.4375,424077.9270833333
Q0 polar + curriculum (live),30950400,30.9504,427064.65625,423831.4270833333
Q0 polar + curriculum (live),31001600,31.0016,423035.1875,422985.3125
Q0 polar + curriculum (live),31052800,31.0528,418856.09375,422049.7291666667
Q0 polar + curriculum (live),31104000,31.104,424257.90625,419894.4270833333
Q0 polar + curriculum (live),31155200,31.1552,416569.28125,419323.25
Q0 polar + curriculum (live),31206400,31.2064,417142.5625,415392.875
Q0 polar + curriculum (live),31257600,31.2576,412466.78125,415949.2916666667
Q0 polar + curriculum (live),31308800,31.3088,418238.53125,416999.6145833333
Q0 polar + curriculum (live),31360000,31.36,420293.53125,422931.9583333333
Q0 polar + curriculum (live),31411200,31.4112,430263.8125,422605.5
Q0 polar + curriculum (live),31462400,31.4624,417259.15625,421246.5416666667
Q0 polar + curriculum (live),31513600,31.5136,416216.65625,421753.7083333333
Q0 polar + curriculum (live),31564800,31.5648,431785.3125,421379.5520833333
Q0 polar + curriculum (live),31616000,31.616,416136.6875,422428.2604166667
Q0 polar + curriculum (live),31667200,31.6672,419362.78125,419313.2083333333
Q0 polar + curriculum (live),31718400,31.7184,422440.15625,423055.3229166667
Q0 polar + curriculum (live),31769600,31.7696,427363.03125,422748.5833333333
Q0 polar + curriculum (live),31820800,31.8208,418442.5625,422176.3125
Q0 polar + curriculum (live),31872000,31.872,420723.34375,420445.125
Q0 polar + curriculum (live),31923200,31.9232,422169.46875,422765.1666666667
Q0 polar + curriculum (live),31974400,31.9744,425402.6875,421585.40625
Q0 polar + curriculum (live),32025600,32.0256,417184.0625,419769.4270833333
Q0 polar + curriculum (live),32076800,32.0768,416721.53125,414176.6145833333
Q0 polar + curriculum (live),32128000,32.128,408624.25,414649.09375
Q0 polar + curriculum (live),32179200,32.1792,418601.5,414406.6875
Q0 polar + curriculum (live),32230400,32.2304,415994.3125,418501.7291666667
Q0 polar + curriculum (live),32281600,32.2816,420909.375,418413.6354166667
Q0 polar + curriculum (live),32332800,32.3328,418337.21875,417914.3125
Q0 polar + curriculum (live),32384000,32.384,414496.34375,415229.34375
Q0 polar + curriculum (live),32435200,32.4352,412854.46875,415351.5520833333
Q0 polar + curriculum (live),32486400,32.4864,418703.84375,415402.7604166667
Q0 polar + curriculum (live),32537600,32.5376,414649.96875,416396.2604166667
Q0 polar + curriculum (live),32588800,32.5888,415834.96875,416441.0625
Q0 polar + curriculum (live),32640000,32.64,418838.25,419160.8541666667
Q0 polar + curriculum (live),32691200,32.6912,422809.34375,417944.8854166667
Q0 polar + curriculum (live),32742400,32.7424,412187.0625,420842.4895833333
Q0 polar + curriculum (live),32793600,32.7936,427531.0625,420531.9375
Q0 polar + curriculum (live),32844800,32.8448,421877.6875,425820.25
Q0 polar + curriculum (live),32896000,32.896,428052.0,422020.0
Q0 polar + curriculum (live),32947200,32.9472,416130.3125,421240.28125
Q0 polar + curriculum (live),32998400,32.9984,419538.53125,418054.5416666667
Q0 polar + curriculum (live),33049600,33.0496,418494.78125,420046.9791666667
Q0 polar + curriculum (live),33100800,33.1008,422107.625,422327.5
Q0 polar + curriculum (live),33152000,33.152,426380.09375,422135.9583333333
Q0 polar + curriculum (live),33203200,33.2032,417920.15625,421496.2708333333
Q0 polar + curriculum (live),33254400,33.2544,420188.5625,421299.84375
Q0 polar + curriculum (live),33305600,33.3056,425790.8125,422699.40625
Q0 polar + curriculum (live),33356800,33.3568,422118.84375,422679.7604166667
Q0 polar + curriculum (live),33408000,33.408,420129.625,421507.7604166667
Q0 polar + curriculum (live),33459200,33.4592,422274.8125,421298.15625
Q0 polar + curriculum (live),33510400,33.5104,421490.03125,421140.2916666667
Q0 polar + curriculum (live),33561600,33.5616,419656.03125,418503.0729166667
Q0 polar + curriculum (live),33612800,33.6128,414363.15625,413796.5104166667
Q0 polar + curriculum (live),33664000,33.664,407370.34375,415282.8125
Q0 polar + curriculum (live),33715200,33.7152,424114.9375,416202.21875
Q0 polar + curriculum (live),33766400,33.7664,417121.375,420630.6458333333
Q0 polar + curriculum (live),33817600,33.8176,420655.625,419243.6354166667
Q0 polar + curriculum (live),33868800,33.8688,419953.90625,419790.0520833333
Q0 polar + curriculum (live),33920000,33.92,418760.625,420602.09375
Q0 polar + curriculum (live),33971200,33.9712,423091.75,421272.09375
Q0 polar + curriculum (live),34022400,34.0224,421963.90625,423817.7604166667
Q0 polar + curriculum (live),34073600,34.0736,426397.625,424894.375
Q0 polar + curriculum (live),34124800,34.1248,426321.59375,424239.9270833333
Q0 polar + curriculum (live),34176000,34.176,420000.5625,423661.0208333333
Q0 polar + curriculum (live),34227200,34.2272,424660.90625,424891.1354166667
Q0 polar + curriculum (live),34278400,34.2784,430011.9375,427736.40625
Q0 polar + curriculum (live),34329600,34.3296,428536.375,429232.28125
Q0 polar + curriculum (live),34380800,34.3808,429148.53125,427545.3020833333
Q0 polar + curriculum (live),34432000,34.432,424951.0,429147.40625
Q0 polar + curriculum (live),34483200,34.4832,433342.6875,427930.7916666667
Q0 polar + curriculum (live),34534400,34.5344,425498.6875,426315.34375
Q0 polar + curriculum (live),34585600,34.5856,420104.65625,426034.8333333333
Q0 polar + curriculum (live),34636800,34.6368,432501.15625,427094.2291666667
Q0 polar + curriculum (live),34688000,34.688,428676.875,427073.59375
Q0 polar + curriculum (live),34739200,34.7392,420042.75,423761.3958333333
Q0 polar + curriculum (live),34790400,34.7904,422564.5625,421676.1458333333
Q0 polar + curriculum (live),34841600,34.8416,422421.125,422798.9583333333
Q0 polar + curriculum (live),34892800,34.8928,423411.1875,422581.5729166667
Q0 polar + curriculum (live),34944000,34.944,421912.40625,424900.9375
Q0 polar + curriculum (live),34995200,34.9952,429379.21875,427876.21875
Q0 polar + curriculum (live),35046400,35.0464,432337.03125,430080.84375
Q0 polar + curriculum (live),35097600,35.0976,428526.28125,430730.15625
Q0 polar + curriculum (live),35148800,35.1488,431327.15625,428126.3541666667
Q0 polar + curriculum (live),35200000,35.2,424525.625,428036.2916666667
Q0 polar + curriculum (live),35251200,35.2512,428256.09375,428614.0625
Q0 polar + curriculum (live),35302400,35.3024,433060.46875,432194.78125
Q0 polar + curriculum (live),35353600,35.3536,435267.78125,434823.9479166667
Q0 polar + curriculum (live),35404800,35.4048,436143.59375,434785.7916666667
Q0 polar + curriculum (live),35456000,35.456,432946.0,430622.6354166667
Q0 polar + curriculum (live),35507200,35.5072,422778.3125,426912.4166666667
Q0 polar + curriculum (live),35558400,35.5584,425012.9375,424818.0833333333
Q0 polar + curriculum (live),35609600,35.6096,426663.0,428515.65625
Q0 polar + curriculum (live),35660800,35.6608,433871.03125,429479.34375
Q0 polar + curriculum (live),35712000,35.712,427904.0,428610.6041666667
Q0 polar + curriculum (live),35763200,35.7632,424056.78125,426067.0
Q0 polar + curriculum (live),35814400,35.8144,426240.21875,425202.9583333333
Q0 polar + curriculum (live),35865600,35.8656,425311.875,425036.3854166667
Q0 polar + curriculum (live),35916800,35.9168,423557.0625,425007.9791666667
Q0 polar + curriculum (live),35968000,35.968,426155.0,425231.5520833333
Q0 polar + curriculum (live),36019200,36.0192,425982.59375,430044.2395833333
Q0 polar + curriculum (live),36070400,36.0704,437995.125,430954.4166666667
Q0 polar + curriculum (live),36121600,36.1216,428885.53125,432059.7708333333
Q0 polar + curriculum (live),36172800,36.1728,429298.65625,431032.1354166667
Q0 polar + curriculum (live),36224000,36.224,434912.21875,432456.71875
Q0 polar + curriculum (live),36275200,36.2752,433159.28125,435921.65625
Q0 polar + curriculum (live),36326400,36.3264,439693.46875,435052.7083333333
Q0 polar + curriculum (live),36377600,36.3776,432305.375,435761.2604166667
Q0 polar + curriculum (live),36428800,36.4288,435284.9375,430720.84375
Q0 polar + curriculum (live),36480000,36.48,424572.21875,432937.375
Q0 polar + curriculum (live),36531200,36.5312,438954.96875,430598.46875
Q0 polar + curriculum (live),36582400,36.5824,428268.21875,431750.8541666667
Q0 polar + curriculum (live),36633600,36.6336,428029.375,428059.34375
Q0 polar + curriculum (live),36684800,36.6848,427880.4375,428793.28125
Q0 polar + curriculum (live),36736000,36.736,430470.03125,427585.4270833333
Q0 polar + curriculum (live),36787200,36.7872,424405.8125,429332.2083333333
Q0 polar + curriculum (live),36838400,36.8384,433120.78125,431038.7083333333
Q0 polar + curriculum (live),36889600,36.8896,435589.53125,433732.0104166667
Q0 polar + curriculum (live),36940800,36.9408,432485.71875,433711.21875
Q0 polar + curriculum (live),36992000,36.992,433058.40625,431707.5833333333
Q0 polar + curriculum (live),37043200,37.0432,429578.625,427867.84375
Q0 polar + curriculum (live),37094400,37.0944,420966.5,428702.4583333333
Q0 polar + curriculum (live),37145600,37.1456,435562.25,430746.8541666667
Q0 polar + curriculum (live),37196800,37.1968,435711.8125,435085.84375
Q0 polar + curriculum (live),37248000,37.248,433983.46875,435954.09375
Q0 polar + curriculum (live),37299200,37.2992,438167.0,432466.8125
Q0 polar + curriculum (live),37350400,37.3504,425249.96875,430918.0729166667
Q0 polar + curriculum (live),37401600,37.4016,429337.25,426048.875
Q0 polar + curriculum (live),37452800,37.4528,423559.40625,428672.90625
Q0 polar + curriculum (live),37504000,37.504,433122.0625,430800.21875
Q0 polar + curriculum (live),37555200,37.5552,435719.1875,434101.0104166667
Q0 polar + curriculum (live),37606400,37.6064,433461.78125,434683.8229166667
Q0 polar + curriculum (live),37657600,37.6576,434870.5,435735.4583333333
Q0 polar + curriculum (live),37708800,37.7088,438874.09375,438164.6354166667
Q0 polar + curriculum (live),37760000,37.76,440749.3125,438886.6979166667
Q0 polar + curriculum (live),37811200,37.8112,437036.6875,437969.2604166667
Q0 polar + curriculum (live),37862400,37.8624,436121.78125,438243.2395833333
Q0 polar + curriculum (live),37913600,37.9136,441571.25,434175.21875
Q0 polar + curriculum (live),37964800,37.9648,424832.625,432874.1875
Q0 polar + curriculum (live),38016000,38.016,432218.6875,429521.53125
Q0 polar + curriculum (live),38067200,38.0672,431513.28125,430374.5
Q0 polar + curriculum (live),38118400,38.1184,427391.53125,432086.3333333333
Q0 polar + curriculum (live),38169600,38.1696,437354.1875,430593.2708333333
Q0 polar + curriculum (live),38220800,38.2208,427034.09375,431932.5833333333
Q0 polar + curriculum (live),38272000,38.272,431409.46875,430815.4375
Q0 polar + curriculum (live),38323200,38.3232,434002.75,431332.8125
Q0 polar + curriculum (live),38374400,38.3744,428586.21875,431784.0833333333
Q0 polar + curriculum (live),38425600,38.4256,432763.28125,432019.1666666667
Q0 polar + curriculum (live),38476800,38.4768,434708.0,435982.6145833333
Q0 polar + curriculum (live),38528000,38.528,440476.5625,438871.8229166667
Q0 polar + curriculum (live),38579200,38.5792,441430.90625,438965.6041666667
Q0 polar + curriculum (live),38630400,38.6304,434989.34375,439065.90625
Q0 polar + curriculum (live),38681600,38.6816,440777.46875,439755.3333333333
Q0 polar + curriculum (live),38732800,38.7328,443499.1875,440286.5208333333
Q0 polar + curriculum (live),38784000,38.784,436582.90625,440098.21875
Q0 polar + curriculum (live),38835200,38.8352,440212.5625,440375.71875
Q0 polar + curriculum (live),38886400,38.8864,444331.6875,439966.4791666667
Q0 polar + curriculum (live),38937600,38.9376,435355.1875,441167.8958333333
Q0 polar + curriculum (live),38988800,38.9888,443816.8125,439156.9166666667
Q0 polar + curriculum (live),39040000,39.04,438298.75,438903.125
Q0 polar + curriculum (live),39091200,39.0912,434593.8125,437069.3333333333
Q0 polar + curriculum (live),39142400,39.1424,438315.4375,434564.7916666667
Q0 polar + curriculum (live),39193600,39.1936,430785.125,436704.625
Q0 polar + curriculum (live),39244800,39.2448,441013.3125,438978.15625
Q0 polar + curriculum (live),39296000,39.296,445136.03125,442421.0520833333
Q0 polar + curriculum (live),39347200,39.3472,441113.8125,440178.625
Q0 polar + curriculum (live),39398400,39.3984,434286.03125,437712.3229166667
Q0 polar + curriculum (live),39449600,39.4496,437737.125,439124.7395833333
Q0 polar + curriculum (live),39500800,39.5008,445351.0625,442631.8958333333
Q0 polar + curriculum (live),39552000,39.552,444807.5,444197.3854166667
Q0 polar + curriculum (live),39603200,39.6032,442433.59375,445362.5104166667
Q0 polar + curriculum (live),39654400,39.6544,448846.4375,443578.2395833333
Q0 polar + curriculum (live),39705600,39.7056,439454.6875,440319.3333333333
Q0 polar + curriculum (live),39756800,39.7568,432656.875,435477.3854166667
Q0 polar + curriculum (live),39808000,39.808,434320.59375,433085.4583333333
Q0 polar + curriculum (live),39859200,39.8592,432278.90625,435128.4270833333
Q0 polar + curriculum (live),39910400,39.9104,438785.78125,435937.09375
Q0 polar + curriculum (live),39961600,39.9616,436746.59375,436062.3020833333
Q0 polar + curriculum (live),40012800,40.0128,432654.53125,435869.125
Q0 polar + curriculum (live),40064000,40.064,438206.25,438308.4166666667
Q0 polar + curriculum (live),40115200,40.1152,444064.46875,440877.1145833333
Q0 polar + curriculum (live),40166400,40.1664,440360.625,440228.5729166667
Q0 polar + curriculum (live),40217600,40.2176,436260.625,434657.3020833333
Q0 polar + curriculum (live),40268800,40.2688,427350.65625,431799.2291666667
Q0 polar + curriculum (live),40320000,40.32,431786.40625,431746.3958333333
Q0 polar + curriculum (live),40371200,40.3712,436102.125,433047.21875
Q0 polar + curriculum (live),40422400,40.4224,431253.125,435616.9583333333
Q0 polar + curriculum (live),40473600,40.4736,439495.625,435302.5729166667
Q0 polar + curriculum (live),40524800,40.5248,435158.96875,434154.6666666667
Q0 polar + curriculum (live),40576000,40.576,427809.40625,436588.25
Q0 polar + curriculum (live),40627200,40.6272,446796.375,435163.125
Q0 polar + curriculum (live),40678400,40.6784,430883.59375,439952.7916666667
Q0 polar + curriculum (live),40729600,40.7296,442178.40625,439796.0729166667
Q0 polar + curriculum (live),40780800,40.7808,446326.21875,441081.78125
Q0 polar + curriculum (live),40832000,40.832,434740.71875,441306.1458333333
Q0 polar + curriculum (live),40883200,40.8832,442851.5,439161.1354166667
Q0 polar + curriculum (live),40934400,40.9344,439891.1875,440195.21875
Q0 polar + curriculum (live),40985600,40.9856,437842.96875,434978.65625
Q0 polar + curriculum (live),41036800,41.0368,427201.8125,434990.15625
Q0 polar + curriculum (live),41088000,41.088,439925.6875,434292.1979166667
Q0 polar + curriculum (live),41139200,41.1392,435749.09375,440773.3645833333
Q0 polar + curriculum (live),41190400,41.1904,446645.3125,442941.28125
Q0 polar + curriculum (live),41241600,41.2416,446429.4375,443473.1666666667
Q0 polar + curriculum (live),41292800,41.2928,437344.75,440505.6458333333
Q0 polar + curriculum (live),41344000,41.344,437742.75,440898.0625
Q0 polar + curriculum (live),41395200,41.3952,447606.6875,441713.0520833333
Q0 polar + curriculum (live),41446400,41.4464,439789.71875,442500.8020833333
Q0 polar + curriculum (live),41497600,41.4976,440106.0,439747.2604166667
Q0 polar + curriculum (live),41548800,41.5488,439346.0625,439981.8854166667
Q0 polar + curriculum (live),41600000,41.6,440493.59375,439655.09375
Q0 polar + curriculum (live),41651200,41.6512,439125.625,438360.8958333333
Q0 polar + curriculum (live),41702400,41.7024,435463.46875,437345.4270833333
Q0 polar + curriculum (live),41753600,41.7536,437447.1875,437910.0104166667
Q0 polar + curriculum (live),41804800,41.8048,440819.375,441835.21875
Q0 polar + curriculum (live),41856000,41.856,447239.09375,444590.5520833333
Q0 polar + curriculum (live),41907200,41.9072,445713.1875,445553.1666666667
Q0 polar + curriculum (live),41958400,41.9584,443707.21875,445814.3958333333
Q0 polar + curriculum (live),42009600,42.0096,448022.78125,445224.8645833333
Q0 polar + curriculum (live),42060800,42.0608,443944.59375,443912.8020833333
Q0 polar + curriculum (live),42112000,42.112,439771.03125,441331.8333333333
Q0 polar + curriculum (live),42163200,42.1632,440279.875,438830.8958333333
Q0 polar + curriculum (live),42214400,42.2144,436441.78125,437735.1041666667
Q0 polar + curriculum (live),42265600,42.2656,436483.65625,436090.5729166667
Q0 polar + curriculum (live),42316800,42.3168,435346.28125,437040.03125
Q0 polar + curriculum (live),42368000,42.368,439290.15625,438580.90625
Q0 polar + curriculum (live),42419200,42.4192,441106.28125,439632.875
Q0 polar + curriculum (live),42470400,42.4704,438502.1875,439541.1041666667
Q0 polar + curriculum (live),42521600,42.5216,439014.84375,439207.90625
Q0 polar + curriculum (live),42572800,42.5728,440106.6875,441027.7916666667
Q0 polar + curriculum (live),42624000,42.624,443961.84375,441504.25
Q0 polar + curriculum (live),42675200,42.6752,440444.21875,442825.78125
Q0 polar + curriculum (live),42726400,42.7264,444071.28125,441499.2083333333
Q0 polar + curriculum (live),42777600,42.7776,439982.125,441446.0520833333
Q0 polar + curriculum (live),42828800,42.8288,440284.75,436718.1979166667
Q0 polar + curriculum (live),42880000,42.88,429887.71875,437363.53125
Q0 polar + curriculum (live),42931200,42.9312,441918.125,435822.6875
Q0 polar + curriculum (live),42982400,42.9824,435662.21875,439136.8125
Q0 polar + curriculum (live),43033600,43.0336,439830.09375,438537.71875
Q0 polar + curriculum (live),43084800,43.0848,440120.84375,441024.7916666667
Q0 polar + curriculum (live),43136000,43.136,443123.4375,442378.2291666667
Q0 polar + curriculum (live),43187200,43.1872,443890.40625,446137.6354166667
Q0 polar + curriculum (live),43238400,43.2384,451399.0625,447070.1354166667
Q0 polar + curriculum (live),43289600,43.2896,445920.9375,447802.15625
Q0 polar + curriculum (live),43340800,43.3408,446086.46875,445340.5104166667
Q0 polar + curriculum (live),43392000,43.392,444014.125,445252.0416666667
Q0 polar + curriculum (live),43443200,43.4432,445655.53125,441996.71875
Q0 polar + curriculum (live),43494400,43.4944,436320.5,442239.9166666667
Q0 polar + curriculum (live),43545600,43.5456,444743.71875,441335.1041666667
Q0 polar + curriculum (live),43596800,43.5968,442941.09375,441901.6875
Q0 polar + curriculum (live),43648000,43.648,438020.25,439021.8333333333
Q0 polar + curriculum (live),43699200,43.6992,436104.15625,437879.3229166667
Q0 polar + curriculum (live),43750400,43.7504,439513.5625,438321.0520833333
Q0 polar + curriculum (live),43801600,43.8016,439345.4375,439567.6458333333
Q0 polar + curriculum (live),43852800,43.8528,439843.9375,440614.8333333333
Q0 polar + curriculum (live),43904000,43.904,442655.125,441876.9479166667
Q0 polar + curriculum (live),43955200,43.9552,443131.78125,446002.625
Q0 polar + curriculum (live),44006400,44.0064,452220.96875,448160.3958333333
Q0 polar + curriculum (live),44057600,44.0576,449128.4375,449927.6354166667
Q0 polar + curriculum (live),44108800,44.1088,448433.5,447438.0833333333
Q0 polar + curriculum (live),44160000,44.16,444752.3125,448617.4270833333
Q0 polar + curriculum (live),44211200,44.2112,452666.46875,449084.09375
Q0 polar + curriculum (live),44262400,44.2624,449833.5,451257.03125
Q0 polar + curriculum (live),44313600,44.3136,451271.125,448135.5416666667
Q0 polar + curriculum (live),44364800,44.3648,443302.0,448220.5104166667
Q0 polar + curriculum (live),44416000,44.416,450088.40625,445635.53125
Q0 polar + curriculum (live),44467200,44.4672,443516.1875,447118.5833333333
Q0 polar + curriculum (live),44518400,44.5184,447751.15625,445057.78125
Q0 polar + curriculum (live),44569600,44.5696,443906.0,448690.9479166667
Q0 polar + curriculum (live),44620800,44.6208,454415.6875,448270.40625
Q0 polar + curriculum (live),44672000,44.672,446489.53125,450123.3229166667
Q0 polar + curriculum (live),44723200,44.7232,449464.75,449565.34375
Q0 polar + curriculum (live),44774400,44.7744,452741.75,449232.78125
Q0 polar + curriculum (live),44825600,44.8256,445491.84375,446547.4895833333
Q0 polar + curriculum (live),44876800,44.8768,441408.875,444631.6458333333
Q0 polar + curriculum (live),44928000,44.928,446994.21875,444191.3020833333
Q0 polar + curriculum (live),44979200,44.9792,444170.8125,444281.2291666667
Q0 polar + curriculum (live),45030400,45.0304,441678.65625,444318.34375
Q0 polar + curriculum (live),45081600,45.0816,447105.5625,444024.0729166667
Q0 polar + curriculum (live),45132800,45.1328,443288.0,445629.7291666667
Q0 polar + curriculum (live),45184000,45.184,446495.625,449248.59375
Q0 polar + curriculum (live),45235200,45.2352,457962.15625,453477.5416666667
Q0 polar + curriculum (live),45286400,45.2864,455974.84375,453431.6354166667
Q0 polar + curriculum (live),45337600,45.3376,446357.90625,450862.15625
Q0 polar + curriculum (live),45388800,45.3888,450253.71875,448166.46875
Q0 polar + curriculum (live),45440000,45.44,447887.78125,449866.2083333333
Q0 polar + curriculum (live),45491200,45.4912,451457.125,449226.8541666667
Q0 polar + curriculum (live),45542400,45.5424,448335.65625,451515.8541666667
Q0 polar + curriculum (live),45593600,45.5936,454754.78125,451357.2916666667
Q0 polar + curriculum (live),45644800,45.6448,450981.4375,453348.46875
Q0 polar + curriculum (live),45696000,45.696,454309.1875,453987.6875
Q0 polar + curriculum (live),45747200,45.7472,456672.4375,456288.2916666667
Q0 polar + curriculum (live),45798400,45.7984,457883.25,456559.5416666667
Q0 polar + curriculum (live),45849600,45.8496,455122.9375,451522.75
Q0 polar + curriculum (live),45900800,45.9008,441562.0625,449161.3854166667
Q0 polar + curriculum (live),45952000,45.952,450799.15625,447429.7395833333
Q0 polar + curriculum (live),46003200,46.0032,449928.0,449488.4375
Q0 polar + curriculum (live),46054400,46.0544,447738.15625,449601.1875
Q0 polar + curriculum (live),46105600,46.1056,451137.40625,450475.3854166667
Q0 polar + curriculum (live),46156800,46.1568,452550.59375,452131.3333333333
Q0 polar + curriculum (live),46208000,46.208,452706.0,453105.4166666667
Q0 polar + curriculum (live),46259200,46.2592,454059.65625,454771.9166666667
Q0 polar + curriculum (live),46310400,46.3104,457550.09375,455877.5833333333
Q0 polar + curriculum (live),46361600,46.3616,456023.0,457044.3645833333
Q0 polar + curriculum (live),46412800,46.4128,457560.0,453757.65625
Q0 polar + curriculum (live),46464000,46.464,447689.96875,454655.1979166667
Q0 polar + curriculum (live),46515200,46.5152,458715.625,453617.15625
Q0 polar + curriculum (live),46566400,46.5664,454445.875,456966.3229166667
Q0 polar + curriculum (live),46617600,46.6176,457737.46875,456410.8333333333
Q0 polar + curriculum (live),46668800,46.6688,457049.15625,457089.125
Q0 polar + curriculum (live),46720000,46.72,456480.75,453173.6666666667
Q0 polar + curriculum (live),46771200,46.7712,445991.09375,453111.0833333333
Q0 polar + curriculum (live),46822400,46.8224,456861.40625,453892.8333333333
Q0 polar + curriculum (live),46873600,46.8736,458826.0,459560.1041666667
Q0 polar + curriculum (live),46924800,46.9248,462992.90625,457600.1458333333
Q0 polar + curriculum (live),46976000,46.976,450981.53125,457012.7291666667
Q0 polar + curriculum (live),47027200,47.0272,457063.75,454886.5520833333
Q0 polar + curriculum (live),47078400,47.0784,456614.375,456677.5625
Q0 polar + curriculum (live),47129600,47.1296,456354.5625,456168.25
Q0 polar + curriculum (live),47180800,47.1808,455535.8125,454960.1979166667
Q0 polar + curriculum (live),47232000,47.232,452990.21875,453150.6354166667
Q0 polar + curriculum (live),47283200,47.2832,450925.875,453633.3229166667
Q0 polar + curriculum (live),47334400,47.3344,456983.875,453418.65625
Q0 polar + curriculum (live),47385600,47.3856,452346.21875,454408.4895833333
Q0 polar + curriculum (live),47436800,47.4368,453895.375,453200.7083333333
Q0 polar + curriculum (live),47488000,47.488,453360.53125,454505.40625
Q0 polar + curriculum (live),47539200,47.5392,456260.3125,455937.8020833333
Q0 polar + curriculum (live),47590400,47.5904,458192.5625,457359.96875
Q0 polar + curriculum (live),47641600,47.6416,457627.03125,460050.40625
Q0 polar + curriculum (live),47692800,47.6928,464331.625,460472.125
Q0 polar + curriculum (live),47744000,47.744,459457.71875,463479.7604166667
Q0 polar + curriculum (live),47795200,47.7952,466649.9375,462216.4583333333
Q0 polar + curriculum (live),47846400,47.8464,460541.71875,463493.9479166667
Q0 polar + curriculum (live),47897600,47.8976,463290.1875,460670.84375
Q0 polar + curriculum (live),47948800,47.9488,458180.625,458968.75
Q0 polar + curriculum (live),48000000,48.0,455435.4375,458202.0104166667
Q0 polar + curriculum (live),48051200,48.0512,460989.96875,456914.3125
Q0 polar + curriculum (live),48102400,48.1024,454317.53125,457947.2395833333
Q0 polar + curriculum (live),48153600,48.1536,458534.21875,454950.1354166667
Q0 polar + curriculum (live),48204800,48.2048,451998.65625,455810.28125
Q0 polar + curriculum (live),48256000,48.256,456897.96875,454826.2708333333
Q0 polar + curriculum (live),48307200,48.3072,455582.1875,455862.4166666667
Q0 polar + curriculum (live),48358400,48.3584,455107.09375,456711.65625
Q0 polar + curriculum (live),48409600,48.4096,459445.6875,456859.4583333333
Q0 polar + curriculum (live),48460800,48.4608,456025.59375,458951.96875
Q0 polar + curriculum (live),48512000,48.512,461384.625,460243.7604166667
Q0 polar + curriculum (live),48563200,48.5632,463321.0625,460403.3229166667
Q0 polar + curriculum (live),48614400,48.6144,456504.28125,458094.8854166667
Q0 polar + curriculum (live),48665600,48.6656,454459.3125,457004.4479166667
Q0 polar + curriculum (live),48716800,48.7168,460049.75,458330.34375
Q0 polar + curriculum (live),48768000,48.768,460481.96875,462692.7395833333
Q0 polar + curriculum (live),48819200,48.8192,467546.5,461253.21875
Q0 polar + curriculum (live),48870400,48.8704,455731.1875,461307.5416666667
Q0 polar + curriculum (live),48921600,48.9216,460644.9375,459840.15625
Q0 polar + curriculum (live),48972800,48.9728,463144.34375,461051.3958333333
Q0 polar + curriculum (live),49024000,49.024,459364.90625,460682.6145833333
Q0 polar + curriculum (live),49075200,49.0752,459538.59375,461991.1666666667
Q0 polar + curriculum (live),49126400,49.1264,467070.0,465138.375
Q0 polar + curriculum (live),49177600,49.1776,468806.53125,468243.75
Q0 polar + curriculum (live),49228800,49.2288,468854.71875,468756.2916666667
Q0 polar + curriculum (live),49280000,49.28,468607.625,470181.1041666667
Q0 polar + curriculum (live),49331200,49.3312,473080.96875,470938.84375
Q0 polar + curriculum (live),49382400,49.3824,471127.9375,471370.875
Q0 polar + curriculum (live),49433600,49.4336,469903.71875,469332.4895833333
Q0 polar + curriculum (live),49484800,49.4848,466965.8125,469508.7604166667
Q0 polar + curriculum (live),49536000,49.536,471656.75,471846.875
Q0 polar + curriculum (live),49587200,49.5872,476918.0625,474686.2083333333
Q0 polar + curriculum (live),49638400,49.6384,475483.8125,475872.7604166667
Q0 polar + curriculum (live),49689600,49.6896,475216.40625,475200.0416666667
Q0 polar + curriculum (live),49740800,49.7408,474899.90625,475698.0729166667
Q0 polar + curriculum (live),49792000,49.792,476977.90625,475846.7083333333
Q0 polar + curriculum (live),49843200,49.8432,475662.3125,474141.0833333333
Q0 polar + curriculum (live),49894400,49.8944,469783.03125,471204.3333333333
Q0 polar + curriculum (live),49945600,49.9456,468167.65625,468315.1875
Q0 polar + curriculum (live),49996800,49.9968,466994.875,466644.7604166667
Q0 polar + curriculum (live),50048000,50.048,464771.75,465505.0
Q0 polar + curriculum (live),50099200,50.0992,464748.375,464193.03125
Q0 polar + curriculum (live),50150400,50.1504,463058.96875,463101.8229166667
Q0 polar + curriculum (live),50201600,50.2016,461498.125,464227.8958333333
Q0 polar + curriculum (live),50252800,50.2528,468126.59375,465877.0104166667
Q0 polar + curriculum (live),50304000,50.304,468006.3125,469042.0520833333
Q0 polar + curriculum (live),50355200,50.3552,470993.25,469522.9583333333
Q0 polar + curriculum (live),50406400,50.4064,469569.3125,469069.3229166667
Q0 polar + curriculum (live),50457600,50.4576,466645.40625,468329.9479166667
Q0 polar + curriculum (live),50508800,50.5088,468775.125,467149.3125
Q0 polar + curriculum (live),50560000,50.56,466027.40625,467973.09375
Q0 polar + curriculum (live),50611200,50.6112,469116.75,467772.1458333333
Q0 polar + curriculum (live),50662400,50.6624,468172.28125,470381.375
Q0 polar + curriculum (live),50713600,50.7136,473855.09375,472155.40625
Q0 polar + curriculum (live),50764800,50.7648,474438.84375,473615.5104166667
Q0 polar + curriculum (live),50816000,50.816,472552.59375,470895.6041666667
Q0 polar + curriculum (live),50867200,50.8672,465695.375,466603.5625
Q0 polar + curriculum (live),50918400,50.9184,461562.71875,463653.28125
Q0 polar + curriculum (live),50969600,50.9696,463701.75,464372.53125
Q0 polar + curriculum (live),51020800,51.0208,467853.125,466975.1666666667
Q0 polar + curriculum (live),51072000,51.072,469370.625,469038.875
Q0 polar + curriculum (live),51123200,51.1232,469892.875,467633.8541666667
Q0 polar + curriculum (live),51174400,51.1744,463638.0625,464187.2916666667
Q0 polar + curriculum (live),51225600,51.2256,459030.9375,461022.5625
Q0 polar + curriculum (live),51276800,51.2768,460398.6875,459548.2083333333
Q0 polar + curriculum (live),51328000,51.328,459215.0,459370.21875
Q0 polar + curriculum (live),51379200,51.3792,458496.96875,458651.6875
Q0 polar + curriculum (live),51430400,51.4304,458243.09375,457772.7395833333
Q0 polar + curriculum (live),51481600,51.4816,456578.15625,457596.09375
Q0 polar + curriculum (live),51532800,51.5328,457967.03125,459284.4375
Q0 polar + curriculum (live),51584000,51.584,463308.125,461823.8333333333
Q0 polar + curriculum (live),51635200,51.6352,464196.34375,463955.0104166667
Q0 polar + curriculum (live),51686400,51.6864,464360.5625,464259.7395833333
Q0 polar + curriculum (live),51737600,51.7376,464222.3125,464617.6354166667
Q0 polar + curriculum (live),51788800,51.7888,465270.03125,464691.28125
Q0 polar + curriculum (live),51840000,51.84,464581.5,464899.71875
Q0 polar + curriculum (live),51891200,51.8912,464847.625,465228.3541666667
Q0 polar + curriculum (live),51942400,51.9424,466255.9375,465952.53125
Q0 polar + curriculum (live),51993600,51.9936,466754.03125,467185.59375
Q0 polar + curriculum (live),52044800,52.0448,468546.8125,467943.7083333333
Q0 polar + curriculum (live),52096000,52.096,468530.28125,469241.46875
Q0 polar + curriculum (live),52147200,52.1472,470647.3125,466183.3229166667
Q0 polar + curriculum (live),52198400,52.1984,459372.375,464322.84375
Q0 polar + curriculum (live),52249600,52.2496,462948.84375,461517.65625
Q0 polar + curriculum (live),52300800,52.3008,462231.75,463161.5208333333
Q0 polar + curriculum (live),52352000,52.352,464303.96875,464067.3229166667
Q0 polar + curriculum (live),52403200,52.4032,465666.25,465259.6145833333
Q0 polar + curriculum (live),52454400,52.4544,465808.625,464472.6041666667
Q0 polar + curriculum (live),52505600,52.5056,461942.9375,463239.7916666667
Q0 polar + curriculum (live),52556800,52.5568,461967.8125,462954.2395833333
Q0 polar + curriculum (live),52608000,52.608,464951.96875,465531.6458333333
Q0 polar + curriculum (live),52659200,52.6592,469675.15625,469492.5833333333
Q0 polar + curriculum (live),52710400,52.7104,473850.625,470418.4895833333
Q0 polar + curriculum (live),52761600,52.7616,467729.6875,470487.3958333333
Q0 polar + curriculum (live),52812800,52.8128,469881.875,468422.3958333333
Q0 polar + curriculum (live),52864000,52.864,467655.625,467615.0833333333
Q0 polar + curriculum (live),52915200,52.9152,465307.75,465852.4583333333
Q0 polar + curriculum (live),52966400,52.9664,464594.0,466028.0833333333
Q0 polar + curriculum (live),53017600,53.0176,468182.5,467979.3645833333
Q0 polar + curriculum (live),53068800,53.0688,471161.59375,470989.1354166667
Q0 polar + curriculum (live),53120000,53.12,473623.3125,470143.90625
Q0 polar + curriculum (live),53171200,53.1712,465646.8125,467019.8645833333
Q0 polar + curriculum (live),53222400,53.2224,461789.46875,464093.1041666667
Q0 polar + curriculum (live),53273600,53.2736,464843.03125,464436.0625
Q0 polar + curriculum (live),53324800,53.3248,466675.6875,466965.7395833333
Q0 polar + curriculum (live),53376000,53.376,469378.5,466989.25
Q0 polar + curriculum (live),53427200,53.4272,464913.5625,466551.7395833333
Q0 polar + curriculum (live),53478400,53.4784,465363.15625,462627.2395833333
Q0 polar + curriculum (live),53529600,53.5296,457605.0,459735.6875
Q0 polar + curriculum (live),53580800,53.5808,456238.90625,456645.3645833333
Q0 polar + curriculum (live),53632000,53.632,456092.1875,457523.96875
Q0 polar + curriculum (live),53683200,53.6832,460240.8125,459397.09375
Q0 polar + curriculum (live),53734400,53.7344,461858.28125,460375.0729166667
Q0 polar + curriculum (live),53785600,53.7856,459026.125,460768.09375
Q0 polar + curriculum (live),53836800,53.8368,461419.875,460069.6979166667
Q0 polar + curriculum (live),53888000,53.888,459763.09375,460286.5729166667
Q0 polar + curriculum (live),53939200,53.9392,459676.75,460904.4895833333
Q0 polar + curriculum (live),53990400,53.9904,463273.625,462669.0104166667
Q0 polar + curriculum (live),54041600,54.0416,465056.65625,463168.7291666667
Q0 polar + curriculum (live),54092800,54.0928,461175.90625,462025.7916666667
Q0 polar + curriculum (live),54144000,54.144,459844.8125,460491.0625
Q0 polar + curriculum (live),54195200,54.1952,460452.46875,460757.4479166667
Q0 polar + curriculum (live),54246400,54.2464,461975.0625,462223.6770833333
Q0 polar + curriculum (live),54297600,54.2976,464243.5,461729.03125
Q0 polar + curriculum (live),54348800,54.3488,458968.53125,460606.8541666667
Q0 polar + curriculum (live),54400000,54.4,458608.53125,460164.6770833333
Q0 polar + curriculum (live),54451200,54.4512,462916.96875,459975.8541666667
Q0 polar + curriculum (live),54502400,54.5024,458402.0625,459913.03125
Q0 polar + curriculum (live),54553600,54.5536,458420.0625,456567.2916666667
Q0 polar + curriculum (live),54604800,54.6048,452879.75,456204.0833333333
Q0 polar + curriculum (live),54656000,54.656,457312.4375,456417.1041666667
Q0 polar + curriculum (live),54707200,54.7072,459059.125,458262.0208333333
Q0 polar + curriculum (live),54758400,54.7584,458414.5,459137.46875
Q0 polar + curriculum (live),54809600,54.8096,459938.78125,460596.28125
Q0 polar + curriculum (live),54860800,54.8608,463435.5625,459919.7916666667
Q0 polar + curriculum (live),54912000,54.912,456385.03125,458350.4375
Q0 polar + curriculum (live),54963200,54.9632,455230.71875,454744.2083333333
Q0 polar + curriculum (live),55014400,55.0144,452616.875,453018.8229166667
Q0 polar + curriculum (live),55065600,55.0656,451208.875,454580.34375
Q0 polar + curriculum (live),55116800,55.1168,459915.28125,455184.84375
Q0 polar + curriculum (live),55168000,55.168,454430.375,455917.6041666667
Q0 polar + curriculum (live),55219200,55.2192,453407.15625,457865.1875
Q0 polar + curriculum (live),55270400,55.2704,465758.03125,458812.15625
Q0 polar + curriculum (live),55321600,55.3216,457271.28125,462116.0833333333
Q0 polar + curriculum (live),55372800,55.3728,463318.9375,462773.15625
Q0 polar + curriculum (live),55424000,55.424,467729.25,465814.59375
Q0 polar + curriculum (live),55475200,55.4752,466395.59375,467447.3020833333
Q0 polar + curriculum (live),55526400,55.5264,468217.0625,466634.25
Q0 polar + curriculum (live),55577600,55.5776,465290.09375,466904.3958333333
Q0 polar + curriculum (live),55628800,55.6288,467206.03125,465688.9791666667
Q0 polar + curriculum (live),55680000,55.68,464570.8125,466447.625
Q0 polar + curriculum (live),55731200,55.7312,467566.03125,464831.5833333333
Q0 polar + curriculum (live),55782400,55.7824,462357.90625,463951.2395833333
Q0 polar + curriculum (live),55833600,55.8336,461929.78125,464075.8229166667
Q0 polar + curriculum (live),55884800,55.8848,467939.78125,466110.6979166667
Q0 polar + curriculum (live),55936000,55.936,468462.53125,467448.5416666667
Q0 polar + curriculum (live),55987200,55.9872,465943.3125,467695.9270833333
Q0 polar + curriculum (live),56038400,56.0384,468681.9375,467134.1145833333
Q0 polar + curriculum (live),56089600,56.0896,466777.09375,467141.3020833333
Q0 polar + curriculum (live),56140800,56.1408,465964.875,466640.2083333333
Q0 polar + curriculum (live),56192000,56.192,467178.65625,465572.65625
Q0 polar + curriculum (live),56243200,56.2432,463574.4375,465453.8541666667
Q0 polar + curriculum (live),56294400,56.2944,465608.46875,463950.90625
Q0 polar + curriculum (live),56345600,56.3456,462669.8125,464802.4895833333
Q0 polar + curriculum (live),56396800,56.3968,466129.1875,465533.1979166667
Q0 polar + curriculum (live),56448000,56.448,467800.59375,466849.1354166667
Q0 polar + curriculum (live),56499200,56.4992,466617.625,464754.1145833333
Q0 polar + curriculum (live),56550400,56.5504,459844.125,461793.3229166667
Q0 polar + curriculum (live),56601600,56.6016,458918.21875,458303.9583333333
Q0 polar + curriculum (live),56652800,56.6528,456149.53125,457453.4895833333
Q0 polar + curriculum (live),56704000,56.704,457292.71875,458594.875
Q0 polar + curriculum (live),56755200,56.7552,462342.375,459050.9166666667
Q0 polar + curriculum (live),56806400,56.8064,457517.65625,459928.0
Q0 polar + curriculum (live),56857600,56.8576,459923.96875,460302.125
Q0 polar + curriculum (live),56908800,56.9088,463464.75,463585.7395833333
Q0 polar + curriculum (live),56960000,56.96,467368.5,465253.2395833333
Q0 polar + curriculum (live),57011200,57.0112,464926.46875,466796.8541666667
Q0 polar + curriculum (live),57062400,57.0624,468095.59375,467040.6875
Q0 polar + curriculum (live),57113600,57.1136,468100.0,467479.59375
Q0 polar + curriculum (live),57164800,57.1648,466243.1875,466629.4270833333
Q0 polar + curriculum (live),57216000,57.216,465545.09375,465705.5833333333
Q0 polar + curriculum (live),57267200,57.2672,465328.46875,464425.375
Q0 polar + curriculum (live),57318400,57.3184,462402.5625,464521.375
Q0 polar + curriculum (live),57369600,57.3696,465833.09375,464792.5
Q0 polar + curriculum (live),57420800,57.4208,466141.84375,465909.8333333333
Q0 polar + curriculum (live),57472000,57.472,465754.5625,465776.8645833333
Q0 polar + curriculum (live),57523200,57.5232,465434.1875,467238.875
Q0 polar + curriculum (live),57574400,57.5744,470527.875,467269.8541666667
Q0 polar + curriculum (live),57625600,57.6256,465847.5,468291.1041666667
Q0 polar + curriculum (live),57676800,57.6768,468497.9375,468516.5520833333
Q0 polar + curriculum (live),57728000,57.728,471204.21875,470499.03125
Q0 polar + curriculum (live),57779200,57.7792,471794.9375,470364.2083333333
Q0 polar + curriculum (live),57830400,57.8304,468093.46875,470296.5625
Q0 polar + curriculum (live),57881600,57.8816,471001.28125,469524.25
Q0 polar + curriculum (live),57932800,57.9328,469478.0,469608.6354166667
Q0 polar + curriculum (live),57984000,57.984,468346.625,467469.09375
Q0 polar + curriculum (live),58035200,58.0352,464582.65625,467175.5104166667
Q0 polar + curriculum (live),58086400,58.0864,468597.25,467386.9895833333
Q0 polar + curriculum (live),58137600,58.1376,468981.0625,469098.1354166667
Q0 polar + curriculum (live),58188800,58.1888,469716.09375,469708.8125
Q0 polar + curriculum (live),58240000,58.24,470429.28125,470525.4166666667
Q0 polar + curriculum (live),58291200,58.2912,471430.875,472294.9895833333
Q0 polar + curriculum (live),58342400,58.3424,475024.8125,472846.8541666667
Q0 polar + curriculum (live),58393600,58.3936,472084.875,472230.2083333333
Q0 polar + curriculum (live),58444800,58.4448,469580.9375,471417.4270833333
Q0 polar + curriculum (live),58496000,58.496,472586.46875,472009.0520833333
Q0 polar + curriculum (live),58547200,58.5472,473859.75,473077.5416666667
Q0 polar + curriculum (live),58598400,58.5984,472786.40625,472616.5520833333
Q0 polar + curriculum (live),58649600,58.6496,471203.5,470606.5416666667
Q0 polar + curriculum (live),58700800,58.7008,467829.71875,469299.375
Q0 polar + curriculum (live),58752000,58.752,468864.90625,469234.5416666667
Q0 polar + curriculum (live),58803200,58.8032,471009.0,470447.7916666667
Q0 polar + curriculum (live),58854400,58.8544,471469.46875,471206.84375
Q0 polar + curriculum (live),58905600,58.9056,471142.0625,471209.15625
Q0 polar + curriculum (live),58956800,58.9568,471015.9375,470542.9895833333
Q0 polar + curriculum (live),59008000,59.008,469470.96875,470135.8020833333
Q0 polar + curriculum (live),59059200,59.0592,469920.5,469910.7708333333
Q0 polar + curriculum (live),59110400,59.1104,470340.84375,470888.28125
Q0 polar + curriculum (live),59161600,59.1616,472403.5,471319.0104166667
Q0 polar + curriculum (live),59212800,59.2128,471212.6875,472412.75
Q0 polar + curriculum (live),59264000,59.264,473622.0625,472453.4479166667
Q0 polar + curriculum (live),59315200,59.3152,472525.59375,474256.7083333333
Q0 polar + curriculum (live),59366400,59.3664,476622.46875,473825.3333333333
Q0 polar + curriculum (live),59417600,59.4176,472327.9375,475422.9270833333
Q0 polar + curriculum (live),59468800,59.4688,477318.375,475029.8125
Q0 polar + curriculum (live),59520000,59.52,475443.125,474822.3333333333
Q0 polar + curriculum (live),59571200,59.5712,471705.5,473627.0416666667
Q0 polar + curriculum (live),59622400,59.6224,473732.5,474013.0520833333
Q0 polar + curriculum (live),59673600,59.6736,476601.15625,474731.6979166667
Q0 polar + curriculum (live),59724800,59.7248,473861.4375,474806.6770833333
Q0 polar + curriculum (live),59776000,59.776,473957.4375,472465.8020833333
Q0 polar + curriculum (live),59827200,59.8272,469578.53125,472210.7916666667
Q0 polar + curriculum (live),59878400,59.8784,473096.40625,472650.5833333333
Q0 polar + curriculum (live),59929600,59.9296,475276.8125,474349.6354166667
Q0 polar + curriculum (live),59980800,59.9808,474675.6875,473642.4791666667
Q0 polar + curriculum (live),60032000,60.032,470974.9375,473034.3541666667
Q0 polar + curriculum (live),60083200,60.0832,473452.4375,473016.53125
Q0 polar + curriculum (live),60134400,60.1344,474622.21875,474500.2708333333
Q0 polar + curriculum (live),60185600,60.1856,475426.15625,475189.2708333333
Q0 polar + curriculum (live),60236800,60.2368,475519.4375,474972.59375
Q0 polar + curriculum (live),60288000,60.288,473972.1875,474646.3333333333
Q0 polar + curriculum (live),60339200,60.3392,474447.375,474151.09375
Q0 polar + curriculum (live),60390400,60.3904,474033.71875,474141.7083333333
Q0 polar + curriculum (live),60441600,60.4416,473944.03125,473535.3125
Q0 polar + curriculum (live),60492800,60.4928,472628.1875,471232.2708333333
Q0 polar + curriculum (live),60544000,60.544,467124.59375,469631.28125
Q0 polar + curriculum (live),60595200,60.5952,469141.0625,467792.8020833333
Q0 polar + curriculum (live),60646400,60.6464,467112.75,468472.84375
Q0 polar + curriculum (live),60697600,60.6976,469164.71875,468974.9895833333
Q0 polar + curriculum (live),60748800,60.7488,470647.5,469804.2291666667
Q0 polar + curriculum (live),60800000,60.8,469600.46875,470011.3958333333
Q0 polar + curriculum (live),60851200,60.8512,469786.21875,469417.6666666667
Q0 polar + curriculum (live),60902400,60.9024,468866.3125,468354.8645833333
Q0 polar + curriculum (live),60953600,60.9536,466412.0625,467717.15625
Q0 polar + curriculum (live),61004800,61.0048,467873.09375,467344.7916666667
Q0 polar + curriculum (live),61056000,61.056,467749.21875,468219.0416666667
Q0 polar + curriculum (live),61107200,61.1072,469034.8125,468908.4583333333
Q0 polar + curriculum (live),61158400,61.1584,469941.34375,469399.4375
Q0 polar + curriculum (live),61209600,61.2096,469222.15625,468621.4583333333
Q0 polar + curriculum (live),61260800,61.2608,466700.875,468825.8958333333
Q0 polar + curriculum (live),61312000,61.312,470554.65625,469815.625
Q0 polar + curriculum (live),61363200,61.3632,472191.34375,469781.0520833333
Q0 polar + curriculum (live),61414400,61.4144,466597.15625,467980.875
Q0 polar + curriculum (live),61465600,61.4656,465154.125,466353.7708333333
Q0 polar + curriculum (live),61516800,61.5168,467310.03125,467553.4583333333
Q0 polar + curriculum (live),61568000,61.568,470196.21875,467890.0
Q0 polar + curriculum (live),61619200,61.6192,466163.75,468880.21875
Q0 polar + curriculum (live),61670400,61.6704,470280.6875,470106.4270833333
Q0 polar + curriculum (live),61721600,61.7216,473874.84375,471089.2604166667
Q0 polar + curriculum (live),61772800,61.7728,469112.25,470112.0520833333
Q0 polar + curriculum (live),61824000,61.824,467349.0625,468101.8020833333
Q0 polar + curriculum (live),61875200,61.8752,467844.09375,466433.71875
Q0 polar + curriculum (live),61926400,61.9264,464108.0,465779.3645833333
Q0 polar + curriculum (live),61977600,61.9776,465386.0,465535.1770833333
Q0 polar + curriculum (live),62028800,62.0288,467111.53125,466048.2916666667
Q0 polar + curriculum (live),62080000,62.08,465647.34375,463826.5520833333
Q0 polar + curriculum (live),62131200,62.1312,458720.78125,460348.3541666667
Q0 polar + curriculum (live),62182400,62.1824,456676.9375,458409.46875
Q0 polar + curriculum (live),62233600,62.2336,459830.6875,458873.8541666667
Q0 polar + curriculum (live),62284800,62.2848,460113.9375,461173.7395833333
Q0 polar + curriculum (live),62336000,62.336,463576.59375,462101.3958333333
Q0 polar + curriculum (live),62387200,62.3872,462613.65625,462864.0416666667
Q0 polar + curriculum (live),62438400,62.4384,462401.875,462754.5625
Q0 polar + curriculum (live),62489600,62.4896,463248.15625,463022.0729166667
Q0 polar + curriculum (live),62540800,62.5408,463416.1875,462735.8541666667
Q0 polar + curriculum (live),62592000,62.592,461543.21875,461588.9583333333
Q0 polar + curriculum (live),62643200,62.6432,459807.46875,460649.3541666667
Q0 polar + curriculum (live),62694400,62.6944,460597.375,460345.8125
Q0 polar + curriculum (live),62745600,62.7456,460632.59375,459275.3333333333
Q0 polar + curriculum (live),62796800,62.7968,456596.03125,459557.6354166667
Q0 polar + curriculum (live),62848000,62.848,461444.28125,459265.34375
Q0 polar + curriculum (live),62899200,62.8992,459755.71875,461467.4375
Q0 polar + curriculum (live),62950400,62.9504,463202.3125,462213.4791666667
Q0 polar + curriculum (live),63001600,63.0016,463682.40625,463713.6875
Q0 polar + curriculum (live),63052800,63.0528,464256.34375,463439.4166666667
Q0 polar + curriculum (live),63104000,63.104,462379.5,463485.0208333333
Q0 polar + curriculum (live),63155200,63.1552,463819.21875,461815.09375
Q0 polar + curriculum (live),63206400,63.2064,459246.5625,460527.9166666667
Q0 polar + curriculum (live),63257600,63.2576,458517.96875,458766.1145833333
Q0 polar + curriculum (live),63308800,63.3088,458533.8125,459426.21875
Q0 polar + curriculum (live),63360000,63.36,461226.875,460969.625
Q0 polar + curriculum (live),63411200,63.4112,463148.1875,462736.875
Q0 polar + curriculum (live),63462400,63.4624,463835.5625,463526.3020833333
Q0 polar + curriculum (live),63513600,63.5136,463595.15625,463236.4791666667
Q0 polar + curriculum (live),63564800,63.5648,462278.71875,464928.1354166667
Q0 polar + curriculum (live),63616000,63.616,468910.53125,466418.9270833333
Q0 polar + curriculum (live),63667200,63.6672,468067.53125,468059.2916666667
Q0 polar + curriculum (live),63718400,63.7184,467199.8125,469162.2604166667
Q0 polar + curriculum (live),63769600,63.7696,472219.4375,471085.2916666667
Q0 polar + curriculum (live),63820800,63.8208,473836.625,471697.5520833333
Q0 polar + curriculum (live),63872000,63.872,469036.59375,469840.9791666667
Q0 polar + curriculum (live),63923200,63.9232,466649.71875,468118.3854166667
Q0 polar + curriculum (live),63974400,63.9744,468668.84375,469813.9166666667
Q0 polar + curriculum (live),64025600,64.0256,474123.1875,471719.0625
Q0 polar + curriculum (live),64076800,64.0768,472365.15625,473269.4166666667
Q0 polar + curriculum (live),64128000,64.128,473319.90625,473252.3958333333
Q0 polar + curriculum (live),64179200,64.1792,474072.125,471521.96875
Q0 polar + curriculum (live),64230400,64.2304,467173.875,470347.09375
Q0 polar + curriculum (live),64281600,64.2816,469795.28125,468661.2083333333
Q0 polar + curriculum (live),64332800,64.3328,469014.46875,468233.1354166667
Q0 polar + curriculum (live),64384000,64.384,465889.65625,466163.875
Q0 polar + curriculum (live),64435200,64.4352,463587.5,464177.875
Q0 polar + curriculum (live),64486400,64.4864,463056.46875,463071.8645833333
Q0 polar + curriculum (live),64537600,64.5376,462571.625,465127.3333333333
Q0 polar + curriculum (live),64588800,64.5888,469753.90625,468515.53125
Q0 polar + curriculum (live),64640000,64.64,473221.0625,473406.8854166667
Q0 polar + curriculum (live),64691200,64.6912,477245.6875,474945.125
Q0 polar + curriculum (live),64742400,64.7424,474368.625,474439.5416666667
Q0 polar + curriculum (live),64793600,64.7936,471704.3125,472979.2291666667
Q0 polar + curriculum (live),64844800,64.8448,472864.75,472070.0625
Q0 polar + curriculum (live),64896000,64.896,471641.125,473750.4895833333
Q0 polar + curriculum (live),64947200,64.9472,476745.59375,473772.0833333333
Q0 polar + curriculum (live),64998400,64.9984,472929.53125,474966.6875
Q0 polar + curriculum (live),65049600,65.0496,475224.9375,473991.1458333333
Q0 polar + curriculum (live),65100800,65.1008,473818.96875,474640.4895833333
Q0 polar + curriculum (live),65152000,65.152,474877.5625,474765.3958333333
Q0 polar + curriculum (live),65203200,65.2032,475599.65625,474015.7708333333
Q0 polar + curriculum (live),65254400,65.2544,471570.09375,474585.0208333333
Q0 polar + curriculum (live),65305600,65.3056,476585.3125,474214.3333333333
Q0 polar + curriculum (live),65356800,65.3568,474487.59375,475249.375
Q0 polar + curriculum (live),65408000,65.408,474675.21875,473294.4895833333
Q0 polar + curriculum (live),65459200,65.4592,470720.65625,474054.4479166667
Q0 polar + curriculum (live),65510400,65.5104,476767.46875,473981.25
Q0 polar + curriculum (live),65561600,65.5616,474455.625,474939.21875
Q0 polar + curriculum (live),65612800,65.6128,473594.5625,475041.28125
Q0 polar + curriculum (live),65664000,65.664,477073.65625,473546.5
Q0 polar + curriculum (live),65715200,65.7152,469971.28125,473353.2708333333
Q0 polar + curriculum (live),65766400,65.7664,473014.875,473265.65625
Q0 polar + curriculum (live),65817600,65.8176,476810.8125,475047.6041666667
Q0 polar + curriculum (live),65868800,65.8688,475317.125,474821.3854166667
Q0 polar + curriculum (live),65920000,65.92,472336.21875,473753.84375
Q0 polar + curriculum (live),65971200,65.9712,473608.1875,472863.8645833333
Q0 polar + curriculum (live),66022400,66.0224,472647.1875,473146.8958333333
Q0 polar + curriculum (live),66073600,66.0736,473185.3125,472657.9375
Q0 polar + curriculum (live),66124800,66.1248,472141.3125,473728.1041666667
Q0 polar + curriculum (live),66176000,66.176,475857.6875,474885.3958333333
Q0 polar + curriculum (live),66227200,66.2272,476657.1875,476450.6666666667
Q0 polar + curriculum (live),66278400,66.2784,476837.125,475368.5
Q0 polar + curriculum (live),66329600,66.3296,472611.1875,472975.53125
Q0 polar + curriculum (live),66380800,66.3808,469478.28125,471610.1979166667
Q0 polar + curriculum (live),66432000,66.432,472741.125,471356.9895833333
Q0 polar + curriculum (live),66483200,66.4832,471851.5625,473794.4166666667
Q0 polar + curriculum (live),66534400,66.5344,476790.5625,474081.4166666667
Q0 polar + curriculum (live),66585600,66.5856,473602.125,475158.8020833333
Q0 polar + curriculum (live),66636800,66.6368,475083.71875,474262.2604166667
Q0 polar + curriculum (live),66688000,66.688,474100.9375,475070.7708333333
Q0 polar + curriculum (live),66739200,66.7392,476027.65625,475068.4895833333
Q0 polar + curriculum (live),66790400,66.7904,475076.875,475916.1875
Q0 polar + curriculum (live),66841600,66.8416,476644.03125,474437.4895833333
Q0 polar + curriculum (live),66892800,66.8928,471591.5625,473648.2708333333
Q0 polar + curriculum (live),66944000,66.944,472709.21875,473145.40625
Q0 polar + curriculum (live),66995200,66.9952,475135.4375,474794.8333333333
Q0 polar + curriculum (live),67046400,67.0464,476539.84375,475315.34375
Q0 polar + curriculum (live),67097600,67.0976,474270.75,474930.0625
Q0 polar + curriculum (live),67148800,67.1488,473979.59375,473321.6041666667
Q0 polar + curriculum (live),67200000,67.2,471714.46875,472423.2395833333
Q0 polar + curriculum (live),67251200,67.2512,471575.65625,472692.5833333333
Q0 polar + curriculum (live),67302400,67.3024,474787.625,472841.7916666667
Q0 polar + curriculum (live),67353600,67.3536,472162.09375,473100.34375
Q0 polar + curriculum (live),67404800,67.4048,472351.3125,473317.15625
Q0 polar + curriculum (live),67456000,67.456,475438.0625,474693.5416666667
Q0 polar + curriculum (live),67507200,67.5072,476291.25,476434.09375
Q0 polar + curriculum (live),67558400,67.5584,477572.96875,477147.9375
Q0 polar + curriculum (live),67609600,67.6096,477579.59375,477521.5833333333
Q0 polar + curriculum (live),67660800,67.6608,477412.1875,477777.0
Q0 polar + curriculum (live),67712000,67.712,478339.21875,476729.5208333333
Q0 polar + curriculum (live),67763200,67.7632,474437.15625,474287.59375
Q0 polar + curriculum (live),67814400,67.8144,470086.40625,470660.25
Q0 polar + curriculum (live),67865600,67.8656,467457.1875,468292.40625
Q0 polar + curriculum (live),67916800,67.9168,467333.625,468921.5625
Q0 polar + curriculum (live),67968000,67.968,471973.875,469737.6770833333
Q0 polar + curriculum (live),68019200,68.0192,469905.53125,471244.1875
Q0 polar + curriculum (live),68070400,68.0704,471853.15625,471954.375
Q0 polar + curriculum (live),68121600,68.1216,474104.4375,473438.9166666667
Q0 polar + curriculum (live),68172800,68.1728,474359.15625,475924.8333333333
Q0 polar + curriculum (live),68224000,68.224,479310.90625,480640.28125
Q0 polar + curriculum (live),68275200,68.2752,488250.78125,485715.6145833333
Q0 polar + curriculum (live),68326400,68.3264,489585.15625,487789.21875
Q0 polar + curriculum (live),68377600,68.3776,485531.71875,486677.5833333333
Q0 polar + curriculum (live),68428800,68.4288,484915.875,485869.5833333333
Q0 polar + curriculum (live),68480000,68.48,487161.15625,486848.8645833333
Q0 polar + curriculum (live),68531200,68.5312,488469.5625,487107.0520833333
Q0 polar + curriculum (live),68582400,68.5824,485690.4375,486264.78125
Q0 polar + curriculum (live),68633600,68.6336,484634.34375,486402.0
Q0 polar + curriculum (live),68684800,68.6848,488881.21875,486670.6041666667
Q0 polar + curriculum (live),68736000,68.736,486496.25,486196.5104166667
Q0 polar + curriculum (live),68787200,68.7872,483212.0625,483526.1979166667
Q0 polar + curriculum (live),68838400,68.8384,480870.28125,481859.4895833333
Q0 polar + curriculum (live),68889600,68.8896,481496.125,480469.0833333333
Q0 polar + curriculum (live),68940800,68.9408,479040.84375,479844.4375
Q0 polar + curriculum (live),68992000,68.992,478996.34375,479818.2083333333
Q0 polar + curriculum (live),69043200,69.0432,481417.4375,482029.1875
Q0 polar + curriculum (live),69094400,69.0944,485673.78125,484501.4791666667
Q0 polar + curriculum (live),69145600,69.1456,486413.21875,486221.3229166667
Q0 polar + curriculum (live),69196800,69.1968,486576.96875,486341.1041666667
Q0 polar + curriculum (live),69248000,69.248,486033.125,486681.84375
Q0 polar + curriculum (live),69299200,69.2992,487435.4375,489155.2291666667
Q0 polar + curriculum (live),69350400,69.3504,493997.125,491589.6979166667
Q0 polar + curriculum (live),69401600,69.4016,493336.53125,493415.4270833333
Q0 polar + curriculum (live),69452800,69.4528,492912.625,494030.8229166667
Q0 polar + curriculum (live),69504000,69.504,495843.3125,495447.2708333333
Q0 polar + curriculum (live),69555200,69.5552,497585.875,497420.1458333333
Q0 polar + curriculum (live),69606400,69.6064,498831.25,497873.28125
Q0 polar + curriculum (live),69657600,69.6576,497202.71875,495237.125
Q0 polar + curriculum (live),69708800,69.7088,489677.40625,490727.1145833333
Q0 polar + curriculum (live),69760000,69.76,485301.21875,488948.5208333333
Q0 polar + curriculum (live),69811200,69.8112,491866.9375,488537.9166666667
Q0 polar + curriculum (live),69862400,69.8624,488445.59375,488569.6458333333
Q0 polar + curriculum (live),69913600,69.9136,485396.40625,487073.2291666667
Q0 polar + curriculum (live),69964800,69.9648,487377.6875,485703.21875
Q0 polar + curriculum (live),70016000,70.016,484335.5625,485200.3958333333
Q0 polar + curriculum (live),70067200,70.0672,483887.9375,485841.8333333333
Q0 polar + curriculum (live),70118400,70.1184,489302.0,487696.0729166667
Q0 polar + curriculum (live),70169600,70.1696,489898.28125,492318.78125
Q0 polar + curriculum (live),70220800,70.2208,497756.0625,496515.125
Q0 polar + curriculum (live),70272000,70.272,501891.03125,499941.1666666667
Q0 polar + curriculum (live),70323200,70.3232,500176.40625,498590.21875
Q0 polar + curriculum (live),70374400,70.3744,493703.21875,498054.7708333333
Q0 polar + curriculum (live),70425600,70.4256,500284.6875,497678.2604166667
Q0 polar + curriculum (live),70476800,70.4768,499046.875,500020.3958333333
Q0 polar + curriculum (live),70528000,70.528,500729.625,500095.3333333333
Q0 polar + curriculum (live),70579200,70.5792,500509.5,499180.8229166667
Q0 polar + curriculum (live),70630400,70.6304,496303.34375,496824.28125
Q0 polar + curriculum (live),70681600,70.6816,493660.0,494143.3541666667
Q0 polar + curriculum (live),70732800,70.7328,492466.71875,493105.78125
Q0 polar + curriculum (live),70784000,70.784,493190.625,494396.78125
Q0 polar + curriculum (live),70835200,70.8352,497533.0,493799.3541666667
Q0 polar + curriculum (live),70886400,70.8864,490674.4375,493765.4791666667
Q0 polar + curriculum (live),70937600,70.9376,493089.0,492513.71875
Q0 polar + curriculum (live),70988800,70.9888,493777.71875,493597.90625
Q0 polar + curriculum (live),71040000,71.04,493927.0,492979.125
Q0 polar + curriculum (live),71091200,71.0912,491232.65625,493876.6979166667
Q0 polar + curriculum (live),71142400,71.1424,496470.4375,495374.28125
Q0 polar + curriculum (live),71193600,71.1936,498419.75,497575.3333333333
Q0 polar + curriculum (live),71244800,71.2448,497835.8125,497412.21875
Q0 polar + curriculum (live),71296000,71.296,495981.09375,495008.53125
Q0 polar + curriculum (live),71347200,71.3472,491208.6875,491184.1666666667
Q0 polar + curriculum (live),71398400,71.3984,486362.71875,488440.8125
Q0 polar + curriculum (live),71449600,71.4496,487751.03125,486744.71875
Q0 polar + curriculum (live),71500800,71.5008,486120.40625,487064.5104166667
Q0 polar + curriculum (live),71552000,71.552,487322.09375,487701.0625
Q0 polar + curriculum (live),71603200,71.6032,489660.6875,489017.3958333333
Q0 polar + curriculum (live),71654400,71.6544,490069.40625,491808.7083333333
Q0 polar + curriculum (live),71705600,71.7056,495696.03125,492604.3854166667
Q0 polar + curriculum (live),71756800,71.7568,492047.71875,493121.875
Q0 polar + curriculum (live),71808000,71.808,491621.875,491401.8333333333
Q0 polar + curriculum (live),71859200,71.8592,490535.90625,490588.3854166667
Q0 polar + curriculum (live),71910400,71.9104,489607.375,488679.0729166667
Q0 polar + curriculum (live),71961600,71.9616,485893.9375,488281.6354166667
Q0 polar + curriculum (live),72012800,72.0128,489343.59375,488498.5833333333
Q0 polar + curriculum (live),72064000,72.064,490258.21875,487593.8020833333
Q0 polar + curriculum (live),72115200,72.1152,483179.59375,486488.4895833333
Q0 polar + curriculum (live),72166400,72.1664,486027.65625,483883.0104166667
Q0 polar + curriculum (live),72217600,72.2176,482441.78125,483918.6041666667
Q0 polar + curriculum (live),72268800,72.2688,483286.375,483902.4375
Q0 polar + curriculum (live),72320000,72.32,485979.15625,486044.4166666667
Q0 polar + curriculum (live),72371200,72.3712,488867.71875,486624.3854166667
Q0 polar + curriculum (live),72422400,72.4224,485026.28125,485828.9895833333
Q0 polar + curriculum (live),72473600,72.4736,483592.96875,484209.25
Q0 polar + curriculum (live),72524800,72.5248,484008.5,484334.4166666667
Q0 polar + curriculum (live),72576000,72.576,485401.78125,484107.28125
Q0 polar + curriculum (live),72627200,72.6272,482911.5625,484657.40625
Q0 polar + curriculum (live),72678400,72.6784,485658.875,484442.5
Q0 polar + curriculum (live),72729600,72.7296,484757.0625,485418.6979166667
Q0 polar + curriculum (live),72780800,72.7808,485840.15625,485523.4270833333
Q0 polar + curriculum (live),72832000,72.832,485973.0625,487053.75
Q0 polar + curriculum (live),72883200,72.8832,489348.03125,486604.3541666667
Q0 polar + curriculum (live),72934400,72.9344,484491.96875,486791.46875
Q0 polar + curriculum (live),72985600,72.9856,486534.40625,485412.125
Q0 polar + curriculum (live),73036800,73.0368,485210.0,487593.7395833333
Q0 polar + curriculum (live),73088000,73.088,491036.8125,488955.03125
Q0 polar + curriculum (live),73139200,73.1392,490618.28125,490571.3645833333
Q0 polar + curriculum (live),73190400,73.1904,490059.0,488859.5208333333
Q0 polar + curriculum (live),73241600,73.2416,485901.28125,486783.0104166667
Q0 polar + curriculum (live),73292800,73.2928,484388.75,483849.0833333333
Q0 polar + curriculum (live),73344000,73.344,481257.21875,482107.8541666667
Q0 polar + curriculum (live),73395200,73.3952,480677.59375,480484.1145833333
Q0 polar + curriculum (live),73446400,73.4464,479517.53125,480776.09375
Q0 polar + curriculum (live),73497600,73.4976,482133.15625,479338.0208333333
Q0 polar + curriculum (live),73548800,73.5488,476363.375,479326.375
Q0 polar + curriculum (live),73600000,73.6,479482.59375,478091.0104166667
Q0 polar + curriculum (live),73651200,73.6512,478427.0625,480506.2708333333
Q0 polar + curriculum (live),73702400,73.7024,483609.15625,481498.59375
Q0 polar + curriculum (live),73753600,73.7536,482459.5625,483245.9791666667
Q0 polar + curriculum (live),73804800,73.8048,483669.21875,483953.1354166667
Q0 polar + curriculum (live),73856000,73.856,485730.625,484723.4583333333
Q0 polar + curriculum (live),73907200,73.9072,484770.53125,485155.65625
Q0 polar + curriculum (live),73958400,73.9584,484965.8125,485021.0
Q0 polar + curriculum (live),74009600,74.0096,485326.65625,483277.4479166667
Q0 polar + curriculum (live),74060800,74.0608,479539.875,481280.5
Q0 polar + curriculum (live),74112000,74.112,478974.96875,479267.7916666667
Q0 polar + curriculum (live),74163200,74.1632,479288.53125,479260.3125
Q0 polar + curriculum (live),74214400,74.2144,479517.4375,479674.2708333333
Q0 polar + curriculum (live),74265600,74.2656,480216.84375,480487.8958333333
Q0 polar + curriculum (live),74316800,74.3168,481729.40625,482122.2395833333
Q0 polar + curriculum (live),74368000,74.368,484420.46875,482687.5104166667
Q0 polar + curriculum (live),74419200,74.4192,481912.65625,481432.7083333333
Q0 polar + curriculum (live),74470400,74.4704,477965.0,480472.4479166667
Q0 polar + curriculum (live),74521600,74.5216,481539.6875,479615.0416666667
Q0 polar + curriculum (live),74572800,74.5728,479340.4375,479729.7708333333
Q0 polar + curriculum (live),74624000,74.624,478309.1875,480061.0833333333
Q0 polar + curriculum (live),74675200,74.6752,482533.625,480846.8645833333
Q0 polar + curriculum (live),74726400,74.7264,481697.78125,482183.25
Q0 polar + curriculum (live),74777600,74.7776,482318.34375,481487.03125
Q0 polar + curriculum (live),74828800,74.8288,480444.96875,481452.6770833333
Q0 polar + curriculum (live),74880000,74.88,481594.71875,481891.8229166667
Q0 polar + curriculum (live),74931200,74.9312,483635.78125,482557.5520833333
Q0 polar + curriculum (live),74982400,74.9824,482442.15625,482242.7916666667
Q0 polar + curriculum (live),75033600,75.0336,480650.4375,480964.53125
Q0 polar + curriculum (live),75084800,75.0848,479801.0,480490.84375
Q0 polar + curriculum (live),75136000,75.136,481021.09375,479997.03125
Q0 polar + curriculum (live),75187200,75.1872,479169.0,481334.25
Q0 polar + curriculum (live),75238400,75.2384,483812.65625,482230.65625
Q0 polar + curriculum (live),75289600,75.2896,483710.3125,483033.4479166667
Q0 polar + curriculum (live),75340800,75.3408,481577.375,482445.0416666667
Q0 polar + curriculum (live),75392000,75.392,482047.4375,482107.1354166667
Q0 polar + curriculum (live),75443200,75.4432,482696.59375,482245.4479166667
Q0 polar + curriculum (live),75494400,75.4944,481992.3125,482577.875
Q0 polar + curriculum (live),75545600,75.5456,483044.71875,482447.6770833333
Q0 polar + curriculum (live),75596800,75.5968,482306.0,482699.09375
Q0 polar + curriculum (live),75648000,75.648,482746.5625,483510.3125
Q0 polar + curriculum (live),75699200,75.6992,485478.375,483622.2708333333
Q0 polar + curriculum (live),75750400,75.7504,482641.875,483846.625
Q0 polar + curriculum (live),75801600,75.8016,483419.625,483169.25
Q0 polar + curriculum (live),75852800,75.8528,483446.25,484038.6979166667
Q0 polar + curriculum (live),75904000,75.904,485250.21875,485968.1666666667
Q0 polar + curriculum (live),75955200,75.9552,489208.03125,487487.9895833333
Q0 polar + curriculum (live),76006400,76.0064,488005.71875,488260.8125
Q0 polar + curriculum (live),76057600,76.0576,487568.6875,488497.1666666667
Q0 polar + curriculum (live),76108800,76.1088,489917.09375,489446.6145833333
Q0 polar + curriculum (live),76160000,76.16,490854.0625,490030.2916666667
Q0 polar + curriculum (live),76211200,76.2112,489319.71875,490164.59375
Q0 polar + curriculum (live),76262400,76.2624,490320.0,490604.8229166667
Q0 polar + curriculum (live),76313600,76.3136,492174.75,492794.1666666667
Q0 polar + curriculum (live),76364800,76.3648,495887.75,495728.0104166667
Q0 polar + curriculum (live),76416000,76.416,499121.53125,496899.9791666667
Q0 polar + curriculum (live),76467200,76.4672,495690.65625,498537.5729166667
Q0 polar + curriculum (live),76518400,76.5184,500800.53125,497386.4166666667
Q0 polar + curriculum (live),76569600,76.5696,495668.0625,498234.296875
Q2 Cartesian-spatial + curriculum (live),25600,0.0256,135869.0,144056.9140625
Q2 Cartesian-spatial + curriculum (live),76800,0.0768,152244.828125,154301.63541666666
Q2 Cartesian-spatial + curriculum (live),128000,0.128,174791.078125,171454.53125
Q2 Cartesian-spatial + curriculum (live),179200,0.1792,187327.6875,189133.24479166666
Q2 Cartesian-spatial + curriculum (live),230400,0.2304,205280.96875,201710.40625
Q2 Cartesian-spatial + curriculum (live),281600,0.2816,212522.5625,211514.671875
Q2 Cartesian-spatial + curriculum (live),332800,0.3328,216740.484375,216247.96875
Q2 Cartesian-spatial + curriculum (live),384000,0.384,219480.859375,220190.96875
Q2 Cartesian-spatial + curriculum (live),435200,0.4352,224351.5625,224843.38020833334
Q2 Cartesian-spatial + curriculum (live),486400,0.4864,230697.71875,230672.125
Q2 Cartesian-spatial + curriculum (live),537600,0.5376,236967.09375,234791.61458333334
Q2 Cartesian-spatial + curriculum (live),588800,0.5888,236710.03125,238034.41666666666
Q2 Cartesian-spatial + curriculum (live),640000,0.64,240426.125,240572.640625
Q2 Cartesian-spatial + curriculum (live),691200,0.6912,244581.765625,242320.890625
Q2 Cartesian-spatial + curriculum (live),742400,0.7424,241954.78125,246044.15625
Q2 Cartesian-spatial + curriculum (live),793600,0.7936,251595.921875,247944.16666666666
Q2 Cartesian-spatial + curriculum (live),844800,0.8448,250281.796875,252539.59895833334
Q2 Cartesian-spatial + curriculum (live),896000,0.896,255741.078125,254830.73958333334
Q2 Cartesian-spatial + curriculum (live),947200,0.9472,258469.34375,258907.27604166666
Q2 Cartesian-spatial + curriculum (live),998400,0.9984,262511.40625,263430.5520833333
Q2 Cartesian-spatial + curriculum (live),1049600,1.0496,269310.90625,267986.59375
Q2 Cartesian-spatial + curriculum (live),1100800,1.1008,272137.46875,273650.9479166667
Q2 Cartesian-spatial + curriculum (live),1152000,1.152,279504.46875,277069.84375
Q2 Cartesian-spatial + curriculum (live),1203200,1.2032,279567.59375,281229.5104166667
Q2 Cartesian-spatial + curriculum (live),1254400,1.2544,284616.46875,284664.5625
Q2 Cartesian-spatial + curriculum (live),1305600,1.3056,289809.625,289717.1979166667
Q2 Cartesian-spatial + curriculum (live),1356800,1.3568,294725.5,295132.7291666667
Q2 Cartesian-spatial + curriculum (live),1408000,1.408,300863.0625,299136.5729166667
Q2 Cartesian-spatial + curriculum (live),1459200,1.4592,301821.15625,303153.5520833333
Q2 Cartesian-spatial + curriculum (live),1510400,1.5104,306776.4375,305710.0
Q2 Cartesian-spatial + curriculum (live),1561600,1.5616,308532.40625,309648.875
Q2 Cartesian-spatial + curriculum (live),1612800,1.6128,313637.78125,313800.2916666667
Q2 Cartesian-spatial + curriculum (live),1664000,1.664,319230.6875,317840.4583333333
Q2 Cartesian-spatial + curriculum (live),1715200,1.7152,320652.90625,320738.3333333333
Q2 Cartesian-spatial + curriculum (live),1766400,1.7664,322331.40625,323745.375
Q2 Cartesian-spatial + curriculum (live),1817600,1.8176,328251.8125,327405.65625
Q2 Cartesian-spatial + curriculum (live),1868800,1.8688,331633.75,331354.3229166667
Q2 Cartesian-spatial + curriculum (live),1920000,1.92,334177.40625,334233.6354166667
Q2 Cartesian-spatial + curriculum (live),1971200,1.9712,336889.75,337633.6979166667
Q2 Cartesian-spatial + curriculum (live),2022400,2.0224,341833.9375,341287.5208333333
Q2 Cartesian-spatial + curriculum (live),2073600,2.0736,345138.875,345306.5208333333
Q2 Cartesian-spatial + curriculum (live),2124800,2.1248,348946.75,348732.1979166667
Q2 Cartesian-spatial + curriculum (live),2176000,2.176,352110.96875,351543.65625
Q2 Cartesian-spatial + curriculum (live),2227200,2.2272,353573.25,353009.4270833333
Q2 Cartesian-spatial + curriculum (live),2278400,2.2784,353344.0625,354287.90625
Q2 Cartesian-spatial + curriculum (live),2329600,2.3296,355946.40625,357905.4791666667
Q2 Cartesian-spatial + curriculum (live),2380800,2.3808,364425.96875,361586.28125
Q2 Cartesian-spatial + curriculum (live),2432000,2.432,364386.46875,365667.1354166667
Q2 Cartesian-spatial + curriculum (live),2483200,2.4832,368188.96875,367950.9791666667
Q2 Cartesian-spatial + curriculum (live),2534400,2.5344,371277.5,370680.5416666667
Q2 Cartesian-spatial + curriculum (live),2585600,2.5856,372575.15625,372155.4895833333
Q2 Cartesian-spatial + curriculum (live),2636800,2.6368,372613.8125,373139.2395833333
Q2 Cartesian-spatial + curriculum (live),2688000,2.688,374228.75,373562.46875
Q2 Cartesian-spatial + curriculum (live),2739200,2.7392,373844.84375,374597.59375
Q2 Cartesian-spatial + curriculum (live),2790400,2.7904,375719.1875,375058.6666666667
Q2 Cartesian-spatial + curriculum (live),2841600,2.8416,375611.96875,375226.8541666667
Q2 Cartesian-spatial + curriculum (live),2892800,2.8928,374349.40625,378796.7708333333
Q2 Cartesian-spatial + curriculum (live),2944000,2.944,386428.9375,381876.0520833333
Q2 Cartesian-spatial + curriculum (live),2995200,2.9952,384849.8125,385632.6979166667
Q2 Cartesian-spatial + curriculum (live),3046400,3.0464,385619.34375,387612.6041666667
Q2 Cartesian-spatial + curriculum (live),3097600,3.0976,392368.65625,390432.1354166667
Q2 Cartesian-spatial + curriculum (live),3148800,3.1488,393308.40625,394130.9375
Q2 Cartesian-spatial + curriculum (live),3200000,3.2,396715.75,396462.3125
Q2 Cartesian-spatial + curriculum (live),3251200,3.2512,399362.78125,400498.2604166667
Q2 Cartesian-spatial + curriculum (live),3302400,3.3024,405416.25,402895.65625
Q2 Cartesian-spatial + curriculum (live),3353600,3.3536,403907.9375,404720.5208333333
Q2 Cartesian-spatial + curriculum (live),3404800,3.4048,404837.375,404344.3020833333
Q2 Cartesian-spatial + curriculum (live),3456000,3.456,404287.59375,405133.71875
Q2 Cartesian-spatial + curriculum (live),3507200,3.5072,406276.1875,407145.34375
Q2 Cartesian-spatial + curriculum (live),3558400,3.5584,410872.25,409005.7291666667
Q2 Cartesian-spatial + curriculum (live),3609600,3.6096,409868.75,409956.1458333333
Q2 Cartesian-spatial + curriculum (live),3660800,3.6608,409127.4375,410381.78125
Q2 Cartesian-spatial + curriculum (live),3712000,3.712,412149.15625,411590.0208333333
Q2 Cartesian-spatial + curriculum (live),3763200,3.7632,413493.46875,413519.3333333333
Q2 Cartesian-spatial + curriculum (live),3814400,3.8144,414915.375,414360.5833333333
Q2 Cartesian-spatial + curriculum (live),3865600,3.8656,414672.90625,415158.75
Q2 Cartesian-spatial + curriculum (live),3916800,3.9168,415887.96875,416059.46875
Q2 Cartesian-spatial + curriculum (live),3968000,3.968,417617.53125,416701.0416666667
Q2 Cartesian-spatial + curriculum (live),4019200,4.0192,416597.625,417545.6041666667
Q2 Cartesian-spatial + curriculum (live),4070400,4.0704,418421.65625,418527.3645833333
Q2 Cartesian-spatial + curriculum (live),4121600,4.1216,420562.8125,420575.0
Q2 Cartesian-spatial + curriculum (live),4172800,4.1728,422740.53125,422958.8333333333
Q2 Cartesian-spatial + curriculum (live),4224000,4.224,425573.15625,424750.4895833333
Q2 Cartesian-spatial + curriculum (live),4275200,4.2752,425937.78125,424878.71875
Q2 Cartesian-spatial + curriculum (live),4326400,4.3264,423125.21875,424034.8958333333
Q2 Cartesian-spatial + curriculum (live),4377600,4.3776,423041.6875,423543.9166666667
Q2 Cartesian-spatial + curriculum (live),4428800,4.4288,424464.84375,423989.1979166667
Q2 Cartesian-spatial + curriculum (live),4480000,4.48,424461.0625,424812.8020833333
Q2 Cartesian-spatial + curriculum (live),4531200,4.5312,425512.5,425817.0208333333
Q2 Cartesian-spatial + curriculum (live),4582400,4.5824,427477.5,426711.5
Q2 Cartesian-spatial + curriculum (live),4633600,4.6336,427144.5,429612.9895833333
Q2 Cartesian-spatial + curriculum (live),4684800,4.6848,434216.96875,431122.3645833333
Q2 Cartesian-spatial + curriculum (live),4736000,4.736,432005.625,432617.2708333333
Q2 Cartesian-spatial + curriculum (live),4787200,4.7872,431629.21875,431798.4479166667
Q2 Cartesian-spatial + curriculum (live),4838400,4.8384,431760.5,430668.09375
Q2 Cartesian-spatial + curriculum (live),4889600,4.8896,428614.5625,431018.2708333333
Q2 Cartesian-spatial + curriculum (live),4940800,4.9408,432679.75,431478.4375
Q2 Cartesian-spatial + curriculum (live),4992000,4.992,433141.0,434151.2083333333
Q2 Cartesian-spatial + curriculum (live),5043200,5.0432,436632.875,434749.0104166667
Q2 Cartesian-spatial + curriculum (live),5094400,5.0944,434473.15625,435634.9791666667
Q2 Cartesian-spatial + curriculum (live),5145600,5.1456,435798.90625,435721.9895833333
Q2 Cartesian-spatial + curriculum (live),5196800,5.1968,436893.90625,436289.6770833333
Q2 Cartesian-spatial + curriculum (live),5248000,5.248,436176.21875,435842.5729166667
Q2 Cartesian-spatial + curriculum (live),5299200,5.2992,434457.59375,435235.2083333333
Q2 Cartesian-spatial + curriculum (live),5350400,5.3504,435071.8125,435183.0
Q2 Cartesian-spatial + curriculum (live),5401600,5.4016,436019.59375,436409.5416666667
Q2 Cartesian-spatial + curriculum (live),5452800,5.4528,438137.21875,437421.5729166667
Q2 Cartesian-spatial + curriculum (live),5504000,5.504,438107.90625,438680.9375
Q2 Cartesian-spatial + curriculum (live),5555200,5.5552,439797.6875,439422.34375
Q2 Cartesian-spatial + curriculum (live),5606400,5.6064,440361.4375,441938.1145833333
Q2 Cartesian-spatial + curriculum (live),5657600,5.6576,445655.21875,442514.8020833333
Q2 Cartesian-spatial + curriculum (live),5708800,5.7088,441527.75,444768.2708333333
Q2 Cartesian-spatial + curriculum (live),5760000,5.76,447121.84375,443938.1979166667
Q2 Cartesian-spatial + curriculum (live),5811200,5.8112,443165.0,443693.6145833333
Q2 Cartesian-spatial + curriculum (live),5862400,5.8624,440794.0,441540.9375
Q2 Cartesian-spatial + curriculum (live),5913600,5.9136,440663.8125,441354.0208333333
Q2 Cartesian-spatial + curriculum (live),5964800,5.9648,442604.25,441564.0416666667
Q2 Cartesian-spatial + curriculum (live),6016000,6.016,441424.0625,442459.6354166667
Q2 Cartesian-spatial + curriculum (live),6067200,6.0672,443350.59375,442033.46875
Q2 Cartesian-spatial + curriculum (live),6118400,6.1184,441325.75,443214.4583333333
Q2 Cartesian-spatial + curriculum (live),6169600,6.1696,444967.03125,444076.1979166667
Q2 Cartesian-spatial + curriculum (live),6220800,6.2208,445935.8125,445924.0833333333
Q2 Cartesian-spatial + curriculum (live),6272000,6.272,446869.40625,446976.9791666667
Q2 Cartesian-spatial + curriculum (live),6323200,6.3232,448125.71875,447973.9895833333
Q2 Cartesian-spatial + curriculum (live),6374400,6.3744,448926.84375,448787.9583333333
Q2 Cartesian-spatial + curriculum (live),6425600,6.4256,449311.3125,449653.9583333333
Q2 Cartesian-spatial + curriculum (live),6476800,6.4768,450723.71875,450721.4166666667
Q2 Cartesian-spatial + curriculum (live),6528000,6.528,452129.21875,450434.9895833333
Q2 Cartesian-spatial + curriculum (live),6579200,6.5792,448452.03125,449159.8541666667
Q2 Cartesian-spatial + curriculum (live),6630400,6.6304,446898.3125,448056.375
Q2 Cartesian-spatial + curriculum (live),6681600,6.6816,448818.78125,449340.5833333333
Q2 Cartesian-spatial + curriculum (live),6732800,6.7328,452304.65625,450925.34375
Q2 Cartesian-spatial + curriculum (live),6784000,6.784,451652.59375,452822.3541666667
Q2 Cartesian-spatial + curriculum (live),6835200,6.8352,454509.8125,450810.0104166667
Q2 Cartesian-spatial + curriculum (live),6886400,6.8864,446267.625,450566.6770833333
Q2 Cartesian-spatial + curriculum (live),6937600,6.9376,450922.59375,448725.78125
Q2 Cartesian-spatial + curriculum (live),6988800,6.9888,448987.125,450696.9166666667
Q2 Cartesian-spatial + curriculum (live),7040000,7.04,452181.03125,450408.875
Q2 Cartesian-spatial + curriculum (live),7091200,7.0912,450058.46875,451300.9583333333
Q2 Cartesian-spatial + curriculum (live),7142400,7.1424,451663.375,449696.0520833333
Q2 Cartesian-spatial + curriculum (live),7193600,7.1936,447366.3125,450137.2604166667
Q2 Cartesian-spatial + curriculum (live),7244800,7.2448,451382.09375,450351.3020833333
Q2 Cartesian-spatial + curriculum (live),7296000,7.296,452305.5,452160.9895833333
Q2 Cartesian-spatial + curriculum (live),7347200,7.3472,452795.375,451800.6041666667
Q2 Cartesian-spatial + curriculum (live),7398400,7.3984,450300.9375,453012.6354166667
Q2 Cartesian-spatial + curriculum (live),7449600,7.4496,455941.59375,453109.125
Q2 Cartesian-spatial + curriculum (live),7500800,7.5008,453084.84375,455849.4895833333
Q2 Cartesian-spatial + curriculum (live),7552000,7.552,458522.03125,455693.5833333333
Q2 Cartesian-spatial + curriculum (live),7603200,7.6032,455473.875,459808.2604166667
Q2 Cartesian-spatial + curriculum (live),7654400,7.6544,465428.875,461761.2708333333
Q2 Cartesian-spatial + curriculum (live),7705600,7.7056,464381.0625,462533.7291666667
Q2 Cartesian-spatial + curriculum (live),7756800,7.7568,457791.25,462062.6458333333
Q2 Cartesian-spatial + curriculum (live),7808000,7.808,464015.625,461697.6458333333
Q2 Cartesian-spatial + curriculum (live),7859200,7.8592,463286.0625,464295.0833333333
Q2 Cartesian-spatial + curriculum (live),7910400,7.9104,465583.5625,464678.4270833333
Q2 Cartesian-spatial + curriculum (live),7961600,7.9616,465165.65625,465573.1979166667
Q2 Cartesian-spatial + curriculum (live),8012800,8.0128,465970.375,462411.21875
Q2 Cartesian-spatial + curriculum (live),8064000,8.064,456097.625,460555.6770833333
Q2 Cartesian-spatial + curriculum (live),8115200,8.1152,459599.03125,459628.4583333333
Q2 Cartesian-spatial + curriculum (live),8166400,8.1664,463188.71875,464246.6979166667
Q2 Cartesian-spatial + curriculum (live),8217600,8.2176,469952.34375,467172.9270833333
Q2 Cartesian-spatial + curriculum (live),8268800,8.2688,468377.71875,468134.8958333333
Q2 Cartesian-spatial + curriculum (live),8320000,8.32,466074.625,465885.8958333333
Q2 Cartesian-spatial + curriculum (live),8371200,8.3712,463205.34375,465421.3333333333
Q2 Cartesian-spatial + curriculum (live),8422400,8.4224,466984.03125,464764.3333333333
Q2 Cartesian-spatial + curriculum (live),8473600,8.4736,464103.625,465584.6041666667
Q2 Cartesian-spatial + curriculum (live),8524800,8.5248,465666.15625,466019.4270833333
Q2 Cartesian-spatial + curriculum (live),8576000,8.576,468288.5,465885.3645833333
Q2 Cartesian-spatial + curriculum (live),8627200,8.6272,463701.4375,466667.0729166667
Q2 Cartesian-spatial + curriculum (live),8678400,8.6784,468011.28125,466078.1458333333
Q2 Cartesian-spatial + curriculum (live),8729600,8.7296,466521.71875,467113.1458333333
Q2 Cartesian-spatial + curriculum (live),8780800,8.7808,466806.4375,464959.0416666667
Q2 Cartesian-spatial + curriculum (live),8832000,8.832,461548.96875,463193.9479166667
Q2 Cartesian-spatial + curriculum (live),8883200,8.8832,461226.4375,462984.21875
Q2 Cartesian-spatial + curriculum (live),8934400,8.9344,466177.25,464725.9895833333
Q2 Cartesian-spatial + curriculum (live),8985600,8.9856,466774.28125,464654.7395833333
Q2 Cartesian-spatial + curriculum (live),9036800,9.0368,461012.6875,462343.25
Q2 Cartesian-spatial + curriculum (live),9088000,9.088,459242.78125,459941.7083333333
Q2 Cartesian-spatial + curriculum (live),9139200,9.1392,459569.65625,461997.3541666667
Q2 Cartesian-spatial + curriculum (live),9190400,9.1904,467179.625,464152.96875
Q2 Cartesian-spatial + curriculum (live),9241600,9.2416,465709.625,465264.4270833333
Q2 Cartesian-spatial + curriculum (live),9292800,9.2928,462904.03125,464035.6979166667
Q2 Cartesian-spatial + curriculum (live),9344000,9.344,463493.4375,463577.9270833333
Q2 Cartesian-spatial + curriculum (live),9395200,9.3952,464336.3125,464674.71875
Q2 Cartesian-spatial + curriculum (live),9446400,9.4464,466194.40625,465060.5520833333
Q2 Cartesian-spatial + curriculum (live),9497600,9.4976,464650.9375,463899.1770833333
Q2 Cartesian-spatial + curriculum (live),9548800,9.5488,460852.1875,465097.4270833333
Q2 Cartesian-spatial + curriculum (live),9600000,9.6,469789.15625,466841.375
Q2 Cartesian-spatial + curriculum (live),9651200,9.6512,469882.78125,468374.9791666667
Q2 Cartesian-spatial + curriculum (live),9702400,9.7024,465453.0,465905.375
Q2 Cartesian-spatial + curriculum (live),9753600,9.7536,462380.34375,463956.8020833333
Q2 Cartesian-spatial + curriculum (live),9804800,9.8048,464037.0625,463581.4375
Q2 Cartesian-spatial + curriculum (live),9856000,9.856,464326.90625,464732.25
Q2 Cartesian-spatial + curriculum (live),9907200,9.9072,465832.78125,467966.1354166667
Q2 Cartesian-spatial + curriculum (live),9958400,9.9584,473738.71875,469869.28125
Q2 Cartesian-spatial + curriculum (live),10009600,10.0096,470036.34375,471913.3645833333
Q2 Cartesian-spatial + curriculum (live),10060800,10.0608,471965.03125,473754.8541666667
Q2 Cartesian-spatial + curriculum (live),10112000,10.112,479263.1875,473131.2916666667
Q2 Cartesian-spatial + curriculum (live),10163200,10.1632,468165.65625,474397.2708333333
Q2 Cartesian-spatial + curriculum (live),10214400,10.2144,475762.96875,472152.7604166667
Q2 Cartesian-spatial + curriculum (live),10265600,10.2656,472529.65625,473805.8541666667
Q2 Cartesian-spatial + curriculum (live),10316800,10.3168,473124.9375,472953.625
Q2 Cartesian-spatial + curriculum (live),10368000,10.368,473206.28125,474427.5104166667
Q2 Cartesian-spatial + curriculum (live),10419200,10.4192,476951.3125,475834.9479166667
Q2 Cartesian-spatial + curriculum (live),10470400,10.4704,477347.25,476346.7916666667
Q2 Cartesian-spatial + curriculum (live),10521600,10.5216,474741.8125,473744.8020833333
Q2 Cartesian-spatial + curriculum (live),10572800,10.5728,469145.34375,472465.2916666667
Q2 Cartesian-spatial + curriculum (live),10624000,10.624,473508.71875,471982.9166666667
Q2 Cartesian-spatial + curriculum (live),10675200,10.6752,473294.6875,475653.5416666667
Q2 Cartesian-spatial + curriculum (live),10726400,10.7264,480157.21875,476704.9375
Q2 Cartesian-spatial + curriculum (live),10777600,10.7776,476662.90625,478318.3645833333
Q2 Cartesian-spatial + curriculum (live),10828800,10.8288,478134.96875,477678.625
Q2 Cartesian-spatial + curriculum (live),10880000,10.88,478238.0,479380.1770833333
Q2 Cartesian-spatial + curriculum (live),10931200,10.9312,481767.5625,479851.1354166667
Q2 Cartesian-spatial + curriculum (live),10982400,10.9824,479547.84375,480933.34375
Q2 Cartesian-spatial + curriculum (live),11033600,11.0336,481484.625,479247.6145833333
Q2 Cartesian-spatial + curriculum (live),11084800,11.0848,476710.375,480023.6979166667
Q2 Cartesian-spatial + curriculum (live),11136000,11.136,481876.09375,481072.1770833333
Q2 Cartesian-spatial + curriculum (live),11187200,11.1872,484630.0625,482452.5520833333
Q2 Cartesian-spatial + curriculum (live),11238400,11.2384,480851.5,483897.15625
Q2 Cartesian-spatial + curriculum (live),11289600,11.2896,486209.90625,482003.0104166667
Q2 Cartesian-spatial + curriculum (live),11340800,11.3408,478947.625,480798.9166666667
Q2 Cartesian-spatial + curriculum (live),11392000,11.392,477239.21875,478621.0729166667
Q2 Cartesian-spatial + curriculum (live),11443200,11.4432,479676.375,477779.4270833333
Q2 Cartesian-spatial + curriculum (live),11494400,11.4944,476422.6875,478330.6666666667
Q2 Cartesian-spatial + curriculum (live),11545600,11.5456,478892.9375,477477.21875
Q2 Cartesian-spatial + curriculum (live),11596800,11.5968,477116.03125,476321.71875
Q2 Cartesian-spatial + curriculum (live),11648000,11.648,472956.1875,477306.40625
Q2 Cartesian-spatial + curriculum (live),11699200,11.6992,481847.0,477624.3854166667
Q2 Cartesian-spatial + curriculum (live),11750400,11.7504,478069.96875,478792.5416666667
Q2 Cartesian-spatial + curriculum (live),11801600,11.8016,476460.65625,477463.8854166667
Q2 Cartesian-spatial + curriculum (live),11852800,11.8528,477861.03125,474447.375
Q2 Cartesian-spatial + curriculum (live),11904000,11.904,469020.4375,475498.3125
Q2 Cartesian-spatial + curriculum (live),11955200,11.9552,479613.46875,474539.9479166667
Q2 Cartesian-spatial + curriculum (live),12006400,12.0064,474985.9375,475535.7395833333
Q2 Cartesian-spatial + curriculum (live),12057600,12.0576,472007.8125,474065.7708333333
Q2 Cartesian-spatial + curriculum (live),12108800,12.1088,475203.5625,474123.1770833333
Q2 Cartesian-spatial + curriculum (live),12160000,12.16,475158.15625,475284.2604166667
Q2 Cartesian-spatial + curriculum (live),12211200,12.2112,475491.0625,474999.71875
Q2 Cartesian-spatial + curriculum (live),12262400,12.2624,474349.9375,475019.1458333333
Q2 Cartesian-spatial + curriculum (live),12313600,12.3136,475216.4375,474986.1145833333
Q2 Cartesian-spatial + curriculum (live),12364800,12.3648,475391.96875,474897.25
Q2 Cartesian-spatial + curriculum (live),12416000,12.416,474083.34375,473013.34375
Q2 Cartesian-spatial + curriculum (live),12467200,12.4672,469564.71875,471806.3854166667
Q2 Cartesian-spatial + curriculum (live),12518400,12.5184,471771.09375,471426.25
Q2 Cartesian-spatial + curriculum (live),12569600,12.5696,472942.9375,473063.4166666667
Q2 Cartesian-spatial + curriculum (live),12620800,12.6208,474476.21875,473258.1354166667
Q2 Cartesian-spatial + curriculum (live),12672000,12.672,472355.25,475212.15625
Q2 Cartesian-spatial + curriculum (live),12723200,12.7232,478805.0,478930.1041666667
Q2 Cartesian-spatial + curriculum (live),12774400,12.7744,485630.0625,480818.96875
Q2 Cartesian-spatial + curriculum (live),12825600,12.8256,478021.84375,480037.1770833333
Q2 Cartesian-spatial + curriculum (live),12876800,12.8768,476459.625,476961.9375
Q2 Cartesian-spatial + curriculum (live),12928000,12.928,476404.34375,477825.75
Q2 Cartesian-spatial + curriculum (live),12979200,12.9792,480613.28125,477085.3229166667
Q2 Cartesian-spatial + curriculum (live),13030400,13.0304,474238.34375,478088.7291666667
Q2 Cartesian-spatial + curriculum (live),13081600,13.0816,479414.5625,477917.15625
Q2 Cartesian-spatial + curriculum (live),13132800,13.1328,480098.5625,481186.0416666667
Q2 Cartesian-spatial + curriculum (live),13184000,13.184,484045.0,481995.8645833333
Q2 Cartesian-spatial + curriculum (live),13235200,13.2352,481844.03125,481313.65625
Q2 Cartesian-spatial + curriculum (live),13286400,13.2864,478051.9375,479523.65625
Q2 Cartesian-spatial + curriculum (live),13337600,13.3376,478675.0,478508.09375
Q2 Cartesian-spatial + curriculum (live),13388800,13.3888,478797.34375,478722.3229166667
Q2 Cartesian-spatial + curriculum (live),13440000,13.44,478694.625,477902.5625
Q2 Cartesian-spatial + curriculum (live),13491200,13.4912,476215.71875,476983.0
Q2 Cartesian-spatial + curriculum (live),13542400,13.5424,476038.65625,474945.4479166667
Q2 Cartesian-spatial + curriculum (live),13593600,13.5936,472581.96875,474828.3229166667
Q2 Cartesian-spatial + curriculum (live),13644800,13.6448,475864.34375,475033.71875
Q2 Cartesian-spatial + curriculum (live),13696000,13.696,476654.84375,478146.4895833333
Q2 Cartesian-spatial + curriculum (live),13747200,13.7472,481920.28125,481910.34375
Q2 Cartesian-spatial + curriculum (live),13798400,13.7984,487155.90625,486800.78125
Q2 Cartesian-spatial + curriculum (live),13849600,13.8496,491326.15625,486143.8125
Q2 Cartesian-spatial + curriculum (live),13900800,13.9008,479949.375,483298.5625
Q2 Cartesian-spatial + curriculum (live),13952000,13.952,478620.15625,480907.9583333333
Q2 Cartesian-spatial + curriculum (live),14003200,14.0032,484154.34375,481274.0
Q2 Cartesian-spatial + curriculum (live),14054400,14.0544,481047.5,483237.6458333333
Q2 Cartesian-spatial + curriculum (live),14105600,14.1056,484511.09375,484186.53125
Q2 Cartesian-spatial + curriculum (live),14156800,14.1568,487001.0,485476.5520833333
Q2 Cartesian-spatial + curriculum (live),14208000,14.208,484917.5625,484447.65625
Q2 Cartesian-spatial + curriculum (live),14259200,14.2592,481424.40625,483329.8020833333
Q2 Cartesian-spatial + curriculum (live),14310400,14.3104,483647.4375,482202.2083333333
Q2 Cartesian-spatial + curriculum (live),14361600,14.3616,481534.78125,481872.2083333333
Q2 Cartesian-spatial + curriculum (live),14412800,14.4128,480434.40625,479899.5520833333
Q2 Cartesian-spatial + curriculum (live),14464000,14.464,477729.46875,481137.4166666667
Q2 Cartesian-spatial + curriculum (live),14515200,14.5152,485248.375,481178.25
Q2 Cartesian-spatial + curriculum (live),14566400,14.5664,480556.90625,482835.9791666667
Q2 Cartesian-spatial + curriculum (live),14617600,14.6176,482702.65625,483854.65625
Q2 Cartesian-spatial + curriculum (live),14668800,14.6688,488304.40625,484022.2708333333
Q2 Cartesian-spatial + curriculum (live),14720000,14.72,481059.75,485699.5729166667
Q2 Cartesian-spatial + curriculum (live),14771200,14.7712,487734.5625,483755.3229166667
Q2 Cartesian-spatial + curriculum (live),14822400,14.8224,482471.65625,483827.9791666667
Q2 Cartesian-spatial + curriculum (live),14873600,14.8736,481277.71875,481733.4479166667
Q2 Cartesian-spatial + curriculum (live),14924800,14.9248,481450.96875,481526.0729166667
Q2 Cartesian-spatial + curriculum (live),14976000,14.976,481849.53125,479777.125
Q2 Cartesian-spatial + curriculum (live),15027200,15.0272,476030.875,477416.8333333333
Q2 Cartesian-spatial + curriculum (live),15078400,15.0784,474370.09375,476886.3854166667
Q2 Cartesian-spatial + curriculum (live),15129600,15.1296,480258.1875,478601.7395833333
Q2 Cartesian-spatial + curriculum (live),15180800,15.1808,481176.9375,480405.4791666667
Q2 Cartesian-spatial + curriculum (live),15232000,15.232,479781.3125,481301.1666666667
Q2 Cartesian-spatial + curriculum (live),15283200,15.2832,482945.25,480440.7708333333
Q2 Cartesian-spatial + curriculum (live),15334400,15.3344,478595.75,482749.4479166667
Q2 Cartesian-spatial + curriculum (live),15385600,15.3856,486707.34375,482723.6041666667
Q2 Cartesian-spatial + curriculum (live),15436800,15.4368,482867.71875,482317.6145833333
Q2 Cartesian-spatial + curriculum (live),15488000,15.488,477377.78125,481967.3229166667
Q2 Cartesian-spatial + curriculum (live),15539200,15.5392,485656.46875,482750.65625
Q2 Cartesian-spatial + curriculum (live),15590400,15.5904,485217.71875,484185.2395833333
Q2 Cartesian-spatial + curriculum (live),15641600,15.6416,481681.53125,482524.4895833333
Q2 Cartesian-spatial + curriculum (live),15692800,15.6928,480674.21875,483010.8854166667
Q2 Cartesian-spatial + curriculum (live),15744000,15.744,486676.90625,484074.125
Q2 Cartesian-spatial + curriculum (live),15795200,15.7952,484871.25,486267.7395833333
Q2 Cartesian-spatial + curriculum (live),15846400,15.8464,487255.0625,485489.0729166667
Q2 Cartesian-spatial + curriculum (live),15897600,15.8976,484340.90625,484181.2708333333
Q2 Cartesian-spatial + curriculum (live),15948800,15.9488,480947.84375,482654.5520833333
Q2 Cartesian-spatial + curriculum (live),16000000,16.0,482674.90625,481393.2604166667
Q2 Cartesian-spatial + curriculum (live),16051200,16.0512,480557.03125,481909.3645833333
Q2 Cartesian-spatial + curriculum (live),16102400,16.1024,482496.15625,481891.5208333333
Q2 Cartesian-spatial + curriculum (live),16153600,16.1536,482621.375,481513.1875
Q2 Cartesian-spatial + curriculum (live),16204800,16.2048,479422.03125,480510.4270833333
Q2 Cartesian-spatial + curriculum (live),16256000,16.256,479487.875,481254.90625
Q2 Cartesian-spatial + curriculum (live),16307200,16.3072,484854.8125,482118.09375
Q2 Cartesian-spatial + curriculum (live),16358400,16.3584,482011.59375,481799.2708333333
Q2 Cartesian-spatial + curriculum (live),16409600,16.4096,478531.40625,482004.2291666667
Q2 Cartesian-spatial + curriculum (live),16460800,16.4608,485469.6875,482429.7604166667
Q2 Cartesian-spatial + curriculum (live),16512000,16.512,483288.1875,485712.46875
Q2 Cartesian-spatial + curriculum (live),16563200,16.5632,488379.53125,485538.21875
Q2 Cartesian-spatial + curriculum (live),16614400,16.6144,484946.9375,487292.5104166667
Q2 Cartesian-spatial + curriculum (live),16665600,16.6656,488551.0625,487171.6145833333
Q2 Cartesian-spatial + curriculum (live),16716800,16.7168,488016.84375,487311.2395833333
Q2 Cartesian-spatial + curriculum (live),16768000,16.768,485365.8125,486569.46875
Q2 Cartesian-spatial + curriculum (live),16819200,16.8192,486325.75,485408.4375
Q2 Cartesian-spatial + curriculum (live),16870400,16.8704,484533.75,485800.0625
Q2 Cartesian-spatial + curriculum (live),16921600,16.9216,486540.6875,482317.65625
Q2 Cartesian-spatial + curriculum (live),16972800,16.9728,475878.53125,479847.5
Q2 Cartesian-spatial + curriculum (live),17024000,17.024,477123.28125,476732.7916666667
Q2 Cartesian-spatial + curriculum (live),17075200,17.0752,477196.5625,480573.3333333333
Q2 Cartesian-spatial + curriculum (live),17126400,17.1264,487400.15625,480886.15625
Q2 Cartesian-spatial + curriculum (live),17177600,17.1776,478061.75,480586.6145833333
Q2 Cartesian-spatial + curriculum (live),17228800,17.2288,476297.9375,479551.9166666667
Q2 Cartesian-spatial + curriculum (live),17280000,17.28,484296.0625,480764.7083333333
Q2 Cartesian-spatial + curriculum (live),17331200,17.3312,481700.125,482824.1145833333
Q2 Cartesian-spatial + curriculum (live),17382400,17.3824,482476.15625,485011.5104166667
Q2 Cartesian-spatial + curriculum (live),17433600,17.4336,490858.25,488665.3854166667
Q2 Cartesian-spatial + curriculum (live),17484800,17.4848,492661.75,489871.5208333333
Q2 Cartesian-spatial + curriculum (live),17536000,17.536,486094.5625,489397.84375
Q2 Cartesian-spatial + curriculum (live),17587200,17.5872,489437.21875,485718.21875
Q2 Cartesian-spatial + curriculum (live),17638400,17.6384,481622.875,486689.6666666667
Q2 Cartesian-spatial + curriculum (live),17689600,17.6896,489008.90625,483775.96875
Q2 Cartesian-spatial + curriculum (live),17740800,17.7408,480696.125,484485.5625
Q2 Cartesian-spatial + curriculum (live),17792000,17.792,483751.65625,483238.0833333333
Q2 Cartesian-spatial + curriculum (live),17843200,17.8432,485266.46875,481978.8333333333
Q2 Cartesian-spatial + curriculum (live),17894400,17.8944,476918.375,480967.9166666667
Q2 Cartesian-spatial + curriculum (live),17945600,17.9456,480718.90625,481055.8541666667
Q2 Cartesian-spatial + curriculum (live),17996800,17.9968,485530.28125,481111.4375
Q2 Cartesian-spatial + curriculum (live),18048000,18.048,477085.125,482028.7083333333
Q2 Cartesian-spatial + curriculum (live),18099200,18.0992,483470.71875,479734.8229166667
Q2 Cartesian-spatial + curriculum (live),18150400,18.1504,478648.625,484129.0625
Q2 Cartesian-spatial + curriculum (live),18201600,18.2016,490267.84375,487181.3125
Q2 Cartesian-spatial + curriculum (live),18252800,18.2528,492627.46875,487899.1875
Q2 Cartesian-spatial + curriculum (live),18304000,18.304,480802.25,485437.1770833333
Q2 Cartesian-spatial + curriculum (live),18355200,18.3552,482881.8125,483914.1145833333
Q2 Cartesian-spatial + curriculum (live),18406400,18.4064,488058.28125,485588.0729166667
Q2 Cartesian-spatial + curriculum (live),18457600,18.4576,485824.125,487862.4791666667
Q2 Cartesian-spatial + curriculum (live),18508800,18.5088,489705.03125,487997.3541666667
Q2 Cartesian-spatial + curriculum (live),18560000,18.56,488462.90625,488776.75
Q2 Cartesian-spatial + curriculum (live),18611200,18.6112,488162.3125,487881.0625
Q2 Cartesian-spatial + curriculum (live),18662400,18.6624,487017.96875,487170.8645833333
Q2 Cartesian-spatial + curriculum (live),18713600,18.7136,486332.3125,485357.46875
Q2 Cartesian-spatial + curriculum (live),18764800,18.7648,482722.125,482714.4375
Q2 Cartesian-spatial + curriculum (live),18816000,18.816,479088.875,478615.6458333333
Q2 Cartesian-spatial + curriculum (live),18867200,18.8672,474035.9375,477596.78125
Q2 Cartesian-spatial + curriculum (live),18918400,18.9184,479665.53125,476605.2083333333
Q2 Cartesian-spatial + curriculum (live),18969600,18.9696,476114.15625,476837.09375
Q2 Cartesian-spatial + curriculum (live),19020800,19.0208,474731.59375,477809.3958333333
Q2 Cartesian-spatial + curriculum (live),19072000,19.072,482582.4375,478892.1979166667
Q2 Cartesian-spatial + curriculum (live),19123200,19.1232,479362.5625,481712.65625
Q2 Cartesian-spatial + curriculum (live),19174400,19.1744,483192.96875,481806.5833333333
Q2 Cartesian-spatial + curriculum (live),19225600,19.2256,482864.21875,484750.6770833333
Q2 Cartesian-spatial + curriculum (live),19276800,19.2768,488194.84375,485116.5729166667
Q2 Cartesian-spatial + curriculum (live),19328000,19.328,484290.65625,488115.7083333333
Q2 Cartesian-spatial + curriculum (live),19379200,19.3792,491861.625,485731.6770833333
Q2 Cartesian-spatial + curriculum (live),19430400,19.4304,481042.75,486227.5104166667
Q2 Cartesian-spatial + curriculum (live),19481600,19.4816,485778.15625,481855.65625
Q2 Cartesian-spatial + curriculum (live),19532800,19.5328,478746.0625,481832.1354166667
Q2 Cartesian-spatial + curriculum (live),19584000,19.584,480972.1875,483184.2083333333
Q2 Cartesian-spatial + curriculum (live),19635200,19.6352,489834.375,486310.9166666667
Q2 Cartesian-spatial + curriculum (live),19686400,19.6864,488126.1875,487847.4375
Q2 Cartesian-spatial + curriculum (live),19737600,19.7376,485581.75,486021.8541666667
Q2 Cartesian-spatial + curriculum (live),19788800,19.7888,484357.625,483960.9791666667
Q2 Cartesian-spatial + curriculum (live),19840000,19.84,481943.5625,484286.3020833333
Q2 Cartesian-spatial + curriculum (live),19891200,19.8912,486557.71875,484015.4791666667
Q2 Cartesian-spatial + curriculum (live),19942400,19.9424,483545.15625,486483.84375
Q2 Cartesian-spatial + curriculum (live),19993600,19.9936,489348.65625,490040.9375
Q2 Cartesian-spatial + curriculum (live),20044800,20.0448,497229.0,493686.7395833333
Q2 Cartesian-spatial + curriculum (live),20096000,20.096,494482.5625,492208.3541666667
Q2 Cartesian-spatial + curriculum (live),20147200,20.1472,484913.5,488314.09375
Q2 Cartesian-spatial + curriculum (live),20198400,20.1984,485546.21875,484046.4895833333
Q2 Cartesian-spatial + curriculum (live),20249600,20.2496,481679.75,480326.4166666667
Q2 Cartesian-spatial + curriculum (live),20300800,20.3008,473753.28125,474088.375
Q2 Cartesian-spatial + curriculum (live),20352000,20.352,466832.09375,468672.9479166667
Q2 Cartesian-spatial + curriculum (live),20403200,20.4032,465433.46875,469919.5
Q2 Cartesian-spatial + curriculum (live),20454400,20.4544,477492.9375,474398.84375
Q2 Cartesian-spatial + curriculum (live),20505600,20.5056,480270.125,480082.3229166667
Q2 Cartesian-spatial + curriculum (live),20556800,20.5568,482483.90625,483478.2604166667
Q2 Cartesian-spatial + curriculum (live),20608000,20.608,487680.75,484668.2083333333
Q2 Cartesian-spatial + curriculum (live),20659200,20.6592,483839.96875,486372.40625
Q2 Cartesian-spatial + curriculum (live),20710400,20.7104,487596.5,484147.59375
Q2 Cartesian-spatial + curriculum (live),20761600,20.7616,481006.3125,485982.0104166667
Q2 Cartesian-spatial + curriculum (live),20812800,20.8128,489343.21875,488485.65625
Q2 Cartesian-spatial + curriculum (live),20864000,20.864,495107.4375,491240.4895833333
Q2 Cartesian-spatial + curriculum (live),20915200,20.9152,489270.8125,488629.4270833333
Q2 Cartesian-spatial + curriculum (live),20966400,20.9664,481510.03125,484566.4791666667
Q2 Cartesian-spatial + curriculum (live),21017600,21.0176,482918.59375,483859.59375
Q2 Cartesian-spatial + curriculum (live),21068800,21.0688,487150.15625,484608.6666666667
Q2 Cartesian-spatial + curriculum (live),21120000,21.12,483757.25,486153.6041666667
Q2 Cartesian-spatial + curriculum (live),21171200,21.1712,487553.40625,484769.15625
Q2 Cartesian-spatial + curriculum (live),21222400,21.2224,482996.8125,483449.6041666667
Q2 Cartesian-spatial + curriculum (live),21273600,21.2736,479798.59375,482914.3958333333
Q2 Cartesian-spatial + curriculum (live),21324800,21.3248,485947.78125,484569.7395833333
Q2 Cartesian-spatial + curriculum (live),21376000,21.376,487962.84375,487740.7291666667
Q2 Cartesian-spatial + curriculum (live),21427200,21.4272,489311.5625,487417.0833333333
Q2 Cartesian-spatial + curriculum (live),21478400,21.4784,484976.84375,489614.1354166667
Q2 Cartesian-spatial + curriculum (live),21529600,21.5296,494554.0,488797.0208333333
Q2 Cartesian-spatial + curriculum (live),21580800,21.5808,486860.21875,487655.2395833333
Q2 Cartesian-spatial + curriculum (live),21632000,21.632,481551.5,483892.5520833333
Q2 Cartesian-spatial + curriculum (live),21683200,21.6832,483265.9375,484315.8958333333
Q2 Cartesian-spatial + curriculum (live),21734400,21.7344,488130.25,485174.1458333333
Q2 Cartesian-spatial + curriculum (live),21785600,21.7856,484126.25,483469.4583333333
Q2 Cartesian-spatial + curriculum (live),21836800,21.8368,478151.875,479853.2604166667
Q2 Cartesian-spatial + curriculum (live),21888000,21.888,477281.65625,476632.2916666667
Q2 Cartesian-spatial + curriculum (live),21939200,21.9392,474463.34375,475817.5729166667
Q2 Cartesian-spatial + curriculum (live),21990400,21.9904,475707.71875,477346.34375
Q2 Cartesian-spatial + curriculum (live),22041600,22.0416,481867.96875,477702.4791666667
Q2 Cartesian-spatial + curriculum (live),22092800,22.0928,475531.75,478404.53125
Q2 Cartesian-spatial + curriculum (live),22144000,22.144,477813.875,476574.7291666667
Q2 Cartesian-spatial + curriculum (live),22195200,22.1952,476378.5625,478395.84375
Q2 Cartesian-spatial + curriculum (live),22246400,22.2464,480995.09375,479100.75
Q2 Cartesian-spatial + curriculum (live),22297600,22.2976,479928.59375,483019.0833333333
Q2 Cartesian-spatial + curriculum (live),22348800,22.3488,488133.5625,483810.6979166667
Q2 Cartesian-spatial + curriculum (live),22400000,22.4,483369.9375,486474.5104166667
Q2 Cartesian-spatial + curriculum (live),22451200,22.4512,487920.03125,485693.4583333333
Q2 Cartesian-spatial + curriculum (live),22502400,22.5024,485790.40625,486228.4479166667
Q2 Cartesian-spatial + curriculum (live),22553600,22.5536,484974.90625,485823.6875
Q2 Cartesian-spatial + curriculum (live),22604800,22.6048,486705.75,487333.34375
Q2 Cartesian-spatial + curriculum (live),22656000,22.656,490319.375,487836.0104166667
Q2 Cartesian-spatial + curriculum (live),22707200,22.7072,486482.90625,488173.09375
Q2 Cartesian-spatial + curriculum (live),22758400,22.7584,487717.0,488476.2291666667
Q2 Cartesian-spatial + curriculum (live),22809600,22.8096,491228.78125,489792.8958333333
Q2 Cartesian-spatial + curriculum (live),22860800,22.8608,490432.90625,490282.6875
Q2 Cartesian-spatial + curriculum (live),22912000,22.912,489186.375,489788.09375
Q2 Cartesian-spatial + curriculum (live),22963200,22.9632,489745.0,486151.3541666667
Q2 Cartesian-spatial + curriculum (live),23014400,23.0144,479522.6875,485441.8229166667
Q2 Cartesian-spatial + curriculum (live),23065600,23.0656,487057.78125,482000.3020833333
Q2 Cartesian-spatial + curriculum (live),23116800,23.1168,479420.4375,484452.46875
Q2 Cartesian-spatial + curriculum (live),23168000,23.168,486879.1875,487264.3229166667
Q2 Cartesian-spatial + curriculum (live),23219200,23.2192,495493.34375,492368.1354166667
Q2 Cartesian-spatial + curriculum (live),23270400,23.2704,494731.875,492997.9270833333
Q2 Cartesian-spatial + curriculum (live),23321600,23.3216,488768.5625,490327.9270833333
Q2 Cartesian-spatial + curriculum (live),23372800,23.3728,487483.34375,489840.4791666667
Q2 Cartesian-spatial + curriculum (live),23424000,23.424,493269.53125,491484.0
Q2 Cartesian-spatial + curriculum (live),23475200,23.4752,493699.125,490799.71875
Q2 Cartesian-spatial + curriculum (live),23526400,23.5264,485430.5,490181.4791666667
Q2 Cartesian-spatial + curriculum (live),23577600,23.5776,491414.8125,487947.5208333333
Q2 Cartesian-spatial + curriculum (live),23628800,23.6288,486997.25,486705.9479166667
Q2 Cartesian-spatial + curriculum (live),23680000,23.68,481705.78125,487361.34375
Q2 Cartesian-spatial + curriculum (live),23731200,23.7312,493381.0,485931.21875
Q2 Cartesian-spatial + curriculum (live),23782400,23.7824,482706.875,486917.2291666667
Q2 Cartesian-spatial + curriculum (live),23833600,23.8336,484663.8125,485731.0
Q2 Cartesian-spatial + curriculum (live),23884800,23.8848,489822.3125,487920.25
Q2 Cartesian-spatial + curriculum (live),23936000,23.936,489274.625,489030.8020833333
Q2 Cartesian-spatial + curriculum (live),23987200,23.9872,487995.46875,488684.5104166667
Q2 Cartesian-spatial + curriculum (live),24038400,24.0384,488783.4375,486702.0833333333
Q2 Cartesian-spatial + curriculum (live),24089600,24.0896,483327.34375,487439.65625
Q2 Cartesian-spatial + curriculum (live),24140800,24.1408,490208.1875,484465.0625
Q2 Cartesian-spatial + curriculum (live),24192000,24.192,479859.65625,481437.90625
Q2 Cartesian-spatial + curriculum (live),24243200,24.2432,474245.875,477639.6145833333
Q2 Cartesian-spatial + curriculum (live),24294400,24.2944,478813.3125,478351.9583333333
Q2 Cartesian-spatial + curriculum (live),24345600,24.3456,481996.6875,484051.0416666667
Q2 Cartesian-spatial + curriculum (live),24396800,24.3968,491343.125,488510.1875
Q2 Cartesian-spatial + curriculum (live),24448000,24.448,492190.75,489070.4791666667
Q2 Cartesian-spatial + curriculum (live),24499200,24.4992,483677.5625,487457.9479166667
Q2 Cartesian-spatial + curriculum (live),24550400,24.5504,486505.53125,488175.75
Q2 Cartesian-spatial + curriculum (live),24601600,24.6016,494344.15625,486446.0520833333
Q2 Cartesian-spatial + curriculum (live),24652800,24.6528,478488.46875,486620.375
Q2 Cartesian-spatial + curriculum (live),24704000,24.704,487028.5,485786.1458333333
Q2 Cartesian-spatial + curriculum (live),24755200,24.7552,491841.46875,490525.5833333333
Q2 Cartesian-spatial + curriculum (live),24806400,24.8064,492706.78125,492197.2708333333
Q2 Cartesian-spatial + curriculum (live),24857600,24.8576,492043.5625,489322.2395833333
Q2 Cartesian-spatial + curriculum (live),24908800,24.9088,483216.375,485963.5833333333
Q2 Cartesian-spatial + curriculum (live),24960000,24.96,482630.8125,484548.8333333333
Q2 Cartesian-spatial + curriculum (live),25011200,25.0112,487799.3125,486354.75
Q2 Cartesian-spatial + curriculum (live),25062400,25.0624,488634.125,492721.4270833333
Q2 Cartesian-spatial + curriculum (live),25113600,25.1136,501730.84375,494620.21875
Q2 Cartesian-spatial + curriculum (live),25164800,25.1648,493495.6875,499511.8125
Q2 Cartesian-spatial + curriculum (live),25216000,25.216,503308.90625,497336.15625
Q2 Cartesian-spatial + curriculum (live),25267200,25.2672,495203.875,500563.34375
Q2 Cartesian-spatial + curriculum (live),25318400,25.3184,503177.25,500277.1979166667
Q2 Cartesian-spatial + curriculum (live),25369600,25.3696,502450.46875,504554.1666666667
Q2 Cartesian-spatial + curriculum (live),25420800,25.4208,508034.78125,500625.1354166667
Q2 Cartesian-spatial + curriculum (live),25472000,25.472,491390.15625,498049.46875
Q2 Cartesian-spatial + curriculum (live),25523200,25.5232,494723.46875,493173.9791666667
Q2 Cartesian-spatial + curriculum (live),25574400,25.5744,493408.3125,496779.5833333333
Q2 Cartesian-spatial + curriculum (live),25625600,25.6256,502206.96875,497762.3020833333
Q2 Cartesian-spatial + curriculum (live),25676800,25.6768,497671.625,500651.75
Q2 Cartesian-spatial + curriculum (live),25728000,25.728,502076.65625,499397.2083333333
Q2 Cartesian-spatial + curriculum (live),25779200,25.7792,498443.34375,498715.40625
Q2 Cartesian-spatial + curriculum (live),25830400,25.8304,495626.21875,497024.8541666667
Q2 Cartesian-spatial + curriculum (live),25881600,25.8816,497005.0,497635.6979166667
Q2 Cartesian-spatial + curriculum (live),25932800,25.9328,500275.875,499539.4583333333
Q2 Cartesian-spatial + curriculum (live),25984000,25.984,501337.5,503698.625
Q2 Cartesian-spatial + curriculum (live),26035200,26.0352,509482.5,504098.59375
Q2 Cartesian-spatial + curriculum (live),26086400,26.0864,501475.78125,503379.5729166667
Q2 Cartesian-spatial + curriculum (live),26137600,26.1376,499180.4375,498509.0625
Q2 Cartesian-spatial + curriculum (live),26188800,26.1888,494870.96875,499505.9166666667
Q2 Cartesian-spatial + curriculum (live),26240000,26.24,504466.34375,501970.5104166667
Q2 Cartesian-spatial + curriculum (live),26291200,26.2912,506574.21875,504244.2916666667
Q2 Cartesian-spatial + curriculum (live),26342400,26.3424,501692.3125,498653.4791666667
Q2 Cartesian-spatial + curriculum (live),26393600,26.3936,487693.90625,495525.125
Q2 Cartesian-spatial + curriculum (live),26444800,26.4448,497189.15625,493699.53125
Q2 Cartesian-spatial + curriculum (live),26496000,26.496,496215.53125,494628.3958333333
Q2 Cartesian-spatial + curriculum (live),26547200,26.5472,490480.5,497588.3229166667
Q2 Cartesian-spatial + curriculum (live),26598400,26.5984,506068.9375,500772.75
Q2 Cartesian-spatial + curriculum (live),26649600,26.6496,505768.8125,505344.34375
Q2 Cartesian-spatial + curriculum (live),26700800,26.7008,504195.28125,504341.1041666667
Q2 Cartesian-spatial + curriculum (live),26752000,26.752,503059.21875,502253.65625
Q2 Cartesian-spatial + curriculum (live),26803200,26.8032,499506.46875,501425.6458333333
Q2 Cartesian-spatial + curriculum (live),26854400,26.8544,501711.25,499110.34375
Q2 Cartesian-spatial + curriculum (live),26905600,26.9056,496113.3125,499661.7395833333
Q2 Cartesian-spatial + curriculum (live),26956800,26.9568,501160.65625,498052.1770833333
Q2 Cartesian-spatial + curriculum (live),27008000,27.008,496882.5625,496688.3541666667
Q2 Cartesian-spatial + curriculum (live),27059200,27.0592,492021.84375,495678.9583333333
Q2 Cartesian-spatial + curriculum (live),27110400,27.1104,498132.46875,497027.4791666667
Q2 Cartesian-spatial + curriculum (live),27161600,27.1616,500928.125,501051.71875
Q2 Cartesian-spatial + curriculum (live),27212800,27.2128,504094.5625,501266.9583333333
Q2 Cartesian-spatial + curriculum (live),27264000,27.264,498778.1875,499397.7916666667
Q2 Cartesian-spatial + curriculum (live),27315200,27.3152,495320.625,500800.4166666667
Q2 Cartesian-spatial + curriculum (live),27366400,27.3664,508302.4375,500104.6458333333
Q2 Cartesian-spatial + curriculum (live),27417600,27.4176,496690.875,501361.90625
Q2 Cartesian-spatial + curriculum (live),27468800,27.4688,499092.40625,500472.4375
Q2 Cartesian-spatial + curriculum (live),27520000,27.52,505634.03125,502440.0625
Q2 Cartesian-spatial + curriculum (live),27571200,27.5712,502593.75,503018.40625
Q2 Cartesian-spatial + curriculum (live),27622400,27.6224,500827.4375,502548.53125
Q2 Cartesian-spatial + curriculum (live),27673600,27.6736,504224.40625,501622.71875
Q2 Cartesian-spatial + curriculum (live),27724800,27.7248,499816.3125,499346.1666666667
Q2 Cartesian-spatial + curriculum (live),27776000,27.776,493997.78125,499598.7291666667
Q2 Cartesian-spatial + curriculum (live),27827200,27.8272,504982.09375,500002.59375
Q2 Cartesian-spatial + curriculum (live),27878400,27.8784,501027.90625,502977.0208333333
Q2 Cartesian-spatial + curriculum (live),27929600,27.9296,502921.0625,503411.34375
Q2 Cartesian-spatial + curriculum (live),27980800,27.9808,506285.0625,504042.75
Q2 Cartesian-spatial + curriculum (live),28032000,28.032,502922.125,500203.6979166667
Q2 Cartesian-spatial + curriculum (live),28083200,28.0832,491403.90625,499379.6041666667
Q2 Cartesian-spatial + curriculum (live),28134400,28.1344,503812.78125,498736.3229166667
Q2 Cartesian-spatial + curriculum (live),28185600,28.1856,500992.28125,503714.78125
Q2 Cartesian-spatial + curriculum (live),28236800,28.2368,506339.28125,503889.8958333333
Q2 Cartesian-spatial + curriculum (live),28288000,28.288,504338.125,504576.4791666667
Q2 Cartesian-spatial + curriculum (live),28339200,28.3392,503052.03125,500310.7395833333
Q2 Cartesian-spatial + curriculum (live),28390400,28.3904,493542.0625,497583.0520833333
Q2 Cartesian-spatial + curriculum (live),28441600,28.4416,496155.0625,493333.4375
Q2 Cartesian-spatial + curriculum (live),28492800,28.4928,490303.1875,492912.625
Q2 Cartesian-spatial + curriculum (live),28544000,28.544,492279.625,492872.6145833333
Q2 Cartesian-spatial + curriculum (live),28595200,28.5952,496035.03125,496950.0520833333
Q2 Cartesian-spatial + curriculum (live),28646400,28.6464,502535.5,497889.25
Q2 Cartesian-spatial + curriculum (live),28697600,28.6976,495097.21875,498780.28125
Q2 Cartesian-spatial + curriculum (live),28748800,28.7488,498708.125,496094.0625
Q2 Cartesian-spatial + curriculum (live),28800000,28.8,494476.84375,497437.7083333333
Q2 Cartesian-spatial + curriculum (live),28851200,28.8512,499128.15625,497057.5208333333
Q2 Cartesian-spatial + curriculum (live),28902400,28.9024,497567.5625,501297.09375
Q2 Cartesian-spatial + curriculum (live),28953600,28.9536,507195.5625,501493.8229166667
Q2 Cartesian-spatial + curriculum (live),29004800,29.0048,499718.34375,503352.4895833333
Q2 Cartesian-spatial + curriculum (live),29056000,29.056,503143.5625,500125.5729166667
Q2 Cartesian-spatial + curriculum (live),29107200,29.1072,497514.8125,497670.3125
Q2 Cartesian-spatial + curriculum (live),29158400,29.1584,492352.5625,493419.8854166667
Q2 Cartesian-spatial + curriculum (live),29209600,29.2096,490392.28125,497298.9375
Q2 Cartesian-spatial + curriculum (live),29260800,29.2608,509151.96875,503142.9375
Q2 Cartesian-spatial + curriculum (live),29312000,29.312,509884.5625,507165.3229166667
Q2 Cartesian-spatial + curriculum (live),29363200,29.3632,502459.4375,507241.34375
Q2 Cartesian-spatial + curriculum (live),29414400,29.4144,509380.03125,503042.5104166667
Q2 Cartesian-spatial + curriculum (live),29465600,29.4656,497288.0625,504886.03125
Q2 Cartesian-spatial + curriculum (live),29516800,29.5168,507990.0,503412.2395833333
Q2 Cartesian-spatial + curriculum (live),29568000,29.568,504958.65625,506424.3125
Q2 Cartesian-spatial + curriculum (live),29619200,29.6192,506324.28125,504887.96875
Q2 Cartesian-spatial + curriculum (live),29670400,29.6704,503380.96875,504212.4166666667
Q2 Cartesian-spatial + curriculum (live),29721600,29.7216,502932.0,500862.8229166667
Q2 Cartesian-spatial + curriculum (live),29772800,29.7728,496275.5,501640.8645833333
Q2 Cartesian-spatial + curriculum (live),29824000,29.824,505715.09375,501849.6145833333
Q2 Cartesian-spatial + curriculum (live),29875200,29.8752,503558.25,506186.40625
Q2 Cartesian-spatial + curriculum (live),29926400,29.9264,509285.875,507306.90625
Q2 Cartesian-spatial + curriculum (live),29977600,29.9776,509076.59375,507213.90625
Q2 Cartesian-spatial + curriculum (live),30028800,30.0288,503279.25,505761.3645833333
Q2 Cartesian-spatial + curriculum (live),30080000,30.08,504928.25,506173.5104166667
Q2 Cartesian-spatial + curriculum (live),30131200,30.1312,510313.03125,508660.7291666667
Q2 Cartesian-spatial + curriculum (live),30182400,30.1824,510740.90625,510980.4479166667
Q2 Cartesian-spatial + curriculum (live),30233600,30.2336,511887.40625,510782.15625
Q2 Cartesian-spatial + curriculum (live),30284800,30.2848,509718.15625,508228.5520833333
Q2 Cartesian-spatial + curriculum (live),30336000,30.336,503080.09375,508542.3645833333
Q2 Cartesian-spatial + curriculum (live),30387200,30.3872,512828.84375,508608.8958333333
Q2 Cartesian-spatial + curriculum (live),30438400,30.4384,509917.75,513695.59375
Q2 Cartesian-spatial + curriculum (live),30489600,30.4896,518340.1875,512713.5520833333
Q2 Cartesian-spatial + curriculum (live),30540800,30.5408,509882.71875,515086.7916666667
Q2 Cartesian-spatial + curriculum (live),30592000,30.592,517037.46875,511705.8645833333
Q2 Cartesian-spatial + curriculum (live),30643200,30.6432,508197.40625,515174.4895833333
Q2 Cartesian-spatial + curriculum (live),30694400,30.6944,520288.59375,513994.0729166667
Q2 Cartesian-spatial + curriculum (live),30745600,30.7456,513496.21875,512846.9166666667
Q2 Cartesian-spatial + curriculum (live),30796800,30.7968,504755.9375,511056.3333333333
Q2 Cartesian-spatial + curriculum (live),30848000,30.848,514916.84375,512465.0208333333
Q2 Cartesian-spatial + curriculum (live),30899200,30.8992,517722.28125,516951.7083333333
Q2 Cartesian-spatial + curriculum (live),30950400,30.9504,518216.0,516902.8229166667
Q2 Cartesian-spatial + curriculum (live),31001600,31.0016,514770.1875,517099.4583333333
Q2 Cartesian-spatial + curriculum (live),31052800,31.0528,518312.1875,516004.125
Q2 Cartesian-spatial + curriculum (live),31104000,31.104,514930.0,516708.4270833333
Q2 Cartesian-spatial + curriculum (live),31155200,31.1552,516883.09375,515563.2916666667
Q2 Cartesian-spatial + curriculum (live),31206400,31.2064,514876.78125,515863.3645833333
Q2 Cartesian-spatial + curriculum (live),31257600,31.2576,515830.21875,514667.0729166667
Q2 Cartesian-spatial + curriculum (live),31308800,31.3088,513294.21875,511896.0625
Q2 Cartesian-spatial + curriculum (live),31360000,31.36,506563.75,508500.6354166667
Q2 Cartesian-spatial + curriculum (live),31411200,31.4112,505643.9375,510074.8229166667
Q2 Cartesian-spatial + curriculum (live),31462400,31.4624,518016.78125,510817.46875
Q2 Cartesian-spatial + curriculum (live),31513600,31.5136,508791.6875,513784.84375
Q2 Cartesian-spatial + curriculum (live),31564800,31.5648,514546.0625,513124.5833333333
Q2 Cartesian-spatial + curriculum (live),31616000,31.616,516036.0,516945.375
Q2 Cartesian-spatial + curriculum (live),31667200,31.6672,520254.0625,518788.5625
Q2 Cartesian-spatial + curriculum (live),31718400,31.7184,520075.625,517511.9895833333
Q2 Cartesian-spatial + curriculum (live),31769600,31.7696,512206.28125,516144.1979166667
Q2 Cartesian-spatial + curriculum (live),31820800,31.8208,516150.6875,516363.5833333333
Q2 Cartesian-spatial + curriculum (live),31872000,31.872,520733.78125,516035.25
Q2 Cartesian-spatial + curriculum (live),31923200,31.9232,511221.28125,516135.5416666667
Q2 Cartesian-spatial + curriculum (live),31974400,31.9744,516451.5625,515088.9166666667
Q2 Cartesian-spatial + curriculum (live),32025600,32.0256,517593.90625,514953.0520833333
Q2 Cartesian-spatial + curriculum (live),32076800,32.0768,510813.6875,513755.7708333333
Q2 Cartesian-spatial + curriculum (live),32128000,32.128,512859.71875,515122.5104166667
Q2 Cartesian-spatial + curriculum (live),32179200,32.1792,521694.125,515678.1041666667
Q2 Cartesian-spatial + curriculum (live),32230400,32.2304,512480.46875,517462.9375
Q2 Cartesian-spatial + curriculum (live),32281600,32.2816,518214.21875,515092.5
Q2 Cartesian-spatial + curriculum (live),32332800,32.3328,514582.8125,513643.1979166667
Q2 Cartesian-spatial + curriculum (live),32384000,32.384,508132.5625,510461.71875
Q2 Cartesian-spatial + curriculum (live),32435200,32.4352,508669.78125,511147.6666666667
Q2 Cartesian-spatial + curriculum (live),32486400,32.4864,516640.65625,512262.71875
Q2 Cartesian-spatial + curriculum (live),32537600,32.5376,511477.71875,511212.15625
Q2 Cartesian-spatial + curriculum (live),32588800,32.5888,505518.09375,510501.46875
Q2 Cartesian-spatial + curriculum (live),32640000,32.64,514508.59375,512100.1979166667
Q2 Cartesian-spatial + curriculum (live),32691200,32.6912,516273.90625,513674.3333333333
Q2 Cartesian-spatial + curriculum (live),32742400,32.7424,510240.5,512277.3333333333
Q2 Cartesian-spatial + curriculum (live),32793600,32.7936,510317.59375,513028.4270833333
Q2 Cartesian-spatial + curriculum (live),32844800,32.8448,518527.1875,515188.4375
Q2 Cartesian-spatial + curriculum (live),32896000,32.896,516720.53125,520857.1770833333
Q2 Cartesian-spatial + curriculum (live),32947200,32.9472,527323.8125,521811.6041666667
Q2 Cartesian-spatial + curriculum (live),32998400,32.9984,521390.46875,520704.9270833333
Q2 Cartesian-spatial + curriculum (live),33049600,33.0496,513400.5,516587.40625
Q2 Cartesian-spatial + curriculum (live),33100800,33.1008,514971.25,513352.5833333333
Q2 Cartesian-spatial + curriculum (live),33152000,33.152,511686.0,513081.5520833333
Q2 Cartesian-spatial + curriculum (live),33203200,33.2032,512587.40625,513581.4895833333
Q2 Cartesian-spatial + curriculum (live),33254400,33.2544,516471.0625,512859.375
Q2 Cartesian-spatial + curriculum (live),33305600,33.3056,509519.65625,515636.5729166667
Q2 Cartesian-spatial + curriculum (live),33356800,33.3568,520919.0,515553.78125
Q2 Cartesian-spatial + curriculum (live),33408000,33.408,516222.6875,514876.90625
Q2 Cartesian-spatial + curriculum (live),33459200,33.4592,507489.03125,513376.9270833333
Q2 Cartesian-spatial + curriculum (live),33510400,33.5104,516419.0625,513918.6354166667
Q2 Cartesian-spatial + curriculum (live),33561600,33.5616,517847.8125,517904.7604166667
Q2 Cartesian-spatial + curriculum (live),33612800,33.6128,519447.40625,519472.3958333333
Q2 Cartesian-spatial + curriculum (live),33664000,33.664,521121.96875,522680.7083333333
Q2 Cartesian-spatial + curriculum (live),33715200,33.7152,527472.75,523412.0729166667
Q2 Cartesian-spatial + curriculum (live),33766400,33.7664,521641.5,524398.6041666666
Q2 Cartesian-spatial + curriculum (live),33817600,33.8176,524081.5625,520254.46875
Q2 Cartesian-spatial + curriculum (live),33868800,33.8688,515040.34375,516391.3541666667
Q2 Cartesian-spatial + curriculum (live),33920000,33.92,510052.15625,514679.5416666667
Q2 Cartesian-spatial + curriculum (live),33971200,33.9712,518946.125,515848.0104166667
Q2 Cartesian-spatial + curriculum (live),34022400,34.0224,518545.75,521196.0625
Q2 Cartesian-spatial + curriculum (live),34073600,34.0736,526096.3125,520677.3854166667
Q2 Cartesian-spatial + curriculum (live),34124800,34.1248,517390.09375,519892.28125
Q2 Cartesian-spatial + curriculum (live),34176000,34.176,516190.4375,520393.5520833333
Q2 Cartesian-spatial + curriculum (live),34227200,34.2272,527600.125,521649.0104166667
Q2 Cartesian-spatial + curriculum (live),34278400,34.2784,521156.46875,526138.2395833334
Q2 Cartesian-spatial + curriculum (live),34329600,34.3296,529658.125,526325.9270833334
Q2 Cartesian-spatial + curriculum (live),34380800,34.3808,528163.1875,525922.2604166666
Q2 Cartesian-spatial + curriculum (live),34432000,34.432,519945.46875,525824.09375
Q2 Cartesian-spatial + curriculum (live),34483200,34.4832,529363.625,525214.03125
Q2 Cartesian-spatial + curriculum (live),34534400,34.5344,526333.0,526596.4375
Q2 Cartesian-spatial + curriculum (live),34585600,34.5856,524092.6875,524784.8854166666
Q2 Cartesian-spatial + curriculum (live),34636800,34.6368,523928.96875,525347.3645833334
Q2 Cartesian-spatial + curriculum (live),34688000,34.688,528020.4375,525068.625
Q2 Cartesian-spatial + curriculum (live),34739200,34.7392,523256.46875,524431.0104166666
Q2 Cartesian-spatial + curriculum (live),34790400,34.7904,522016.125,522880.375
Q2 Cartesian-spatial + curriculum (live),34841600,34.8416,523368.53125,523616.46875
Q2 Cartesian-spatial + curriculum (live),34892800,34.8928,525464.75,522398.1875
Q2 Cartesian-spatial + curriculum (live),34944000,34.944,518361.28125,522261.5208333333
Q2 Cartesian-spatial + curriculum (live),34995200,34.9952,522958.53125,521912.2083333333
Q2 Cartesian-spatial + curriculum (live),35046400,35.0464,524416.8125,523865.4895833333
Q2 Cartesian-spatial + curriculum (live),35097600,35.0976,524221.125,524512.7916666666
Q2 Cartesian-spatial + curriculum (live),35148800,35.1488,524900.4375,521513.71875
Q2 Cartesian-spatial + curriculum (live),35200000,35.2,515419.59375,520404.9479166667
Q2 Cartesian-spatial + curriculum (live),35251200,35.2512,520894.8125,520086.3020833333
Q2 Cartesian-spatial + curriculum (live),35302400,35.3024,523944.5,519492.0520833333
Q2 Cartesian-spatial + curriculum (live),35353600,35.3536,513636.84375,522466.28125
Q2 Cartesian-spatial + curriculum (live),35404800,35.4048,529817.5,521991.875
Q2 Cartesian-spatial + curriculum (live),35456000,35.456,522521.28125,525913.2395833334
Q2 Cartesian-spatial + curriculum (live),35507200,35.5072,525400.9375,523951.9583333333
Q2 Cartesian-spatial + curriculum (live),35558400,35.5584,523933.65625,522240.7395833333
Q2 Cartesian-spatial + curriculum (live),35609600,35.6096,517387.625,520575.78125
Q2 Cartesian-spatial + curriculum (live),35660800,35.6608,520406.0625,518647.15625
Q2 Cartesian-spatial + curriculum (live),35712000,35.712,518147.78125,520155.7291666667
Q2 Cartesian-spatial + curriculum (live),35763200,35.7632,521913.34375,520063.2708333333
Q2 Cartesian-spatial + curriculum (live),35814400,35.8144,520128.6875,518500.8020833333
Q2 Cartesian-spatial + curriculum (live),35865600,35.8656,513460.375,518493.7708333333
Q2 Cartesian-spatial + curriculum (live),35916800,35.9168,521892.25,513744.7708333333
Q2 Cartesian-spatial + curriculum (live),35968000,35.968,505881.6875,514702.53125
Q2 Cartesian-spatial + curriculum (live),36019200,36.0192,516333.65625,510898.4791666667
Q2 Cartesian-spatial + curriculum (live),36070400,36.0704,510480.09375,518777.8541666667
Q2 Cartesian-spatial + curriculum (live),36121600,36.1216,529519.8125,522600.28125
Q2 Cartesian-spatial + curriculum (live),36172800,36.1728,527800.9375,525537.7395833334
Q2 Cartesian-spatial + curriculum (live),36224000,36.224,519292.46875,526552.4270833334
Q2 Cartesian-spatial + curriculum (live),36275200,36.2752,532563.875,526134.9895833334
Q2 Cartesian-spatial + curriculum (live),36326400,36.3264,526548.625,530421.8125
Q2 Cartesian-spatial + curriculum (live),36377600,36.3776,532152.9375,529588.5625
Q2 Cartesian-spatial + curriculum (live),36428800,36.4288,530064.125,532422.3333333334
Q2 Cartesian-spatial + curriculum (live),36480000,36.48,535049.9375,529637.1458333334
Q2 Cartesian-spatial + curriculum (live),36531200,36.5312,523797.375,528944.6875
Q2 Cartesian-spatial + curriculum (live),36582400,36.5824,527986.75,527297.875
Q2 Cartesian-spatial + curriculum (live),36633600,36.6336,530109.5,525757.9270833334
Q2 Cartesian-spatial + curriculum (live),36684800,36.6848,519177.53125,523226.7395833333
Q2 Cartesian-spatial + curriculum (live),36736000,36.736,520393.1875,522036.3020833333
Q2 Cartesian-spatial + curriculum (live),36787200,36.7872,526538.1875,524000.5
Q2 Cartesian-spatial + curriculum (live),36838400,36.8384,525070.125,525298.25
Q2 Cartesian-spatial + curriculum (live),36889600,36.8896,524286.4375,522650.5208333333
Q2 Cartesian-spatial + curriculum (live),36940800,36.9408,518595.0,523283.0208333333
Q2 Cartesian-spatial + curriculum (live),36992000,36.992,526967.625,522972.7604166667
Q2 Cartesian-spatial + curriculum (live),37043200,37.0432,523355.65625,526056.28125
Q2 Cartesian-spatial + curriculum (live),37094400,37.0944,527845.5625,525999.2395833334
Q2 Cartesian-spatial + curriculum (live),37145600,37.1456,526796.5,527847.3541666666
Q2 Cartesian-spatial + curriculum (live),37196800,37.1968,528900.0,525494.3229166666
Q2 Cartesian-spatial + curriculum (live),37248000,37.248,520786.46875,524112.8333333333
Q2 Cartesian-spatial + curriculum (live),37299200,37.2992,522652.03125,521642.90625
Q2 Cartesian-spatial + curriculum (live),37350400,37.3504,521490.21875,525378.875
Q2 Cartesian-spatial + curriculum (live),37401600,37.4016,531994.375,526065.0729166666
Q2 Cartesian-spatial + curriculum (live),37452800,37.4528,524710.625,529192.1666666666
Q2 Cartesian-spatial + curriculum (live),37504000,37.504,530871.5,527305.4375
Q2 Cartesian-spatial + curriculum (live),37555200,37.5552,526334.1875,526350.5729166666
Q2 Cartesian-spatial + curriculum (live),37606400,37.6064,521846.03125,527191.5729166666
Q2 Cartesian-spatial + curriculum (live),37657600,37.6576,533394.5,527826.03125
Q2 Cartesian-spatial + curriculum (live),37708800,37.7088,528237.5625,530093.125
Q2 Cartesian-spatial + curriculum (live),37760000,37.76,528647.3125,527719.9375
Q2 Cartesian-spatial + curriculum (live),37811200,37.8112,526274.9375,527451.3541666666
Q2 Cartesian-spatial + curriculum (live),37862400,37.8624,527431.8125,528366.5625
Q2 Cartesian-spatial + curriculum (live),37913600,37.9136,531392.9375,528880.3333333334
Q2 Cartesian-spatial + curriculum (live),37964800,37.9648,527816.25,527719.65625
Q2 Cartesian-spatial + curriculum (live),38016000,38.016,523949.78125,527282.4895833334
Q2 Cartesian-spatial + curriculum (live),38067200,38.0672,530081.4375,525865.8020833334
Q2 Cartesian-spatial + curriculum (live),38118400,38.1184,523566.1875,529481.8333333334
Q2 Cartesian-spatial + curriculum (live),38169600,38.1696,534797.875,529566.1041666666
Q2 Cartesian-spatial + curriculum (live),38220800,38.2208,530334.25,531581.0
Q2 Cartesian-spatial + curriculum (live),38272000,38.272,529610.875,529417.75
Q2 Cartesian-spatial + curriculum (live),38323200,38.3232,528308.125,530046.0
Q2 Cartesian-spatial + curriculum (live),38374400,38.3744,532219.0,531109.6875
Q2 Cartesian-spatial + curriculum (live),38425600,38.4256,532801.9375,533582.3541666666
Q2 Cartesian-spatial + curriculum (live),38476800,38.4768,535726.125,532193.0
Q2 Cartesian-spatial + curriculum (live),38528000,38.528,528050.9375,534317.3125
Q2 Cartesian-spatial + curriculum (live),38579200,38.5792,539174.875,530819.0416666666
Q2 Cartesian-spatial + curriculum (live),38630400,38.6304,525231.3125,535518.0833333334
Q2 Cartesian-spatial + curriculum (live),38681600,38.6816,542148.0625,535847.9375
Q2 Cartesian-spatial + curriculum (live),38732800,38.7328,540164.4375,539100.3541666666
Q2 Cartesian-spatial + curriculum (live),38784000,38.784,534988.5625,537386.2083333334
Q2 Cartesian-spatial + curriculum (live),38835200,38.8352,537005.625,534398.0625
Q2 Cartesian-spatial + curriculum (live),38886400,38.8864,531200.0,536183.8125
Q2 Cartesian-spatial + curriculum (live),38937600,38.9376,540345.8125,534239.4791666666
Q2 Cartesian-spatial + curriculum (live),38988800,38.9888,531172.625,533142.5833333334
Q2 Cartesian-spatial + curriculum (live),39040000,39.04,527909.3125,531598.3541666666
Q2 Cartesian-spatial + curriculum (live),39091200,39.0912,535713.125,530208.6666666666
Q2 Cartesian-spatial + curriculum (live),39142400,39.1424,527003.5625,533313.0
Q2 Cartesian-spatial + curriculum (live),39193600,39.1936,537222.3125,534053.6875
Q2 Cartesian-spatial + curriculum (live),39244800,39.2448,537935.1875,533137.5520833334
Q2 Cartesian-spatial + curriculum (live),39296000,39.296,524255.15625,532108.4895833334
Q2 Cartesian-spatial + curriculum (live),39347200,39.3472,534135.125,531028.6354166666
Q2 Cartesian-spatial + curriculum (live),39398400,39.3984,534695.625,533639.0625
Q2 Cartesian-spatial + curriculum (live),39449600,39.4496,532086.4375,534627.5625
Q2 Cartesian-spatial + curriculum (live),39500800,39.5008,537100.625,534276.4791666666
Q2 Cartesian-spatial + curriculum (live),39552000,39.552,533642.375,535182.5625
Q2 Cartesian-spatial + curriculum (live),39603200,39.6032,534804.6875,534212.6041666666
Q2 Cartesian-spatial + curriculum (live),39654400,39.6544,534190.75,533420.0416666666
Q2 Cartesian-spatial + curriculum (live),39705600,39.7056,531264.6875,534086.3125
Q2 Cartesian-spatial + curriculum (live),39756800,39.7568,536803.5,535449.6666666666
Q2 Cartesian-spatial + curriculum (live),39808000,39.808,538280.8125,538323.0
Q2 Cartesian-spatial + curriculum (live),39859200,39.8592,539884.6875,536151.8125
Q2 Cartesian-spatial + curriculum (live),39910400,39.9104,530289.9375,533948.7708333334
Q2 Cartesian-spatial + curriculum (live),39961600,39.9616,531671.6875,529341.8541666666
Q2 Cartesian-spatial + curriculum (live),40012800,40.0128,526063.9375,530081.7708333334
Q2 Cartesian-spatial + curriculum (live),40064000,40.064,532509.6875,530393.7708333334
Q2 Cartesian-spatial + curriculum (live),40115200,40.1152,532607.6875,532339.0416666666
Q2 Cartesian-spatial + curriculum (live),40166400,40.1664,531899.75,531049.0416666666
Q2 Cartesian-spatial + curriculum (live),40217600,40.2176,528639.6875,532318.2916666666
Q2 Cartesian-spatial + curriculum (live),40268800,40.2688,536415.4375,531185.6666666666
Q2 Cartesian-spatial + curriculum (live),40320000,40.32,528501.875,532853.8958333334
Q2 Cartesian-spatial + curriculum (live),40371200,40.3712,533644.375,530185.3958333334
Q2 Cartesian-spatial + curriculum (live),40422400,40.4224,528409.9375,529189.1875
Q2 Cartesian-spatial + curriculum (live),40473600,40.4736,525513.25,527772.1041666666
Q2 Cartesian-spatial + curriculum (live),40524800,40.5248,529393.125,528034.5416666666
Q2 Cartesian-spatial + curriculum (live),40576000,40.576,529197.25,531054.3333333334
Q2 Cartesian-spatial + curriculum (live),40627200,40.6272,534572.625,531777.9583333334
Q2 Cartesian-spatial + curriculum (live),40678400,40.6784,531564.0,534577.5833333334
Q2 Cartesian-spatial + curriculum (live),40729600,40.7296,537596.125,535405.4791666666
Q2 Cartesian-spatial + curriculum (live),40780800,40.7808,537056.3125,534945.5625
Q2 Cartesian-spatial + curriculum (live),40832000,40.832,530184.25,534949.375
Q2 Cartesian-spatial + curriculum (live),40883200,40.8832,537607.5625,530626.4583333334
Q2 Cartesian-spatial + curriculum (live),40934400,40.9344,524087.5625,534551.7708333334
Q2 Cartesian-spatial + curriculum (live),40985600,40.9856,541960.1875,534294.4166666666
Q2 Cartesian-spatial + curriculum (live),41036800,41.0368,536835.5,539024.1458333334
Q2 Cartesian-spatial + curriculum (live),41088000,41.088,538276.75,537413.1041666666
Q2 Cartesian-spatial + curriculum (live),41139200,41.1392,537127.0625,535932.8958333334
Q2 Cartesian-spatial + curriculum (live),41190400,41.1904,532394.875,532865.7916666666
Q2 Cartesian-spatial + curriculum (live),41241600,41.2416,529075.4375,534097.1041666666
Q2 Cartesian-spatial + curriculum (live),41292800,41.2928,540821.0,532648.8541666666
Q2 Cartesian-spatial + curriculum (live),41344000,41.344,528050.125,534774.0625
Q2 Cartesian-spatial + curriculum (live),41395200,41.3952,535451.0625,531724.1458333334
Q2 Cartesian-spatial + curriculum (live),41446400,41.4464,531671.25,535135.2708333334
Q2 Cartesian-spatial + curriculum (live),41497600,41.4976,538283.5,536292.8125
Q2 Cartesian-spatial + curriculum (live),41548800,41.5488,538923.6875,537049.875
Q2 Cartesian-spatial + curriculum (live),41600000,41.6,533942.4375,535566.4583333334
Q2 Cartesian-spatial + curriculum (live),41651200,41.6512,533833.25,534958.3541666666
Q2 Cartesian-spatial + curriculum (live),41702400,41.7024,537099.375,537441.2083333334
Q2 Cartesian-spatial + curriculum (live),41753600,41.7536,541391.0,538470.0625
Q2 Cartesian-spatial + curriculum (live),41804800,41.8048,536919.8125,539335.9375
Q2 Cartesian-spatial + curriculum (live),41856000,41.856,539697.0,537421.4791666666
Q2 Cartesian-spatial + curriculum (live),41907200,41.9072,535647.625,536796.8541666666
Q2 Cartesian-spatial + curriculum (live),41958400,41.9584,535045.9375,534076.8125
Q2 Cartesian-spatial + curriculum (live),42009600,42.0096,531536.875,533310.0208333334
Q2 Cartesian-spatial + curriculum (live),42060800,42.0608,533347.25,534990.375
Q2 Cartesian-spatial + curriculum (live),42112000,42.112,540087.0,537456.0
Q2 Cartesian-spatial + curriculum (live),42163200,42.1632,538933.75,536867.8958333334
Q2 Cartesian-spatial + curriculum (live),42214400,42.2144,531582.9375,535583.5416666666
Q2 Cartesian-spatial + curriculum (live),42265600,42.2656,536233.9375,535104.7916666666
Q2 Cartesian-spatial + curriculum (live),42316800,42.3168,537497.5,534918.4583333334
Q2 Cartesian-spatial + curriculum (live),42368000,42.368,531023.9375,534634.9583333334
Q2 Cartesian-spatial + curriculum (live),42419200,42.4192,535383.4375,532816.6458333334
Q2 Cartesian-spatial + curriculum (live),42470400,42.4704,532042.5625,536204.5
Q2 Cartesian-spatial + curriculum (live),42521600,42.5216,541187.5,537042.1458333334
Q2 Cartesian-spatial + curriculum (live),42572800,42.5728,537896.375,539682.7916666666
Q2 Cartesian-spatial + curriculum (live),42624000,42.624,539964.5,539352.9166666666
Q2 Cartesian-spatial + curriculum (live),42675200,42.6752,540197.875,541748.9375
Q2 Cartesian-spatial + curriculum (live),42726400,42.7264,545084.4375,539971.7916666666
Q2 Cartesian-spatial + curriculum (live),42777600,42.7776,534633.0625,538283.9583333334
Q2 Cartesian-spatial + curriculum (live),42828800,42.8288,535134.375,536621.0416666666
Q2 Cartesian-spatial + curriculum (live),42880000,42.88,540095.6875,537278.7291666666
Q2 Cartesian-spatial + curriculum (live),42931200,42.9312,536606.125,539292.7916666666
Q2 Cartesian-spatial + curriculum (live),42982400,42.9824,541176.5625,536616.8125
Q2 Cartesian-spatial + curriculum (live),43033600,43.0336,532067.75,536551.0416666666
Q2 Cartesian-spatial + curriculum (live),43084800,43.0848,536408.8125,537072.3333333334
Q2 Cartesian-spatial + curriculum (live),43136000,43.136,542740.4375,540631.5416666666
Q2 Cartesian-spatial + curriculum (live),43187200,43.1872,542745.375,543246.3541666666
Q2 Cartesian-spatial + curriculum (live),43238400,43.2384,544253.25,542334.5833333334
Q2 Cartesian-spatial + curriculum (live),43289600,43.2896,540005.125,543529.8333333334
Q2 Cartesian-spatial + curriculum (live),43340800,43.3408,546331.125,543647.4375
Q2 Cartesian-spatial + curriculum (live),43392000,43.392,544606.0625,547139.9791666666
Q2 Cartesian-spatial + curriculum (live),43443200,43.4432,550482.75,544408.4583333334
Q2 Cartesian-spatial + curriculum (live),43494400,43.4944,538136.5625,542273.1666666666
Q2 Cartesian-spatial + curriculum (live),43545600,43.5456,538200.1875,541028.4791666666
Q2 Cartesian-spatial + curriculum (live),43596800,43.5968,546748.6875,543506.6458333334
Q2 Cartesian-spatial + curriculum (live),43648000,43.648,545571.0625,544436.2083333334
Q2 Cartesian-spatial + curriculum (live),43699200,43.6992,540988.875,544812.5208333334
Q2 Cartesian-spatial + curriculum (live),43750400,43.7504,547877.625,543925.1041666666
Q2 Cartesian-spatial + curriculum (live),43801600,43.8016,542908.8125,545295.9791666666
Q2 Cartesian-spatial + curriculum (live),43852800,43.8528,545101.5,544253.1041666666
Q2 Cartesian-spatial + curriculum (live),43904000,43.904,544749.0,545024.0833333334
Q2 Cartesian-spatial + curriculum (live),43955200,43.9552,545221.75,545764.6458333334
Q2 Cartesian-spatial + curriculum (live),44006400,44.0064,547323.1875,546724.6041666666
Q2 Cartesian-spatial + curriculum (live),44057600,44.0576,547628.875,547705.9583333334
Q2 Cartesian-spatial + curriculum (live),44108800,44.1088,548165.8125,547529.2291666666
Q2 Cartesian-spatial + curriculum (live),44160000,44.16,546793.0,547019.8541666666
Q2 Cartesian-spatial + curriculum (live),44211200,44.2112,546100.75,546669.25
Q2 Cartesian-spatial + curriculum (live),44262400,44.2624,547114.0,546753.9791666666
Q2 Cartesian-spatial + curriculum (live),44313600,44.3136,547047.1875,543958.0208333334
Q2 Cartesian-spatial + curriculum (live),44364800,44.3648,537712.875,542656.5
Q2 Cartesian-spatial + curriculum (live),44416000,44.416,543209.4375,540679.7916666666
Q2 Cartesian-spatial + curriculum (live),44467200,44.4672,541117.0625,543399.3541666666
Q2 Cartesian-spatial + curriculum (live),44518400,44.5184,545871.5625,543144.7916666666
Q2 Cartesian-spatial + curriculum (live),44569600,44.5696,542445.75,544796.0625
Q2 Cartesian-spatial + curriculum (live),44620800,44.6208,546070.875,543723.5208333334
Q2 Cartesian-spatial + curriculum (live),44672000,44.672,542653.9375,543420.1458333334
Q2 Cartesian-spatial + curriculum (live),44723200,44.7232,541535.625,541377.7291666666
Q2 Cartesian-spatial + curriculum (live),44774400,44.7744,539943.625,541433.0
Q2 Cartesian-spatial + curriculum (live),44825600,44.8256,542819.75,541338.3541666666
Q2 Cartesian-spatial + curriculum (live),44876800,44.8768,541251.6875,541567.1875
Q2 Cartesian-spatial + curriculum (live),44928000,44.928,540630.125,540263.2916666666
Q2 Cartesian-spatial + curriculum (live),44979200,44.9792,538908.0625,541069.875
Q2 Cartesian-spatial + curriculum (live),45030400,45.0304,543671.4375,541327.4166666666
Q2 Cartesian-spatial + curriculum (live),45081600,45.0816,541402.75,542735.9375
Q2 Cartesian-spatial + curriculum (live),45132800,45.1328,543133.625,542187.9375
Q2 Cartesian-spatial + curriculum (live),45184000,45.184,542027.4375,542189.5208333334
Q2 Cartesian-spatial + curriculum (live),45235200,45.2352,541407.5,542644.5833333334
Q2 Cartesian-spatial + curriculum (live),45286400,45.2864,544498.8125,544298.7916666666
Q2 Cartesian-spatial + curriculum (live),45337600,45.3376,546990.0625,544862.125
Q2 Cartesian-spatial + curriculum (live),45388800,45.3888,543097.5,544843.9166666666
Q2 Cartesian-spatial + curriculum (live),45440000,45.44,544444.1875,544414.3541666666
Q2 Cartesian-spatial + curriculum (live),45491200,45.4912,545701.375,544286.9791666666
Q2 Cartesian-spatial + curriculum (live),45542400,45.5424,542715.375,542997.6041666666
Q2 Cartesian-spatial + curriculum (live),45593600,45.5936,540576.0625,543209.6458333334
Q2 Cartesian-spatial + curriculum (live),45644800,45.6448,546337.5,544630.1666666666
Q2 Cartesian-spatial + curriculum (live),45696000,45.696,546976.9375,547969.4375
Q2 Cartesian-spatial + curriculum (live),45747200,45.7472,550593.875,548102.9166666666
Q2 Cartesian-spatial + curriculum (live),45798400,45.7984,546737.9375,547396.0833333334
Q2 Cartesian-spatial + curriculum (live),45849600,45.8496,544856.4375,546650.5416666666
Q2 Cartesian-spatial + curriculum (live),45900800,45.9008,548357.25,545813.2708333334
Q2 Cartesian-spatial + curriculum (live),45952000,45.952,544226.125,546394.375
Q2 Cartesian-spatial + curriculum (live),46003200,46.0032,546599.75,545646.9375
Q2 Cartesian-spatial + curriculum (live),46054400,46.0544,546114.9375,544153.7291666666
Q2 Cartesian-spatial + curriculum (live),46105600,46.1056,539746.5,543481.2916666666
Q2 Cartesian-spatial + curriculum (live),46156800,46.1568,544582.4375,543305.1666666666
Q2 Cartesian-spatial + curriculum (live),46208000,46.208,545586.5625,545878.1666666666
Q2 Cartesian-spatial + curriculum (live),46259200,46.2592,547465.5,544281.125
Q2 Cartesian-spatial + curriculum (live),46310400,46.3104,539791.3125,543140.2083333334
Q2 Cartesian-spatial + curriculum (live),46361600,46.3616,542163.8125,544090.6875
Q2 Cartesian-spatial + curriculum (live),46412800,46.4128,550316.9375,546179.5833333334
Q2 Cartesian-spatial + curriculum (live),46464000,46.464,546058.0,547950.875
Q2 Cartesian-spatial + curriculum (live),46515200,46.5152,547477.6875,547390.4791666666
Q2 Cartesian-spatial + curriculum (live),46566400,46.5664,548635.75,547097.1875
Q2 Cartesian-spatial + curriculum (live),46617600,46.6176,545178.125,544706.3125
Q2 Cartesian-spatial + curriculum (live),46668800,46.6688,540305.0625,543050.2708333334
Q2 Cartesian-spatial + curriculum (live),46720000,46.72,543667.625,543178.3333333334
Q2 Cartesian-spatial + curriculum (live),46771200,46.7712,545562.3125,545512.125
Q2 Cartesian-spatial + curriculum (live),46822400,46.8224,547306.4375,547590.0625
Q2 Cartesian-spatial + curriculum (live),46873600,46.8736,549901.4375,547989.5416666666
Q2 Cartesian-spatial + curriculum (live),46924800,46.9248,546760.75,549026.875
Q2 Cartesian-spatial + curriculum (live),46976000,46.976,550418.4375,548770.4791666666
Q2 Cartesian-spatial + curriculum (live),47027200,47.0272,549132.25,549656.2708333334
Q2 Cartesian-spatial + curriculum (live),47078400,47.0784,549418.125,549221.1666666666
Q2 Cartesian-spatial + curriculum (live),47129600,47.1296,549113.125,549578.4583333334
Q2 Cartesian-spatial + curriculum (live),47180800,47.1808,550204.125,549540.625
Q2 Cartesian-spatial + curriculum (live),47232000,47.232,549304.625,550474.0
Q2 Cartesian-spatial + curriculum (live),47283200,47.2832,551913.25,551113.1458333334
Q2 Cartesian-spatial + curriculum (live),47334400,47.3344,552121.5625,552547.8958333334
Q2 Cartesian-spatial + curriculum (live),47385600,47.3856,553608.875,553540.1666666666
Q2 Cartesian-spatial + curriculum (live),47436800,47.4368,554890.0625,553903.1666666666
Q2 Cartesian-spatial + curriculum (live),47488000,47.488,553210.5625,555045.6458333334
Q2 Cartesian-spatial + curriculum (live),47539200,47.5392,557036.3125,555991.1875
Q2 Cartesian-spatial + curriculum (live),47590400,47.5904,557726.6875,556536.2083333334
Q2 Cartesian-spatial + curriculum (live),47641600,47.6416,554845.625,556050.9583333334
Q2 Cartesian-spatial + curriculum (live),47692800,47.6928,555580.5625,554990.6875
Q2 Cartesian-spatial + curriculum (live),47744000,47.744,554545.875,555328.7708333334
Q2 Cartesian-spatial + curriculum (live),47795200,47.7952,555859.875,555100.2291666666
Q2 Cartesian-spatial + curriculum (live),47846400,47.8464,554894.9375,555572.6041666666
Q2 Cartesian-spatial + curriculum (live),47897600,47.8976,555963.0,555331.8333333334
Q2 Cartesian-spatial + curriculum (live),47948800,47.9488,555137.5625,556043.125
Q2 Cartesian-spatial + curriculum (live),48000000,48.0,557028.8125,556465.4583333334
Q2 Cartesian-spatial + curriculum (live),48051200,48.0512,557230.0,557888.1666666666
Q2 Cartesian-spatial + curriculum (live),48102400,48.1024,559405.6875,558659.7291666666
Q2 Cartesian-spatial + curriculum (live),48153600,48.1536,559343.5,559333.375
Q2 Cartesian-spatial + curriculum (live),48204800,48.2048,559250.9375,559593.1041666666
Q2 Cartesian-spatial + curriculum (live),48256000,48.256,560184.875,559587.5208333334
Q2 Cartesian-spatial + curriculum (live),48307200,48.3072,559326.75,559661.6875
Q2 Cartesian-spatial + curriculum (live),48358400,48.3584,559473.4375,558284.9375
Q2 Cartesian-spatial + curriculum (live),48409600,48.4096,556054.625,556814.3333333334
Q2 Cartesian-spatial + curriculum (live),48460800,48.4608,554914.9375,556023.5208333334
Q2 Cartesian-spatial + curriculum (live),48512000,48.512,557101.0,556141.3333333334
Q2 Cartesian-spatial + curriculum (live),48563200,48.5632,556408.0625,555718.0833333334
Q2 Cartesian-spatial + curriculum (live),48614400,48.6144,553645.1875,554658.4375
Q2 Cartesian-spatial + curriculum (live),48665600,48.6656,553922.0625,553775.7708333334
Q2 Cartesian-spatial + curriculum (live),48716800,48.7168,553760.0625,554471.0833333334
Q2 Cartesian-spatial + curriculum (live),48768000,48.768,555731.125,554600.8125
Q2 Cartesian-spatial + curriculum (live),48819200,48.8192,554311.25,553927.2291666666
Q2 Cartesian-spatial + curriculum (live),48870400,48.8704,551739.3125,552793.5208333334
Q2 Cartesian-spatial + curriculum (live),48921600,48.9216,552330.0,552020.0
Q2 Cartesian-spatial + curriculum (live),48972800,48.9728,551990.6875,552136.2083333334
Q2 Cartesian-spatial + curriculum (live),49024000,49.024,552087.9375,552507.5
Q2 Cartesian-spatial + curriculum (live),49075200,49.0752,553443.875,552520.8125
Q2 Cartesian-spatial + curriculum (live),49126400,49.1264,552030.625,552066.3958333334
Q2 Cartesian-spatial + curriculum (live),49177600,49.1776,550724.6875,551253.0
Q2 Cartesian-spatial + curriculum (live),49228800,49.2288,551003.6875,551094.8333333334
Q2 Cartesian-spatial + curriculum (live),49280000,49.28,551556.125,550767.2083333334
Q2 Cartesian-spatial + curriculum (live),49331200,49.3312,549741.8125,550810.8125
Q2 Cartesian-spatial + curriculum (live),49382400,49.3824,551134.5,550154.8333333334
Q2 Cartesian-spatial + curriculum (live),49433600,49.4336,549588.1875,550205.2083333334
Q2 Cartesian-spatial + curriculum (live),49484800,49.4848,549892.9375,550029.5
Q2 Cartesian-spatial + curriculum (live),49536000,49.536,550607.375,549928.1666666666
Q2 Cartesian-spatial + curriculum (live),49587200,49.5872,549284.1875,550103.2291666666
Q2 Cartesian-spatial + curriculum (live),49638400,49.6384,550418.125,549279.3541666666
Q2 Cartesian-spatial + curriculum (live),49689600,49.6896,548135.75,548830.6666666666
Q2 Cartesian-spatial + curriculum (live),49740800,49.7408,547938.125,548294.625
Q2 Cartesian-spatial + curriculum (live),49792000,49.792,548810.0,547963.8541666666
Q2 Cartesian-spatial + curriculum (live),49843200,49.8432,547143.4375,547962.3333333334
Q2 Cartesian-spatial + curriculum (live),49894400,49.8944,547933.5625,548121.25
Q2 Cartesian-spatial + curriculum (live),49945600,49.9456,549286.75,549232.9583333334
Q2 Cartesian-spatial + curriculum (live),49996800,49.9968,550478.5625,549373.3958333334
Q2 Cartesian-spatial + curriculum (live),50048000,50.048,548354.875,549246.8541666666
Q2 Cartesian-spatial + curriculum (live),50099200,50.0992,548907.125,548402.3958333334
Q2 Cartesian-spatial + curriculum (live),50150400,50.1504,547945.1875,548167.0625
Q2 Cartesian-spatial + curriculum (live),50201600,50.2016,547648.875,547682.0833333334
Q2 Cartesian-spatial + curriculum (live),50252800,50.2528,547452.1875,546999.6875
Q2 Cartesian-spatial + curriculum (live),50304000,50.304,545898.0,546721.375
Q2 Cartesian-spatial + curriculum (live),50355200,50.3552,546813.9375,546218.1666666666
Q2 Cartesian-spatial + curriculum (live),50406400,50.4064,545942.5625,546373.375
Q2 Cartesian-spatial + curriculum (live),50457600,50.4576,546363.625,546072.125
Q2 Cartesian-spatial + curriculum (live),50508800,50.5088,545910.1875,546497.8958333334
Q2 Cartesian-spatial + curriculum (live),50560000,50.56,547219.875,546520.5625
Q2 Cartesian-spatial + curriculum (live),50611200,50.6112,546431.625,546202.375
Q2 Cartesian-spatial + curriculum (live),50662400,50.6624,544955.625,545155.3541666666
Q2 Cartesian-spatial + curriculum (live),50713600,50.7136,544078.8125,544663.125
Q2 Cartesian-spatial + curriculum (live),50764800,50.7648,544954.9375,543841.4583333334
Q2 Cartesian-spatial + curriculum (live),50816000,50.816,542490.625,543156.5416666666
Q2 Cartesian-spatial + curriculum (live),50867200,50.8672,542024.0625,542229.1666666666
Q2 Cartesian-spatial + curriculum (live),50918400,50.9184,542172.8125,541661.0625
Q2 Cartesian-spatial + curriculum (live),50969600,50.9696,540786.3125,541717.5416666666
Q2 Cartesian-spatial + curriculum (live),51020800,51.0208,542193.5,541299.0833333334
Q2 Cartesian-spatial + curriculum (live),51072000,51.072,540917.4375,542454.2708333334
Q2 Cartesian-spatial + curriculum (live),51123200,51.1232,544251.875,542865.6458333334
Q2 Cartesian-spatial + curriculum (live),51174400,51.1744,543427.625,543895.9166666666
Q2 Cartesian-spatial + curriculum (live),51225600,51.2256,544008.25,544079.0
Q2 Cartesian-spatial + curriculum (live),51276800,51.2768,544801.125,543532.1875
Q2 Cartesian-spatial + curriculum (live),51328000,51.328,541787.1875,543103.8333333334
Q2 Cartesian-spatial + curriculum (live),51379200,51.3792,542723.1875,542234.6666666666
Q2 Cartesian-spatial + curriculum (live),51430400,51.4304,542193.625,541727.4583333334
Q2 Cartesian-spatial + curriculum (live),51481600,51.4816,540265.5625,541554.6666666666
Q2 Cartesian-spatial + curriculum (live),51532800,51.5328,542204.8125,541681.8333333334
Q2 Cartesian-spatial + curriculum (live),51584000,51.584,542575.125,542146.0
Q2 Cartesian-spatial + curriculum (live),51635200,51.6352,541658.0625,541944.0
Q2 Cartesian-spatial + curriculum (live),51686400,51.6864,541598.8125,542112.7083333334
Q2 Cartesian-spatial + curriculum (live),51737600,51.7376,543081.25,542984.2708333334
Q2 Cartesian-spatial + curriculum (live),51788800,51.7888,544272.75,543475.1041666666
Q2 Cartesian-spatial + curriculum (live),51840000,51.84,543071.3125,543556.8958333334
Q2 Cartesian-spatial + curriculum (live),51891200,51.8912,543326.625,543138.2708333334
Q2 Cartesian-spatial + curriculum (live),51942400,51.9424,543016.875,543207.5
Q2 Cartesian-spatial + curriculum (live),51993600,51.9936,543279.0,543112.9791666666
Q2 Cartesian-spatial + curriculum (live),52044800,52.0448,543043.0625,542974.8541666666
Q2 Cartesian-spatial + curriculum (live),52096000,52.096,542602.5,542472.7708333334
Q2 Cartesian-spatial + curriculum (live),52147200,52.1472,541772.75,541957.6666666666
Q2 Cartesian-spatial + curriculum (live),52198400,52.1984,541497.75,541587.5
Q2 Cartesian-spatial + curriculum (live),52249600,52.2496,541492.0,542196.4375
Q2 Cartesian-spatial + curriculum (live),52300800,52.3008,543599.5625,542736.5625
Q2 Cartesian-spatial + curriculum (live),52352000,52.352,543118.125,543668.6041666666
Q2 Cartesian-spatial + curriculum (live),52403200,52.4032,544288.125,544235.5208333334
Q2 Cartesian-spatial + curriculum (live),52454400,52.4544,545300.3125,545109.6875
Q2 Cartesian-spatial + curriculum (live),52505600,52.5056,545740.625,545789.7291666666
Q2 Cartesian-spatial + curriculum (live),52556800,52.5568,546328.25,546120.4791666666
Q2 Cartesian-spatial + curriculum (live),52608000,52.608,546292.5625,545884.875
Q2 Cartesian-spatial + curriculum (live),52659200,52.6592,545033.8125,545590.1666666666
Q2 Cartesian-spatial + curriculum (live),52710400,52.7104,545444.125,545335.7291666666
Q2 Cartesian-spatial + curriculum (live),52761600,52.7616,545529.25,545896.6875
Q2 Cartesian-spatial + curriculum (live),52812800,52.8128,546716.6875,546414.2291666666
Q2 Cartesian-spatial + curriculum (live),52864000,52.864,546996.75,547137.25
Q2 Cartesian-spatial + curriculum (live),52915200,52.9152,547698.3125,547571.1875
Q2 Cartesian-spatial + curriculum (live),52966400,52.9664,548018.5,548649.9791666666
Q2 Cartesian-spatial + curriculum (live),53017600,53.0176,550233.125,549357.4375
Q2 Cartesian-spatial + curriculum (live),53068800,53.0688,549820.6875,549591.7916666666
Q2 Cartesian-spatial + curriculum (live),53120000,53.12,548721.5625,550072.3541666666
Q2 Cartesian-spatial + curriculum (live),53171200,53.1712,551674.8125,550631.4583333334
Q2 Cartesian-spatial + curriculum (live),53222400,53.2224,551498.0,550791.3333333334
Q2 Cartesian-spatial + curriculum (live),53273600,53.2736,549201.1875,549706.7708333334
Q2 Cartesian-spatial + curriculum (live),53324800,53.3248,548421.125,548931.7083333334
Q2 Cartesian-spatial + curriculum (live),53376000,53.376,549172.8125,548502.5625
Q2 Cartesian-spatial + curriculum (live),53427200,53.4272,547913.75,548553.7708333334
Q2 Cartesian-spatial + curriculum (live),53478400,53.4784,548574.75,548090.3958333334
Q2 Cartesian-spatial + curriculum (live),53529600,53.5296,547782.6875,547829.6041666666
Q2 Cartesian-spatial + curriculum (live),53580800,53.5808,547131.375,547405.6041666666
Q2 Cartesian-spatial + curriculum (live),53632000,53.632,547302.75,546954.1458333334
Q2 Cartesian-spatial + curriculum (live),53683200,53.6832,546428.3125,546202.5
Q2 Cartesian-spatial + curriculum (live),53734400,53.7344,544876.4375,544598.5208333334
Q2 Cartesian-spatial + curriculum (live),53785600,53.7856,542490.8125,543779.5208333334
Q2 Cartesian-spatial + curriculum (live),53836800,53.8368,543971.3125,543391.6458333334
Q2 Cartesian-spatial + curriculum (live),53888000,53.888,543712.8125,544387.375
Q2 Cartesian-spatial + curriculum (live),53939200,53.9392,545478.0,544077.8125
Q2 Cartesian-spatial + curriculum (live),53990400,53.9904,543042.625,543647.9166666666
Q2 Cartesian-spatial + curriculum (live),54041600,54.0416,542423.125,543771.375
Q2 Cartesian-spatial + curriculum (live),54092800,54.0928,545848.375,544830.2916666666
Q2 Cartesian-spatial + curriculum (live),54144000,54.144,546219.375,546258.6458333334
Q2 Cartesian-spatial + curriculum (live),54195200,54.1952,546708.1875,546362.875
Q2 Cartesian-spatial + curriculum (live),54246400,54.2464,546161.0625,546491.1458333334
Q2 Cartesian-spatial + curriculum (live),54297600,54.2976,546604.1875,547103.5833333334
Q2 Cartesian-spatial + curriculum (live),54348800,54.3488,548545.5,547419.1041666666
Q2 Cartesian-spatial + curriculum (live),54400000,54.4,547107.625,547569.2083333334
Q2 Cartesian-spatial + curriculum (live),54451200,54.4512,547054.5,547369.2291666666
Q2 Cartesian-spatial + curriculum (live),54502400,54.5024,547945.5625,547708.7708333334
Q2 Cartesian-spatial + curriculum (live),54553600,54.5536,548126.25,548532.2291666666
Q2 Cartesian-spatial + curriculum (live),54604800,54.6048,549524.875,549158.7083333334
Q2 Cartesian-spatial + curriculum (live),54656000,54.656,549825.0,549399.25
Q2 Cartesian-spatial + curriculum (live),54707200,54.7072,548847.875,549035.1666666666
Q2 Cartesian-spatial + curriculum (live),54758400,54.7584,548432.625,548786.3958333334
Q2 Cartesian-spatial + curriculum (live),54809600,54.8096,549078.6875,548417.9166666666
Q2 Cartesian-spatial + curriculum (live),54860800,54.8608,547742.4375,547982.5416666666
Q2 Cartesian-spatial + curriculum (live),54912000,54.912,547126.5,547695.5833333334
Q2 Cartesian-spatial + curriculum (live),54963200,54.9632,548217.8125,548006.6875
Q2 Cartesian-spatial + curriculum (live),55014400,55.0144,548675.75,549003.7291666666
Q2 Cartesian-spatial + curriculum (live),55065600,55.0656,550117.625,548903.9583333334
Q2 Cartesian-spatial + curriculum (live),55116800,55.1168,547918.5,548333.8541666666
Q2 Cartesian-spatial + curriculum (live),55168000,55.168,546965.4375,547367.8541666666
Q2 Cartesian-spatial + curriculum (live),55219200,55.2192,547219.625,546529.1666666666
Q2 Cartesian-spatial + curriculum (live),55270400,55.2704,545402.4375,545968.4583333334
Q2 Cartesian-spatial + curriculum (live),55321600,55.3216,545283.3125,545478.5833333334
Q2 Cartesian-spatial + curriculum (live),55372800,55.3728,545750.0,545864.4375
Q2 Cartesian-spatial + curriculum (live),55424000,55.424,546560.0,546487.3958333334
Q2 Cartesian-spatial + curriculum (live),55475200,55.4752,547152.1875,547113.7083333334
Q2 Cartesian-spatial + curriculum (live),55526400,55.5264,547628.9375,547169.2916666666
Q2 Cartesian-spatial + curriculum (live),55577600,55.5776,546726.75,547027.1666666666
Q2 Cartesian-spatial + curriculum (live),55628800,55.6288,546725.8125,546803.4166666666
Q2 Cartesian-spatial + curriculum (live),55680000,55.68,546957.6875,546648.2916666666
Q2 Cartesian-spatial + curriculum (live),55731200,55.7312,546261.375,546848.1875
Q2 Cartesian-spatial + curriculum (live),55782400,55.7824,547325.5,546870.875
Q2 Cartesian-spatial + curriculum (live),55833600,55.8336,547025.75,547880.8958333334
Q2 Cartesian-spatial + curriculum (live),55884800,55.8848,549291.4375,548528.3958333334
Q2 Cartesian-spatial + curriculum (live),55936000,55.936,549268.0,550142.5208333334
Q2 Cartesian-spatial + curriculum (live),55987200,55.9872,551868.125,551492.4166666666
Q2 Cartesian-spatial + curriculum (live),56038400,56.0384,553341.125,553395.6875
Q2 Cartesian-spatial + curriculum (live),56089600,56.0896,554977.8125,554421.2291666666
Q2 Cartesian-spatial + curriculum (live),56140800,56.1408,554944.75,554689.9791666666
Q2 Cartesian-spatial + curriculum (live),56192000,56.192,554147.375,554238.5833333334
Q2 Cartesian-spatial + curriculum (live),56243200,56.2432,553623.625,553593.4583333334
Q2 Cartesian-spatial + curriculum (live),56294400,56.2944,553009.375,553143.4375
Q2 Cartesian-spatial + curriculum (live),56345600,56.3456,552797.3125,552724.3333333334
Q2 Cartesian-spatial + curriculum (live),56396800,56.3968,552366.3125,552359.0416666666
Q2 Cartesian-spatial + curriculum (live),56448000,56.448,551913.5,552631.6875
Q2 Cartesian-spatial + curriculum (live),56499200,56.4992,553615.25,552836.4166666666
Q2 Cartesian-spatial + curriculum (live),56550400,56.5504,552980.5,553524.0
Q2 Cartesian-spatial + curriculum (live),56601600,56.6016,553976.25,553277.6041666666
Q2 Cartesian-spatial + curriculum (live),56652800,56.6528,552876.0625,553740.7291666666
Q2 Cartesian-spatial + curriculum (live),56704000,56.704,554369.875,553452.7916666666
Q2 Cartesian-spatial + curriculum (live),56755200,56.7552,553112.4375,552908.0416666666
Q2 Cartesian-spatial + curriculum (live),56806400,56.8064,551241.8125,552005.125
Q2 Cartesian-spatial + curriculum (live),56857600,56.8576,551661.125,552008.9583333334
Q2 Cartesian-spatial + curriculum (live),56908800,56.9088,553123.9375,552936.875
Q2 Cartesian-spatial + curriculum (live),56960000,56.96,554025.5625,553951.25
Q2 Cartesian-spatial + curriculum (live),57011200,57.0112,554704.25,554351.5625
Q2 Cartesian-spatial + curriculum (live),57062400,57.0624,554324.875,554094.5
Q2 Cartesian-spatial + curriculum (live),57113600,57.1136,553254.375,553545.5
Q2 Cartesian-spatial + curriculum (live),57164800,57.1648,553057.25,552529.8125
Q2 Cartesian-spatial + curriculum (live),57216000,57.216,551277.8125,552336.6041666666
Q2 Cartesian-spatial + curriculum (live),57267200,57.2672,552674.75,552162.625
Q2 Cartesian-spatial + curriculum (live),57318400,57.3184,552535.3125,552444.7083333334
Q2 Cartesian-spatial + curriculum (live),57369600,57.3696,552124.0625,552010.6666666666
Q2 Cartesian-spatial + curriculum (live),57420800,57.4208,551372.625,550953.2083333334
Q2 Cartesian-spatial + curriculum (live),57472000,57.472,549362.9375,549642.0416666666
Q2 Cartesian-spatial + curriculum (live),57523200,57.5232,548190.5625,549120.1875
Q2 Cartesian-spatial + curriculum (live),57574400,57.5744,549807.0625,549748.7708333334
Q2 Cartesian-spatial + curriculum (live),57625600,57.6256,551248.6875,550683.8958333334
Q2 Cartesian-spatial + curriculum (live),57676800,57.6768,550995.9375,551487.1041666666
Q2 Cartesian-spatial + curriculum (live),57728000,57.728,552216.6875,552127.2083333334
Q2 Cartesian-spatial + curriculum (live),57779200,57.7792,553169.0,552238.7916666666
Q2 Cartesian-spatial + curriculum (live),57830400,57.8304,551330.6875,552598.7291666666
Q2 Cartesian-spatial + curriculum (live),57881600,57.8816,553296.5,552986.4583333334
Q2 Cartesian-spatial + curriculum (live),57932800,57.9328,554332.1875,554141.1666666666
Q2 Cartesian-spatial + curriculum (live),57984000,57.984,554794.8125,555007.9166666666
Q2 Cartesian-spatial + curriculum (live),58035200,58.0352,555896.75,555354.0625
Q2 Cartesian-spatial + curriculum (live),58086400,58.0864,555370.625,555506.1875
Q2 Cartesian-spatial + curriculum (live),58137600,58.1376,555251.1875,554719.6666666666
Q2 Cartesian-spatial + curriculum (live),58188800,58.1888,553537.1875,554713.5625
Q2 Cartesian-spatial + curriculum (live),58240000,58.24,555352.3125,554170.5625
Q2 Cartesian-spatial + curriculum (live),58291200,58.2912,553622.1875,554167.7083333334
Q2 Cartesian-spatial + curriculum (live),58342400,58.3424,553528.625,553519.7291666666
Q2 Cartesian-spatial + curriculum (live),58393600,58.3936,553408.375,554026.125
Q2 Cartesian-spatial + curriculum (live),58444800,58.4448,555141.375,554673.1458333334
Q2 Cartesian-spatial + curriculum (live),58496000,58.496,555469.6875,555929.625
Q2 Cartesian-spatial + curriculum (live),58547200,58.5472,557177.8125,556464.4166666666
Q2 Cartesian-spatial + curriculum (live),58598400,58.5984,556745.75,557308.4166666666
Q2 Cartesian-spatial + curriculum (live),58649600,58.6496,558001.6875,557690.2083333334
Q2 Cartesian-spatial + curriculum (live),58700800,58.7008,558323.1875,558194.5208333334
Q2 Cartesian-spatial + curriculum (live),58752000,58.752,558258.6875,558679.0416666666
Q2 Cartesian-spatial + curriculum (live),58803200,58.8032,559455.25,559041.2708333334
Q2 Cartesian-spatial + curriculum (live),58854400,58.8544,559409.875,559329.2291666666
Q2 Cartesian-spatial + curriculum (live),58905600,58.9056,559122.5625,559505.4375
Q2 Cartesian-spatial + curriculum (live),58956800,58.9568,559983.875,559612.1458333334
Q2 Cartesian-spatial + curriculum (live),59008000,59.008,559730.0,559989.75
Q2 Cartesian-spatial + curriculum (live),59059200,59.0592,560255.375,560070.625
Q2 Cartesian-spatial + curriculum (live),59110400,59.1104,560226.5,560166.2916666666
Q2 Cartesian-spatial + curriculum (live),59161600,59.1616,560017.0,560284.8333333334
Q2 Cartesian-spatial + curriculum (live),59212800,59.2128,560611.0,560499.6666666666
Q2 Cartesian-spatial + curriculum (live),59264000,59.264,560871.0,560633.2708333334
Q2 Cartesian-spatial + curriculum (live),59315200,59.3152,560417.8125,560607.0625
Q2 Cartesian-spatial + curriculum (live),59366400,59.3664,560532.375,560811.3958333334
Q2 Cartesian-spatial + curriculum (live),59417600,59.4176,561484.0,561391.5416666666
Q2 Cartesian-spatial + curriculum (live),59468800,59.4688,562158.25,561545.2708333334
Q2 Cartesian-spatial + curriculum (live),59520000,59.52,560993.5625,561171.3958333334
Q2 Cartesian-spatial + curriculum (live),59571200,59.5712,560362.375,560834.1458333334
Q2 Cartesian-spatial + curriculum (live),59622400,59.6224,561146.5,561383.5833333334
Q2 Cartesian-spatial + curriculum (live),59673600,59.6736,562641.875,561588.0416666666
Q2 Cartesian-spatial + curriculum (live),59724800,59.7248,560975.75,561461.875
Q2 Cartesian-spatial + curriculum (live),59776000,59.776,560768.0,561306.3541666666
Q2 Cartesian-spatial + curriculum (live),59827200,59.8272,562175.3125,561891.2708333334
Q2 Cartesian-spatial + curriculum (live),59878400,59.8784,562730.5,562202.2291666666
Q2 Cartesian-spatial + curriculum (live),59929600,59.9296,561700.875,562402.8541666666
Q2 Cartesian-spatial + curriculum (live),59980800,59.9808,562777.1875,562047.5833333334
Q2 Cartesian-spatial + curriculum (live),60032000,60.032,561664.6875,562168.5833333334
Q2 Cartesian-spatial + curriculum (live),60083200,60.0832,562063.875,561852.3125
Q2 Cartesian-spatial + curriculum (live),60134400,60.1344,561828.375,561310.3958333334
Q2 Cartesian-spatial + curriculum (live),60185600,60.1856,560038.9375,560142.5208333334
Q2 Cartesian-spatial + curriculum (live),60236800,60.2368,558560.25,559180.5625
Q2 Cartesian-spatial + curriculum (live),60288000,60.288,558942.5,558372.6041666666
Q2 Cartesian-spatial + curriculum (live),60339200,60.3392,557615.0625,557847.3125
Q2 Cartesian-spatial + curriculum (live),60390400,60.3904,556984.375,557592.9583333334
Q2 Cartesian-spatial + curriculum (live),60441600,60.4416,558179.4375,557858.25
Q2 Cartesian-spatial + curriculum (live),60492800,60.4928,558410.9375,558479.6666666666
Q2 Cartesian-spatial + curriculum (live),60544000,60.544,558848.625,557658.3958333334
Q2 Cartesian-spatial + curriculum (live),60595200,60.5952,555715.625,556968.1666666666
Q2 Cartesian-spatial + curriculum (live),60646400,60.6464,556340.25,555866.2083333334
Q2 Cartesian-spatial + curriculum (live),60697600,60.6976,555542.75,556917.625
Q2 Cartesian-spatial + curriculum (live),60748800,60.7488,558869.875,558289.75
Q2 Cartesian-spatial + curriculum (live),60800000,60.8,560456.625,560096.8541666666
Q2 Cartesian-spatial + curriculum (live),60851200,60.8512,560964.0625,560907.9375
Q2 Cartesian-spatial + curriculum (live),60902400,60.9024,561303.125,560724.3541666666
Q2 Cartesian-spatial + curriculum (live),60953600,60.9536,559905.875,560693.4583333334
Q2 Cartesian-spatial + curriculum (live),61004800,61.0048,560871.375,559723.2708333334
Q2 Cartesian-spatial + curriculum (live),61056000,61.056,558392.5625,559066.8125
Q2 Cartesian-spatial + curriculum (live),61107200,61.1072,557936.5,557796.9375
Q2 Cartesian-spatial + curriculum (live),61158400,61.1584,557061.75,557896.1041666666
Q2 Cartesian-spatial + curriculum (live),61209600,61.2096,558690.0625,558123.2916666666
Q2 Cartesian-spatial + curriculum (live),61260800,61.2608,558618.0625,558222.6041666666
Q2 Cartesian-spatial + curriculum (live),61312000,61.312,557359.6875,557812.3125
Q2 Cartesian-spatial + curriculum (live),61363200,61.3632,557459.1875,557289.8958333334
Q2 Cartesian-spatial + curriculum (live),61414400,61.4144,557050.8125,557761.75
Q2 Cartesian-spatial + curriculum (live),61465600,61.4656,558775.25,557476.0208333334
Q2 Cartesian-spatial + curriculum (live),61516800,61.5168,556602.0,556901.5
Q2 Cartesian-spatial + curriculum (live),61568000,61.568,555327.25,555832.1458333334
Q2 Cartesian-spatial + curriculum (live),61619200,61.6192,555567.1875,555747.875
Q2 Cartesian-spatial + curriculum (live),61670400,61.6704,556349.1875,556736.7916666666
Q2 Cartesian-spatial + curriculum (live),61721600,61.7216,558294.0,557594.75
Q2 Cartesian-spatial + curriculum (live),61772800,61.7728,558141.0625,558664.5
Q2 Cartesian-spatial + curriculum (live),61824000,61.824,559558.4375,559154.6666666666
Q2 Cartesian-spatial + curriculum (live),61875200,61.8752,559764.5,559355.1875
Q2 Cartesian-spatial + curriculum (live),61926400,61.9264,558742.625,559418.8541666666
Q2 Cartesian-spatial + curriculum (live),61977600,61.9776,559749.4375,558766.6875
Q2 Cartesian-spatial + curriculum (live),62028800,62.0288,557808.0,558927.3125
Q2 Cartesian-spatial + curriculum (live),62080000,62.08,559224.5,558253.0208333334
Q2 Cartesian-spatial + curriculum (live),62131200,62.1312,557726.5625,557887.1458333334
Q2 Cartesian-spatial + curriculum (live),62182400,62.1824,556710.375,557589.5416666666
Q2 Cartesian-spatial + curriculum (live),62233600,62.2336,558331.6875,557487.5
Q2 Cartesian-spatial + curriculum (live),62284800,62.2848,557420.4375,557200.0
Q2 Cartesian-spatial + curriculum (live),62336000,62.336,555847.875,556729.0625
Q2 Cartesian-spatial + curriculum (live),62387200,62.3872,556918.875,556327.5208333334
Q2 Cartesian-spatial + curriculum (live),62438400,62.4384,556215.8125,555908.3125
Q2 Cartesian-spatial + curriculum (live),62489600,62.4896,554590.25,555322.7083333334
Q2 Cartesian-spatial + curriculum (live),62540800,62.5408,555162.0625,555640.0833333334
Q2 Cartesian-spatial + curriculum (live),62592000,62.592,557167.9375,556986.7708333334
Q2 Cartesian-spatial + curriculum (live),62643200,62.6432,558630.3125,558267.7708333334
Q2 Cartesian-spatial + curriculum (live),62694400,62.6944,559005.0625,559435.5625
Q2 Cartesian-spatial + curriculum (live),62745600,62.7456,560671.3125,559647.1041666666
Q2 Cartesian-spatial + curriculum (live),62796800,62.7968,559264.9375,560132.5416666666
Q2 Cartesian-spatial + curriculum (live),62848000,62.848,560461.375,559524.4375
Q2 Cartesian-spatial + curriculum (live),62899200,62.8992,558847.0,559714.9583333334
Q2 Cartesian-spatial + curriculum (live),62950400,62.9504,559836.5,559708.8125
Q2 Cartesian-spatial + curriculum (live),63001600,63.0016,560442.9375,560315.4583333334
Q2 Cartesian-spatial + curriculum (live),63052800,63.0528,560666.9375,560222.4583333334
Q2 Cartesian-spatial + curriculum (live),63104000,63.104,559557.5,560224.7291666666
Q2 Cartesian-spatial + curriculum (live),63155200,63.1552,560449.75,560072.1041666666
Q2 Cartesian-spatial + curriculum (live),63206400,63.2064,560209.0625,560651.0416666666
Q2 Cartesian-spatial + curriculum (live),63257600,63.2576,561294.3125,561087.5625
Q2 Cartesian-spatial + curriculum (live),63308800,63.3088,561759.3125,562145.2916666666
Q2 Cartesian-spatial + curriculum (live),63360000,63.36,563382.25,562567.9583333334
Q2 Cartesian-spatial + curriculum (live),63411200,63.4112,562562.3125,563351.75
Q2 Cartesian-spatial + curriculum (live),63462400,63.4624,564110.6875,563260.7083333334
Q2 Cartesian-spatial + curriculum (live),63513600,63.5136,563109.125,563282.2916666666
Q2 Cartesian-spatial + curriculum (live),63564800,63.5648,562627.0625,562847.125
Q2 Cartesian-spatial + curriculum (live),63616000,63.616,562805.1875,563184.0416666666
Q2 Cartesian-spatial + curriculum (live),63667200,63.6672,564119.875,563156.7291666666
Q2 Cartesian-spatial + curriculum (live),63718400,63.7184,562545.125,563044.2916666666
Q2 Cartesian-spatial + curriculum (live),63769600,63.7696,562467.875,562301.625
Q2 Cartesian-spatial + curriculum (live),63820800,63.8208,561891.875,562276.7916666666
Q2 Cartesian-spatial + curriculum (live),63872000,63.872,562470.625,561663.3958333334
Q2 Cartesian-spatial + curriculum (live),63923200,63.9232,560627.6875,560898.2708333334
Q2 Cartesian-spatial + curriculum (live),63974400,63.9744,559596.5,559720.2083333334
Q2 Cartesian-spatial + curriculum (live),64025600,64.0256,558936.4375,558797.7083333334
Q2 Cartesian-spatial + curriculum (live),64076800,64.0768,557860.1875,558058.1666666666
Q2 Cartesian-spatial + curriculum (live),64128000,64.128,557377.875,557658.2708333334
Q2 Cartesian-spatial + curriculum (live),64179200,64.1792,557736.75,557742.9791666666
Q2 Cartesian-spatial + curriculum (live),64230400,64.2304,558114.3125,558219.8333333334
Q2 Cartesian-spatial + curriculum (live),64281600,64.2816,558808.4375,558303.9791666666
Q2 Cartesian-spatial + curriculum (live),64332800,64.3328,557989.1875,558174.4583333334
Q2 Cartesian-spatial + curriculum (live),64384000,64.384,557725.75,558200.4791666666
Q2 Cartesian-spatial + curriculum (live),64435200,64.4352,558886.5,558836.8333333334
Q2 Cartesian-spatial + curriculum (live),64486400,64.4864,559898.25,559682.2708333334
Q2 Cartesian-spatial + curriculum (live),64537600,64.5376,560262.0625,560236.875
Q2 Cartesian-spatial + curriculum (live),64588800,64.5888,560550.3125,560788.125
Q2 Cartesian-spatial + curriculum (live),64640000,64.64,561552.0,561273.8958333334
Q2 Cartesian-spatial + curriculum (live),64691200,64.6912,561719.375,561653.6458333334
Q2 Cartesian-spatial + curriculum (live),64742400,64.7424,561689.5625,561295.8958333334
Q2 Cartesian-spatial + curriculum (live),64793600,64.7936,560478.75,560725.875
Q2 Cartesian-spatial + curriculum (live),64844800,64.8448,560009.3125,559668.2708333334
Q2 Cartesian-spatial + curriculum (live),64896000,64.896,558516.75,559134.0833333334
Q2 Cartesian-spatial + curriculum (live),64947200,64.9472,558876.1875,558774.1666666666
Q2 Cartesian-spatial + curriculum (live),64998400,64.9984,558929.5625,558654.7291666666
Q2 Cartesian-spatial + curriculum (live),65049600,65.0496,558158.4375,559053.0416666666
Q2 Cartesian-spatial + curriculum (live),65100800,65.1008,560071.125,559101.7291666666
Q2 Cartesian-spatial + curriculum (live),65152000,65.152,559075.625,559663.4791666666
Q2 Cartesian-spatial + curriculum (live),65203200,65.2032,559843.6875,559194.75
Q2 Cartesian-spatial + curriculum (live),65254400,65.2544,558664.9375,559225.375
Q2 Cartesian-spatial + curriculum (live),65305600,65.3056,559167.5,558594.7083333334
Q2 Cartesian-spatial + curriculum (live),65356800,65.3568,557951.6875,558370.9583333334
Q2 Cartesian-spatial + curriculum (live),65408000,65.408,557993.6875,557991.5416666666
Q2 Cartesian-spatial + curriculum (live),65459200,65.4592,558029.25,558447.8541666666
Q2 Cartesian-spatial + curriculum (live),65510400,65.5104,559320.625,558841.2708333334
Q2 Cartesian-spatial + curriculum (live),65561600,65.5616,559173.9375,559232.0
Q2 Cartesian-spatial + curriculum (live),65612800,65.6128,559201.4375,559457.3125
Q2 Cartesian-spatial + curriculum (live),65664000,65.664,559996.5625,559705.6875
Q2 Cartesian-spatial + curriculum (live),65715200,65.7152,559919.0625,559844.8125
Q2 Cartesian-spatial + curriculum (live),65766400,65.7664,559618.8125,559700.0833333334
Q2 Cartesian-spatial + curriculum (live),65817600,65.8176,559562.375,559459.6875
Q2 Cartesian-spatial + curriculum (live),65868800,65.8688,559197.875,559030.2916666666
Q2 Cartesian-spatial + curriculum (live),65920000,65.92,558330.625,558858.7291666666
Q2 Cartesian-spatial + curriculum (live),65971200,65.9712,559047.6875,559732.5208333334
Q2 Cartesian-spatial + curriculum (live),66022400,66.0224,561819.25,560519.2916666666
Q2 Cartesian-spatial + curriculum (live),66073600,66.0736,560690.9375,561100.0
Q2 Cartesian-spatial + curriculum (live),66124800,66.1248,560789.8125,560857.9375
Q2 Cartesian-spatial + curriculum (live),66176000,66.176,561093.0625,560770.625
Q2 Cartesian-spatial + curriculum (live),66227200,66.2272,560429.0,560535.7708333334
Q2 Cartesian-spatial + curriculum (live),66278400,66.2784,560085.25,560266.9583333334
Q2 Cartesian-spatial + curriculum (live),66329600,66.3296,560286.625,560198.2083333334
Q2 Cartesian-spatial + curriculum (live),66380800,66.3808,560222.75,560413.1041666666
Q2 Cartesian-spatial + curriculum (live),66432000,66.432,560729.9375,560454.5
Q2 Cartesian-spatial + curriculum (live),66483200,66.4832,560410.8125,560357.5625
Q2 Cartesian-spatial + curriculum (live),66534400,66.5344,559931.9375,560118.9791666666
Q2 Cartesian-spatial + curriculum (live),66585600,66.5856,560014.1875,560143.75
Q2 Cartesian-spatial + curriculum (live),66636800,66.6368,560485.125,560473.1041666666
Q2 Cartesian-spatial + curriculum (live),66688000,66.688,560920.0,560359.1041666666
Q2 Cartesian-spatial + curriculum (live),66739200,66.7392,559672.1875,559819.3958333334
Q2 Cartesian-spatial + curriculum (live),66790400,66.7904,558866.0,558921.2083333334
Q2 Cartesian-spatial + curriculum (live),66841600,66.8416,558225.4375,558501.3125
Q2 Cartesian-spatial + curriculum (live),66892800,66.8928,558412.5,558623.9791666666
Q2 Cartesian-spatial + curriculum (live),66944000,66.944,559234.0,559263.3125
Q2 Cartesian-spatial + curriculum (live),66995200,66.9952,560143.4375,559017.7291666666
Q2 Cartesian-spatial + curriculum (live),67046400,67.0464,557675.75,558594.1666666666
Q2 Cartesian-spatial + curriculum (live),67097600,67.0976,557963.3125,557812.9791666666
Q2 Cartesian-spatial + curriculum (live),67148800,67.1488,557799.875,557693.4583333334
Q2 Cartesian-spatial + curriculum (live),67200000,67.2,557317.1875,557678.4583333334
Q2 Cartesian-spatial + curriculum (live),67251200,67.2512,557918.3125,558136.9583333334
Q2 Cartesian-spatial + curriculum (live),67302400,67.3024,559175.375,558699.5
Q2 Cartesian-spatial + curriculum (live),67353600,67.3536,559004.8125,559009.0
Q2 Cartesian-spatial + curriculum (live),67404800,67.4048,558846.8125,558764.7291666666
Q2 Cartesian-spatial + curriculum (live),67456000,67.456,558442.5625,558810.2916666666
Q2 Cartesian-spatial + curriculum (live),67507200,67.5072,559141.5,559263.0833333334
Q2 Cartesian-spatial + curriculum (live),67558400,67.5584,560205.1875,559833.9583333334
Q2 Cartesian-spatial + curriculum (live),67609600,67.6096,560155.1875,560112.875
Q2 Cartesian-spatial + curriculum (live),67660800,67.6608,559978.25,560066.71875
