series,segment,cumulative_steps,learning_episode,raw_value,three_point_smoothed_value
MAPPO strict 1+5 (stitched 100M),0-50M,25600,1.0,141740.515625,143899.3046875
MAPPO strict 1+5 (stitched 100M),0-50M,76800,3.0,146058.09375,144900.33854166666
MAPPO strict 1+5 (stitched 100M),0-50M,128000,5.0,146902.40625,148540.48958333334
MAPPO strict 1+5 (stitched 100M),0-50M,179200,7.0,152660.96875,154030.15625
MAPPO strict 1+5 (stitched 100M),0-50M,230400,9.0,162527.09375,162331.390625
MAPPO strict 1+5 (stitched 100M),0-50M,281600,11.0,171806.109375,172495.953125
MAPPO strict 1+5 (stitched 100M),0-50M,332800,13.0,183154.65625,181160.19791666666
MAPPO strict 1+5 (stitched 100M),0-50M,384000,15.0,188519.828125,190332.21354166666
MAPPO strict 1+5 (stitched 100M),0-50M,435200,17.0,199322.15625,197790.47916666666
MAPPO strict 1+5 (stitched 100M),0-50M,486400,19.0,205529.453125,206786.72395833334
MAPPO strict 1+5 (stitched 100M),0-50M,537600,21.0,215508.5625,212388.33333333334
MAPPO strict 1+5 (stitched 100M),0-50M,588800,23.0,216126.984375,219148.44791666666
MAPPO strict 1+5 (stitched 100M),0-50M,640000,25.0,225809.796875,224538.79166666666
MAPPO strict 1+5 (stitched 100M),0-50M,691200,27.0,231679.59375,230807.27604166666
MAPPO strict 1+5 (stitched 100M),0-50M,742400,29.0,234932.4375,235780.94270833334
MAPPO strict 1+5 (stitched 100M),0-50M,793600,31.0,240730.796875,238567.77604166666
MAPPO strict 1+5 (stitched 100M),0-50M,844800,33.0,240040.09375,243214.75520833334
MAPPO strict 1+5 (stitched 100M),0-50M,896000,35.0,248873.375,246410.484375
MAPPO strict 1+5 (stitched 100M),0-50M,947200,37.0,250317.984375,251168.30208333334
MAPPO strict 1+5 (stitched 100M),0-50M,998400,39.0,254313.546875,256689.01041666666
MAPPO strict 1+5 (stitched 100M),0-50M,1049600,41.0,265435.5,264180.484375
MAPPO strict 1+5 (stitched 100M),0-50M,1100800,43.0,272792.40625,271840.65625
MAPPO strict 1+5 (stitched 100M),0-50M,1152000,45.0,277294.0625,277745.0
MAPPO strict 1+5 (stitched 100M),0-50M,1203200,47.0,283148.53125,282739.6979166667
MAPPO strict 1+5 (stitched 100M),0-50M,1254400,49.0,287776.5,286378.9375
MAPPO strict 1+5 (stitched 100M),0-50M,1305600,51.0,288211.78125,291479.2708333333
MAPPO strict 1+5 (stitched 100M),0-50M,1356800,53.0,298449.53125,293829.9270833333
MAPPO strict 1+5 (stitched 100M),0-50M,1408000,55.0,294828.46875,297897.0520833333
MAPPO strict 1+5 (stitched 100M),0-50M,1459200,57.0,300413.15625,300651.9895833333
MAPPO strict 1+5 (stitched 100M),0-50M,1510400,59.0,306714.34375,302354.0
MAPPO strict 1+5 (stitched 100M),0-50M,1561600,61.0,299934.5,303430.8125
MAPPO strict 1+5 (stitched 100M),0-50M,1612800,63.0,303643.59375,303956.5729166667
MAPPO strict 1+5 (stitched 100M),0-50M,1664000,65.0,308291.625,308784.9791666667
MAPPO strict 1+5 (stitched 100M),0-50M,1715200,67.0,314419.71875,311813.9895833333
MAPPO strict 1+5 (stitched 100M),0-50M,1766400,69.0,312730.625,314790.9791666667
MAPPO strict 1+5 (stitched 100M),0-50M,1817600,71.0,317222.59375,315457.625
MAPPO strict 1+5 (stitched 100M),0-50M,1868800,73.0,316419.65625,317686.3541666667
MAPPO strict 1+5 (stitched 100M),0-50M,1920000,75.0,319416.8125,319172.3125
MAPPO strict 1+5 (stitched 100M),0-50M,1971200,77.0,321680.46875,322162.0416666667
MAPPO strict 1+5 (stitched 100M),0-50M,2022400,79.0,325388.84375,325249.8125
MAPPO strict 1+5 (stitched 100M),0-50M,2073600,81.0,328680.125,328356.6770833333
MAPPO strict 1+5 (stitched 100M),0-50M,2124800,83.0,331001.0625,330269.96875
MAPPO strict 1+5 (stitched 100M),0-50M,2176000,85.0,331128.71875,332426.09375
MAPPO strict 1+5 (stitched 100M),0-50M,2227200,87.0,335148.5,333858.53125
MAPPO strict 1+5 (stitched 100M),0-50M,2278400,89.0,335298.375,335737.1354166667
MAPPO strict 1+5 (stitched 100M),0-50M,2329600,91.0,336764.53125,336345.0625
MAPPO strict 1+5 (stitched 100M),0-50M,2380800,93.0,336972.28125,337709.8645833333
MAPPO strict 1+5 (stitched 100M),0-50M,2432000,95.0,339392.78125,338859.2395833333
MAPPO strict 1+5 (stitched 100M),0-50M,2483200,97.0,340212.65625,341601.65625
MAPPO strict 1+5 (stitched 100M),0-50M,2534400,99.0,345199.53125,342643.5520833333
MAPPO strict 1+5 (stitched 100M),0-50M,2585600,101.0,342518.46875,344325.4270833333
MAPPO strict 1+5 (stitched 100M),0-50M,2636800,103.0,345258.28125,344297.9375
MAPPO strict 1+5 (stitched 100M),0-50M,2688000,105.0,345117.0625,345194.9270833333
MAPPO strict 1+5 (stitched 100M),0-50M,2739200,107.0,345209.4375,346340.3541666667
MAPPO strict 1+5 (stitched 100M),0-50M,2790400,109.0,348694.5625,346934.0520833333
MAPPO strict 1+5 (stitched 100M),0-50M,2841600,111.0,346898.15625,348586.0416666667
MAPPO strict 1+5 (stitched 100M),0-50M,2892800,113.0,350165.40625,347511.1875
MAPPO strict 1+5 (stitched 100M),0-50M,2944000,115.0,345470.0,347654.7604166667
MAPPO strict 1+5 (stitched 100M),0-50M,2995200,117.0,347328.875,347656.7083333333
MAPPO strict 1+5 (stitched 100M),0-50M,3046400,119.0,350171.25,350429.0520833333
MAPPO strict 1+5 (stitched 100M),0-50M,3097600,121.0,353787.03125,353013.4895833333
MAPPO strict 1+5 (stitched 100M),0-50M,3148800,123.0,355082.1875,356596.1041666667
MAPPO strict 1+5 (stitched 100M),0-50M,3200000,125.0,360919.09375,356248.1666666667
MAPPO strict 1+5 (stitched 100M),0-50M,3251200,127.0,352743.21875,356972.8125
MAPPO strict 1+5 (stitched 100M),0-50M,3302400,129.0,357256.125,355209.4895833333
MAPPO strict 1+5 (stitched 100M),0-50M,3353600,131.0,355629.125,355186.28125
MAPPO strict 1+5 (stitched 100M),0-50M,3404800,133.0,352673.59375,355489.3229166667
MAPPO strict 1+5 (stitched 100M),0-50M,3456000,135.0,358165.25,357210.8333333333
MAPPO strict 1+5 (stitched 100M),0-50M,3507200,137.0,360793.65625,359499.90625
MAPPO strict 1+5 (stitched 100M),0-50M,3558400,139.0,359540.8125,359119.4895833333
MAPPO strict 1+5 (stitched 100M),0-50M,3609600,141.0,357024.0,360877.2083333333
MAPPO strict 1+5 (stitched 100M),0-50M,3660800,143.0,366066.8125,363794.0104166667
MAPPO strict 1+5 (stitched 100M),0-50M,3712000,145.0,368291.21875,369000.8333333333
MAPPO strict 1+5 (stitched 100M),0-50M,3763200,147.0,372644.46875,369049.1041666667
MAPPO strict 1+5 (stitched 100M),0-50M,3814400,149.0,366211.625,366695.6875
MAPPO strict 1+5 (stitched 100M),0-50M,3865600,151.0,361230.96875,362915.8645833333
MAPPO strict 1+5 (stitched 100M),0-50M,3916800,153.0,361305.0,362889.1666666667
MAPPO strict 1+5 (stitched 100M),0-50M,3968000,155.0,366131.53125,364385.4791666667
MAPPO strict 1+5 (stitched 100M),0-50M,4019200,157.0,365719.90625,369186.5416666667
MAPPO strict 1+5 (stitched 100M),0-50M,4070400,159.0,375708.1875,372950.375
MAPPO strict 1+5 (stitched 100M),0-50M,4121600,161.0,377423.03125,376395.59375
MAPPO strict 1+5 (stitched 100M),0-50M,4172800,163.0,376055.5625,375959.6458333333
MAPPO strict 1+5 (stitched 100M),0-50M,4224000,165.0,374400.34375,373827.375
MAPPO strict 1+5 (stitched 100M),0-50M,4275200,167.0,371026.21875,372276.3541666667
MAPPO strict 1+5 (stitched 100M),0-50M,4326400,169.0,371402.5,372451.5104166667
MAPPO strict 1+5 (stitched 100M),0-50M,4377600,171.0,374925.8125,374068.71875
MAPPO strict 1+5 (stitched 100M),0-50M,4428800,173.0,375877.84375,374899.4479166667
MAPPO strict 1+5 (stitched 100M),0-50M,4480000,175.0,373894.6875,375036.6458333333
MAPPO strict 1+5 (stitched 100M),0-50M,4531200,177.0,375337.40625,374761.1354166667
MAPPO strict 1+5 (stitched 100M),0-50M,4582400,179.0,375051.3125,377637.9791666667
MAPPO strict 1+5 (stitched 100M),0-50M,4633600,181.0,382525.21875,378898.1770833333
MAPPO strict 1+5 (stitched 100M),0-50M,4684800,183.0,379118.0,381125.1770833333
MAPPO strict 1+5 (stitched 100M),0-50M,4736000,185.0,381732.3125,381924.8229166667
MAPPO strict 1+5 (stitched 100M),0-50M,4787200,187.0,384924.15625,383690.3020833333
MAPPO strict 1+5 (stitched 100M),0-50M,4838400,189.0,384414.4375,385238.6979166667
MAPPO strict 1+5 (stitched 100M),0-50M,4889600,191.0,386377.5,382756.5625
MAPPO strict 1+5 (stitched 100M),0-50M,4940800,193.0,377477.75,383627.4270833333
MAPPO strict 1+5 (stitched 100M),0-50M,4992000,195.0,387027.03125,384605.09375
MAPPO strict 1+5 (stitched 100M),0-50M,5043200,197.0,389310.5,389911.8645833333
MAPPO strict 1+5 (stitched 100M),0-50M,5094400,199.0,393398.0625,392633.4375
MAPPO strict 1+5 (stitched 100M),0-50M,5145600,201.0,395191.75,393607.3854166667
MAPPO strict 1+5 (stitched 100M),0-50M,5196800,203.0,392232.34375,393965.0833333333
MAPPO strict 1+5 (stitched 100M),0-50M,5248000,205.0,394471.15625,394798.3229166667
MAPPO strict 1+5 (stitched 100M),0-50M,5299200,207.0,397691.46875,394206.1979166667
MAPPO strict 1+5 (stitched 100M),0-50M,5350400,209.0,390455.96875,391550.8125
MAPPO strict 1+5 (stitched 100M),0-50M,5401600,211.0,386505.0,388882.2708333333
MAPPO strict 1+5 (stitched 100M),0-50M,5452800,213.0,389685.84375,390205.3229166667
MAPPO strict 1+5 (stitched 100M),0-50M,5504000,215.0,394425.125,390911.6458333333
MAPPO strict 1+5 (stitched 100M),0-50M,5555200,217.0,388623.96875,391500.0104166667
MAPPO strict 1+5 (stitched 100M),0-50M,5606400,219.0,391450.9375,390702.90625
MAPPO strict 1+5 (stitched 100M),0-50M,5657600,221.0,392033.8125,391554.0833333333
MAPPO strict 1+5 (stitched 100M),0-50M,5708800,223.0,391177.5,390339.46875
MAPPO strict 1+5 (stitched 100M),0-50M,5760000,225.0,387807.09375,389690.3958333333
MAPPO strict 1+5 (stitched 100M),0-50M,5811200,227.0,390086.59375,389800.7395833333
MAPPO strict 1+5 (stitched 100M),0-50M,5862400,229.0,391508.53125,392175.5520833333
MAPPO strict 1+5 (stitched 100M),0-50M,5913600,231.0,394931.53125,396662.46875
MAPPO strict 1+5 (stitched 100M),0-50M,5964800,233.0,403547.34375,398802.7083333333
MAPPO strict 1+5 (stitched 100M),0-50M,6016000,235.0,397929.25,400324.2291666667
MAPPO strict 1+5 (stitched 100M),0-50M,6067200,237.0,399496.09375,399625.0
MAPPO strict 1+5 (stitched 100M),0-50M,6118400,239.0,401449.65625,401502.4375
MAPPO strict 1+5 (stitched 100M),0-50M,6169600,241.0,403561.5625,402046.03125
MAPPO strict 1+5 (stitched 100M),0-50M,6220800,243.0,401126.875,402038.2916666667
MAPPO strict 1+5 (stitched 100M),0-50M,6272000,245.0,401426.4375,401930.0833333333
MAPPO strict 1+5 (stitched 100M),0-50M,6323200,247.0,403236.9375,402901.5
MAPPO strict 1+5 (stitched 100M),0-50M,6374400,249.0,404041.125,405243.84375
MAPPO strict 1+5 (stitched 100M),0-50M,6425600,251.0,408453.46875,406734.3125
MAPPO strict 1+5 (stitched 100M),0-50M,6476800,253.0,407708.34375,408412.0520833333
MAPPO strict 1+5 (stitched 100M),0-50M,6528000,255.0,409074.34375,407395.2708333333
MAPPO strict 1+5 (stitched 100M),0-50M,6579200,257.0,405403.125,407660.8645833333
MAPPO strict 1+5 (stitched 100M),0-50M,6630400,259.0,408505.125,406264.7291666667
MAPPO strict 1+5 (stitched 100M),0-50M,6681600,261.0,404885.9375,407084.5
MAPPO strict 1+5 (stitched 100M),0-50M,6732800,263.0,407862.4375,407730.7604166667
MAPPO strict 1+5 (stitched 100M),0-50M,6784000,265.0,410443.90625,408852.0416666667
MAPPO strict 1+5 (stitched 100M),0-50M,6835200,267.0,408249.78125,408783.5104166667
MAPPO strict 1+5 (stitched 100M),0-50M,6886400,269.0,407656.84375,408758.5416666667
MAPPO strict 1+5 (stitched 100M),0-50M,6937600,271.0,410369.0,409622.6458333333
MAPPO strict 1+5 (stitched 100M),0-50M,6988800,273.0,410842.09375,410955.8854166667
MAPPO strict 1+5 (stitched 100M),0-50M,7040000,275.0,411656.5625,410755.34375
MAPPO strict 1+5 (stitched 100M),0-50M,7091200,277.0,409767.375,409797.5833333333
MAPPO strict 1+5 (stitched 100M),0-50M,7142400,279.0,407968.8125,408169.1770833333
MAPPO strict 1+5 (stitched 100M),0-50M,7193600,281.0,406771.34375,406985.1354166667
MAPPO strict 1+5 (stitched 100M),0-50M,7244800,283.0,406215.25,407441.8229166667
MAPPO strict 1+5 (stitched 100M),0-50M,7296000,285.0,409338.875,408195.84375
MAPPO strict 1+5 (stitched 100M),0-50M,7347200,287.0,409033.40625,408918.4895833333
MAPPO strict 1+5 (stitched 100M),0-50M,7398400,289.0,408383.1875,410014.3645833333
MAPPO strict 1+5 (stitched 100M),0-50M,7449600,291.0,412626.5,411091.0104166667
MAPPO strict 1+5 (stitched 100M),0-50M,7500800,293.0,412263.34375,413082.84375
MAPPO strict 1+5 (stitched 100M),0-50M,7552000,295.0,414358.6875,416080.9375
MAPPO strict 1+5 (stitched 100M),0-50M,7603200,297.0,421620.78125,418573.6875
MAPPO strict 1+5 (stitched 100M),0-50M,7654400,299.0,419741.59375,418925.09375
MAPPO strict 1+5 (stitched 100M),0-50M,7705600,301.0,415412.90625,415806.6979166667
MAPPO strict 1+5 (stitched 100M),0-50M,7756800,303.0,412265.59375,415295.78125
MAPPO strict 1+5 (stitched 100M),0-50M,7808000,305.0,418208.84375,415760.8229166667
MAPPO strict 1+5 (stitched 100M),0-50M,7859200,307.0,416808.03125,416343.1979166667
MAPPO strict 1+5 (stitched 100M),0-50M,7910400,309.0,414012.71875,415619.21875
MAPPO strict 1+5 (stitched 100M),0-50M,7961600,311.0,416036.90625,413754.65625
MAPPO strict 1+5 (stitched 100M),0-50M,8012800,313.0,411214.34375,413409.53125
MAPPO strict 1+5 (stitched 100M),0-50M,8064000,315.0,412977.34375,412401.7291666667
MAPPO strict 1+5 (stitched 100M),0-50M,8115200,317.0,413013.5,413213.8854166667
MAPPO strict 1+5 (stitched 100M),0-50M,8166400,319.0,413650.8125,413342.7291666667
MAPPO strict 1+5 (stitched 100M),0-50M,8217600,321.0,413363.875,412896.125
MAPPO strict 1+5 (stitched 100M),0-50M,8268800,323.0,411673.6875,414120.7395833333
MAPPO strict 1+5 (stitched 100M),0-50M,8320000,325.0,417324.65625,415710.15625
MAPPO strict 1+5 (stitched 100M),0-50M,8371200,327.0,418132.125,420739.59375
MAPPO strict 1+5 (stitched 100M),0-50M,8422400,329.0,426762.0,418199.0520833333
MAPPO strict 1+5 (stitched 100M),0-50M,8473600,331.0,409703.03125,418513.3958333333
MAPPO strict 1+5 (stitched 100M),0-50M,8524800,333.0,419075.15625,414947.1458333333
MAPPO strict 1+5 (stitched 100M),0-50M,8576000,335.0,416063.25,415948.46875
MAPPO strict 1+5 (stitched 100M),0-50M,8627200,337.0,412707.0,415876.4270833333
MAPPO strict 1+5 (stitched 100M),0-50M,8678400,339.0,418859.03125,416048.8958333333
MAPPO strict 1+5 (stitched 100M),0-50M,8729600,341.0,416580.65625,419547.7291666667
MAPPO strict 1+5 (stitched 100M),0-50M,8780800,343.0,423203.5,418462.9479166667
MAPPO strict 1+5 (stitched 100M),0-50M,8832000,345.0,415604.6875,418132.2291666667
MAPPO strict 1+5 (stitched 100M),0-50M,8883200,347.0,415588.5,415888.9583333333
MAPPO strict 1+5 (stitched 100M),0-50M,8934400,349.0,416473.6875,417861.4166666667
MAPPO strict 1+5 (stitched 100M),0-50M,8985600,351.0,421522.0625,419265.96875
MAPPO strict 1+5 (stitched 100M),0-50M,9036800,353.0,419802.15625,419354.5520833333
MAPPO strict 1+5 (stitched 100M),0-50M,9088000,355.0,416739.4375,420399.7395833333
MAPPO strict 1+5 (stitched 100M),0-50M,9139200,357.0,424657.625,421405.5520833333
MAPPO strict 1+5 (stitched 100M),0-50M,9190400,359.0,422819.59375,425291.46875
MAPPO strict 1+5 (stitched 100M),0-50M,9241600,361.0,428397.1875,426398.9375
MAPPO strict 1+5 (stitched 100M),0-50M,9292800,363.0,427980.03125,427353.0625
MAPPO strict 1+5 (stitched 100M),0-50M,9344000,365.0,425681.96875,425843.5729166667
MAPPO strict 1+5 (stitched 100M),0-50M,9395200,367.0,423868.71875,427179.8854166667
MAPPO strict 1+5 (stitched 100M),0-50M,9446400,369.0,431988.96875,427962.2604166667
MAPPO strict 1+5 (stitched 100M),0-50M,9497600,371.0,428029.09375,429385.46875
MAPPO strict 1+5 (stitched 100M),0-50M,9548800,373.0,428138.34375,426652.6458333333
MAPPO strict 1+5 (stitched 100M),0-50M,9600000,375.0,423790.5,425005.375
MAPPO strict 1+5 (stitched 100M),0-50M,9651200,377.0,423087.28125,424388.1875
MAPPO strict 1+5 (stitched 100M),0-50M,9702400,379.0,426286.78125,425543.8958333333
MAPPO strict 1+5 (stitched 100M),0-50M,9753600,381.0,427257.625,425591.9583333333
MAPPO strict 1+5 (stitched 100M),0-50M,9804800,383.0,423231.46875,424795.3645833333
MAPPO strict 1+5 (stitched 100M),0-50M,9856000,385.0,423897.0,425350.7916666667
MAPPO strict 1+5 (stitched 100M),0-50M,9907200,387.0,428923.90625,427208.4166666667
MAPPO strict 1+5 (stitched 100M),0-50M,9958400,389.0,428804.34375,428422.53125
MAPPO strict 1+5 (stitched 100M),0-50M,10009600,391.0,427539.34375,427977.5
MAPPO strict 1+5 (stitched 100M),0-50M,10060800,393.0,427588.8125,427171.28125
MAPPO strict 1+5 (stitched 100M),0-50M,10112000,395.0,426385.6875,427198.1458333333
MAPPO strict 1+5 (stitched 100M),0-50M,10163200,397.0,427619.9375,427938.6041666667
MAPPO strict 1+5 (stitched 100M),0-50M,10214400,399.0,429810.1875,428826.8645833333
MAPPO strict 1+5 (stitched 100M),0-50M,10265600,401.0,429050.46875,430865.84375
MAPPO strict 1+5 (stitched 100M),0-50M,10316800,403.0,433736.875,430861.6770833333
MAPPO strict 1+5 (stitched 100M),0-50M,10368000,405.0,429797.6875,431163.8541666667
MAPPO strict 1+5 (stitched 100M),0-50M,10419200,407.0,429957.0,428097.0416666667
MAPPO strict 1+5 (stitched 100M),0-50M,10470400,409.0,424536.4375,426826.21875
MAPPO strict 1+5 (stitched 100M),0-50M,10521600,411.0,425985.21875,424317.5729166667
MAPPO strict 1+5 (stitched 100M),0-50M,10572800,413.0,422431.0625,426177.4375
MAPPO strict 1+5 (stitched 100M),0-50M,10624000,415.0,430116.03125,426954.8645833333
MAPPO strict 1+5 (stitched 100M),0-50M,10675200,417.0,428317.5,428890.2916666667
MAPPO strict 1+5 (stitched 100M),0-50M,10726400,419.0,428237.34375,429790.46875
MAPPO strict 1+5 (stitched 100M),0-50M,10777600,421.0,432816.5625,429174.3333333333
MAPPO strict 1+5 (stitched 100M),0-50M,10828800,423.0,426469.09375,428750.5729166667
MAPPO strict 1+5 (stitched 100M),0-50M,10880000,425.0,426966.0625,429193.4166666667
MAPPO strict 1+5 (stitched 100M),0-50M,10931200,427.0,434145.09375,429156.4270833333
MAPPO strict 1+5 (stitched 100M),0-50M,10982400,429.0,426358.125,430467.5625
MAPPO strict 1+5 (stitched 100M),0-50M,11033600,431.0,430899.46875,429748.4479166667
MAPPO strict 1+5 (stitched 100M),0-50M,11084800,433.0,431987.75,432152.125
MAPPO strict 1+5 (stitched 100M),0-50M,11136000,435.0,433569.15625,432251.9375
MAPPO strict 1+5 (stitched 100M),0-50M,11187200,437.0,431198.90625,432651.75
MAPPO strict 1+5 (stitched 100M),0-50M,11238400,439.0,433187.1875,432092.59375
MAPPO strict 1+5 (stitched 100M),0-50M,11289600,441.0,431891.6875,432882.1979166667
MAPPO strict 1+5 (stitched 100M),0-50M,11340800,443.0,433567.71875,433585.1145833333
MAPPO strict 1+5 (stitched 100M),0-50M,11392000,445.0,435295.9375,435172.0104166667
MAPPO strict 1+5 (stitched 100M),0-50M,11443200,447.0,436652.375,433980.8125
MAPPO strict 1+5 (stitched 100M),0-50M,11494400,449.0,429994.125,433230.2291666667
MAPPO strict 1+5 (stitched 100M),0-50M,11545600,451.0,433044.1875,433708.5729166667
MAPPO strict 1+5 (stitched 100M),0-50M,11596800,453.0,438087.40625,434461.1770833333
MAPPO strict 1+5 (stitched 100M),0-50M,11648000,455.0,432251.9375,436028.9895833333
MAPPO strict 1+5 (stitched 100M),0-50M,11699200,457.0,437747.625,434267.09375
MAPPO strict 1+5 (stitched 100M),0-50M,11750400,459.0,432801.71875,431974.9270833333
MAPPO strict 1+5 (stitched 100M),0-50M,11801600,461.0,425375.4375,431359.2083333333
MAPPO strict 1+5 (stitched 100M),0-50M,11852800,463.0,435900.46875,431639.34375
MAPPO strict 1+5 (stitched 100M),0-50M,11904000,465.0,433642.125,433437.1145833333
MAPPO strict 1+5 (stitched 100M),0-50M,11955200,467.0,430768.75,431460.59375
MAPPO strict 1+5 (stitched 100M),0-50M,12006400,469.0,429970.90625,430463.0729166667
MAPPO strict 1+5 (stitched 100M),0-50M,12057600,471.0,430649.5625,430683.1458333333
MAPPO strict 1+5 (stitched 100M),0-50M,12108800,473.0,431428.96875,433681.8645833333
MAPPO strict 1+5 (stitched 100M),0-50M,12160000,475.0,438967.0625,434677.84375
MAPPO strict 1+5 (stitched 100M),0-50M,12211200,477.0,433637.5,435675.9479166667
MAPPO strict 1+5 (stitched 100M),0-50M,12262400,479.0,434423.28125,433980.84375
MAPPO strict 1+5 (stitched 100M),0-50M,12313600,481.0,433881.75,432051.3020833333
MAPPO strict 1+5 (stitched 100M),0-50M,12364800,483.0,427848.875,430227.9479166667
MAPPO strict 1+5 (stitched 100M),0-50M,12416000,485.0,428953.21875,427726.7083333333
MAPPO strict 1+5 (stitched 100M),0-50M,12467200,487.0,426378.03125,430159.5104166667
MAPPO strict 1+5 (stitched 100M),0-50M,12518400,489.0,435147.28125,430679.75
MAPPO strict 1+5 (stitched 100M),0-50M,12569600,491.0,430513.9375,432904.78125
MAPPO strict 1+5 (stitched 100M),0-50M,12620800,493.0,433053.125,433293.6875
MAPPO strict 1+5 (stitched 100M),0-50M,12672000,495.0,436314.0,435228.0625
MAPPO strict 1+5 (stitched 100M),0-50M,12723200,497.0,436317.0625,436649.4583333333
MAPPO strict 1+5 (stitched 100M),0-50M,12774400,499.0,437317.3125,436585.6041666667
MAPPO strict 1+5 (stitched 100M),0-50M,12825600,501.0,436122.4375,435708.84375
MAPPO strict 1+5 (stitched 100M),0-50M,12876800,503.0,433686.78125,434197.4791666667
MAPPO strict 1+5 (stitched 100M),0-50M,12928000,505.0,432783.21875,433709.7395833333
MAPPO strict 1+5 (stitched 100M),0-50M,12979200,507.0,434659.21875,434095.3854166667
MAPPO strict 1+5 (stitched 100M),0-50M,13030400,509.0,434843.71875,435173.4270833333
MAPPO strict 1+5 (stitched 100M),0-50M,13081600,511.0,436017.34375,436455.0625
MAPPO strict 1+5 (stitched 100M),0-50M,13132800,513.0,438504.125,437325.46875
MAPPO strict 1+5 (stitched 100M),0-50M,13184000,515.0,437454.9375,437694.46875
MAPPO strict 1+5 (stitched 100M),0-50M,13235200,517.0,437124.34375,437267.53125
MAPPO strict 1+5 (stitched 100M),0-50M,13286400,519.0,437223.3125,436732.7604166667
MAPPO strict 1+5 (stitched 100M),0-50M,13337600,521.0,435850.625,437281.53125
MAPPO strict 1+5 (stitched 100M),0-50M,13388800,523.0,438770.65625,438227.2604166667
MAPPO strict 1+5 (stitched 100M),0-50M,13440000,525.0,440060.5,439794.7395833333
MAPPO strict 1+5 (stitched 100M),0-50M,13491200,527.0,440553.0625,441398.6458333333
MAPPO strict 1+5 (stitched 100M),0-50M,13542400,529.0,443582.375,441874.75
MAPPO strict 1+5 (stitched 100M),0-50M,13593600,531.0,441488.8125,440337.3958333333
MAPPO strict 1+5 (stitched 100M),0-50M,13644800,533.0,435941.0,438459.6145833333
MAPPO strict 1+5 (stitched 100M),0-50M,13696000,535.0,437949.03125,437294.3333333333
MAPPO strict 1+5 (stitched 100M),0-50M,13747200,537.0,437992.96875,438238.1770833333
MAPPO strict 1+5 (stitched 100M),0-50M,13798400,539.0,438772.53125,439850.84375
MAPPO strict 1+5 (stitched 100M),0-50M,13849600,541.0,442787.03125,442879.6979166667
MAPPO strict 1+5 (stitched 100M),0-50M,13900800,543.0,447079.53125,445793.3958333333
MAPPO strict 1+5 (stitched 100M),0-50M,13952000,545.0,447513.625,445904.1354166667
MAPPO strict 1+5 (stitched 100M),0-50M,14003200,547.0,443119.25,444275.5416666667
MAPPO strict 1+5 (stitched 100M),0-50M,14054400,549.0,442193.75,441425.4895833333
MAPPO strict 1+5 (stitched 100M),0-50M,14105600,551.0,438963.46875,441271.1875
MAPPO strict 1+5 (stitched 100M),0-50M,14156800,553.0,442656.34375,440359.375
MAPPO strict 1+5 (stitched 100M),0-50M,14208000,555.0,439458.3125,442299.2395833333
MAPPO strict 1+5 (stitched 100M),0-50M,14259200,557.0,444783.0625,444021.0416666667
MAPPO strict 1+5 (stitched 100M),0-50M,14310400,559.0,447821.75,445981.7291666667
MAPPO strict 1+5 (stitched 100M),0-50M,14361600,561.0,445340.375,445929.9791666667
MAPPO strict 1+5 (stitched 100M),0-50M,14412800,563.0,444627.8125,445601.2395833333
MAPPO strict 1+5 (stitched 100M),0-50M,14464000,565.0,446835.53125,445578.5104166667
MAPPO strict 1+5 (stitched 100M),0-50M,14515200,567.0,445272.1875,446536.3854166667
MAPPO strict 1+5 (stitched 100M),0-50M,14566400,569.0,447501.4375,446607.8645833333
MAPPO strict 1+5 (stitched 100M),0-50M,14617600,571.0,447049.96875,447604.2083333333
MAPPO strict 1+5 (stitched 100M),0-50M,14668800,573.0,448261.21875,447469.1458333333
MAPPO strict 1+5 (stitched 100M),0-50M,14720000,575.0,447096.25,447923.6979166667
MAPPO strict 1+5 (stitched 100M),0-50M,14771200,577.0,448413.625,447688.59375
MAPPO strict 1+5 (stitched 100M),0-50M,14822400,579.0,447555.90625,447570.7708333333
MAPPO strict 1+5 (stitched 100M),0-50M,14873600,581.0,446742.78125,446654.7291666667
MAPPO strict 1+5 (stitched 100M),0-50M,14924800,583.0,445665.5,446162.1354166667
MAPPO strict 1+5 (stitched 100M),0-50M,14976000,585.0,446078.125,445568.1875
MAPPO strict 1+5 (stitched 100M),0-50M,15027200,587.0,444960.9375,445536.8645833333
MAPPO strict 1+5 (stitched 100M),0-50M,15078400,589.0,445571.53125,443957.6354166667
MAPPO strict 1+5 (stitched 100M),0-50M,15129600,591.0,441340.4375,443734.2291666667
MAPPO strict 1+5 (stitched 100M),0-50M,15180800,593.0,444290.71875,444682.9166666667
MAPPO strict 1+5 (stitched 100M),0-50M,15232000,595.0,448417.59375,446316.34375
MAPPO strict 1+5 (stitched 100M),0-50M,15283200,597.0,446240.71875,447790.28125
MAPPO strict 1+5 (stitched 100M),0-50M,15334400,599.0,448712.53125,446992.3541666667
MAPPO strict 1+5 (stitched 100M),0-50M,15385600,601.0,446023.8125,446692.2604166667
MAPPO strict 1+5 (stitched 100M),0-50M,15436800,603.0,445340.4375,446048.6458333333
MAPPO strict 1+5 (stitched 100M),0-50M,15488000,605.0,446781.6875,446350.4375
MAPPO strict 1+5 (stitched 100M),0-50M,15539200,607.0,446929.1875,444949.53125
MAPPO strict 1+5 (stitched 100M),0-50M,15590400,609.0,441137.71875,443464.1666666667
MAPPO strict 1+5 (stitched 100M),0-50M,15641600,611.0,442325.59375,441403.2604166667
MAPPO strict 1+5 (stitched 100M),0-50M,15692800,613.0,440746.46875,441327.1145833333
MAPPO strict 1+5 (stitched 100M),0-50M,15744000,615.0,440909.28125,441745.1145833333
MAPPO strict 1+5 (stitched 100M),0-50M,15795200,617.0,443579.59375,442946.75
MAPPO strict 1+5 (stitched 100M),0-50M,15846400,619.0,444351.375,444776.8125
MAPPO strict 1+5 (stitched 100M),0-50M,15897600,621.0,446399.46875,446374.6666666667
MAPPO strict 1+5 (stitched 100M),0-50M,15948800,623.0,448373.15625,445942.4166666667
MAPPO strict 1+5 (stitched 100M),0-50M,16000000,625.0,443054.625,446379.75
MAPPO strict 1+5 (stitched 100M),0-50M,16051200,627.0,447711.46875,447038.5833333333
MAPPO strict 1+5 (stitched 100M),0-50M,16102400,629.0,450349.65625,449487.7708333333
MAPPO strict 1+5 (stitched 100M),0-50M,16153600,631.0,450402.1875,447886.3333333333
MAPPO strict 1+5 (stitched 100M),0-50M,16204800,633.0,442907.15625,447793.0
MAPPO strict 1+5 (stitched 100M),0-50M,16256000,635.0,450069.65625,448415.1666666667
MAPPO strict 1+5 (stitched 100M),0-50M,16307200,637.0,452268.6875,450851.7083333333
MAPPO strict 1+5 (stitched 100M),0-50M,16358400,639.0,450216.78125,451001.3958333333
MAPPO strict 1+5 (stitched 100M),0-50M,16409600,641.0,450518.71875,449991.3645833333
MAPPO strict 1+5 (stitched 100M),0-50M,16460800,643.0,449238.59375,450430.3958333333
MAPPO strict 1+5 (stitched 100M),0-50M,16512000,645.0,451533.875,449241.4791666667
MAPPO strict 1+5 (stitched 100M),0-50M,16563200,647.0,446951.96875,448854.9270833333
MAPPO strict 1+5 (stitched 100M),0-50M,16614400,649.0,448078.9375,448728.8958333333
MAPPO strict 1+5 (stitched 100M),0-50M,16665600,651.0,451155.78125,448736.2291666667
MAPPO strict 1+5 (stitched 100M),0-50M,16716800,653.0,446973.96875,451067.1770833333
MAPPO strict 1+5 (stitched 100M),0-50M,16768000,655.0,455071.78125,452245.125
MAPPO strict 1+5 (stitched 100M),0-50M,16819200,657.0,454689.625,455776.1875
MAPPO strict 1+5 (stitched 100M),0-50M,16870400,659.0,457567.15625,455717.1666666667
MAPPO strict 1+5 (stitched 100M),0-50M,16921600,661.0,454894.71875,456091.7291666667
MAPPO strict 1+5 (stitched 100M),0-50M,16972800,663.0,455813.3125,455014.09375
MAPPO strict 1+5 (stitched 100M),0-50M,17024000,665.0,454334.25,454509.1145833333
MAPPO strict 1+5 (stitched 100M),0-50M,17075200,667.0,453379.78125,454278.40625
MAPPO strict 1+5 (stitched 100M),0-50M,17126400,669.0,455121.1875,453349.90625
MAPPO strict 1+5 (stitched 100M),0-50M,17177600,671.0,451548.75,453448.15625
MAPPO strict 1+5 (stitched 100M),0-50M,17228800,673.0,453674.53125,454489.5729166667
MAPPO strict 1+5 (stitched 100M),0-50M,17280000,675.0,458245.4375,456061.1770833333
MAPPO strict 1+5 (stitched 100M),0-50M,17331200,677.0,456263.5625,457480.5833333333
MAPPO strict 1+5 (stitched 100M),0-50M,17382400,679.0,457932.75,458273.6979166667
MAPPO strict 1+5 (stitched 100M),0-50M,17433600,681.0,460624.78125,459798.3229166667
MAPPO strict 1+5 (stitched 100M),0-50M,17484800,683.0,460837.4375,460325.8854166667
MAPPO strict 1+5 (stitched 100M),0-50M,17536000,685.0,459515.4375,460403.8333333333
MAPPO strict 1+5 (stitched 100M),0-50M,17587200,687.0,460858.625,460627.46875
MAPPO strict 1+5 (stitched 100M),0-50M,17638400,689.0,461508.34375,461260.4270833333
MAPPO strict 1+5 (stitched 100M),0-50M,17689600,691.0,461414.3125,458990.28125
MAPPO strict 1+5 (stitched 100M),0-50M,17740800,693.0,454048.1875,456918.5
MAPPO strict 1+5 (stitched 100M),0-50M,17792000,695.0,455293.0,455762.5833333333
MAPPO strict 1+5 (stitched 100M),0-50M,17843200,697.0,457946.5625,456046.8125
MAPPO strict 1+5 (stitched 100M),0-50M,17894400,699.0,454900.875,455739.5625
MAPPO strict 1+5 (stitched 100M),0-50M,17945600,701.0,454371.25,453197.2291666667
MAPPO strict 1+5 (stitched 100M),0-50M,17996800,703.0,450319.5625,451521.2916666667
MAPPO strict 1+5 (stitched 100M),0-50M,18048000,705.0,449873.0625,449388.03125
MAPPO strict 1+5 (stitched 100M),0-50M,18099200,707.0,447971.46875,449679.1041666667
MAPPO strict 1+5 (stitched 100M),0-50M,18150400,709.0,451192.78125,450486.46875
MAPPO strict 1+5 (stitched 100M),0-50M,18201600,711.0,452295.15625,453439.6041666667
MAPPO strict 1+5 (stitched 100M),0-50M,18252800,713.0,456830.875,454689.40625
MAPPO strict 1+5 (stitched 100M),0-50M,18304000,715.0,454942.1875,454702.6770833333
MAPPO strict 1+5 (stitched 100M),0-50M,18355200,717.0,452334.96875,455302.65625
MAPPO strict 1+5 (stitched 100M),0-50M,18406400,719.0,458630.8125,455937.9895833333
MAPPO strict 1+5 (stitched 100M),0-50M,18457600,721.0,456848.1875,458574.90625
MAPPO strict 1+5 (stitched 100M),0-50M,18508800,723.0,460245.71875,459489.1145833333
MAPPO strict 1+5 (stitched 100M),0-50M,18560000,725.0,461373.4375,460188.875
MAPPO strict 1+5 (stitched 100M),0-50M,18611200,727.0,458947.46875,459441.78125
MAPPO strict 1+5 (stitched 100M),0-50M,18662400,729.0,458004.4375,458742.9479166667
MAPPO strict 1+5 (stitched 100M),0-50M,18713600,731.0,459276.9375,459508.1666666667
MAPPO strict 1+5 (stitched 100M),0-50M,18764800,733.0,461243.125,461059.78125
MAPPO strict 1+5 (stitched 100M),0-50M,18816000,735.0,462659.28125,461967.4895833333
MAPPO strict 1+5 (stitched 100M),0-50M,18867200,737.0,462000.0625,460836.21875
MAPPO strict 1+5 (stitched 100M),0-50M,18918400,739.0,457849.3125,458480.71875
MAPPO strict 1+5 (stitched 100M),0-50M,18969600,741.0,455592.78125,456985.1770833333
MAPPO strict 1+5 (stitched 100M),0-50M,19020800,743.0,457513.4375,458182.46875
MAPPO strict 1+5 (stitched 100M),0-50M,19072000,745.0,461441.1875,459607.84375
MAPPO strict 1+5 (stitched 100M),0-50M,19123200,747.0,459868.90625,461711.40625
MAPPO strict 1+5 (stitched 100M),0-50M,19174400,749.0,463824.125,461385.0833333333
MAPPO strict 1+5 (stitched 100M),0-50M,19225600,751.0,460462.21875,461794.3020833333
MAPPO strict 1+5 (stitched 100M),0-50M,19276800,753.0,461096.5625,461478.1145833333
MAPPO strict 1+5 (stitched 100M),0-50M,19328000,755.0,462875.5625,462351.0
MAPPO strict 1+5 (stitched 100M),0-50M,19379200,757.0,463080.875,461808.2395833333
MAPPO strict 1+5 (stitched 100M),0-50M,19430400,759.0,459468.28125,460936.53125
MAPPO strict 1+5 (stitched 100M),0-50M,19481600,761.0,460260.4375,461019.0729166667
MAPPO strict 1+5 (stitched 100M),0-50M,19532800,763.0,463328.5,461295.1979166667
MAPPO strict 1+5 (stitched 100M),0-50M,19584000,765.0,460296.65625,461549.15625
MAPPO strict 1+5 (stitched 100M),0-50M,19635200,767.0,461022.3125,462082.1770833333
MAPPO strict 1+5 (stitched 100M),0-50M,19686400,769.0,464927.5625,463702.5208333333
MAPPO strict 1+5 (stitched 100M),0-50M,19737600,771.0,465157.6875,464112.875
MAPPO strict 1+5 (stitched 100M),0-50M,19788800,773.0,462253.375,463104.5520833333
MAPPO strict 1+5 (stitched 100M),0-50M,19840000,775.0,461902.59375,462313.6979166667
MAPPO strict 1+5 (stitched 100M),0-50M,19891200,777.0,462785.125,461262.90625
MAPPO strict 1+5 (stitched 100M),0-50M,19942400,779.0,459101.0,460990.40625
MAPPO strict 1+5 (stitched 100M),0-50M,19993600,781.0,461085.09375,461014.8645833333
MAPPO strict 1+5 (stitched 100M),0-50M,20044800,783.0,462858.5,461201.21875
MAPPO strict 1+5 (stitched 100M),0-50M,20096000,785.0,459660.0625,461810.3958333333
MAPPO strict 1+5 (stitched 100M),0-50M,20147200,787.0,462912.625,459986.5
MAPPO strict 1+5 (stitched 100M),0-50M,20198400,789.0,457386.8125,459717.5104166667
MAPPO strict 1+5 (stitched 100M),0-50M,20249600,791.0,458853.09375,458119.7708333333
MAPPO strict 1+5 (stitched 100M),0-50M,20300800,793.0,458119.40625,459497.5729166667
MAPPO strict 1+5 (stitched 100M),0-50M,20352000,795.0,461520.21875,460131.8854166667
MAPPO strict 1+5 (stitched 100M),0-50M,20403200,797.0,460756.03125,461976.8020833333
MAPPO strict 1+5 (stitched 100M),0-50M,20454400,799.0,463654.15625,463418.6145833333
MAPPO strict 1+5 (stitched 100M),0-50M,20505600,801.0,465845.65625,465369.4791666667
MAPPO strict 1+5 (stitched 100M),0-50M,20556800,803.0,466608.625,467927.5625
MAPPO strict 1+5 (stitched 100M),0-50M,20608000,805.0,471328.40625,467804.3125
MAPPO strict 1+5 (stitched 100M),0-50M,20659200,807.0,465475.90625,468264.4375
MAPPO strict 1+5 (stitched 100M),0-50M,20710400,809.0,467989.0,466561.03125
MAPPO strict 1+5 (stitched 100M),0-50M,20761600,811.0,466218.1875,467939.9375
MAPPO strict 1+5 (stitched 100M),0-50M,20812800,813.0,469612.625,469120.8020833333
MAPPO strict 1+5 (stitched 100M),0-50M,20864000,815.0,471531.59375,470081.90625
MAPPO strict 1+5 (stitched 100M),0-50M,20915200,817.0,469101.5,470023.0208333333
MAPPO strict 1+5 (stitched 100M),0-50M,20966400,819.0,469435.96875,468414.6875
MAPPO strict 1+5 (stitched 100M),0-50M,21017600,821.0,466706.59375,468003.3020833333
MAPPO strict 1+5 (stitched 100M),0-50M,21068800,823.0,467867.34375,466534.9166666667
MAPPO strict 1+5 (stitched 100M),0-50M,21120000,825.0,465030.8125,465666.3541666667
MAPPO strict 1+5 (stitched 100M),0-50M,21171200,827.0,464100.90625,463739.7708333333
MAPPO strict 1+5 (stitched 100M),0-50M,21222400,829.0,462087.59375,463034.2083333333
MAPPO strict 1+5 (stitched 100M),0-50M,21273600,831.0,462914.125,462543.4166666667
MAPPO strict 1+5 (stitched 100M),0-50M,21324800,833.0,462628.53125,463277.3333333333
MAPPO strict 1+5 (stitched 100M),0-50M,21376000,835.0,464289.34375,462683.7291666667
MAPPO strict 1+5 (stitched 100M),0-50M,21427200,837.0,461133.3125,462213.7291666667
MAPPO strict 1+5 (stitched 100M),0-50M,21478400,839.0,461218.53125,462474.8229166667
MAPPO strict 1+5 (stitched 100M),0-50M,21529600,841.0,465072.625,463527.9479166667
MAPPO strict 1+5 (stitched 100M),0-50M,21580800,843.0,464292.6875,465444.9479166667
MAPPO strict 1+5 (stitched 100M),0-50M,21632000,845.0,466969.53125,466718.1770833333
MAPPO strict 1+5 (stitched 100M),0-50M,21683200,847.0,468892.3125,468383.6979166667
MAPPO strict 1+5 (stitched 100M),0-50M,21734400,849.0,469289.25,470153.09375
MAPPO strict 1+5 (stitched 100M),0-50M,21785600,851.0,472277.71875,470693.8125
MAPPO strict 1+5 (stitched 100M),0-50M,21836800,853.0,470514.46875,470914.6145833333
MAPPO strict 1+5 (stitched 100M),0-50M,21888000,855.0,469951.65625,469242.625
MAPPO strict 1+5 (stitched 100M),0-50M,21939200,857.0,467261.75,467184.34375
MAPPO strict 1+5 (stitched 100M),0-50M,21990400,859.0,464339.625,466572.6041666667
MAPPO strict 1+5 (stitched 100M),0-50M,22041600,861.0,468116.4375,466380.03125
MAPPO strict 1+5 (stitched 100M),0-50M,22092800,863.0,466684.03125,466895.375
MAPPO strict 1+5 (stitched 100M),0-50M,22144000,865.0,465885.65625,465562.2083333333
MAPPO strict 1+5 (stitched 100M),0-50M,22195200,867.0,464116.9375,466194.59375
MAPPO strict 1+5 (stitched 100M),0-50M,22246400,869.0,468581.1875,466197.6458333333
MAPPO strict 1+5 (stitched 100M),0-50M,22297600,871.0,465894.8125,467401.5416666667
MAPPO strict 1+5 (stitched 100M),0-50M,22348800,873.0,467728.625,467522.6979166667
MAPPO strict 1+5 (stitched 100M),0-50M,22400000,875.0,468944.65625,468137.9583333333
MAPPO strict 1+5 (stitched 100M),0-50M,22451200,877.0,467740.59375,468442.46875
MAPPO strict 1+5 (stitched 100M),0-50M,22502400,879.0,468642.15625,469280.90625
MAPPO strict 1+5 (stitched 100M),0-50M,22553600,881.0,471459.96875,470296.2708333333
MAPPO strict 1+5 (stitched 100M),0-50M,22604800,883.0,470786.6875,471823.8541666667
MAPPO strict 1+5 (stitched 100M),0-50M,22656000,885.0,473224.90625,471653.5729166667
MAPPO strict 1+5 (stitched 100M),0-50M,22707200,887.0,470949.125,471386.5625
MAPPO strict 1+5 (stitched 100M),0-50M,22758400,889.0,469985.65625,470379.03125
MAPPO strict 1+5 (stitched 100M),0-50M,22809600,891.0,470202.3125,469739.9375
MAPPO strict 1+5 (stitched 100M),0-50M,22860800,893.0,469031.84375,468612.9270833333
MAPPO strict 1+5 (stitched 100M),0-50M,22912000,895.0,466604.625,469080.8125
MAPPO strict 1+5 (stitched 100M),0-50M,22963200,897.0,471605.96875,469234.2291666667
MAPPO strict 1+5 (stitched 100M),0-50M,23014400,899.0,469492.09375,469707.03125
MAPPO strict 1+5 (stitched 100M),0-50M,23065600,901.0,468023.03125,468640.0625
MAPPO strict 1+5 (stitched 100M),0-50M,23116800,903.0,468405.0625,468844.8020833333
MAPPO strict 1+5 (stitched 100M),0-50M,23168000,905.0,470106.3125,469797.53125
MAPPO strict 1+5 (stitched 100M),0-50M,23219200,907.0,470881.21875,470342.0416666667
MAPPO strict 1+5 (stitched 100M),0-50M,23270400,909.0,470038.59375,470672.4375
MAPPO strict 1+5 (stitched 100M),0-50M,23321600,911.0,471097.5,470550.75
MAPPO strict 1+5 (stitched 100M),0-50M,23372800,913.0,470516.15625,469949.0416666667
MAPPO strict 1+5 (stitched 100M),0-50M,23424000,915.0,468233.46875,469977.3541666667
MAPPO strict 1+5 (stitched 100M),0-50M,23475200,917.0,471182.4375,471203.625
MAPPO strict 1+5 (stitched 100M),0-50M,23526400,919.0,474194.96875,473363.6458333333
MAPPO strict 1+5 (stitched 100M),0-50M,23577600,921.0,474713.53125,474502.28125
MAPPO strict 1+5 (stitched 100M),0-50M,23628800,923.0,474598.34375,474149.8645833333
MAPPO strict 1+5 (stitched 100M),0-50M,23680000,925.0,473137.71875,473614.1458333333
MAPPO strict 1+5 (stitched 100M),0-50M,23731200,927.0,473106.375,473215.3541666667
MAPPO strict 1+5 (stitched 100M),0-50M,23782400,929.0,473401.96875,473757.3854166667
MAPPO strict 1+5 (stitched 100M),0-50M,23833600,931.0,474763.8125,473658.6041666667
MAPPO strict 1+5 (stitched 100M),0-50M,23884800,933.0,472810.03125,473052.0729166667
MAPPO strict 1+5 (stitched 100M),0-50M,23936000,935.0,471582.375,471605.125
MAPPO strict 1+5 (stitched 100M),0-50M,23987200,937.0,470422.96875,472004.1666666667
MAPPO strict 1+5 (stitched 100M),0-50M,24038400,939.0,474007.15625,472556.28125
MAPPO strict 1+5 (stitched 100M),0-50M,24089600,941.0,473238.71875,473515.5
MAPPO strict 1+5 (stitched 100M),0-50M,24140800,943.0,473300.625,472523.6354166667
MAPPO strict 1+5 (stitched 100M),0-50M,24192000,945.0,471031.5625,471120.4479166667
MAPPO strict 1+5 (stitched 100M),0-50M,24243200,947.0,469029.15625,470010.46875
MAPPO strict 1+5 (stitched 100M),0-50M,24294400,949.0,469970.6875,469612.0208333333
MAPPO strict 1+5 (stitched 100M),0-50M,24345600,951.0,469836.21875,469535.6354166667
MAPPO strict 1+5 (stitched 100M),0-50M,24396800,953.0,468800.0,469009.0833333333
MAPPO strict 1+5 (stitched 100M),0-50M,24448000,955.0,468391.03125,469137.78125
MAPPO strict 1+5 (stitched 100M),0-50M,24499200,957.0,470222.3125,470021.7708333333
MAPPO strict 1+5 (stitched 100M),0-50M,24550400,959.0,471451.96875,470656.3541666667
MAPPO strict 1+5 (stitched 100M),0-50M,24601600,961.0,470294.78125,470427.2604166667
MAPPO strict 1+5 (stitched 100M),0-50M,24652800,963.0,469535.03125,470735.5104166667
MAPPO strict 1+5 (stitched 100M),0-50M,24704000,965.0,472376.71875,471288.5
MAPPO strict 1+5 (stitched 100M),0-50M,24755200,967.0,471953.75,472157.25
MAPPO strict 1+5 (stitched 100M),0-50M,24806400,969.0,472141.28125,471624.5729166667
MAPPO strict 1+5 (stitched 100M),0-50M,24857600,971.0,470778.6875,471241.2708333333
MAPPO strict 1+5 (stitched 100M),0-50M,24908800,973.0,470803.84375,470522.8229166667
MAPPO strict 1+5 (stitched 100M),0-50M,24960000,975.0,469985.9375,471040.7916666667
MAPPO strict 1+5 (stitched 100M),0-50M,25011200,977.0,472332.59375,471014.9583333333
MAPPO strict 1+5 (stitched 100M),0-50M,25062400,979.0,470726.34375,471053.3333333333
MAPPO strict 1+5 (stitched 100M),0-50M,25113600,981.0,470101.0625,469742.8958333333
MAPPO strict 1+5 (stitched 100M),0-50M,25164800,983.0,468401.28125,469687.7395833333
MAPPO strict 1+5 (stitched 100M),0-50M,25216000,985.0,470560.875,470106.5
MAPPO strict 1+5 (stitched 100M),0-50M,25267200,987.0,471357.34375,470291.8125
MAPPO strict 1+5 (stitched 100M),0-50M,25318400,989.0,468957.21875,470561.0
MAPPO strict 1+5 (stitched 100M),0-50M,25369600,991.0,471368.4375,470677.6041666667
MAPPO strict 1+5 (stitched 100M),0-50M,25420800,993.0,471707.15625,471408.84375
MAPPO strict 1+5 (stitched 100M),0-50M,25472000,995.0,471150.9375,471048.4895833333
MAPPO strict 1+5 (stitched 100M),0-50M,25523200,997.0,470287.375,471304.2604166667
MAPPO strict 1+5 (stitched 100M),0-50M,25574400,999.0,472474.46875,472663.1041666667
MAPPO strict 1+5 (stitched 100M),0-50M,25625600,1001.0,475227.46875,474194.34375
MAPPO strict 1+5 (stitched 100M),0-50M,25676800,1003.0,474881.09375,474285.4895833333
MAPPO strict 1+5 (stitched 100M),0-50M,25728000,1005.0,472747.90625,473313.2708333333
MAPPO strict 1+5 (stitched 100M),0-50M,25779200,1007.0,472310.8125,472549.3645833333
MAPPO strict 1+5 (stitched 100M),0-50M,25830400,1009.0,472589.375,471539.5729166667
MAPPO strict 1+5 (stitched 100M),0-50M,25881600,1011.0,469718.53125,470623.8020833333
MAPPO strict 1+5 (stitched 100M),0-50M,25932800,1013.0,469563.5,469982.3645833333
MAPPO strict 1+5 (stitched 100M),0-50M,25984000,1015.0,470665.0625,469622.7708333333
MAPPO strict 1+5 (stitched 100M),0-50M,26035200,1017.0,468639.75,469551.4479166667
MAPPO strict 1+5 (stitched 100M),0-50M,26086400,1019.0,469349.53125,470038.1041666667
MAPPO strict 1+5 (stitched 100M),0-50M,26137600,1021.0,472125.03125,470929.2916666667
MAPPO strict 1+5 (stitched 100M),0-50M,26188800,1023.0,471313.3125,472309.5625
MAPPO strict 1+5 (stitched 100M),0-50M,26240000,1025.0,473490.34375,472147.9270833333
MAPPO strict 1+5 (stitched 100M),0-50M,26291200,1027.0,471640.125,472970.0
MAPPO strict 1+5 (stitched 100M),0-50M,26342400,1029.0,473779.53125,473838.78125
MAPPO strict 1+5 (stitched 100M),0-50M,26393600,1031.0,476096.6875,474932.6666666667
MAPPO strict 1+5 (stitched 100M),0-50M,26444800,1033.0,474921.78125,476127.59375
MAPPO strict 1+5 (stitched 100M),0-50M,26496000,1035.0,477364.3125,476206.1041666667
MAPPO strict 1+5 (stitched 100M),0-50M,26547200,1037.0,476332.21875,476411.2395833333
MAPPO strict 1+5 (stitched 100M),0-50M,26598400,1039.0,475537.1875,476808.4479166667
MAPPO strict 1+5 (stitched 100M),0-50M,26649600,1041.0,478555.9375,477226.8333333333
MAPPO strict 1+5 (stitched 100M),0-50M,26700800,1043.0,477587.375,477639.375
MAPPO strict 1+5 (stitched 100M),0-50M,26752000,1045.0,476774.8125,476850.5
MAPPO strict 1+5 (stitched 100M),0-50M,26803200,1047.0,476189.3125,476303.6666666667
MAPPO strict 1+5 (stitched 100M),0-50M,26854400,1049.0,475946.875,475108.6875
MAPPO strict 1+5 (stitched 100M),0-50M,26905600,1051.0,473189.875,473325.7708333333
MAPPO strict 1+5 (stitched 100M),0-50M,26956800,1053.0,470840.5625,473074.84375
MAPPO strict 1+5 (stitched 100M),0-50M,27008000,1055.0,475194.09375,473631.8541666667
MAPPO strict 1+5 (stitched 100M),0-50M,27059200,1057.0,474860.90625,474627.7916666667
MAPPO strict 1+5 (stitched 100M),0-50M,27110400,1059.0,473828.375,474127.5833333333
MAPPO strict 1+5 (stitched 100M),0-50M,27161600,1061.0,473693.46875,474475.0833333333
MAPPO strict 1+5 (stitched 100M),0-50M,27212800,1063.0,475903.40625,473908.6354166667
MAPPO strict 1+5 (stitched 100M),0-50M,27264000,1065.0,472129.03125,474853.9479166667
MAPPO strict 1+5 (stitched 100M),0-50M,27315200,1067.0,476529.40625,474702.3645833333
MAPPO strict 1+5 (stitched 100M),0-50M,27366400,1069.0,475448.65625,475568.75
MAPPO strict 1+5 (stitched 100M),0-50M,27417600,1071.0,474728.1875,474944.9166666667
MAPPO strict 1+5 (stitched 100M),0-50M,27468800,1073.0,474657.90625,474767.28125
MAPPO strict 1+5 (stitched 100M),0-50M,27520000,1075.0,474915.75,476134.6458333333
MAPPO strict 1+5 (stitched 100M),0-50M,27571200,1077.0,478830.28125,477056.3854166667
MAPPO strict 1+5 (stitched 100M),0-50M,27622400,1079.0,477423.125,476869.75
MAPPO strict 1+5 (stitched 100M),0-50M,27673600,1081.0,474355.84375,474243.0104166667
MAPPO strict 1+5 (stitched 100M),0-50M,27724800,1083.0,470950.0625,473482.625
MAPPO strict 1+5 (stitched 100M),0-50M,27776000,1085.0,475141.96875,474075.5729166667
MAPPO strict 1+5 (stitched 100M),0-50M,27827200,1087.0,476134.6875,476192.0729166667
MAPPO strict 1+5 (stitched 100M),0-50M,27878400,1089.0,477299.5625,476284.7395833333
MAPPO strict 1+5 (stitched 100M),0-50M,27929600,1091.0,475419.96875,475881.6041666667
MAPPO strict 1+5 (stitched 100M),0-50M,27980800,1093.0,474925.28125,474487.2083333333
MAPPO strict 1+5 (stitched 100M),0-50M,28032000,1095.0,473116.375,474237.5833333333
MAPPO strict 1+5 (stitched 100M),0-50M,28083200,1097.0,474671.09375,473734.2604166667
MAPPO strict 1+5 (stitched 100M),0-50M,28134400,1099.0,473415.3125,474293.1354166667
MAPPO strict 1+5 (stitched 100M),0-50M,28185600,1101.0,474793.0,474090.1458333333
MAPPO strict 1+5 (stitched 100M),0-50M,28236800,1103.0,474062.125,474558.9479166667
MAPPO strict 1+5 (stitched 100M),0-50M,28288000,1105.0,474821.71875,472960.6875
MAPPO strict 1+5 (stitched 100M),0-50M,28339200,1107.0,469998.21875,472597.0
MAPPO strict 1+5 (stitched 100M),0-50M,28390400,1109.0,472971.0625,472604.78125
MAPPO strict 1+5 (stitched 100M),0-50M,28441600,1111.0,474845.0625,474550.4791666667
MAPPO strict 1+5 (stitched 100M),0-50M,28492800,1113.0,475835.3125,474499.4375
MAPPO strict 1+5 (stitched 100M),0-50M,28544000,1115.0,472817.9375,473770.0104166667
MAPPO strict 1+5 (stitched 100M),0-50M,28595200,1117.0,472656.78125,470528.6770833333
MAPPO strict 1+5 (stitched 100M),0-50M,28646400,1119.0,466111.3125,468842.5833333333
MAPPO strict 1+5 (stitched 100M),0-50M,28697600,1121.0,467759.65625,466816.03125
MAPPO strict 1+5 (stitched 100M),0-50M,28748800,1123.0,466577.125,467121.9479166667
MAPPO strict 1+5 (stitched 100M),0-50M,28800000,1125.0,467029.0625,466056.5729166667
MAPPO strict 1+5 (stitched 100M),0-50M,28851200,1127.0,464563.53125,466227.7604166667
MAPPO strict 1+5 (stitched 100M),0-50M,28902400,1129.0,467090.6875,467315.9479166667
MAPPO strict 1+5 (stitched 100M),0-50M,28953600,1131.0,470293.625,469866.1979166667
MAPPO strict 1+5 (stitched 100M),0-50M,29004800,1133.0,472214.28125,471229.5833333333
MAPPO strict 1+5 (stitched 100M),0-50M,29056000,1135.0,471180.84375,471443.7395833333
MAPPO strict 1+5 (stitched 100M),0-50M,29107200,1137.0,470936.09375,471904.7083333333
MAPPO strict 1+5 (stitched 100M),0-50M,29158400,1139.0,473597.1875,472060.09375
MAPPO strict 1+5 (stitched 100M),0-50M,29209600,1141.0,471647.0,472894.28125
MAPPO strict 1+5 (stitched 100M),0-50M,29260800,1143.0,473438.65625,471990.8020833333
MAPPO strict 1+5 (stitched 100M),0-50M,29312000,1145.0,470886.75,471873.09375
MAPPO strict 1+5 (stitched 100M),0-50M,29363200,1147.0,471293.875,471840.5520833333
MAPPO strict 1+5 (stitched 100M),0-50M,29414400,1149.0,473341.03125,471929.4375
MAPPO strict 1+5 (stitched 100M),0-50M,29465600,1151.0,471153.40625,472183.5
MAPPO strict 1+5 (stitched 100M),0-50M,29516800,1153.0,472056.0625,472066.6354166667
MAPPO strict 1+5 (stitched 100M),0-50M,29568000,1155.0,472990.4375,473403.0833333333
MAPPO strict 1+5 (stitched 100M),0-50M,29619200,1157.0,475162.75,474133.6041666667
MAPPO strict 1+5 (stitched 100M),0-50M,29670400,1159.0,474247.625,474141.1458333333
MAPPO strict 1+5 (stitched 100M),0-50M,29721600,1161.0,473013.0625,474016.8645833333
MAPPO strict 1+5 (stitched 100M),0-50M,29772800,1163.0,474789.90625,472740.7708333333
MAPPO strict 1+5 (stitched 100M),0-50M,29824000,1165.0,470419.34375,474166.0416666667
MAPPO strict 1+5 (stitched 100M),0-50M,29875200,1167.0,477288.875,473900.71875
MAPPO strict 1+5 (stitched 100M),0-50M,29926400,1169.0,473993.9375,476255.0208333333
MAPPO strict 1+5 (stitched 100M),0-50M,29977600,1171.0,477482.25,476197.4791666667
MAPPO strict 1+5 (stitched 100M),0-50M,30028800,1173.0,477116.25,478047.15625
MAPPO strict 1+5 (stitched 100M),0-50M,30080000,1175.0,479542.96875,478532.375
MAPPO strict 1+5 (stitched 100M),0-50M,30131200,1177.0,478937.90625,479496.1041666667
MAPPO strict 1+5 (stitched 100M),0-50M,30182400,1179.0,480007.4375,479498.9895833333
MAPPO strict 1+5 (stitched 100M),0-50M,30233600,1181.0,479551.625,479307.15625
MAPPO strict 1+5 (stitched 100M),0-50M,30284800,1183.0,478362.40625,478217.34375
MAPPO strict 1+5 (stitched 100M),0-50M,30336000,1185.0,476738.0,477317.1145833333
MAPPO strict 1+5 (stitched 100M),0-50M,30387200,1187.0,476850.9375,476891.59375
MAPPO strict 1+5 (stitched 100M),0-50M,30438400,1189.0,477085.84375,476943.625
MAPPO strict 1+5 (stitched 100M),0-50M,30489600,1191.0,476894.09375,476815.90625
MAPPO strict 1+5 (stitched 100M),0-50M,30540800,1193.0,476467.78125,476829.5416666667
MAPPO strict 1+5 (stitched 100M),0-50M,30592000,1195.0,477126.75,476605.2395833333
MAPPO strict 1+5 (stitched 100M),0-50M,30643200,1197.0,476221.1875,476068.0208333333
MAPPO strict 1+5 (stitched 100M),0-50M,30694400,1199.0,474856.125,476090.125
MAPPO strict 1+5 (stitched 100M),0-50M,30745600,1201.0,477193.0625,476119.4791666667
MAPPO strict 1+5 (stitched 100M),0-50M,30796800,1203.0,476309.25,477858.3020833333
MAPPO strict 1+5 (stitched 100M),0-50M,30848000,1205.0,480072.59375,477894.7604166667
MAPPO strict 1+5 (stitched 100M),0-50M,30899200,1207.0,477302.4375,478050.84375
MAPPO strict 1+5 (stitched 100M),0-50M,30950400,1209.0,476777.5,478731.1354166667
MAPPO strict 1+5 (stitched 100M),0-50M,31001600,1211.0,482113.46875,479942.65625
MAPPO strict 1+5 (stitched 100M),0-50M,31052800,1213.0,480937.0,481598.5729166667
MAPPO strict 1+5 (stitched 100M),0-50M,31104000,1215.0,481745.25,482006.7708333333
MAPPO strict 1+5 (stitched 100M),0-50M,31155200,1217.0,483338.0625,483113.5520833333
MAPPO strict 1+5 (stitched 100M),0-50M,31206400,1219.0,484257.34375,484081.78125
MAPPO strict 1+5 (stitched 100M),0-50M,31257600,1221.0,484649.9375,484768.65625
MAPPO strict 1+5 (stitched 100M),0-50M,31308800,1223.0,485398.6875,484043.25
MAPPO strict 1+5 (stitched 100M),0-50M,31360000,1225.0,482081.125,482027.3854166667
MAPPO strict 1+5 (stitched 100M),0-50M,31411200,1227.0,478602.34375,479537.7083333333
MAPPO strict 1+5 (stitched 100M),0-50M,31462400,1229.0,477929.65625,478410.09375
MAPPO strict 1+5 (stitched 100M),0-50M,31513600,1231.0,478698.28125,478140.2708333333
MAPPO strict 1+5 (stitched 100M),0-50M,31564800,1233.0,477792.875,478047.7916666667
MAPPO strict 1+5 (stitched 100M),0-50M,31616000,1235.0,477652.21875,478262.8854166667
MAPPO strict 1+5 (stitched 100M),0-50M,31667200,1237.0,479343.5625,479073.8020833333
MAPPO strict 1+5 (stitched 100M),0-50M,31718400,1239.0,480225.625,480982.9166666667
MAPPO strict 1+5 (stitched 100M),0-50M,31769600,1241.0,483379.5625,481574.71875
MAPPO strict 1+5 (stitched 100M),0-50M,31820800,1243.0,481118.96875,482749.75
MAPPO strict 1+5 (stitched 100M),0-50M,31872000,1245.0,483750.71875,482593.8854166667
MAPPO strict 1+5 (stitched 100M),0-50M,31923200,1247.0,482911.96875,482746.1770833333
MAPPO strict 1+5 (stitched 100M),0-50M,31974400,1249.0,481575.84375,481249.90625
MAPPO strict 1+5 (stitched 100M),0-50M,32025600,1251.0,479261.90625,478991.6041666667
MAPPO strict 1+5 (stitched 100M),0-50M,32076800,1253.0,476137.0625,476930.3541666667
MAPPO strict 1+5 (stitched 100M),0-50M,32128000,1255.0,475392.09375,475576.625
MAPPO strict 1+5 (stitched 100M),0-50M,32179200,1257.0,475200.71875,475135.3645833333
MAPPO strict 1+5 (stitched 100M),0-50M,32230400,1259.0,474813.28125,474993.8541666667
MAPPO strict 1+5 (stitched 100M),0-50M,32281600,1261.0,474967.5625,475541.7604166667
MAPPO strict 1+5 (stitched 100M),0-50M,32332800,1263.0,476844.4375,475980.3125
MAPPO strict 1+5 (stitched 100M),0-50M,32384000,1265.0,476128.9375,475463.84375
MAPPO strict 1+5 (stitched 100M),0-50M,32435200,1267.0,473418.15625,474648.7916666667
MAPPO strict 1+5 (stitched 100M),0-50M,32486400,1269.0,474399.28125,473991.5625
MAPPO strict 1+5 (stitched 100M),0-50M,32537600,1271.0,474157.25,474561.7395833333
MAPPO strict 1+5 (stitched 100M),0-50M,32588800,1273.0,475128.6875,474159.8125
MAPPO strict 1+5 (stitched 100M),0-50M,32640000,1275.0,473193.5,474176.1770833333
MAPPO strict 1+5 (stitched 100M),0-50M,32691200,1277.0,474206.34375,473628.8958333333
MAPPO strict 1+5 (stitched 100M),0-50M,32742400,1279.0,473486.84375,474399.3958333333
MAPPO strict 1+5 (stitched 100M),0-50M,32793600,1281.0,475505.0,475380.375
MAPPO strict 1+5 (stitched 100M),0-50M,32844800,1283.0,477149.28125,475868.59375
MAPPO strict 1+5 (stitched 100M),0-50M,32896000,1285.0,474951.5,476082.6875
MAPPO strict 1+5 (stitched 100M),0-50M,32947200,1287.0,476147.28125,475032.0625
MAPPO strict 1+5 (stitched 100M),0-50M,32998400,1289.0,473997.40625,475281.0
MAPPO strict 1+5 (stitched 100M),0-50M,33049600,1291.0,475698.3125,475521.1041666667
MAPPO strict 1+5 (stitched 100M),0-50M,33100800,1293.0,476867.59375,476557.3229166667
MAPPO strict 1+5 (stitched 100M),0-50M,33152000,1295.0,477106.0625,476897.5729166667
MAPPO strict 1+5 (stitched 100M),0-50M,33203200,1297.0,476719.0625,477012.3645833333
MAPPO strict 1+5 (stitched 100M),0-50M,33254400,1299.0,477211.96875,476994.8645833333
MAPPO strict 1+5 (stitched 100M),0-50M,33305600,1301.0,477053.5625,477190.4583333333
MAPPO strict 1+5 (stitched 100M),0-50M,33356800,1303.0,477305.84375,477652.40625
MAPPO strict 1+5 (stitched 100M),0-50M,33408000,1305.0,478597.8125,478468.1458333333
MAPPO strict 1+5 (stitched 100M),0-50M,33459200,1307.0,479500.78125,479346.2604166667
MAPPO strict 1+5 (stitched 100M),0-50M,33510400,1309.0,479940.1875,480384.3645833333
MAPPO strict 1+5 (stitched 100M),0-50M,33561600,1311.0,481712.125,481134.6145833333
MAPPO strict 1+5 (stitched 100M),0-50M,33612800,1313.0,481751.53125,481456.8020833333
MAPPO strict 1+5 (stitched 100M),0-50M,33664000,1315.0,480906.75,481298.0729166667
MAPPO strict 1+5 (stitched 100M),0-50M,33715200,1317.0,481235.9375,481184.5520833333
MAPPO strict 1+5 (stitched 100M),0-50M,33766400,1319.0,481410.96875,480805.15625
MAPPO strict 1+5 (stitched 100M),0-50M,33817600,1321.0,479768.5625,480096.125
MAPPO strict 1+5 (stitched 100M),0-50M,33868800,1323.0,479108.84375,479756.125
MAPPO strict 1+5 (stitched 100M),0-50M,33920000,1325.0,480390.96875,480558.5625
MAPPO strict 1+5 (stitched 100M),0-50M,33971200,1327.0,482175.875,480464.6458333333
MAPPO strict 1+5 (stitched 100M),0-50M,34022400,1329.0,478827.09375,479674.90625
MAPPO strict 1+5 (stitched 100M),0-50M,34073600,1331.0,478021.75,478513.09375
MAPPO strict 1+5 (stitched 100M),0-50M,34124800,1333.0,478690.4375,478067.46875
MAPPO strict 1+5 (stitched 100M),0-50M,34176000,1335.0,477490.21875,477203.4895833333
MAPPO strict 1+5 (stitched 100M),0-50M,34227200,1337.0,475429.8125,477228.1041666667
MAPPO strict 1+5 (stitched 100M),0-50M,34278400,1339.0,478764.28125,477468.96875
MAPPO strict 1+5 (stitched 100M),0-50M,34329600,1341.0,478212.8125,478380.1979166667
MAPPO strict 1+5 (stitched 100M),0-50M,34380800,1343.0,478163.5,478671.75
MAPPO strict 1+5 (stitched 100M),0-50M,34432000,1345.0,479638.9375,479264.0104166667
MAPPO strict 1+5 (stitched 100M),0-50M,34483200,1347.0,479989.59375,480546.625
MAPPO strict 1+5 (stitched 100M),0-50M,34534400,1349.0,482011.34375,480404.5104166667
MAPPO strict 1+5 (stitched 100M),0-50M,34585600,1351.0,479212.59375,480048.6145833333
MAPPO strict 1+5 (stitched 100M),0-50M,34636800,1353.0,478921.90625,479577.8541666667
MAPPO strict 1+5 (stitched 100M),0-50M,34688000,1355.0,480599.0625,479736.0104166667
MAPPO strict 1+5 (stitched 100M),0-50M,34739200,1357.0,479687.0625,480658.5520833333
MAPPO strict 1+5 (stitched 100M),0-50M,34790400,1359.0,481689.53125,481161.7291666667
MAPPO strict 1+5 (stitched 100M),0-50M,34841600,1361.0,482108.59375,481640.875
MAPPO strict 1+5 (stitched 100M),0-50M,34892800,1363.0,481124.5,480837.84375
MAPPO strict 1+5 (stitched 100M),0-50M,34944000,1365.0,479280.4375,480498.2291666667
MAPPO strict 1+5 (stitched 100M),0-50M,34995200,1367.0,481089.75,480420.1770833333
MAPPO strict 1+5 (stitched 100M),0-50M,35046400,1369.0,480890.34375,481349.03125
MAPPO strict 1+5 (stitched 100M),0-50M,35097600,1371.0,482067.0,481973.2395833333
MAPPO strict 1+5 (stitched 100M),0-50M,35148800,1373.0,482962.375,481875.8333333333
MAPPO strict 1+5 (stitched 100M),0-50M,35200000,1375.0,480598.125,481647.6041666667
MAPPO strict 1+5 (stitched 100M),0-50M,35251200,1377.0,481382.3125,480858.4166666667
MAPPO strict 1+5 (stitched 100M),0-50M,35302400,1379.0,480594.8125,481732.625
MAPPO strict 1+5 (stitched 100M),0-50M,35353600,1381.0,483220.75,481457.3854166667
MAPPO strict 1+5 (stitched 100M),0-50M,35404800,1383.0,480556.59375,481735.78125
MAPPO strict 1+5 (stitched 100M),0-50M,35456000,1385.0,481430.0,480825.7395833333
MAPPO strict 1+5 (stitched 100M),0-50M,35507200,1387.0,480490.625,481122.4375
MAPPO strict 1+5 (stitched 100M),0-50M,35558400,1389.0,481446.6875,480626.1979166667
MAPPO strict 1+5 (stitched 100M),0-50M,35609600,1391.0,479941.28125,480946.625
MAPPO strict 1+5 (stitched 100M),0-50M,35660800,1393.0,481451.90625,481061.0416666667
MAPPO strict 1+5 (stitched 100M),0-50M,35712000,1395.0,481789.9375,481039.53125
MAPPO strict 1+5 (stitched 100M),0-50M,35763200,1397.0,479876.75,481050.21875
MAPPO strict 1+5 (stitched 100M),0-50M,35814400,1399.0,481483.96875,480828.5208333333
MAPPO strict 1+5 (stitched 100M),0-50M,35865600,1401.0,481124.84375,481925.5104166667
MAPPO strict 1+5 (stitched 100M),0-50M,35916800,1403.0,483167.71875,482025.6979166667
MAPPO strict 1+5 (stitched 100M),0-50M,35968000,1405.0,481784.53125,481845.0208333333
MAPPO strict 1+5 (stitched 100M),0-50M,36019200,1407.0,480582.8125,480725.2083333333
MAPPO strict 1+5 (stitched 100M),0-50M,36070400,1409.0,479808.28125,479756.15625
MAPPO strict 1+5 (stitched 100M),0-50M,36121600,1411.0,478877.375,479465.8020833333
MAPPO strict 1+5 (stitched 100M),0-50M,36172800,1413.0,479711.75,479696.1458333333
MAPPO strict 1+5 (stitched 100M),0-50M,36224000,1415.0,480499.3125,481029.9166666667
MAPPO strict 1+5 (stitched 100M),0-50M,36275200,1417.0,482878.6875,481810.1979166667
MAPPO strict 1+5 (stitched 100M),0-50M,36326400,1419.0,482052.59375,482215.7916666667
MAPPO strict 1+5 (stitched 100M),0-50M,36377600,1421.0,481716.09375,481644.4895833333
MAPPO strict 1+5 (stitched 100M),0-50M,36428800,1423.0,481164.78125,481198.8958333333
MAPPO strict 1+5 (stitched 100M),0-50M,36480000,1425.0,480715.8125,480514.8958333333
MAPPO strict 1+5 (stitched 100M),0-50M,36531200,1427.0,479664.09375,480221.4375
MAPPO strict 1+5 (stitched 100M),0-50M,36582400,1429.0,480284.40625,480247.0729166667
MAPPO strict 1+5 (stitched 100M),0-50M,36633600,1431.0,480792.71875,480264.9479166667
MAPPO strict 1+5 (stitched 100M),0-50M,36684800,1433.0,479717.71875,481106.3958333333
MAPPO strict 1+5 (stitched 100M),0-50M,36736000,1435.0,482808.75,481485.3541666667
MAPPO strict 1+5 (stitched 100M),0-50M,36787200,1437.0,481929.59375,482043.5833333333
MAPPO strict 1+5 (stitched 100M),0-50M,36838400,1439.0,481392.40625,481643.46875
MAPPO strict 1+5 (stitched 100M),0-50M,36889600,1441.0,481608.40625,482097.5625
MAPPO strict 1+5 (stitched 100M),0-50M,36940800,1443.0,483291.875,483215.4895833333
MAPPO strict 1+5 (stitched 100M),0-50M,36992000,1445.0,484746.1875,484831.15625
MAPPO strict 1+5 (stitched 100M),0-50M,37043200,1447.0,486455.40625,485791.1458333333
MAPPO strict 1+5 (stitched 100M),0-50M,37094400,1449.0,486171.84375,485960.8958333333
MAPPO strict 1+5 (stitched 100M),0-50M,37145600,1451.0,485255.4375,484971.8958333333
MAPPO strict 1+5 (stitched 100M),0-50M,37196800,1453.0,483488.40625,482692.4895833333
MAPPO strict 1+5 (stitched 100M),0-50M,37248000,1455.0,479333.625,481225.7291666667
MAPPO strict 1+5 (stitched 100M),0-50M,37299200,1457.0,480855.15625,479880.6041666667
MAPPO strict 1+5 (stitched 100M),0-50M,37350400,1459.0,479453.03125,480887.7916666667
MAPPO strict 1+5 (stitched 100M),0-50M,37401600,1461.0,482355.1875,481829.8958333333
MAPPO strict 1+5 (stitched 100M),0-50M,37452800,1463.0,483681.46875,483907.25
MAPPO strict 1+5 (stitched 100M),0-50M,37504000,1465.0,485685.09375,485615.5520833333
MAPPO strict 1+5 (stitched 100M),0-50M,37555200,1467.0,487480.09375,486588.5833333333
MAPPO strict 1+5 (stitched 100M),0-50M,37606400,1469.0,486600.5625,486600.03125
MAPPO strict 1+5 (stitched 100M),0-50M,37657600,1471.0,485719.4375,485577.46875
MAPPO strict 1+5 (stitched 100M),0-50M,37708800,1473.0,484412.40625,484969.7395833333
MAPPO strict 1+5 (stitched 100M),0-50M,37760000,1475.0,484777.375,484047.46875
MAPPO strict 1+5 (stitched 100M),0-50M,37811200,1477.0,482952.625,484156.65625
MAPPO strict 1+5 (stitched 100M),0-50M,37862400,1479.0,484739.96875,484390.5729166667
MAPPO strict 1+5 (stitched 100M),0-50M,37913600,1481.0,485479.125,485223.4375
MAPPO strict 1+5 (stitched 100M),0-50M,37964800,1483.0,485451.21875,484407.46875
MAPPO strict 1+5 (stitched 100M),0-50M,38016000,1485.0,482292.0625,483999.84375
MAPPO strict 1+5 (stitched 100M),0-50M,38067200,1487.0,484256.25,483340.8333333333
MAPPO strict 1+5 (stitched 100M),0-50M,38118400,1489.0,483474.1875,484653.46875
MAPPO strict 1+5 (stitched 100M),0-50M,38169600,1491.0,486229.96875,485200.8645833333
MAPPO strict 1+5 (stitched 100M),0-50M,38220800,1493.0,485898.4375,486287.4895833333
MAPPO strict 1+5 (stitched 100M),0-50M,38272000,1495.0,486734.0625,485782.5520833333
MAPPO strict 1+5 (stitched 100M),0-50M,38323200,1497.0,484715.15625,484626.46875
MAPPO strict 1+5 (stitched 100M),0-50M,38374400,1499.0,482430.1875,483675.09375
MAPPO strict 1+5 (stitched 100M),0-50M,38425600,1501.0,483879.9375,483607.6458333333
MAPPO strict 1+5 (stitched 100M),0-50M,38476800,1503.0,484512.8125,484483.5208333333
MAPPO strict 1+5 (stitched 100M),0-50M,38528000,1505.0,485057.8125,485196.6875
MAPPO strict 1+5 (stitched 100M),0-50M,38579200,1507.0,486019.4375,485472.7291666667
MAPPO strict 1+5 (stitched 100M),0-50M,38630400,1509.0,485340.9375,486156.6666666667
MAPPO strict 1+5 (stitched 100M),0-50M,38681600,1511.0,487109.625,487417.3541666667
MAPPO strict 1+5 (stitched 100M),0-50M,38732800,1513.0,489801.5,488288.6770833333
MAPPO strict 1+5 (stitched 100M),0-50M,38784000,1515.0,487954.90625,488727.4791666667
MAPPO strict 1+5 (stitched 100M),0-50M,38835200,1517.0,488426.03125,487985.6770833333
MAPPO strict 1+5 (stitched 100M),0-50M,38886400,1519.0,487576.09375,488262.9375
MAPPO strict 1+5 (stitched 100M),0-50M,38937600,1521.0,488786.6875,487705.0208333333
MAPPO strict 1+5 (stitched 100M),0-50M,38988800,1523.0,486752.28125,487482.84375
MAPPO strict 1+5 (stitched 100M),0-50M,39040000,1525.0,486909.5625,486866.90625
MAPPO strict 1+5 (stitched 100M),0-50M,39091200,1527.0,486938.875,486490.5520833333
MAPPO strict 1+5 (stitched 100M),0-50M,39142400,1529.0,485623.21875,485988.2604166667
MAPPO strict 1+5 (stitched 100M),0-50M,39193600,1531.0,485402.6875,485842.1458333333
MAPPO strict 1+5 (stitched 100M),0-50M,39244800,1533.0,486500.53125,485894.375
MAPPO strict 1+5 (stitched 100M),0-50M,39296000,1535.0,485779.90625,486394.8125
MAPPO strict 1+5 (stitched 100M),0-50M,39347200,1537.0,486904.0,486788.6979166667
MAPPO strict 1+5 (stitched 100M),0-50M,39398400,1539.0,487682.1875,487749.1458333333
MAPPO strict 1+5 (stitched 100M),0-50M,39449600,1541.0,488661.25,488018.3229166667
MAPPO strict 1+5 (stitched 100M),0-50M,39500800,1543.0,487711.53125,488220.7604166667
MAPPO strict 1+5 (stitched 100M),0-50M,39552000,1545.0,488289.5,487154.6458333333
MAPPO strict 1+5 (stitched 100M),0-50M,39603200,1547.0,485462.90625,486305.7083333333
MAPPO strict 1+5 (stitched 100M),0-50M,39654400,1549.0,485164.71875,485654.2291666667
MAPPO strict 1+5 (stitched 100M),0-50M,39705600,1551.0,486335.0625,485518.3333333333
MAPPO strict 1+5 (stitched 100M),0-50M,39756800,1553.0,485055.21875,486369.28125
MAPPO strict 1+5 (stitched 100M),0-50M,39808000,1555.0,487717.5625,486392.5520833333
MAPPO strict 1+5 (stitched 100M),0-50M,39859200,1557.0,486404.875,487190.9895833333
MAPPO strict 1+5 (stitched 100M),0-50M,39910400,1559.0,487450.53125,486460.5625
MAPPO strict 1+5 (stitched 100M),0-50M,39961600,1561.0,485526.28125,485567.8229166667
MAPPO strict 1+5 (stitched 100M),0-50M,40012800,1563.0,483726.65625,484524.8229166667
MAPPO strict 1+5 (stitched 100M),0-50M,40064000,1565.0,484321.53125,483823.0208333333
MAPPO strict 1+5 (stitched 100M),0-50M,40115200,1567.0,483420.875,483724.25
MAPPO strict 1+5 (stitched 100M),0-50M,40166400,1569.0,483430.34375,482904.4375
MAPPO strict 1+5 (stitched 100M),0-50M,40217600,1571.0,481862.09375,482202.2708333333
MAPPO strict 1+5 (stitched 100M),0-50M,40268800,1573.0,481314.375,482168.1145833333
MAPPO strict 1+5 (stitched 100M),0-50M,40320000,1575.0,483327.875,482695.8645833333
MAPPO strict 1+5 (stitched 100M),0-50M,40371200,1577.0,483445.34375,482885.8541666667
MAPPO strict 1+5 (stitched 100M),0-50M,40422400,1579.0,481884.34375,483041.0416666667
MAPPO strict 1+5 (stitched 100M),0-50M,40473600,1581.0,483793.4375,483196.3020833333
MAPPO strict 1+5 (stitched 100M),0-50M,40524800,1583.0,483911.125,483470.5625
MAPPO strict 1+5 (stitched 100M),0-50M,40576000,1585.0,482707.125,483343.3333333333
MAPPO strict 1+5 (stitched 100M),0-50M,40627200,1587.0,483411.75,483049.28125
MAPPO strict 1+5 (stitched 100M),0-50M,40678400,1589.0,483028.96875,483179.3020833333
MAPPO strict 1+5 (stitched 100M),0-50M,40729600,1591.0,483097.1875,484071.375
MAPPO strict 1+5 (stitched 100M),0-50M,40780800,1593.0,486087.96875,484556.7291666667
MAPPO strict 1+5 (stitched 100M),0-50M,40832000,1595.0,484485.03125,485097.0833333333
MAPPO strict 1+5 (stitched 100M),0-50M,40883200,1597.0,484718.25,484644.3125
MAPPO strict 1+5 (stitched 100M),0-50M,40934400,1599.0,484729.65625,484468.6041666667
MAPPO strict 1+5 (stitched 100M),0-50M,40985600,1601.0,483957.90625,483199.8020833333
MAPPO strict 1+5 (stitched 100M),0-50M,41036800,1603.0,480911.84375,482259.1041666667
MAPPO strict 1+5 (stitched 100M),0-50M,41088000,1605.0,481907.5625,481744.2083333333
MAPPO strict 1+5 (stitched 100M),0-50M,41139200,1607.0,482413.21875,482713.5
MAPPO strict 1+5 (stitched 100M),0-50M,41190400,1609.0,483819.71875,483792.6041666667
MAPPO strict 1+5 (stitched 100M),0-50M,41241600,1611.0,485144.875,485215.3333333333
MAPPO strict 1+5 (stitched 100M),0-50M,41292800,1613.0,486681.40625,486088.1041666667
MAPPO strict 1+5 (stitched 100M),0-50M,41344000,1615.0,486438.03125,486369.1041666667
MAPPO strict 1+5 (stitched 100M),0-50M,41395200,1617.0,485987.875,486086.5833333333
MAPPO strict 1+5 (stitched 100M),0-50M,41446400,1619.0,485833.84375,485863.90625
MAPPO strict 1+5 (stitched 100M),0-50M,41497600,1621.0,485770.0,485763.0416666667
MAPPO strict 1+5 (stitched 100M),0-50M,41548800,1623.0,485685.28125,485495.375
MAPPO strict 1+5 (stitched 100M),0-50M,41600000,1625.0,485030.84375,485149.71875
MAPPO strict 1+5 (stitched 100M),0-50M,41651200,1627.0,484733.03125,484977.3020833333
MAPPO strict 1+5 (stitched 100M),0-50M,41702400,1629.0,485168.03125,485491.4270833333
MAPPO strict 1+5 (stitched 100M),0-50M,41753600,1631.0,486573.21875,485967.0520833333
MAPPO strict 1+5 (stitched 100M),0-50M,41804800,1633.0,486159.90625,486206.09375
MAPPO strict 1+5 (stitched 100M),0-50M,41856000,1635.0,485885.15625,486251.0729166667
MAPPO strict 1+5 (stitched 100M),0-50M,41907200,1637.0,486708.15625,486766.7291666667
MAPPO strict 1+5 (stitched 100M),0-50M,41958400,1639.0,487706.875,488091.0520833333
MAPPO strict 1+5 (stitched 100M),0-50M,42009600,1641.0,489858.125,489378.2604166667
MAPPO strict 1+5 (stitched 100M),0-50M,42060800,1643.0,490569.78125,489670.9479166667
MAPPO strict 1+5 (stitched 100M),0-50M,42112000,1645.0,488584.9375,489910.3333333333
MAPPO strict 1+5 (stitched 100M),0-50M,42163200,1647.0,490576.28125,489380.5625
MAPPO strict 1+5 (stitched 100M),0-50M,42214400,1649.0,488980.46875,489143.7604166667
MAPPO strict 1+5 (stitched 100M),0-50M,42265600,1651.0,487874.53125,487983.375
MAPPO strict 1+5 (stitched 100M),0-50M,42316800,1653.0,487095.125,487023.875
MAPPO strict 1+5 (stitched 100M),0-50M,42368000,1655.0,486101.96875,487543.9375
MAPPO strict 1+5 (stitched 100M),0-50M,42419200,1657.0,489434.71875,487073.5520833333
MAPPO strict 1+5 (stitched 100M),0-50M,42470400,1659.0,485683.96875,488112.6145833333
MAPPO strict 1+5 (stitched 100M),0-50M,42521600,1661.0,489219.15625,488640.1041666667
MAPPO strict 1+5 (stitched 100M),0-50M,42572800,1663.0,491017.1875,490561.9583333333
MAPPO strict 1+5 (stitched 100M),0-50M,42624000,1665.0,491449.53125,490731.3541666667
MAPPO strict 1+5 (stitched 100M),0-50M,42675200,1667.0,489727.34375,490859.6354166667
MAPPO strict 1+5 (stitched 100M),0-50M,42726400,1669.0,491402.03125,491000.3020833333
MAPPO strict 1+5 (stitched 100M),0-50M,42777600,1671.0,491871.53125,491464.9583333333
MAPPO strict 1+5 (stitched 100M),0-50M,42828800,1673.0,491121.3125,490905.625
MAPPO strict 1+5 (stitched 100M),0-50M,42880000,1675.0,489724.03125,489687.4479166667
MAPPO strict 1+5 (stitched 100M),0-50M,42931200,1677.0,488217.0,488354.2291666667
MAPPO strict 1+5 (stitched 100M),0-50M,42982400,1679.0,487121.65625,487046.9375
MAPPO strict 1+5 (stitched 100M),0-50M,43033600,1681.0,485802.15625,485913.15625
MAPPO strict 1+5 (stitched 100M),0-50M,43084800,1683.0,484815.65625,485457.6145833333
MAPPO strict 1+5 (stitched 100M),0-50M,43136000,1685.0,485755.03125,485852.9583333333
MAPPO strict 1+5 (stitched 100M),0-50M,43187200,1687.0,486988.1875,487354.875
MAPPO strict 1+5 (stitched 100M),0-50M,43238400,1689.0,489321.40625,489101.2604166667
MAPPO strict 1+5 (stitched 100M),0-50M,43289600,1691.0,490994.1875,490019.1666666667
MAPPO strict 1+5 (stitched 100M),0-50M,43340800,1693.0,489741.90625,489781.9583333333
MAPPO strict 1+5 (stitched 100M),0-50M,43392000,1695.0,488609.78125,488739.6875
MAPPO strict 1+5 (stitched 100M),0-50M,43443200,1697.0,487867.375,488846.75
MAPPO strict 1+5 (stitched 100M),0-50M,43494400,1699.0,490063.09375,489282.84375
MAPPO strict 1+5 (stitched 100M),0-50M,43545600,1701.0,489918.0625,489626.875
MAPPO strict 1+5 (stitched 100M),0-50M,43596800,1703.0,488899.46875,489290.1354166667
MAPPO strict 1+5 (stitched 100M),0-50M,43648000,1705.0,489052.875,488204.5625
MAPPO strict 1+5 (stitched 100M),0-50M,43699200,1707.0,486661.34375,487179.5625
MAPPO strict 1+5 (stitched 100M),0-50M,43750400,1709.0,485824.46875,485771.71875
MAPPO strict 1+5 (stitched 100M),0-50M,43801600,1711.0,484829.34375,486240.3125
MAPPO strict 1+5 (stitched 100M),0-50M,43852800,1713.0,488067.125,486850.8541666667
MAPPO strict 1+5 (stitched 100M),0-50M,43904000,1715.0,487656.09375,488578.4166666667
MAPPO strict 1+5 (stitched 100M),0-50M,43955200,1717.0,490012.03125,488581.8020833333
MAPPO strict 1+5 (stitched 100M),0-50M,44006400,1719.0,488077.28125,488831.9166666667
MAPPO strict 1+5 (stitched 100M),0-50M,44057600,1721.0,488406.4375,488367.8541666667
MAPPO strict 1+5 (stitched 100M),0-50M,44108800,1723.0,488619.84375,488284.5
MAPPO strict 1+5 (stitched 100M),0-50M,44160000,1725.0,487827.21875,489045.2708333333
MAPPO strict 1+5 (stitched 100M),0-50M,44211200,1727.0,490688.75,489689.6666666667
MAPPO strict 1+5 (stitched 100M),0-50M,44262400,1729.0,490553.03125,491310.6145833333
MAPPO strict 1+5 (stitched 100M),0-50M,44313600,1731.0,492690.0625,490977.53125
MAPPO strict 1+5 (stitched 100M),0-50M,44364800,1733.0,489689.5,490636.0729166667
MAPPO strict 1+5 (stitched 100M),0-50M,44416000,1735.0,489528.65625,489638.625
MAPPO strict 1+5 (stitched 100M),0-50M,44467200,1737.0,489697.71875,490042.25
MAPPO strict 1+5 (stitched 100M),0-50M,44518400,1739.0,490900.375,490136.5833333333
MAPPO strict 1+5 (stitched 100M),0-50M,44569600,1741.0,489811.65625,490883.6354166667
MAPPO strict 1+5 (stitched 100M),0-50M,44620800,1743.0,491938.875,491537.7604166667
MAPPO strict 1+5 (stitched 100M),0-50M,44672000,1745.0,492862.75,491979.0729166667
MAPPO strict 1+5 (stitched 100M),0-50M,44723200,1747.0,491135.59375,491510.3958333333
MAPPO strict 1+5 (stitched 100M),0-50M,44774400,1749.0,490532.84375,490265.0625
MAPPO strict 1+5 (stitched 100M),0-50M,44825600,1751.0,489126.75,489392.0
MAPPO strict 1+5 (stitched 100M),0-50M,44876800,1753.0,488516.40625,489626.0
MAPPO strict 1+5 (stitched 100M),0-50M,44928000,1755.0,491234.84375,490011.9166666667
MAPPO strict 1+5 (stitched 100M),0-50M,44979200,1757.0,490284.5,490542.625
MAPPO strict 1+5 (stitched 100M),0-50M,45030400,1759.0,490108.53125,490046.8541666667
MAPPO strict 1+5 (stitched 100M),0-50M,45081600,1761.0,489747.53125,490053.0625
MAPPO strict 1+5 (stitched 100M),0-50M,45132800,1763.0,490303.125,490416.7916666667
MAPPO strict 1+5 (stitched 100M),0-50M,45184000,1765.0,491199.71875,490617.3645833333
MAPPO strict 1+5 (stitched 100M),0-50M,45235200,1767.0,490349.25,490972.6875
MAPPO strict 1+5 (stitched 100M),0-50M,45286400,1769.0,491369.09375,490018.6458333333
MAPPO strict 1+5 (stitched 100M),0-50M,45337600,1771.0,488337.59375,490127.4375
MAPPO strict 1+5 (stitched 100M),0-50M,45388800,1773.0,490675.625,489496.4583333333
MAPPO strict 1+5 (stitched 100M),0-50M,45440000,1775.0,489476.15625,489310.15625
MAPPO strict 1+5 (stitched 100M),0-50M,45491200,1777.0,487778.6875,488075.8541666667
MAPPO strict 1+5 (stitched 100M),0-50M,45542400,1779.0,486972.71875,487422.2083333333
MAPPO strict 1+5 (stitched 100M),0-50M,45593600,1781.0,487515.21875,486993.9791666667
MAPPO strict 1+5 (stitched 100M),0-50M,45644800,1783.0,486494.0,487361.0104166667
MAPPO strict 1+5 (stitched 100M),0-50M,45696000,1785.0,488073.8125,487169.0833333333
MAPPO strict 1+5 (stitched 100M),0-50M,45747200,1787.0,486939.4375,486934.75
MAPPO strict 1+5 (stitched 100M),0-50M,45798400,1789.0,485791.0,485277.2708333333
MAPPO strict 1+5 (stitched 100M),0-50M,45849600,1791.0,483101.375,483974.9791666667
MAPPO strict 1+5 (stitched 100M),0-50M,45900800,1793.0,483032.5625,482956.125
MAPPO strict 1+5 (stitched 100M),0-50M,45952000,1795.0,482734.4375,483656.78125
MAPPO strict 1+5 (stitched 100M),0-50M,46003200,1797.0,485203.34375,483894.3020833333
MAPPO strict 1+5 (stitched 100M),0-50M,46054400,1799.0,483745.125,484601.4583333333
MAPPO strict 1+5 (stitched 100M),0-50M,46105600,1801.0,484855.90625,484774.6666666667
MAPPO strict 1+5 (stitched 100M),0-50M,46156800,1803.0,485722.96875,486213.6666666667
MAPPO strict 1+5 (stitched 100M),0-50M,46208000,1805.0,488062.125,486932.4583333333
MAPPO strict 1+5 (stitched 100M),0-50M,46259200,1807.0,487012.28125,488217.6666666667
MAPPO strict 1+5 (stitched 100M),0-50M,46310400,1809.0,489578.59375,488486.1770833333
MAPPO strict 1+5 (stitched 100M),0-50M,46361600,1811.0,488867.65625,488237.3541666667
MAPPO strict 1+5 (stitched 100M),0-50M,46412800,1813.0,486265.8125,488081.3333333333
MAPPO strict 1+5 (stitched 100M),0-50M,46464000,1815.0,489110.53125,487904.5833333333
MAPPO strict 1+5 (stitched 100M),0-50M,46515200,1817.0,488337.40625,487679.3541666667
MAPPO strict 1+5 (stitched 100M),0-50M,46566400,1819.0,485590.125,487803.4375
MAPPO strict 1+5 (stitched 100M),0-50M,46617600,1821.0,489482.78125,487376.3854166667
MAPPO strict 1+5 (stitched 100M),0-50M,46668800,1823.0,487056.25,487737.3333333333
MAPPO strict 1+5 (stitched 100M),0-50M,46720000,1825.0,486672.96875,486778.65625
MAPPO strict 1+5 (stitched 100M),0-50M,46771200,1827.0,486606.75,486868.5104166667
MAPPO strict 1+5 (stitched 100M),0-50M,46822400,1829.0,487325.8125,486672.5625
MAPPO strict 1+5 (stitched 100M),0-50M,46873600,1831.0,486085.125,486658.9375
MAPPO strict 1+5 (stitched 100M),0-50M,46924800,1833.0,486565.875,485938.3645833333
MAPPO strict 1+5 (stitched 100M),0-50M,46976000,1835.0,485164.09375,485599.8125
MAPPO strict 1+5 (stitched 100M),0-50M,47027200,1837.0,485069.46875,485137.875
MAPPO strict 1+5 (stitched 100M),0-50M,47078400,1839.0,485180.0625,485586.1458333333
MAPPO strict 1+5 (stitched 100M),0-50M,47129600,1841.0,486508.90625,487019.78125
MAPPO strict 1+5 (stitched 100M),0-50M,47180800,1843.0,489370.375,487986.6666666667
MAPPO strict 1+5 (stitched 100M),0-50M,47232000,1845.0,488080.71875,488630.5104166667
MAPPO strict 1+5 (stitched 100M),0-50M,47283200,1847.0,488440.4375,487657.4895833333
MAPPO strict 1+5 (stitched 100M),0-50M,47334400,1849.0,486451.3125,486973.0
MAPPO strict 1+5 (stitched 100M),0-50M,47385600,1851.0,486027.25,486651.2083333333
MAPPO strict 1+5 (stitched 100M),0-50M,47436800,1853.0,487475.0625,486354.3854166667
MAPPO strict 1+5 (stitched 100M),0-50M,47488000,1855.0,485560.84375,486405.7916666667
MAPPO strict 1+5 (stitched 100M),0-50M,47539200,1857.0,486181.46875,485306.3958333333
MAPPO strict 1+5 (stitched 100M),0-50M,47590400,1859.0,484176.875,484817.3125
MAPPO strict 1+5 (stitched 100M),0-50M,47641600,1861.0,484093.59375,485194.125
MAPPO strict 1+5 (stitched 100M),0-50M,47692800,1863.0,487311.90625,486783.0104166667
MAPPO strict 1+5 (stitched 100M),0-50M,47744000,1865.0,488943.53125,488384.2395833333
MAPPO strict 1+5 (stitched 100M),0-50M,47795200,1867.0,488897.28125,489139.7395833333
MAPPO strict 1+5 (stitched 100M),0-50M,47846400,1869.0,489578.40625,489626.8125
MAPPO strict 1+5 (stitched 100M),0-50M,47897600,1871.0,490404.75,489322.9375
MAPPO strict 1+5 (stitched 100M),0-50M,47948800,1873.0,487985.65625,489406.90625
MAPPO strict 1+5 (stitched 100M),0-50M,48000000,1875.0,489830.3125,489044.9895833333
MAPPO strict 1+5 (stitched 100M),0-50M,48051200,1877.0,489319.0,488850.8125
MAPPO strict 1+5 (stitched 100M),0-50M,48102400,1879.0,487403.125,488228.0104166667
MAPPO strict 1+5 (stitched 100M),0-50M,48153600,1881.0,487961.90625,487187.875
MAPPO strict 1+5 (stitched 100M),0-50M,48204800,1883.0,486198.59375,486741.125
MAPPO strict 1+5 (stitched 100M),0-50M,48256000,1885.0,486062.875,486138.9791666667
MAPPO strict 1+5 (stitched 100M),0-50M,48307200,1887.0,486155.46875,485353.6354166667
MAPPO strict 1+5 (stitched 100M),0-50M,48358400,1889.0,483842.5625,485060.5416666667
MAPPO strict 1+5 (stitched 100M),0-50M,48409600,1891.0,485183.59375,484206.1145833333
MAPPO strict 1+5 (stitched 100M),0-50M,48460800,1893.0,483592.1875,483882.8020833333
MAPPO strict 1+5 (stitched 100M),0-50M,48512000,1895.0,482872.625,482974.21875
MAPPO strict 1+5 (stitched 100M),0-50M,48563200,1897.0,482457.84375,482587.3229166667
MAPPO strict 1+5 (stitched 100M),0-50M,48614400,1899.0,482431.5,482315.875
MAPPO strict 1+5 (stitched 100M),0-50M,48665600,1901.0,482058.28125,482098.4375
MAPPO strict 1+5 (stitched 100M),0-50M,48716800,1903.0,481805.53125,481702.6875
MAPPO strict 1+5 (stitched 100M),0-50M,48768000,1905.0,481244.25,481403.6041666667
MAPPO strict 1+5 (stitched 100M),0-50M,48819200,1907.0,481161.03125,480970.0729166667
MAPPO strict 1+5 (stitched 100M),0-50M,48870400,1909.0,480504.9375,481021.8645833333
MAPPO strict 1+5 (stitched 100M),0-50M,48921600,1911.0,481399.625,481594.5520833333
MAPPO strict 1+5 (stitched 100M),0-50M,48972800,1913.0,482879.09375,482517.8229166667
MAPPO strict 1+5 (stitched 100M),0-50M,49024000,1915.0,483274.75,483505.1041666667
MAPPO strict 1+5 (stitched 100M),0-50M,49075200,1917.0,484361.46875,484919.7083333333
MAPPO strict 1+5 (stitched 100M),0-50M,49126400,1919.0,487122.90625,486414.40625
MAPPO strict 1+5 (stitched 100M),0-50M,49177600,1921.0,487758.84375,487347.6875
MAPPO strict 1+5 (stitched 100M),0-50M,49228800,1923.0,487161.3125,487310.5520833333
MAPPO strict 1+5 (stitched 100M),0-50M,49280000,1925.0,487011.5,487677.3645833333
MAPPO strict 1+5 (stitched 100M),0-50M,49331200,1927.0,488859.28125,487874.4479166667
MAPPO strict 1+5 (stitched 100M),0-50M,49382400,1929.0,487752.5625,488093.7395833333
MAPPO strict 1+5 (stitched 100M),0-50M,49433600,1931.0,487669.375,488084.6979166667
MAPPO strict 1+5 (stitched 100M),0-50M,49484800,1933.0,488832.15625,488490.15625
MAPPO strict 1+5 (stitched 100M),0-50M,49536000,1935.0,488968.9375,488741.3854166667
MAPPO strict 1+5 (stitched 100M),0-50M,49587200,1937.0,488423.0625,489459.21875
MAPPO strict 1+5 (stitched 100M),0-50M,49638400,1939.0,490985.65625,489590.4375
MAPPO strict 1+5 (stitched 100M),0-50M,49689600,1941.0,489362.59375,490219.0729166667
MAPPO strict 1+5 (stitched 100M),0-50M,49740800,1943.0,490308.96875,490410.40625
MAPPO strict 1+5 (stitched 100M),0-50M,49792000,1945.0,491559.65625,490315.5104166667
MAPPO strict 1+5 (stitched 100M),0-50M,49843200,1947.0,489077.90625,490009.53125
MAPPO strict 1+5 (stitched 100M),0-50M,49894400,1949.0,489391.03125,489467.0104166667
MAPPO strict 1+5 (stitched 100M),0-50M,49945600,1951.0,489932.09375,489573.9270833333
MAPPO strict 1+5 (stitched 100M),0-50M,49996800,1953.0,489398.65625,489192.25
MAPPO strict 1+5 (stitched 100M),50-100M,50025600,1954.125,488246.0,488777.3854166667
MAPPO strict 1+5 (stitched 100M),50-100M,50076800,1956.125,488687.5,488882.5104166667
MAPPO strict 1+5 (stitched 100M),50-100M,50128000,1958.125,489714.03125,489464.8854166667
MAPPO strict 1+5 (stitched 100M),50-100M,50179200,1960.125,489993.125,489510.7916666667
MAPPO strict 1+5 (stitched 100M),50-100M,50230400,1962.125,488825.21875,489881.0208333333
MAPPO strict 1+5 (stitched 100M),50-100M,50281600,1964.125,490824.71875,489791.7916666667
MAPPO strict 1+5 (stitched 100M),50-100M,50332800,1966.125,489725.4375,490247.3125
MAPPO strict 1+5 (stitched 100M),50-100M,50384000,1968.125,490191.78125,490203.84375
MAPPO strict 1+5 (stitched 100M),50-100M,50435200,1970.125,490694.3125,490403.8854166667
MAPPO strict 1+5 (stitched 100M),50-100M,50486400,1972.125,490325.5625,489709.8229166667
MAPPO strict 1+5 (stitched 100M),50-100M,50537600,1974.125,488109.59375,489246.8125
MAPPO strict 1+5 (stitched 100M),50-100M,50588800,1976.125,489305.28125,489150.9479166667
MAPPO strict 1+5 (stitched 100M),50-100M,50640000,1978.125,490037.96875,489378.9375
MAPPO strict 1+5 (stitched 100M),50-100M,50691200,1980.125,488793.5625,489332.6979166667
MAPPO strict 1+5 (stitched 100M),50-100M,50742400,1982.125,489166.5625,488933.0729166667
MAPPO strict 1+5 (stitched 100M),50-100M,50793600,1984.125,488839.09375,489439.6041666667
MAPPO strict 1+5 (stitched 100M),50-100M,50844800,1986.125,490313.15625,489961.5416666667
MAPPO strict 1+5 (stitched 100M),50-100M,50896000,1988.125,490732.375,490673.3854166667
MAPPO strict 1+5 (stitched 100M),50-100M,50947200,1990.125,490974.625,490943.7083333333
MAPPO strict 1+5 (stitched 100M),50-100M,50998400,1992.125,491124.125,491520.3541666667
MAPPO strict 1+5 (stitched 100M),50-100M,51049600,1994.125,492462.3125,492304.3541666667
MAPPO strict 1+5 (stitched 100M),50-100M,51100800,1996.125,493326.625,492748.5104166667
MAPPO strict 1+5 (stitched 100M),50-100M,51152000,1998.125,492456.59375,493011.46875
MAPPO strict 1+5 (stitched 100M),50-100M,51203200,2000.125,493251.1875,492642.90625
MAPPO strict 1+5 (stitched 100M),50-100M,51254400,2002.125,492220.9375,492703.0833333333
MAPPO strict 1+5 (stitched 100M),50-100M,51305600,2004.125,492637.125,492820.84375
MAPPO strict 1+5 (stitched 100M),50-100M,51356800,2006.125,493604.46875,493100.6145833333
MAPPO strict 1+5 (stitched 100M),50-100M,51408000,2008.125,493060.25,493453.2395833333
MAPPO strict 1+5 (stitched 100M),50-100M,51459200,2010.125,493695.0,493043.8333333333
MAPPO strict 1+5 (stitched 100M),50-100M,51510400,2012.125,492376.25,493656.75
MAPPO strict 1+5 (stitched 100M),50-100M,51561600,2014.125,494899.0,493393.0729166667
MAPPO strict 1+5 (stitched 100M),50-100M,51612800,2016.125,492903.96875,493368.625
MAPPO strict 1+5 (stitched 100M),50-100M,51664000,2018.125,492302.90625,492437.5729166667
MAPPO strict 1+5 (stitched 100M),50-100M,51715200,2020.125,492105.84375,492164.2604166667
MAPPO strict 1+5 (stitched 100M),50-100M,51766400,2022.125,492084.03125,491690.2604166667
MAPPO strict 1+5 (stitched 100M),50-100M,51817600,2024.125,490880.90625,490876.2291666667
MAPPO strict 1+5 (stitched 100M),50-100M,51868800,2026.125,489663.75,490154.9166666667
MAPPO strict 1+5 (stitched 100M),50-100M,51920000,2028.125,489920.09375,489620.0416666667
MAPPO strict 1+5 (stitched 100M),50-100M,51971200,2030.125,489276.28125,489551.6979166667
MAPPO strict 1+5 (stitched 100M),50-100M,52022400,2032.125,489458.71875,489563.0416666667
MAPPO strict 1+5 (stitched 100M),50-100M,52073600,2034.125,489954.125,490100.6875
MAPPO strict 1+5 (stitched 100M),50-100M,52124800,2036.125,490889.21875,490911.1875
MAPPO strict 1+5 (stitched 100M),50-100M,52176000,2038.125,491890.21875,491287.4791666667
MAPPO strict 1+5 (stitched 100M),50-100M,52227200,2040.125,491083.0,492130.53125
MAPPO strict 1+5 (stitched 100M),50-100M,52278400,2042.125,493418.375,492455.5416666667
MAPPO strict 1+5 (stitched 100M),50-100M,52329600,2044.125,492865.25,492977.8020833333
MAPPO strict 1+5 (stitched 100M),50-100M,52380800,2046.125,492649.78125,492152.21875
MAPPO strict 1+5 (stitched 100M),50-100M,52432000,2048.125,490941.625,491937.71875
MAPPO strict 1+5 (stitched 100M),50-100M,52483200,2050.125,492221.75,491622.0520833333
MAPPO strict 1+5 (stitched 100M),50-100M,52534400,2052.125,491702.78125,491651.1770833333
MAPPO strict 1+5 (stitched 100M),50-100M,52585600,2054.125,491029.0,491133.1770833333
MAPPO strict 1+5 (stitched 100M),50-100M,52636800,2056.125,490667.75,491695.1875
MAPPO strict 1+5 (stitched 100M),50-100M,52688000,2058.125,493388.8125,491833.7604166667
MAPPO strict 1+5 (stitched 100M),50-100M,52739200,2060.125,491444.71875,491872.40625
MAPPO strict 1+5 (stitched 100M),50-100M,52790400,2062.125,490783.6875,490528.3854166667
MAPPO strict 1+5 (stitched 100M),50-100M,52841600,2064.125,489356.75,489975.1770833333
MAPPO strict 1+5 (stitched 100M),50-100M,52892800,2066.125,489785.09375,489250.0520833333
MAPPO strict 1+5 (stitched 100M),50-100M,52944000,2068.125,488608.3125,489250.0416666667
MAPPO strict 1+5 (stitched 100M),50-100M,52995200,2070.125,489356.71875,489094.8125
MAPPO strict 1+5 (stitched 100M),50-100M,53046400,2072.125,489319.40625,489719.1979166667
MAPPO strict 1+5 (stitched 100M),50-100M,53097600,2074.125,490481.46875,490347.375
MAPPO strict 1+5 (stitched 100M),50-100M,53148800,2076.125,491241.25,490230.59375
MAPPO strict 1+5 (stitched 100M),50-100M,53200000,2078.125,488969.0625,489468.34375
MAPPO strict 1+5 (stitched 100M),50-100M,53251200,2080.125,488194.71875,488354.78125
MAPPO strict 1+5 (stitched 100M),50-100M,53302400,2082.125,487900.5625,487616.3645833333
MAPPO strict 1+5 (stitched 100M),50-100M,53353600,2084.125,486753.8125,486781.40625
MAPPO strict 1+5 (stitched 100M),50-100M,53404800,2086.125,485689.84375,486382.5729166667
MAPPO strict 1+5 (stitched 100M),50-100M,53456000,2088.125,486704.0625,486749.6770833333
MAPPO strict 1+5 (stitched 100M),50-100M,53507200,2090.125,487855.125,487544.7083333333
MAPPO strict 1+5 (stitched 100M),50-100M,53558400,2092.125,488074.9375,488148.09375
MAPPO strict 1+5 (stitched 100M),50-100M,53609600,2094.125,488514.21875,488366.8333333333
MAPPO strict 1+5 (stitched 100M),50-100M,53660800,2096.125,488511.34375,488037.34375
MAPPO strict 1+5 (stitched 100M),50-100M,53712000,2098.125,487086.46875,487170.8229166667
MAPPO strict 1+5 (stitched 100M),50-100M,53763200,2100.125,485914.65625,486565.5
MAPPO strict 1+5 (stitched 100M),50-100M,53814400,2102.125,486695.375,486358.53125
MAPPO strict 1+5 (stitched 100M),50-100M,53865600,2104.125,486465.5625,486280.25
MAPPO strict 1+5 (stitched 100M),50-100M,53916800,2106.125,485679.8125,485572.8854166667
MAPPO strict 1+5 (stitched 100M),50-100M,53968000,2108.125,484573.28125,485504.2291666667
MAPPO strict 1+5 (stitched 100M),50-100M,54019200,2110.125,486259.59375,485771.78125
MAPPO strict 1+5 (stitched 100M),50-100M,54070400,2112.125,486482.46875,486167.2291666667
MAPPO strict 1+5 (stitched 100M),50-100M,54121600,2114.125,485759.625,485339.6041666667
MAPPO strict 1+5 (stitched 100M),50-100M,54172800,2116.125,483776.71875,484830.6875
MAPPO strict 1+5 (stitched 100M),50-100M,54224000,2118.125,484955.71875,484171.8958333333
MAPPO strict 1+5 (stitched 100M),50-100M,54275200,2120.125,483783.25,484279.9791666667
MAPPO strict 1+5 (stitched 100M),50-100M,54326400,2122.125,484100.96875,484534.1875
MAPPO strict 1+5 (stitched 100M),50-100M,54377600,2124.125,485718.34375,485524.8229166667
MAPPO strict 1+5 (stitched 100M),50-100M,54428800,2126.125,486755.15625,486446.09375
MAPPO strict 1+5 (stitched 100M),50-100M,54480000,2128.125,486864.78125,486402.8958333333
MAPPO strict 1+5 (stitched 100M),50-100M,54531200,2130.125,485588.75,486277.6770833333
MAPPO strict 1+5 (stitched 100M),50-100M,54582400,2132.125,486379.5,485976.6041666667
MAPPO strict 1+5 (stitched 100M),50-100M,54633600,2134.125,485961.5625,486113.34375
MAPPO strict 1+5 (stitched 100M),50-100M,54684800,2136.125,485998.96875,485965.4270833333
MAPPO strict 1+5 (stitched 100M),50-100M,54736000,2138.125,485935.75,485320.9583333333
MAPPO strict 1+5 (stitched 100M),50-100M,54787200,2140.125,484028.15625,484796.7291666667
MAPPO strict 1+5 (stitched 100M),50-100M,54838400,2142.125,484426.28125,484293.9479166667
MAPPO strict 1+5 (stitched 100M),50-100M,54889600,2144.125,484427.40625,484284.09375
MAPPO strict 1+5 (stitched 100M),50-100M,54940800,2146.125,483998.59375,483318.0208333333
MAPPO strict 1+5 (stitched 100M),50-100M,54992000,2148.125,481528.0625,482542.9479166667
MAPPO strict 1+5 (stitched 100M),50-100M,55043200,2150.125,482102.1875,481931.4583333333
MAPPO strict 1+5 (stitched 100M),50-100M,55094400,2152.125,482164.125,482862.84375
MAPPO strict 1+5 (stitched 100M),50-100M,55145600,2154.125,484322.21875,483804.9166666667
MAPPO strict 1+5 (stitched 100M),50-100M,55196800,2156.125,484928.40625,485844.4270833333
MAPPO strict 1+5 (stitched 100M),50-100M,55248000,2158.125,488282.65625,487493.2604166667
MAPPO strict 1+5 (stitched 100M),50-100M,55299200,2160.125,489268.71875,488461.5729166667
MAPPO strict 1+5 (stitched 100M),50-100M,55350400,2162.125,487833.34375,488758.3333333333
MAPPO strict 1+5 (stitched 100M),50-100M,55401600,2164.125,489172.9375,488884.5416666667
MAPPO strict 1+5 (stitched 100M),50-100M,55452800,2166.125,489647.34375,489494.2708333333
MAPPO strict 1+5 (stitched 100M),50-100M,55504000,2168.125,489662.53125,490548.4791666667
MAPPO strict 1+5 (stitched 100M),50-100M,55555200,2170.125,492335.5625,491479.5104166667
MAPPO strict 1+5 (stitched 100M),50-100M,55606400,2172.125,492440.4375,492109.2291666667
MAPPO strict 1+5 (stitched 100M),50-100M,55657600,2174.125,491551.6875,491978.6041666667
MAPPO strict 1+5 (stitched 100M),50-100M,55708800,2176.125,491943.6875,491486.25
MAPPO strict 1+5 (stitched 100M),50-100M,55760000,2178.125,490963.375,490892.7708333333
MAPPO strict 1+5 (stitched 100M),50-100M,55811200,2180.125,489771.25,491025.8958333333
MAPPO strict 1+5 (stitched 100M),50-100M,55862400,2182.125,492343.0625,491644.0729166667
MAPPO strict 1+5 (stitched 100M),50-100M,55913600,2184.125,492817.90625,492890.2395833333
MAPPO strict 1+5 (stitched 100M),50-100M,55964800,2186.125,493509.75,493201.2291666667
MAPPO strict 1+5 (stitched 100M),50-100M,56016000,2188.125,493276.03125,493767.8541666667
MAPPO strict 1+5 (stitched 100M),50-100M,56067200,2190.125,494517.78125,494741.25
MAPPO strict 1+5 (stitched 100M),50-100M,56118400,2192.125,496429.9375,495687.3333333333
MAPPO strict 1+5 (stitched 100M),50-100M,56169600,2194.125,496114.28125,496212.2395833333
MAPPO strict 1+5 (stitched 100M),50-100M,56220800,2196.125,496092.5,496229.9791666667
MAPPO strict 1+5 (stitched 100M),50-100M,56272000,2198.125,496483.15625,496436.3125
MAPPO strict 1+5 (stitched 100M),50-100M,56323200,2200.125,496733.28125,496689.5208333333
MAPPO strict 1+5 (stitched 100M),50-100M,56374400,2202.125,496852.125,496669.2083333333
MAPPO strict 1+5 (stitched 100M),50-100M,56425600,2204.125,496422.21875,497063.4166666667
MAPPO strict 1+5 (stitched 100M),50-100M,56476800,2206.125,497915.90625,497187.0416666667
MAPPO strict 1+5 (stitched 100M),50-100M,56528000,2208.125,497223.0,497334.21875
MAPPO strict 1+5 (stitched 100M),50-100M,56579200,2210.125,496863.75,496840.8229166667
MAPPO strict 1+5 (stitched 100M),50-100M,56630400,2212.125,496435.71875,496471.90625
MAPPO strict 1+5 (stitched 100M),50-100M,56681600,2214.125,496116.25,496056.5208333333
MAPPO strict 1+5 (stitched 100M),50-100M,56732800,2216.125,495617.59375,495397.5
MAPPO strict 1+5 (stitched 100M),50-100M,56784000,2218.125,494458.65625,494295.9791666667
MAPPO strict 1+5 (stitched 100M),50-100M,56835200,2220.125,492811.6875,493405.3125
MAPPO strict 1+5 (stitched 100M),50-100M,56886400,2222.125,492945.59375,492954.9583333333
MAPPO strict 1+5 (stitched 100M),50-100M,56937600,2224.125,493107.59375,493402.3020833333
MAPPO strict 1+5 (stitched 100M),50-100M,56988800,2226.125,494153.71875,493945.1979166667
MAPPO strict 1+5 (stitched 100M),50-100M,57040000,2228.125,494574.28125,494759.5625
MAPPO strict 1+5 (stitched 100M),50-100M,57091200,2230.125,495550.6875,494564.125
MAPPO strict 1+5 (stitched 100M),50-100M,57142400,2232.125,493567.40625,494978.3958333333
MAPPO strict 1+5 (stitched 100M),50-100M,57193600,2234.125,495817.09375,495122.1354166667
MAPPO strict 1+5 (stitched 100M),50-100M,57244800,2236.125,495981.90625,495935.90625
MAPPO strict 1+5 (stitched 100M),50-100M,57296000,2238.125,496008.71875,495910.1458333333
MAPPO strict 1+5 (stitched 100M),50-100M,57347200,2240.125,495739.8125,495794.5625
MAPPO strict 1+5 (stitched 100M),50-100M,57398400,2242.125,495635.15625,495362.6354166667
MAPPO strict 1+5 (stitched 100M),50-100M,57449600,2244.125,494712.9375,495927.0
MAPPO strict 1+5 (stitched 100M),50-100M,57500800,2246.125,497432.90625,496118.1458333333
MAPPO strict 1+5 (stitched 100M),50-100M,57552000,2248.125,496208.59375,497290.6979166667
MAPPO strict 1+5 (stitched 100M),50-100M,57603200,2250.125,498230.59375,497055.1770833333
MAPPO strict 1+5 (stitched 100M),50-100M,57654400,2252.125,496726.34375,497473.3645833333
MAPPO strict 1+5 (stitched 100M),50-100M,57705600,2254.125,497463.15625,497540.6666666667
MAPPO strict 1+5 (stitched 100M),50-100M,57756800,2256.125,498432.5,498141.8229166667
MAPPO strict 1+5 (stitched 100M),50-100M,57808000,2258.125,498529.8125,498589.125
MAPPO strict 1+5 (stitched 100M),50-100M,57859200,2260.125,498805.0625,498318.4895833333
MAPPO strict 1+5 (stitched 100M),50-100M,57910400,2262.125,497620.59375,497437.4895833333
MAPPO strict 1+5 (stitched 100M),50-100M,57961600,2264.125,495886.8125,496738.7604166667
MAPPO strict 1+5 (stitched 100M),50-100M,58012800,2266.125,496708.875,496020.7395833333
MAPPO strict 1+5 (stitched 100M),50-100M,58064000,2268.125,495466.53125,496112.7395833333
MAPPO strict 1+5 (stitched 100M),50-100M,58115200,2270.125,496162.8125,495714.9166666667
MAPPO strict 1+5 (stitched 100M),50-100M,58166400,2272.125,495515.40625,496032.4583333333
MAPPO strict 1+5 (stitched 100M),50-100M,58217600,2274.125,496419.15625,495604.59375
MAPPO strict 1+5 (stitched 100M),50-100M,58268800,2276.125,494879.21875,495689.7395833333
MAPPO strict 1+5 (stitched 100M),50-100M,58320000,2278.125,495770.84375,495737.96875
MAPPO strict 1+5 (stitched 100M),50-100M,58371200,2280.125,496563.84375,496304.75
MAPPO strict 1+5 (stitched 100M),50-100M,58422400,2282.125,496579.5625,496270.4791666667
MAPPO strict 1+5 (stitched 100M),50-100M,58473600,2284.125,495668.03125,496019.2916666667
MAPPO strict 1+5 (stitched 100M),50-100M,58524800,2286.125,495810.28125,495319.90625
MAPPO strict 1+5 (stitched 100M),50-100M,58576000,2288.125,494481.40625,495001.5625
MAPPO strict 1+5 (stitched 100M),50-100M,58627200,2290.125,494713.0,494887.65625
MAPPO strict 1+5 (stitched 100M),50-100M,58678400,2292.125,495468.5625,495622.5208333333
MAPPO strict 1+5 (stitched 100M),50-100M,58729600,2294.125,496686.0,495363.09375
MAPPO strict 1+5 (stitched 100M),50-100M,58780800,2296.125,493934.71875,495313.6875
MAPPO strict 1+5 (stitched 100M),50-100M,58832000,2298.125,495320.34375,494639.4375
MAPPO strict 1+5 (stitched 100M),50-100M,58883200,2300.125,494663.25,494713.1979166667
MAPPO strict 1+5 (stitched 100M),50-100M,58934400,2302.125,494156.0,494303.8125
MAPPO strict 1+5 (stitched 100M),50-100M,58985600,2304.125,494092.1875,493806.65625
MAPPO strict 1+5 (stitched 100M),50-100M,59036800,2306.125,493171.78125,493575.96875
MAPPO strict 1+5 (stitched 100M),50-100M,59088000,2308.125,493463.9375,493066.6979166667
MAPPO strict 1+5 (stitched 100M),50-100M,59139200,2310.125,492564.375,493609.4479166667
MAPPO strict 1+5 (stitched 100M),50-100M,59190400,2312.125,494800.03125,493882.7708333333
MAPPO strict 1+5 (stitched 100M),50-100M,59241600,2314.125,494283.90625,493980.6458333333
MAPPO strict 1+5 (stitched 100M),50-100M,59292800,2316.125,492858.0,493526.2291666667
MAPPO strict 1+5 (stitched 100M),50-100M,59344000,2318.125,493436.78125,492897.4270833333
MAPPO strict 1+5 (stitched 100M),50-100M,59395200,2320.125,492397.5,492783.6979166667
MAPPO strict 1+5 (stitched 100M),50-100M,59446400,2322.125,492516.8125,492968.34375
MAPPO strict 1+5 (stitched 100M),50-100M,59497600,2324.125,493990.71875,493941.9166666667
MAPPO strict 1+5 (stitched 100M),50-100M,59548800,2326.125,495318.21875,495027.7708333333
MAPPO strict 1+5 (stitched 100M),50-100M,59600000,2328.125,495774.375,495533.4375
MAPPO strict 1+5 (stitched 100M),50-100M,59651200,2330.125,495507.71875,496194.6666666667
MAPPO strict 1+5 (stitched 100M),50-100M,59702400,2332.125,497301.90625,496540.5520833333
MAPPO strict 1+5 (stitched 100M),50-100M,59753600,2334.125,496812.03125,496306.2604166667
MAPPO strict 1+5 (stitched 100M),50-100M,59804800,2336.125,494804.84375,495324.5520833333
MAPPO strict 1+5 (stitched 100M),50-100M,59856000,2338.125,494356.78125,494836.6041666667
MAPPO strict 1+5 (stitched 100M),50-100M,59907200,2340.125,495348.1875,495440.3020833333
MAPPO strict 1+5 (stitched 100M),50-100M,59958400,2342.125,496615.9375,496104.6145833333
MAPPO strict 1+5 (stitched 100M),50-100M,60009600,2344.125,496349.71875,496206.0520833333
MAPPO strict 1+5 (stitched 100M),50-100M,60060800,2346.125,495652.5,495526.6875
MAPPO strict 1+5 (stitched 100M),50-100M,60112000,2348.125,494577.84375,494787.8541666667
MAPPO strict 1+5 (stitched 100M),50-100M,60163200,2350.125,494133.21875,494118.15625
MAPPO strict 1+5 (stitched 100M),50-100M,60214400,2352.125,493643.40625,493866.7604166667
MAPPO strict 1+5 (stitched 100M),50-100M,60265600,2354.125,493823.65625,493387.625
MAPPO strict 1+5 (stitched 100M),50-100M,60316800,2356.125,492695.8125,492758.5208333333
MAPPO strict 1+5 (stitched 100M),50-100M,60368000,2358.125,491756.09375,492496.5208333333
MAPPO strict 1+5 (stitched 100M),50-100M,60419200,2360.125,493037.65625,492876.15625
MAPPO strict 1+5 (stitched 100M),50-100M,60470400,2362.125,493834.71875,493848.7916666667
MAPPO strict 1+5 (stitched 100M),50-100M,60521600,2364.125,494674.0,494060.3229166667
MAPPO strict 1+5 (stitched 100M),50-100M,60572800,2366.125,493672.25,494241.6770833333
MAPPO strict 1+5 (stitched 100M),50-100M,60624000,2368.125,494378.78125,493663.9895833333
MAPPO strict 1+5 (stitched 100M),50-100M,60675200,2370.125,492940.9375,493705.4375
MAPPO strict 1+5 (stitched 100M),50-100M,60726400,2372.125,493796.59375,493198.3854166667
MAPPO strict 1+5 (stitched 100M),50-100M,60777600,2374.125,492857.625,492799.2916666667
MAPPO strict 1+5 (stitched 100M),50-100M,60828800,2376.125,491743.65625,492082.4375
MAPPO strict 1+5 (stitched 100M),50-100M,60880000,2378.125,491646.03125,491586.9583333333
MAPPO strict 1+5 (stitched 100M),50-100M,60931200,2380.125,491371.1875,491750.09375
MAPPO strict 1+5 (stitched 100M),50-100M,60982400,2382.125,492233.0625,492783.8854166667
MAPPO strict 1+5 (stitched 100M),50-100M,61033600,2384.125,494747.40625,493503.84375
MAPPO strict 1+5 (stitched 100M),50-100M,61084800,2386.125,493531.0625,494577.4583333333
MAPPO strict 1+5 (stitched 100M),50-100M,61136000,2388.125,495453.90625,493940.46875
MAPPO strict 1+5 (stitched 100M),50-100M,61187200,2390.125,492836.4375,494447.59375
MAPPO strict 1+5 (stitched 100M),50-100M,61238400,2392.125,495052.4375,494245.1458333333
MAPPO strict 1+5 (stitched 100M),50-100M,61289600,2394.125,494846.5625,494878.8541666667
MAPPO strict 1+5 (stitched 100M),50-100M,61340800,2396.125,494737.5625,494327.5208333333
MAPPO strict 1+5 (stitched 100M),50-100M,61392000,2398.125,493398.4375,493938.7395833333
MAPPO strict 1+5 (stitched 100M),50-100M,61443200,2400.125,493680.21875,492979.5520833333
MAPPO strict 1+5 (stitched 100M),50-100M,61494400,2402.125,491860.0,492830.4166666667
MAPPO strict 1+5 (stitched 100M),50-100M,61545600,2404.125,492951.03125,492351.4895833333
MAPPO strict 1+5 (stitched 100M),50-100M,61596800,2406.125,492243.4375,492752.3229166667
MAPPO strict 1+5 (stitched 100M),50-100M,61648000,2408.125,493062.5,492529.9479166667
MAPPO strict 1+5 (stitched 100M),50-100M,61699200,2410.125,492283.90625,492247.0833333333
MAPPO strict 1+5 (stitched 100M),50-100M,61750400,2412.125,491394.84375,491189.0625
MAPPO strict 1+5 (stitched 100M),50-100M,61801600,2414.125,489888.4375,491424.40625
MAPPO strict 1+5 (stitched 100M),50-100M,61852800,2416.125,492989.9375,491917.8645833333
MAPPO strict 1+5 (stitched 100M),50-100M,61904000,2418.125,492875.21875,492598.4375
MAPPO strict 1+5 (stitched 100M),50-100M,61955200,2420.125,491930.15625,491714.28125
MAPPO strict 1+5 (stitched 100M),50-100M,62006400,2422.125,490337.46875,491464.6458333333
MAPPO strict 1+5 (stitched 100M),50-100M,62057600,2424.125,492126.3125,491895.9270833333
MAPPO strict 1+5 (stitched 100M),50-100M,62108800,2426.125,493224.0,492806.8125
MAPPO strict 1+5 (stitched 100M),50-100M,62160000,2428.125,493070.125,493347.6979166667
MAPPO strict 1+5 (stitched 100M),50-100M,62211200,2430.125,493748.96875,493072.5833333333
MAPPO strict 1+5 (stitched 100M),50-100M,62262400,2432.125,492398.65625,493268.875
MAPPO strict 1+5 (stitched 100M),50-100M,62313600,2434.125,493659.0,493506.0729166667
MAPPO strict 1+5 (stitched 100M),50-100M,62364800,2436.125,494460.5625,493526.1875
MAPPO strict 1+5 (stitched 100M),50-100M,62416000,2438.125,492459.0,493998.1458333333
MAPPO strict 1+5 (stitched 100M),50-100M,62467200,2440.125,495074.875,494176.6041666667
MAPPO strict 1+5 (stitched 100M),50-100M,62518400,2442.125,494995.9375,494603.8854166667
MAPPO strict 1+5 (stitched 100M),50-100M,62569600,2444.125,493740.84375,495049.0729166667
MAPPO strict 1+5 (stitched 100M),50-100M,62620800,2446.125,496410.4375,495608.6770833333
MAPPO strict 1+5 (stitched 100M),50-100M,62672000,2448.125,496674.75,497232.1458333333
MAPPO strict 1+5 (stitched 100M),50-100M,62723200,2450.125,498611.25,498064.6458333333
MAPPO strict 1+5 (stitched 100M),50-100M,62774400,2452.125,498907.9375,498591.7291666667
MAPPO strict 1+5 (stitched 100M),50-100M,62825600,2454.125,498256.0,498082.3645833333
MAPPO strict 1+5 (stitched 100M),50-100M,62876800,2456.125,497083.15625,496941.40625
MAPPO strict 1+5 (stitched 100M),50-100M,62928000,2458.125,495485.0625,496143.90625
MAPPO strict 1+5 (stitched 100M),50-100M,62979200,2460.125,495863.5,495151.84375
MAPPO strict 1+5 (stitched 100M),50-100M,63030400,2462.125,494106.96875,495249.53125
MAPPO strict 1+5 (stitched 100M),50-100M,63081600,2464.125,495778.125,494341.2083333333
MAPPO strict 1+5 (stitched 100M),50-100M,63132800,2466.125,493138.53125,494102.375
MAPPO strict 1+5 (stitched 100M),50-100M,63184000,2468.125,493390.46875,493477.7708333333
MAPPO strict 1+5 (stitched 100M),50-100M,63235200,2470.125,493904.3125,493305.15625
MAPPO strict 1+5 (stitched 100M),50-100M,63286400,2472.125,492620.6875,493556.15625
MAPPO strict 1+5 (stitched 100M),50-100M,63337600,2474.125,494143.46875,493457.3958333333
MAPPO strict 1+5 (stitched 100M),50-100M,63388800,2476.125,493608.03125,493593.9166666667
MAPPO strict 1+5 (stitched 100M),50-100M,63440000,2478.125,493030.25,493242.5
MAPPO strict 1+5 (stitched 100M),50-100M,63491200,2480.125,493089.21875,493543.9583333333
MAPPO strict 1+5 (stitched 100M),50-100M,63542400,2482.125,494512.40625,493860.21875
MAPPO strict 1+5 (stitched 100M),50-100M,63593600,2484.125,493979.03125,494378.1041666667
MAPPO strict 1+5 (stitched 100M),50-100M,63644800,2486.125,494642.875,494176.875
MAPPO strict 1+5 (stitched 100M),50-100M,63696000,2488.125,493908.71875,494213.6875
MAPPO strict 1+5 (stitched 100M),50-100M,63747200,2490.125,494089.46875,494093.625
MAPPO strict 1+5 (stitched 100M),50-100M,63798400,2492.125,494282.6875,494452.7083333333
MAPPO strict 1+5 (stitched 100M),50-100M,63849600,2494.125,494985.96875,495582.4583333333
MAPPO strict 1+5 (stitched 100M),50-100M,63900800,2496.125,497478.71875,495890.75
MAPPO strict 1+5 (stitched 100M),50-100M,63952000,2498.125,495207.5625,496047.9791666667
MAPPO strict 1+5 (stitched 100M),50-100M,64003200,2500.125,495457.65625,494715.71875
MAPPO strict 1+5 (stitched 100M),50-100M,64054400,2502.125,493481.9375,494184.3645833333
MAPPO strict 1+5 (stitched 100M),50-100M,64105600,2504.125,493613.5,494538.84375
MAPPO strict 1+5 (stitched 100M),50-100M,64156800,2506.125,496521.09375,494586.34375
MAPPO strict 1+5 (stitched 100M),50-100M,64208000,2508.125,493624.4375,494679.15625
MAPPO strict 1+5 (stitched 100M),50-100M,64259200,2510.125,493891.9375,493802.28125
MAPPO strict 1+5 (stitched 100M),50-100M,64310400,2512.125,493890.46875,493337.7395833333
MAPPO strict 1+5 (stitched 100M),50-100M,64361600,2514.125,492230.8125,493127.5
MAPPO strict 1+5 (stitched 100M),50-100M,64412800,2516.125,493261.21875,493499.9895833333
MAPPO strict 1+5 (stitched 100M),50-100M,64464000,2518.125,495007.9375,494957.9270833333
MAPPO strict 1+5 (stitched 100M),50-100M,64515200,2520.125,496604.625,495146.1041666667
MAPPO strict 1+5 (stitched 100M),50-100M,64566400,2522.125,493825.75,495447.1041666667
MAPPO strict 1+5 (stitched 100M),50-100M,64617600,2524.125,495910.9375,494913.25
MAPPO strict 1+5 (stitched 100M),50-100M,64668800,2526.125,495003.0625,495545.6875
MAPPO strict 1+5 (stitched 100M),50-100M,64720000,2528.125,495723.0625,495822.2291666667
MAPPO strict 1+5 (stitched 100M),50-100M,64771200,2530.125,496740.5625,496418.0
MAPPO strict 1+5 (stitched 100M),50-100M,64822400,2532.125,496790.375,496914.8958333333
MAPPO strict 1+5 (stitched 100M),50-100M,64873600,2534.125,497213.75,496413.7916666667
MAPPO strict 1+5 (stitched 100M),50-100M,64924800,2536.125,495237.25,495948.2395833333
MAPPO strict 1+5 (stitched 100M),50-100M,64976000,2538.125,495393.71875,495426.09375
MAPPO strict 1+5 (stitched 100M),50-100M,65027200,2540.125,495647.3125,495465.875
MAPPO strict 1+5 (stitched 100M),50-100M,65078400,2542.125,495356.59375,495336.9166666667
MAPPO strict 1+5 (stitched 100M),50-100M,65129600,2544.125,495006.84375,494729.53125
MAPPO strict 1+5 (stitched 100M),50-100M,65180800,2546.125,493825.15625,494592.5104166667
MAPPO strict 1+5 (stitched 100M),50-100M,65232000,2548.125,494945.53125,494648.5
MAPPO strict 1+5 (stitched 100M),50-100M,65283200,2550.125,495174.8125,495577.7604166667
MAPPO strict 1+5 (stitched 100M),50-100M,65334400,2552.125,496612.9375,495916.96875
MAPPO strict 1+5 (stitched 100M),50-100M,65385600,2554.125,495963.15625,496075.2604166667
MAPPO strict 1+5 (stitched 100M),50-100M,65436800,2556.125,495649.6875,496100.3229166667
MAPPO strict 1+5 (stitched 100M),50-100M,65488000,2558.125,496688.125,496391.9375
MAPPO strict 1+5 (stitched 100M),50-100M,65539200,2560.125,496838.0,496527.2395833333
MAPPO strict 1+5 (stitched 100M),50-100M,65590400,2562.125,496055.59375,496248.3125
MAPPO strict 1+5 (stitched 100M),50-100M,65641600,2564.125,495851.34375,495303.9479166667
MAPPO strict 1+5 (stitched 100M),50-100M,65692800,2566.125,494004.90625,495316.40625
MAPPO strict 1+5 (stitched 100M),50-100M,65744000,2568.125,496092.96875,495133.8854166667
MAPPO strict 1+5 (stitched 100M),50-100M,65795200,2570.125,495303.78125,495905.6354166667
MAPPO strict 1+5 (stitched 100M),50-100M,65846400,2572.125,496320.15625,495877.0416666667
MAPPO strict 1+5 (stitched 100M),50-100M,65897600,2574.125,496007.1875,496269.03125
MAPPO strict 1+5 (stitched 100M),50-100M,65948800,2576.125,496479.75,496231.9479166667
MAPPO strict 1+5 (stitched 100M),50-100M,66000000,2578.125,496208.90625,496245.8020833333
MAPPO strict 1+5 (stitched 100M),50-100M,66051200,2580.125,496048.75,496732.4895833333
MAPPO strict 1+5 (stitched 100M),50-100M,66102400,2582.125,497939.8125,497090.9791666667
MAPPO strict 1+5 (stitched 100M),50-100M,66153600,2584.125,497284.375,497320.78125
MAPPO strict 1+5 (stitched 100M),50-100M,66204800,2586.125,496738.15625,496431.65625
MAPPO strict 1+5 (stitched 100M),50-100M,66256000,2588.125,495272.4375,495889.71875
MAPPO strict 1+5 (stitched 100M),50-100M,66307200,2590.125,495658.5625,496006.8229166667
MAPPO strict 1+5 (stitched 100M),50-100M,66358400,2592.125,497089.46875,497049.2291666667
MAPPO strict 1+5 (stitched 100M),50-100M,66409600,2594.125,498399.65625,498707.21875
MAPPO strict 1+5 (stitched 100M),50-100M,66460800,2596.125,500632.53125,499210.2604166667
MAPPO strict 1+5 (stitched 100M),50-100M,66512000,2598.125,498598.59375,498984.7708333333
MAPPO strict 1+5 (stitched 100M),50-100M,66563200,2600.125,497723.1875,498383.2083333333
MAPPO strict 1+5 (stitched 100M),50-100M,66614400,2602.125,498827.84375,498325.5
MAPPO strict 1+5 (stitched 100M),50-100M,66665600,2604.125,498425.46875,497946.59375
MAPPO strict 1+5 (stitched 100M),50-100M,66716800,2606.125,496586.46875,497922.9791666667
MAPPO strict 1+5 (stitched 100M),50-100M,66768000,2608.125,498757.0,497927.75
MAPPO strict 1+5 (stitched 100M),50-100M,66819200,2610.125,498439.78125,499056.0208333333
MAPPO strict 1+5 (stitched 100M),50-100M,66870400,2612.125,499971.28125,499776.3541666667
MAPPO strict 1+5 (stitched 100M),50-100M,66921600,2614.125,500918.0,499439.1875
MAPPO strict 1+5 (stitched 100M),50-100M,66972800,2616.125,497428.28125,498336.0833333333
MAPPO strict 1+5 (stitched 100M),50-100M,67024000,2618.125,496661.96875,496745.4895833333
MAPPO strict 1+5 (stitched 100M),50-100M,67075200,2620.125,496146.21875,495907.2916666667
MAPPO strict 1+5 (stitched 100M),50-100M,67126400,2622.125,494913.6875,495445.5520833333
MAPPO strict 1+5 (stitched 100M),50-100M,67177600,2624.125,495276.75,495265.5729166667
MAPPO strict 1+5 (stitched 100M),50-100M,67228800,2626.125,495606.28125,495978.78125
MAPPO strict 1+5 (stitched 100M),50-100M,67280000,2628.125,497053.3125,497041.75
MAPPO strict 1+5 (stitched 100M),50-100M,67331200,2630.125,498465.65625,498181.875
MAPPO strict 1+5 (stitched 100M),50-100M,67382400,2632.125,499026.65625,499566.6979166667
MAPPO strict 1+5 (stitched 100M),50-100M,67433600,2634.125,501207.78125,500706.9583333333
MAPPO strict 1+5 (stitched 100M),50-100M,67484800,2636.125,501886.4375,500839.375
MAPPO strict 1+5 (stitched 100M),50-100M,67536000,2638.125,499423.90625,500263.1354166667
MAPPO strict 1+5 (stitched 100M),50-100M,67587200,2640.125,499479.0625,499763.8854166667
MAPPO strict 1+5 (stitched 100M),50-100M,67638400,2642.125,500388.6875,499912.5
MAPPO strict 1+5 (stitched 100M),50-100M,67689600,2644.125,499869.75,499745.1145833333
MAPPO strict 1+5 (stitched 100M),50-100M,67740800,2646.125,498976.90625,498743.6666666667
MAPPO strict 1+5 (stitched 100M),50-100M,67792000,2648.125,497384.34375,498157.0208333333
MAPPO strict 1+5 (stitched 100M),50-100M,67843200,2650.125,498109.8125,497654.78125
MAPPO strict 1+5 (stitched 100M),50-100M,67894400,2652.125,497470.1875,497735.1979166667
MAPPO strict 1+5 (stitched 100M),50-100M,67945600,2654.125,497625.59375,497580.0520833333
MAPPO strict 1+5 (stitched 100M),50-100M,67996800,2656.125,497644.375,497310.2395833333
MAPPO strict 1+5 (stitched 100M),50-100M,68048000,2658.125,496660.75,497216.78125
MAPPO strict 1+5 (stitched 100M),50-100M,68099200,2660.125,497345.21875,497782.71875
MAPPO strict 1+5 (stitched 100M),50-100M,68150400,2662.125,499342.1875,499042.1770833333
MAPPO strict 1+5 (stitched 100M),50-100M,68201600,2664.125,500439.125,499476.0208333333
MAPPO strict 1+5 (stitched 100M),50-100M,68252800,2666.125,498646.75,499028.5104166667
MAPPO strict 1+5 (stitched 100M),50-100M,68304000,2668.125,497999.65625,498376.3333333333
MAPPO strict 1+5 (stitched 100M),50-100M,68355200,2670.125,498482.59375,497756.7708333333
MAPPO strict 1+5 (stitched 100M),50-100M,68406400,2672.125,496788.0625,497722.7916666667
MAPPO strict 1+5 (stitched 100M),50-100M,68457600,2674.125,497897.71875,497715.4375
MAPPO strict 1+5 (stitched 100M),50-100M,68508800,2676.125,498460.53125,498604.7708333333
MAPPO strict 1+5 (stitched 100M),50-100M,68560000,2678.125,499456.0625,499554.1041666667
MAPPO strict 1+5 (stitched 100M),50-100M,68611200,2680.125,500745.71875,499807.4791666667
MAPPO strict 1+5 (stitched 100M),50-100M,68662400,2682.125,499220.65625,499253.7916666667
MAPPO strict 1+5 (stitched 100M),50-100M,68713600,2684.125,497795.0,498075.4791666667
MAPPO strict 1+5 (stitched 100M),50-100M,68764800,2686.125,497210.78125,497705.5833333333
MAPPO strict 1+5 (stitched 100M),50-100M,68816000,2688.125,498110.96875,497446.7395833333
MAPPO strict 1+5 (stitched 100M),50-100M,68867200,2690.125,497018.46875,497671.2395833333
MAPPO strict 1+5 (stitched 100M),50-100M,68918400,2692.125,497884.28125,496703.71875
MAPPO strict 1+5 (stitched 100M),50-100M,68969600,2694.125,495208.40625,496746.6041666667
MAPPO strict 1+5 (stitched 100M),50-100M,69020800,2696.125,497147.125,496951.1666666667
MAPPO strict 1+5 (stitched 100M),50-100M,69072000,2698.125,498497.96875,497925.4791666667
MAPPO strict 1+5 (stitched 100M),50-100M,69123200,2700.125,498131.34375,497944.5
MAPPO strict 1+5 (stitched 100M),50-100M,69174400,2702.125,497204.1875,497806.3958333333
MAPPO strict 1+5 (stitched 100M),50-100M,69225600,2704.125,498083.65625,497669.4479166667
MAPPO strict 1+5 (stitched 100M),50-100M,69276800,2706.125,497720.5,497820.7395833333
MAPPO strict 1+5 (stitched 100M),50-100M,69328000,2708.125,497658.0625,497993.4895833333
MAPPO strict 1+5 (stitched 100M),50-100M,69379200,2710.125,498601.90625,498587.1666666667
MAPPO strict 1+5 (stitched 100M),50-100M,69430400,2712.125,499501.53125,499341.1458333333
MAPPO strict 1+5 (stitched 100M),50-100M,69481600,2714.125,499920.0,499671.6979166667
MAPPO strict 1+5 (stitched 100M),50-100M,69532800,2716.125,499593.5625,499556.0
MAPPO strict 1+5 (stitched 100M),50-100M,69584000,2718.125,499154.4375,499190.4166666667
MAPPO strict 1+5 (stitched 100M),50-100M,69635200,2720.125,498823.25,498990.9166666667
MAPPO strict 1+5 (stitched 100M),50-100M,69686400,2722.125,498995.0625,499763.1458333333
MAPPO strict 1+5 (stitched 100M),50-100M,69737600,2724.125,501471.125,499995.1979166667
MAPPO strict 1+5 (stitched 100M),50-100M,69788800,2726.125,499519.40625,500767.3541666667
MAPPO strict 1+5 (stitched 100M),50-100M,69840000,2728.125,501311.53125,501373.2395833333
MAPPO strict 1+5 (stitched 100M),50-100M,69891200,2730.125,503288.78125,501199.6041666667
MAPPO strict 1+5 (stitched 100M),50-100M,69942400,2732.125,498998.5,501079.5
MAPPO strict 1+5 (stitched 100M),50-100M,69993600,2734.125,500951.21875,500364.4583333333
MAPPO strict 1+5 (stitched 100M),50-100M,70044800,2736.125,501143.65625,500899.2916666667
MAPPO strict 1+5 (stitched 100M),50-100M,70096000,2738.125,500603.0,501400.3020833333
MAPPO strict 1+5 (stitched 100M),50-100M,70147200,2740.125,502454.25,501064.3020833333
MAPPO strict 1+5 (stitched 100M),50-100M,70198400,2742.125,500135.65625,500627.1666666667
MAPPO strict 1+5 (stitched 100M),50-100M,70249600,2744.125,499291.59375,499722.1458333333
MAPPO strict 1+5 (stitched 100M),50-100M,70300800,2746.125,499739.1875,500102.4375
MAPPO strict 1+5 (stitched 100M),50-100M,70352000,2748.125,501276.53125,500557.1041666667
MAPPO strict 1+5 (stitched 100M),50-100M,70403200,2750.125,500655.59375,500229.8854166667
MAPPO strict 1+5 (stitched 100M),50-100M,70454400,2752.125,498757.53125,499615.09375
MAPPO strict 1+5 (stitched 100M),50-100M,70505600,2754.125,499432.15625,499329.6979166667
MAPPO strict 1+5 (stitched 100M),50-100M,70556800,2756.125,499799.40625,500512.8020833333
MAPPO strict 1+5 (stitched 100M),50-100M,70608000,2758.125,502306.84375,500907.2604166667
MAPPO strict 1+5 (stitched 100M),50-100M,70659200,2760.125,500615.53125,502083.4791666667
MAPPO strict 1+5 (stitched 100M),50-100M,70710400,2762.125,503328.0625,501593.09375
MAPPO strict 1+5 (stitched 100M),50-100M,70761600,2764.125,500835.6875,502272.2708333333
MAPPO strict 1+5 (stitched 100M),50-100M,70812800,2766.125,502653.0625,502228.8229166667
MAPPO strict 1+5 (stitched 100M),50-100M,70864000,2768.125,503197.71875,502703.59375
MAPPO strict 1+5 (stitched 100M),50-100M,70915200,2770.125,502260.0,502063.3541666667
MAPPO strict 1+5 (stitched 100M),50-100M,70966400,2772.125,500732.34375,501395.09375
MAPPO strict 1+5 (stitched 100M),50-100M,71017600,2774.125,501192.9375,500466.8854166667
MAPPO strict 1+5 (stitched 100M),50-100M,71068800,2776.125,499475.375,499395.9791666667
MAPPO strict 1+5 (stitched 100M),50-100M,71120000,2778.125,497519.625,498215.34375
MAPPO strict 1+5 (stitched 100M),50-100M,71171200,2780.125,497651.03125,497685.0520833333
MAPPO strict 1+5 (stitched 100M),50-100M,71222400,2782.125,497884.5,497445.3854166667
MAPPO strict 1+5 (stitched 100M),50-100M,71273600,2784.125,496800.625,497210.75
MAPPO strict 1+5 (stitched 100M),50-100M,71324800,2786.125,496947.125,496981.84375
MAPPO strict 1+5 (stitched 100M),50-100M,71376000,2788.125,497197.78125,496804.7291666667
MAPPO strict 1+5 (stitched 100M),50-100M,71427200,2790.125,496269.28125,496236.40625
MAPPO strict 1+5 (stitched 100M),50-100M,71478400,2792.125,495242.15625,496314.6354166667
MAPPO strict 1+5 (stitched 100M),50-100M,71529600,2794.125,497432.46875,496320.2083333333
MAPPO strict 1+5 (stitched 100M),50-100M,71580800,2796.125,496286.0,497342.1979166667
MAPPO strict 1+5 (stitched 100M),50-100M,71632000,2798.125,498308.125,498115.9791666667
MAPPO strict 1+5 (stitched 100M),50-100M,71683200,2800.125,499753.8125,498651.15625
MAPPO strict 1+5 (stitched 100M),50-100M,71734400,2802.125,497891.53125,498911.2916666667
MAPPO strict 1+5 (stitched 100M),50-100M,71785600,2804.125,499088.53125,498904.2604166667
MAPPO strict 1+5 (stitched 100M),50-100M,71836800,2806.125,499732.71875,499509.8229166667
MAPPO strict 1+5 (stitched 100M),50-100M,71888000,2808.125,499708.21875,499634.4895833333
MAPPO strict 1+5 (stitched 100M),50-100M,71939200,2810.125,499462.53125,499853.2291666667
MAPPO strict 1+5 (stitched 100M),50-100M,71990400,2812.125,500388.9375,500420.0104166667
MAPPO strict 1+5 (stitched 100M),50-100M,72041600,2814.125,501408.5625,500803.6666666667
MAPPO strict 1+5 (stitched 100M),50-100M,72092800,2816.125,500613.5,500721.6666666667
MAPPO strict 1+5 (stitched 100M),50-100M,72144000,2818.125,500142.9375,500389.3541666667
MAPPO strict 1+5 (stitched 100M),50-100M,72195200,2820.125,500411.625,499996.1354166667
MAPPO strict 1+5 (stitched 100M),50-100M,72246400,2822.125,499433.84375,499841.0625
MAPPO strict 1+5 (stitched 100M),50-100M,72297600,2824.125,499677.71875,499187.2083333333
MAPPO strict 1+5 (stitched 100M),50-100M,72348800,2826.125,498450.0625,499199.4895833333
MAPPO strict 1+5 (stitched 100M),50-100M,72400000,2828.125,499470.6875,499445.4583333333
MAPPO strict 1+5 (stitched 100M),50-100M,72451200,2830.125,500415.625,500035.6770833333
MAPPO strict 1+5 (stitched 100M),50-100M,72502400,2832.125,500220.71875,500380.4166666667
MAPPO strict 1+5 (stitched 100M),50-100M,72553600,2834.125,500504.90625,500035.84375
MAPPO strict 1+5 (stitched 100M),50-100M,72604800,2836.125,499381.90625,500041.9791666667
MAPPO strict 1+5 (stitched 100M),50-100M,72656000,2838.125,500239.125,500257.5729166667
MAPPO strict 1+5 (stitched 100M),50-100M,72707200,2840.125,501151.6875,501212.9583333333
MAPPO strict 1+5 (stitched 100M),50-100M,72758400,2842.125,502248.0625,502087.6979166667
MAPPO strict 1+5 (stitched 100M),50-100M,72809600,2844.125,502863.34375,502653.8229166667
MAPPO strict 1+5 (stitched 100M),50-100M,72860800,2846.125,502850.0625,502638.6354166667
MAPPO strict 1+5 (stitched 100M),50-100M,72912000,2848.125,502202.5,503096.53125
MAPPO strict 1+5 (stitched 100M),50-100M,72963200,2850.125,504237.03125,502970.25
MAPPO strict 1+5 (stitched 100M),50-100M,73014400,2852.125,502471.21875,502931.4375
MAPPO strict 1+5 (stitched 100M),50-100M,73065600,2854.125,502086.0625,502609.75
MAPPO strict 1+5 (stitched 100M),50-100M,73116800,2856.125,503271.96875,502353.7291666667
MAPPO strict 1+5 (stitched 100M),50-100M,73168000,2858.125,501703.15625,502621.5104166667
MAPPO strict 1+5 (stitched 100M),50-100M,73219200,2860.125,502889.40625,502237.9270833333
MAPPO strict 1+5 (stitched 100M),50-100M,73270400,2862.125,502121.21875,502000.8125
MAPPO strict 1+5 (stitched 100M),50-100M,73321600,2864.125,500991.8125,501962.15625
MAPPO strict 1+5 (stitched 100M),50-100M,73372800,2866.125,502773.4375,502304.09375
MAPPO strict 1+5 (stitched 100M),50-100M,73424000,2868.125,503147.03125,502684.1145833333
MAPPO strict 1+5 (stitched 100M),50-100M,73475200,2870.125,502131.875,503117.53125
MAPPO strict 1+5 (stitched 100M),50-100M,73526400,2872.125,504073.6875,503364.8229166667
MAPPO strict 1+5 (stitched 100M),50-100M,73577600,2874.125,503888.90625,504035.9791666667
MAPPO strict 1+5 (stitched 100M),50-100M,73628800,2876.125,504145.34375,504693.5416666667
MAPPO strict 1+5 (stitched 100M),50-100M,73680000,2878.125,506046.375,505411.3333333333
MAPPO strict 1+5 (stitched 100M),50-100M,73731200,2880.125,506042.28125,506309.6770833333
MAPPO strict 1+5 (stitched 100M),50-100M,73782400,2882.125,506840.375,506758.9270833333
MAPPO strict 1+5 (stitched 100M),50-100M,73833600,2884.125,507394.125,506823.59375
MAPPO strict 1+5 (stitched 100M),50-100M,73884800,2886.125,506236.28125,506798.0104166667
MAPPO strict 1+5 (stitched 100M),50-100M,73936000,2888.125,506763.625,505638.1458333333
MAPPO strict 1+5 (stitched 100M),50-100M,73987200,2890.125,503914.53125,504926.2291666667
MAPPO strict 1+5 (stitched 100M),50-100M,74038400,2892.125,504100.53125,502803.5520833333
MAPPO strict 1+5 (stitched 100M),50-100M,74089600,2894.125,500395.59375,501947.1770833333
MAPPO strict 1+5 (stitched 100M),50-100M,74140800,2896.125,501345.40625,500280.0208333333
MAPPO strict 1+5 (stitched 100M),50-100M,74192000,2898.125,499099.0625,499601.8854166667
MAPPO strict 1+5 (stitched 100M),50-100M,74243200,2900.125,498361.1875,498302.9479166667
MAPPO strict 1+5 (stitched 100M),50-100M,74294400,2902.125,497448.59375,498276.3854166667
MAPPO strict 1+5 (stitched 100M),50-100M,74345600,2904.125,499019.375,497951.40625
MAPPO strict 1+5 (stitched 100M),50-100M,74396800,2906.125,497386.25,498853.0104166667
MAPPO strict 1+5 (stitched 100M),50-100M,74448000,2908.125,500153.40625,498991.6354166667
MAPPO strict 1+5 (stitched 100M),50-100M,74499200,2910.125,499435.25,499659.0625
MAPPO strict 1+5 (stitched 100M),50-100M,74550400,2912.125,499388.53125,499378.1041666667
MAPPO strict 1+5 (stitched 100M),50-100M,74601600,2914.125,499310.53125,499235.15625
MAPPO strict 1+5 (stitched 100M),50-100M,74652800,2916.125,499006.40625,498934.40625
MAPPO strict 1+5 (stitched 100M),50-100M,74704000,2918.125,498486.28125,498629.5416666667
MAPPO strict 1+5 (stitched 100M),50-100M,74755200,2920.125,498395.9375,498511.8958333333
MAPPO strict 1+5 (stitched 100M),50-100M,74806400,2922.125,498653.46875,498934.125
MAPPO strict 1+5 (stitched 100M),50-100M,74857600,2924.125,499752.96875,499364.4166666667
MAPPO strict 1+5 (stitched 100M),50-100M,74908800,2926.125,499686.8125,499348.5208333333
MAPPO strict 1+5 (stitched 100M),50-100M,74960000,2928.125,498605.78125,499600.7708333333
MAPPO strict 1+5 (stitched 100M),50-100M,75011200,2930.125,500509.71875,499606.9895833333
MAPPO strict 1+5 (stitched 100M),50-100M,75062400,2932.125,499705.46875,499943.3020833333
MAPPO strict 1+5 (stitched 100M),50-100M,75113600,2934.125,499614.71875,500294.40625
MAPPO strict 1+5 (stitched 100M),50-100M,75164800,2936.125,501563.03125,500394.0520833333
MAPPO strict 1+5 (stitched 100M),50-100M,75216000,2938.125,500004.40625,500721.84375
MAPPO strict 1+5 (stitched 100M),50-100M,75267200,2940.125,500598.09375,499666.7916666667
MAPPO strict 1+5 (stitched 100M),50-100M,75318400,2942.125,498397.875,499582.1666666667
MAPPO strict 1+5 (stitched 100M),50-100M,75369600,2944.125,499750.53125,499228.3645833333
MAPPO strict 1+5 (stitched 100M),50-100M,75420800,2946.125,499536.6875,499635.875
MAPPO strict 1+5 (stitched 100M),50-100M,75472000,2948.125,499620.40625,499599.8125
MAPPO strict 1+5 (stitched 100M),50-100M,75523200,2950.125,499642.34375,499764.0416666667
MAPPO strict 1+5 (stitched 100M),50-100M,75574400,2952.125,500029.375,500008.40625
MAPPO strict 1+5 (stitched 100M),50-100M,75625600,2954.125,500353.5,499845.6979166667
MAPPO strict 1+5 (stitched 100M),50-100M,75676800,2956.125,499154.21875,499000.5729166667
MAPPO strict 1+5 (stitched 100M),50-100M,75728000,2958.125,497494.0,497823.65625
MAPPO strict 1+5 (stitched 100M),50-100M,75779200,2960.125,496822.75,497064.59375
MAPPO strict 1+5 (stitched 100M),50-100M,75830400,2962.125,496877.03125,497207.2604166667
MAPPO strict 1+5 (stitched 100M),50-100M,75881600,2964.125,497922.0,497140.65625
MAPPO strict 1+5 (stitched 100M),50-100M,75932800,2966.125,496622.9375,496971.4479166667
MAPPO strict 1+5 (stitched 100M),50-100M,75984000,2968.125,496369.40625,497096.3229166667
MAPPO strict 1+5 (stitched 100M),50-100M,76035200,2970.125,498296.625,497690.6041666667
MAPPO strict 1+5 (stitched 100M),50-100M,76086400,2972.125,498405.78125,497934.9375
MAPPO strict 1+5 (stitched 100M),50-100M,76137600,2974.125,497102.40625,497672.71875
MAPPO strict 1+5 (stitched 100M),50-100M,76188800,2976.125,497509.96875,497674.4895833333
MAPPO strict 1+5 (stitched 100M),50-100M,76240000,2978.125,498411.09375,498218.8958333333
MAPPO strict 1+5 (stitched 100M),50-100M,76291200,2980.125,498735.625,498702.3854166667
MAPPO strict 1+5 (stitched 100M),50-100M,76342400,2982.125,498960.4375,498733.40625
MAPPO strict 1+5 (stitched 100M),50-100M,76393600,2984.125,498504.15625,498604.4479166667
MAPPO strict 1+5 (stitched 100M),50-100M,76444800,2986.125,498348.75,498816.3229166667
MAPPO strict 1+5 (stitched 100M),50-100M,76496000,2988.125,499596.0625,498824.40625
MAPPO strict 1+5 (stitched 100M),50-100M,76547200,2990.125,498528.40625,499074.7395833333
MAPPO strict 1+5 (stitched 100M),50-100M,76598400,2992.125,499099.75,499127.2708333333
MAPPO strict 1+5 (stitched 100M),50-100M,76649600,2994.125,499753.65625,499715.09375
MAPPO strict 1+5 (stitched 100M),50-100M,76700800,2996.125,500291.875,500116.8854166667
MAPPO strict 1+5 (stitched 100M),50-100M,76752000,2998.125,500305.125,500639.1875
MAPPO strict 1+5 (stitched 100M),50-100M,76803200,3000.125,501320.5625,500715.2708333333
MAPPO strict 1+5 (stitched 100M),50-100M,76854400,3002.125,500520.125,501382.5520833333
MAPPO strict 1+5 (stitched 100M),50-100M,76905600,3004.125,502306.96875,500578.5208333333
MAPPO strict 1+5 (stitched 100M),50-100M,76956800,3006.125,498908.46875,500842.5625
MAPPO strict 1+5 (stitched 100M),50-100M,77008000,3008.125,501312.25,500506.0
MAPPO strict 1+5 (stitched 100M),50-100M,77059200,3010.125,501297.28125,501060.3541666667
MAPPO strict 1+5 (stitched 100M),50-100M,77110400,3012.125,500571.53125,500898.0416666667
MAPPO strict 1+5 (stitched 100M),50-100M,77161600,3014.125,500825.3125,500532.4166666667
MAPPO strict 1+5 (stitched 100M),50-100M,77212800,3016.125,500200.40625,500844.7604166667
MAPPO strict 1+5 (stitched 100M),50-100M,77264000,3018.125,501508.5625,501289.5104166667
MAPPO strict 1+5 (stitched 100M),50-100M,77315200,3020.125,502159.5625,501562.1354166667
MAPPO strict 1+5 (stitched 100M),50-100M,77366400,3022.125,501018.28125,501607.875
MAPPO strict 1+5 (stitched 100M),50-100M,77417600,3024.125,501645.78125,501154.59375
MAPPO strict 1+5 (stitched 100M),50-100M,77468800,3026.125,500799.71875,501227.6666666667
MAPPO strict 1+5 (stitched 100M),50-100M,77520000,3028.125,501237.5,501494.2604166667
MAPPO strict 1+5 (stitched 100M),50-100M,77571200,3030.125,502445.5625,501880.7916666667
MAPPO strict 1+5 (stitched 100M),50-100M,77622400,3032.125,501959.3125,502371.40625
MAPPO strict 1+5 (stitched 100M),50-100M,77673600,3034.125,502709.34375,502348.6770833333
MAPPO strict 1+5 (stitched 100M),50-100M,77724800,3036.125,502377.375,501661.625
MAPPO strict 1+5 (stitched 100M),50-100M,77776000,3038.125,499898.15625,501288.15625
MAPPO strict 1+5 (stitched 100M),50-100M,77827200,3040.125,501588.9375,500064.8333333333
MAPPO strict 1+5 (stitched 100M),50-100M,77878400,3042.125,498707.40625,499640.1458333333
MAPPO strict 1+5 (stitched 100M),50-100M,77929600,3044.125,498624.09375,498770.8854166667
MAPPO strict 1+5 (stitched 100M),50-100M,77980800,3046.125,498981.15625,498771.7291666667
MAPPO strict 1+5 (stitched 100M),50-100M,78032000,3048.125,498709.9375,498581.625
MAPPO strict 1+5 (stitched 100M),50-100M,78083200,3050.125,498053.78125,498126.21875
MAPPO strict 1+5 (stitched 100M),50-100M,78134400,3052.125,497614.9375,497952.4270833333
MAPPO strict 1+5 (stitched 100M),50-100M,78185600,3054.125,498188.5625,497773.1354166667
MAPPO strict 1+5 (stitched 100M),50-100M,78236800,3056.125,497515.90625,498176.9791666667
MAPPO strict 1+5 (stitched 100M),50-100M,78288000,3058.125,498826.46875,498252.2708333333
MAPPO strict 1+5 (stitched 100M),50-100M,78339200,3060.125,498414.4375,498688.5208333333
MAPPO strict 1+5 (stitched 100M),50-100M,78390400,3062.125,498824.65625,498439.59375
MAPPO strict 1+5 (stitched 100M),50-100M,78441600,3064.125,498079.6875,498001.875
MAPPO strict 1+5 (stitched 100M),50-100M,78492800,3066.125,497101.28125,497444.0104166667
MAPPO strict 1+5 (stitched 100M),50-100M,78544000,3068.125,497151.0625,497314.3854166667
MAPPO strict 1+5 (stitched 100M),50-100M,78595200,3070.125,497690.8125,497189.2604166667
MAPPO strict 1+5 (stitched 100M),50-100M,78646400,3072.125,496725.90625,496644.8645833333
MAPPO strict 1+5 (stitched 100M),50-100M,78697600,3074.125,495517.875,495614.8854166667
MAPPO strict 1+5 (stitched 100M),50-100M,78748800,3076.125,494600.875,495407.1770833333
MAPPO strict 1+5 (stitched 100M),50-100M,78800000,3078.125,496102.78125,495285.0104166667
MAPPO strict 1+5 (stitched 100M),50-100M,78851200,3080.125,495151.375,495550.5729166667
MAPPO strict 1+5 (stitched 100M),50-100M,78902400,3082.125,495397.5625,495332.1875
MAPPO strict 1+5 (stitched 100M),50-100M,78953600,3084.125,495447.625,495708.375
MAPPO strict 1+5 (stitched 100M),50-100M,79004800,3086.125,496279.9375,495602.7291666667
MAPPO strict 1+5 (stitched 100M),50-100M,79056000,3088.125,495080.625,495789.0208333333
MAPPO strict 1+5 (stitched 100M),50-100M,79107200,3090.125,496006.5,496131.5416666667
MAPPO strict 1+5 (stitched 100M),50-100M,79158400,3092.125,497307.5,496972.1145833333
MAPPO strict 1+5 (stitched 100M),50-100M,79209600,3094.125,497602.34375,497314.8020833333
MAPPO strict 1+5 (stitched 100M),50-100M,79260800,3096.125,497034.5625,497551.9479166667
MAPPO strict 1+5 (stitched 100M),50-100M,79312000,3098.125,498018.9375,498510.4270833333
MAPPO strict 1+5 (stitched 100M),50-100M,79363200,3100.125,500477.78125,499820.375
MAPPO strict 1+5 (stitched 100M),50-100M,79414400,3102.125,500964.40625,500423.5833333333
MAPPO strict 1+5 (stitched 100M),50-100M,79465600,3104.125,499828.5625,500247.2291666667
MAPPO strict 1+5 (stitched 100M),50-100M,79516800,3106.125,499948.71875,500455.6770833333
MAPPO strict 1+5 (stitched 100M),50-100M,79568000,3108.125,501589.75,500986.9479166667
MAPPO strict 1+5 (stitched 100M),50-100M,79619200,3110.125,501422.375,501628.25
MAPPO strict 1+5 (stitched 100M),50-100M,79670400,3112.125,501872.625,501603.3333333333
MAPPO strict 1+5 (stitched 100M),50-100M,79721600,3114.125,501515.0,501592.6145833333
MAPPO strict 1+5 (stitched 100M),50-100M,79772800,3116.125,501390.21875,501329.1145833333
MAPPO strict 1+5 (stitched 100M),50-100M,79824000,3118.125,501082.125,501897.5
MAPPO strict 1+5 (stitched 100M),50-100M,79875200,3120.125,503220.15625,502232.1041666667
MAPPO strict 1+5 (stitched 100M),50-100M,79926400,3122.125,502394.03125,502526.90625
MAPPO strict 1+5 (stitched 100M),50-100M,79977600,3124.125,501966.53125,501870.1145833333
MAPPO strict 1+5 (stitched 100M),50-100M,80028800,3126.125,501249.78125,501364.96875
MAPPO strict 1+5 (stitched 100M),50-100M,80080000,3128.125,500878.59375,501271.71875
MAPPO strict 1+5 (stitched 100M),50-100M,80131200,3130.125,501686.78125,501734.4375
MAPPO strict 1+5 (stitched 100M),50-100M,80182400,3132.125,502637.9375,502256.6354166667
MAPPO strict 1+5 (stitched 100M),50-100M,80233600,3134.125,502445.1875,502243.9479166667
MAPPO strict 1+5 (stitched 100M),50-100M,80284800,3136.125,501648.71875,501512.7708333333
MAPPO strict 1+5 (stitched 100M),50-100M,80336000,3138.125,500444.40625,500946.3854166667
MAPPO strict 1+5 (stitched 100M),50-100M,80387200,3140.125,500746.03125,500523.2395833333
MAPPO strict 1+5 (stitched 100M),50-100M,80438400,3142.125,500379.28125,500888.9375
MAPPO strict 1+5 (stitched 100M),50-100M,80489600,3144.125,501541.5,501162.7083333333
MAPPO strict 1+5 (stitched 100M),50-100M,80540800,3146.125,501567.34375,501586.09375
MAPPO strict 1+5 (stitched 100M),50-100M,80592000,3148.125,501649.4375,501272.3125
MAPPO strict 1+5 (stitched 100M),50-100M,80643200,3150.125,500600.15625,501144.4479166667
MAPPO strict 1+5 (stitched 100M),50-100M,80694400,3152.125,501183.75,501464.8541666667
MAPPO strict 1+5 (stitched 100M),50-100M,80745600,3154.125,502610.65625,501833.21875
MAPPO strict 1+5 (stitched 100M),50-100M,80796800,3156.125,501705.25,501911.4270833333
MAPPO strict 1+5 (stitched 100M),50-100M,80848000,3158.125,501418.375,502006.2708333333
MAPPO strict 1+5 (stitched 100M),50-100M,80899200,3160.125,502895.1875,501555.4270833333
MAPPO strict 1+5 (stitched 100M),50-100M,80950400,3162.125,500352.71875,501766.5104166667
MAPPO strict 1+5 (stitched 100M),50-100M,81001600,3164.125,502051.625,501399.0208333333
MAPPO strict 1+5 (stitched 100M),50-100M,81052800,3166.125,501792.71875,501877.0
MAPPO strict 1+5 (stitched 100M),50-100M,81104000,3168.125,501786.65625,500998.2083333333
MAPPO strict 1+5 (stitched 100M),50-100M,81155200,3170.125,499415.25,500834.3020833333
MAPPO strict 1+5 (stitched 100M),50-100M,81206400,3172.125,501301.0,500832.2395833333
MAPPO strict 1+5 (stitched 100M),50-100M,81257600,3174.125,501780.46875,501662.3125
MAPPO strict 1+5 (stitched 100M),50-100M,81308800,3176.125,501905.46875,501760.8958333333
MAPPO strict 1+5 (stitched 100M),50-100M,81360000,3178.125,501596.75,500937.8125
MAPPO strict 1+5 (stitched 100M),50-100M,81411200,3180.125,499311.21875,500076.0833333333
MAPPO strict 1+5 (stitched 100M),50-100M,81462400,3182.125,499320.28125,499676.9166666667
MAPPO strict 1+5 (stitched 100M),50-100M,81513600,3184.125,500399.25,500612.3125
MAPPO strict 1+5 (stitched 100M),50-100M,81564800,3186.125,502117.40625,500864.3020833333
MAPPO strict 1+5 (stitched 100M),50-100M,81616000,3188.125,500076.25,500704.375
MAPPO strict 1+5 (stitched 100M),50-100M,81667200,3190.125,499919.46875,500584.0
MAPPO strict 1+5 (stitched 100M),50-100M,81718400,3192.125,501756.28125,501202.90625
MAPPO strict 1+5 (stitched 100M),50-100M,81769600,3194.125,501932.96875,502453.6666666667
MAPPO strict 1+5 (stitched 100M),50-100M,81820800,3196.125,503671.75,502842.5208333333
MAPPO strict 1+5 (stitched 100M),50-100M,81872000,3198.125,502922.84375,503496.9583333333
MAPPO strict 1+5 (stitched 100M),50-100M,81923200,3200.125,503896.28125,503453.5729166667
MAPPO strict 1+5 (stitched 100M),50-100M,81974400,3202.125,503541.59375,503149.9166666667
MAPPO strict 1+5 (stitched 100M),50-100M,82025600,3204.125,502011.875,502372.8854166667
MAPPO strict 1+5 (stitched 100M),50-100M,82076800,3206.125,501565.1875,502109.84375
MAPPO strict 1+5 (stitched 100M),50-100M,82128000,3208.125,502752.46875,502344.4895833333
MAPPO strict 1+5 (stitched 100M),50-100M,82179200,3210.125,502715.8125,502457.6458333333
MAPPO strict 1+5 (stitched 100M),50-100M,82230400,3212.125,501904.65625,502333.84375
MAPPO strict 1+5 (stitched 100M),50-100M,82281600,3214.125,502381.0625,502677.8020833333
MAPPO strict 1+5 (stitched 100M),50-100M,82332800,3216.125,503747.6875,503169.6354166667
MAPPO strict 1+5 (stitched 100M),50-100M,82384000,3218.125,503380.15625,503216.0
MAPPO strict 1+5 (stitched 100M),50-100M,82435200,3220.125,502520.15625,502687.2708333333
MAPPO strict 1+5 (stitched 100M),50-100M,82486400,3222.125,502161.5,502200.9583333333
MAPPO strict 1+5 (stitched 100M),50-100M,82537600,3224.125,501921.21875,501803.6875
MAPPO strict 1+5 (stitched 100M),50-100M,82588800,3226.125,501328.34375,501477.40625
MAPPO strict 1+5 (stitched 100M),50-100M,82640000,3228.125,501182.65625,501262.5104166667
MAPPO strict 1+5 (stitched 100M),50-100M,82691200,3230.125,501276.53125,501630.0104166667
MAPPO strict 1+5 (stitched 100M),50-100M,82742400,3232.125,502430.84375,501871.0208333333
MAPPO strict 1+5 (stitched 100M),50-100M,82793600,3234.125,501905.6875,502267.7083333333
MAPPO strict 1+5 (stitched 100M),50-100M,82844800,3236.125,502466.59375,502159.3333333333
MAPPO strict 1+5 (stitched 100M),50-100M,82896000,3238.125,502105.71875,501818.4375
MAPPO strict 1+5 (stitched 100M),50-100M,82947200,3240.125,500883.0,501382.9166666667
MAPPO strict 1+5 (stitched 100M),50-100M,82998400,3242.125,501160.03125,501151.8020833333
MAPPO strict 1+5 (stitched 100M),50-100M,83049600,3244.125,501412.375,500728.0
MAPPO strict 1+5 (stitched 100M),50-100M,83100800,3246.125,499611.59375,499953.8854166667
MAPPO strict 1+5 (stitched 100M),50-100M,83152000,3248.125,498837.6875,499192.96875
MAPPO strict 1+5 (stitched 100M),50-100M,83203200,3250.125,499129.625,499418.84375
MAPPO strict 1+5 (stitched 100M),50-100M,83254400,3252.125,500289.21875,499537.2083333333
MAPPO strict 1+5 (stitched 100M),50-100M,83305600,3254.125,499192.78125,500044.1770833333
MAPPO strict 1+5 (stitched 100M),50-100M,83356800,3256.125,500650.53125,500334.875
MAPPO strict 1+5 (stitched 100M),50-100M,83408000,3258.125,501161.3125,500889.4166666667
MAPPO strict 1+5 (stitched 100M),50-100M,83459200,3260.125,500856.40625,501007.2083333333
MAPPO strict 1+5 (stitched 100M),50-100M,83510400,3262.125,501003.90625,500965.3020833333
MAPPO strict 1+5 (stitched 100M),50-100M,83561600,3264.125,501035.59375,501144.2604166667
MAPPO strict 1+5 (stitched 100M),50-100M,83612800,3266.125,501393.28125,501404.84375
MAPPO strict 1+5 (stitched 100M),50-100M,83664000,3268.125,501785.65625,501167.0833333333
MAPPO strict 1+5 (stitched 100M),50-100M,83715200,3270.125,500322.3125,500264.1875
MAPPO strict 1+5 (stitched 100M),50-100M,83766400,3272.125,498684.59375,499592.0833333333
MAPPO strict 1+5 (stitched 100M),50-100M,83817600,3274.125,499769.34375,499661.3958333333
MAPPO strict 1+5 (stitched 100M),50-100M,83868800,3276.125,500530.25,499755.7708333333
MAPPO strict 1+5 (stitched 100M),50-100M,83920000,3278.125,498967.71875,499795.0
MAPPO strict 1+5 (stitched 100M),50-100M,83971200,3280.125,499887.03125,499750.3541666667
MAPPO strict 1+5 (stitched 100M),50-100M,84022400,3282.125,500396.3125,500074.5520833333
MAPPO strict 1+5 (stitched 100M),50-100M,84073600,3284.125,499940.3125,500115.1458333333
MAPPO strict 1+5 (stitched 100M),50-100M,84124800,3286.125,500008.8125,499155.6458333333
MAPPO strict 1+5 (stitched 100M),50-100M,84176000,3288.125,497517.8125,498627.4791666667
MAPPO strict 1+5 (stitched 100M),50-100M,84227200,3290.125,498355.8125,497773.4791666667
MAPPO strict 1+5 (stitched 100M),50-100M,84278400,3292.125,497446.8125,497736.1354166667
MAPPO strict 1+5 (stitched 100M),50-100M,84329600,3294.125,497405.78125,497118.46875
MAPPO strict 1+5 (stitched 100M),50-100M,84380800,3296.125,496502.8125,497131.2708333333
MAPPO strict 1+5 (stitched 100M),50-100M,84432000,3298.125,497485.21875,497078.1041666667
MAPPO strict 1+5 (stitched 100M),50-100M,84483200,3300.125,497246.28125,497337.0729166667
MAPPO strict 1+5 (stitched 100M),50-100M,84534400,3302.125,497279.71875,497236.6875
MAPPO strict 1+5 (stitched 100M),50-100M,84585600,3304.125,497184.0625,496982.2604166667
MAPPO strict 1+5 (stitched 100M),50-100M,84636800,3306.125,496483.0,497053.1979166667
MAPPO strict 1+5 (stitched 100M),50-100M,84688000,3308.125,497492.53125,497051.90625
MAPPO strict 1+5 (stitched 100M),50-100M,84739200,3310.125,497180.1875,496944.4895833333
MAPPO strict 1+5 (stitched 100M),50-100M,84790400,3312.125,496160.75,496056.3854166667
MAPPO strict 1+5 (stitched 100M),50-100M,84841600,3314.125,494828.21875,495377.0729166667
MAPPO strict 1+5 (stitched 100M),50-100M,84892800,3316.125,495142.25,495210.125
MAPPO strict 1+5 (stitched 100M),50-100M,84944000,3318.125,495659.90625,495608.15625
MAPPO strict 1+5 (stitched 100M),50-100M,84995200,3320.125,496022.3125,495550.5416666667
MAPPO strict 1+5 (stitched 100M),50-100M,85046400,3322.125,494969.40625,495421.4583333333
MAPPO strict 1+5 (stitched 100M),50-100M,85097600,3324.125,495272.65625,495164.15625
MAPPO strict 1+5 (stitched 100M),50-100M,85148800,3326.125,495250.40625,494794.0416666667
MAPPO strict 1+5 (stitched 100M),50-100M,85200000,3328.125,493859.0625,495196.53125
MAPPO strict 1+5 (stitched 100M),50-100M,85251200,3330.125,496480.125,494796.7083333333
MAPPO strict 1+5 (stitched 100M),50-100M,85302400,3332.125,494050.9375,495608.28125
MAPPO strict 1+5 (stitched 100M),50-100M,85353600,3334.125,496293.78125,495785.0104166667
MAPPO strict 1+5 (stitched 100M),50-100M,85404800,3336.125,497010.3125,496403.8229166667
MAPPO strict 1+5 (stitched 100M),50-100M,85456000,3338.125,495907.375,496425.4791666667
MAPPO strict 1+5 (stitched 100M),50-100M,85507200,3340.125,496358.75,495715.0
MAPPO strict 1+5 (stitched 100M),50-100M,85558400,3342.125,494878.875,495642.5520833333
MAPPO strict 1+5 (stitched 100M),50-100M,85609600,3344.125,495690.03125,496104.3958333333
MAPPO strict 1+5 (stitched 100M),50-100M,85660800,3346.125,497744.28125,496748.3541666667
MAPPO strict 1+5 (stitched 100M),50-100M,85712000,3348.125,496810.75,496834.7291666667
MAPPO strict 1+5 (stitched 100M),50-100M,85763200,3350.125,495949.15625,496686.84375
MAPPO strict 1+5 (stitched 100M),50-100M,85814400,3352.125,497300.625,497544.6666666667
MAPPO strict 1+5 (stitched 100M),50-100M,85865600,3354.125,499384.21875,499014.9791666667
MAPPO strict 1+5 (stitched 100M),50-100M,85916800,3356.125,500360.09375,500098.7604166667
MAPPO strict 1+5 (stitched 100M),50-100M,85968000,3358.125,500551.96875,499939.65625
MAPPO strict 1+5 (stitched 100M),50-100M,86019200,3360.125,498906.90625,499632.4791666667
MAPPO strict 1+5 (stitched 100M),50-100M,86070400,3362.125,499438.5625,499941.625
MAPPO strict 1+5 (stitched 100M),50-100M,86121600,3364.125,501479.40625,501199.0625
MAPPO strict 1+5 (stitched 100M),50-100M,86172800,3366.125,502679.21875,502641.6145833333
MAPPO strict 1+5 (stitched 100M),50-100M,86224000,3368.125,503766.21875,503768.9791666667
MAPPO strict 1+5 (stitched 100M),50-100M,86275200,3370.125,504861.5,503651.8854166667
MAPPO strict 1+5 (stitched 100M),50-100M,86326400,3372.125,502327.9375,503241.8229166667
MAPPO strict 1+5 (stitched 100M),50-100M,86377600,3374.125,502536.03125,502359.1875
MAPPO strict 1+5 (stitched 100M),50-100M,86428800,3376.125,502213.59375,502413.6770833333
MAPPO strict 1+5 (stitched 100M),50-100M,86480000,3378.125,502491.40625,502143.0833333333
MAPPO strict 1+5 (stitched 100M),50-100M,86531200,3380.125,501724.25,502243.3854166667
MAPPO strict 1+5 (stitched 100M),50-100M,86582400,3382.125,502514.5,502901.0729166667
MAPPO strict 1+5 (stitched 100M),50-100M,86633600,3384.125,504464.46875,503554.5416666667
MAPPO strict 1+5 (stitched 100M),50-100M,86684800,3386.125,503684.65625,503948.90625
MAPPO strict 1+5 (stitched 100M),50-100M,86736000,3388.125,503697.59375,503661.0833333333
MAPPO strict 1+5 (stitched 100M),50-100M,86787200,3390.125,503601.0,502997.3125
MAPPO strict 1+5 (stitched 100M),50-100M,86838400,3392.125,501693.34375,502957.4375
MAPPO strict 1+5 (stitched 100M),50-100M,86889600,3394.125,503577.96875,503377.71875
MAPPO strict 1+5 (stitched 100M),50-100M,86940800,3396.125,504861.84375,503831.4479166667
MAPPO strict 1+5 (stitched 100M),50-100M,86992000,3398.125,503054.53125,503728.90625
MAPPO strict 1+5 (stitched 100M),50-100M,87043200,3400.125,503270.34375,503400.65625
MAPPO strict 1+5 (stitched 100M),50-100M,87094400,3402.125,503877.09375,503879.8958333333
MAPPO strict 1+5 (stitched 100M),50-100M,87145600,3404.125,504492.25,504214.375
MAPPO strict 1+5 (stitched 100M),50-100M,87196800,3406.125,504273.78125,503762.9895833333
MAPPO strict 1+5 (stitched 100M),50-100M,87248000,3408.125,502522.9375,503337.9791666667
MAPPO strict 1+5 (stitched 100M),50-100M,87299200,3410.125,503217.21875,503187.0104166667
MAPPO strict 1+5 (stitched 100M),50-100M,87350400,3412.125,503820.875,504283.28125
MAPPO strict 1+5 (stitched 100M),50-100M,87401600,3414.125,505811.75,504931.6145833333
MAPPO strict 1+5 (stitched 100M),50-100M,87452800,3416.125,505162.21875,505592.5520833333
MAPPO strict 1+5 (stitched 100M),50-100M,87504000,3418.125,505803.6875,505485.71875
MAPPO strict 1+5 (stitched 100M),50-100M,87555200,3420.125,505491.25,505503.8958333333
MAPPO strict 1+5 (stitched 100M),50-100M,87606400,3422.125,505216.75,505794.125
MAPPO strict 1+5 (stitched 100M),50-100M,87657600,3424.125,506674.375,506199.2916666667
MAPPO strict 1+5 (stitched 100M),50-100M,87708800,3426.125,506706.75,506985.0729166667
MAPPO strict 1+5 (stitched 100M),50-100M,87760000,3428.125,507574.09375,507153.84375
MAPPO strict 1+5 (stitched 100M),50-100M,87811200,3430.125,507180.6875,507020.8020833333
MAPPO strict 1+5 (stitched 100M),50-100M,87862400,3432.125,506307.625,506742.1666666667
MAPPO strict 1+5 (stitched 100M),50-100M,87913600,3434.125,506738.1875,506462.3645833333
MAPPO strict 1+5 (stitched 100M),50-100M,87964800,3436.125,506341.28125,506284.78125
MAPPO strict 1+5 (stitched 100M),50-100M,88016000,3438.125,505774.875,505682.8125
MAPPO strict 1+5 (stitched 100M),50-100M,88067200,3440.125,504932.28125,505373.6875
MAPPO strict 1+5 (stitched 100M),50-100M,88118400,3442.125,505413.90625,505484.2604166667
MAPPO strict 1+5 (stitched 100M),50-100M,88169600,3444.125,506106.59375,506128.2395833333
MAPPO strict 1+5 (stitched 100M),50-100M,88220800,3446.125,506864.21875,506323.0833333333
MAPPO strict 1+5 (stitched 100M),50-100M,88272000,3448.125,505998.4375,506280.6458333333
MAPPO strict 1+5 (stitched 100M),50-100M,88323200,3450.125,505979.28125,505855.21875
MAPPO strict 1+5 (stitched 100M),50-100M,88374400,3452.125,505587.9375,506103.8333333333
MAPPO strict 1+5 (stitched 100M),50-100M,88425600,3454.125,506744.28125,506201.75
MAPPO strict 1+5 (stitched 100M),50-100M,88476800,3456.125,506273.03125,506360.2083333333
MAPPO strict 1+5 (stitched 100M),50-100M,88528000,3458.125,506063.3125,505717.46875
MAPPO strict 1+5 (stitched 100M),50-100M,88579200,3460.125,504816.0625,505180.09375
MAPPO strict 1+5 (stitched 100M),50-100M,88630400,3462.125,504660.90625,504276.1666666667
MAPPO strict 1+5 (stitched 100M),50-100M,88681600,3464.125,503351.53125,504306.7916666667
MAPPO strict 1+5 (stitched 100M),50-100M,88732800,3466.125,504907.9375,504311.7395833333
MAPPO strict 1+5 (stitched 100M),50-100M,88784000,3468.125,504675.75,504590.9479166667
MAPPO strict 1+5 (stitched 100M),50-100M,88835200,3470.125,504189.15625,504192.7395833333
MAPPO strict 1+5 (stitched 100M),50-100M,88886400,3472.125,503713.3125,504109.5
MAPPO strict 1+5 (stitched 100M),50-100M,88937600,3474.125,504426.03125,504559.3333333333
MAPPO strict 1+5 (stitched 100M),50-100M,88988800,3476.125,505538.65625,504587.5416666667
MAPPO strict 1+5 (stitched 100M),50-100M,89040000,3478.125,503797.9375,504579.1041666667
MAPPO strict 1+5 (stitched 100M),50-100M,89091200,3480.125,504400.71875,504046.03125
MAPPO strict 1+5 (stitched 100M),50-100M,89142400,3482.125,503939.4375,503640.3854166667
MAPPO strict 1+5 (stitched 100M),50-100M,89193600,3484.125,502581.0,503026.65625
MAPPO strict 1+5 (stitched 100M),50-100M,89244800,3486.125,502559.53125,502726.0833333333
MAPPO strict 1+5 (stitched 100M),50-100M,89296000,3488.125,503037.71875,502381.8229166667
MAPPO strict 1+5 (stitched 100M),50-100M,89347200,3490.125,501548.21875,501771.53125
MAPPO strict 1+5 (stitched 100M),50-100M,89398400,3492.125,500728.65625,501542.1875
MAPPO strict 1+5 (stitched 100M),50-100M,89449600,3494.125,502349.6875,502014.5833333333
MAPPO strict 1+5 (stitched 100M),50-100M,89500800,3496.125,502965.40625,502523.84375
MAPPO strict 1+5 (stitched 100M),50-100M,89552000,3498.125,502256.4375,502004.3125
MAPPO strict 1+5 (stitched 100M),50-100M,89603200,3500.125,500791.09375,501884.1770833333
MAPPO strict 1+5 (stitched 100M),50-100M,89654400,3502.125,502605.0,501595.2291666667
MAPPO strict 1+5 (stitched 100M),50-100M,89705600,3504.125,501389.59375,501717.7708333333
MAPPO strict 1+5 (stitched 100M),50-100M,89756800,3506.125,501158.71875,501055.0104166667
MAPPO strict 1+5 (stitched 100M),50-100M,89808000,3508.125,500616.71875,501036.8541666667
MAPPO strict 1+5 (stitched 100M),50-100M,89859200,3510.125,501335.125,500866.125
MAPPO strict 1+5 (stitched 100M),50-100M,89910400,3512.125,500646.53125,500941.5833333333
MAPPO strict 1+5 (stitched 100M),50-100M,89961600,3514.125,500843.09375,500193.03125
MAPPO strict 1+5 (stitched 100M),50-100M,90012800,3516.125,499089.46875,499354.6666666667
MAPPO strict 1+5 (stitched 100M),50-100M,90064000,3518.125,498131.4375,497882.0729166667
MAPPO strict 1+5 (stitched 100M),50-100M,90115200,3520.125,496425.3125,497575.4791666667
MAPPO strict 1+5 (stitched 100M),50-100M,90166400,3522.125,498169.6875,497350.4895833333
MAPPO strict 1+5 (stitched 100M),50-100M,90217600,3524.125,497456.46875,497650.4583333333
MAPPO strict 1+5 (stitched 100M),50-100M,90268800,3526.125,497325.21875,496174.4583333333
MAPPO strict 1+5 (stitched 100M),50-100M,90320000,3528.125,493741.6875,494761.8333333333
MAPPO strict 1+5 (stitched 100M),50-100M,90371200,3530.125,493218.59375,493730.34375
MAPPO strict 1+5 (stitched 100M),50-100M,90422400,3532.125,494230.75,494146.1875
MAPPO strict 1+5 (stitched 100M),50-100M,90473600,3534.125,494989.21875,494714.125
MAPPO strict 1+5 (stitched 100M),50-100M,90524800,3536.125,494922.40625,495110.3645833333
MAPPO strict 1+5 (stitched 100M),50-100M,90576000,3538.125,495419.46875,495622.3541666667
MAPPO strict 1+5 (stitched 100M),50-100M,90627200,3540.125,496525.1875,496338.5729166667
MAPPO strict 1+5 (stitched 100M),50-100M,90678400,3542.125,497071.0625,496918.71875
MAPPO strict 1+5 (stitched 100M),50-100M,90729600,3544.125,497159.90625,498188.9479166667
MAPPO strict 1+5 (stitched 100M),50-100M,90780800,3546.125,500335.875,498908.3229166667
MAPPO strict 1+5 (stitched 100M),50-100M,90832000,3548.125,499229.1875,500193.3541666667
MAPPO strict 1+5 (stitched 100M),50-100M,90883200,3550.125,501015.0,500701.9895833333
MAPPO strict 1+5 (stitched 100M),50-100M,90934400,3552.125,501861.78125,501872.3229166667
MAPPO strict 1+5 (stitched 100M),50-100M,90985600,3554.125,502740.1875,502371.0520833333
MAPPO strict 1+5 (stitched 100M),50-100M,91036800,3556.125,502511.1875,502896.15625
MAPPO strict 1+5 (stitched 100M),50-100M,91088000,3558.125,503437.09375,503356.15625
MAPPO strict 1+5 (stitched 100M),50-100M,91139200,3560.125,504120.1875,504711.2395833333
MAPPO strict 1+5 (stitched 100M),50-100M,91190400,3562.125,506576.4375,505776.46875
MAPPO strict 1+5 (stitched 100M),50-100M,91241600,3564.125,506632.78125,506631.9166666667
MAPPO strict 1+5 (stitched 100M),50-100M,91292800,3566.125,506686.53125,506504.1666666667
MAPPO strict 1+5 (stitched 100M),50-100M,91344000,3568.125,506193.1875,506593.2083333333
MAPPO strict 1+5 (stitched 100M),50-100M,91395200,3570.125,506899.90625,506637.125
MAPPO strict 1+5 (stitched 100M),50-100M,91446400,3572.125,506818.28125,506794.25
MAPPO strict 1+5 (stitched 100M),50-100M,91497600,3574.125,506664.5625,506844.84375
MAPPO strict 1+5 (stitched 100M),50-100M,91548800,3576.125,507051.6875,507017.0416666667
MAPPO strict 1+5 (stitched 100M),50-100M,91600000,3578.125,507334.875,507082.125
MAPPO strict 1+5 (stitched 100M),50-100M,91651200,3580.125,506859.8125,506637.5
MAPPO strict 1+5 (stitched 100M),50-100M,91702400,3582.125,505717.8125,506442.0416666667
MAPPO strict 1+5 (stitched 100M),50-100M,91753600,3584.125,506748.5,506846.46875
MAPPO strict 1+5 (stitched 100M),50-100M,91804800,3586.125,508073.09375,507588.6458333333
MAPPO strict 1+5 (stitched 100M),50-100M,91856000,3588.125,507944.34375,507801.9791666667
MAPPO strict 1+5 (stitched 100M),50-100M,91907200,3590.125,507388.5,508184.71875
MAPPO strict 1+5 (stitched 100M),50-100M,91958400,3592.125,509221.3125,508611.90625
MAPPO strict 1+5 (stitched 100M),50-100M,92009600,3594.125,509225.90625,509693.5208333333
MAPPO strict 1+5 (stitched 100M),50-100M,92060800,3596.125,510633.34375,509210.3125
MAPPO strict 1+5 (stitched 100M),50-100M,92112000,3598.125,507771.6875,508747.8645833333
MAPPO strict 1+5 (stitched 100M),50-100M,92163200,3600.125,507838.5625,508031.9270833333
MAPPO strict 1+5 (stitched 100M),50-100M,92214400,3602.125,508485.53125,508192.3020833333
MAPPO strict 1+5 (stitched 100M),50-100M,92265600,3604.125,508252.8125,508571.4583333333
MAPPO strict 1+5 (stitched 100M),50-100M,92316800,3606.125,508976.03125,508503.5208333333
MAPPO strict 1+5 (stitched 100M),50-100M,92368000,3608.125,508281.71875,508451.125
MAPPO strict 1+5 (stitched 100M),50-100M,92419200,3610.125,508095.625,507489.7916666667
MAPPO strict 1+5 (stitched 100M),50-100M,92470400,3612.125,506092.03125,506672.4791666667
MAPPO strict 1+5 (stitched 100M),50-100M,92521600,3614.125,505829.78125,506313.6041666667
MAPPO strict 1+5 (stitched 100M),50-100M,92572800,3616.125,507019.0,506942.4479166667
MAPPO strict 1+5 (stitched 100M),50-100M,92624000,3618.125,507978.5625,507319.40625
MAPPO strict 1+5 (stitched 100M),50-100M,92675200,3620.125,506960.65625,507330.6458333333
MAPPO strict 1+5 (stitched 100M),50-100M,92726400,3622.125,507052.71875,507075.4375
MAPPO strict 1+5 (stitched 100M),50-100M,92777600,3624.125,507212.9375,507709.3958333333
MAPPO strict 1+5 (stitched 100M),50-100M,92828800,3626.125,508862.53125,508038.40625
MAPPO strict 1+5 (stitched 100M),50-100M,92880000,3628.125,508039.75,508363.8229166667
MAPPO strict 1+5 (stitched 100M),50-100M,92931200,3630.125,508189.1875,507950.0833333333
MAPPO strict 1+5 (stitched 100M),50-100M,92982400,3632.125,507621.3125,507034.6979166667
MAPPO strict 1+5 (stitched 100M),50-100M,93033600,3634.125,505293.59375,506904.6354166667
MAPPO strict 1+5 (stitched 100M),50-100M,93084800,3636.125,507799.0,506654.90625
MAPPO strict 1+5 (stitched 100M),50-100M,93136000,3638.125,506872.125,507954.8645833333
MAPPO strict 1+5 (stitched 100M),50-100M,93187200,3640.125,509193.46875,507899.1458333333
MAPPO strict 1+5 (stitched 100M),50-100M,93238400,3642.125,507631.84375,507562.25
MAPPO strict 1+5 (stitched 100M),50-100M,93289600,3644.125,505861.4375,506827.7395833333
MAPPO strict 1+5 (stitched 100M),50-100M,93340800,3646.125,506989.9375,506254.7916666667
MAPPO strict 1+5 (stitched 100M),50-100M,93392000,3648.125,505913.0,506578.1354166667
MAPPO strict 1+5 (stitched 100M),50-100M,93443200,3650.125,506831.46875,506186.1458333333
MAPPO strict 1+5 (stitched 100M),50-100M,93494400,3652.125,505813.96875,506418.8125
MAPPO strict 1+5 (stitched 100M),50-100M,93545600,3654.125,506611.0,505751.71875
MAPPO strict 1+5 (stitched 100M),50-100M,93596800,3656.125,504830.1875,505905.6145833333
MAPPO strict 1+5 (stitched 100M),50-100M,93648000,3658.125,506275.65625,505965.9895833333
MAPPO strict 1+5 (stitched 100M),50-100M,93699200,3660.125,506792.125,506077.9479166667
MAPPO strict 1+5 (stitched 100M),50-100M,93750400,3662.125,505166.0625,505357.2708333333
MAPPO strict 1+5 (stitched 100M),50-100M,93801600,3664.125,504113.625,504395.1041666667
MAPPO strict 1+5 (stitched 100M),50-100M,93852800,3666.125,503905.625,504207.1458333333
MAPPO strict 1+5 (stitched 100M),50-100M,93904000,3668.125,504602.1875,504403.1770833333
MAPPO strict 1+5 (stitched 100M),50-100M,93955200,3670.125,504701.71875,504574.1458333333
MAPPO strict 1+5 (stitched 100M),50-100M,94006400,3672.125,504418.53125,504268.0729166667
MAPPO strict 1+5 (stitched 100M),50-100M,94057600,3674.125,503683.96875,502711.9166666667
MAPPO strict 1+5 (stitched 100M),50-100M,94108800,3676.125,500033.25,502129.1979166667
MAPPO strict 1+5 (stitched 100M),50-100M,94160000,3678.125,502670.375,501964.7916666667
MAPPO strict 1+5 (stitched 100M),50-100M,94211200,3680.125,503190.75,503107.7604166667
MAPPO strict 1+5 (stitched 100M),50-100M,94262400,3682.125,503462.15625,502739.9479166667
MAPPO strict 1+5 (stitched 100M),50-100M,94313600,3684.125,501566.9375,501802.5208333333
MAPPO strict 1+5 (stitched 100M),50-100M,94364800,3686.125,500378.46875,500834.125
MAPPO strict 1+5 (stitched 100M),50-100M,94416000,3688.125,500556.96875,500606.625
MAPPO strict 1+5 (stitched 100M),50-100M,94467200,3690.125,500884.4375,500284.2083333333
MAPPO strict 1+5 (stitched 100M),50-100M,94518400,3692.125,499411.21875,500630.9791666667
MAPPO strict 1+5 (stitched 100M),50-100M,94569600,3694.125,501597.28125,501045.5208333333
MAPPO strict 1+5 (stitched 100M),50-100M,94620800,3696.125,502128.0625,502424.59375
MAPPO strict 1+5 (stitched 100M),50-100M,94672000,3698.125,503548.4375,502738.875
MAPPO strict 1+5 (stitched 100M),50-100M,94723200,3700.125,502540.125,503843.4791666667
MAPPO strict 1+5 (stitched 100M),50-100M,94774400,3702.125,505441.875,504311.3854166667
MAPPO strict 1+5 (stitched 100M),50-100M,94825600,3704.125,504952.15625,505692.125
MAPPO strict 1+5 (stitched 100M),50-100M,94876800,3706.125,506682.34375,506187.7395833333
MAPPO strict 1+5 (stitched 100M),50-100M,94928000,3708.125,506928.71875,507068.7708333333
MAPPO strict 1+5 (stitched 100M),50-100M,94979200,3710.125,507595.25,507516.1979166667
MAPPO strict 1+5 (stitched 100M),50-100M,95030400,3712.125,508024.625,507344.9791666667
MAPPO strict 1+5 (stitched 100M),50-100M,95081600,3714.125,506415.0625,507448.1979166667
MAPPO strict 1+5 (stitched 100M),50-100M,95132800,3716.125,507904.90625,507171.1770833333
MAPPO strict 1+5 (stitched 100M),50-100M,95184000,3718.125,507193.5625,507350.9895833333
MAPPO strict 1+5 (stitched 100M),50-100M,95235200,3720.125,506954.5,506998.625
MAPPO strict 1+5 (stitched 100M),50-100M,95286400,3722.125,506847.8125,507402.9270833333
MAPPO strict 1+5 (stitched 100M),50-100M,95337600,3724.125,508406.46875,507747.8854166667
MAPPO strict 1+5 (stitched 100M),50-100M,95388800,3726.125,507989.375,507853.2291666667
MAPPO strict 1+5 (stitched 100M),50-100M,95440000,3728.125,507163.84375,507465.8958333333
MAPPO strict 1+5 (stitched 100M),50-100M,95491200,3730.125,507244.46875,507774.6041666667
MAPPO strict 1+5 (stitched 100M),50-100M,95542400,3732.125,508915.5,508539.0
MAPPO strict 1+5 (stitched 100M),50-100M,95593600,3734.125,509457.03125,509148.7604166667
MAPPO strict 1+5 (stitched 100M),50-100M,95644800,3736.125,509073.75,509664.4583333333
MAPPO strict 1+5 (stitched 100M),50-100M,95696000,3738.125,510462.59375,510176.3229166667
MAPPO strict 1+5 (stitched 100M),50-100M,95747200,3740.125,510992.625,510268.7291666667
MAPPO strict 1+5 (stitched 100M),50-100M,95798400,3742.125,509350.96875,509628.0520833333
MAPPO strict 1+5 (stitched 100M),50-100M,95849600,3744.125,508540.5625,508140.3229166667
MAPPO strict 1+5 (stitched 100M),50-100M,95900800,3746.125,506529.4375,507792.1458333333
MAPPO strict 1+5 (stitched 100M),50-100M,95952000,3748.125,508306.4375,507581.5833333333
MAPPO strict 1+5 (stitched 100M),50-100M,96003200,3750.125,507908.875,507811.9375
MAPPO strict 1+5 (stitched 100M),50-100M,96054400,3752.125,507220.5,507528.25
MAPPO strict 1+5 (stitched 100M),50-100M,96105600,3754.125,507455.375,507818.3541666667
MAPPO strict 1+5 (stitched 100M),50-100M,96156800,3756.125,508779.1875,507969.3645833333
MAPPO strict 1+5 (stitched 100M),50-100M,96208000,3758.125,507673.53125,507727.625
MAPPO strict 1+5 (stitched 100M),50-100M,96259200,3760.125,506730.15625,506409.625
MAPPO strict 1+5 (stitched 100M),50-100M,96310400,3762.125,504825.1875,505501.15625
MAPPO strict 1+5 (stitched 100M),50-100M,96361600,3764.125,504948.125,505048.4583333333
MAPPO strict 1+5 (stitched 100M),50-100M,96412800,3766.125,505372.0625,504930.4791666667
MAPPO strict 1+5 (stitched 100M),50-100M,96464000,3768.125,504471.25,503851.9166666667
MAPPO strict 1+5 (stitched 100M),50-100M,96515200,3770.125,501712.4375,502950.0520833333
MAPPO strict 1+5 (stitched 100M),50-100M,96566400,3772.125,502666.46875,502413.0416666667
MAPPO strict 1+5 (stitched 100M),50-100M,96617600,3774.125,502860.21875,503172.8854166667
MAPPO strict 1+5 (stitched 100M),50-100M,96668800,3776.125,503991.96875,502809.0833333333
MAPPO strict 1+5 (stitched 100M),50-100M,96720000,3778.125,501575.0625,502687.1770833333
MAPPO strict 1+5 (stitched 100M),50-100M,96771200,3780.125,502494.5,502894.7708333333
MAPPO strict 1+5 (stitched 100M),50-100M,96822400,3782.125,504614.75,502572.7395833333
MAPPO strict 1+5 (stitched 100M),50-100M,96873600,3784.125,500608.96875,501924.3645833333
MAPPO strict 1+5 (stitched 100M),50-100M,96924800,3786.125,500549.375,500358.3333333333
MAPPO strict 1+5 (stitched 100M),50-100M,96976000,3788.125,499916.65625,500171.9375
MAPPO strict 1+5 (stitched 100M),50-100M,97027200,3790.125,500049.78125,500235.7291666667
MAPPO strict 1+5 (stitched 100M),50-100M,97078400,3792.125,500740.75,500318.7291666667
MAPPO strict 1+5 (stitched 100M),50-100M,97129600,3794.125,500165.65625,500879.5833333333
MAPPO strict 1+5 (stitched 100M),50-100M,97180800,3796.125,501732.34375,500996.8125
MAPPO strict 1+5 (stitched 100M),50-100M,97232000,3798.125,501092.4375,501346.1979166667
MAPPO strict 1+5 (stitched 100M),50-100M,97283200,3800.125,501213.8125,500789.6770833333
MAPPO strict 1+5 (stitched 100M),50-100M,97334400,3802.125,500062.78125,500293.4166666667
MAPPO strict 1+5 (stitched 100M),50-100M,97385600,3804.125,499603.65625,499831.5833333333
MAPPO strict 1+5 (stitched 100M),50-100M,97436800,3806.125,499828.3125,499746.8541666667
MAPPO strict 1+5 (stitched 100M),50-100M,97488000,3808.125,499808.59375,499856.5729166667
MAPPO strict 1+5 (stitched 100M),50-100M,97539200,3810.125,499932.8125,500034.59375
MAPPO strict 1+5 (stitched 100M),50-100M,97590400,3812.125,500362.375,500062.6041666667
MAPPO strict 1+5 (stitched 100M),50-100M,97641600,3814.125,499892.625,499878.6979166667
MAPPO strict 1+5 (stitched 100M),50-100M,97692800,3816.125,499381.09375,499769.125
MAPPO strict 1+5 (stitched 100M),50-100M,97744000,3818.125,500033.65625,499708.4375
MAPPO strict 1+5 (stitched 100M),50-100M,97795200,3820.125,499710.5625,499997.0208333333
MAPPO strict 1+5 (stitched 100M),50-100M,97846400,3822.125,500246.84375,500079.1458333333
MAPPO strict 1+5 (stitched 100M),50-100M,97897600,3824.125,500280.03125,499979.0208333333
MAPPO strict 1+5 (stitched 100M),50-100M,97948800,3826.125,499410.1875,500011.09375
MAPPO strict 1+5 (stitched 100M),50-100M,98000000,3828.125,500343.0625,500180.6875
MAPPO strict 1+5 (stitched 100M),50-100M,98051200,3830.125,500788.8125,500426.6458333333
MAPPO strict 1+5 (stitched 100M),50-100M,98102400,3832.125,500148.0625,501182.78125
MAPPO strict 1+5 (stitched 100M),50-100M,98153600,3834.125,502611.46875,501848.4479166667
MAPPO strict 1+5 (stitched 100M),50-100M,98204800,3836.125,502785.8125,502815.8020833333
MAPPO strict 1+5 (stitched 100M),50-100M,98256000,3838.125,503050.125,502978.0833333333
MAPPO strict 1+5 (stitched 100M),50-100M,98307200,3840.125,503098.3125,502315.8541666667
MAPPO strict 1+5 (stitched 100M),50-100M,98358400,3842.125,500799.125,501828.2291666667
MAPPO strict 1+5 (stitched 100M),50-100M,98409600,3844.125,501587.25,501291.3020833333
MAPPO strict 1+5 (stitched 100M),50-100M,98460800,3846.125,501487.53125,500975.5416666667
MAPPO strict 1+5 (stitched 100M),50-100M,98512000,3848.125,499851.84375,500363.59375
MAPPO strict 1+5 (stitched 100M),50-100M,98563200,3850.125,499751.40625,499845.0833333333
MAPPO strict 1+5 (stitched 100M),50-100M,98614400,3852.125,499932.0,500188.3645833333
MAPPO strict 1+5 (stitched 100M),50-100M,98665600,3854.125,500881.6875,500548.15625
MAPPO strict 1+5 (stitched 100M),50-100M,98716800,3856.125,500830.78125,500666.1770833333
MAPPO strict 1+5 (stitched 100M),50-100M,98768000,3858.125,500286.0625,500779.5729166667
MAPPO strict 1+5 (stitched 100M),50-100M,98819200,3860.125,501221.875,500486.0520833333
MAPPO strict 1+5 (stitched 100M),50-100M,98870400,3862.125,499950.21875,500298.4895833333
MAPPO strict 1+5 (stitched 100M),50-100M,98921600,3864.125,499723.375,499793.0520833333
MAPPO strict 1+5 (stitched 100M),50-100M,98972800,3866.125,499705.5625,499941.90625
MAPPO strict 1+5 (stitched 100M),50-100M,99024000,3868.125,500396.78125,500888.625
MAPPO strict 1+5 (stitched 100M),50-100M,99075200,3870.125,502563.53125,501554.5416666667
MAPPO strict 1+5 (stitched 100M),50-100M,99126400,3872.125,501703.3125,502126.625
MAPPO strict 1+5 (stitched 100M),50-100M,99177600,3874.125,502113.03125,501849.7291666667
MAPPO strict 1+5 (stitched 100M),50-100M,99228800,3876.125,501732.84375,501758.03125
MAPPO strict 1+5 (stitched 100M),50-100M,99280000,3878.125,501428.21875,502032.2708333333
MAPPO strict 1+5 (stitched 100M),50-100M,99331200,3880.125,502935.75,501382.9895833333
MAPPO strict 1+5 (stitched 100M),50-100M,99382400,3882.125,499785.0,501085.21875
MAPPO strict 1+5 (stitched 100M),50-100M,99433600,3884.125,500534.90625,500810.4166666667
MAPPO strict 1+5 (stitched 100M),50-100M,99484800,3886.125,502111.34375,501598.21875
MAPPO strict 1+5 (stitched 100M),50-100M,99536000,3888.125,502148.40625,502079.9166666667
MAPPO strict 1+5 (stitched 100M),50-100M,99587200,3890.125,501980.0,502455.4479166667
MAPPO strict 1+5 (stitched 100M),50-100M,99638400,3892.125,503237.9375,503247.3020833333
MAPPO strict 1+5 (stitched 100M),50-100M,99689600,3894.125,504523.96875,503995.8020833333
MAPPO strict 1+5 (stitched 100M),50-100M,99740800,3896.125,504225.5,504583.1875
MAPPO strict 1+5 (stitched 100M),50-100M,99792000,3898.125,505000.09375,504558.65625
MAPPO strict 1+5 (stitched 100M),50-100M,99843200,3900.125,504450.375,504836.1770833333
MAPPO strict 1+5 (stitched 100M),50-100M,99894400,3902.125,505058.0625,505438.5416666667
MAPPO strict 1+5 (stitched 100M),50-100M,99945600,3904.125,506807.1875,506226.2916666667
MAPPO strict 1+5 (stitched 100M),50-100M,99996800,3906.125,506813.625,506810.40625
DC-PPO strict 1+5 (stitched 100M),0-50M,25600,1.0,141740.515625,143179.1171875
DC-PPO strict 1+5 (stitched 100M),0-50M,76800,3.0,144617.71875,143429.875
DC-PPO strict 1+5 (stitched 100M),0-50M,128000,5.0,143931.390625,145498.79166666666
DC-PPO strict 1+5 (stitched 100M),0-50M,179200,7.0,147947.265625,149542.22395833334
DC-PPO strict 1+5 (stitched 100M),0-50M,230400,9.0,156748.015625,156365.625
DC-PPO strict 1+5 (stitched 100M),0-50M,281600,11.0,164401.59375,164669.79166666666
DC-PPO strict 1+5 (stitched 100M),0-50M,332800,13.0,172859.765625,171873.9375
DC-PPO strict 1+5 (stitched 100M),0-50M,384000,15.0,178360.453125,180219.42708333334
DC-PPO strict 1+5 (stitched 100M),0-50M,435200,17.0,189438.0625,187562.89583333334
DC-PPO strict 1+5 (stitched 100M),0-50M,486400,19.0,194890.171875,195995.22395833334
DC-PPO strict 1+5 (stitched 100M),0-50M,537600,21.0,203657.4375,201353.046875
DC-PPO strict 1+5 (stitched 100M),0-50M,588800,23.0,205511.53125,207403.32291666666
DC-PPO strict 1+5 (stitched 100M),0-50M,640000,25.0,213041.0,212347.71875
DC-PPO strict 1+5 (stitched 100M),0-50M,691200,27.0,218490.625,217568.78645833334
DC-PPO strict 1+5 (stitched 100M),0-50M,742400,29.0,221174.734375,221757.10416666666
DC-PPO strict 1+5 (stitched 100M),0-50M,793600,31.0,225605.953125,223598.48958333334
DC-PPO strict 1+5 (stitched 100M),0-50M,844800,33.0,224014.78125,225994.72395833334
DC-PPO strict 1+5 (stitched 100M),0-50M,896000,35.0,228363.4375,227088.31770833334
DC-PPO strict 1+5 (stitched 100M),0-50M,947200,37.0,228886.734375,229855.8125
DC-PPO strict 1+5 (stitched 100M),0-50M,998400,39.0,232317.265625,232973.38541666666
DC-PPO strict 1+5 (stitched 100M),0-50M,1049600,41.0,237716.15625,236599.59895833334
DC-PPO strict 1+5 (stitched 100M),0-50M,1100800,43.0,239765.375,240489.00520833334
DC-PPO strict 1+5 (stitched 100M),0-50M,1152000,45.0,243985.484375,243514.55729166666
DC-PPO strict 1+5 (stitched 100M),0-50M,1203200,47.0,246792.8125,246644.3125
DC-PPO strict 1+5 (stitched 100M),0-50M,1254400,49.0,249154.640625,249035.26041666666
DC-PPO strict 1+5 (stitched 100M),0-50M,1305600,51.0,251158.328125,254412.65625
DC-PPO strict 1+5 (stitched 100M),0-50M,1356800,53.0,262925.0,257450.13541666666
DC-PPO strict 1+5 (stitched 100M),0-50M,1408000,55.0,258267.078125,261331.80729166666
DC-PPO strict 1+5 (stitched 100M),0-50M,1459200,57.0,262803.34375,261729.578125
DC-PPO strict 1+5 (stitched 100M),0-50M,1510400,59.0,264118.3125,262175.671875
DC-PPO strict 1+5 (stitched 100M),0-50M,1561600,61.0,259605.359375,262454.5572916667
DC-PPO strict 1+5 (stitched 100M),0-50M,1612800,63.0,263640.0,264181.8802083333
DC-PPO strict 1+5 (stitched 100M),0-50M,1664000,65.0,269300.28125,267487.8229166667
DC-PPO strict 1+5 (stitched 100M),0-50M,1715200,67.0,269523.1875,270184.5208333333
DC-PPO strict 1+5 (stitched 100M),0-50M,1766400,69.0,271730.09375,272723.3020833333
DC-PPO strict 1+5 (stitched 100M),0-50M,1817600,71.0,276916.625,275113.6041666667
DC-PPO strict 1+5 (stitched 100M),0-50M,1868800,73.0,276694.09375,277283.6458333333
DC-PPO strict 1+5 (stitched 100M),0-50M,1920000,75.0,278240.21875,276743.625
DC-PPO strict 1+5 (stitched 100M),0-50M,1971200,77.0,275296.5625,277029.0625
DC-PPO strict 1+5 (stitched 100M),0-50M,2022400,79.0,277550.40625,278385.6666666667
DC-PPO strict 1+5 (stitched 100M),0-50M,2073600,81.0,282310.03125,282716.5729166667
DC-PPO strict 1+5 (stitched 100M),0-50M,2124800,83.0,288289.28125,287838.09375
DC-PPO strict 1+5 (stitched 100M),0-50M,2176000,85.0,292914.96875,291866.21875
DC-PPO strict 1+5 (stitched 100M),0-50M,2227200,87.0,294394.40625,293018.9270833333
DC-PPO strict 1+5 (stitched 100M),0-50M,2278400,89.0,291747.40625,293972.5416666667
DC-PPO strict 1+5 (stitched 100M),0-50M,2329600,91.0,295775.8125,294521.5729166667
DC-PPO strict 1+5 (stitched 100M),0-50M,2380800,93.0,296041.5,296448.5625
DC-PPO strict 1+5 (stitched 100M),0-50M,2432000,95.0,297528.375,296335.2604166667
DC-PPO strict 1+5 (stitched 100M),0-50M,2483200,97.0,295435.90625,297264.21875
DC-PPO strict 1+5 (stitched 100M),0-50M,2534400,99.0,298828.375,297339.4166666667
DC-PPO strict 1+5 (stitched 100M),0-50M,2585600,101.0,297753.96875,297800.1979166667
DC-PPO strict 1+5 (stitched 100M),0-50M,2636800,103.0,296818.25,297775.6875
DC-PPO strict 1+5 (stitched 100M),0-50M,2688000,105.0,298754.84375,297819.375
DC-PPO strict 1+5 (stitched 100M),0-50M,2739200,107.0,297885.03125,299320.0833333333
DC-PPO strict 1+5 (stitched 100M),0-50M,2790400,109.0,301320.375,301522.0520833333
DC-PPO strict 1+5 (stitched 100M),0-50M,2841600,111.0,305360.75,305682.3020833333
DC-PPO strict 1+5 (stitched 100M),0-50M,2892800,113.0,310365.78125,307655.09375
DC-PPO strict 1+5 (stitched 100M),0-50M,2944000,115.0,307238.75,308126.65625
DC-PPO strict 1+5 (stitched 100M),0-50M,2995200,117.0,306775.4375,308146.7395833333
DC-PPO strict 1+5 (stitched 100M),0-50M,3046400,119.0,310426.03125,310864.9166666667
DC-PPO strict 1+5 (stitched 100M),0-50M,3097600,121.0,315393.28125,313442.8541666667
DC-PPO strict 1+5 (stitched 100M),0-50M,3148800,123.0,314509.25,316358.8125
DC-PPO strict 1+5 (stitched 100M),0-50M,3200000,125.0,319173.90625,314059.2708333333
DC-PPO strict 1+5 (stitched 100M),0-50M,3251200,127.0,308494.65625,314659.8645833333
DC-PPO strict 1+5 (stitched 100M),0-50M,3302400,129.0,316311.03125,313557.5208333333
DC-PPO strict 1+5 (stitched 100M),0-50M,3353600,131.0,315866.875,314683.0
DC-PPO strict 1+5 (stitched 100M),0-50M,3404800,133.0,311871.09375,313489.1770833333
DC-PPO strict 1+5 (stitched 100M),0-50M,3456000,135.0,312729.5625,313801.7916666667
DC-PPO strict 1+5 (stitched 100M),0-50M,3507200,137.0,316804.71875,315845.4270833333
DC-PPO strict 1+5 (stitched 100M),0-50M,3558400,139.0,318002.0,317239.3333333333
DC-PPO strict 1+5 (stitched 100M),0-50M,3609600,141.0,316911.28125,320361.3125
DC-PPO strict 1+5 (stitched 100M),0-50M,3660800,143.0,326170.65625,323061.8125
DC-PPO strict 1+5 (stitched 100M),0-50M,3712000,145.0,326103.5,327146.59375
DC-PPO strict 1+5 (stitched 100M),0-50M,3763200,147.0,329165.625,326376.3020833333
DC-PPO strict 1+5 (stitched 100M),0-50M,3814400,149.0,323859.78125,325113.78125
DC-PPO strict 1+5 (stitched 100M),0-50M,3865600,151.0,322315.9375,323163.9166666667
DC-PPO strict 1+5 (stitched 100M),0-50M,3916800,153.0,323316.03125,322940.4375
DC-PPO strict 1+5 (stitched 100M),0-50M,3968000,155.0,323189.34375,323031.6354166667
DC-PPO strict 1+5 (stitched 100M),0-50M,4019200,157.0,322589.53125,325352.4270833333
DC-PPO strict 1+5 (stitched 100M),0-50M,4070400,159.0,330278.40625,328033.4583333333
DC-PPO strict 1+5 (stitched 100M),0-50M,4121600,161.0,331232.4375,330998.78125
DC-PPO strict 1+5 (stitched 100M),0-50M,4172800,163.0,331485.5,330048.0729166667
DC-PPO strict 1+5 (stitched 100M),0-50M,4224000,165.0,327426.28125,328097.40625
DC-PPO strict 1+5 (stitched 100M),0-50M,4275200,167.0,325380.4375,327403.21875
DC-PPO strict 1+5 (stitched 100M),0-50M,4326400,169.0,329402.9375,328198.3541666667
DC-PPO strict 1+5 (stitched 100M),0-50M,4377600,171.0,329811.6875,329510.59375
DC-PPO strict 1+5 (stitched 100M),0-50M,4428800,173.0,329317.15625,330489.96875
DC-PPO strict 1+5 (stitched 100M),0-50M,4480000,175.0,332341.0625,331112.03125
DC-PPO strict 1+5 (stitched 100M),0-50M,4531200,177.0,331677.875,332671.9375
DC-PPO strict 1+5 (stitched 100M),0-50M,4582400,179.0,333996.875,334244.8541666667
DC-PPO strict 1+5 (stitched 100M),0-50M,4633600,181.0,337059.8125,334428.7708333333
DC-PPO strict 1+5 (stitched 100M),0-50M,4684800,183.0,332229.625,334452.9166666667
DC-PPO strict 1+5 (stitched 100M),0-50M,4736000,185.0,334069.3125,333351.53125
DC-PPO strict 1+5 (stitched 100M),0-50M,4787200,187.0,333755.65625,335179.28125
DC-PPO strict 1+5 (stitched 100M),0-50M,4838400,189.0,337712.875,336230.5104166667
DC-PPO strict 1+5 (stitched 100M),0-50M,4889600,191.0,337223.0,335429.3333333333
DC-PPO strict 1+5 (stitched 100M),0-50M,4940800,193.0,331352.125,334617.3229166667
DC-PPO strict 1+5 (stitched 100M),0-50M,4992000,195.0,335276.84375,334488.15625
DC-PPO strict 1+5 (stitched 100M),0-50M,5043200,197.0,336835.5,337467.28125
DC-PPO strict 1+5 (stitched 100M),0-50M,5094400,199.0,340289.5,340526.0104166667
DC-PPO strict 1+5 (stitched 100M),0-50M,5145600,201.0,344453.03125,342520.625
DC-PPO strict 1+5 (stitched 100M),0-50M,5196800,203.0,342819.34375,344648.2916666667
DC-PPO strict 1+5 (stitched 100M),0-50M,5248000,205.0,346672.5,346107.5625
DC-PPO strict 1+5 (stitched 100M),0-50M,5299200,207.0,348830.84375,346385.21875
DC-PPO strict 1+5 (stitched 100M),0-50M,5350400,209.0,343652.3125,344172.8020833333
DC-PPO strict 1+5 (stitched 100M),0-50M,5401600,211.0,340035.25,342604.6041666667
DC-PPO strict 1+5 (stitched 100M),0-50M,5452800,213.0,344126.25,343027.25
DC-PPO strict 1+5 (stitched 100M),0-50M,5504000,215.0,344920.25,343450.46875
DC-PPO strict 1+5 (stitched 100M),0-50M,5555200,217.0,341304.90625,343411.6875
DC-PPO strict 1+5 (stitched 100M),0-50M,5606400,219.0,344009.90625,343194.59375
DC-PPO strict 1+5 (stitched 100M),0-50M,5657600,221.0,344268.96875,343622.4166666667
DC-PPO strict 1+5 (stitched 100M),0-50M,5708800,223.0,342588.375,342391.6458333333
DC-PPO strict 1+5 (stitched 100M),0-50M,5760000,225.0,340317.59375,341473.9791666667
DC-PPO strict 1+5 (stitched 100M),0-50M,5811200,227.0,341515.96875,341185.3541666667
DC-PPO strict 1+5 (stitched 100M),0-50M,5862400,229.0,341722.5,343919.4791666667
DC-PPO strict 1+5 (stitched 100M),0-50M,5913600,231.0,348519.96875,347344.21875
DC-PPO strict 1+5 (stitched 100M),0-50M,5964800,233.0,351790.1875,349589.4791666667
DC-PPO strict 1+5 (stitched 100M),0-50M,6016000,235.0,348458.28125,350829.2604166667
DC-PPO strict 1+5 (stitched 100M),0-50M,6067200,237.0,352239.3125,348875.59375
DC-PPO strict 1+5 (stitched 100M),0-50M,6118400,239.0,345929.1875,348839.875
DC-PPO strict 1+5 (stitched 100M),0-50M,6169600,241.0,348351.125,348386.5833333333
DC-PPO strict 1+5 (stitched 100M),0-50M,6220800,243.0,350879.4375,349855.53125
DC-PPO strict 1+5 (stitched 100M),0-50M,6272000,245.0,350336.03125,350069.4583333333
DC-PPO strict 1+5 (stitched 100M),0-50M,6323200,247.0,348992.90625,350628.1979166667
DC-PPO strict 1+5 (stitched 100M),0-50M,6374400,249.0,352555.65625,353592.1354166667
DC-PPO strict 1+5 (stitched 100M),0-50M,6425600,251.0,359227.84375,356526.2083333333
DC-PPO strict 1+5 (stitched 100M),0-50M,6476800,253.0,357795.125,358066.7291666667
DC-PPO strict 1+5 (stitched 100M),0-50M,6528000,255.0,357177.21875,358245.4270833333
DC-PPO strict 1+5 (stitched 100M),0-50M,6579200,257.0,359763.9375,359517.40625
DC-PPO strict 1+5 (stitched 100M),0-50M,6630400,259.0,361611.0625,359294.96875
DC-PPO strict 1+5 (stitched 100M),0-50M,6681600,261.0,356509.90625,359148.8854166667
DC-PPO strict 1+5 (stitched 100M),0-50M,6732800,263.0,359325.6875,358558.4895833333
DC-PPO strict 1+5 (stitched 100M),0-50M,6784000,265.0,359839.875,359543.5729166667
DC-PPO strict 1+5 (stitched 100M),0-50M,6835200,267.0,359465.15625,359377.2291666667
DC-PPO strict 1+5 (stitched 100M),0-50M,6886400,269.0,358826.65625,358822.5520833333
DC-PPO strict 1+5 (stitched 100M),0-50M,6937600,271.0,358175.84375,358956.84375
DC-PPO strict 1+5 (stitched 100M),0-50M,6988800,273.0,359868.03125,358970.0520833333
DC-PPO strict 1+5 (stitched 100M),0-50M,7040000,275.0,358866.28125,359563.71875
DC-PPO strict 1+5 (stitched 100M),0-50M,7091200,277.0,359956.84375,358310.4166666667
DC-PPO strict 1+5 (stitched 100M),0-50M,7142400,279.0,356108.125,357382.7604166667
DC-PPO strict 1+5 (stitched 100M),0-50M,7193600,281.0,356083.3125,355227.3541666667
DC-PPO strict 1+5 (stitched 100M),0-50M,7244800,283.0,353490.625,356183.34375
DC-PPO strict 1+5 (stitched 100M),0-50M,7296000,285.0,358976.09375,356755.2916666667
DC-PPO strict 1+5 (stitched 100M),0-50M,7347200,287.0,357799.15625,359304.84375
DC-PPO strict 1+5 (stitched 100M),0-50M,7398400,289.0,361139.28125,360917.6666666667
DC-PPO strict 1+5 (stitched 100M),0-50M,7449600,291.0,363814.5625,362159.1354166667
DC-PPO strict 1+5 (stitched 100M),0-50M,7500800,293.0,361523.5625,363041.78125
DC-PPO strict 1+5 (stitched 100M),0-50M,7552000,295.0,363787.21875,365068.0833333333
DC-PPO strict 1+5 (stitched 100M),0-50M,7603200,297.0,369893.46875,367984.1666666667
DC-PPO strict 1+5 (stitched 100M),0-50M,7654400,299.0,370271.8125,370095.2395833333
DC-PPO strict 1+5 (stitched 100M),0-50M,7705600,301.0,370120.4375,368120.2291666667
DC-PPO strict 1+5 (stitched 100M),0-50M,7756800,303.0,363968.4375,368750.65625
DC-PPO strict 1+5 (stitched 100M),0-50M,7808000,305.0,372163.09375,369299.7291666667
DC-PPO strict 1+5 (stitched 100M),0-50M,7859200,307.0,371767.65625,371006.3333333333
DC-PPO strict 1+5 (stitched 100M),0-50M,7910400,309.0,369088.25,370392.2708333333
DC-PPO strict 1+5 (stitched 100M),0-50M,7961600,311.0,370320.90625,369584.1770833333
DC-PPO strict 1+5 (stitched 100M),0-50M,8012800,313.0,369343.375,368526.96875
DC-PPO strict 1+5 (stitched 100M),0-50M,8064000,315.0,365916.625,367884.75
DC-PPO strict 1+5 (stitched 100M),0-50M,8115200,317.0,368394.25,368308.3958333333
DC-PPO strict 1+5 (stitched 100M),0-50M,8166400,319.0,370614.3125,369224.46875
DC-PPO strict 1+5 (stitched 100M),0-50M,8217600,321.0,368664.84375,368832.3125
DC-PPO strict 1+5 (stitched 100M),0-50M,8268800,323.0,367217.78125,367778.0416666667
DC-PPO strict 1+5 (stitched 100M),0-50M,8320000,325.0,367451.5,367767.3125
DC-PPO strict 1+5 (stitched 100M),0-50M,8371200,327.0,368632.65625,371481.9479166667
DC-PPO strict 1+5 (stitched 100M),0-50M,8422400,329.0,378361.6875,370420.84375
DC-PPO strict 1+5 (stitched 100M),0-50M,8473600,331.0,364268.1875,371008.5729166667
DC-PPO strict 1+5 (stitched 100M),0-50M,8524800,333.0,370395.84375,369360.0833333333
DC-PPO strict 1+5 (stitched 100M),0-50M,8576000,335.0,373416.21875,372015.3958333333
DC-PPO strict 1+5 (stitched 100M),0-50M,8627200,337.0,372234.125,373899.6145833333
DC-PPO strict 1+5 (stitched 100M),0-50M,8678400,339.0,376048.5,374014.0208333333
DC-PPO strict 1+5 (stitched 100M),0-50M,8729600,341.0,373759.4375,376372.6458333333
DC-PPO strict 1+5 (stitched 100M),0-50M,8780800,343.0,379310.0,376221.4791666667
DC-PPO strict 1+5 (stitched 100M),0-50M,8832000,345.0,375595.0,377120.4583333333
DC-PPO strict 1+5 (stitched 100M),0-50M,8883200,347.0,376456.375,376362.2083333333
DC-PPO strict 1+5 (stitched 100M),0-50M,8934400,349.0,377035.25,379208.2395833333
DC-PPO strict 1+5 (stitched 100M),0-50M,8985600,351.0,384133.09375,380897.15625
DC-PPO strict 1+5 (stitched 100M),0-50M,9036800,353.0,381523.125,381104.5208333333
DC-PPO strict 1+5 (stitched 100M),0-50M,9088000,355.0,377657.34375,380498.3333333333
DC-PPO strict 1+5 (stitched 100M),0-50M,9139200,357.0,382314.53125,379134.5625
DC-PPO strict 1+5 (stitched 100M),0-50M,9190400,359.0,377431.8125,380951.0625
DC-PPO strict 1+5 (stitched 100M),0-50M,9241600,361.0,383106.84375,382165.0625
DC-PPO strict 1+5 (stitched 100M),0-50M,9292800,363.0,385956.53125,384496.2916666667
DC-PPO strict 1+5 (stitched 100M),0-50M,9344000,365.0,384425.5,384550.34375
DC-PPO strict 1+5 (stitched 100M),0-50M,9395200,367.0,383269.0,384270.9270833333
DC-PPO strict 1+5 (stitched 100M),0-50M,9446400,369.0,385118.28125,386801.1458333333
DC-PPO strict 1+5 (stitched 100M),0-50M,9497600,371.0,392016.15625,386753.6875
DC-PPO strict 1+5 (stitched 100M),0-50M,9548800,373.0,383126.625,385660.8958333333
DC-PPO strict 1+5 (stitched 100M),0-50M,9600000,375.0,381839.90625,382591.4270833333
DC-PPO strict 1+5 (stitched 100M),0-50M,9651200,377.0,382807.75,383588.1875
DC-PPO strict 1+5 (stitched 100M),0-50M,9702400,379.0,386116.90625,385282.3020833333
DC-PPO strict 1+5 (stitched 100M),0-50M,9753600,381.0,386922.25,385763.96875
DC-PPO strict 1+5 (stitched 100M),0-50M,9804800,383.0,384252.75,385563.6666666667
DC-PPO strict 1+5 (stitched 100M),0-50M,9856000,385.0,385516.0,384392.6145833333
DC-PPO strict 1+5 (stitched 100M),0-50M,9907200,387.0,383409.09375,385516.25
DC-PPO strict 1+5 (stitched 100M),0-50M,9958400,389.0,387623.65625,383667.09375
DC-PPO strict 1+5 (stitched 100M),0-50M,10009600,391.0,379968.53125,382309.7916666667
DC-PPO strict 1+5 (stitched 100M),0-50M,10060800,393.0,379337.1875,380773.7916666667
DC-PPO strict 1+5 (stitched 100M),0-50M,10112000,395.0,383015.65625,383222.5104166667
DC-PPO strict 1+5 (stitched 100M),0-50M,10163200,397.0,387314.6875,384539.9375
DC-PPO strict 1+5 (stitched 100M),0-50M,10214400,399.0,383289.46875,385798.9270833333
DC-PPO strict 1+5 (stitched 100M),0-50M,10265600,401.0,386792.625,385859.9791666667
DC-PPO strict 1+5 (stitched 100M),0-50M,10316800,403.0,387497.84375,387359.3958333333
DC-PPO strict 1+5 (stitched 100M),0-50M,10368000,405.0,387787.71875,386108.1666666667
DC-PPO strict 1+5 (stitched 100M),0-50M,10419200,407.0,383038.9375,384645.1875
DC-PPO strict 1+5 (stitched 100M),0-50M,10470400,409.0,383108.90625,382593.6458333333
DC-PPO strict 1+5 (stitched 100M),0-50M,10521600,411.0,381633.09375,381742.6041666667
DC-PPO strict 1+5 (stitched 100M),0-50M,10572800,413.0,380485.8125,382956.3125
DC-PPO strict 1+5 (stitched 100M),0-50M,10624000,415.0,386750.03125,385108.0833333333
DC-PPO strict 1+5 (stitched 100M),0-50M,10675200,417.0,388088.40625,386350.5520833333
DC-PPO strict 1+5 (stitched 100M),0-50M,10726400,419.0,384213.21875,385840.7083333333
DC-PPO strict 1+5 (stitched 100M),0-50M,10777600,421.0,385220.5,384502.40625
DC-PPO strict 1+5 (stitched 100M),0-50M,10828800,423.0,384073.5,383142.7916666667
DC-PPO strict 1+5 (stitched 100M),0-50M,10880000,425.0,380134.375,383843.25
DC-PPO strict 1+5 (stitched 100M),0-50M,10931200,427.0,387321.875,383208.8229166667
DC-PPO strict 1+5 (stitched 100M),0-50M,10982400,429.0,382170.21875,385682.4791666667
DC-PPO strict 1+5 (stitched 100M),0-50M,11033600,431.0,387555.34375,385757.125
DC-PPO strict 1+5 (stitched 100M),0-50M,11084800,433.0,387545.8125,389639.125
DC-PPO strict 1+5 (stitched 100M),0-50M,11136000,435.0,393816.21875,390989.4479166667
DC-PPO strict 1+5 (stitched 100M),0-50M,11187200,437.0,391606.3125,392773.7708333333
DC-PPO strict 1+5 (stitched 100M),0-50M,11238400,439.0,392898.78125,392172.7395833333
DC-PPO strict 1+5 (stitched 100M),0-50M,11289600,441.0,392013.125,392272.6979166667
DC-PPO strict 1+5 (stitched 100M),0-50M,11340800,443.0,391906.1875,393326.0416666667
DC-PPO strict 1+5 (stitched 100M),0-50M,11392000,445.0,396058.8125,395739.8958333333
DC-PPO strict 1+5 (stitched 100M),0-50M,11443200,447.0,399254.6875,397504.2291666667
DC-PPO strict 1+5 (stitched 100M),0-50M,11494400,449.0,397199.1875,397741.375
DC-PPO strict 1+5 (stitched 100M),0-50M,11545600,451.0,396770.25,396350.03125
DC-PPO strict 1+5 (stitched 100M),0-50M,11596800,453.0,395080.65625,395721.46875
DC-PPO strict 1+5 (stitched 100M),0-50M,11648000,455.0,395313.5,396388.1770833333
DC-PPO strict 1+5 (stitched 100M),0-50M,11699200,457.0,398770.375,396976.9375
DC-PPO strict 1+5 (stitched 100M),0-50M,11750400,459.0,396846.9375,394698.21875
DC-PPO strict 1+5 (stitched 100M),0-50M,11801600,461.0,388477.34375,393092.4895833333
DC-PPO strict 1+5 (stitched 100M),0-50M,11852800,463.0,393953.1875,391542.46875
DC-PPO strict 1+5 (stitched 100M),0-50M,11904000,465.0,392196.875,392812.0833333333
DC-PPO strict 1+5 (stitched 100M),0-50M,11955200,467.0,392286.1875,392319.03125
DC-PPO strict 1+5 (stitched 100M),0-50M,12006400,469.0,392474.03125,392943.5208333333
DC-PPO strict 1+5 (stitched 100M),0-50M,12057600,471.0,394070.34375,394604.4375
DC-PPO strict 1+5 (stitched 100M),0-50M,12108800,473.0,397268.9375,397361.90625
DC-PPO strict 1+5 (stitched 100M),0-50M,12160000,475.0,400746.4375,399037.71875
DC-PPO strict 1+5 (stitched 100M),0-50M,12211200,477.0,399097.78125,398470.7291666667
DC-PPO strict 1+5 (stitched 100M),0-50M,12262400,479.0,395567.96875,397784.0208333333
DC-PPO strict 1+5 (stitched 100M),0-50M,12313600,481.0,398686.3125,396102.9479166667
DC-PPO strict 1+5 (stitched 100M),0-50M,12364800,483.0,394054.5625,395370.75
DC-PPO strict 1+5 (stitched 100M),0-50M,12416000,485.0,393371.375,393852.9375
DC-PPO strict 1+5 (stitched 100M),0-50M,12467200,487.0,394132.875,394709.9375
DC-PPO strict 1+5 (stitched 100M),0-50M,12518400,489.0,396625.5625,394659.1666666667
DC-PPO strict 1+5 (stitched 100M),0-50M,12569600,491.0,393219.0625,394797.0625
DC-PPO strict 1+5 (stitched 100M),0-50M,12620800,493.0,394546.5625,395920.375
DC-PPO strict 1+5 (stitched 100M),0-50M,12672000,495.0,399995.5,397828.375
DC-PPO strict 1+5 (stitched 100M),0-50M,12723200,497.0,398943.0625,398873.59375
DC-PPO strict 1+5 (stitched 100M),0-50M,12774400,499.0,397682.21875,397566.9375
DC-PPO strict 1+5 (stitched 100M),0-50M,12825600,501.0,396075.53125,396561.0104166667
DC-PPO strict 1+5 (stitched 100M),0-50M,12876800,503.0,395925.28125,396508.3541666667
DC-PPO strict 1+5 (stitched 100M),0-50M,12928000,505.0,397524.25,396249.5
DC-PPO strict 1+5 (stitched 100M),0-50M,12979200,507.0,395298.96875,396969.15625
DC-PPO strict 1+5 (stitched 100M),0-50M,13030400,509.0,398084.25,398013.96875
DC-PPO strict 1+5 (stitched 100M),0-50M,13081600,511.0,400658.6875,398934.03125
DC-PPO strict 1+5 (stitched 100M),0-50M,13132800,513.0,398059.15625,400274.78125
DC-PPO strict 1+5 (stitched 100M),0-50M,13184000,515.0,402106.5,399691.1458333333
DC-PPO strict 1+5 (stitched 100M),0-50M,13235200,517.0,398907.78125,399961.75
DC-PPO strict 1+5 (stitched 100M),0-50M,13286400,519.0,398870.96875,397870.9479166667
DC-PPO strict 1+5 (stitched 100M),0-50M,13337600,521.0,395834.09375,398399.7083333333
DC-PPO strict 1+5 (stitched 100M),0-50M,13388800,523.0,400494.0625,398599.1354166667
DC-PPO strict 1+5 (stitched 100M),0-50M,13440000,525.0,399469.25,399651.0625
DC-PPO strict 1+5 (stitched 100M),0-50M,13491200,527.0,398989.875,401036.4895833333
DC-PPO strict 1+5 (stitched 100M),0-50M,13542400,529.0,404650.34375,401754.4479166667
DC-PPO strict 1+5 (stitched 100M),0-50M,13593600,531.0,401623.125,402066.875
DC-PPO strict 1+5 (stitched 100M),0-50M,13644800,533.0,399927.15625,401050.1875
DC-PPO strict 1+5 (stitched 100M),0-50M,13696000,535.0,401600.28125,401471.1770833333
DC-PPO strict 1+5 (stitched 100M),0-50M,13747200,537.0,402886.09375,403352.09375
DC-PPO strict 1+5 (stitched 100M),0-50M,13798400,539.0,405569.90625,405471.3229166667
DC-PPO strict 1+5 (stitched 100M),0-50M,13849600,541.0,407957.96875,407248.5625
DC-PPO strict 1+5 (stitched 100M),0-50M,13900800,543.0,408217.8125,408079.2916666667
DC-PPO strict 1+5 (stitched 100M),0-50M,13952000,545.0,408062.09375,406602.625
DC-PPO strict 1+5 (stitched 100M),0-50M,14003200,547.0,403527.96875,405411.3229166667
DC-PPO strict 1+5 (stitched 100M),0-50M,14054400,549.0,404643.90625,403750.03125
DC-PPO strict 1+5 (stitched 100M),0-50M,14105600,551.0,403078.21875,403623.5104166667
DC-PPO strict 1+5 (stitched 100M),0-50M,14156800,553.0,403148.40625,402325.0520833333
DC-PPO strict 1+5 (stitched 100M),0-50M,14208000,555.0,400748.53125,402427.8541666667
DC-PPO strict 1+5 (stitched 100M),0-50M,14259200,557.0,403386.625,404181.375
DC-PPO strict 1+5 (stitched 100M),0-50M,14310400,559.0,408408.96875,406235.40625
DC-PPO strict 1+5 (stitched 100M),0-50M,14361600,561.0,406910.625,407550.6875
DC-PPO strict 1+5 (stitched 100M),0-50M,14412800,563.0,407332.46875,407170.21875
DC-PPO strict 1+5 (stitched 100M),0-50M,14464000,565.0,407267.5625,407371.1979166667
DC-PPO strict 1+5 (stitched 100M),0-50M,14515200,567.0,407513.5625,406385.7708333333
DC-PPO strict 1+5 (stitched 100M),0-50M,14566400,569.0,404376.1875,407103.59375
DC-PPO strict 1+5 (stitched 100M),0-50M,14617600,571.0,409421.03125,407297.2604166667
DC-PPO strict 1+5 (stitched 100M),0-50M,14668800,573.0,408094.5625,407487.75
DC-PPO strict 1+5 (stitched 100M),0-50M,14720000,575.0,404947.65625,405711.09375
DC-PPO strict 1+5 (stitched 100M),0-50M,14771200,577.0,404091.0625,404888.9166666667
DC-PPO strict 1+5 (stitched 100M),0-50M,14822400,579.0,405628.03125,404690.2916666667
DC-PPO strict 1+5 (stitched 100M),0-50M,14873600,581.0,404351.78125,403358.1666666667
DC-PPO strict 1+5 (stitched 100M),0-50M,14924800,583.0,400094.6875,403142.09375
DC-PPO strict 1+5 (stitched 100M),0-50M,14976000,585.0,404979.8125,403155.5625
DC-PPO strict 1+5 (stitched 100M),0-50M,15027200,587.0,404392.1875,404674.0520833333
DC-PPO strict 1+5 (stitched 100M),0-50M,15078400,589.0,404650.15625,404554.8854166667
DC-PPO strict 1+5 (stitched 100M),0-50M,15129600,591.0,404622.3125,404877.7604166667
DC-PPO strict 1+5 (stitched 100M),0-50M,15180800,593.0,405360.8125,406925.5104166667
DC-PPO strict 1+5 (stitched 100M),0-50M,15232000,595.0,410793.40625,408038.9166666667
DC-PPO strict 1+5 (stitched 100M),0-50M,15283200,597.0,407962.53125,409387.28125
DC-PPO strict 1+5 (stitched 100M),0-50M,15334400,599.0,409405.90625,407954.0729166667
DC-PPO strict 1+5 (stitched 100M),0-50M,15385600,601.0,406493.78125,407496.71875
DC-PPO strict 1+5 (stitched 100M),0-50M,15436800,603.0,406590.46875,407152.5625
DC-PPO strict 1+5 (stitched 100M),0-50M,15488000,605.0,408373.4375,407399.40625
DC-PPO strict 1+5 (stitched 100M),0-50M,15539200,607.0,407234.3125,405274.4375
DC-PPO strict 1+5 (stitched 100M),0-50M,15590400,609.0,400215.5625,403147.1458333333
DC-PPO strict 1+5 (stitched 100M),0-50M,15641600,611.0,401991.5625,401702.7083333333
DC-PPO strict 1+5 (stitched 100M),0-50M,15692800,613.0,402901.0,402628.5
DC-PPO strict 1+5 (stitched 100M),0-50M,15744000,615.0,402992.9375,402765.3958333333
DC-PPO strict 1+5 (stitched 100M),0-50M,15795200,617.0,402402.25,402759.0104166667
DC-PPO strict 1+5 (stitched 100M),0-50M,15846400,619.0,402881.84375,403477.1875
DC-PPO strict 1+5 (stitched 100M),0-50M,15897600,621.0,405147.46875,404959.0
DC-PPO strict 1+5 (stitched 100M),0-50M,15948800,623.0,406847.6875,405212.1354166667
DC-PPO strict 1+5 (stitched 100M),0-50M,16000000,625.0,403641.25,406127.0208333333
DC-PPO strict 1+5 (stitched 100M),0-50M,16051200,627.0,407892.125,405991.5104166667
DC-PPO strict 1+5 (stitched 100M),0-50M,16102400,629.0,406441.15625,406808.8645833333
DC-PPO strict 1+5 (stitched 100M),0-50M,16153600,631.0,406093.3125,405317.7708333333
DC-PPO strict 1+5 (stitched 100M),0-50M,16204800,633.0,403418.84375,406099.90625
DC-PPO strict 1+5 (stitched 100M),0-50M,16256000,635.0,408787.5625,408879.0520833333
DC-PPO strict 1+5 (stitched 100M),0-50M,16307200,637.0,414430.75,411346.53125
DC-PPO strict 1+5 (stitched 100M),0-50M,16358400,639.0,410821.28125,411604.6041666667
DC-PPO strict 1+5 (stitched 100M),0-50M,16409600,641.0,409561.78125,409866.8541666667
DC-PPO strict 1+5 (stitched 100M),0-50M,16460800,643.0,409217.5,411478.625
DC-PPO strict 1+5 (stitched 100M),0-50M,16512000,645.0,415656.59375,411275.1354166667
DC-PPO strict 1+5 (stitched 100M),0-50M,16563200,647.0,408951.3125,410446.875
DC-PPO strict 1+5 (stitched 100M),0-50M,16614400,649.0,406732.71875,408161.59375
DC-PPO strict 1+5 (stitched 100M),0-50M,16665600,651.0,408800.75,406178.5625
DC-PPO strict 1+5 (stitched 100M),0-50M,16716800,653.0,403002.21875,406998.21875
DC-PPO strict 1+5 (stitched 100M),0-50M,16768000,655.0,409191.6875,407210.90625
DC-PPO strict 1+5 (stitched 100M),0-50M,16819200,657.0,409438.8125,412034.03125
DC-PPO strict 1+5 (stitched 100M),0-50M,16870400,659.0,417471.59375,414485.46875
DC-PPO strict 1+5 (stitched 100M),0-50M,16921600,661.0,416546.0,416125.5416666667
DC-PPO strict 1+5 (stitched 100M),0-50M,16972800,663.0,414359.03125,415064.90625
DC-PPO strict 1+5 (stitched 100M),0-50M,17024000,665.0,414289.6875,414214.75
DC-PPO strict 1+5 (stitched 100M),0-50M,17075200,667.0,413995.53125,415109.9375
DC-PPO strict 1+5 (stitched 100M),0-50M,17126400,669.0,417044.59375,415184.3020833333
DC-PPO strict 1+5 (stitched 100M),0-50M,17177600,671.0,414512.78125,415740.1041666667
DC-PPO strict 1+5 (stitched 100M),0-50M,17228800,673.0,415662.9375,416502.0
DC-PPO strict 1+5 (stitched 100M),0-50M,17280000,675.0,419330.28125,417662.6666666667
DC-PPO strict 1+5 (stitched 100M),0-50M,17331200,677.0,417994.78125,418450.03125
DC-PPO strict 1+5 (stitched 100M),0-50M,17382400,679.0,418025.03125,419093.4791666667
DC-PPO strict 1+5 (stitched 100M),0-50M,17433600,681.0,421260.625,418356.125
DC-PPO strict 1+5 (stitched 100M),0-50M,17484800,683.0,415782.71875,416930.71875
DC-PPO strict 1+5 (stitched 100M),0-50M,17536000,685.0,413748.8125,415939.5625
DC-PPO strict 1+5 (stitched 100M),0-50M,17587200,687.0,418287.15625,417597.3645833333
DC-PPO strict 1+5 (stitched 100M),0-50M,17638400,689.0,420756.125,418664.5833333333
DC-PPO strict 1+5 (stitched 100M),0-50M,17689600,691.0,416950.46875,418239.2916666667
DC-PPO strict 1+5 (stitched 100M),0-50M,17740800,693.0,417011.28125,416620.1875
DC-PPO strict 1+5 (stitched 100M),0-50M,17792000,695.0,415898.8125,415494.4583333333
DC-PPO strict 1+5 (stitched 100M),0-50M,17843200,697.0,413573.28125,414275.2291666667
DC-PPO strict 1+5 (stitched 100M),0-50M,17894400,699.0,413353.59375,413942.96875
DC-PPO strict 1+5 (stitched 100M),0-50M,17945600,701.0,414902.03125,413656.4583333333
DC-PPO strict 1+5 (stitched 100M),0-50M,17996800,703.0,412713.75,413406.1458333333
DC-PPO strict 1+5 (stitched 100M),0-50M,18048000,705.0,412602.65625,411199.4791666667
DC-PPO strict 1+5 (stitched 100M),0-50M,18099200,707.0,408282.03125,410433.0625
DC-PPO strict 1+5 (stitched 100M),0-50M,18150400,709.0,410414.5,408915.9375
DC-PPO strict 1+5 (stitched 100M),0-50M,18201600,711.0,408051.28125,410888.6979166667
DC-PPO strict 1+5 (stitched 100M),0-50M,18252800,713.0,414200.3125,411472.7708333333
DC-PPO strict 1+5 (stitched 100M),0-50M,18304000,715.0,412166.71875,412235.71875
DC-PPO strict 1+5 (stitched 100M),0-50M,18355200,717.0,410340.125,412691.0520833333
DC-PPO strict 1+5 (stitched 100M),0-50M,18406400,719.0,415566.3125,413829.28125
DC-PPO strict 1+5 (stitched 100M),0-50M,18457600,721.0,415581.40625,415169.3229166667
DC-PPO strict 1+5 (stitched 100M),0-50M,18508800,723.0,414360.25,415390.3020833333
DC-PPO strict 1+5 (stitched 100M),0-50M,18560000,725.0,416229.25,416320.1770833333
DC-PPO strict 1+5 (stitched 100M),0-50M,18611200,727.0,418371.03125,417081.6875
DC-PPO strict 1+5 (stitched 100M),0-50M,18662400,729.0,416644.78125,416892.5416666667
DC-PPO strict 1+5 (stitched 100M),0-50M,18713600,731.0,415661.8125,416778.03125
DC-PPO strict 1+5 (stitched 100M),0-50M,18764800,733.0,418027.5,418734.8645833333
DC-PPO strict 1+5 (stitched 100M),0-50M,18816000,735.0,422515.28125,420226.78125
DC-PPO strict 1+5 (stitched 100M),0-50M,18867200,737.0,420137.5625,421412.2083333333
DC-PPO strict 1+5 (stitched 100M),0-50M,18918400,739.0,421583.78125,418663.0625
DC-PPO strict 1+5 (stitched 100M),0-50M,18969600,741.0,414267.84375,417391.3645833333
DC-PPO strict 1+5 (stitched 100M),0-50M,19020800,743.0,416322.46875,415485.96875
DC-PPO strict 1+5 (stitched 100M),0-50M,19072000,745.0,415867.59375,415203.7604166667
DC-PPO strict 1+5 (stitched 100M),0-50M,19123200,747.0,413421.21875,415352.875
DC-PPO strict 1+5 (stitched 100M),0-50M,19174400,749.0,416769.8125,415150.40625
DC-PPO strict 1+5 (stitched 100M),0-50M,19225600,751.0,415260.1875,416546.6145833333
DC-PPO strict 1+5 (stitched 100M),0-50M,19276800,753.0,417609.84375,417233.7083333333
DC-PPO strict 1+5 (stitched 100M),0-50M,19328000,755.0,418831.09375,417939.0208333333
DC-PPO strict 1+5 (stitched 100M),0-50M,19379200,757.0,417376.125,418568.5104166667
DC-PPO strict 1+5 (stitched 100M),0-50M,19430400,759.0,419498.3125,417652.6875
DC-PPO strict 1+5 (stitched 100M),0-50M,19481600,761.0,416083.625,418321.3229166667
DC-PPO strict 1+5 (stitched 100M),0-50M,19532800,763.0,419382.03125,417001.0
DC-PPO strict 1+5 (stitched 100M),0-50M,19584000,765.0,415537.34375,417193.4166666667
DC-PPO strict 1+5 (stitched 100M),0-50M,19635200,767.0,416660.875,416563.8854166667
DC-PPO strict 1+5 (stitched 100M),0-50M,19686400,769.0,417493.4375,417613.0104166667
DC-PPO strict 1+5 (stitched 100M),0-50M,19737600,771.0,418684.71875,417958.7083333333
DC-PPO strict 1+5 (stitched 100M),0-50M,19788800,773.0,417697.96875,418292.9583333333
DC-PPO strict 1+5 (stitched 100M),0-50M,19840000,775.0,418496.1875,418118.8020833333
DC-PPO strict 1+5 (stitched 100M),0-50M,19891200,777.0,418162.25,418769.2604166667
DC-PPO strict 1+5 (stitched 100M),0-50M,19942400,779.0,419649.34375,418897.5
DC-PPO strict 1+5 (stitched 100M),0-50M,19993600,781.0,418880.90625,418556.78125
DC-PPO strict 1+5 (stitched 100M),0-50M,20044800,783.0,417140.09375,418463.8645833333
DC-PPO strict 1+5 (stitched 100M),0-50M,20096000,785.0,419370.59375,419435.6666666667
DC-PPO strict 1+5 (stitched 100M),0-50M,20147200,787.0,421796.3125,419004.96875
DC-PPO strict 1+5 (stitched 100M),0-50M,20198400,789.0,415848.0,418781.7083333333
DC-PPO strict 1+5 (stitched 100M),0-50M,20249600,791.0,418700.8125,418085.1145833333
DC-PPO strict 1+5 (stitched 100M),0-50M,20300800,793.0,419706.53125,419215.4375
DC-PPO strict 1+5 (stitched 100M),0-50M,20352000,795.0,419238.96875,420086.1354166667
DC-PPO strict 1+5 (stitched 100M),0-50M,20403200,797.0,421312.90625,420702.8333333333
DC-PPO strict 1+5 (stitched 100M),0-50M,20454400,799.0,421556.625,421689.46875
DC-PPO strict 1+5 (stitched 100M),0-50M,20505600,801.0,422198.875,422529.6875
DC-PPO strict 1+5 (stitched 100M),0-50M,20556800,803.0,423833.5625,423582.7604166667
DC-PPO strict 1+5 (stitched 100M),0-50M,20608000,805.0,424715.84375,423665.3333333333
DC-PPO strict 1+5 (stitched 100M),0-50M,20659200,807.0,422446.59375,424674.3854166667
DC-PPO strict 1+5 (stitched 100M),0-50M,20710400,809.0,426860.71875,423240.5416666667
DC-PPO strict 1+5 (stitched 100M),0-50M,20761600,811.0,420414.3125,423260.9791666667
DC-PPO strict 1+5 (stitched 100M),0-50M,20812800,813.0,422507.90625,422736.8541666667
DC-PPO strict 1+5 (stitched 100M),0-50M,20864000,815.0,425288.34375,423128.1666666667
DC-PPO strict 1+5 (stitched 100M),0-50M,20915200,817.0,421588.25,422108.09375
DC-PPO strict 1+5 (stitched 100M),0-50M,20966400,819.0,419447.6875,420108.5833333333
DC-PPO strict 1+5 (stitched 100M),0-50M,21017600,821.0,419289.8125,420820.1041666667
DC-PPO strict 1+5 (stitched 100M),0-50M,21068800,823.0,423722.8125,422584.3333333333
DC-PPO strict 1+5 (stitched 100M),0-50M,21120000,825.0,424740.375,423031.84375
DC-PPO strict 1+5 (stitched 100M),0-50M,21171200,827.0,420632.34375,422692.8020833333
DC-PPO strict 1+5 (stitched 100M),0-50M,21222400,829.0,422705.6875,421651.46875
DC-PPO strict 1+5 (stitched 100M),0-50M,21273600,831.0,421616.375,422081.2395833333
DC-PPO strict 1+5 (stitched 100M),0-50M,21324800,833.0,421921.65625,420364.5625
DC-PPO strict 1+5 (stitched 100M),0-50M,21376000,835.0,417555.65625,419036.84375
DC-PPO strict 1+5 (stitched 100M),0-50M,21427200,837.0,417633.21875,418376.6666666667
DC-PPO strict 1+5 (stitched 100M),0-50M,21478400,839.0,419941.125,420134.96875
DC-PPO strict 1+5 (stitched 100M),0-50M,21529600,841.0,422830.5625,421561.8645833333
DC-PPO strict 1+5 (stitched 100M),0-50M,21580800,843.0,421913.90625,422976.5208333333
DC-PPO strict 1+5 (stitched 100M),0-50M,21632000,845.0,424185.09375,423346.0104166667
DC-PPO strict 1+5 (stitched 100M),0-50M,21683200,847.0,423939.03125,423897.6666666667
DC-PPO strict 1+5 (stitched 100M),0-50M,21734400,849.0,423568.875,424517.0
DC-PPO strict 1+5 (stitched 100M),0-50M,21785600,851.0,426043.09375,425463.40625
DC-PPO strict 1+5 (stitched 100M),0-50M,21836800,853.0,426778.25,427315.7604166667
DC-PPO strict 1+5 (stitched 100M),0-50M,21888000,855.0,429125.9375,427027.96875
DC-PPO strict 1+5 (stitched 100M),0-50M,21939200,857.0,425179.71875,424992.21875
DC-PPO strict 1+5 (stitched 100M),0-50M,21990400,859.0,420671.0,423626.4375
DC-PPO strict 1+5 (stitched 100M),0-50M,22041600,861.0,425028.59375,423721.2395833333
DC-PPO strict 1+5 (stitched 100M),0-50M,22092800,863.0,425464.125,425017.96875
DC-PPO strict 1+5 (stitched 100M),0-50M,22144000,865.0,424561.1875,423679.5208333333
DC-PPO strict 1+5 (stitched 100M),0-50M,22195200,867.0,421013.25,422536.3854166667
DC-PPO strict 1+5 (stitched 100M),0-50M,22246400,869.0,422034.71875,421834.5520833333
DC-PPO strict 1+5 (stitched 100M),0-50M,22297600,871.0,422455.6875,422847.0729166667
DC-PPO strict 1+5 (stitched 100M),0-50M,22348800,873.0,424050.8125,422821.6666666667
DC-PPO strict 1+5 (stitched 100M),0-50M,22400000,875.0,421958.5,421936.5520833333
DC-PPO strict 1+5 (stitched 100M),0-50M,22451200,877.0,419800.34375,420821.0104166667
DC-PPO strict 1+5 (stitched 100M),0-50M,22502400,879.0,420704.1875,420411.5520833333
DC-PPO strict 1+5 (stitched 100M),0-50M,22553600,881.0,420730.125,420199.28125
DC-PPO strict 1+5 (stitched 100M),0-50M,22604800,883.0,419163.53125,421616.1666666667
DC-PPO strict 1+5 (stitched 100M),0-50M,22656000,885.0,424954.84375,421311.9791666667
DC-PPO strict 1+5 (stitched 100M),0-50M,22707200,887.0,419817.5625,422693.40625
DC-PPO strict 1+5 (stitched 100M),0-50M,22758400,889.0,423307.8125,421705.7916666667
DC-PPO strict 1+5 (stitched 100M),0-50M,22809600,891.0,421992.0,422805.53125
DC-PPO strict 1+5 (stitched 100M),0-50M,22860800,893.0,423116.78125,421810.96875
DC-PPO strict 1+5 (stitched 100M),0-50M,22912000,895.0,420324.125,422611.8125
DC-PPO strict 1+5 (stitched 100M),0-50M,22963200,897.0,424394.53125,422884.0625
DC-PPO strict 1+5 (stitched 100M),0-50M,23014400,899.0,423933.53125,424617.0520833333
DC-PPO strict 1+5 (stitched 100M),0-50M,23065600,901.0,425523.09375,424959.28125
DC-PPO strict 1+5 (stitched 100M),0-50M,23116800,903.0,425421.21875,424672.0208333333
DC-PPO strict 1+5 (stitched 100M),0-50M,23168000,905.0,423071.75,424049.8333333333
DC-PPO strict 1+5 (stitched 100M),0-50M,23219200,907.0,423656.53125,423609.7291666667
DC-PPO strict 1+5 (stitched 100M),0-50M,23270400,909.0,424100.90625,423272.7083333333
DC-PPO strict 1+5 (stitched 100M),0-50M,23321600,911.0,422060.6875,422133.2083333333
DC-PPO strict 1+5 (stitched 100M),0-50M,23372800,913.0,420238.03125,420644.7604166667
DC-PPO strict 1+5 (stitched 100M),0-50M,23424000,915.0,419635.5625,420600.4375
DC-PPO strict 1+5 (stitched 100M),0-50M,23475200,917.0,421927.71875,421598.7604166667
DC-PPO strict 1+5 (stitched 100M),0-50M,23526400,919.0,423233.0,421356.4270833333
DC-PPO strict 1+5 (stitched 100M),0-50M,23577600,921.0,418908.5625,421227.8541666667
DC-PPO strict 1+5 (stitched 100M),0-50M,23628800,923.0,421542.0,420026.5
DC-PPO strict 1+5 (stitched 100M),0-50M,23680000,925.0,419628.9375,421655.8020833333
DC-PPO strict 1+5 (stitched 100M),0-50M,23731200,927.0,423796.46875,422529.25
DC-PPO strict 1+5 (stitched 100M),0-50M,23782400,929.0,424162.34375,424816.8020833333
DC-PPO strict 1+5 (stitched 100M),0-50M,23833600,931.0,426491.59375,425458.40625
DC-PPO strict 1+5 (stitched 100M),0-50M,23884800,933.0,425721.28125,426322.375
DC-PPO strict 1+5 (stitched 100M),0-50M,23936000,935.0,426754.25,426541.09375
DC-PPO strict 1+5 (stitched 100M),0-50M,23987200,937.0,427147.75,426836.40625
DC-PPO strict 1+5 (stitched 100M),0-50M,24038400,939.0,426607.21875,425867.1875
DC-PPO strict 1+5 (stitched 100M),0-50M,24089600,941.0,423846.59375,424308.9270833333
DC-PPO strict 1+5 (stitched 100M),0-50M,24140800,943.0,422472.96875,423258.2604166667
DC-PPO strict 1+5 (stitched 100M),0-50M,24192000,945.0,423455.21875,422601.5416666667
DC-PPO strict 1+5 (stitched 100M),0-50M,24243200,947.0,421876.4375,424517.8645833333
DC-PPO strict 1+5 (stitched 100M),0-50M,24294400,949.0,428221.9375,425554.46875
DC-PPO strict 1+5 (stitched 100M),0-50M,24345600,951.0,426565.03125,426961.875
DC-PPO strict 1+5 (stitched 100M),0-50M,24396800,953.0,426098.65625,426249.3541666667
DC-PPO strict 1+5 (stitched 100M),0-50M,24448000,955.0,426084.375,426645.3541666667
DC-PPO strict 1+5 (stitched 100M),0-50M,24499200,957.0,427753.03125,427394.25
DC-PPO strict 1+5 (stitched 100M),0-50M,24550400,959.0,428345.34375,427697.21875
DC-PPO strict 1+5 (stitched 100M),0-50M,24601600,961.0,426993.28125,427006.4791666667
DC-PPO strict 1+5 (stitched 100M),0-50M,24652800,963.0,425680.8125,424934.5729166667
DC-PPO strict 1+5 (stitched 100M),0-50M,24704000,965.0,422129.625,422274.46875
DC-PPO strict 1+5 (stitched 100M),0-50M,24755200,967.0,419012.96875,421211.8645833333
DC-PPO strict 1+5 (stitched 100M),0-50M,24806400,969.0,422493.0,420722.6666666667
DC-PPO strict 1+5 (stitched 100M),0-50M,24857600,971.0,420662.03125,421847.1354166667
DC-PPO strict 1+5 (stitched 100M),0-50M,24908800,973.0,422386.375,420664.03125
DC-PPO strict 1+5 (stitched 100M),0-50M,24960000,975.0,418943.6875,420541.3020833333
DC-PPO strict 1+5 (stitched 100M),0-50M,25011200,977.0,420293.84375,420136.90625
DC-PPO strict 1+5 (stitched 100M),0-50M,25062400,979.0,421173.1875,420781.875
DC-PPO strict 1+5 (stitched 100M),0-50M,25113600,981.0,420878.59375,420428.5520833333
DC-PPO strict 1+5 (stitched 100M),0-50M,25164800,983.0,419233.875,419758.40625
DC-PPO strict 1+5 (stitched 100M),0-50M,25216000,985.0,419162.75,419667.1145833333
DC-PPO strict 1+5 (stitched 100M),0-50M,25267200,987.0,420604.71875,419277.1770833333
DC-PPO strict 1+5 (stitched 100M),0-50M,25318400,989.0,418064.0625,418976.53125
DC-PPO strict 1+5 (stitched 100M),0-50M,25369600,991.0,418260.8125,418477.0208333333
DC-PPO strict 1+5 (stitched 100M),0-50M,25420800,993.0,419106.1875,420485.8541666667
DC-PPO strict 1+5 (stitched 100M),0-50M,25472000,995.0,424090.5625,422105.3958333333
DC-PPO strict 1+5 (stitched 100M),0-50M,25523200,997.0,423119.4375,423277.7916666667
DC-PPO strict 1+5 (stitched 100M),0-50M,25574400,999.0,422623.375,422748.3229166667
DC-PPO strict 1+5 (stitched 100M),0-50M,25625600,1001.0,422502.15625,422724.1354166667
DC-PPO strict 1+5 (stitched 100M),0-50M,25676800,1003.0,423046.875,421805.90625
DC-PPO strict 1+5 (stitched 100M),0-50M,25728000,1005.0,419868.6875,421750.5520833333
DC-PPO strict 1+5 (stitched 100M),0-50M,25779200,1007.0,422336.09375,422560.4166666667
DC-PPO strict 1+5 (stitched 100M),0-50M,25830400,1009.0,425476.46875,423679.09375
DC-PPO strict 1+5 (stitched 100M),0-50M,25881600,1011.0,423224.71875,424091.9375
DC-PPO strict 1+5 (stitched 100M),0-50M,25932800,1013.0,423574.625,424736.8958333333
DC-PPO strict 1+5 (stitched 100M),0-50M,25984000,1015.0,427411.34375,426486.21875
DC-PPO strict 1+5 (stitched 100M),0-50M,26035200,1017.0,428472.6875,427302.625
DC-PPO strict 1+5 (stitched 100M),0-50M,26086400,1019.0,426023.84375,426563.2395833333
DC-PPO strict 1+5 (stitched 100M),0-50M,26137600,1021.0,425193.1875,425154.8958333333
DC-PPO strict 1+5 (stitched 100M),0-50M,26188800,1023.0,424247.65625,424693.6145833333
DC-PPO strict 1+5 (stitched 100M),0-50M,26240000,1025.0,424640.0,425825.1666666667
DC-PPO strict 1+5 (stitched 100M),0-50M,26291200,1027.0,428587.84375,426889.9583333333
DC-PPO strict 1+5 (stitched 100M),0-50M,26342400,1029.0,427442.03125,427840.3229166667
DC-PPO strict 1+5 (stitched 100M),0-50M,26393600,1031.0,427491.09375,427526.125
DC-PPO strict 1+5 (stitched 100M),0-50M,26444800,1033.0,427645.25,427834.7708333333
DC-PPO strict 1+5 (stitched 100M),0-50M,26496000,1035.0,428367.96875,428617.3229166667
DC-PPO strict 1+5 (stitched 100M),0-50M,26547200,1037.0,429838.75,429469.625
DC-PPO strict 1+5 (stitched 100M),0-50M,26598400,1039.0,430202.15625,430373.875
DC-PPO strict 1+5 (stitched 100M),0-50M,26649600,1041.0,431080.71875,430525.6041666667
DC-PPO strict 1+5 (stitched 100M),0-50M,26700800,1043.0,430293.9375,430649.3645833333
DC-PPO strict 1+5 (stitched 100M),0-50M,26752000,1045.0,430573.4375,430122.7291666667
DC-PPO strict 1+5 (stitched 100M),0-50M,26803200,1047.0,429500.8125,429655.7291666667
DC-PPO strict 1+5 (stitched 100M),0-50M,26854400,1049.0,428892.9375,429093.3645833333
DC-PPO strict 1+5 (stitched 100M),0-50M,26905600,1051.0,428886.34375,428101.4375
DC-PPO strict 1+5 (stitched 100M),0-50M,26956800,1053.0,426525.03125,428754.6354166667
DC-PPO strict 1+5 (stitched 100M),0-50M,27008000,1055.0,430852.53125,428877.59375
DC-PPO strict 1+5 (stitched 100M),0-50M,27059200,1057.0,429255.21875,429590.2291666667
DC-PPO strict 1+5 (stitched 100M),0-50M,27110400,1059.0,428662.9375,429523.6666666667
DC-PPO strict 1+5 (stitched 100M),0-50M,27161600,1061.0,430652.84375,429673.8541666667
DC-PPO strict 1+5 (stitched 100M),0-50M,27212800,1063.0,429705.78125,429067.9479166667
DC-PPO strict 1+5 (stitched 100M),0-50M,27264000,1065.0,426845.21875,429105.78125
DC-PPO strict 1+5 (stitched 100M),0-50M,27315200,1067.0,430766.34375,428888.4791666667
DC-PPO strict 1+5 (stitched 100M),0-50M,27366400,1069.0,429053.875,429574.5833333333
DC-PPO strict 1+5 (stitched 100M),0-50M,27417600,1071.0,428903.53125,428518.6666666667
DC-PPO strict 1+5 (stitched 100M),0-50M,27468800,1073.0,427598.59375,428594.9479166667
DC-PPO strict 1+5 (stitched 100M),0-50M,27520000,1075.0,429282.71875,429548.3333333333
DC-PPO strict 1+5 (stitched 100M),0-50M,27571200,1077.0,431763.6875,430890.1875
DC-PPO strict 1+5 (stitched 100M),0-50M,27622400,1079.0,431624.15625,430890.2604166667
DC-PPO strict 1+5 (stitched 100M),0-50M,27673600,1081.0,429282.9375,429711.0833333333
DC-PPO strict 1+5 (stitched 100M),0-50M,27724800,1083.0,428226.15625,429310.0208333333
DC-PPO strict 1+5 (stitched 100M),0-50M,27776000,1085.0,430420.96875,430197.9375
DC-PPO strict 1+5 (stitched 100M),0-50M,27827200,1087.0,431946.6875,431661.375
DC-PPO strict 1+5 (stitched 100M),0-50M,27878400,1089.0,432616.46875,432195.4270833333
DC-PPO strict 1+5 (stitched 100M),0-50M,27929600,1091.0,432023.125,431953.59375
DC-PPO strict 1+5 (stitched 100M),0-50M,27980800,1093.0,431221.1875,431525.8958333333
DC-PPO strict 1+5 (stitched 100M),0-50M,28032000,1095.0,431333.375,431114.65625
DC-PPO strict 1+5 (stitched 100M),0-50M,28083200,1097.0,430789.40625,430635.9791666667
DC-PPO strict 1+5 (stitched 100M),0-50M,28134400,1099.0,429785.15625,430261.4583333333
DC-PPO strict 1+5 (stitched 100M),0-50M,28185600,1101.0,430209.8125,429476.7395833333
DC-PPO strict 1+5 (stitched 100M),0-50M,28236800,1103.0,428435.25,430719.5416666667
DC-PPO strict 1+5 (stitched 100M),0-50M,28288000,1105.0,433513.5625,430481.03125
DC-PPO strict 1+5 (stitched 100M),0-50M,28339200,1107.0,429494.28125,430833.375
DC-PPO strict 1+5 (stitched 100M),0-50M,28390400,1109.0,429492.28125,428861.2708333333
DC-PPO strict 1+5 (stitched 100M),0-50M,28441600,1111.0,427597.25,427837.8854166667
DC-PPO strict 1+5 (stitched 100M),0-50M,28492800,1113.0,426424.125,426315.4895833333
DC-PPO strict 1+5 (stitched 100M),0-50M,28544000,1115.0,424925.09375,424823.8645833333
DC-PPO strict 1+5 (stitched 100M),0-50M,28595200,1117.0,423122.375,421916.8645833333
DC-PPO strict 1+5 (stitched 100M),0-50M,28646400,1119.0,417703.125,420754.9375
DC-PPO strict 1+5 (stitched 100M),0-50M,28697600,1121.0,421439.3125,420206.28125
DC-PPO strict 1+5 (stitched 100M),0-50M,28748800,1123.0,421476.40625,420754.3333333333
DC-PPO strict 1+5 (stitched 100M),0-50M,28800000,1125.0,419347.28125,420634.9166666667
DC-PPO strict 1+5 (stitched 100M),0-50M,28851200,1127.0,421081.0625,420839.0104166667
DC-PPO strict 1+5 (stitched 100M),0-50M,28902400,1129.0,422088.6875,421414.3541666667
DC-PPO strict 1+5 (stitched 100M),0-50M,28953600,1131.0,421073.3125,422391.4479166667
DC-PPO strict 1+5 (stitched 100M),0-50M,29004800,1133.0,424012.34375,422758.7395833333
DC-PPO strict 1+5 (stitched 100M),0-50M,29056000,1135.0,423190.5625,424055.4270833333
DC-PPO strict 1+5 (stitched 100M),0-50M,29107200,1137.0,424963.375,424474.7291666667
DC-PPO strict 1+5 (stitched 100M),0-50M,29158400,1139.0,425270.25,424667.4479166667
DC-PPO strict 1+5 (stitched 100M),0-50M,29209600,1141.0,423768.71875,424007.8854166667
DC-PPO strict 1+5 (stitched 100M),0-50M,29260800,1143.0,422984.6875,422847.875
DC-PPO strict 1+5 (stitched 100M),0-50M,29312000,1145.0,421790.21875,423275.0416666667
DC-PPO strict 1+5 (stitched 100M),0-50M,29363200,1147.0,425050.21875,423892.6145833333
DC-PPO strict 1+5 (stitched 100M),0-50M,29414400,1149.0,424837.40625,424959.7604166667
DC-PPO strict 1+5 (stitched 100M),0-50M,29465600,1151.0,424991.65625,424715.2708333333
DC-PPO strict 1+5 (stitched 100M),0-50M,29516800,1153.0,424316.75,424517.4791666667
DC-PPO strict 1+5 (stitched 100M),0-50M,29568000,1155.0,424244.03125,424724.2604166667
DC-PPO strict 1+5 (stitched 100M),0-50M,29619200,1157.0,425612.0,424885.7291666667
DC-PPO strict 1+5 (stitched 100M),0-50M,29670400,1159.0,424801.15625,425437.5520833333
DC-PPO strict 1+5 (stitched 100M),0-50M,29721600,1161.0,425899.5,425639.5416666667
DC-PPO strict 1+5 (stitched 100M),0-50M,29772800,1163.0,426217.96875,425485.5416666667
DC-PPO strict 1+5 (stitched 100M),0-50M,29824000,1165.0,424339.15625,426388.5208333333
DC-PPO strict 1+5 (stitched 100M),0-50M,29875200,1167.0,428608.4375,427055.7708333333
DC-PPO strict 1+5 (stitched 100M),0-50M,29926400,1169.0,428219.71875,429039.40625
DC-PPO strict 1+5 (stitched 100M),0-50M,29977600,1171.0,430290.0625,429298.3854166667
DC-PPO strict 1+5 (stitched 100M),0-50M,30028800,1173.0,429385.375,428963.4166666667
DC-PPO strict 1+5 (stitched 100M),0-50M,30080000,1175.0,427214.8125,428797.9270833333
DC-PPO strict 1+5 (stitched 100M),0-50M,30131200,1177.0,429793.59375,429510.3333333333
DC-PPO strict 1+5 (stitched 100M),0-50M,30182400,1179.0,431522.59375,430175.4166666667
DC-PPO strict 1+5 (stitched 100M),0-50M,30233600,1181.0,429210.0625,430314.0416666667
DC-PPO strict 1+5 (stitched 100M),0-50M,30284800,1183.0,430209.46875,429266.6875
DC-PPO strict 1+5 (stitched 100M),0-50M,30336000,1185.0,428380.53125,429008.6458333333
DC-PPO strict 1+5 (stitched 100M),0-50M,30387200,1187.0,428435.9375,430668.03125
DC-PPO strict 1+5 (stitched 100M),0-50M,30438400,1189.0,435187.625,433006.1666666667
DC-PPO strict 1+5 (stitched 100M),0-50M,30489600,1191.0,435394.9375,435884.4375
DC-PPO strict 1+5 (stitched 100M),0-50M,30540800,1193.0,437070.75,436484.25
DC-PPO strict 1+5 (stitched 100M),0-50M,30592000,1195.0,436987.0625,436151.3645833333
DC-PPO strict 1+5 (stitched 100M),0-50M,30643200,1197.0,434396.28125,435458.2604166667
DC-PPO strict 1+5 (stitched 100M),0-50M,30694400,1199.0,434991.4375,435158.125
DC-PPO strict 1+5 (stitched 100M),0-50M,30745600,1201.0,436086.65625,436328.6041666667
DC-PPO strict 1+5 (stitched 100M),0-50M,30796800,1203.0,437907.71875,437438.21875
DC-PPO strict 1+5 (stitched 100M),0-50M,30848000,1205.0,438320.28125,437908.5
DC-PPO strict 1+5 (stitched 100M),0-50M,30899200,1207.0,437497.5,437569.2916666667
DC-PPO strict 1+5 (stitched 100M),0-50M,30950400,1209.0,436890.09375,438395.0520833333
DC-PPO strict 1+5 (stitched 100M),0-50M,31001600,1211.0,440797.5625,439383.9791666667
DC-PPO strict 1+5 (stitched 100M),0-50M,31052800,1213.0,440464.28125,440576.5520833333
DC-PPO strict 1+5 (stitched 100M),0-50M,31104000,1215.0,440467.8125,440808.1458333333
DC-PPO strict 1+5 (stitched 100M),0-50M,31155200,1217.0,441492.34375,441640.78125
DC-PPO strict 1+5 (stitched 100M),0-50M,31206400,1219.0,442962.1875,441577.9375
DC-PPO strict 1+5 (stitched 100M),0-50M,31257600,1221.0,440279.28125,441503.3541666667
DC-PPO strict 1+5 (stitched 100M),0-50M,31308800,1223.0,441268.59375,440711.71875
DC-PPO strict 1+5 (stitched 100M),0-50M,31360000,1225.0,440587.28125,440320.1875
DC-PPO strict 1+5 (stitched 100M),0-50M,31411200,1227.0,439104.6875,438399.28125
DC-PPO strict 1+5 (stitched 100M),0-50M,31462400,1229.0,435505.875,436945.5208333333
DC-PPO strict 1+5 (stitched 100M),0-50M,31513600,1231.0,436226.0,435753.7604166667
DC-PPO strict 1+5 (stitched 100M),0-50M,31564800,1233.0,435529.40625,435242.3333333333
DC-PPO strict 1+5 (stitched 100M),0-50M,31616000,1235.0,433971.59375,434889.2395833333
DC-PPO strict 1+5 (stitched 100M),0-50M,31667200,1237.0,435166.71875,434779.6979166667
DC-PPO strict 1+5 (stitched 100M),0-50M,31718400,1239.0,435200.78125,434946.8854166667
DC-PPO strict 1+5 (stitched 100M),0-50M,31769600,1241.0,434473.15625,434912.4895833333
DC-PPO strict 1+5 (stitched 100M),0-50M,31820800,1243.0,435063.53125,435192.4479166667
DC-PPO strict 1+5 (stitched 100M),0-50M,31872000,1245.0,436040.65625,435906.3645833333
DC-PPO strict 1+5 (stitched 100M),0-50M,31923200,1247.0,436614.90625,437140.7395833333
DC-PPO strict 1+5 (stitched 100M),0-50M,31974400,1249.0,438766.65625,437199.9270833333
DC-PPO strict 1+5 (stitched 100M),0-50M,32025600,1251.0,436218.21875,437908.6770833333
DC-PPO strict 1+5 (stitched 100M),0-50M,32076800,1253.0,438741.15625,437366.2395833333
DC-PPO strict 1+5 (stitched 100M),0-50M,32128000,1255.0,437139.34375,437729.125
DC-PPO strict 1+5 (stitched 100M),0-50M,32179200,1257.0,437306.875,436441.7395833333
DC-PPO strict 1+5 (stitched 100M),0-50M,32230400,1259.0,434879.0,437180.8229166667
DC-PPO strict 1+5 (stitched 100M),0-50M,32281600,1261.0,439356.59375,437150.3333333333
DC-PPO strict 1+5 (stitched 100M),0-50M,32332800,1263.0,437215.40625,437740.5416666667
DC-PPO strict 1+5 (stitched 100M),0-50M,32384000,1265.0,436649.625,436720.2291666667
DC-PPO strict 1+5 (stitched 100M),0-50M,32435200,1267.0,436295.65625,436474.9791666667
DC-PPO strict 1+5 (stitched 100M),0-50M,32486400,1269.0,436479.65625,436984.65625
DC-PPO strict 1+5 (stitched 100M),0-50M,32537600,1271.0,438178.65625,437381.0208333333
DC-PPO strict 1+5 (stitched 100M),0-50M,32588800,1273.0,437484.75,438275.1041666667
DC-PPO strict 1+5 (stitched 100M),0-50M,32640000,1275.0,439161.90625,439525.7395833333
DC-PPO strict 1+5 (stitched 100M),0-50M,32691200,1277.0,441930.5625,439909.9895833333
DC-PPO strict 1+5 (stitched 100M),0-50M,32742400,1279.0,438637.5,440676.5
DC-PPO strict 1+5 (stitched 100M),0-50M,32793600,1281.0,441461.4375,440778.6666666667
DC-PPO strict 1+5 (stitched 100M),0-50M,32844800,1283.0,442237.0625,442140.53125
DC-PPO strict 1+5 (stitched 100M),0-50M,32896000,1285.0,442723.09375,441306.6875
DC-PPO strict 1+5 (stitched 100M),0-50M,32947200,1287.0,438959.90625,440924.84375
DC-PPO strict 1+5 (stitched 100M),0-50M,32998400,1289.0,441091.53125,439749.6145833333
DC-PPO strict 1+5 (stitched 100M),0-50M,33049600,1291.0,439197.40625,439976.4583333333
DC-PPO strict 1+5 (stitched 100M),0-50M,33100800,1293.0,439640.4375,439420.0104166667
DC-PPO strict 1+5 (stitched 100M),0-50M,33152000,1295.0,439422.1875,439894.3854166667
DC-PPO strict 1+5 (stitched 100M),0-50M,33203200,1297.0,440620.53125,440875.5104166667
DC-PPO strict 1+5 (stitched 100M),0-50M,33254400,1299.0,442583.8125,441181.7604166667
DC-PPO strict 1+5 (stitched 100M),0-50M,33305600,1301.0,440340.9375,440893.4895833333
DC-PPO strict 1+5 (stitched 100M),0-50M,33356800,1303.0,439755.71875,439631.1354166667
DC-PPO strict 1+5 (stitched 100M),0-50M,33408000,1305.0,438796.75,439859.7708333333
DC-PPO strict 1+5 (stitched 100M),0-50M,33459200,1307.0,441026.84375,441787.3125
DC-PPO strict 1+5 (stitched 100M),0-50M,33510400,1309.0,445538.34375,444065.0520833333
DC-PPO strict 1+5 (stitched 100M),0-50M,33561600,1311.0,445629.96875,444984.25
DC-PPO strict 1+5 (stitched 100M),0-50M,33612800,1313.0,443784.4375,443511.875
DC-PPO strict 1+5 (stitched 100M),0-50M,33664000,1315.0,441121.21875,443115.9270833333
DC-PPO strict 1+5 (stitched 100M),0-50M,33715200,1317.0,444442.125,443199.28125
DC-PPO strict 1+5 (stitched 100M),0-50M,33766400,1319.0,444034.5,444279.3958333333
DC-PPO strict 1+5 (stitched 100M),0-50M,33817600,1321.0,444361.5625,444376.7291666667
DC-PPO strict 1+5 (stitched 100M),0-50M,33868800,1323.0,444734.125,444672.4479166667
DC-PPO strict 1+5 (stitched 100M),0-50M,33920000,1325.0,444921.65625,445106.7604166667
DC-PPO strict 1+5 (stitched 100M),0-50M,33971200,1327.0,445664.5,445343.375
DC-PPO strict 1+5 (stitched 100M),0-50M,34022400,1329.0,445443.96875,445673.8020833333
DC-PPO strict 1+5 (stitched 100M),0-50M,34073600,1331.0,445912.9375,445511.3958333333
DC-PPO strict 1+5 (stitched 100M),0-50M,34124800,1333.0,445177.28125,445150.6041666667
DC-PPO strict 1+5 (stitched 100M),0-50M,34176000,1335.0,444361.59375,444320.0729166667
DC-PPO strict 1+5 (stitched 100M),0-50M,34227200,1337.0,443421.34375,444409.6145833333
DC-PPO strict 1+5 (stitched 100M),0-50M,34278400,1339.0,445445.90625,444254.53125
DC-PPO strict 1+5 (stitched 100M),0-50M,34329600,1341.0,443896.34375,444246.5625
DC-PPO strict 1+5 (stitched 100M),0-50M,34380800,1343.0,443397.4375,442523.34375
DC-PPO strict 1+5 (stitched 100M),0-50M,34432000,1345.0,440276.25,441887.4895833333
DC-PPO strict 1+5 (stitched 100M),0-50M,34483200,1347.0,441988.78125,440955.9895833333
DC-PPO strict 1+5 (stitched 100M),0-50M,34534400,1349.0,440602.9375,440471.5416666667
DC-PPO strict 1+5 (stitched 100M),0-50M,34585600,1351.0,438822.90625,440094.8333333333
DC-PPO strict 1+5 (stitched 100M),0-50M,34636800,1353.0,440858.65625,440177.6770833333
DC-PPO strict 1+5 (stitched 100M),0-50M,34688000,1355.0,440851.46875,441003.9895833333
DC-PPO strict 1+5 (stitched 100M),0-50M,34739200,1357.0,441301.84375,440811.0625
DC-PPO strict 1+5 (stitched 100M),0-50M,34790400,1359.0,440279.875,441133.84375
DC-PPO strict 1+5 (stitched 100M),0-50M,34841600,1361.0,441819.8125,440888.0
DC-PPO strict 1+5 (stitched 100M),0-50M,34892800,1363.0,440564.3125,439932.3958333333
DC-PPO strict 1+5 (stitched 100M),0-50M,34944000,1365.0,437413.0625,439121.3958333333
DC-PPO strict 1+5 (stitched 100M),0-50M,34995200,1367.0,439386.8125,437772.1770833333
DC-PPO strict 1+5 (stitched 100M),0-50M,35046400,1369.0,436516.65625,438245.09375
DC-PPO strict 1+5 (stitched 100M),0-50M,35097600,1371.0,438831.8125,437489.0416666667
DC-PPO strict 1+5 (stitched 100M),0-50M,35148800,1373.0,437118.65625,438671.8229166667
DC-PPO strict 1+5 (stitched 100M),0-50M,35200000,1375.0,440065.0,438940.1979166667
DC-PPO strict 1+5 (stitched 100M),0-50M,35251200,1377.0,439636.9375,439631.0729166667
DC-PPO strict 1+5 (stitched 100M),0-50M,35302400,1379.0,439191.28125,440102.34375
DC-PPO strict 1+5 (stitched 100M),0-50M,35353600,1381.0,441478.8125,440386.3645833333
DC-PPO strict 1+5 (stitched 100M),0-50M,35404800,1383.0,440489.0,441462.25
DC-PPO strict 1+5 (stitched 100M),0-50M,35456000,1385.0,442418.9375,441935.4479166667
DC-PPO strict 1+5 (stitched 100M),0-50M,35507200,1387.0,442898.40625,443055.0729166667
DC-PPO strict 1+5 (stitched 100M),0-50M,35558400,1389.0,443847.875,442762.1145833333
DC-PPO strict 1+5 (stitched 100M),0-50M,35609600,1391.0,441540.0625,443453.59375
DC-PPO strict 1+5 (stitched 100M),0-50M,35660800,1393.0,444972.84375,443269.25
DC-PPO strict 1+5 (stitched 100M),0-50M,35712000,1395.0,443294.84375,443666.6875
DC-PPO strict 1+5 (stitched 100M),0-50M,35763200,1397.0,442732.375,442497.4583333333
DC-PPO strict 1+5 (stitched 100M),0-50M,35814400,1399.0,441465.15625,441970.0208333333
DC-PPO strict 1+5 (stitched 100M),0-50M,35865600,1401.0,441712.53125,441921.5208333333
DC-PPO strict 1+5 (stitched 100M),0-50M,35916800,1403.0,442586.875,441864.5208333333
DC-PPO strict 1+5 (stitched 100M),0-50M,35968000,1405.0,441294.15625,442328.6458333333
DC-PPO strict 1+5 (stitched 100M),0-50M,36019200,1407.0,443104.90625,442228.8229166667
DC-PPO strict 1+5 (stitched 100M),0-50M,36070400,1409.0,442287.40625,442898.4479166667
DC-PPO strict 1+5 (stitched 100M),0-50M,36121600,1411.0,443303.03125,444477.1041666667
DC-PPO strict 1+5 (stitched 100M),0-50M,36172800,1413.0,447840.875,446644.09375
DC-PPO strict 1+5 (stitched 100M),0-50M,36224000,1415.0,448788.375,449035.71875
DC-PPO strict 1+5 (stitched 100M),0-50M,36275200,1417.0,450477.90625,448797.8229166667
DC-PPO strict 1+5 (stitched 100M),0-50M,36326400,1419.0,447127.1875,448582.9479166667
DC-PPO strict 1+5 (stitched 100M),0-50M,36377600,1421.0,448143.75,447108.7395833333
DC-PPO strict 1+5 (stitched 100M),0-50M,36428800,1423.0,446055.28125,446517.09375
DC-PPO strict 1+5 (stitched 100M),0-50M,36480000,1425.0,445352.25,446328.5520833333
DC-PPO strict 1+5 (stitched 100M),0-50M,36531200,1427.0,447578.125,445757.96875
DC-PPO strict 1+5 (stitched 100M),0-50M,36582400,1429.0,444343.53125,445806.34375
DC-PPO strict 1+5 (stitched 100M),0-50M,36633600,1431.0,445497.375,444754.7604166667
DC-PPO strict 1+5 (stitched 100M),0-50M,36684800,1433.0,444423.375,445063.4791666667
DC-PPO strict 1+5 (stitched 100M),0-50M,36736000,1435.0,445269.6875,444645.4479166667
DC-PPO strict 1+5 (stitched 100M),0-50M,36787200,1437.0,444243.28125,444240.625
DC-PPO strict 1+5 (stitched 100M),0-50M,36838400,1439.0,443208.90625,443843.7708333333
DC-PPO strict 1+5 (stitched 100M),0-50M,36889600,1441.0,444079.125,444327.5833333333
DC-PPO strict 1+5 (stitched 100M),0-50M,36940800,1443.0,445694.71875,443810.8854166667
DC-PPO strict 1+5 (stitched 100M),0-50M,36992000,1445.0,441658.8125,444098.3958333333
DC-PPO strict 1+5 (stitched 100M),0-50M,37043200,1447.0,444941.65625,443433.6145833333
DC-PPO strict 1+5 (stitched 100M),0-50M,37094400,1449.0,443700.375,444403.8958333333
DC-PPO strict 1+5 (stitched 100M),0-50M,37145600,1451.0,444569.65625,444144.96875
DC-PPO strict 1+5 (stitched 100M),0-50M,37196800,1453.0,444164.875,444832.9583333333
DC-PPO strict 1+5 (stitched 100M),0-50M,37248000,1455.0,445764.34375,444930.46875
DC-PPO strict 1+5 (stitched 100M),0-50M,37299200,1457.0,444862.1875,444893.6458333333
DC-PPO strict 1+5 (stitched 100M),0-50M,37350400,1459.0,444054.40625,445709.6145833333
DC-PPO strict 1+5 (stitched 100M),0-50M,37401600,1461.0,448212.25,447403.2395833333
DC-PPO strict 1+5 (stitched 100M),0-50M,37452800,1463.0,449943.0625,449917.3020833333
DC-PPO strict 1+5 (stitched 100M),0-50M,37504000,1465.0,451596.59375,451240.625
DC-PPO strict 1+5 (stitched 100M),0-50M,37555200,1467.0,452182.21875,451790.78125
DC-PPO strict 1+5 (stitched 100M),0-50M,37606400,1469.0,451593.53125,451783.7395833333
DC-PPO strict 1+5 (stitched 100M),0-50M,37657600,1471.0,451575.46875,451206.6145833333
DC-PPO strict 1+5 (stitched 100M),0-50M,37708800,1473.0,450450.84375,451995.90625
DC-PPO strict 1+5 (stitched 100M),0-50M,37760000,1475.0,453961.40625,452358.8020833333
DC-PPO strict 1+5 (stitched 100M),0-50M,37811200,1477.0,452664.15625,453601.09375
DC-PPO strict 1+5 (stitched 100M),0-50M,37862400,1479.0,454177.71875,453609.6145833333
DC-PPO strict 1+5 (stitched 100M),0-50M,37913600,1481.0,453986.96875,454286.59375
DC-PPO strict 1+5 (stitched 100M),0-50M,37964800,1483.0,454695.09375,453679.4895833333
DC-PPO strict 1+5 (stitched 100M),0-50M,38016000,1485.0,452356.40625,452727.1145833333
DC-PPO strict 1+5 (stitched 100M),0-50M,38067200,1487.0,451129.84375,452395.2395833333
DC-PPO strict 1+5 (stitched 100M),0-50M,38118400,1489.0,453699.46875,452643.3958333333
DC-PPO strict 1+5 (stitched 100M),0-50M,38169600,1491.0,453100.875,452754.75
DC-PPO strict 1+5 (stitched 100M),0-50M,38220800,1493.0,451463.90625,452192.6979166667
DC-PPO strict 1+5 (stitched 100M),0-50M,38272000,1495.0,452013.3125,451184.2916666667
DC-PPO strict 1+5 (stitched 100M),0-50M,38323200,1497.0,450075.65625,450697.09375
DC-PPO strict 1+5 (stitched 100M),0-50M,38374400,1499.0,450002.3125,450537.4791666667
DC-PPO strict 1+5 (stitched 100M),0-50M,38425600,1501.0,451534.46875,450822.0729166667
DC-PPO strict 1+5 (stitched 100M),0-50M,38476800,1503.0,450929.4375,450930.6770833333
DC-PPO strict 1+5 (stitched 100M),0-50M,38528000,1505.0,450328.125,450565.4270833333
DC-PPO strict 1+5 (stitched 100M),0-50M,38579200,1507.0,450438.71875,450928.40625
DC-PPO strict 1+5 (stitched 100M),0-50M,38630400,1509.0,452018.375,451394.2083333333
DC-PPO strict 1+5 (stitched 100M),0-50M,38681600,1511.0,451725.53125,452307.4479166667
DC-PPO strict 1+5 (stitched 100M),0-50M,38732800,1513.0,453178.4375,452979.1145833333
DC-PPO strict 1+5 (stitched 100M),0-50M,38784000,1515.0,454033.375,454277.1979166667
DC-PPO strict 1+5 (stitched 100M),0-50M,38835200,1517.0,455619.78125,454511.5729166667
DC-PPO strict 1+5 (stitched 100M),0-50M,38886400,1519.0,453881.5625,455553.6041666667
DC-PPO strict 1+5 (stitched 100M),0-50M,38937600,1521.0,457159.46875,455492.8333333333
DC-PPO strict 1+5 (stitched 100M),0-50M,38988800,1523.0,455437.46875,455452.5520833333
DC-PPO strict 1+5 (stitched 100M),0-50M,39040000,1525.0,453760.71875,453354.9791666667
DC-PPO strict 1+5 (stitched 100M),0-50M,39091200,1527.0,450866.75,452175.6979166667
DC-PPO strict 1+5 (stitched 100M),0-50M,39142400,1529.0,451899.625,451123.0208333333
DC-PPO strict 1+5 (stitched 100M),0-50M,39193600,1531.0,450602.6875,450244.125
DC-PPO strict 1+5 (stitched 100M),0-50M,39244800,1533.0,448230.0625,449293.8958333333
DC-PPO strict 1+5 (stitched 100M),0-50M,39296000,1535.0,449048.9375,449609.90625
DC-PPO strict 1+5 (stitched 100M),0-50M,39347200,1537.0,451550.71875,451316.7604166667
DC-PPO strict 1+5 (stitched 100M),0-50M,39398400,1539.0,453350.625,452656.8229166667
DC-PPO strict 1+5 (stitched 100M),0-50M,39449600,1541.0,453069.125,453472.21875
DC-PPO strict 1+5 (stitched 100M),0-50M,39500800,1543.0,453996.90625,454072.9166666667
DC-PPO strict 1+5 (stitched 100M),0-50M,39552000,1545.0,455152.71875,454207.3541666667
DC-PPO strict 1+5 (stitched 100M),0-50M,39603200,1547.0,453472.4375,453665.5520833333
DC-PPO strict 1+5 (stitched 100M),0-50M,39654400,1549.0,452371.5,453963.2291666667
DC-PPO strict 1+5 (stitched 100M),0-50M,39705600,1551.0,456045.75,454989.6875
DC-PPO strict 1+5 (stitched 100M),0-50M,39756800,1553.0,456551.8125,456035.8125
DC-PPO strict 1+5 (stitched 100M),0-50M,39808000,1555.0,455509.875,456198.9375
DC-PPO strict 1+5 (stitched 100M),0-50M,39859200,1557.0,456535.125,456919.3854166667
DC-PPO strict 1+5 (stitched 100M),0-50M,39910400,1559.0,458713.15625,457749.5104166667
DC-PPO strict 1+5 (stitched 100M),0-50M,39961600,1561.0,458000.25,457418.15625
DC-PPO strict 1+5 (stitched 100M),0-50M,40012800,1563.0,455541.0625,456198.2291666667
DC-PPO strict 1+5 (stitched 100M),0-50M,40064000,1565.0,455053.375,455405.09375
DC-PPO strict 1+5 (stitched 100M),0-50M,40115200,1567.0,455620.84375,454159.0416666667
DC-PPO strict 1+5 (stitched 100M),0-50M,40166400,1569.0,451802.90625,453068.9270833333
DC-PPO strict 1+5 (stitched 100M),0-50M,40217600,1571.0,451783.03125,451921.2291666667
DC-PPO strict 1+5 (stitched 100M),0-50M,40268800,1573.0,452177.75,451548.4375
DC-PPO strict 1+5 (stitched 100M),0-50M,40320000,1575.0,450684.53125,451473.84375
DC-PPO strict 1+5 (stitched 100M),0-50M,40371200,1577.0,451559.25,451016.25
DC-PPO strict 1+5 (stitched 100M),0-50M,40422400,1579.0,450804.96875,452074.03125
DC-PPO strict 1+5 (stitched 100M),0-50M,40473600,1581.0,453857.875,453229.78125
DC-PPO strict 1+5 (stitched 100M),0-50M,40524800,1583.0,455026.5,453877.2291666667
DC-PPO strict 1+5 (stitched 100M),0-50M,40576000,1585.0,452747.3125,453678.6666666667
DC-PPO strict 1+5 (stitched 100M),0-50M,40627200,1587.0,453262.1875,452535.6770833333
DC-PPO strict 1+5 (stitched 100M),0-50M,40678400,1589.0,451597.53125,451981.6666666667
DC-PPO strict 1+5 (stitched 100M),0-50M,40729600,1591.0,451085.28125,451648.59375
DC-PPO strict 1+5 (stitched 100M),0-50M,40780800,1593.0,452262.96875,451093.96875
DC-PPO strict 1+5 (stitched 100M),0-50M,40832000,1595.0,449933.65625,451257.5625
DC-PPO strict 1+5 (stitched 100M),0-50M,40883200,1597.0,451576.0625,451284.9479166667
DC-PPO strict 1+5 (stitched 100M),0-50M,40934400,1599.0,452345.125,451636.7083333333
DC-PPO strict 1+5 (stitched 100M),0-50M,40985600,1601.0,450988.9375,450857.3333333333
DC-PPO strict 1+5 (stitched 100M),0-50M,41036800,1603.0,449237.9375,449829.7604166667
DC-PPO strict 1+5 (stitched 100M),0-50M,41088000,1605.0,449262.40625,449382.8020833333
DC-PPO strict 1+5 (stitched 100M),0-50M,41139200,1607.0,449648.0625,449629.5833333333
DC-PPO strict 1+5 (stitched 100M),0-50M,41190400,1609.0,449978.28125,448939.03125
DC-PPO strict 1+5 (stitched 100M),0-50M,41241600,1611.0,447190.75,448811.5625
DC-PPO strict 1+5 (stitched 100M),0-50M,41292800,1613.0,449265.65625,448752.3020833333
DC-PPO strict 1+5 (stitched 100M),0-50M,41344000,1615.0,449800.5,448359.9895833333
DC-PPO strict 1+5 (stitched 100M),0-50M,41395200,1617.0,446013.8125,447650.3229166667
DC-PPO strict 1+5 (stitched 100M),0-50M,41446400,1619.0,447136.65625,447027.78125
DC-PPO strict 1+5 (stitched 100M),0-50M,41497600,1621.0,447932.875,447406.5729166667
DC-PPO strict 1+5 (stitched 100M),0-50M,41548800,1623.0,447150.1875,447747.90625
DC-PPO strict 1+5 (stitched 100M),0-50M,41600000,1625.0,448160.65625,448604.46875
DC-PPO strict 1+5 (stitched 100M),0-50M,41651200,1627.0,450502.5625,449778.8229166667
DC-PPO strict 1+5 (stitched 100M),0-50M,41702400,1629.0,450673.25,450429.3854166667
DC-PPO strict 1+5 (stitched 100M),0-50M,41753600,1631.0,450112.34375,450337.7083333333
DC-PPO strict 1+5 (stitched 100M),0-50M,41804800,1633.0,450227.53125,450260.7604166667
DC-PPO strict 1+5 (stitched 100M),0-50M,41856000,1635.0,450442.40625,450748.1145833333
DC-PPO strict 1+5 (stitched 100M),0-50M,41907200,1637.0,451574.40625,451805.28125
DC-PPO strict 1+5 (stitched 100M),0-50M,41958400,1639.0,453399.03125,452119.6875
DC-PPO strict 1+5 (stitched 100M),0-50M,42009600,1641.0,451385.625,452436.4583333333
DC-PPO strict 1+5 (stitched 100M),0-50M,42060800,1643.0,452524.71875,451505.9270833333
DC-PPO strict 1+5 (stitched 100M),0-50M,42112000,1645.0,450607.4375,452419.7395833333
DC-PPO strict 1+5 (stitched 100M),0-50M,42163200,1647.0,454127.0625,452865.03125
DC-PPO strict 1+5 (stitched 100M),0-50M,42214400,1649.0,453860.59375,453978.9479166667
DC-PPO strict 1+5 (stitched 100M),0-50M,42265600,1651.0,453949.1875,453408.9479166667
DC-PPO strict 1+5 (stitched 100M),0-50M,42316800,1653.0,452417.0625,452838.7083333333
DC-PPO strict 1+5 (stitched 100M),0-50M,42368000,1655.0,452149.875,453133.09375
DC-PPO strict 1+5 (stitched 100M),0-50M,42419200,1657.0,454832.34375,452997.15625
DC-PPO strict 1+5 (stitched 100M),0-50M,42470400,1659.0,452009.25,453482.5625
DC-PPO strict 1+5 (stitched 100M),0-50M,42521600,1661.0,453606.09375,452528.1041666667
DC-PPO strict 1+5 (stitched 100M),0-50M,42572800,1663.0,451968.96875,453604.0729166667
DC-PPO strict 1+5 (stitched 100M),0-50M,42624000,1665.0,455237.15625,453471.0729166667
DC-PPO strict 1+5 (stitched 100M),0-50M,42675200,1667.0,453207.09375,453656.7083333333
DC-PPO strict 1+5 (stitched 100M),0-50M,42726400,1669.0,452525.875,452092.8020833333
DC-PPO strict 1+5 (stitched 100M),0-50M,42777600,1671.0,450545.4375,451241.0104166667
DC-PPO strict 1+5 (stitched 100M),0-50M,42828800,1673.0,450651.71875,450679.875
DC-PPO strict 1+5 (stitched 100M),0-50M,42880000,1675.0,450842.46875,450383.59375
DC-PPO strict 1+5 (stitched 100M),0-50M,42931200,1677.0,449656.59375,450909.5208333333
DC-PPO strict 1+5 (stitched 100M),0-50M,42982400,1679.0,452229.5,451397.2604166667
DC-PPO strict 1+5 (stitched 100M),0-50M,43033600,1681.0,452305.6875,452372.78125
DC-PPO strict 1+5 (stitched 100M),0-50M,43084800,1683.0,452583.15625,453085.1875
DC-PPO strict 1+5 (stitched 100M),0-50M,43136000,1685.0,454366.71875,453801.1666666667
DC-PPO strict 1+5 (stitched 100M),0-50M,43187200,1687.0,454453.625,455015.9583333333
DC-PPO strict 1+5 (stitched 100M),0-50M,43238400,1689.0,456227.53125,455876.8333333333
DC-PPO strict 1+5 (stitched 100M),0-50M,43289600,1691.0,456949.34375,456159.3645833333
DC-PPO strict 1+5 (stitched 100M),0-50M,43340800,1693.0,455301.21875,456394.5625
DC-PPO strict 1+5 (stitched 100M),0-50M,43392000,1695.0,456933.125,456315.9270833333
DC-PPO strict 1+5 (stitched 100M),0-50M,43443200,1697.0,456713.4375,456663.1145833333
DC-PPO strict 1+5 (stitched 100M),0-50M,43494400,1699.0,456342.78125,457170.84375
DC-PPO strict 1+5 (stitched 100M),0-50M,43545600,1701.0,458456.3125,457069.9270833333
DC-PPO strict 1+5 (stitched 100M),0-50M,43596800,1703.0,456410.6875,457167.7083333333
DC-PPO strict 1+5 (stitched 100M),0-50M,43648000,1705.0,456636.125,456927.3020833333
DC-PPO strict 1+5 (stitched 100M),0-50M,43699200,1707.0,457735.09375,456475.3958333333
DC-PPO strict 1+5 (stitched 100M),0-50M,43750400,1709.0,455054.96875,455082.3958333333
DC-PPO strict 1+5 (stitched 100M),0-50M,43801600,1711.0,452457.125,453290.2395833333
DC-PPO strict 1+5 (stitched 100M),0-50M,43852800,1713.0,452358.625,453340.7083333333
DC-PPO strict 1+5 (stitched 100M),0-50M,43904000,1715.0,455206.375,454970.3333333333
DC-PPO strict 1+5 (stitched 100M),0-50M,43955200,1717.0,457346.0,456074.28125
DC-PPO strict 1+5 (stitched 100M),0-50M,44006400,1719.0,455670.46875,456167.4270833333
DC-PPO strict 1+5 (stitched 100M),0-50M,44057600,1721.0,455485.8125,455867.3333333333
DC-PPO strict 1+5 (stitched 100M),0-50M,44108800,1723.0,456445.71875,455916.1041666667
DC-PPO strict 1+5 (stitched 100M),0-50M,44160000,1725.0,455816.78125,457475.2916666667
DC-PPO strict 1+5 (stitched 100M),0-50M,44211200,1727.0,460163.375,459182.3958333333
DC-PPO strict 1+5 (stitched 100M),0-50M,44262400,1729.0,461567.03125,460839.9166666667
DC-PPO strict 1+5 (stitched 100M),0-50M,44313600,1731.0,460789.34375,460399.96875
DC-PPO strict 1+5 (stitched 100M),0-50M,44364800,1733.0,458843.53125,459222.6145833333
DC-PPO strict 1+5 (stitched 100M),0-50M,44416000,1735.0,458034.96875,457880.1145833333
DC-PPO strict 1+5 (stitched 100M),0-50M,44467200,1737.0,456761.84375,458138.7708333333
DC-PPO strict 1+5 (stitched 100M),0-50M,44518400,1739.0,459619.5,458688.5520833333
DC-PPO strict 1+5 (stitched 100M),0-50M,44569600,1741.0,459684.3125,460416.7291666667
DC-PPO strict 1+5 (stitched 100M),0-50M,44620800,1743.0,461946.375,460753.96875
DC-PPO strict 1+5 (stitched 100M),0-50M,44672000,1745.0,460631.21875,460864.09375
DC-PPO strict 1+5 (stitched 100M),0-50M,44723200,1747.0,460014.6875,460028.9895833333
DC-PPO strict 1+5 (stitched 100M),0-50M,44774400,1749.0,459441.0625,459011.65625
DC-PPO strict 1+5 (stitched 100M),0-50M,44825600,1751.0,457579.21875,458142.4791666667
DC-PPO strict 1+5 (stitched 100M),0-50M,44876800,1753.0,457407.15625,458039.5729166667
DC-PPO strict 1+5 (stitched 100M),0-50M,44928000,1755.0,459132.34375,458146.7083333333
DC-PPO strict 1+5 (stitched 100M),0-50M,44979200,1757.0,457900.625,459045.6145833333
DC-PPO strict 1+5 (stitched 100M),0-50M,45030400,1759.0,460103.875,458896.34375
DC-PPO strict 1+5 (stitched 100M),0-50M,45081600,1761.0,458684.53125,459596.4375
DC-PPO strict 1+5 (stitched 100M),0-50M,45132800,1763.0,460000.90625,459186.9166666667
DC-PPO strict 1+5 (stitched 100M),0-50M,45184000,1765.0,458875.3125,458789.4895833333
DC-PPO strict 1+5 (stitched 100M),0-50M,45235200,1767.0,457492.25,457682.0625
DC-PPO strict 1+5 (stitched 100M),0-50M,45286400,1769.0,456678.625,456655.90625
DC-PPO strict 1+5 (stitched 100M),0-50M,45337600,1771.0,455796.84375,456407.7708333333
DC-PPO strict 1+5 (stitched 100M),0-50M,45388800,1773.0,456747.84375,456214.3541666667
DC-PPO strict 1+5 (stitched 100M),0-50M,45440000,1775.0,456098.375,455012.7291666667
DC-PPO strict 1+5 (stitched 100M),0-50M,45491200,1777.0,452191.96875,454259.8229166667
DC-PPO strict 1+5 (stitched 100M),0-50M,45542400,1779.0,454489.125,453183.7291666667
DC-PPO strict 1+5 (stitched 100M),0-50M,45593600,1781.0,452870.09375,453803.3333333333
DC-PPO strict 1+5 (stitched 100M),0-50M,45644800,1783.0,454050.78125,453293.6979166667
DC-PPO strict 1+5 (stitched 100M),0-50M,45696000,1785.0,452960.21875,453671.8645833333
DC-PPO strict 1+5 (stitched 100M),0-50M,45747200,1787.0,454004.59375,452939.1354166667
DC-PPO strict 1+5 (stitched 100M),0-50M,45798400,1789.0,451852.59375,451958.71875
DC-PPO strict 1+5 (stitched 100M),0-50M,45849600,1791.0,450018.96875,450684.1458333333
DC-PPO strict 1+5 (stitched 100M),0-50M,45900800,1793.0,450180.875,449949.5208333333
DC-PPO strict 1+5 (stitched 100M),0-50M,45952000,1795.0,449648.71875,450734.0520833333
DC-PPO strict 1+5 (stitched 100M),0-50M,46003200,1797.0,452372.5625,450394.8854166667
DC-PPO strict 1+5 (stitched 100M),0-50M,46054400,1799.0,449163.375,450873.5833333333
DC-PPO strict 1+5 (stitched 100M),0-50M,46105600,1801.0,451084.8125,450991.5
DC-PPO strict 1+5 (stitched 100M),0-50M,46156800,1803.0,452726.3125,453087.9375
DC-PPO strict 1+5 (stitched 100M),0-50M,46208000,1805.0,455452.6875,453741.75
DC-PPO strict 1+5 (stitched 100M),0-50M,46259200,1807.0,453046.25,453869.8229166667
DC-PPO strict 1+5 (stitched 100M),0-50M,46310400,1809.0,453110.53125,453387.9375
DC-PPO strict 1+5 (stitched 100M),0-50M,46361600,1811.0,454007.03125,453479.40625
DC-PPO strict 1+5 (stitched 100M),0-50M,46412800,1813.0,453320.65625,452806.4270833333
DC-PPO strict 1+5 (stitched 100M),0-50M,46464000,1815.0,451091.59375,452301.8854166667
DC-PPO strict 1+5 (stitched 100M),0-50M,46515200,1817.0,452493.40625,451184.8020833333
DC-PPO strict 1+5 (stitched 100M),0-50M,46566400,1819.0,449969.40625,451048.28125
DC-PPO strict 1+5 (stitched 100M),0-50M,46617600,1821.0,450682.03125,451741.9270833333
DC-PPO strict 1+5 (stitched 100M),0-50M,46668800,1823.0,454574.34375,452662.1458333333
DC-PPO strict 1+5 (stitched 100M),0-50M,46720000,1825.0,452730.0625,453061.9166666667
DC-PPO strict 1+5 (stitched 100M),0-50M,46771200,1827.0,451881.34375,451599.2083333333
DC-PPO strict 1+5 (stitched 100M),0-50M,46822400,1829.0,450186.21875,449989.5
DC-PPO strict 1+5 (stitched 100M),0-50M,46873600,1831.0,447900.9375,448915.9791666667
DC-PPO strict 1+5 (stitched 100M),0-50M,46924800,1833.0,448660.78125,447630.15625
DC-PPO strict 1+5 (stitched 100M),0-50M,46976000,1835.0,446328.75,447865.6041666667
DC-PPO strict 1+5 (stitched 100M),0-50M,47027200,1837.0,448607.28125,447945.6145833333
DC-PPO strict 1+5 (stitched 100M),0-50M,47078400,1839.0,448900.8125,448751.7395833333
DC-PPO strict 1+5 (stitched 100M),0-50M,47129600,1841.0,448747.125,450226.6145833333
DC-PPO strict 1+5 (stitched 100M),0-50M,47180800,1843.0,453031.90625,451143.1145833333
DC-PPO strict 1+5 (stitched 100M),0-50M,47232000,1845.0,451650.3125,453019.34375
DC-PPO strict 1+5 (stitched 100M),0-50M,47283200,1847.0,454375.8125,453962.2291666667
DC-PPO strict 1+5 (stitched 100M),0-50M,47334400,1849.0,455860.5625,455330.0625
DC-PPO strict 1+5 (stitched 100M),0-50M,47385600,1851.0,455753.8125,455686.2708333333
DC-PPO strict 1+5 (stitched 100M),0-50M,47436800,1853.0,455444.4375,455065.1354166667
DC-PPO strict 1+5 (stitched 100M),0-50M,47488000,1855.0,453997.15625,454201.4270833333
DC-PPO strict 1+5 (stitched 100M),0-50M,47539200,1857.0,453162.6875,453362.1145833333
DC-PPO strict 1+5 (stitched 100M),0-50M,47590400,1859.0,452926.5,452271.9895833333
DC-PPO strict 1+5 (stitched 100M),0-50M,47641600,1861.0,450726.78125,450982.0208333333
DC-PPO strict 1+5 (stitched 100M),0-50M,47692800,1863.0,449292.78125,450269.9895833333
DC-PPO strict 1+5 (stitched 100M),0-50M,47744000,1865.0,450790.40625,450324.9375
DC-PPO strict 1+5 (stitched 100M),0-50M,47795200,1867.0,450891.625,451899.5
DC-PPO strict 1+5 (stitched 100M),0-50M,47846400,1869.0,454016.46875,452160.3854166667
DC-PPO strict 1+5 (stitched 100M),0-50M,47897600,1871.0,451573.0625,453285.7395833333
DC-PPO strict 1+5 (stitched 100M),0-50M,47948800,1873.0,454267.6875,453440.75
DC-PPO strict 1+5 (stitched 100M),0-50M,48000000,1875.0,454481.5,453952.5
DC-PPO strict 1+5 (stitched 100M),0-50M,48051200,1877.0,453108.3125,454090.0
DC-PPO strict 1+5 (stitched 100M),0-50M,48102400,1879.0,454680.1875,454841.8333333333
DC-PPO strict 1+5 (stitched 100M),0-50M,48153600,1881.0,456737.0,455222.3020833333
DC-PPO strict 1+5 (stitched 100M),0-50M,48204800,1883.0,454249.71875,455704.5416666667
DC-PPO strict 1+5 (stitched 100M),0-50M,48256000,1885.0,456126.90625,456053.8541666667
DC-PPO strict 1+5 (stitched 100M),0-50M,48307200,1887.0,457784.9375,457004.8541666667
DC-PPO strict 1+5 (stitched 100M),0-50M,48358400,1889.0,457102.71875,458244.96875
DC-PPO strict 1+5 (stitched 100M),0-50M,48409600,1891.0,459847.25,458991.2291666667
DC-PPO strict 1+5 (stitched 100M),0-50M,48460800,1893.0,460023.71875,460195.6666666667
DC-PPO strict 1+5 (stitched 100M),0-50M,48512000,1895.0,460716.03125,459000.8645833333
DC-PPO strict 1+5 (stitched 100M),0-50M,48563200,1897.0,456262.84375,457826.4583333333
DC-PPO strict 1+5 (stitched 100M),0-50M,48614400,1899.0,456500.5,455121.09375
DC-PPO strict 1+5 (stitched 100M),0-50M,48665600,1901.0,452599.9375,453751.9479166667
DC-PPO strict 1+5 (stitched 100M),0-50M,48716800,1903.0,452155.40625,452338.7604166667
DC-PPO strict 1+5 (stitched 100M),0-50M,48768000,1905.0,452260.9375,452015.8541666667
DC-PPO strict 1+5 (stitched 100M),0-50M,48819200,1907.0,451631.21875,452324.8125
DC-PPO strict 1+5 (stitched 100M),0-50M,48870400,1909.0,453082.28125,451973.4895833333
DC-PPO strict 1+5 (stitched 100M),0-50M,48921600,1911.0,451206.96875,452020.1770833333
DC-PPO strict 1+5 (stitched 100M),0-50M,48972800,1913.0,451771.28125,451641.9479166667
DC-PPO strict 1+5 (stitched 100M),0-50M,49024000,1915.0,451947.59375,451709.8854166667
DC-PPO strict 1+5 (stitched 100M),0-50M,49075200,1917.0,451410.78125,451440.09375
DC-PPO strict 1+5 (stitched 100M),0-50M,49126400,1919.0,450961.90625,451908.5104166667
DC-PPO strict 1+5 (stitched 100M),0-50M,49177600,1921.0,453352.84375,452531.15625
DC-PPO strict 1+5 (stitched 100M),0-50M,49228800,1923.0,453278.71875,453849.4375
DC-PPO strict 1+5 (stitched 100M),0-50M,49280000,1925.0,454916.75,454954.5104166667
DC-PPO strict 1+5 (stitched 100M),0-50M,49331200,1927.0,456668.0625,455360.6354166667
DC-PPO strict 1+5 (stitched 100M),0-50M,49382400,1929.0,454497.09375,454740.0833333333
DC-PPO strict 1+5 (stitched 100M),0-50M,49433600,1931.0,453055.09375,454335.6458333333
DC-PPO strict 1+5 (stitched 100M),0-50M,49484800,1933.0,455454.75,455275.6875
DC-PPO strict 1+5 (stitched 100M),0-50M,49536000,1935.0,457317.21875,456090.1770833333
DC-PPO strict 1+5 (stitched 100M),0-50M,49587200,1937.0,455498.5625,456585.5625
DC-PPO strict 1+5 (stitched 100M),0-50M,49638400,1939.0,456940.90625,456133.8541666667
DC-PPO strict 1+5 (stitched 100M),0-50M,49689600,1941.0,455962.09375,456579.40625
DC-PPO strict 1+5 (stitched 100M),0-50M,49740800,1943.0,456835.21875,457208.8854166667
DC-PPO strict 1+5 (stitched 100M),0-50M,49792000,1945.0,458829.34375,457876.1458333333
DC-PPO strict 1+5 (stitched 100M),0-50M,49843200,1947.0,457963.875,456977.0208333333
DC-PPO strict 1+5 (stitched 100M),0-50M,49894400,1949.0,454137.84375,455193.9583333333
DC-PPO strict 1+5 (stitched 100M),0-50M,49945600,1951.0,453480.15625,453531.40625
DC-PPO strict 1+5 (stitched 100M),0-50M,49996800,1953.0,452976.21875,452817.9791666667
DC-PPO strict 1+5 (stitched 100M),50-100M,50025600,1954.125,451997.5625,452573.0
DC-PPO strict 1+5 (stitched 100M),50-100M,50076800,1956.125,452745.21875,452501.4375
DC-PPO strict 1+5 (stitched 100M),50-100M,50128000,1958.125,452761.53125,452176.4479166667
DC-PPO strict 1+5 (stitched 100M),50-100M,50179200,1960.125,451022.59375,451732.8125
DC-PPO strict 1+5 (stitched 100M),50-100M,50230400,1962.125,451414.3125,451449.6666666667
DC-PPO strict 1+5 (stitched 100M),50-100M,50281600,1964.125,451912.09375,451020.0416666667
DC-PPO strict 1+5 (stitched 100M),50-100M,50332800,1966.125,449733.71875,449958.8020833333
DC-PPO strict 1+5 (stitched 100M),50-100M,50384000,1968.125,448230.59375,448525.4479166667
DC-PPO strict 1+5 (stitched 100M),50-100M,50435200,1970.125,447612.03125,448391.6770833333
DC-PPO strict 1+5 (stitched 100M),50-100M,50486400,1972.125,449332.40625,448330.6666666667
DC-PPO strict 1+5 (stitched 100M),50-100M,50537600,1974.125,448047.5625,448026.9479166667
DC-PPO strict 1+5 (stitched 100M),50-100M,50588800,1976.125,446700.875,446837.5520833333
DC-PPO strict 1+5 (stitched 100M),50-100M,50640000,1978.125,445764.21875,446704.9375
DC-PPO strict 1+5 (stitched 100M),50-100M,50691200,1980.125,447649.71875,447424.0
DC-PPO strict 1+5 (stitched 100M),50-100M,50742400,1982.125,448858.0625,449324.9583333333
DC-PPO strict 1+5 (stitched 100M),50-100M,50793600,1984.125,451467.09375,450218.4375
DC-PPO strict 1+5 (stitched 100M),50-100M,50844800,1986.125,450330.15625,451521.7604166667
DC-PPO strict 1+5 (stitched 100M),50-100M,50896000,1988.125,452768.03125,451996.1666666667
DC-PPO strict 1+5 (stitched 100M),50-100M,50947200,1990.125,452890.3125,452933.3541666667
DC-PPO strict 1+5 (stitched 100M),50-100M,50998400,1992.125,453141.71875,454050.8020833333
DC-PPO strict 1+5 (stitched 100M),50-100M,51049600,1994.125,456120.375,455538.2083333333
DC-PPO strict 1+5 (stitched 100M),50-100M,51100800,1996.125,457352.53125,456577.875
DC-PPO strict 1+5 (stitched 100M),50-100M,51152000,1998.125,456260.71875,456766.7291666667
DC-PPO strict 1+5 (stitched 100M),50-100M,51203200,2000.125,456686.9375,456454.8229166667
DC-PPO strict 1+5 (stitched 100M),50-100M,51254400,2002.125,456416.8125,457183.0208333333
DC-PPO strict 1+5 (stitched 100M),50-100M,51305600,2004.125,458445.3125,457577.0
DC-PPO strict 1+5 (stitched 100M),50-100M,51356800,2006.125,457868.875,458487.6979166667
DC-PPO strict 1+5 (stitched 100M),50-100M,51408000,2008.125,459148.90625,458515.9583333333
DC-PPO strict 1+5 (stitched 100M),50-100M,51459200,2010.125,458530.09375,458712.9895833333
DC-PPO strict 1+5 (stitched 100M),50-100M,51510400,2012.125,458459.96875,458851.5208333333
DC-PPO strict 1+5 (stitched 100M),50-100M,51561600,2014.125,459564.5,459449.375
DC-PPO strict 1+5 (stitched 100M),50-100M,51612800,2016.125,460323.65625,460223.15625
DC-PPO strict 1+5 (stitched 100M),50-100M,51664000,2018.125,460781.3125,460794.375
DC-PPO strict 1+5 (stitched 100M),50-100M,51715200,2020.125,461278.15625,460378.65625
DC-PPO strict 1+5 (stitched 100M),50-100M,51766400,2022.125,459076.5,459306.1145833333
DC-PPO strict 1+5 (stitched 100M),50-100M,51817600,2024.125,457563.6875,458476.3229166667
DC-PPO strict 1+5 (stitched 100M),50-100M,51868800,2026.125,458788.78125,457648.3333333333
DC-PPO strict 1+5 (stitched 100M),50-100M,51920000,2028.125,456592.53125,456842.5104166667
DC-PPO strict 1+5 (stitched 100M),50-100M,51971200,2030.125,455146.21875,456612.625
DC-PPO strict 1+5 (stitched 100M),50-100M,52022400,2032.125,458099.125,456902.2291666667
DC-PPO strict 1+5 (stitched 100M),50-100M,52073600,2034.125,457461.34375,458839.1875
DC-PPO strict 1+5 (stitched 100M),50-100M,52124800,2036.125,460957.09375,459359.1354166667
DC-PPO strict 1+5 (stitched 100M),50-100M,52176000,2038.125,459658.96875,460133.4479166667
DC-PPO strict 1+5 (stitched 100M),50-100M,52227200,2040.125,459784.28125,459935.8229166667
DC-PPO strict 1+5 (stitched 100M),50-100M,52278400,2042.125,460364.21875,460397.0625
DC-PPO strict 1+5 (stitched 100M),50-100M,52329600,2044.125,461042.6875,460129.2708333333
DC-PPO strict 1+5 (stitched 100M),50-100M,52380800,2046.125,458980.90625,459798.7083333333
DC-PPO strict 1+5 (stitched 100M),50-100M,52432000,2048.125,459372.53125,459422.5
DC-PPO strict 1+5 (stitched 100M),50-100M,52483200,2050.125,459914.0625,459452.1145833333
DC-PPO strict 1+5 (stitched 100M),50-100M,52534400,2052.125,459069.75,459583.71875
DC-PPO strict 1+5 (stitched 100M),50-100M,52585600,2054.125,459767.34375,459579.34375
DC-PPO strict 1+5 (stitched 100M),50-100M,52636800,2056.125,459900.9375,460479.7708333333
DC-PPO strict 1+5 (stitched 100M),50-100M,52688000,2058.125,461771.03125,460065.2604166667
DC-PPO strict 1+5 (stitched 100M),50-100M,52739200,2060.125,458523.8125,459506.6666666667
DC-PPO strict 1+5 (stitched 100M),50-100M,52790400,2062.125,458225.15625,457996.0208333333
DC-PPO strict 1+5 (stitched 100M),50-100M,52841600,2064.125,457239.09375,458063.0520833333
DC-PPO strict 1+5 (stitched 100M),50-100M,52892800,2066.125,458724.90625,458494.3020833333
DC-PPO strict 1+5 (stitched 100M),50-100M,52944000,2068.125,459518.90625,458535.4375
DC-PPO strict 1+5 (stitched 100M),50-100M,52995200,2070.125,457362.5,458379.0416666667
DC-PPO strict 1+5 (stitched 100M),50-100M,53046400,2072.125,458255.71875,458610.4791666667
DC-PPO strict 1+5 (stitched 100M),50-100M,53097600,2074.125,460213.21875,459074.25
DC-PPO strict 1+5 (stitched 100M),50-100M,53148800,2076.125,458753.8125,459706.8020833333
DC-PPO strict 1+5 (stitched 100M),50-100M,53200000,2078.125,460153.375,459045.6875
DC-PPO strict 1+5 (stitched 100M),50-100M,53251200,2080.125,458229.875,458684.25
DC-PPO strict 1+5 (stitched 100M),50-100M,53302400,2082.125,457669.5,457652.6145833333
DC-PPO strict 1+5 (stitched 100M),50-100M,53353600,2084.125,457058.46875,457481.0416666667
DC-PPO strict 1+5 (stitched 100M),50-100M,53404800,2086.125,457715.15625,457705.125
DC-PPO strict 1+5 (stitched 100M),50-100M,53456000,2088.125,458341.75,457859.125
DC-PPO strict 1+5 (stitched 100M),50-100M,53507200,2090.125,457520.46875,456917.15625
DC-PPO strict 1+5 (stitched 100M),50-100M,53558400,2092.125,454889.25,456240.8645833333
DC-PPO strict 1+5 (stitched 100M),50-100M,53609600,2094.125,456312.875,456019.3125
DC-PPO strict 1+5 (stitched 100M),50-100M,53660800,2096.125,456855.8125,456552.7916666667
DC-PPO strict 1+5 (stitched 100M),50-100M,53712000,2098.125,456489.6875,456040.34375
DC-PPO strict 1+5 (stitched 100M),50-100M,53763200,2100.125,454775.53125,456299.7916666667
DC-PPO strict 1+5 (stitched 100M),50-100M,53814400,2102.125,457634.15625,456675.5625
DC-PPO strict 1+5 (stitched 100M),50-100M,53865600,2104.125,457617.0,457975.625
DC-PPO strict 1+5 (stitched 100M),50-100M,53916800,2106.125,458675.71875,458594.5
DC-PPO strict 1+5 (stitched 100M),50-100M,53968000,2108.125,459490.78125,458750.9166666667
DC-PPO strict 1+5 (stitched 100M),50-100M,54019200,2110.125,458086.25,459123.3541666667
DC-PPO strict 1+5 (stitched 100M),50-100M,54070400,2112.125,459793.03125,458734.8020833333
DC-PPO strict 1+5 (stitched 100M),50-100M,54121600,2114.125,458325.125,458705.6041666667
DC-PPO strict 1+5 (stitched 100M),50-100M,54172800,2116.125,457998.65625,457637.6979166667
DC-PPO strict 1+5 (stitched 100M),50-100M,54224000,2118.125,456589.3125,457851.40625
DC-PPO strict 1+5 (stitched 100M),50-100M,54275200,2120.125,458966.25,458308.8645833333
DC-PPO strict 1+5 (stitched 100M),50-100M,54326400,2122.125,459371.03125,459607.2916666667
DC-PPO strict 1+5 (stitched 100M),50-100M,54377600,2124.125,460484.59375,461621.3125
DC-PPO strict 1+5 (stitched 100M),50-100M,54428800,2126.125,465008.3125,462698.9583333333
DC-PPO strict 1+5 (stitched 100M),50-100M,54480000,2128.125,462603.96875,463148.4479166667
DC-PPO strict 1+5 (stitched 100M),50-100M,54531200,2130.125,461833.0625,461603.9583333333
DC-PPO strict 1+5 (stitched 100M),50-100M,54582400,2132.125,460374.84375,460601.0
DC-PPO strict 1+5 (stitched 100M),50-100M,54633600,2134.125,459595.09375,459630.5729166667
DC-PPO strict 1+5 (stitched 100M),50-100M,54684800,2136.125,458921.78125,458579.5416666667
DC-PPO strict 1+5 (stitched 100M),50-100M,54736000,2138.125,457221.75,457678.4375
DC-PPO strict 1+5 (stitched 100M),50-100M,54787200,2140.125,456891.78125,456628.7083333333
DC-PPO strict 1+5 (stitched 100M),50-100M,54838400,2142.125,455772.59375,456084.4166666667
DC-PPO strict 1+5 (stitched 100M),50-100M,54889600,2144.125,455588.875,455460.5729166667
DC-PPO strict 1+5 (stitched 100M),50-100M,54940800,2146.125,455020.25,455588.5625
DC-PPO strict 1+5 (stitched 100M),50-100M,54992000,2148.125,456156.5625,455410.8020833333
DC-PPO strict 1+5 (stitched 100M),50-100M,55043200,2150.125,455055.59375,456031.6979166667
DC-PPO strict 1+5 (stitched 100M),50-100M,55094400,2152.125,456882.9375,456095.5104166667
DC-PPO strict 1+5 (stitched 100M),50-100M,55145600,2154.125,456348.0,458063.8333333333
DC-PPO strict 1+5 (stitched 100M),50-100M,55196800,2156.125,460960.5625,460131.5104166667
DC-PPO strict 1+5 (stitched 100M),50-100M,55248000,2158.125,463085.96875,462540.2291666667
DC-PPO strict 1+5 (stitched 100M),50-100M,55299200,2160.125,463574.15625,463530.9166666667
DC-PPO strict 1+5 (stitched 100M),50-100M,55350400,2162.125,463932.625,463439.2708333333
DC-PPO strict 1+5 (stitched 100M),50-100M,55401600,2164.125,462811.03125,463516.4791666667
DC-PPO strict 1+5 (stitched 100M),50-100M,55452800,2166.125,463805.78125,462947.5625
DC-PPO strict 1+5 (stitched 100M),50-100M,55504000,2168.125,462225.875,463391.1458333333
DC-PPO strict 1+5 (stitched 100M),50-100M,55555200,2170.125,464141.78125,463519.46875
DC-PPO strict 1+5 (stitched 100M),50-100M,55606400,2172.125,464190.75,464053.28125
DC-PPO strict 1+5 (stitched 100M),50-100M,55657600,2174.125,463827.3125,463159.65625
DC-PPO strict 1+5 (stitched 100M),50-100M,55708800,2176.125,461460.90625,462167.96875
DC-PPO strict 1+5 (stitched 100M),50-100M,55760000,2178.125,461215.6875,460307.0416666667
DC-PPO strict 1+5 (stitched 100M),50-100M,55811200,2180.125,458244.53125,458850.0729166667
DC-PPO strict 1+5 (stitched 100M),50-100M,55862400,2182.125,457090.0,458412.625
DC-PPO strict 1+5 (stitched 100M),50-100M,55913600,2184.125,459903.34375,458970.8125
DC-PPO strict 1+5 (stitched 100M),50-100M,55964800,2186.125,459919.09375,459649.25
DC-PPO strict 1+5 (stitched 100M),50-100M,56016000,2188.125,459125.3125,459638.7916666667
DC-PPO strict 1+5 (stitched 100M),50-100M,56067200,2190.125,459871.96875,461157.7291666667
DC-PPO strict 1+5 (stitched 100M),50-100M,56118400,2192.125,464475.90625,462690.8333333333
DC-PPO strict 1+5 (stitched 100M),50-100M,56169600,2194.125,463724.625,464386.4791666667
DC-PPO strict 1+5 (stitched 100M),50-100M,56220800,2196.125,464958.90625,464905.8541666667
DC-PPO strict 1+5 (stitched 100M),50-100M,56272000,2198.125,466034.03125,465185.5208333333
DC-PPO strict 1+5 (stitched 100M),50-100M,56323200,2200.125,464563.625,465708.875
DC-PPO strict 1+5 (stitched 100M),50-100M,56374400,2202.125,466528.96875,465723.7604166667
DC-PPO strict 1+5 (stitched 100M),50-100M,56425600,2204.125,466078.6875,466027.5
DC-PPO strict 1+5 (stitched 100M),50-100M,56476800,2206.125,465474.84375,466780.4479166667
DC-PPO strict 1+5 (stitched 100M),50-100M,56528000,2208.125,468787.8125,467398.6666666667
DC-PPO strict 1+5 (stitched 100M),50-100M,56579200,2210.125,467933.34375,468008.4270833333
DC-PPO strict 1+5 (stitched 100M),50-100M,56630400,2212.125,467304.125,467064.53125
DC-PPO strict 1+5 (stitched 100M),50-100M,56681600,2214.125,465956.125,465741.6145833333
DC-PPO strict 1+5 (stitched 100M),50-100M,56732800,2216.125,463964.59375,464887.6666666667
DC-PPO strict 1+5 (stitched 100M),50-100M,56784000,2218.125,464742.28125,465076.3541666667
DC-PPO strict 1+5 (stitched 100M),50-100M,56835200,2220.125,466522.1875,466436.3645833333
DC-PPO strict 1+5 (stitched 100M),50-100M,56886400,2222.125,468044.625,467385.9375
DC-PPO strict 1+5 (stitched 100M),50-100M,56937600,2224.125,467591.0,468029.6354166667
DC-PPO strict 1+5 (stitched 100M),50-100M,56988800,2226.125,468453.28125,467986.53125
DC-PPO strict 1+5 (stitched 100M),50-100M,57040000,2228.125,467915.3125,467838.3645833333
DC-PPO strict 1+5 (stitched 100M),50-100M,57091200,2230.125,467146.5,467189.8125
DC-PPO strict 1+5 (stitched 100M),50-100M,57142400,2232.125,466507.625,467649.4166666667
DC-PPO strict 1+5 (stitched 100M),50-100M,57193600,2234.125,469294.125,468124.5104166667
DC-PPO strict 1+5 (stitched 100M),50-100M,57244800,2236.125,468571.78125,469446.0625
DC-PPO strict 1+5 (stitched 100M),50-100M,57296000,2238.125,470472.28125,469195.6145833333
DC-PPO strict 1+5 (stitched 100M),50-100M,57347200,2240.125,468542.78125,469407.21875
DC-PPO strict 1+5 (stitched 100M),50-100M,57398400,2242.125,469206.59375,468296.2083333333
DC-PPO strict 1+5 (stitched 100M),50-100M,57449600,2244.125,467139.25,468394.53125
DC-PPO strict 1+5 (stitched 100M),50-100M,57500800,2246.125,468837.75,468558.8645833333
DC-PPO strict 1+5 (stitched 100M),50-100M,57552000,2248.125,469699.59375,469603.9895833333
DC-PPO strict 1+5 (stitched 100M),50-100M,57603200,2250.125,470274.625,469788.1770833333
DC-PPO strict 1+5 (stitched 100M),50-100M,57654400,2252.125,469390.3125,469331.625
DC-PPO strict 1+5 (stitched 100M),50-100M,57705600,2254.125,468329.9375,469091.2083333333
DC-PPO strict 1+5 (stitched 100M),50-100M,57756800,2256.125,469553.375,469154.75
DC-PPO strict 1+5 (stitched 100M),50-100M,57808000,2258.125,469580.9375,469284.75
DC-PPO strict 1+5 (stitched 100M),50-100M,57859200,2260.125,468719.9375,467920.8854166667
DC-PPO strict 1+5 (stitched 100M),50-100M,57910400,2262.125,465461.78125,466901.5208333333
DC-PPO strict 1+5 (stitched 100M),50-100M,57961600,2264.125,466522.84375,466251.53125
DC-PPO strict 1+5 (stitched 100M),50-100M,58012800,2266.125,466769.96875,466700.71875
DC-PPO strict 1+5 (stitched 100M),50-100M,58064000,2268.125,466809.34375,467550.2916666667
DC-PPO strict 1+5 (stitched 100M),50-100M,58115200,2270.125,469071.5625,468669.2395833333
DC-PPO strict 1+5 (stitched 100M),50-100M,58166400,2272.125,470126.8125,470178.5208333333
DC-PPO strict 1+5 (stitched 100M),50-100M,58217600,2274.125,471337.1875,470798.71875
DC-PPO strict 1+5 (stitched 100M),50-100M,58268800,2276.125,470932.15625,471041.9583333333
DC-PPO strict 1+5 (stitched 100M),50-100M,58320000,2278.125,470856.53125,470899.1770833333
DC-PPO strict 1+5 (stitched 100M),50-100M,58371200,2280.125,470908.84375,470944.8958333333
DC-PPO strict 1+5 (stitched 100M),50-100M,58422400,2282.125,471069.3125,470706.6041666667
DC-PPO strict 1+5 (stitched 100M),50-100M,58473600,2284.125,470141.65625,470874.1354166667
DC-PPO strict 1+5 (stitched 100M),50-100M,58524800,2286.125,471411.4375,470887.1875
DC-PPO strict 1+5 (stitched 100M),50-100M,58576000,2288.125,471108.46875,471187.8125
DC-PPO strict 1+5 (stitched 100M),50-100M,58627200,2290.125,471043.53125,471315.0520833333
DC-PPO strict 1+5 (stitched 100M),50-100M,58678400,2292.125,471793.15625,470789.9479166667
DC-PPO strict 1+5 (stitched 100M),50-100M,58729600,2294.125,469533.15625,469369.0
DC-PPO strict 1+5 (stitched 100M),50-100M,58780800,2296.125,466780.6875,468007.75
DC-PPO strict 1+5 (stitched 100M),50-100M,58832000,2298.125,467709.40625,467180.6666666667
DC-PPO strict 1+5 (stitched 100M),50-100M,58883200,2300.125,467051.90625,467279.3229166667
DC-PPO strict 1+5 (stitched 100M),50-100M,58934400,2302.125,467076.65625,467023.6875
DC-PPO strict 1+5 (stitched 100M),50-100M,58985600,2304.125,466942.5,466389.5416666667
DC-PPO strict 1+5 (stitched 100M),50-100M,59036800,2306.125,465149.46875,465544.3020833333
DC-PPO strict 1+5 (stitched 100M),50-100M,59088000,2308.125,464540.9375,464967.9479166667
DC-PPO strict 1+5 (stitched 100M),50-100M,59139200,2310.125,465213.4375,465553.59375
DC-PPO strict 1+5 (stitched 100M),50-100M,59190400,2312.125,466906.40625,466372.3333333333
DC-PPO strict 1+5 (stitched 100M),50-100M,59241600,2314.125,466997.15625,467238.6666666667
DC-PPO strict 1+5 (stitched 100M),50-100M,59292800,2316.125,467812.4375,467408.3020833333
DC-PPO strict 1+5 (stitched 100M),50-100M,59344000,2318.125,467415.3125,467243.3333333333
DC-PPO strict 1+5 (stitched 100M),50-100M,59395200,2320.125,466502.25,467379.7604166667
DC-PPO strict 1+5 (stitched 100M),50-100M,59446400,2322.125,468221.71875,467915.0729166667
DC-PPO strict 1+5 (stitched 100M),50-100M,59497600,2324.125,469021.25,468561.2291666667
DC-PPO strict 1+5 (stitched 100M),50-100M,59548800,2326.125,468440.71875,468979.28125
DC-PPO strict 1+5 (stitched 100M),50-100M,59600000,2328.125,469475.875,468972.3541666667
DC-PPO strict 1+5 (stitched 100M),50-100M,59651200,2330.125,469000.46875,470591.2604166667
DC-PPO strict 1+5 (stitched 100M),50-100M,59702400,2332.125,473297.4375,471040.5625
DC-PPO strict 1+5 (stitched 100M),50-100M,59753600,2334.125,470823.78125,470967.46875
DC-PPO strict 1+5 (stitched 100M),50-100M,59804800,2336.125,468781.1875,470025.4166666667
DC-PPO strict 1+5 (stitched 100M),50-100M,59856000,2338.125,470471.28125,469747.5625
DC-PPO strict 1+5 (stitched 100M),50-100M,59907200,2340.125,469990.21875,470257.6458333333
DC-PPO strict 1+5 (stitched 100M),50-100M,59958400,2342.125,470311.4375,469999.2604166667
DC-PPO strict 1+5 (stitched 100M),50-100M,60009600,2344.125,469696.125,470196.9479166667
DC-PPO strict 1+5 (stitched 100M),50-100M,60060800,2346.125,470583.28125,469608.3958333333
DC-PPO strict 1+5 (stitched 100M),50-100M,60112000,2348.125,468545.78125,469253.4791666667
DC-PPO strict 1+5 (stitched 100M),50-100M,60163200,2350.125,468631.375,469146.8541666667
DC-PPO strict 1+5 (stitched 100M),50-100M,60214400,2352.125,470263.40625,469480.7291666667
DC-PPO strict 1+5 (stitched 100M),50-100M,60265600,2354.125,469547.40625,471235.78125
DC-PPO strict 1+5 (stitched 100M),50-100M,60316800,2356.125,473896.53125,472212.3854166667
DC-PPO strict 1+5 (stitched 100M),50-100M,60368000,2358.125,473193.21875,472918.09375
DC-PPO strict 1+5 (stitched 100M),50-100M,60419200,2360.125,471664.53125,471849.3541666667
DC-PPO strict 1+5 (stitched 100M),50-100M,60470400,2362.125,470690.3125,470713.2604166667
DC-PPO strict 1+5 (stitched 100M),50-100M,60521600,2364.125,469784.9375,469899.2708333333
DC-PPO strict 1+5 (stitched 100M),50-100M,60572800,2366.125,469222.5625,469518.8020833333
DC-PPO strict 1+5 (stitched 100M),50-100M,60624000,2368.125,469548.90625,469675.4375
DC-PPO strict 1+5 (stitched 100M),50-100M,60675200,2370.125,470254.84375,470671.71875
DC-PPO strict 1+5 (stitched 100M),50-100M,60726400,2372.125,472211.40625,471478.46875
DC-PPO strict 1+5 (stitched 100M),50-100M,60777600,2374.125,471969.15625,471580.1145833333
DC-PPO strict 1+5 (stitched 100M),50-100M,60828800,2376.125,470559.78125,471035.5416666667
DC-PPO strict 1+5 (stitched 100M),50-100M,60880000,2378.125,470577.6875,471198.9270833333
DC-PPO strict 1+5 (stitched 100M),50-100M,60931200,2380.125,472459.3125,470662.375
DC-PPO strict 1+5 (stitched 100M),50-100M,60982400,2382.125,468950.125,470896.4375
DC-PPO strict 1+5 (stitched 100M),50-100M,61033600,2384.125,471279.875,470046.3333333333
DC-PPO strict 1+5 (stitched 100M),50-100M,61084800,2386.125,469909.0,471123.65625
DC-PPO strict 1+5 (stitched 100M),50-100M,61136000,2388.125,472182.09375,470921.6770833333
DC-PPO strict 1+5 (stitched 100M),50-100M,61187200,2390.125,470673.9375,472505.46875
DC-PPO strict 1+5 (stitched 100M),50-100M,61238400,2392.125,474660.375,473261.7083333333
DC-PPO strict 1+5 (stitched 100M),50-100M,61289600,2394.125,474450.8125,474235.0208333333
DC-PPO strict 1+5 (stitched 100M),50-100M,61340800,2396.125,473593.875,474101.3333333333
DC-PPO strict 1+5 (stitched 100M),50-100M,61392000,2398.125,474259.3125,473689.6041666667
DC-PPO strict 1+5 (stitched 100M),50-100M,61443200,2400.125,473215.625,472508.125
DC-PPO strict 1+5 (stitched 100M),50-100M,61494400,2402.125,470049.4375,471330.8125
DC-PPO strict 1+5 (stitched 100M),50-100M,61545600,2404.125,470727.375,469884.1666666667
DC-PPO strict 1+5 (stitched 100M),50-100M,61596800,2406.125,468875.6875,470735.0208333333
DC-PPO strict 1+5 (stitched 100M),50-100M,61648000,2408.125,472602.0,471424.0520833333
DC-PPO strict 1+5 (stitched 100M),50-100M,61699200,2410.125,472794.46875,471025.8333333333
DC-PPO strict 1+5 (stitched 100M),50-100M,61750400,2412.125,467681.03125,470491.84375
DC-PPO strict 1+5 (stitched 100M),50-100M,61801600,2414.125,471000.03125,469797.1875
DC-PPO strict 1+5 (stitched 100M),50-100M,61852800,2416.125,470710.5,470716.1354166667
DC-PPO strict 1+5 (stitched 100M),50-100M,61904000,2418.125,470437.875,470639.7708333333
DC-PPO strict 1+5 (stitched 100M),50-100M,61955200,2420.125,470770.9375,470113.9895833333
DC-PPO strict 1+5 (stitched 100M),50-100M,62006400,2422.125,469133.15625,469926.78125
DC-PPO strict 1+5 (stitched 100M),50-100M,62057600,2424.125,469876.25,470459.1979166667
DC-PPO strict 1+5 (stitched 100M),50-100M,62108800,2426.125,472368.1875,471604.34375
DC-PPO strict 1+5 (stitched 100M),50-100M,62160000,2428.125,472568.59375,471609.84375
DC-PPO strict 1+5 (stitched 100M),50-100M,62211200,2430.125,469892.75,471198.0625
DC-PPO strict 1+5 (stitched 100M),50-100M,62262400,2432.125,471132.84375,470103.1458333333
DC-PPO strict 1+5 (stitched 100M),50-100M,62313600,2434.125,469283.84375,469689.1770833333
DC-PPO strict 1+5 (stitched 100M),50-100M,62364800,2436.125,468650.84375,468676.3854166667
DC-PPO strict 1+5 (stitched 100M),50-100M,62416000,2438.125,468094.46875,468129.5729166667
DC-PPO strict 1+5 (stitched 100M),50-100M,62467200,2440.125,467643.40625,468168.8854166667
DC-PPO strict 1+5 (stitched 100M),50-100M,62518400,2442.125,468768.78125,468296.1875
DC-PPO strict 1+5 (stitched 100M),50-100M,62569600,2444.125,468476.375,468319.6041666667
DC-PPO strict 1+5 (stitched 100M),50-100M,62620800,2446.125,467713.65625,467632.8958333333
DC-PPO strict 1+5 (stitched 100M),50-100M,62672000,2448.125,466708.65625,467684.9166666667
DC-PPO strict 1+5 (stitched 100M),50-100M,62723200,2450.125,468632.4375,468117.0
DC-PPO strict 1+5 (stitched 100M),50-100M,62774400,2452.125,469009.90625,469351.4895833333
DC-PPO strict 1+5 (stitched 100M),50-100M,62825600,2454.125,470412.125,469341.6354166667
DC-PPO strict 1+5 (stitched 100M),50-100M,62876800,2456.125,468602.875,468370.7708333333
DC-PPO strict 1+5 (stitched 100M),50-100M,62928000,2458.125,466097.3125,467766.6770833333
DC-PPO strict 1+5 (stitched 100M),50-100M,62979200,2460.125,468599.84375,468586.375
DC-PPO strict 1+5 (stitched 100M),50-100M,63030400,2462.125,471061.96875,470360.6458333333
DC-PPO strict 1+5 (stitched 100M),50-100M,63081600,2464.125,471420.125,470392.3645833333
DC-PPO strict 1+5 (stitched 100M),50-100M,63132800,2466.125,468695.0,470129.6770833333
DC-PPO strict 1+5 (stitched 100M),50-100M,63184000,2468.125,470273.90625,469105.1354166667
DC-PPO strict 1+5 (stitched 100M),50-100M,63235200,2470.125,468346.5,469079.0833333333
DC-PPO strict 1+5 (stitched 100M),50-100M,63286400,2472.125,468616.84375,468076.15625
DC-PPO strict 1+5 (stitched 100M),50-100M,63337600,2474.125,467265.125,468260.9270833333
DC-PPO strict 1+5 (stitched 100M),50-100M,63388800,2476.125,468900.8125,468637.4479166667
DC-PPO strict 1+5 (stitched 100M),50-100M,63440000,2478.125,469746.40625,469508.2604166667
DC-PPO strict 1+5 (stitched 100M),50-100M,63491200,2480.125,469877.5625,470378.1041666667
DC-PPO strict 1+5 (stitched 100M),50-100M,63542400,2482.125,471510.34375,471287.3020833333
DC-PPO strict 1+5 (stitched 100M),50-100M,63593600,2484.125,472474.0,471595.8541666667
DC-PPO strict 1+5 (stitched 100M),50-100M,63644800,2486.125,470803.21875,472263.2395833333
DC-PPO strict 1+5 (stitched 100M),50-100M,63696000,2488.125,473512.5,472064.0
DC-PPO strict 1+5 (stitched 100M),50-100M,63747200,2490.125,471876.28125,471916.0833333333
DC-PPO strict 1+5 (stitched 100M),50-100M,63798400,2492.125,470359.46875,471792.9375
DC-PPO strict 1+5 (stitched 100M),50-100M,63849600,2494.125,473143.0625,472660.84375
DC-PPO strict 1+5 (stitched 100M),50-100M,63900800,2496.125,474480.0,475054.6041666667
DC-PPO strict 1+5 (stitched 100M),50-100M,63952000,2498.125,477540.75,476336.5
DC-PPO strict 1+5 (stitched 100M),50-100M,64003200,2500.125,476988.75,477161.375
DC-PPO strict 1+5 (stitched 100M),50-100M,64054400,2502.125,476954.625,477036.34375
DC-PPO strict 1+5 (stitched 100M),50-100M,64105600,2504.125,477165.65625,476404.8645833333
DC-PPO strict 1+5 (stitched 100M),50-100M,64156800,2506.125,475094.3125,475966.6145833333
DC-PPO strict 1+5 (stitched 100M),50-100M,64208000,2508.125,475639.875,475708.9895833333
DC-PPO strict 1+5 (stitched 100M),50-100M,64259200,2510.125,476392.78125,476191.875
DC-PPO strict 1+5 (stitched 100M),50-100M,64310400,2512.125,476542.96875,477126.8020833333
DC-PPO strict 1+5 (stitched 100M),50-100M,64361600,2514.125,478444.65625,477378.59375
DC-PPO strict 1+5 (stitched 100M),50-100M,64412800,2516.125,477148.15625,477616.125
DC-PPO strict 1+5 (stitched 100M),50-100M,64464000,2518.125,477255.5625,477631.75
DC-PPO strict 1+5 (stitched 100M),50-100M,64515200,2520.125,478491.53125,478032.625
DC-PPO strict 1+5 (stitched 100M),50-100M,64566400,2522.125,478350.78125,478985.5104166667
DC-PPO strict 1+5 (stitched 100M),50-100M,64617600,2524.125,480114.21875,479682.6354166667
DC-PPO strict 1+5 (stitched 100M),50-100M,64668800,2526.125,480582.90625,480709.1041666667
DC-PPO strict 1+5 (stitched 100M),50-100M,64720000,2528.125,481430.1875,481354.34375
DC-PPO strict 1+5 (stitched 100M),50-100M,64771200,2530.125,482049.9375,481835.78125
DC-PPO strict 1+5 (stitched 100M),50-100M,64822400,2532.125,482027.21875,482378.6875
DC-PPO strict 1+5 (stitched 100M),50-100M,64873600,2534.125,483058.90625,481577.1041666667
DC-PPO strict 1+5 (stitched 100M),50-100M,64924800,2536.125,479645.1875,481587.3854166667
DC-PPO strict 1+5 (stitched 100M),50-100M,64976000,2538.125,482058.0625,481242.1770833333
DC-PPO strict 1+5 (stitched 100M),50-100M,65027200,2540.125,482023.28125,481575.4166666667
DC-PPO strict 1+5 (stitched 100M),50-100M,65078400,2542.125,480644.90625,480252.8645833333
DC-PPO strict 1+5 (stitched 100M),50-100M,65129600,2544.125,478090.40625,479442.8541666667
DC-PPO strict 1+5 (stitched 100M),50-100M,65180800,2546.125,479593.25,479315.3958333333
DC-PPO strict 1+5 (stitched 100M),50-100M,65232000,2548.125,480262.53125,479821.6458333333
DC-PPO strict 1+5 (stitched 100M),50-100M,65283200,2550.125,479609.15625,479122.53125
DC-PPO strict 1+5 (stitched 100M),50-100M,65334400,2552.125,477495.90625,478107.59375
DC-PPO strict 1+5 (stitched 100M),50-100M,65385600,2554.125,477217.71875,477835.8333333333
DC-PPO strict 1+5 (stitched 100M),50-100M,65436800,2556.125,478793.875,478070.9375
DC-PPO strict 1+5 (stitched 100M),50-100M,65488000,2558.125,478201.21875,477740.5416666667
DC-PPO strict 1+5 (stitched 100M),50-100M,65539200,2560.125,476226.53125,476509.5208333333
DC-PPO strict 1+5 (stitched 100M),50-100M,65590400,2562.125,475100.8125,474711.5833333333
DC-PPO strict 1+5 (stitched 100M),50-100M,65641600,2564.125,472807.40625,473766.1875
DC-PPO strict 1+5 (stitched 100M),50-100M,65692800,2566.125,473390.34375,473320.59375
DC-PPO strict 1+5 (stitched 100M),50-100M,65744000,2568.125,473764.03125,472680.0
DC-PPO strict 1+5 (stitched 100M),50-100M,65795200,2570.125,470885.625,471688.0729166667
DC-PPO strict 1+5 (stitched 100M),50-100M,65846400,2572.125,470414.5625,470584.3541666667
DC-PPO strict 1+5 (stitched 100M),50-100M,65897600,2574.125,470452.875,471081.7604166667
DC-PPO strict 1+5 (stitched 100M),50-100M,65948800,2576.125,472377.84375,471055.9375
DC-PPO strict 1+5 (stitched 100M),50-100M,66000000,2578.125,470337.09375,470577.3958333333
DC-PPO strict 1+5 (stitched 100M),50-100M,66051200,2580.125,469017.25,470240.0
DC-PPO strict 1+5 (stitched 100M),50-100M,66102400,2582.125,471365.65625,470492.2604166667
DC-PPO strict 1+5 (stitched 100M),50-100M,66153600,2584.125,471093.875,471265.7604166667
DC-PPO strict 1+5 (stitched 100M),50-100M,66204800,2586.125,471337.75,471267.53125
DC-PPO strict 1+5 (stitched 100M),50-100M,66256000,2588.125,471370.96875,471782.6354166667
DC-PPO strict 1+5 (stitched 100M),50-100M,66307200,2590.125,472639.1875,472346.5416666667
DC-PPO strict 1+5 (stitched 100M),50-100M,66358400,2592.125,473029.46875,472612.4166666667
DC-PPO strict 1+5 (stitched 100M),50-100M,66409600,2594.125,472168.59375,472268.3125
DC-PPO strict 1+5 (stitched 100M),50-100M,66460800,2596.125,471606.875,472049.4583333333
DC-PPO strict 1+5 (stitched 100M),50-100M,66512000,2598.125,472372.90625,471736.59375
DC-PPO strict 1+5 (stitched 100M),50-100M,66563200,2600.125,471230.0,471423.6770833333
DC-PPO strict 1+5 (stitched 100M),50-100M,66614400,2602.125,470668.125,470113.2083333333
DC-PPO strict 1+5 (stitched 100M),50-100M,66665600,2604.125,468441.5,469385.5
DC-PPO strict 1+5 (stitched 100M),50-100M,66716800,2606.125,469046.875,469576.9479166667
DC-PPO strict 1+5 (stitched 100M),50-100M,66768000,2608.125,471242.46875,470535.3125
DC-PPO strict 1+5 (stitched 100M),50-100M,66819200,2610.125,471316.59375,471225.9375
DC-PPO strict 1+5 (stitched 100M),50-100M,66870400,2612.125,471118.75,471527.7291666667
DC-PPO strict 1+5 (stitched 100M),50-100M,66921600,2614.125,472147.84375,471579.8020833333
DC-PPO strict 1+5 (stitched 100M),50-100M,66972800,2616.125,471472.8125,471707.4479166667
DC-PPO strict 1+5 (stitched 100M),50-100M,67024000,2618.125,471501.6875,470475.2708333333
DC-PPO strict 1+5 (stitched 100M),50-100M,67075200,2620.125,468451.3125,469700.875
DC-PPO strict 1+5 (stitched 100M),50-100M,67126400,2622.125,469149.625,468913.2916666667
DC-PPO strict 1+5 (stitched 100M),50-100M,67177600,2624.125,469138.9375,469310.0
DC-PPO strict 1+5 (stitched 100M),50-100M,67228800,2626.125,469641.4375,469588.4895833333
DC-PPO strict 1+5 (stitched 100M),50-100M,67280000,2628.125,469985.09375,469888.4375
DC-PPO strict 1+5 (stitched 100M),50-100M,67331200,2630.125,470038.78125,470532.65625
DC-PPO strict 1+5 (stitched 100M),50-100M,67382400,2632.125,471574.09375,471326.3541666667
DC-PPO strict 1+5 (stitched 100M),50-100M,67433600,2634.125,472366.1875,472338.1041666667
DC-PPO strict 1+5 (stitched 100M),50-100M,67484800,2636.125,473074.03125,472600.0416666667
DC-PPO strict 1+5 (stitched 100M),50-100M,67536000,2638.125,472359.90625,472527.5416666667
DC-PPO strict 1+5 (stitched 100M),50-100M,67587200,2640.125,472148.6875,472517.4375
DC-PPO strict 1+5 (stitched 100M),50-100M,67638400,2642.125,473043.71875,472349.8229166667
DC-PPO strict 1+5 (stitched 100M),50-100M,67689600,2644.125,471857.0625,472152.0416666667
DC-PPO strict 1+5 (stitched 100M),50-100M,67740800,2646.125,471555.34375,471609.1875
DC-PPO strict 1+5 (stitched 100M),50-100M,67792000,2648.125,471415.15625,471542.84375
DC-PPO strict 1+5 (stitched 100M),50-100M,67843200,2650.125,471658.03125,471574.71875
DC-PPO strict 1+5 (stitched 100M),50-100M,67894400,2652.125,471650.96875,472219.2291666667
DC-PPO strict 1+5 (stitched 100M),50-100M,67945600,2654.125,473348.6875,472183.4375
DC-PPO strict 1+5 (stitched 100M),50-100M,67996800,2656.125,471550.65625,472750.7916666667
DC-PPO strict 1+5 (stitched 100M),50-100M,68048000,2658.125,473353.03125,472707.53125
DC-PPO strict 1+5 (stitched 100M),50-100M,68099200,2660.125,473218.90625,473704.1458333333
DC-PPO strict 1+5 (stitched 100M),50-100M,68150400,2662.125,474540.5,473994.0104166667
DC-PPO strict 1+5 (stitched 100M),50-100M,68201600,2664.125,474222.625,474701.0625
DC-PPO strict 1+5 (stitched 100M),50-100M,68252800,2666.125,475340.0625,475640.5416666667
DC-PPO strict 1+5 (stitched 100M),50-100M,68304000,2668.125,477358.9375,476060.78125
DC-PPO strict 1+5 (stitched 100M),50-100M,68355200,2670.125,475483.34375,475983.1145833333
DC-PPO strict 1+5 (stitched 100M),50-100M,68406400,2672.125,475107.0625,476196.90625
DC-PPO strict 1+5 (stitched 100M),50-100M,68457600,2674.125,478000.3125,476728.7708333333
DC-PPO strict 1+5 (stitched 100M),50-100M,68508800,2676.125,477078.9375,476811.2604166667
DC-PPO strict 1+5 (stitched 100M),50-100M,68560000,2678.125,475354.53125,476203.90625
DC-PPO strict 1+5 (stitched 100M),50-100M,68611200,2680.125,476178.25,475541.9895833333
DC-PPO strict 1+5 (stitched 100M),50-100M,68662400,2682.125,475093.1875,474247.7604166667
DC-PPO strict 1+5 (stitched 100M),50-100M,68713600,2684.125,471471.84375,472844.1145833333
DC-PPO strict 1+5 (stitched 100M),50-100M,68764800,2686.125,471967.3125,471630.9375
DC-PPO strict 1+5 (stitched 100M),50-100M,68816000,2688.125,471453.65625,471697.53125
DC-PPO strict 1+5 (stitched 100M),50-100M,68867200,2690.125,471671.625,471225.6458333333
DC-PPO strict 1+5 (stitched 100M),50-100M,68918400,2692.125,470551.65625,470130.34375
DC-PPO strict 1+5 (stitched 100M),50-100M,68969600,2694.125,468167.75,469629.1875
DC-PPO strict 1+5 (stitched 100M),50-100M,69020800,2696.125,470168.15625,469760.0104166667
DC-PPO strict 1+5 (stitched 100M),50-100M,69072000,2698.125,470944.125,470604.25
DC-PPO strict 1+5 (stitched 100M),50-100M,69123200,2700.125,470700.46875,471381.0625
DC-PPO strict 1+5 (stitched 100M),50-100M,69174400,2702.125,472498.59375,471587.4479166667
DC-PPO strict 1+5 (stitched 100M),50-100M,69225600,2704.125,471563.28125,471873.1145833333
DC-PPO strict 1+5 (stitched 100M),50-100M,69276800,2706.125,471557.46875,471965.9375
DC-PPO strict 1+5 (stitched 100M),50-100M,69328000,2708.125,472777.0625,473233.125
DC-PPO strict 1+5 (stitched 100M),50-100M,69379200,2710.125,475364.84375,474514.2395833333
DC-PPO strict 1+5 (stitched 100M),50-100M,69430400,2712.125,475400.8125,474474.46875
DC-PPO strict 1+5 (stitched 100M),50-100M,69481600,2714.125,472657.75,473206.5416666667
DC-PPO strict 1+5 (stitched 100M),50-100M,69532800,2716.125,471561.0625,472016.625
DC-PPO strict 1+5 (stitched 100M),50-100M,69584000,2718.125,471831.0625,472101.3541666667
DC-PPO strict 1+5 (stitched 100M),50-100M,69635200,2720.125,472911.9375,472075.5833333333
DC-PPO strict 1+5 (stitched 100M),50-100M,69686400,2722.125,471483.75,473117.6875
DC-PPO strict 1+5 (stitched 100M),50-100M,69737600,2724.125,474957.375,473741.8125
DC-PPO strict 1+5 (stitched 100M),50-100M,69788800,2726.125,474784.3125,474774.7708333333
DC-PPO strict 1+5 (stitched 100M),50-100M,69840000,2728.125,474582.625,475030.65625
DC-PPO strict 1+5 (stitched 100M),50-100M,69891200,2730.125,475725.03125,475081.4791666667
DC-PPO strict 1+5 (stitched 100M),50-100M,69942400,2732.125,474936.78125,475260.5520833333
DC-PPO strict 1+5 (stitched 100M),50-100M,69993600,2734.125,475119.84375,474689.3541666667
DC-PPO strict 1+5 (stitched 100M),50-100M,70044800,2736.125,474011.4375,474627.90625
DC-PPO strict 1+5 (stitched 100M),50-100M,70096000,2738.125,474752.4375,475065.28125
DC-PPO strict 1+5 (stitched 100M),50-100M,70147200,2740.125,476431.96875,474993.0729166667
DC-PPO strict 1+5 (stitched 100M),50-100M,70198400,2742.125,473794.8125,474445.2395833333
DC-PPO strict 1+5 (stitched 100M),50-100M,70249600,2744.125,473108.9375,473649.4479166667
DC-PPO strict 1+5 (stitched 100M),50-100M,70300800,2746.125,474044.59375,473638.5520833333
DC-PPO strict 1+5 (stitched 100M),50-100M,70352000,2748.125,473762.125,473712.7291666667
DC-PPO strict 1+5 (stitched 100M),50-100M,70403200,2750.125,473331.46875,473309.1354166667
DC-PPO strict 1+5 (stitched 100M),50-100M,70454400,2752.125,472833.8125,473423.0625
DC-PPO strict 1+5 (stitched 100M),50-100M,70505600,2754.125,474103.90625,474065.4270833333
DC-PPO strict 1+5 (stitched 100M),50-100M,70556800,2756.125,475258.5625,476073.0625
DC-PPO strict 1+5 (stitched 100M),50-100M,70608000,2758.125,478856.71875,477734.0520833333
DC-PPO strict 1+5 (stitched 100M),50-100M,70659200,2760.125,479086.875,479478.5625
DC-PPO strict 1+5 (stitched 100M),50-100M,70710400,2762.125,480492.09375,479287.46875
DC-PPO strict 1+5 (stitched 100M),50-100M,70761600,2764.125,478283.4375,479347.9270833333
DC-PPO strict 1+5 (stitched 100M),50-100M,70812800,2766.125,479268.25,478361.0104166667
DC-PPO strict 1+5 (stitched 100M),50-100M,70864000,2768.125,477531.34375,478065.1875
DC-PPO strict 1+5 (stitched 100M),50-100M,70915200,2770.125,477395.96875,477580.0416666667
DC-PPO strict 1+5 (stitched 100M),50-100M,70966400,2772.125,477812.8125,477485.53125
DC-PPO strict 1+5 (stitched 100M),50-100M,71017600,2774.125,477247.8125,477309.4583333333
DC-PPO strict 1+5 (stitched 100M),50-100M,71068800,2776.125,476867.75,476402.2395833333
DC-PPO strict 1+5 (stitched 100M),50-100M,71120000,2778.125,475091.15625,475107.2083333333
DC-PPO strict 1+5 (stitched 100M),50-100M,71171200,2780.125,473362.71875,473813.90625
DC-PPO strict 1+5 (stitched 100M),50-100M,71222400,2782.125,472987.84375,473436.8854166667
DC-PPO strict 1+5 (stitched 100M),50-100M,71273600,2784.125,473960.09375,473733.4583333333
DC-PPO strict 1+5 (stitched 100M),50-100M,71324800,2786.125,474252.4375,473641.8125
DC-PPO strict 1+5 (stitched 100M),50-100M,71376000,2788.125,472712.90625,473386.7291666667
DC-PPO strict 1+5 (stitched 100M),50-100M,71427200,2790.125,473194.84375,472736.8541666667
DC-PPO strict 1+5 (stitched 100M),50-100M,71478400,2792.125,472302.8125,473075.0729166667
DC-PPO strict 1+5 (stitched 100M),50-100M,71529600,2794.125,473727.5625,473640.4166666667
DC-PPO strict 1+5 (stitched 100M),50-100M,71580800,2796.125,474890.875,474283.125
DC-PPO strict 1+5 (stitched 100M),50-100M,71632000,2798.125,474230.9375,474807.8125
DC-PPO strict 1+5 (stitched 100M),50-100M,71683200,2800.125,475301.625,474572.125
DC-PPO strict 1+5 (stitched 100M),50-100M,71734400,2802.125,474183.8125,474820.40625
DC-PPO strict 1+5 (stitched 100M),50-100M,71785600,2804.125,474975.78125,473828.9270833333
DC-PPO strict 1+5 (stitched 100M),50-100M,71836800,2806.125,472327.1875,473813.0104166667
DC-PPO strict 1+5 (stitched 100M),50-100M,71888000,2808.125,474136.0625,473518.9583333333
DC-PPO strict 1+5 (stitched 100M),50-100M,71939200,2810.125,474093.625,473668.1145833333
DC-PPO strict 1+5 (stitched 100M),50-100M,71990400,2812.125,472774.65625,473915.9166666667
DC-PPO strict 1+5 (stitched 100M),50-100M,72041600,2814.125,474879.46875,473599.5208333333
DC-PPO strict 1+5 (stitched 100M),50-100M,72092800,2816.125,473144.4375,474461.6875
DC-PPO strict 1+5 (stitched 100M),50-100M,72144000,2818.125,475361.15625,473561.4479166667
DC-PPO strict 1+5 (stitched 100M),50-100M,72195200,2820.125,472178.75,473872.7395833333
DC-PPO strict 1+5 (stitched 100M),50-100M,72246400,2822.125,474078.3125,473031.8125
DC-PPO strict 1+5 (stitched 100M),50-100M,72297600,2824.125,472838.375,473896.2916666667
DC-PPO strict 1+5 (stitched 100M),50-100M,72348800,2826.125,474772.1875,474035.7916666667
DC-PPO strict 1+5 (stitched 100M),50-100M,72400000,2828.125,474496.8125,474990.7395833333
DC-PPO strict 1+5 (stitched 100M),50-100M,72451200,2830.125,475703.21875,474792.2083333333
DC-PPO strict 1+5 (stitched 100M),50-100M,72502400,2832.125,474176.59375,474886.0520833333
DC-PPO strict 1+5 (stitched 100M),50-100M,72553600,2834.125,474778.34375,474230.09375
DC-PPO strict 1+5 (stitched 100M),50-100M,72604800,2836.125,473735.34375,474352.0208333333
DC-PPO strict 1+5 (stitched 100M),50-100M,72656000,2838.125,474542.375,474097.9166666667
DC-PPO strict 1+5 (stitched 100M),50-100M,72707200,2840.125,474016.03125,474541.6145833333
DC-PPO strict 1+5 (stitched 100M),50-100M,72758400,2842.125,475066.4375,474500.1666666667
DC-PPO strict 1+5 (stitched 100M),50-100M,72809600,2844.125,474418.03125,473738.5
DC-PPO strict 1+5 (stitched 100M),50-100M,72860800,2846.125,471731.03125,471606.1666666667
DC-PPO strict 1+5 (stitched 100M),50-100M,72912000,2848.125,468669.4375,470623.3020833333
DC-PPO strict 1+5 (stitched 100M),50-100M,72963200,2850.125,471469.4375,469934.0
DC-PPO strict 1+5 (stitched 100M),50-100M,73014400,2852.125,469663.125,471062.1458333333
DC-PPO strict 1+5 (stitched 100M),50-100M,73065600,2854.125,472053.875,470233.4479166667
DC-PPO strict 1+5 (stitched 100M),50-100M,73116800,2856.125,468983.34375,469742.1770833333
DC-PPO strict 1+5 (stitched 100M),50-100M,73168000,2858.125,468189.3125,469364.6354166667
DC-PPO strict 1+5 (stitched 100M),50-100M,73219200,2860.125,470921.25,469724.6666666667
DC-PPO strict 1+5 (stitched 100M),50-100M,73270400,2862.125,470063.4375,470425.0833333333
DC-PPO strict 1+5 (stitched 100M),50-100M,73321600,2864.125,470290.5625,469223.3854166667
DC-PPO strict 1+5 (stitched 100M),50-100M,73372800,2866.125,467316.15625,468094.4479166667
DC-PPO strict 1+5 (stitched 100M),50-100M,73424000,2868.125,466676.625,466703.6145833333
DC-PPO strict 1+5 (stitched 100M),50-100M,73475200,2870.125,466118.0625,466912.875
DC-PPO strict 1+5 (stitched 100M),50-100M,73526400,2872.125,467943.9375,467473.59375
DC-PPO strict 1+5 (stitched 100M),50-100M,73577600,2874.125,468358.78125,468392.1354166667
DC-PPO strict 1+5 (stitched 100M),50-100M,73628800,2876.125,468873.6875,469830.75
DC-PPO strict 1+5 (stitched 100M),50-100M,73680000,2878.125,472259.78125,471094.3541666667
DC-PPO strict 1+5 (stitched 100M),50-100M,73731200,2880.125,472149.59375,471919.9895833333
DC-PPO strict 1+5 (stitched 100M),50-100M,73782400,2882.125,471350.59375,472238.1666666667
DC-PPO strict 1+5 (stitched 100M),50-100M,73833600,2884.125,473214.3125,472716.3541666667
DC-PPO strict 1+5 (stitched 100M),50-100M,73884800,2886.125,473584.15625,473875.5833333333
DC-PPO strict 1+5 (stitched 100M),50-100M,73936000,2888.125,474828.28125,474868.96875
DC-PPO strict 1+5 (stitched 100M),50-100M,73987200,2890.125,476194.46875,475711.4895833333
DC-PPO strict 1+5 (stitched 100M),50-100M,74038400,2892.125,476111.71875,476622.6770833333
DC-PPO strict 1+5 (stitched 100M),50-100M,74089600,2894.125,477561.84375,476585.2604166667
DC-PPO strict 1+5 (stitched 100M),50-100M,74140800,2896.125,476082.21875,476398.7083333333
DC-PPO strict 1+5 (stitched 100M),50-100M,74192000,2898.125,475552.0625,475589.0729166667
DC-PPO strict 1+5 (stitched 100M),50-100M,74243200,2900.125,475132.9375,475373.9583333333
DC-PPO strict 1+5 (stitched 100M),50-100M,74294400,2902.125,475436.875,475046.71875
DC-PPO strict 1+5 (stitched 100M),50-100M,74345600,2904.125,474570.34375,475049.6145833333
DC-PPO strict 1+5 (stitched 100M),50-100M,74396800,2906.125,475141.625,474558.3854166667
DC-PPO strict 1+5 (stitched 100M),50-100M,74448000,2908.125,473963.1875,474466.03125
DC-PPO strict 1+5 (stitched 100M),50-100M,74499200,2910.125,474293.28125,473561.5729166667
DC-PPO strict 1+5 (stitched 100M),50-100M,74550400,2912.125,472428.25,473020.34375
DC-PPO strict 1+5 (stitched 100M),50-100M,74601600,2914.125,472339.5,471863.7395833333
DC-PPO strict 1+5 (stitched 100M),50-100M,74652800,2916.125,470823.46875,471570.9583333333
DC-PPO strict 1+5 (stitched 100M),50-100M,74704000,2918.125,471549.90625,471340.34375
DC-PPO strict 1+5 (stitched 100M),50-100M,74755200,2920.125,471647.65625,472371.7604166667
DC-PPO strict 1+5 (stitched 100M),50-100M,74806400,2922.125,473917.71875,472814.6145833333
DC-PPO strict 1+5 (stitched 100M),50-100M,74857600,2924.125,472878.46875,473374.9270833333
DC-PPO strict 1+5 (stitched 100M),50-100M,74908800,2926.125,473328.59375,473687.1354166667
DC-PPO strict 1+5 (stitched 100M),50-100M,74960000,2928.125,474854.34375,473907.0208333333
DC-PPO strict 1+5 (stitched 100M),50-100M,75011200,2930.125,473538.125,473971.875
DC-PPO strict 1+5 (stitched 100M),50-100M,75062400,2932.125,473523.15625,473777.46875
DC-PPO strict 1+5 (stitched 100M),50-100M,75113600,2934.125,474271.125,473312.3958333333
DC-PPO strict 1+5 (stitched 100M),50-100M,75164800,2936.125,472142.90625,472170.4375
DC-PPO strict 1+5 (stitched 100M),50-100M,75216000,2938.125,470097.28125,470845.3229166667
DC-PPO strict 1+5 (stitched 100M),50-100M,75267200,2940.125,470295.78125,469852.1145833333
DC-PPO strict 1+5 (stitched 100M),50-100M,75318400,2942.125,469163.28125,470335.3020833333
DC-PPO strict 1+5 (stitched 100M),50-100M,75369600,2944.125,471546.84375,470900.6354166667
DC-PPO strict 1+5 (stitched 100M),50-100M,75420800,2946.125,471991.78125,472901.7395833333
DC-PPO strict 1+5 (stitched 100M),50-100M,75472000,2948.125,475166.59375,473156.7708333333
DC-PPO strict 1+5 (stitched 100M),50-100M,75523200,2950.125,472311.9375,473311.3645833333
DC-PPO strict 1+5 (stitched 100M),50-100M,75574400,2952.125,472455.5625,472717.5520833333
DC-PPO strict 1+5 (stitched 100M),50-100M,75625600,2954.125,473385.15625,473481.9479166667
DC-PPO strict 1+5 (stitched 100M),50-100M,75676800,2956.125,474605.125,473031.1875
DC-PPO strict 1+5 (stitched 100M),50-100M,75728000,2958.125,471103.28125,472487.90625
DC-PPO strict 1+5 (stitched 100M),50-100M,75779200,2960.125,471755.3125,471528.0729166667
DC-PPO strict 1+5 (stitched 100M),50-100M,75830400,2962.125,471725.625,471288.21875
DC-PPO strict 1+5 (stitched 100M),50-100M,75881600,2964.125,470383.71875,470899.6875
DC-PPO strict 1+5 (stitched 100M),50-100M,75932800,2966.125,470589.71875,470785.1145833333
DC-PPO strict 1+5 (stitched 100M),50-100M,75984000,2968.125,471381.90625,471572.2604166667
DC-PPO strict 1+5 (stitched 100M),50-100M,76035200,2970.125,472745.15625,471738.375
DC-PPO strict 1+5 (stitched 100M),50-100M,76086400,2972.125,471088.0625,471711.9583333333
DC-PPO strict 1+5 (stitched 100M),50-100M,76137600,2974.125,471302.65625,471875.4166666667
DC-PPO strict 1+5 (stitched 100M),50-100M,76188800,2976.125,473235.53125,472990.0625
DC-PPO strict 1+5 (stitched 100M),50-100M,76240000,2978.125,474432.0,473421.59375
DC-PPO strict 1+5 (stitched 100M),50-100M,76291200,2980.125,472597.25,473756.71875
DC-PPO strict 1+5 (stitched 100M),50-100M,76342400,2982.125,474240.90625,473627.9270833333
DC-PPO strict 1+5 (stitched 100M),50-100M,76393600,2984.125,474045.625,474006.40625
DC-PPO strict 1+5 (stitched 100M),50-100M,76444800,2986.125,473732.6875,474092.9895833333
DC-PPO strict 1+5 (stitched 100M),50-100M,76496000,2988.125,474500.65625,474223.9791666667
DC-PPO strict 1+5 (stitched 100M),50-100M,76547200,2990.125,474438.59375,474627.8854166667
DC-PPO strict 1+5 (stitched 100M),50-100M,76598400,2992.125,474944.40625,475176.6458333333
DC-PPO strict 1+5 (stitched 100M),50-100M,76649600,2994.125,476146.9375,475410.0520833333
DC-PPO strict 1+5 (stitched 100M),50-100M,76700800,2996.125,475138.8125,475236.875
DC-PPO strict 1+5 (stitched 100M),50-100M,76752000,2998.125,474424.875,474972.1041666667
DC-PPO strict 1+5 (stitched 100M),50-100M,76803200,3000.125,475352.625,474322.0416666667
DC-PPO strict 1+5 (stitched 100M),50-100M,76854400,3002.125,473188.625,474176.9479166667
DC-PPO strict 1+5 (stitched 100M),50-100M,76905600,3004.125,473989.59375,472925.2395833333
DC-PPO strict 1+5 (stitched 100M),50-100M,76956800,3006.125,471597.5,473569.40625
DC-PPO strict 1+5 (stitched 100M),50-100M,77008000,3008.125,475121.125,473638.0833333333
DC-PPO strict 1+5 (stitched 100M),50-100M,77059200,3010.125,474195.625,474099.0416666667
DC-PPO strict 1+5 (stitched 100M),50-100M,77110400,3012.125,472980.375,473539.3854166667
DC-PPO strict 1+5 (stitched 100M),50-100M,77161600,3014.125,473442.15625,472804.09375
DC-PPO strict 1+5 (stitched 100M),50-100M,77212800,3016.125,471989.75,472613.8125
DC-PPO strict 1+5 (stitched 100M),50-100M,77264000,3018.125,472409.53125,473041.9583333333
DC-PPO strict 1+5 (stitched 100M),50-100M,77315200,3020.125,474726.59375,474038.09375
DC-PPO strict 1+5 (stitched 100M),50-100M,77366400,3022.125,474978.15625,474292.09375
DC-PPO strict 1+5 (stitched 100M),50-100M,77417600,3024.125,473171.53125,473722.6041666667
DC-PPO strict 1+5 (stitched 100M),50-100M,77468800,3026.125,473018.125,473159.5104166667
DC-PPO strict 1+5 (stitched 100M),50-100M,77520000,3028.125,473288.875,473777.8333333333
DC-PPO strict 1+5 (stitched 100M),50-100M,77571200,3030.125,475026.5,473816.6458333333
DC-PPO strict 1+5 (stitched 100M),50-100M,77622400,3032.125,473134.5625,473733.1770833333
DC-PPO strict 1+5 (stitched 100M),50-100M,77673600,3034.125,473038.46875,473146.4166666667
DC-PPO strict 1+5 (stitched 100M),50-100M,77724800,3036.125,473266.21875,472856.5416666667
DC-PPO strict 1+5 (stitched 100M),50-100M,77776000,3038.125,472264.9375,472810.0729166667
DC-PPO strict 1+5 (stitched 100M),50-100M,77827200,3040.125,472899.0625,472372.28125
DC-PPO strict 1+5 (stitched 100M),50-100M,77878400,3042.125,471952.84375,471933.3958333333
DC-PPO strict 1+5 (stitched 100M),50-100M,77929600,3044.125,470948.28125,470768.0625
DC-PPO strict 1+5 (stitched 100M),50-100M,77980800,3046.125,469403.0625,469996.4270833333
DC-PPO strict 1+5 (stitched 100M),50-100M,78032000,3048.125,469637.9375,469352.75
DC-PPO strict 1+5 (stitched 100M),50-100M,78083200,3050.125,469017.25,469108.28125
DC-PPO strict 1+5 (stitched 100M),50-100M,78134400,3052.125,468669.65625,468710.0416666667
DC-PPO strict 1+5 (stitched 100M),50-100M,78185600,3054.125,468443.21875,468792.03125
DC-PPO strict 1+5 (stitched 100M),50-100M,78236800,3056.125,469263.21875,469260.28125
DC-PPO strict 1+5 (stitched 100M),50-100M,78288000,3058.125,470074.40625,469732.0104166667
DC-PPO strict 1+5 (stitched 100M),50-100M,78339200,3060.125,469858.40625,469276.6666666667
DC-PPO strict 1+5 (stitched 100M),50-100M,78390400,3062.125,467897.1875,469408.6875
DC-PPO strict 1+5 (stitched 100M),50-100M,78441600,3064.125,470470.46875,469602.9166666667
DC-PPO strict 1+5 (stitched 100M),50-100M,78492800,3066.125,470441.09375,470525.15625
DC-PPO strict 1+5 (stitched 100M),50-100M,78544000,3068.125,470663.90625,471298.8020833333
DC-PPO strict 1+5 (stitched 100M),50-100M,78595200,3070.125,472791.40625,471515.0520833333
DC-PPO strict 1+5 (stitched 100M),50-100M,78646400,3072.125,471089.84375,471783.03125
DC-PPO strict 1+5 (stitched 100M),50-100M,78697600,3074.125,471467.84375,471012.5625
DC-PPO strict 1+5 (stitched 100M),50-100M,78748800,3076.125,470480.0,471261.8229166667
DC-PPO strict 1+5 (stitched 100M),50-100M,78800000,3078.125,471837.625,470757.625
DC-PPO strict 1+5 (stitched 100M),50-100M,78851200,3080.125,469955.25,470208.9270833333
DC-PPO strict 1+5 (stitched 100M),50-100M,78902400,3082.125,468833.90625,469736.0416666667
DC-PPO strict 1+5 (stitched 100M),50-100M,78953600,3084.125,470418.96875,470029.5208333333
DC-PPO strict 1+5 (stitched 100M),50-100M,79004800,3086.125,470835.6875,470029.5520833333
DC-PPO strict 1+5 (stitched 100M),50-100M,79056000,3088.125,468834.0,469715.1041666667
DC-PPO strict 1+5 (stitched 100M),50-100M,79107200,3090.125,469475.625,469122.6875
DC-PPO strict 1+5 (stitched 100M),50-100M,79158400,3092.125,469058.4375,468558.125
DC-PPO strict 1+5 (stitched 100M),50-100M,79209600,3094.125,467140.3125,467910.5625
DC-PPO strict 1+5 (stitched 100M),50-100M,79260800,3096.125,467532.9375,468157.1875
DC-PPO strict 1+5 (stitched 100M),50-100M,79312000,3098.125,469798.3125,468333.2916666667
DC-PPO strict 1+5 (stitched 100M),50-100M,79363200,3100.125,467668.625,469217.7083333333
DC-PPO strict 1+5 (stitched 100M),50-100M,79414400,3102.125,470186.1875,469322.8645833333
DC-PPO strict 1+5 (stitched 100M),50-100M,79465600,3104.125,470113.78125,470812.6041666667
DC-PPO strict 1+5 (stitched 100M),50-100M,79516800,3106.125,472137.84375,471263.8958333333
DC-PPO strict 1+5 (stitched 100M),50-100M,79568000,3108.125,471540.0625,471832.8854166667
DC-PPO strict 1+5 (stitched 100M),50-100M,79619200,3110.125,471820.75,471250.3229166667
DC-PPO strict 1+5 (stitched 100M),50-100M,79670400,3112.125,470390.15625,471890.0729166667
DC-PPO strict 1+5 (stitched 100M),50-100M,79721600,3114.125,473459.3125,472592.0625
DC-PPO strict 1+5 (stitched 100M),50-100M,79772800,3116.125,473926.71875,473538.65625
DC-PPO strict 1+5 (stitched 100M),50-100M,79824000,3118.125,473229.9375,473917.5833333333
DC-PPO strict 1+5 (stitched 100M),50-100M,79875200,3120.125,474596.09375,473998.8645833333
DC-PPO strict 1+5 (stitched 100M),50-100M,79926400,3122.125,474170.5625,474773.7708333333
DC-PPO strict 1+5 (stitched 100M),50-100M,79977600,3124.125,475554.65625,474621.875
DC-PPO strict 1+5 (stitched 100M),50-100M,80028800,3126.125,474140.40625,473914.5625
DC-PPO strict 1+5 (stitched 100M),50-100M,80080000,3128.125,472048.625,473366.6458333333
DC-PPO strict 1+5 (stitched 100M),50-100M,80131200,3130.125,473910.90625,474307.3333333333
DC-PPO strict 1+5 (stitched 100M),50-100M,80182400,3132.125,476962.46875,476028.9895833333
DC-PPO strict 1+5 (stitched 100M),50-100M,80233600,3134.125,477213.59375,477151.40625
DC-PPO strict 1+5 (stitched 100M),50-100M,80284800,3136.125,477278.15625,476703.5833333333
DC-PPO strict 1+5 (stitched 100M),50-100M,80336000,3138.125,475619.0,476492.3125
DC-PPO strict 1+5 (stitched 100M),50-100M,80387200,3140.125,476579.78125,476190.3854166667
DC-PPO strict 1+5 (stitched 100M),50-100M,80438400,3142.125,476372.375,476961.4166666667
DC-PPO strict 1+5 (stitched 100M),50-100M,80489600,3144.125,477932.09375,477625.5208333333
DC-PPO strict 1+5 (stitched 100M),50-100M,80540800,3146.125,478572.09375,479286.59375
DC-PPO strict 1+5 (stitched 100M),50-100M,80592000,3148.125,481355.59375,479874.2708333333
DC-PPO strict 1+5 (stitched 100M),50-100M,80643200,3150.125,479695.125,480616.6354166667
DC-PPO strict 1+5 (stitched 100M),50-100M,80694400,3152.125,480799.1875,480624.0208333333
DC-PPO strict 1+5 (stitched 100M),50-100M,80745600,3154.125,481377.75,481208.6875
DC-PPO strict 1+5 (stitched 100M),50-100M,80796800,3156.125,481449.125,481044.75
DC-PPO strict 1+5 (stitched 100M),50-100M,80848000,3158.125,480307.375,480391.9479166667
DC-PPO strict 1+5 (stitched 100M),50-100M,80899200,3160.125,479419.34375,479766.3958333333
DC-PPO strict 1+5 (stitched 100M),50-100M,80950400,3162.125,479572.46875,480449.3020833333
DC-PPO strict 1+5 (stitched 100M),50-100M,81001600,3164.125,482356.09375,480945.0625
DC-PPO strict 1+5 (stitched 100M),50-100M,81052800,3166.125,480906.625,481718.375
DC-PPO strict 1+5 (stitched 100M),50-100M,81104000,3168.125,481892.40625,481784.3125
DC-PPO strict 1+5 (stitched 100M),50-100M,81155200,3170.125,482553.90625,481485.8333333333
DC-PPO strict 1+5 (stitched 100M),50-100M,81206400,3172.125,480011.1875,481072.9479166667
DC-PPO strict 1+5 (stitched 100M),50-100M,81257600,3174.125,480653.75,479886.0625
DC-PPO strict 1+5 (stitched 100M),50-100M,81308800,3176.125,478993.25,479499.75
DC-PPO strict 1+5 (stitched 100M),50-100M,81360000,3178.125,478852.25,478972.8125
DC-PPO strict 1+5 (stitched 100M),50-100M,81411200,3180.125,479072.9375,479104.7395833333
DC-PPO strict 1+5 (stitched 100M),50-100M,81462400,3182.125,479389.03125,479190.21875
DC-PPO strict 1+5 (stitched 100M),50-100M,81513600,3184.125,479108.6875,479897.3020833333
DC-PPO strict 1+5 (stitched 100M),50-100M,81564800,3186.125,481194.1875,480127.8541666667
DC-PPO strict 1+5 (stitched 100M),50-100M,81616000,3188.125,480080.6875,481038.0520833333
DC-PPO strict 1+5 (stitched 100M),50-100M,81667200,3190.125,481839.28125,481291.2395833333
DC-PPO strict 1+5 (stitched 100M),50-100M,81718400,3192.125,481953.75,482657.0
DC-PPO strict 1+5 (stitched 100M),50-100M,81769600,3194.125,484177.96875,483662.5208333333
DC-PPO strict 1+5 (stitched 100M),50-100M,81820800,3196.125,484855.84375,484301.15625
DC-PPO strict 1+5 (stitched 100M),50-100M,81872000,3198.125,483869.65625,484826.7083333333
DC-PPO strict 1+5 (stitched 100M),50-100M,81923200,3200.125,485754.625,484795.4375
DC-PPO strict 1+5 (stitched 100M),50-100M,81974400,3202.125,484762.03125,484708.28125
DC-PPO strict 1+5 (stitched 100M),50-100M,82025600,3204.125,483608.1875,483183.78125
DC-PPO strict 1+5 (stitched 100M),50-100M,82076800,3206.125,481181.125,481943.5625
DC-PPO strict 1+5 (stitched 100M),50-100M,82128000,3208.125,481041.375,480758.4270833333
DC-PPO strict 1+5 (stitched 100M),50-100M,82179200,3210.125,480052.78125,480186.6979166667
DC-PPO strict 1+5 (stitched 100M),50-100M,82230400,3212.125,479465.9375,479471.1666666667
DC-PPO strict 1+5 (stitched 100M),50-100M,82281600,3214.125,478894.78125,479601.3958333333
DC-PPO strict 1+5 (stitched 100M),50-100M,82332800,3216.125,480443.46875,479638.1770833333
DC-PPO strict 1+5 (stitched 100M),50-100M,82384000,3218.125,479576.28125,479926.34375
DC-PPO strict 1+5 (stitched 100M),50-100M,82435200,3220.125,479759.28125,479529.3020833333
DC-PPO strict 1+5 (stitched 100M),50-100M,82486400,3222.125,479252.34375,479261.15625
DC-PPO strict 1+5 (stitched 100M),50-100M,82537600,3224.125,478771.84375,479412.6354166667
DC-PPO strict 1+5 (stitched 100M),50-100M,82588800,3226.125,480213.71875,478955.4479166667
DC-PPO strict 1+5 (stitched 100M),50-100M,82640000,3228.125,477880.78125,479385.3229166667
DC-PPO strict 1+5 (stitched 100M),50-100M,82691200,3230.125,480061.46875,479319.25
DC-PPO strict 1+5 (stitched 100M),50-100M,82742400,3232.125,480015.5,479636.0833333333
DC-PPO strict 1+5 (stitched 100M),50-100M,82793600,3234.125,478831.28125,479959.6770833333
DC-PPO strict 1+5 (stitched 100M),50-100M,82844800,3236.125,481032.25,479214.7395833333
DC-PPO strict 1+5 (stitched 100M),50-100M,82896000,3238.125,477780.6875,479342.6041666667
DC-PPO strict 1+5 (stitched 100M),50-100M,82947200,3240.125,479214.875,478376.8125
DC-PPO strict 1+5 (stitched 100M),50-100M,82998400,3242.125,478134.875,478520.5208333333
DC-PPO strict 1+5 (stitched 100M),50-100M,83049600,3244.125,478211.8125,477935.15625
DC-PPO strict 1+5 (stitched 100M),50-100M,83100800,3246.125,477458.78125,477455.1145833333
DC-PPO strict 1+5 (stitched 100M),50-100M,83152000,3248.125,476694.75,477346.2916666667
DC-PPO strict 1+5 (stitched 100M),50-100M,83203200,3250.125,477885.34375,477650.375
DC-PPO strict 1+5 (stitched 100M),50-100M,83254400,3252.125,478371.03125,478281.21875
DC-PPO strict 1+5 (stitched 100M),50-100M,83305600,3254.125,478587.28125,479008.6770833333
DC-PPO strict 1+5 (stitched 100M),50-100M,83356800,3256.125,480067.71875,479070.65625
DC-PPO strict 1+5 (stitched 100M),50-100M,83408000,3258.125,478556.96875,479181.1458333333
DC-PPO strict 1+5 (stitched 100M),50-100M,83459200,3260.125,478918.75,478633.5625
DC-PPO strict 1+5 (stitched 100M),50-100M,83510400,3262.125,478424.96875,478864.1666666667
DC-PPO strict 1+5 (stitched 100M),50-100M,83561600,3264.125,479248.78125,479238.875
DC-PPO strict 1+5 (stitched 100M),50-100M,83612800,3266.125,480042.875,479565.125
DC-PPO strict 1+5 (stitched 100M),50-100M,83664000,3268.125,479403.71875,479913.0416666667
DC-PPO strict 1+5 (stitched 100M),50-100M,83715200,3270.125,480292.53125,480246.4791666667
DC-PPO strict 1+5 (stitched 100M),50-100M,83766400,3272.125,481043.1875,480539.28125
DC-PPO strict 1+5 (stitched 100M),50-100M,83817600,3274.125,480282.125,480701.03125
DC-PPO strict 1+5 (stitched 100M),50-100M,83868800,3276.125,480777.78125,480574.5416666667
DC-PPO strict 1+5 (stitched 100M),50-100M,83920000,3278.125,480663.71875,481651.4270833333
DC-PPO strict 1+5 (stitched 100M),50-100M,83971200,3280.125,483512.78125,482391.03125
DC-PPO strict 1+5 (stitched 100M),50-100M,84022400,3282.125,482996.59375,483142.6979166667
DC-PPO strict 1+5 (stitched 100M),50-100M,84073600,3284.125,482918.71875,481988.9791666667
DC-PPO strict 1+5 (stitched 100M),50-100M,84124800,3286.125,480051.625,481247.1354166667
DC-PPO strict 1+5 (stitched 100M),50-100M,84176000,3288.125,480771.0625,479782.6979166667
DC-PPO strict 1+5 (stitched 100M),50-100M,84227200,3290.125,478525.40625,480654.7291666667
DC-PPO strict 1+5 (stitched 100M),50-100M,84278400,3292.125,482667.71875,480672.4895833333
DC-PPO strict 1+5 (stitched 100M),50-100M,84329600,3294.125,480824.34375,481438.5104166667
DC-PPO strict 1+5 (stitched 100M),50-100M,84380800,3296.125,480823.46875,479886.0208333333
DC-PPO strict 1+5 (stitched 100M),50-100M,84432000,3298.125,478010.25,479119.40625
DC-PPO strict 1+5 (stitched 100M),50-100M,84483200,3300.125,478524.5,477649.8125
DC-PPO strict 1+5 (stitched 100M),50-100M,84534400,3302.125,476414.6875,477262.4479166667
DC-PPO strict 1+5 (stitched 100M),50-100M,84585600,3304.125,476848.15625,476581.8854166667
DC-PPO strict 1+5 (stitched 100M),50-100M,84636800,3306.125,476482.8125,477081.53125
DC-PPO strict 1+5 (stitched 100M),50-100M,84688000,3308.125,477913.625,478091.2604166667
DC-PPO strict 1+5 (stitched 100M),50-100M,84739200,3310.125,479877.34375,478538.3541666667
DC-PPO strict 1+5 (stitched 100M),50-100M,84790400,3312.125,477824.09375,479003.9479166667
DC-PPO strict 1+5 (stitched 100M),50-100M,84841600,3314.125,479310.40625,478265.6458333333
DC-PPO strict 1+5 (stitched 100M),50-100M,84892800,3316.125,477662.4375,478501.03125
DC-PPO strict 1+5 (stitched 100M),50-100M,84944000,3318.125,478530.25,477200.0416666667
DC-PPO strict 1+5 (stitched 100M),50-100M,84995200,3320.125,475407.4375,476797.71875
DC-PPO strict 1+5 (stitched 100M),50-100M,85046400,3322.125,476455.46875,476269.2604166667
DC-PPO strict 1+5 (stitched 100M),50-100M,85097600,3324.125,476944.875,476448.84375
DC-PPO strict 1+5 (stitched 100M),50-100M,85148800,3326.125,475946.1875,475605.3125
DC-PPO strict 1+5 (stitched 100M),50-100M,85200000,3328.125,473924.875,474900.6041666667
DC-PPO strict 1+5 (stitched 100M),50-100M,85251200,3330.125,474830.75,473962.8229166667
DC-PPO strict 1+5 (stitched 100M),50-100M,85302400,3332.125,473132.84375,473730.1666666667
DC-PPO strict 1+5 (stitched 100M),50-100M,85353600,3334.125,473226.90625,472982.3125
DC-PPO strict 1+5 (stitched 100M),50-100M,85404800,3336.125,472587.1875,472957.90625
DC-PPO strict 1+5 (stitched 100M),50-100M,85456000,3338.125,473059.625,472279.8958333333
DC-PPO strict 1+5 (stitched 100M),50-100M,85507200,3340.125,471192.875,471779.5208333333
DC-PPO strict 1+5 (stitched 100M),50-100M,85558400,3342.125,471086.0625,469916.6770833333
DC-PPO strict 1+5 (stitched 100M),50-100M,85609600,3344.125,467471.09375,469587.1770833333
DC-PPO strict 1+5 (stitched 100M),50-100M,85660800,3346.125,470204.375,469389.0208333333
DC-PPO strict 1+5 (stitched 100M),50-100M,85712000,3348.125,470491.59375,470156.59375
DC-PPO strict 1+5 (stitched 100M),50-100M,85763200,3350.125,469773.8125,470556.6875
DC-PPO strict 1+5 (stitched 100M),50-100M,85814400,3352.125,471404.65625,471025.78125
DC-PPO strict 1+5 (stitched 100M),50-100M,85865600,3354.125,471898.875,471076.1666666667
DC-PPO strict 1+5 (stitched 100M),50-100M,85916800,3356.125,469924.96875,470656.03125
DC-PPO strict 1+5 (stitched 100M),50-100M,85968000,3358.125,470144.25,471181.0416666667
DC-PPO strict 1+5 (stitched 100M),50-100M,86019200,3360.125,473473.90625,471888.28125
DC-PPO strict 1+5 (stitched 100M),50-100M,86070400,3362.125,472046.6875,473056.34375
DC-PPO strict 1+5 (stitched 100M),50-100M,86121600,3364.125,473648.4375,474127.5416666667
DC-PPO strict 1+5 (stitched 100M),50-100M,86172800,3366.125,476687.5,476104.7291666667
DC-PPO strict 1+5 (stitched 100M),50-100M,86224000,3368.125,477978.25,478671.3125
DC-PPO strict 1+5 (stitched 100M),50-100M,86275200,3370.125,481348.1875,479300.71875
DC-PPO strict 1+5 (stitched 100M),50-100M,86326400,3372.125,478575.71875,480672.875
DC-PPO strict 1+5 (stitched 100M),50-100M,86377600,3374.125,482094.71875,480672.8958333333
DC-PPO strict 1+5 (stitched 100M),50-100M,86428800,3376.125,481348.25,482128.0208333333
DC-PPO strict 1+5 (stitched 100M),50-100M,86480000,3378.125,482941.09375,482143.5104166667
DC-PPO strict 1+5 (stitched 100M),50-100M,86531200,3380.125,482141.1875,482397.03125
DC-PPO strict 1+5 (stitched 100M),50-100M,86582400,3382.125,482108.8125,482353.5104166667
DC-PPO strict 1+5 (stitched 100M),50-100M,86633600,3384.125,482810.53125,481964.9375
DC-PPO strict 1+5 (stitched 100M),50-100M,86684800,3386.125,480975.46875,482965.75
DC-PPO strict 1+5 (stitched 100M),50-100M,86736000,3388.125,485111.25,483091.5
DC-PPO strict 1+5 (stitched 100M),50-100M,86787200,3390.125,483187.78125,482904.6875
DC-PPO strict 1+5 (stitched 100M),50-100M,86838400,3392.125,480415.03125,481518.7916666667
DC-PPO strict 1+5 (stitched 100M),50-100M,86889600,3394.125,480953.5625,481574.5729166667
DC-PPO strict 1+5 (stitched 100M),50-100M,86940800,3396.125,483355.125,482344.09375
DC-PPO strict 1+5 (stitched 100M),50-100M,86992000,3398.125,482723.59375,482811.8854166667
DC-PPO strict 1+5 (stitched 100M),50-100M,87043200,3400.125,482356.9375,483001.7395833333
DC-PPO strict 1+5 (stitched 100M),50-100M,87094400,3402.125,483924.6875,482608.8541666667
DC-PPO strict 1+5 (stitched 100M),50-100M,87145600,3404.125,481544.9375,482473.6041666667
DC-PPO strict 1+5 (stitched 100M),50-100M,87196800,3406.125,481951.1875,482040.1875
DC-PPO strict 1+5 (stitched 100M),50-100M,87248000,3408.125,482624.4375,481933.0625
DC-PPO strict 1+5 (stitched 100M),50-100M,87299200,3410.125,481223.5625,481921.9270833333
DC-PPO strict 1+5 (stitched 100M),50-100M,87350400,3412.125,481917.78125,482171.3958333333
DC-PPO strict 1+5 (stitched 100M),50-100M,87401600,3414.125,483372.84375,482655.1354166667
DC-PPO strict 1+5 (stitched 100M),50-100M,87452800,3416.125,482674.78125,483595.78125
DC-PPO strict 1+5 (stitched 100M),50-100M,87504000,3418.125,484739.71875,484061.8645833333
DC-PPO strict 1+5 (stitched 100M),50-100M,87555200,3420.125,484771.09375,485293.9479166667
DC-PPO strict 1+5 (stitched 100M),50-100M,87606400,3422.125,486371.03125,486581.3645833333
DC-PPO strict 1+5 (stitched 100M),50-100M,87657600,3424.125,488601.96875,487499.5625
DC-PPO strict 1+5 (stitched 100M),50-100M,87708800,3426.125,487525.6875,487421.0416666667
DC-PPO strict 1+5 (stitched 100M),50-100M,87760000,3428.125,486135.46875,487290.09375
DC-PPO strict 1+5 (stitched 100M),50-100M,87811200,3430.125,488209.125,487895.125
DC-PPO strict 1+5 (stitched 100M),50-100M,87862400,3432.125,489340.78125,488791.96875
DC-PPO strict 1+5 (stitched 100M),50-100M,87913600,3434.125,488826.0,488972.2291666667
DC-PPO strict 1+5 (stitched 100M),50-100M,87964800,3436.125,488749.90625,488455.15625
DC-PPO strict 1+5 (stitched 100M),50-100M,88016000,3438.125,487789.5625,487997.8020833333
DC-PPO strict 1+5 (stitched 100M),50-100M,88067200,3440.125,487453.9375,487807.46875
DC-PPO strict 1+5 (stitched 100M),50-100M,88118400,3442.125,488178.90625,488259.2395833333
DC-PPO strict 1+5 (stitched 100M),50-100M,88169600,3444.125,489144.875,489032.0
DC-PPO strict 1+5 (stitched 100M),50-100M,88220800,3446.125,489772.21875,489558.3125
DC-PPO strict 1+5 (stitched 100M),50-100M,88272000,3448.125,489757.84375,489748.28125
DC-PPO strict 1+5 (stitched 100M),50-100M,88323200,3450.125,489714.78125,489403.28125
DC-PPO strict 1+5 (stitched 100M),50-100M,88374400,3452.125,488737.21875,489012.2395833333
DC-PPO strict 1+5 (stitched 100M),50-100M,88425600,3454.125,488584.71875,488409.4583333333
DC-PPO strict 1+5 (stitched 100M),50-100M,88476800,3456.125,487906.4375,488147.4791666667
DC-PPO strict 1+5 (stitched 100M),50-100M,88528000,3458.125,487951.28125,488292.4895833333
DC-PPO strict 1+5 (stitched 100M),50-100M,88579200,3460.125,489019.75,488487.0
DC-PPO strict 1+5 (stitched 100M),50-100M,88630400,3462.125,488489.96875,489221.1145833333
DC-PPO strict 1+5 (stitched 100M),50-100M,88681600,3464.125,490153.625,490178.0
DC-PPO strict 1+5 (stitched 100M),50-100M,88732800,3466.125,491890.40625,490949.0625
DC-PPO strict 1+5 (stitched 100M),50-100M,88784000,3468.125,490803.15625,491055.2291666667
DC-PPO strict 1+5 (stitched 100M),50-100M,88835200,3470.125,490472.125,491861.8854166667
DC-PPO strict 1+5 (stitched 100M),50-100M,88886400,3472.125,494310.375,493221.0
DC-PPO strict 1+5 (stitched 100M),50-100M,88937600,3474.125,494880.5,494034.6041666667
DC-PPO strict 1+5 (stitched 100M),50-100M,88988800,3476.125,492912.9375,493079.6979166667
DC-PPO strict 1+5 (stitched 100M),50-100M,89040000,3478.125,491445.65625,491765.3645833333
DC-PPO strict 1+5 (stitched 100M),50-100M,89091200,3480.125,490937.5,490349.8020833333
DC-PPO strict 1+5 (stitched 100M),50-100M,89142400,3482.125,488666.25,489260.28125
DC-PPO strict 1+5 (stitched 100M),50-100M,89193600,3484.125,488177.09375,488814.2291666667
DC-PPO strict 1+5 (stitched 100M),50-100M,89244800,3486.125,489599.34375,488872.3229166667
DC-PPO strict 1+5 (stitched 100M),50-100M,89296000,3488.125,488840.53125,488262.2604166667
DC-PPO strict 1+5 (stitched 100M),50-100M,89347200,3490.125,486346.90625,487694.9791666667
DC-PPO strict 1+5 (stitched 100M),50-100M,89398400,3492.125,487897.5,486367.9479166667
DC-PPO strict 1+5 (stitched 100M),50-100M,89449600,3494.125,484859.4375,486699.3645833333
DC-PPO strict 1+5 (stitched 100M),50-100M,89500800,3496.125,487341.15625,486479.3333333333
DC-PPO strict 1+5 (stitched 100M),50-100M,89552000,3498.125,487237.40625,486867.2916666667
DC-PPO strict 1+5 (stitched 100M),50-100M,89603200,3500.125,486023.3125,486422.0208333333
DC-PPO strict 1+5 (stitched 100M),50-100M,89654400,3502.125,486005.34375,485751.4583333333
DC-PPO strict 1+5 (stitched 100M),50-100M,89705600,3504.125,485225.71875,485028.6354166667
DC-PPO strict 1+5 (stitched 100M),50-100M,89756800,3506.125,483854.84375,484345.40625
DC-PPO strict 1+5 (stitched 100M),50-100M,89808000,3508.125,483955.65625,483329.3333333333
DC-PPO strict 1+5 (stitched 100M),50-100M,89859200,3510.125,482177.5,483456.09375
DC-PPO strict 1+5 (stitched 100M),50-100M,89910400,3512.125,484235.125,483168.7604166667
DC-PPO strict 1+5 (stitched 100M),50-100M,89961600,3514.125,483093.65625,483737.28125
DC-PPO strict 1+5 (stitched 100M),50-100M,90012800,3516.125,483883.0625,483033.0
DC-PPO strict 1+5 (stitched 100M),50-100M,90064000,3518.125,482122.28125,481711.2708333333
DC-PPO strict 1+5 (stitched 100M),50-100M,90115200,3520.125,479128.46875,480512.90625
DC-PPO strict 1+5 (stitched 100M),50-100M,90166400,3522.125,480287.96875,478874.65625
DC-PPO strict 1+5 (stitched 100M),50-100M,90217600,3524.125,477207.53125,478481.0104166667
DC-PPO strict 1+5 (stitched 100M),50-100M,90268800,3526.125,477947.53125,477222.8125
DC-PPO strict 1+5 (stitched 100M),50-100M,90320000,3528.125,476513.375,477551.3125
DC-PPO strict 1+5 (stitched 100M),50-100M,90371200,3530.125,478193.03125,476848.0
DC-PPO strict 1+5 (stitched 100M),50-100M,90422400,3532.125,475837.59375,476874.8125
DC-PPO strict 1+5 (stitched 100M),50-100M,90473600,3534.125,476593.8125,477402.7604166667
DC-PPO strict 1+5 (stitched 100M),50-100M,90524800,3536.125,479776.875,478160.1145833333
DC-PPO strict 1+5 (stitched 100M),50-100M,90576000,3538.125,478109.65625,479016.96875
DC-PPO strict 1+5 (stitched 100M),50-100M,90627200,3540.125,479164.375,479281.8333333333
DC-PPO strict 1+5 (stitched 100M),50-100M,90678400,3542.125,480571.46875,479572.90625
DC-PPO strict 1+5 (stitched 100M),50-100M,90729600,3544.125,478982.875,480159.1041666667
DC-PPO strict 1+5 (stitched 100M),50-100M,90780800,3546.125,480922.96875,479872.0416666667
DC-PPO strict 1+5 (stitched 100M),50-100M,90832000,3548.125,479710.28125,480817.59375
DC-PPO strict 1+5 (stitched 100M),50-100M,90883200,3550.125,481819.53125,480811.4166666667
DC-PPO strict 1+5 (stitched 100M),50-100M,90934400,3552.125,480904.4375,480874.3958333333
DC-PPO strict 1+5 (stitched 100M),50-100M,90985600,3554.125,479899.21875,480041.34375
DC-PPO strict 1+5 (stitched 100M),50-100M,91036800,3556.125,479320.375,480503.3020833333
DC-PPO strict 1+5 (stitched 100M),50-100M,91088000,3558.125,482290.3125,480752.7916666667
DC-PPO strict 1+5 (stitched 100M),50-100M,91139200,3560.125,480647.6875,481303.2395833333
DC-PPO strict 1+5 (stitched 100M),50-100M,91190400,3562.125,480971.71875,480890.9166666667
DC-PPO strict 1+5 (stitched 100M),50-100M,91241600,3564.125,481053.34375,481028.59375
DC-PPO strict 1+5 (stitched 100M),50-100M,91292800,3566.125,481060.71875,481183.3333333333
DC-PPO strict 1+5 (stitched 100M),50-100M,91344000,3568.125,481435.9375,481121.5729166667
DC-PPO strict 1+5 (stitched 100M),50-100M,91395200,3570.125,480868.0625,480371.1875
DC-PPO strict 1+5 (stitched 100M),50-100M,91446400,3572.125,478809.5625,479559.0
DC-PPO strict 1+5 (stitched 100M),50-100M,91497600,3574.125,478999.375,479106.8958333333
DC-PPO strict 1+5 (stitched 100M),50-100M,91548800,3576.125,479511.75,479763.4375
DC-PPO strict 1+5 (stitched 100M),50-100M,91600000,3578.125,480779.1875,480109.7708333333
DC-PPO strict 1+5 (stitched 100M),50-100M,91651200,3580.125,480038.375,480184.7916666667
DC-PPO strict 1+5 (stitched 100M),50-100M,91702400,3582.125,479736.8125,479554.25
DC-PPO strict 1+5 (stitched 100M),50-100M,91753600,3584.125,478887.5625,480033.5520833333
DC-PPO strict 1+5 (stitched 100M),50-100M,91804800,3586.125,481476.28125,481280.28125
DC-PPO strict 1+5 (stitched 100M),50-100M,91856000,3588.125,483477.0,482856.7708333333
DC-PPO strict 1+5 (stitched 100M),50-100M,91907200,3590.125,483617.03125,483126.46875
DC-PPO strict 1+5 (stitched 100M),50-100M,91958400,3592.125,482285.375,483279.03125
DC-PPO strict 1+5 (stitched 100M),50-100M,92009600,3594.125,483934.6875,483003.5
DC-PPO strict 1+5 (stitched 100M),50-100M,92060800,3596.125,482790.4375,483078.65625
DC-PPO strict 1+5 (stitched 100M),50-100M,92112000,3598.125,482510.84375,482981.3020833333
DC-PPO strict 1+5 (stitched 100M),50-100M,92163200,3600.125,483642.625,483111.7916666667
DC-PPO strict 1+5 (stitched 100M),50-100M,92214400,3602.125,483181.90625,483661.7708333333
DC-PPO strict 1+5 (stitched 100M),50-100M,92265600,3604.125,484160.78125,483223.6145833333
DC-PPO strict 1+5 (stitched 100M),50-100M,92316800,3606.125,482328.15625,482498.0729166667
DC-PPO strict 1+5 (stitched 100M),50-100M,92368000,3608.125,481005.28125,482636.4375
DC-PPO strict 1+5 (stitched 100M),50-100M,92419200,3610.125,484575.875,483072.1458333333
DC-PPO strict 1+5 (stitched 100M),50-100M,92470400,3612.125,483635.28125,484357.5
DC-PPO strict 1+5 (stitched 100M),50-100M,92521600,3614.125,484861.34375,484928.7083333333
DC-PPO strict 1+5 (stitched 100M),50-100M,92572800,3616.125,486289.5,485656.9270833333
DC-PPO strict 1+5 (stitched 100M),50-100M,92624000,3618.125,485819.9375,485636.7395833333
DC-PPO strict 1+5 (stitched 100M),50-100M,92675200,3620.125,484800.78125,484899.1041666667
DC-PPO strict 1+5 (stitched 100M),50-100M,92726400,3622.125,484076.59375,484043.8333333333
DC-PPO strict 1+5 (stitched 100M),50-100M,92777600,3624.125,483254.125,483393.8854166667
DC-PPO strict 1+5 (stitched 100M),50-100M,92828800,3626.125,482850.9375,483589.96875
DC-PPO strict 1+5 (stitched 100M),50-100M,92880000,3628.125,484664.84375,483756.5416666667
DC-PPO strict 1+5 (stitched 100M),50-100M,92931200,3630.125,483753.84375,483645.6145833333
DC-PPO strict 1+5 (stitched 100M),50-100M,92982400,3632.125,482518.15625,482865.8020833333
DC-PPO strict 1+5 (stitched 100M),50-100M,93033600,3634.125,482325.40625,483544.1770833333
DC-PPO strict 1+5 (stitched 100M),50-100M,93084800,3636.125,485788.96875,484990.3333333333
DC-PPO strict 1+5 (stitched 100M),50-100M,93136000,3638.125,486856.625,486631.3333333333
DC-PPO strict 1+5 (stitched 100M),50-100M,93187200,3640.125,487248.40625,487871.09375
DC-PPO strict 1+5 (stitched 100M),50-100M,93238400,3642.125,489508.25,488122.6354166667
DC-PPO strict 1+5 (stitched 100M),50-100M,93289600,3644.125,487611.25,488231.0520833333
DC-PPO strict 1+5 (stitched 100M),50-100M,93340800,3646.125,487573.65625,487679.5416666667
DC-PPO strict 1+5 (stitched 100M),50-100M,93392000,3648.125,487853.71875,487986.46875
DC-PPO strict 1+5 (stitched 100M),50-100M,93443200,3650.125,488532.03125,488378.0104166667
DC-PPO strict 1+5 (stitched 100M),50-100M,93494400,3652.125,488748.28125,489237.34375
DC-PPO strict 1+5 (stitched 100M),50-100M,93545600,3654.125,490431.71875,489197.7291666667
DC-PPO strict 1+5 (stitched 100M),50-100M,93596800,3656.125,488413.1875,488754.34375
DC-PPO strict 1+5 (stitched 100M),50-100M,93648000,3658.125,487418.125,487362.9375
DC-PPO strict 1+5 (stitched 100M),50-100M,93699200,3660.125,486257.5,486887.9895833333
DC-PPO strict 1+5 (stitched 100M),50-100M,93750400,3662.125,486988.34375,486384.28125
DC-PPO strict 1+5 (stitched 100M),50-100M,93801600,3664.125,485907.0,486418.3958333333
DC-PPO strict 1+5 (stitched 100M),50-100M,93852800,3666.125,486359.84375,486447.96875
DC-PPO strict 1+5 (stitched 100M),50-100M,93904000,3668.125,487077.0625,486914.9895833333
DC-PPO strict 1+5 (stitched 100M),50-100M,93955200,3670.125,487308.0625,486776.8645833333
DC-PPO strict 1+5 (stitched 100M),50-100M,94006400,3672.125,485945.46875,486764.7083333333
DC-PPO strict 1+5 (stitched 100M),50-100M,94057600,3674.125,487040.59375,487022.0
DC-PPO strict 1+5 (stitched 100M),50-100M,94108800,3676.125,488079.9375,487157.40625
DC-PPO strict 1+5 (stitched 100M),50-100M,94160000,3678.125,486351.6875,487516.9583333333
DC-PPO strict 1+5 (stitched 100M),50-100M,94211200,3680.125,488119.25,488368.5625
DC-PPO strict 1+5 (stitched 100M),50-100M,94262400,3682.125,490634.75,489365.3229166667
DC-PPO strict 1+5 (stitched 100M),50-100M,94313600,3684.125,489341.96875,489227.5
DC-PPO strict 1+5 (stitched 100M),50-100M,94364800,3686.125,487705.78125,488092.1875
DC-PPO strict 1+5 (stitched 100M),50-100M,94416000,3688.125,487228.8125,487565.8125
DC-PPO strict 1+5 (stitched 100M),50-100M,94467200,3690.125,487762.84375,487779.3541666667
DC-PPO strict 1+5 (stitched 100M),50-100M,94518400,3692.125,488346.40625,487837.0833333333
DC-PPO strict 1+5 (stitched 100M),50-100M,94569600,3694.125,487402.0,488447.8541666667
DC-PPO strict 1+5 (stitched 100M),50-100M,94620800,3696.125,489595.15625,488433.3541666667
DC-PPO strict 1+5 (stitched 100M),50-100M,94672000,3698.125,488302.90625,488232.7604166667
DC-PPO strict 1+5 (stitched 100M),50-100M,94723200,3700.125,486800.21875,488299.5416666667
DC-PPO strict 1+5 (stitched 100M),50-100M,94774400,3702.125,489795.5,488233.6145833333
DC-PPO strict 1+5 (stitched 100M),50-100M,94825600,3704.125,488105.125,489595.4791666667
DC-PPO strict 1+5 (stitched 100M),50-100M,94876800,3706.125,490885.8125,490353.3333333333
DC-PPO strict 1+5 (stitched 100M),50-100M,94928000,3708.125,492069.0625,491273.2708333333
DC-PPO strict 1+5 (stitched 100M),50-100M,94979200,3710.125,490864.9375,491820.1458333333
DC-PPO strict 1+5 (stitched 100M),50-100M,95030400,3712.125,492526.4375,492129.5833333333
DC-PPO strict 1+5 (stitched 100M),50-100M,95081600,3714.125,492997.375,493491.34375
DC-PPO strict 1+5 (stitched 100M),50-100M,95132800,3716.125,494950.21875,494074.46875
DC-PPO strict 1+5 (stitched 100M),50-100M,95184000,3718.125,494275.8125,494970.2291666667
DC-PPO strict 1+5 (stitched 100M),50-100M,95235200,3720.125,495684.65625,494403.7291666667
DC-PPO strict 1+5 (stitched 100M),50-100M,95286400,3722.125,493250.71875,494360.34375
DC-PPO strict 1+5 (stitched 100M),50-100M,95337600,3724.125,494145.65625,493683.2291666667
DC-PPO strict 1+5 (stitched 100M),50-100M,95388800,3726.125,493653.3125,492835.90625
DC-PPO strict 1+5 (stitched 100M),50-100M,95440000,3728.125,490708.75,492236.1875
DC-PPO strict 1+5 (stitched 100M),50-100M,95491200,3730.125,492346.5,491668.09375
DC-PPO strict 1+5 (stitched 100M),50-100M,95542400,3732.125,491949.03125,492071.7916666667
DC-PPO strict 1+5 (stitched 100M),50-100M,95593600,3734.125,491919.84375,491236.3958333333
DC-PPO strict 1+5 (stitched 100M),50-100M,95644800,3736.125,489840.3125,490550.4166666667
DC-PPO strict 1+5 (stitched 100M),50-100M,95696000,3738.125,489891.09375,490005.5625
DC-PPO strict 1+5 (stitched 100M),50-100M,95747200,3740.125,490285.28125,489751.78125
DC-PPO strict 1+5 (stitched 100M),50-100M,95798400,3742.125,489078.96875,489021.5104166667
DC-PPO strict 1+5 (stitched 100M),50-100M,95849600,3744.125,487700.28125,488217.21875
DC-PPO strict 1+5 (stitched 100M),50-100M,95900800,3746.125,487872.40625,487926.9583333333
DC-PPO strict 1+5 (stitched 100M),50-100M,95952000,3748.125,488208.1875,488181.3125
DC-PPO strict 1+5 (stitched 100M),50-100M,96003200,3750.125,488463.34375,488968.4791666667
DC-PPO strict 1+5 (stitched 100M),50-100M,96054400,3752.125,490233.90625,490109.34375
DC-PPO strict 1+5 (stitched 100M),50-100M,96105600,3754.125,491630.78125,490771.8125
DC-PPO strict 1+5 (stitched 100M),50-100M,96156800,3756.125,490450.75,491410.6979166667
DC-PPO strict 1+5 (stitched 100M),50-100M,96208000,3758.125,492150.5625,491365.5729166667
DC-PPO strict 1+5 (stitched 100M),50-100M,96259200,3760.125,491495.40625,491574.46875
DC-PPO strict 1+5 (stitched 100M),50-100M,96310400,3762.125,491077.4375,491040.7916666667
DC-PPO strict 1+5 (stitched 100M),50-100M,96361600,3764.125,490549.53125,490379.0729166667
DC-PPO strict 1+5 (stitched 100M),50-100M,96412800,3766.125,489510.25,489960.875
DC-PPO strict 1+5 (stitched 100M),50-100M,96464000,3768.125,489822.84375,489596.90625
DC-PPO strict 1+5 (stitched 100M),50-100M,96515200,3770.125,489457.625,489028.9791666667
DC-PPO strict 1+5 (stitched 100M),50-100M,96566400,3772.125,487806.46875,488468.6770833333
DC-PPO strict 1+5 (stitched 100M),50-100M,96617600,3774.125,488141.9375,488818.1041666667
DC-PPO strict 1+5 (stitched 100M),50-100M,96668800,3776.125,490505.90625,489580.4375
DC-PPO strict 1+5 (stitched 100M),50-100M,96720000,3778.125,490093.46875,489970.4270833333
DC-PPO strict 1+5 (stitched 100M),50-100M,96771200,3780.125,489311.90625,490362.9270833333
DC-PPO strict 1+5 (stitched 100M),50-100M,96822400,3782.125,491683.40625,490265.0
DC-PPO strict 1+5 (stitched 100M),50-100M,96873600,3784.125,489799.6875,489504.8020833333
DC-PPO strict 1+5 (stitched 100M),50-100M,96924800,3786.125,487031.3125,488726.4791666667
DC-PPO strict 1+5 (stitched 100M),50-100M,96976000,3788.125,489348.4375,488143.0
DC-PPO strict 1+5 (stitched 100M),50-100M,97027200,3790.125,488049.25,489248.2916666667
DC-PPO strict 1+5 (stitched 100M),50-100M,97078400,3792.125,490347.1875,490313.5416666667
DC-PPO strict 1+5 (stitched 100M),50-100M,97129600,3794.125,492544.1875,492270.2604166667
DC-PPO strict 1+5 (stitched 100M),50-100M,97180800,3796.125,493919.40625,493956.3854166667
DC-PPO strict 1+5 (stitched 100M),50-100M,97232000,3798.125,495405.5625,495021.09375
DC-PPO strict 1+5 (stitched 100M),50-100M,97283200,3800.125,495738.3125,495743.2604166667
DC-PPO strict 1+5 (stitched 100M),50-100M,97334400,3802.125,496085.90625,496085.4479166667
DC-PPO strict 1+5 (stitched 100M),50-100M,97385600,3804.125,496432.125,496329.4791666667
DC-PPO strict 1+5 (stitched 100M),50-100M,97436800,3806.125,496470.40625,497022.28125
DC-PPO strict 1+5 (stitched 100M),50-100M,97488000,3808.125,498164.3125,497298.9895833333
DC-PPO strict 1+5 (stitched 100M),50-100M,97539200,3810.125,497262.25,498091.0520833333
DC-PPO strict 1+5 (stitched 100M),50-100M,97590400,3812.125,498846.59375,498126.9375
DC-PPO strict 1+5 (stitched 100M),50-100M,97641600,3814.125,498271.96875,498351.71875
DC-PPO strict 1+5 (stitched 100M),50-100M,97692800,3816.125,497936.59375,498371.1458333333
DC-PPO strict 1+5 (stitched 100M),50-100M,97744000,3818.125,498904.875,499205.7604166667
DC-PPO strict 1+5 (stitched 100M),50-100M,97795200,3820.125,500775.8125,500258.0
DC-PPO strict 1+5 (stitched 100M),50-100M,97846400,3822.125,501093.3125,501290.1354166667
DC-PPO strict 1+5 (stitched 100M),50-100M,97897600,3824.125,502001.28125,501889.5520833333
DC-PPO strict 1+5 (stitched 100M),50-100M,97948800,3826.125,502574.0625,502674.8854166667
DC-PPO strict 1+5 (stitched 100M),50-100M,98000000,3828.125,503449.3125,504002.4895833333
DC-PPO strict 1+5 (stitched 100M),50-100M,98051200,3830.125,505984.09375,505130.9166666667
DC-PPO strict 1+5 (stitched 100M),50-100M,98102400,3832.125,505959.34375,506530.5
DC-PPO strict 1+5 (stitched 100M),50-100M,98153600,3834.125,507648.0625,506663.40625
DC-PPO strict 1+5 (stitched 100M),50-100M,98204800,3836.125,506382.8125,507158.1666666667
DC-PPO strict 1+5 (stitched 100M),50-100M,98256000,3838.125,507443.625,506714.3229166667
DC-PPO strict 1+5 (stitched 100M),50-100M,98307200,3840.125,506316.53125,506443.7604166667
DC-PPO strict 1+5 (stitched 100M),50-100M,98358400,3842.125,505571.125,505671.4791666667
DC-PPO strict 1+5 (stitched 100M),50-100M,98409600,3844.125,505126.78125,506458.40625
DC-PPO strict 1+5 (stitched 100M),50-100M,98460800,3846.125,508677.3125,507594.6458333333
DC-PPO strict 1+5 (stitched 100M),50-100M,98512000,3848.125,508979.84375,509948.125
DC-PPO strict 1+5 (stitched 100M),50-100M,98563200,3850.125,512187.21875,512267.03125
DC-PPO strict 1+5 (stitched 100M),50-100M,98614400,3852.125,515634.03125,514002.1875
DC-PPO strict 1+5 (stitched 100M),50-100M,98665600,3854.125,514185.3125,514741.6875
DC-PPO strict 1+5 (stitched 100M),50-100M,98716800,3856.125,514405.71875,514035.0625
DC-PPO strict 1+5 (stitched 100M),50-100M,98768000,3858.125,513514.15625,513175.625
DC-PPO strict 1+5 (stitched 100M),50-100M,98819200,3860.125,511607.0,511691.2916666667
DC-PPO strict 1+5 (stitched 100M),50-100M,98870400,3862.125,509952.71875,508877.125
DC-PPO strict 1+5 (stitched 100M),50-100M,98921600,3864.125,505071.65625,506783.6875
DC-PPO strict 1+5 (stitched 100M),50-100M,98972800,3866.125,505326.6875,506200.6145833333
DC-PPO strict 1+5 (stitched 100M),50-100M,99024000,3868.125,508203.5,507834.1458333333
DC-PPO strict 1+5 (stitched 100M),50-100M,99075200,3870.125,509972.25,508641.09375
DC-PPO strict 1+5 (stitched 100M),50-100M,99126400,3872.125,507747.53125,508250.8333333333
DC-PPO strict 1+5 (stitched 100M),50-100M,99177600,3874.125,507032.71875,508430.40625
DC-PPO strict 1+5 (stitched 100M),50-100M,99228800,3876.125,510510.96875,509310.3125
DC-PPO strict 1+5 (stitched 100M),50-100M,99280000,3878.125,510387.25,510187.34375
DC-PPO strict 1+5 (stitched 100M),50-100M,99331200,3880.125,509663.8125,510590.5625
DC-PPO strict 1+5 (stitched 100M),50-100M,99382400,3882.125,511720.625,510252.2604166667
DC-PPO strict 1+5 (stitched 100M),50-100M,99433600,3884.125,509372.34375,510551.9375
DC-PPO strict 1+5 (stitched 100M),50-100M,99484800,3886.125,510562.84375,509656.3645833333
DC-PPO strict 1+5 (stitched 100M),50-100M,99536000,3888.125,509033.90625,509214.8333333333
DC-PPO strict 1+5 (stitched 100M),50-100M,99587200,3890.125,508047.75,508240.5833333333
DC-PPO strict 1+5 (stitched 100M),50-100M,99638400,3892.125,507640.09375,507216.9166666667
DC-PPO strict 1+5 (stitched 100M),50-100M,99689600,3894.125,505962.90625,506394.6770833333
DC-PPO strict 1+5 (stitched 100M),50-100M,99740800,3896.125,505581.03125,505801.65625
DC-PPO strict 1+5 (stitched 100M),50-100M,99792000,3898.125,505861.03125,505201.1145833333
DC-PPO strict 1+5 (stitched 100M),50-100M,99843200,3900.125,504161.28125,504769.3541666667
DC-PPO strict 1+5 (stitched 100M),50-100M,99894400,3902.125,504285.75,503610.4375
DC-PPO strict 1+5 (stitched 100M),50-100M,99945600,3904.125,502384.28125,502452.3958333333
DC-PPO strict 1+5 (stitched 100M),50-100M,99996800,3906.125,500687.15625,501535.71875
E1 spatial-flight (live),live,25600,1.0,150467.75,176059.890625
E1 spatial-flight (live),live,76800,3.0,201652.03125,188892.41666666666
E1 spatial-flight (live),live,128000,5.0,214557.46875,212576.15625
E1 spatial-flight (live),live,179200,7.0,221518.96875,222601.109375
E1 spatial-flight (live),live,230400,9.0,231726.890625,232310.05729166666
E1 spatial-flight (live),live,281600,11.0,243684.3125,242056.69791666666
E1 spatial-flight (live),live,332800,13.0,250758.890625,249544.67708333334
E1 spatial-flight (live),live,384000,15.0,254190.828125,252964.83333333334
E1 spatial-flight (live),live,435200,17.0,253944.78125,255062.875
E1 spatial-flight (live),live,486400,19.0,257053.015625,257316.671875
E1 spatial-flight (live),live,537600,21.0,260952.21875,259628.72916666666
E1 spatial-flight (live),live,588800,23.0,260880.953125,260703.16145833334
E1 spatial-flight (live),live,640000,25.0,260276.3125,261100.14583333334
E1 spatial-flight (live),live,691200,27.0,262143.171875,261734.91145833334
E1 spatial-flight (live),live,742400,29.0,262785.25,263540.0885416667
E1 spatial-flight (live),live,793600,31.0,265691.84375,265482.2916666667
E1 spatial-flight (live),live,844800,33.0,267969.78125,266732.0625
E1 spatial-flight (live),live,896000,35.0,266534.5625,267591.9895833333
E1 spatial-flight (live),live,947200,37.0,268271.625,268688.0520833333
E1 spatial-flight (live),live,998400,39.0,271257.96875,270591.40625
E1 spatial-flight (live),live,1049600,41.0,272244.625,272525.375
E1 spatial-flight (live),live,1100800,43.0,274073.53125,274231.84375
E1 spatial-flight (live),live,1152000,45.0,276377.375,276470.90625
E1 spatial-flight (live),live,1203200,47.0,278961.8125,278349.21875
E1 spatial-flight (live),live,1254400,49.0,279708.46875,279920.0208333333
E1 spatial-flight (live),live,1305600,51.0,281089.78125,281276.7916666667
E1 spatial-flight (live),live,1356800,53.0,283032.125,282601.75
E1 spatial-flight (live),live,1408000,55.0,283683.34375,283477.9791666667
E1 spatial-flight (live),live,1459200,57.0,283718.46875,284726.28125
E1 spatial-flight (live),live,1510400,59.0,286777.03125,285899.9375
E1 spatial-flight (live),live,1561600,61.0,287204.3125,287872.8854166667
E1 spatial-flight (live),live,1612800,63.0,289637.3125,288976.3020833333
E1 spatial-flight (live),live,1664000,65.0,290087.28125,290333.21875
E1 spatial-flight (live),live,1715200,67.0,291275.0625,291306.4791666667
E1 spatial-flight (live),live,1766400,69.0,292557.09375,292597.28125
E1 spatial-flight (live),live,1817600,71.0,293959.6875,293663.3333333333
E1 spatial-flight (live),live,1868800,73.0,294473.21875,294641.3333333333
E1 spatial-flight (live),live,1920000,75.0,295491.09375,295300.6666666667
E1 spatial-flight (live),live,1971200,77.0,295937.6875,296604.59375
E1 spatial-flight (live),live,2022400,79.0,298385.0,298051.7083333333
E1 spatial-flight (live),live,2073600,81.0,299832.4375,299693.34375
E1 spatial-flight (live),live,2124800,83.0,300862.59375,300912.84375
E1 spatial-flight (live),live,2176000,85.0,302043.5,301979.7395833333
E1 spatial-flight (live),live,2227200,87.0,303033.125,302926.40625
E1 spatial-flight (live),live,2278400,89.0,303702.59375,303530.5208333333
E1 spatial-flight (live),live,2329600,91.0,303855.84375,303868.625
E1 spatial-flight (live),live,2380800,93.0,304047.4375,304772.2708333333
E1 spatial-flight (live),live,2432000,95.0,306413.53125,305638.7916666667
E1 spatial-flight (live),live,2483200,97.0,306455.40625,306897.59375
E1 spatial-flight (live),live,2534400,99.0,307823.84375,307646.1666666667
E1 spatial-flight (live),live,2585600,101.0,308659.25,308885.8333333333
E1 spatial-flight (live),live,2636800,103.0,310174.40625,309647.1145833333
E1 spatial-flight (live),live,2688000,105.0,310107.6875,310728.875
E1 spatial-flight (live),live,2739200,107.0,311904.53125,311545.0208333333
E1 spatial-flight (live),live,2790400,109.0,312622.84375,313079.6979166667
E1 spatial-flight (live),live,2841600,111.0,314711.71875,314674.34375
E1 spatial-flight (live),live,2892800,113.0,316688.46875,316122.5729166667
E1 spatial-flight (live),live,2944000,115.0,316967.53125,317198.1875
E1 spatial-flight (live),live,2995200,117.0,317938.5625,318080.5625
E1 spatial-flight (live),live,3046400,119.0,319335.59375,319295.0833333333
E1 spatial-flight (live),live,3097600,121.0,320611.09375,320754.8229166667
E1 spatial-flight (live),live,3148800,123.0,322317.78125,322093.6666666667
E1 spatial-flight (live),live,3200000,125.0,323352.125,323265.1875
E1 spatial-flight (live),live,3251200,127.0,324125.65625,324389.3333333333
E1 spatial-flight (live),live,3302400,129.0,325690.21875,325215.7291666667
E1 spatial-flight (live),live,3353600,131.0,325831.3125,326326.7083333333
E1 spatial-flight (live),live,3404800,133.0,327458.59375,327061.375
E1 spatial-flight (live),live,3456000,135.0,327894.21875,328003.8541666667
E1 spatial-flight (live),live,3507200,137.0,328658.75,328744.3541666667
E1 spatial-flight (live),live,3558400,139.0,329680.09375,329603.5729166667
E1 spatial-flight (live),live,3609600,141.0,330471.875,330715.4791666667
E1 spatial-flight (live),live,3660800,143.0,331994.46875,331337.3020833333
E1 spatial-flight (live),live,3712000,145.0,331545.5625,331514.0729166667
E1 spatial-flight (live),live,3763200,147.0,331002.1875,331496.8958333333
E1 spatial-flight (live),live,3814400,149.0,331942.9375,331531.1770833333
E1 spatial-flight (live),live,3865600,151.0,331648.40625,331933.3958333333
E1 spatial-flight (live),live,3916800,153.0,332208.84375,332416.7291666667
E1 spatial-flight (live),live,3968000,155.0,333392.9375,333867.1458333333
E1 spatial-flight (live),live,4019200,157.0,335999.65625,335807.6979166667
E1 spatial-flight (live),live,4070400,159.0,338030.5,337531.15625
E1 spatial-flight (live),live,4121600,161.0,338563.3125,338717.8645833333
E1 spatial-flight (live),live,4172800,163.0,339559.78125,339555.0104166667
E1 spatial-flight (live),live,4224000,165.0,340541.9375,340449.0520833333
E1 spatial-flight (live),live,4275200,167.0,341245.4375,341119.0416666667
E1 spatial-flight (live),live,4326400,169.0,341569.75,341854.3541666667
E1 spatial-flight (live),live,4377600,171.0,342747.875,342632.96875
E1 spatial-flight (live),live,4428800,173.0,343581.28125,343609.8020833333
E1 spatial-flight (live),live,4480000,175.0,344500.25,344129.7395833333
E1 spatial-flight (live),live,4531200,177.0,344307.6875,344484.3541666667
E1 spatial-flight (live),live,4582400,179.0,344645.125,344520.5208333333
E1 spatial-flight (live),live,4633600,181.0,344608.75,345037.1458333333
E1 spatial-flight (live),live,4684800,183.0,345857.5625,345366.3020833333
E1 spatial-flight (live),live,4736000,185.0,345632.59375,346217.8958333333
E1 spatial-flight (live),live,4787200,187.0,347163.53125,346594.2708333333
E1 spatial-flight (live),live,4838400,189.0,346986.6875,347117.6770833333
E1 spatial-flight (live),live,4889600,191.0,347202.8125,346934.7708333333
E1 spatial-flight (live),live,4940800,193.0,346614.8125,347005.6354166667
E1 spatial-flight (live),live,4992000,195.0,347199.28125,347771.4166666667
E1 spatial-flight (live),live,5043200,197.0,349500.15625,349052.8541666667
E1 spatial-flight (live),live,5094400,199.0,350459.125,350319.5
E1 spatial-flight (live),live,5145600,201.0,350999.21875,350636.7291666667
E1 spatial-flight (live),live,5196800,203.0,350451.84375,351071.6354166667
E1 spatial-flight (live),live,5248000,205.0,351763.84375,351256.03125
E1 spatial-flight (live),live,5299200,207.0,351552.40625,351713.46875
E1 spatial-flight (live),live,5350400,209.0,351824.15625,351865.6041666667
E1 spatial-flight (live),live,5401600,211.0,352220.25,352444.3645833333
E1 spatial-flight (live),live,5452800,213.0,353288.6875,353252.78125
E1 spatial-flight (live),live,5504000,215.0,354249.40625,354086.5833333333
E1 spatial-flight (live),live,5555200,217.0,354721.65625,354742.1145833333
E1 spatial-flight (live),live,5606400,219.0,355255.28125,355041.6979166667
E1 spatial-flight (live),live,5657600,221.0,355148.15625,355063.71875
E1 spatial-flight (live),live,5708800,223.0,354787.71875,355004.2916666667
E1 spatial-flight (live),live,5760000,225.0,355077.0,354694.0729166667
E1 spatial-flight (live),live,5811200,227.0,354217.5,354443.75
E1 spatial-flight (live),live,5862400,229.0,354036.75,354484.8020833333
E1 spatial-flight (live),live,5913600,231.0,355200.15625,355319.125
E1 spatial-flight (live),live,5964800,233.0,356720.46875,356511.7291666667
E1 spatial-flight (live),live,6016000,235.0,357614.5625,357883.0208333333
E1 spatial-flight (live),live,6067200,237.0,359314.03125,358712.5416666667
E1 spatial-flight (live),live,6118400,239.0,359209.03125,359862.5104166667
E1 spatial-flight (live),live,6169600,241.0,361064.46875,360275.5625
E1 spatial-flight (live),live,6220800,243.0,360553.1875,360859.40625
E1 spatial-flight (live),live,6272000,245.0,360960.5625,360679.875
E1 spatial-flight (live),live,6323200,247.0,360525.875,360456.1145833333
E1 spatial-flight (live),live,6374400,249.0,359881.90625,360806.4479166667
E1 spatial-flight (live),live,6425600,251.0,362011.5625,361664.2604166667
E1 spatial-flight (live),live,6476800,253.0,363099.3125,362951.1354166667
E1 spatial-flight (live),live,6528000,255.0,363742.53125,363519.0208333333
E1 spatial-flight (live),live,6579200,257.0,363715.21875,363749.8854166667
E1 spatial-flight (live),live,6630400,259.0,363791.90625,363528.125
E1 spatial-flight (live),live,6681600,261.0,363077.25,363353.15625
E1 spatial-flight (live),live,6732800,263.0,363190.3125,363674.8333333333
E1 spatial-flight (live),live,6784000,265.0,364756.9375,364233.40625
E1 spatial-flight (live),live,6835200,267.0,364752.96875,365159.9583333333
E1 spatial-flight (live),live,6886400,269.0,365969.96875,365033.2916666667
E1 spatial-flight (live),live,6937600,271.0,364376.9375,365228.0625
E1 spatial-flight (live),live,6988800,273.0,365337.28125,365308.7083333333
E1 spatial-flight (live),live,7040000,275.0,366211.90625,365761.3333333333
E1 spatial-flight (live),live,7091200,277.0,365734.8125,365670.8229166667
E1 spatial-flight (live),live,7142400,279.0,365065.75,364937.28125
E1 spatial-flight (live),live,7193600,281.0,364011.28125,364515.6145833333
E1 spatial-flight (live),live,7244800,283.0,364469.8125,364505.5625
E1 spatial-flight (live),live,7296000,285.0,365035.59375,365308.7916666667
E1 spatial-flight (live),live,7347200,287.0,366420.96875,365868.6875
E1 spatial-flight (live),live,7398400,289.0,366149.5,366465.1458333333
E1 spatial-flight (live),live,7449600,291.0,366824.96875,367027.4895833333
E1 spatial-flight (live),live,7500800,293.0,368108.0,367986.90625
E1 spatial-flight (live),live,7552000,295.0,369027.75,368834.3333333333
E1 spatial-flight (live),live,7603200,297.0,369367.25,370004.34375
E1 spatial-flight (live),live,7654400,299.0,371618.03125,370833.5833333333
E1 spatial-flight (live),live,7705600,301.0,371515.46875,371563.9479166667
E1 spatial-flight (live),live,7756800,303.0,371558.34375,371687.3020833333
E1 spatial-flight (live),live,7808000,305.0,371988.09375,372029.84375
E1 spatial-flight (live),live,7859200,307.0,372543.09375,372320.2395833333
E1 spatial-flight (live),live,7910400,309.0,372429.53125,372858.5104166667
E1 spatial-flight (live),live,7961600,311.0,373602.90625,373099.5520833333
E1 spatial-flight (live),live,8012800,313.0,373266.21875,373340.5625
E1 spatial-flight (live),live,8064000,315.0,373152.5625,372850.8958333333
E1 spatial-flight (live),live,8115200,317.0,372133.90625,372257.875
E1 spatial-flight (live),live,8166400,319.0,371487.15625,372054.3229166667
E1 spatial-flight (live),live,8217600,321.0,372541.90625,372226.59375
E1 spatial-flight (live),live,8268800,323.0,372650.71875,372947.34375
E1 spatial-flight (live),live,8320000,325.0,373649.40625,373690.53125
E1 spatial-flight (live),live,8371200,327.0,374771.46875,374546.7708333333
E1 spatial-flight (live),live,8422400,329.0,375219.4375,375176.1770833333
E1 spatial-flight (live),live,8473600,331.0,375537.625,375499.625
E1 spatial-flight (live),live,8524800,333.0,375741.8125,375473.96875
E1 spatial-flight (live),live,8576000,335.0,375142.46875,375862.84375
E1 spatial-flight (live),live,8627200,337.0,376704.25,376314.8645833333
E1 spatial-flight (live),live,8678400,339.0,377097.875,376871.8333333333
E1 spatial-flight (live),live,8729600,341.0,376813.375,376612.59375
E1 spatial-flight (live),live,8780800,343.0,375926.53125,376366.4375
E1 spatial-flight (live),live,8832000,345.0,376359.40625,375694.9791666667
E1 spatial-flight (live),live,8883200,347.0,374799.0,375470.6354166667
E1 spatial-flight (live),live,8934400,349.0,375253.5,375120.8541666667
E1 spatial-flight (live),live,8985600,351.0,375310.0625,375220.1041666667
E1 spatial-flight (live),live,9036800,353.0,375096.75,375300.1979166667
E1 spatial-flight (live),live,9088000,355.0,375493.78125,375446.03125
E1 spatial-flight (live),live,9139200,357.0,375747.5625,375511.2708333333
E1 spatial-flight (live),live,9190400,359.0,375292.46875,375747.8958333333
E1 spatial-flight (live),live,9241600,361.0,376203.65625,375680.4583333333
E1 spatial-flight (live),live,9292800,363.0,375545.25,375902.5208333333
E1 spatial-flight (live),live,9344000,365.0,375958.65625,374872.2708333333
E1 spatial-flight (live),live,9395200,367.0,373112.90625,374435.5833333333
E1 spatial-flight (live),live,9446400,369.0,374235.1875,374467.1875
E1 spatial-flight (live),live,9497600,371.0,376053.46875,375560.40625
E1 spatial-flight (live),live,9548800,373.0,376392.5625,377211.8333333333
E1 spatial-flight (live),live,9600000,375.0,379189.46875,378388.53125
E1 spatial-flight (live),live,9651200,377.0,379583.5625,379376.8020833333
E1 spatial-flight (live),live,9702400,379.0,379357.375,379877.84375
E1 spatial-flight (live),live,9753600,381.0,380692.59375,379991.25
E1 spatial-flight (live),live,9804800,383.0,379923.78125,379818.0833333333
E1 spatial-flight (live),live,9856000,385.0,378837.875,379649.25
E1 spatial-flight (live),live,9907200,387.0,380186.09375,379333.6875
E1 spatial-flight (live),live,9958400,389.0,378977.09375,379780.9479166667
E1 spatial-flight (live),live,10009600,391.0,380179.65625,379663.3645833333
E1 spatial-flight (live),live,10060800,393.0,379833.34375,380196.7395833333
E1 spatial-flight (live),live,10112000,395.0,380577.21875,380475.7604166667
E1 spatial-flight (live),live,10163200,397.0,381016.71875,380969.46875
E1 spatial-flight (live),live,10214400,399.0,381314.46875,381665.0104166667
E1 spatial-flight (live),live,10265600,401.0,382663.84375,382591.3333333333
E1 spatial-flight (live),live,10316800,403.0,383795.6875,383666.5625
E1 spatial-flight (live),live,10368000,405.0,384540.15625,384850.6979166667
E1 spatial-flight (live),live,10419200,407.0,386216.25,385270.4479166667
E1 spatial-flight (live),live,10470400,409.0,385054.9375,385780.7916666667
E1 spatial-flight (live),live,10521600,411.0,386071.1875,385625.875
E1 spatial-flight (live),live,10572800,413.0,385751.5,385558.21875
E1 spatial-flight (live),live,10624000,415.0,384851.96875,385439.0104166667
E1 spatial-flight (live),live,10675200,417.0,385713.5625,386446.0833333333
E1 spatial-flight (live),live,10726400,419.0,388772.71875,387578.15625
E1 spatial-flight (live),live,10777600,421.0,388248.1875,388082.1770833333
E1 spatial-flight (live),live,10828800,423.0,387225.625,387439.03125
E1 spatial-flight (live),live,10880000,425.0,386843.28125,386872.5833333333
E1 spatial-flight (live),live,10931200,427.0,386548.84375,386834.6145833333
E1 spatial-flight (live),live,10982400,429.0,387111.71875,387418.03125
E1 spatial-flight (live),live,11033600,431.0,388593.53125,388395.5416666667
E1 spatial-flight (live),live,11084800,433.0,389481.375,389476.7291666667
E1 spatial-flight (live),live,11136000,435.0,390355.28125,390025.8958333333
E1 spatial-flight (live),live,11187200,437.0,390241.03125,389789.6041666667
E1 spatial-flight (live),live,11238400,439.0,388772.5,389074.65625
E1 spatial-flight (live),live,11289600,441.0,388210.4375,389104.3333333333
E1 spatial-flight (live),live,11340800,443.0,390330.0625,389543.4166666667
E1 spatial-flight (live),live,11392000,445.0,390089.75,390529.3645833333
E1 spatial-flight (live),live,11443200,447.0,391168.28125,390633.0520833333
E1 spatial-flight (live),live,11494400,449.0,390641.125,390674.0416666667
E1 spatial-flight (live),live,11545600,451.0,390212.71875,390257.1979166667
E1 spatial-flight (live),live,11596800,453.0,389917.75,390295.28125
E1 spatial-flight (live),live,11648000,455.0,390755.375,390614.2395833333
E1 spatial-flight (live),live,11699200,457.0,391169.59375,391332.5625
E1 spatial-flight (live),live,11750400,459.0,392072.71875,391293.875
E1 spatial-flight (live),live,11801600,461.0,390639.3125,390715.46875
E1 spatial-flight (live),live,11852800,463.0,389434.375,390044.4375
E1 spatial-flight (live),live,11904000,465.0,390059.625,390050.6875
E1 spatial-flight (live),live,11955200,467.0,390658.0625,391105.9895833333
E1 spatial-flight (live),live,12006400,469.0,392600.28125,391991.1041666667
E1 spatial-flight (live),live,12057600,471.0,392714.96875,393165.0208333333
E1 spatial-flight (live),live,12108800,473.0,394179.8125,393559.9479166667
E1 spatial-flight (live),live,12160000,475.0,393785.0625,394058.8645833333
E1 spatial-flight (live),live,12211200,477.0,394211.71875,393893.2395833333
E1 spatial-flight (live),live,12262400,479.0,393682.9375,393321.7291666667
E1 spatial-flight (live),live,12313600,481.0,392070.53125,392579.2395833333
E1 spatial-flight (live),live,12364800,483.0,391984.25,392412.9375
E1 spatial-flight (live),live,12416000,485.0,393184.03125,393006.53125
E1 spatial-flight (live),live,12467200,487.0,393851.3125,393608.8333333333
E1 spatial-flight (live),live,12518400,489.0,393791.15625,394684.6666666667
E1 spatial-flight (live),live,12569600,491.0,396411.53125,395634.6041666667
E1 spatial-flight (live),live,12620800,493.0,396701.125,396368.71875
E1 spatial-flight (live),live,12672000,495.0,395993.5,396523.09375
E1 spatial-flight (live),live,12723200,497.0,396874.65625,396374.5729166667
E1 spatial-flight (live),live,12774400,499.0,396255.5625,396651.6354166667
E1 spatial-flight (live),live,12825600,501.0,396824.6875,396213.7916666667
E1 spatial-flight (live),live,12876800,503.0,395561.125,395951.0520833333
E1 spatial-flight (live),live,12928000,505.0,395467.34375,395397.125
E1 spatial-flight (live),live,12979200,507.0,395162.90625,395158.7708333333
E1 spatial-flight (live),live,13030400,509.0,394846.0625,395707.2083333333
E1 spatial-flight (live),live,13081600,511.0,397112.65625,396147.9479166667
E1 spatial-flight (live),live,13132800,513.0,396485.125,396303.2395833333
E1 spatial-flight (live),live,13184000,515.0,395311.9375,395699.875
E1 spatial-flight (live),live,13235200,517.0,395302.5625,393957.25
E1 spatial-flight (live),live,13286400,519.0,391257.25,391494.03125
E1 spatial-flight (live),live,13337600,521.0,387922.28125,389336.9583333333
E1 spatial-flight (live),live,13388800,523.0,388831.34375,388156.1770833333
E1 spatial-flight (live),live,13440000,525.0,387714.90625,388691.96875
E1 spatial-flight (live),live,13491200,527.0,389529.65625,389698.09375
E1 spatial-flight (live),live,13542400,529.0,391849.71875,391092.46875
E1 spatial-flight (live),live,13593600,531.0,391898.03125,392052.90625
E1 spatial-flight (live),live,13644800,533.0,392410.96875,392894.6770833333
E1 spatial-flight (live),live,13696000,535.0,394375.03125,394045.1979166667
E1 spatial-flight (live),live,13747200,537.0,395349.59375,395247.71875
E1 spatial-flight (live),live,13798400,539.0,396018.53125,396211.28125
E1 spatial-flight (live),live,13849600,541.0,397265.71875,396657.15625
E1 spatial-flight (live),live,13900800,543.0,396687.21875,396580.3958333333
E1 spatial-flight (live),live,13952000,545.0,395788.25,396875.4895833333
E1 spatial-flight (live),live,14003200,547.0,398151.0,397206.2395833333
E1 spatial-flight (live),live,14054400,549.0,397679.46875,398081.59375
E1 spatial-flight (live),live,14105600,551.0,398414.3125,398568.2395833333
E1 spatial-flight (live),live,14156800,553.0,399610.9375,398901.125
E1 spatial-flight (live),live,14208000,555.0,398678.125,398964.0
E1 spatial-flight (live),live,14259200,557.0,398602.9375,398795.6041666667
E1 spatial-flight (live),live,14310400,559.0,399105.75,398758.0208333333
E1 spatial-flight (live),live,14361600,561.0,398565.375,399231.1875
E1 spatial-flight (live),live,14412800,563.0,400022.4375,399795.0208333333
E1 spatial-flight (live),live,14464000,565.0,400797.25,400445.71875
E1 spatial-flight (live),live,14515200,567.0,400517.46875,400612.7916666667
E1 spatial-flight (live),live,14566400,569.0,400523.65625,400191.0625
E1 spatial-flight (live),live,14617600,571.0,399532.0625,400561.03125
E1 spatial-flight (live),live,14668800,573.0,401627.375,400119.6875
E1 spatial-flight (live),live,14720000,575.0,399199.625,399862.5104166667
E1 spatial-flight (live),live,14771200,577.0,398760.53125,399134.5729166667
E1 spatial-flight (live),live,14822400,579.0,399443.5625,399898.6458333333
E1 spatial-flight (live),live,14873600,581.0,401491.84375,400471.3645833333
E1 spatial-flight (live),live,14924800,583.0,400478.6875,401008.34375
E1 spatial-flight (live),live,14976000,585.0,401054.5,400980.0104166667
E1 spatial-flight (live),live,15027200,587.0,401406.84375,400961.75
E1 spatial-flight (live),live,15078400,589.0,400423.90625,400618.6666666667
E1 spatial-flight (live),live,15129600,591.0,400025.25,400531.25
E1 spatial-flight (live),live,15180800,593.0,401144.59375,400773.78125
E1 spatial-flight (live),live,15232000,595.0,401151.5,401130.6354166667
E1 spatial-flight (live),live,15283200,597.0,401095.8125,400916.0520833333
E1 spatial-flight (live),live,15334400,599.0,400500.84375,401106.7395833333
E1 spatial-flight (live),live,15385600,601.0,401723.5625,401330.40625
E1 spatial-flight (live),live,15436800,603.0,401766.8125,401750.5208333333
E1 spatial-flight (live),live,15488000,605.0,401761.1875,401647.5520833333
E1 spatial-flight (live),live,15539200,607.0,401414.65625,401312.6041666667
E1 spatial-flight (live),live,15590400,609.0,400761.96875,400248.84375
E1 spatial-flight (live),live,15641600,611.0,398569.90625,398926.1458333333
E1 spatial-flight (live),live,15692800,613.0,397446.5625,398142.7708333333
E1 spatial-flight (live),live,15744000,615.0,398411.84375,398076.7395833333
E1 spatial-flight (live),live,15795200,617.0,398371.8125,397984.8541666667
E1 spatial-flight (live),live,15846400,619.0,397170.90625,397514.0
E1 spatial-flight (live),live,15897600,621.0,396999.28125,397530.34375
E1 spatial-flight (live),live,15948800,623.0,398420.84375,398032.9479166667
E1 spatial-flight (live),live,16000000,625.0,398678.71875,398656.34375
E1 spatial-flight (live),live,16051200,627.0,398869.46875,399096.5520833333
E1 spatial-flight (live),live,16102400,629.0,399741.46875,398802.6145833333
E1 spatial-flight (live),live,16153600,631.0,397796.90625,398665.9791666667
E1 spatial-flight (live),live,16204800,633.0,398459.5625,398136.0729166667
E1 spatial-flight (live),live,16256000,635.0,398151.75,397936.3333333333
E1 spatial-flight (live),live,16307200,637.0,397197.6875,398057.7083333333
E1 spatial-flight (live),live,16358400,639.0,398823.6875,398749.2291666667
E1 spatial-flight (live),live,16409600,641.0,400226.3125,399824.59375
E1 spatial-flight (live),live,16460800,643.0,400423.78125,400259.5625
E1 spatial-flight (live),live,16512000,645.0,400128.59375,400144.8125
E1 spatial-flight (live),live,16563200,647.0,399882.0625,400321.625
E1 spatial-flight (live),live,16614400,649.0,400954.21875,401071.125
E1 spatial-flight (live),live,16665600,651.0,402377.09375,401801.4895833333
E1 spatial-flight (live),live,16716800,653.0,402073.15625,402173.9375
E1 spatial-flight (live),live,16768000,655.0,402071.5625,402281.40625
E1 spatial-flight (live),live,16819200,657.0,402699.5,402800.8541666667
E1 spatial-flight (live),live,16870400,659.0,403631.5,403207.1979166667
E1 spatial-flight (live),live,16921600,661.0,403290.59375,403623.6041666667
E1 spatial-flight (live),live,16972800,663.0,403948.71875,403172.5625
E1 spatial-flight (live),live,17024000,665.0,402278.375,403105.4479166667
E1 spatial-flight (live),live,17075200,667.0,403089.25,402938.34375
E1 spatial-flight (live),live,17126400,669.0,403447.40625,403153.90625
E1 spatial-flight (live),live,17177600,671.0,402925.0625,403488.6979166667
E1 spatial-flight (live),live,17228800,673.0,404093.625,403829.15625
E1 spatial-flight (live),live,17280000,675.0,404468.78125,404917.1666666667
E1 spatial-flight (live),live,17331200,677.0,406189.09375,405465.0729166667
E1 spatial-flight (live),live,17382400,679.0,405737.34375,406195.8020833333
E1 spatial-flight (live),live,17433600,681.0,406660.96875,406975.3229166667
E1 spatial-flight (live),live,17484800,683.0,408527.65625,407334.0208333333
E1 spatial-flight (live),live,17536000,685.0,406813.4375,407132.7604166667
E1 spatial-flight (live),live,17587200,687.0,406057.1875,406091.3333333333
E1 spatial-flight (live),live,17638400,689.0,405403.375,405243.34375
E1 spatial-flight (live),live,17689600,691.0,404269.46875,404255.5208333333
E1 spatial-flight (live),live,17740800,693.0,403093.71875,403351.1770833333
E1 spatial-flight (live),live,17792000,695.0,402690.34375,403051.1979166667
E1 spatial-flight (live),live,17843200,697.0,403369.53125,403407.6354166667
E1 spatial-flight (live),live,17894400,699.0,404163.03125,403924.5416666667
E1 spatial-flight (live),live,17945600,701.0,404241.0625,404500.375
E1 spatial-flight (live),live,17996800,703.0,405097.03125,404714.8020833333
E1 spatial-flight (live),live,18048000,705.0,404806.3125,405033.71875
E1 spatial-flight (live),live,18099200,707.0,405197.8125,405130.1145833333
E1 spatial-flight (live),live,18150400,709.0,405386.21875,405587.0625
E1 spatial-flight (live),live,18201600,711.0,406177.15625,405546.1354166667
E1 spatial-flight (live),live,18252800,713.0,405075.03125,405251.9375
E1 spatial-flight (live),live,18304000,715.0,404503.625,404717.3125
E1 spatial-flight (live),live,18355200,717.0,404573.28125,404522.4583333333
E1 spatial-flight (live),live,18406400,719.0,404490.46875,404650.6666666667
E1 spatial-flight (live),live,18457600,721.0,404888.25,404209.9479166667
E1 spatial-flight (live),live,18508800,723.0,403251.125,404253.6666666667
E1 spatial-flight (live),live,18560000,725.0,404621.625,403969.0520833333
E1 spatial-flight (live),live,18611200,727.0,404034.40625,404003.7291666667
E1 spatial-flight (live),live,18662400,729.0,403355.15625,403378.1458333333
E1 spatial-flight (live),live,18713600,731.0,402744.875,402862.3020833333
E1 spatial-flight (live),live,18764800,733.0,402486.875,402106.34375
E1 spatial-flight (live),live,18816000,735.0,401087.28125,402024.0520833333
E1 spatial-flight (live),live,18867200,737.0,402498.0,401826.3125
E1 spatial-flight (live),live,18918400,739.0,401893.65625,401691.1041666667
E1 spatial-flight (live),live,18969600,741.0,400681.65625,401930.9479166667
E1 spatial-flight (live),live,19020800,743.0,403217.53125,402600.15625
E1 spatial-flight (live),live,19072000,745.0,403901.28125,404011.3125
E1 spatial-flight (live),live,19123200,747.0,404915.125,404867.3333333333
E1 spatial-flight (live),live,19174400,749.0,405785.59375,405809.3125
E1 spatial-flight (live),live,19225600,751.0,406727.21875,406484.6145833333
E1 spatial-flight (live),live,19276800,753.0,406941.03125,407136.6666666667
E1 spatial-flight (live),live,19328000,755.0,407741.75,407478.0104166667
E1 spatial-flight (live),live,19379200,757.0,407751.25,407665.65625
E1 spatial-flight (live),live,19430400,759.0,407503.96875,407632.65625
E1 spatial-flight (live),live,19481600,761.0,407642.75,407666.78125
E1 spatial-flight (live),live,19532800,763.0,407853.625,407780.4791666667
E1 spatial-flight (live),live,19584000,765.0,407845.0625,408393.1979166667
E1 spatial-flight (live),live,19635200,767.0,409480.90625,409303.6770833333
E1 spatial-flight (live),live,19686400,769.0,410585.0625,410097.4895833333
E1 spatial-flight (live),live,19737600,771.0,410226.5,410604.8541666667
E1 spatial-flight (live),live,19788800,773.0,411003.0,410744.4791666667
E1 spatial-flight (live),live,19840000,775.0,411003.9375,411477.1354166667
E1 spatial-flight (live),live,19891200,777.0,412424.46875,411997.7291666667
E1 spatial-flight (live),live,19942400,779.0,412564.78125,412338.6458333333
E1 spatial-flight (live),live,19993600,781.0,412026.6875,412328.6354166667
E1 spatial-flight (live),live,20044800,783.0,412394.4375,412615.9791666667
E1 spatial-flight (live),live,20096000,785.0,413426.8125,413467.9791666667
E1 spatial-flight (live),live,20147200,787.0,414582.6875,413941.5520833333
E1 spatial-flight (live),live,20198400,789.0,413815.15625,413733.1145833333
E1 spatial-flight (live),live,20249600,791.0,412801.5,412871.21875
E1 spatial-flight (live),live,20300800,793.0,411997.0,411849.3541666667
E1 spatial-flight (live),live,20352000,795.0,410749.5625,411587.3125
E1 spatial-flight (live),live,20403200,797.0,412015.375,411824.9375
E1 spatial-flight (live),live,20454400,799.0,412709.875,412538.8958333333
E1 spatial-flight (live),live,20505600,801.0,412891.4375,412791.96875
E1 spatial-flight (live),live,20556800,803.0,412774.59375,413178.34375
E1 spatial-flight (live),live,20608000,805.0,413869.0,413440.90625
E1 spatial-flight (live),live,20659200,807.0,413679.125,414177.2395833333
E1 spatial-flight (live),live,20710400,809.0,414983.59375,414216.3020833333
E1 spatial-flight (live),live,20761600,811.0,413986.1875,414281.0
E1 spatial-flight (live),live,20812800,813.0,413873.21875,413831.0729166667
E1 spatial-flight (live),live,20864000,815.0,413633.8125,413350.1770833333
E1 spatial-flight (live),live,20915200,817.0,412543.5,413016.6979166667
E1 spatial-flight (live),live,20966400,819.0,412872.78125,412499.0416666667
E1 spatial-flight (live),live,21017600,821.0,412080.84375,412524.6770833333
E1 spatial-flight (live),live,21068800,823.0,412620.40625,412450.0729166667
E1 spatial-flight (live),live,21120000,825.0,412648.96875,412286.875
E1 spatial-flight (live),live,21171200,827.0,411591.25,411950.4270833333
E1 spatial-flight (live),live,21222400,829.0,411611.0625,412075.40625
E1 spatial-flight (live),live,21273600,831.0,413023.90625,411703.84375
E1 spatial-flight (live),live,21324800,833.0,410476.5625,411887.5208333333
E1 spatial-flight (live),live,21376000,835.0,412162.09375,411448.3958333333
E1 spatial-flight (live),live,21427200,837.0,411706.53125,411307.6458333333
E1 spatial-flight (live),live,21478400,839.0,410054.3125,410933.2708333333
E1 spatial-flight (live),live,21529600,841.0,411038.96875,410885.8020833333
E1 spatial-flight (live),live,21580800,843.0,411564.125,411141.0104166667
E1 spatial-flight (live),live,21632000,845.0,410819.9375,411044.625
E1 spatial-flight (live),live,21683200,847.0,410749.8125,410794.2916666667
E1 spatial-flight (live),live,21734400,849.0,410813.125,411006.65625
E1 spatial-flight (live),live,21785600,851.0,411457.03125,411336.0208333333
E1 spatial-flight (live),live,21836800,853.0,411737.90625,411771.78125
E1 spatial-flight (live),live,21888000,855.0,412120.40625,411608.21875
E1 spatial-flight (live),live,21939200,857.0,410966.34375,411232.25
E1 spatial-flight (live),live,21990400,859.0,410610.0,410825.9375
E1 spatial-flight (live),live,22041600,861.0,410901.46875,411015.4895833333
E1 spatial-flight (live),live,22092800,863.0,411535.0,411091.3958333333
E1 spatial-flight (live),live,22144000,865.0,410837.71875,411565.0
E1 spatial-flight (live),live,22195200,867.0,412322.28125,411461.4166666667
E1 spatial-flight (live),live,22246400,869.0,411224.25,411512.1354166667
E1 spatial-flight (live),live,22297600,871.0,410989.875,411261.21875
E1 spatial-flight (live),live,22348800,873.0,411569.53125,411472.6875
E1 spatial-flight (live),live,22400000,875.0,411858.65625,412043.5104166667
E1 spatial-flight (live),live,22451200,877.0,412702.34375,412613.5625
E1 spatial-flight (live),live,22502400,879.0,413279.6875,413058.4166666667
E1 spatial-flight (live),live,22553600,881.0,413193.21875,412835.03125
E1 spatial-flight (live),live,22604800,883.0,412032.1875,412429.5833333333
E1 spatial-flight (live),live,22656000,885.0,412063.34375,412057.6979166667
E1 spatial-flight (live),live,22707200,887.0,412077.5625,412011.3541666667
E1 spatial-flight (live),live,22758400,889.0,411893.15625,412279.625
E1 spatial-flight (live),live,22809600,891.0,412868.15625,412627.71875
E1 spatial-flight (live),live,22860800,893.0,413121.84375,412971.3541666667
E1 spatial-flight (live),live,22912000,895.0,412924.0625,413247.4270833333
E1 spatial-flight (live),live,22963200,897.0,413696.375,413640.15625
E1 spatial-flight (live),live,23014400,899.0,414300.03125,414183.7395833333
E1 spatial-flight (live),live,23065600,901.0,414554.8125,414769.5
E1 spatial-flight (live),live,23116800,903.0,415453.65625,415016.84375
E1 spatial-flight (live),live,23168000,905.0,415042.0625,415426.0520833333
E1 spatial-flight (live),live,23219200,907.0,415782.4375,415269.9375
E1 spatial-flight (live),live,23270400,909.0,414985.3125,415563.53125
E1 spatial-flight (live),live,23321600,911.0,415922.84375,415278.90625
E1 spatial-flight (live),live,23372800,913.0,414928.5625,415601.1666666667
E1 spatial-flight (live),live,23424000,915.0,415952.09375,415017.1666666667
E1 spatial-flight (live),live,23475200,917.0,414170.84375,414585.375
E1 spatial-flight (live),live,23526400,919.0,413633.1875,413666.0729166667
E1 spatial-flight (live),live,23577600,921.0,413194.1875,413482.4791666667
E1 spatial-flight (live),live,23628800,923.0,413620.0625,413421.2916666667
E1 spatial-flight (live),live,23680000,925.0,413449.625,413608.7604166667
E1 spatial-flight (live),live,23731200,927.0,413756.59375,413673.71875
E1 spatial-flight (live),live,23782400,929.0,413814.9375,414281.3125
E1 spatial-flight (live),live,23833600,931.0,415272.40625,414322.125
E1 spatial-flight (live),live,23884800,933.0,413879.03125,414046.3125
E1 spatial-flight (live),live,23936000,935.0,412987.5,412674.3333333333
E1 spatial-flight (live),live,23987200,937.0,411156.46875,412091.3645833333
E1 spatial-flight (live),live,24038400,939.0,412130.125,411612.09375
E1 spatial-flight (live),live,24089600,941.0,411549.6875,411747.5208333333
E1 spatial-flight (live),live,24140800,943.0,411562.75,411483.8645833333
E1 spatial-flight (live),live,24192000,945.0,411339.15625,411108.1354166667
E1 spatial-flight (live),live,24243200,947.0,410422.5,411512.8229166667
E1 spatial-flight (live),live,24294400,949.0,412776.8125,411560.3333333333
E1 spatial-flight (live),live,24345600,951.0,411481.6875,411269.8958333333
E1 spatial-flight (live),live,24396800,953.0,409551.1875,410379.5416666667
E1 spatial-flight (live),live,24448000,955.0,410105.75,410299.0104166667
E1 spatial-flight (live),live,24499200,957.0,411240.09375,410618.1145833333
E1 spatial-flight (live),live,24550400,959.0,410508.5,410410.7604166667
E1 spatial-flight (live),live,24601600,961.0,409483.6875,409912.3645833333
E1 spatial-flight (live),live,24652800,963.0,409744.90625,409711.78125
E1 spatial-flight (live),live,24704000,965.0,409906.75,409900.25
E1 spatial-flight (live),live,24755200,967.0,410049.09375,409813.4895833333
E1 spatial-flight (live),live,24806400,969.0,409484.625,409998.8125
E1 spatial-flight (live),live,24857600,971.0,410462.71875,410423.1354166667
E1 spatial-flight (live),live,24908800,973.0,411322.0625,410615.7604166667
E1 spatial-flight (live),live,24960000,975.0,410062.5,410553.0416666667
E1 spatial-flight (live),live,25011200,977.0,410274.5625,410572.53125
E1 spatial-flight (live),live,25062400,979.0,411380.53125,411038.1770833333
E1 spatial-flight (live),live,25113600,981.0,411459.4375,411633.0
E1 spatial-flight (live),live,25164800,983.0,412059.03125,411954.4270833333
E1 spatial-flight (live),live,25216000,985.0,412344.8125,412240.0625
E1 spatial-flight (live),live,25267200,987.0,412316.34375,412170.9166666667
E1 spatial-flight (live),live,25318400,989.0,411851.59375,412171.0729166667
E1 spatial-flight (live),live,25369600,991.0,412345.28125,412547.6145833333
E1 spatial-flight (live),live,25420800,993.0,413445.96875,413206.3854166667
E1 spatial-flight (live),live,25472000,995.0,413827.90625,413635.8958333333
E1 spatial-flight (live),live,25523200,997.0,413633.8125,413943.03125
E1 spatial-flight (live),live,25574400,999.0,414367.375,413833.3854166667
E1 spatial-flight (live),live,25625600,1001.0,413498.96875,413428.5208333333
E1 spatial-flight (live),live,25676800,1003.0,412419.21875,412910.0833333333
E1 spatial-flight (live),live,25728000,1005.0,412812.0625,413015.1145833333
E1 spatial-flight (live),live,25779200,1007.0,413814.0625,413525.9166666667
E1 spatial-flight (live),live,25830400,1009.0,413951.625,413989.9270833333
E1 spatial-flight (live),live,25881600,1011.0,414204.09375,414767.5625
E1 spatial-flight (live),live,25932800,1013.0,416146.96875,415480.5833333333
E1 spatial-flight (live),live,25984000,1015.0,416090.6875,416003.2708333333
E1 spatial-flight (live),live,26035200,1017.0,415772.15625,415712.1979166667
E1 spatial-flight (live),live,26086400,1019.0,415273.75,415462.3645833333
E1 spatial-flight (live),live,26137600,1021.0,415341.1875,415354.46875
E1 spatial-flight (live),live,26188800,1023.0,415448.46875,415644.3541666667
E1 spatial-flight (live),live,26240000,1025.0,416143.40625,416100.4479166667
E1 spatial-flight (live),live,26291200,1027.0,416709.46875,416435.3020833333
E1 spatial-flight (live),live,26342400,1029.0,416453.03125,416062.0208333333
E1 spatial-flight (live),live,26393600,1031.0,415023.5625,415890.625
E1 spatial-flight (live),live,26444800,1033.0,416195.28125,415993.2291666667
E1 spatial-flight (live),live,26496000,1035.0,416760.84375,416579.8645833333
E1 spatial-flight (live),live,26547200,1037.0,416783.46875,416859.1458333333
E1 spatial-flight (live),live,26598400,1039.0,417033.125,416809.3854166667
E1 spatial-flight (live),live,26649600,1041.0,416611.5625,416342.40625
E1 spatial-flight (live),live,26700800,1043.0,415382.53125,415644.5729166667
E1 spatial-flight (live),live,26752000,1045.0,414939.625,414925.375
E1 spatial-flight (live),live,26803200,1047.0,414453.96875,414093.8541666667
E1 spatial-flight (live),live,26854400,1049.0,412887.96875,413724.34375
E1 spatial-flight (live),live,26905600,1051.0,413831.09375,413615.6770833333
E1 spatial-flight (live),live,26956800,1053.0,414127.96875,414398.8333333333
E1 spatial-flight (live),live,27008000,1055.0,415237.4375,415113.3958333333
E1 spatial-flight (live),live,27059200,1057.0,415974.78125,415800.3541666667
E1 spatial-flight (live),live,27110400,1059.0,416188.84375,415777.5625
E1 spatial-flight (live),live,27161600,1061.0,415169.0625,415673.6770833333
E1 spatial-flight (live),live,27212800,1063.0,415663.125,415830.71875
E1 spatial-flight (live),live,27264000,1065.0,416659.96875,417049.0416666667
E1 spatial-flight (live),live,27315200,1067.0,418824.03125,418138.5208333333
E1 spatial-flight (live),live,27366400,1069.0,418931.5625,418569.4791666667
E1 spatial-flight (live),live,27417600,1071.0,417952.84375,417856.625
E1 spatial-flight (live),live,27468800,1073.0,416685.46875,417372.1145833333
E1 spatial-flight (live),live,27520000,1075.0,417478.03125,417054.9479166667
E1 spatial-flight (live),live,27571200,1077.0,417001.34375,417347.2291666667
E1 spatial-flight (live),live,27622400,1079.0,417562.3125,416803.3229166667
E1 spatial-flight (live),live,27673600,1081.0,415846.3125,416520.1666666667
E1 spatial-flight (live),live,27724800,1083.0,416151.875,416121.5416666667
E1 spatial-flight (live),live,27776000,1085.0,416366.4375,416245.875
E1 spatial-flight (live),live,27827200,1087.0,416219.3125,416124.4791666667
E1 spatial-flight (live),live,27878400,1089.0,415787.6875,415736.8541666667
E1 spatial-flight (live),live,27929600,1091.0,415203.5625,415842.3333333333
E1 spatial-flight (live),live,27980800,1093.0,416535.75,415571.6145833333
E1 spatial-flight (live),live,28032000,1095.0,414975.53125,415131.0104166667
E1 spatial-flight (live),live,28083200,1097.0,413881.75,414276.4895833333
E1 spatial-flight (live),live,28134400,1099.0,413972.1875,414497.1666666667
E1 spatial-flight (live),live,28185600,1101.0,415637.5625,414742.71875
E1 spatial-flight (live),live,28236800,1103.0,414618.40625,415014.28125
E1 spatial-flight (live),live,28288000,1105.0,414786.875,414685.34375
E1 spatial-flight (live),live,28339200,1107.0,414650.75,414737.75
E1 spatial-flight (live),live,28390400,1109.0,414775.625,414677.5729166667
E1 spatial-flight (live),live,28441600,1111.0,414606.34375,414885.3645833333
E1 spatial-flight (live),live,28492800,1113.0,415274.125,414598.1875
E1 spatial-flight (live),live,28544000,1115.0,413914.09375,414369.28125
E1 spatial-flight (live),live,28595200,1117.0,413919.625,413302.8125
E1 spatial-flight (live),live,28646400,1119.0,412074.71875,412970.5625
E1 spatial-flight (live),live,28697600,1121.0,412917.34375,412596.1666666667
E1 spatial-flight (live),live,28748800,1123.0,412796.4375,412816.1145833333
E1 spatial-flight (live),live,28800000,1125.0,412734.5625,412518.8958333333
E1 spatial-flight (live),live,28851200,1127.0,412025.6875,412062.6666666667
E1 spatial-flight (live),live,28902400,1129.0,411427.75,411842.125
E1 spatial-flight (live),live,28953600,1131.0,412072.9375,411596.8229166667
E1 spatial-flight (live),live,29004800,1133.0,411289.78125,411326.75
E1 spatial-flight (live),live,29056000,1135.0,410617.53125,411084.2604166667
E1 spatial-flight (live),live,29107200,1137.0,411345.46875,411228.0833333333
E1 spatial-flight (live),live,29158400,1139.0,411721.25,411545.28125
E1 spatial-flight (live),live,29209600,1141.0,411569.125,411111.9166666667
E1 spatial-flight (live),live,29260800,1143.0,410045.375,410904.5520833333
E1 spatial-flight (live),live,29312000,1145.0,411099.15625,410972.6666666667
E1 spatial-flight (live),live,29363200,1147.0,411773.46875,411295.40625
E1 spatial-flight (live),live,29414400,1149.0,411013.59375,411209.5833333333
E1 spatial-flight (live),live,29465600,1151.0,410841.6875,410852.7708333333
E1 spatial-flight (live),live,29516800,1153.0,410703.03125,410602.3020833333
E1 spatial-flight (live),live,29568000,1155.0,410262.1875,410556.9791666667
E1 spatial-flight (live),live,29619200,1157.0,410705.71875,410451.59375
E1 spatial-flight (live),live,29670400,1159.0,410386.875,410672.7916666667
E1 spatial-flight (live),live,29721600,1161.0,410925.78125,410992.125
E1 spatial-flight (live),live,29772800,1163.0,411663.71875,411688.0104166667
E1 spatial-flight (live),live,29824000,1165.0,412474.53125,412773.65625
E1 spatial-flight (live),live,29875200,1167.0,414182.71875,413374.1666666667
E1 spatial-flight (live),live,29926400,1169.0,413465.25,413930.375
E1 spatial-flight (live),live,29977600,1171.0,414143.15625,413725.3541666667
E1 spatial-flight (live),live,30028800,1173.0,413567.65625,414087.1354166667
E1 spatial-flight (live),live,30080000,1175.0,414550.59375,414420.6770833333
E1 spatial-flight (live),live,30131200,1177.0,415143.78125,415118.75
E1 spatial-flight (live),live,30182400,1179.0,415661.875,415605.25
E1 spatial-flight (live),live,30233600,1181.0,416010.09375,415539.4270833333
E1 spatial-flight (live),live,30284800,1183.0,414946.3125,415523.90625
E1 spatial-flight (live),live,30336000,1185.0,415615.3125,415527.46875
E1 spatial-flight (live),live,30387200,1187.0,416020.78125,416020.9270833333
E1 spatial-flight (live),live,30438400,1189.0,416426.6875,416326.78125
E1 spatial-flight (live),live,30489600,1191.0,416532.875,416531.2083333333
E1 spatial-flight (live),live,30540800,1193.0,416634.0625,416689.96875
E1 spatial-flight (live),live,30592000,1195.0,416902.96875,416875.4270833333
E1 spatial-flight (live),live,30643200,1197.0,417089.25,417319.25
E1 spatial-flight (live),live,30694400,1199.0,417965.53125,417265.3020833333
E1 spatial-flight (live),live,30745600,1201.0,416741.125,417153.9583333333
E1 spatial-flight (live),live,30796800,1203.0,416755.21875,416783.3645833333
E1 spatial-flight (live),live,30848000,1205.0,416853.75,416799.9270833333
E1 spatial-flight (live),live,30899200,1207.0,416790.8125,416656.5208333333
E1 spatial-flight (live),live,30950400,1209.0,416325.0,416420.4791666667
E1 spatial-flight (live),live,31001600,1211.0,416145.625,416365.96875
E1 spatial-flight (live),live,31052800,1213.0,416627.28125,416371.875
E1 spatial-flight (live),live,31104000,1215.0,416342.71875,416359.6145833333
E1 spatial-flight (live),live,31155200,1217.0,416108.84375,416060.9479166667
E1 spatial-flight (live),live,31206400,1219.0,415731.28125,415697.1458333333
E1 spatial-flight (live),live,31257600,1221.0,415251.3125,415287.1770833333
E1 spatial-flight (live),live,31308800,1223.0,414878.9375,415176.5
E1 spatial-flight (live),live,31360000,1225.0,415399.25,414513.03125
E1 spatial-flight (live),live,31411200,1227.0,413260.90625,414073.7604166667
E1 spatial-flight (live),live,31462400,1229.0,413561.125,413304.3645833333
E1 spatial-flight (live),live,31513600,1231.0,413091.0625,413107.5833333333
E1 spatial-flight (live),live,31564800,1233.0,412670.5625,412732.1770833333
E1 spatial-flight (live),live,31616000,1235.0,412434.90625,412370.0625
E1 spatial-flight (live),live,31667200,1237.0,412004.71875,412506.8854166667
E1 spatial-flight (live),live,31718400,1239.0,413081.03125,412530.5
E1 spatial-flight (live),live,31769600,1241.0,412505.75,413092.40625
E1 spatial-flight (live),live,31820800,1243.0,413690.4375,412773.9375
E1 spatial-flight (live),live,31872000,1245.0,412125.625,412969.4583333333
E1 spatial-flight (live),live,31923200,1247.0,413092.3125,412812.7708333333
E1 spatial-flight (live),live,31974400,1249.0,413220.375,413257.1875
E1 spatial-flight (live),live,32025600,1251.0,413458.875,412993.59375
E1 spatial-flight (live),live,32076800,1253.0,412301.53125,413005.21875
E1 spatial-flight (live),live,32128000,1255.0,413255.25,413066.2395833333
E1 spatial-flight (live),live,32179200,1257.0,413641.9375,413006.3333333333
E1 spatial-flight (live),live,32230400,1259.0,412121.8125,412763.15625
E1 spatial-flight (live),live,32281600,1261.0,412525.71875,412375.0208333333
E1 spatial-flight (live),live,32332800,1263.0,412477.53125,412328.1770833333
E1 spatial-flight (live),live,32384000,1265.0,411981.28125,412253.5520833333
E1 spatial-flight (live),live,32435200,1267.0,412301.84375,412324.4791666667
E1 spatial-flight (live),live,32486400,1269.0,412690.3125,412393.40625
E1 spatial-flight (live),live,32537600,1271.0,412188.0625,413008.0208333333
E1 spatial-flight (live),live,32588800,1273.0,414145.6875,413429.6458333333
E1 spatial-flight (live),live,32640000,1275.0,413955.1875,413616.7083333333
E1 spatial-flight (live),live,32691200,1277.0,412749.25,413118.6041666667
E1 spatial-flight (live),live,32742400,1279.0,412651.375,413098.9375
E1 spatial-flight (live),live,32793600,1281.0,413896.1875,413376.125
E1 spatial-flight (live),live,32844800,1283.0,413580.8125,413073.9791666667
E1 spatial-flight (live),live,32896000,1285.0,411744.9375,412420.3020833333
E1 spatial-flight (live),live,32947200,1287.0,411935.15625,411802.1666666667
E1 spatial-flight (live),live,32998400,1289.0,411726.40625,411724.6875
E1 spatial-flight (live),live,33049600,1291.0,411512.5,411562.0
E1 spatial-flight (live),live,33100800,1293.0,411447.09375,411731.4270833333
E1 spatial-flight (live),live,33152000,1295.0,412234.6875,412653.9375
E1 spatial-flight (live),live,33203200,1297.0,414280.03125,413288.40625
E1 spatial-flight (live),live,33254400,1299.0,413350.5,413493.7916666667
E1 spatial-flight (live),live,33305600,1301.0,412850.84375,413152.1979166667
E1 spatial-flight (live),live,33356800,1303.0,413255.25,413306.2395833333
E1 spatial-flight (live),live,33408000,1305.0,413812.625,413420.3958333333
E1 spatial-flight (live),live,33459200,1307.0,413193.3125,413195.09375
E1 spatial-flight (live),live,33510400,1309.0,412579.34375,412950.9791666667
E1 spatial-flight (live),live,33561600,1311.0,413080.28125,412847.1145833333
E1 spatial-flight (live),live,33612800,1313.0,412881.71875,413085.3229166667
E1 spatial-flight (live),live,33664000,1315.0,413293.96875,413542.0729166667
E1 spatial-flight (live),live,33715200,1317.0,414450.53125,413957.96875
E1 spatial-flight (live),live,33766400,1319.0,414129.40625,414031.6666666667
E1 spatial-flight (live),live,33817600,1321.0,413515.0625,413981.2604166667
E1 spatial-flight (live),live,33868800,1323.0,414299.3125,413865.75
E1 spatial-flight (live),live,33920000,1325.0,413782.875,413819.1875
E1 spatial-flight (live),live,33971200,1327.0,413375.375,413656.6875
E1 spatial-flight (live),live,34022400,1329.0,413811.8125,413377.75
E1 spatial-flight (live),live,34073600,1331.0,412946.0625,413077.7291666667
E1 spatial-flight (live),live,34124800,1333.0,412475.3125,412949.8020833333
E1 spatial-flight (live),live,34176000,1335.0,413428.03125,413464.8333333333
E1 spatial-flight (live),live,34227200,1337.0,414491.15625,414314.1354166667
E1 spatial-flight (live),live,34278400,1339.0,415023.21875,414947.625
E1 spatial-flight (live),live,34329600,1341.0,415328.5,415511.1354166667
E1 spatial-flight (live),live,34380800,1343.0,416181.6875,415765.6666666667
E1 spatial-flight (live),live,34432000,1345.0,415786.8125,416380.1458333333
E1 spatial-flight (live),live,34483200,1347.0,417171.9375,416723.5520833333
E1 spatial-flight (live),live,34534400,1349.0,417211.90625,417167.4166666667
E1 spatial-flight (live),live,34585600,1351.0,417118.40625,416615.2395833333
E1 spatial-flight (live),live,34636800,1353.0,415515.40625,415790.78125
E1 spatial-flight (live),live,34688000,1355.0,414738.53125,415127.25
E1 spatial-flight (live),live,34739200,1357.0,415127.8125,414845.9479166667
E1 spatial-flight (live),live,34790400,1359.0,414671.5,414724.6875
E1 spatial-flight (live),live,34841600,1361.0,414374.75,414774.6666666667
E1 spatial-flight (live),live,34892800,1363.0,415277.75,415031.0
E1 spatial-flight (live),live,34944000,1365.0,415440.5,415228.6666666667
E1 spatial-flight (live),live,34995200,1367.0,414967.75,414971.1145833333
E1 spatial-flight (live),live,35046400,1369.0,414505.09375,414773.5625
E1 spatial-flight (live),live,35097600,1371.0,414847.84375,415167.7083333333
E1 spatial-flight (live),live,35148800,1373.0,416150.1875,415330.2291666667
E1 spatial-flight (live),live,35200000,1375.0,414992.65625,415039.7291666667
E1 spatial-flight (live),live,35251200,1377.0,413976.34375,413998.6458333333
E1 spatial-flight (live),live,35302400,1379.0,413026.9375,413074.0416666667
E1 spatial-flight (live),live,35353600,1381.0,412218.84375,412460.4895833333
E1 spatial-flight (live),live,35404800,1383.0,412135.6875,413034.4895833333
E1 spatial-flight (live),live,35456000,1385.0,414748.9375,414102.96875
E1 spatial-flight (live),live,35507200,1387.0,415424.28125,414541.90625
E1 spatial-flight (live),live,35558400,1389.0,413452.5,414246.0416666667
E1 spatial-flight (live),live,35609600,1391.0,413861.34375,413640.1875
E1 spatial-flight (live),live,35660800,1393.0,413606.71875,413289.3333333333
E1 spatial-flight (live),live,35712000,1395.0,412399.9375,412361.25
E1 spatial-flight (live),live,35763200,1397.0,411077.09375,411976.3333333333
E1 spatial-flight (live),live,35814400,1399.0,412451.96875,411954.1145833333
E1 spatial-flight (live),live,35865600,1401.0,412333.28125,412408.59375
E1 spatial-flight (live),live,35916800,1403.0,412440.53125,411749.9583333333
E1 spatial-flight (live),live,35968000,1405.0,410476.0625,411649.4791666667
E1 spatial-flight (live),live,36019200,1407.0,412031.84375,411350.1666666667
E1 spatial-flight (live),live,36070400,1409.0,411542.59375,412101.8958333333
E1 spatial-flight (live),live,36121600,1411.0,412731.25,412721.9791666667
E1 spatial-flight (live),live,36172800,1413.0,413892.09375,414115.4895833333
E1 spatial-flight (live),live,36224000,1415.0,415723.125,415530.8020833333
E1 spatial-flight (live),live,36275200,1417.0,416977.1875,416427.90625
E1 spatial-flight (live),live,36326400,1419.0,416583.40625,417099.96875
E1 spatial-flight (live),live,36377600,1421.0,417739.3125,416864.7708333333
E1 spatial-flight (live),live,36428800,1423.0,416271.59375,417487.6875
E1 spatial-flight (live),live,36480000,1425.0,418452.15625,417744.875
E1 spatial-flight (live),live,36531200,1427.0,418510.875,417914.1979166667
E1 spatial-flight (live),live,36582400,1429.0,416779.5625,417443.0
E1 spatial-flight (live),live,36633600,1431.0,417038.5625,417100.0833333333
E1 spatial-flight (live),live,36684800,1433.0,417482.125,416974.3645833333
E1 spatial-flight (live),live,36736000,1435.0,416402.40625,416725.875
E1 spatial-flight (live),live,36787200,1437.0,416293.09375,416414.6666666667
E1 spatial-flight (live),live,36838400,1439.0,416548.5,416753.4479166667
E1 spatial-flight (live),live,36889600,1441.0,417418.75,417193.9166666667
E1 spatial-flight (live),live,36940800,1443.0,417614.5,417301.3229166667
E1 spatial-flight (live),live,36992000,1445.0,416870.71875,417279.5833333333
E1 spatial-flight (live),live,37043200,1447.0,417353.53125,417134.15625
E1 spatial-flight (live),live,37094400,1449.0,417178.21875,417418.96875
E1 spatial-flight (live),live,37145600,1451.0,417725.15625,417783.46875
E1 spatial-flight (live),live,37196800,1453.0,418447.03125,418072.0208333333
E1 spatial-flight (live),live,37248000,1455.0,418043.875,417982.9895833333
E1 spatial-flight (live),live,37299200,1457.0,417458.0625,417706.65625
E1 spatial-flight (live),live,37350400,1459.0,417618.03125,417680.8958333333
E1 spatial-flight (live),live,37401600,1461.0,417966.59375,418183.1041666667
E1 spatial-flight (live),live,37452800,1463.0,418964.6875,418348.59375
E1 spatial-flight (live),live,37504000,1465.0,418114.5,417972.8333333333
E1 spatial-flight (live),live,37555200,1467.0,416839.3125,417793.875
E1 spatial-flight (live),live,37606400,1469.0,418427.8125,418282.1041666667
E1 spatial-flight (live),live,37657600,1471.0,419579.1875,418854.4270833333
E1 spatial-flight (live),live,37708800,1473.0,418556.28125,418864.8958333333
E1 spatial-flight (live),live,37760000,1475.0,418459.21875,418412.8541666667
E1 spatial-flight (live),live,37811200,1477.0,418223.0625,418382.4270833333
E1 spatial-flight (live),live,37862400,1479.0,418465.0,418960.6770833333
E1 spatial-flight (live),live,37913600,1481.0,420193.96875,419765.375
E1 spatial-flight (live),live,37964800,1483.0,420637.15625,420095.03125
E1 spatial-flight (live),live,38016000,1485.0,419453.96875,420016.5520833333
E1 spatial-flight (live),live,38067200,1487.0,419958.53125,419812.4270833333
E1 spatial-flight (live),live,38118400,1489.0,420024.78125,420126.96875
E1 spatial-flight (live),live,38169600,1491.0,420397.59375,420226.46875
E1 spatial-flight (live),live,38220800,1493.0,420257.03125,419729.5833333333
E1 spatial-flight (live),live,38272000,1495.0,418534.125,419414.3645833333
E1 spatial-flight (live),live,38323200,1497.0,419451.9375,419140.5833333333
E1 spatial-flight (live),live,38374400,1499.0,419435.6875,419745.875
E1 spatial-flight (live),live,38425600,1501.0,420350.0,420021.0416666667
E1 spatial-flight (live),live,38476800,1503.0,420277.4375,419994.7604166667
E1 spatial-flight (live),live,38528000,1505.0,419356.84375,419746.59375
E1 spatial-flight (live),live,38579200,1507.0,419605.5,419758.6145833333
E1 spatial-flight (live),live,38630400,1509.0,420313.5,419845.25
E1 spatial-flight (live),live,38681600,1511.0,419616.75,420045.5
E1 spatial-flight (live),live,38732800,1513.0,420206.25,420051.6354166667
E1 spatial-flight (live),live,38784000,1515.0,420331.90625,420162.0
E1 spatial-flight (live),live,38835200,1517.0,419947.84375,420183.8333333333
E1 spatial-flight (live),live,38886400,1519.0,420271.75,419939.8541666667
E1 spatial-flight (live),live,38937600,1521.0,419599.96875,419947.5625
E1 spatial-flight (live),live,38988800,1523.0,419970.96875,420199.78125
E1 spatial-flight (live),live,39040000,1525.0,421028.40625,420489.75
E1 spatial-flight (live),live,39091200,1527.0,420469.875,420635.1354166667
E1 spatial-flight (live),live,39142400,1529.0,420407.125,420067.75
E1 spatial-flight (live),live,39193600,1531.0,419326.25,418943.3125
E1 spatial-flight (live),live,39244800,1533.0,417096.5625,418082.4375
E1 spatial-flight (live),live,39296000,1535.0,417824.5,417912.28125
E1 spatial-flight (live),live,39347200,1537.0,418815.78125,418300.65625
E1 spatial-flight (live),live,39398400,1539.0,418261.6875,418454.3854166667
E1 spatial-flight (live),live,39449600,1541.0,418285.6875,418167.7604166667
E1 spatial-flight (live),live,39500800,1543.0,417955.90625,417676.6041666667
E1 spatial-flight (live),live,39552000,1545.0,416788.21875,417253.3645833333
E1 spatial-flight (live),live,39603200,1547.0,417015.96875,417442.9895833333
E1 spatial-flight (live),live,39654400,1549.0,418524.78125,417778.5625
E1 spatial-flight (live),live,39705600,1551.0,417794.9375,418079.1979166667
E1 spatial-flight (live),live,39756800,1553.0,417917.875,418107.25
E1 spatial-flight (live),live,39808000,1555.0,418608.9375,418039.5625
E1 spatial-flight (live),live,39859200,1557.0,417591.875,417582.6041666667
E1 spatial-flight (live),live,39910400,1559.0,416547.0,416831.2916666667
E1 spatial-flight (live),live,39961600,1561.0,416355.0,416530.1041666667
E1 spatial-flight (live),live,40012800,1563.0,416688.3125,416688.1875
E1 spatial-flight (live),live,40064000,1565.0,417021.25,417172.7916666667
E1 spatial-flight (live),live,40115200,1567.0,417808.8125,417648.3125
E1 spatial-flight (live),live,40166400,1569.0,418114.875,417978.375
E1 spatial-flight (live),live,40217600,1571.0,418011.4375,417882.40625
E1 spatial-flight (live),live,40268800,1573.0,417520.90625,417518.9791666667
E1 spatial-flight (live),live,40320000,1575.0,417024.59375,417007.2083333333
E1 spatial-flight (live),live,40371200,1577.0,416476.125,416903.7083333333
E1 spatial-flight (live),live,40422400,1579.0,417210.40625,416909.96875
E1 spatial-flight (live),live,40473600,1581.0,417043.375,416871.96875
E1 spatial-flight (live),live,40524800,1583.0,416362.125,416874.4583333333
E1 spatial-flight (live),live,40576000,1585.0,417217.875,417104.5208333333
E1 spatial-flight (live),live,40627200,1587.0,417733.5625,417154.9270833333
E1 spatial-flight (live),live,40678400,1589.0,416513.34375,417539.5416666667
E1 spatial-flight (live),live,40729600,1591.0,418371.71875,418283.1458333333
E1 spatial-flight (live),live,40780800,1593.0,419964.375,419391.3020833333
E1 spatial-flight (live),live,40832000,1595.0,419837.8125,419785.9270833333
E1 spatial-flight (live),live,40883200,1597.0,419555.59375,419987.09375
E1 spatial-flight (live),live,40934400,1599.0,420567.875,420486.4895833333
E1 spatial-flight (live),live,40985600,1601.0,421336.0,420887.2708333333
E1 spatial-flight (live),live,41036800,1603.0,420757.9375,421266.40625
E1 spatial-flight (live),live,41088000,1605.0,421705.28125,421294.0729166667
E1 spatial-flight (live),live,41139200,1607.0,421419.0,421272.375
E1 spatial-flight (live),live,41190400,1609.0,420692.84375,420835.5104166667
E1 spatial-flight (live),live,41241600,1611.0,420394.6875,421037.09375
E1 spatial-flight (live),live,41292800,1613.0,422023.75,421066.375
E1 spatial-flight (live),live,41344000,1615.0,420780.6875,421304.0625
E1 spatial-flight (live),live,41395200,1617.0,421107.75,420878.9583333333
E1 spatial-flight (live),live,41446400,1619.0,420748.4375,421055.5208333333
E1 spatial-flight (live),live,41497600,1621.0,421310.375,421148.6979166667
E1 spatial-flight (live),live,41548800,1623.0,421387.28125,421272.3333333333
E1 spatial-flight (live),live,41600000,1625.0,421119.34375,420983.1354166667
E1 spatial-flight (live),live,41651200,1627.0,420442.78125,420762.6770833333
E1 spatial-flight (live),live,41702400,1629.0,420725.90625,420572.4479166667
E1 spatial-flight (live),live,41753600,1631.0,420548.65625,420782.0520833333
E1 spatial-flight (live),live,41804800,1633.0,421071.59375,421194.90625
E1 spatial-flight (live),live,41856000,1635.0,421964.46875,421518.03125
E2 + reset curriculum (live),live,25600,1.0,178481.375,184743.171875
E2 + reset curriculum (live),live,76800,3.0,191004.96875,192873.30208333334
E2 + reset curriculum (live),live,128000,5.0,209133.5625,207232.47395833334
E2 + reset curriculum (live),live,179200,7.0,221558.890625,222389.60416666666
E2 + reset curriculum (live),live,230400,9.0,236476.359375,233476.59375
E2 + reset curriculum (live),live,281600,11.0,242394.53125,241627.41666666666
E2 + reset curriculum (live),live,332800,13.0,246011.359375,245565.76041666666
E2 + reset curriculum (live),live,384000,15.0,248291.390625,248754.90625
E2 + reset curriculum (live),live,435200,17.0,251961.96875,251632.75
E2 + reset curriculum (live),live,486400,19.0,254644.890625,254681.6875
E2 + reset curriculum (live),live,537600,21.0,257438.203125,256388.61458333334
E2 + reset curriculum (live),live,588800,23.0,257082.75,257601.1875
E2 + reset curriculum (live),live,640000,25.0,258282.609375,258945.046875
E2 + reset curriculum (live),live,691200,27.0,261469.78125,259946.36979166666
E2 + reset curriculum (live),live,742400,29.0,260086.71875,261466.16666666666
E2 + reset curriculum (live),live,793600,31.0,262842.0,261448.68229166666
E2 + reset curriculum (live),live,844800,33.0,261417.328125,262481.984375
E2 + reset curriculum (live),live,896000,35.0,263186.625,263043.1302083333
E2 + reset curriculum (live),live,947200,37.0,264525.4375,264862.1875
E2 + reset curriculum (live),live,998400,39.0,266874.5,265926.5208333333
E2 + reset curriculum (live),live,1049600,41.0,266379.625,267114.1354166667
E2 + reset curriculum (live),live,1100800,43.0,268088.28125,267892.7604166667
E2 + reset curriculum (live),live,1152000,45.0,269210.375,270149.9895833333
E2 + reset curriculum (live),live,1203200,47.0,273151.3125,271674.8020833333
E2 + reset curriculum (live),live,1254400,49.0,272662.71875,272626.375
E2 + reset curriculum (live),live,1305600,51.0,272065.09375,274740.0104166667
E2 + reset curriculum (live),live,1356800,53.0,279492.21875,277653.53125
E2 + reset curriculum (live),live,1408000,55.0,281403.28125,280646.0729166667
E2 + reset curriculum (live),live,1459200,57.0,281042.71875,280941.3958333333
E2 + reset curriculum (live),live,1510400,59.0,280378.1875,280920.9791666667
E2 + reset curriculum (live),live,1561600,61.0,281342.03125,282173.7291666667
E2 + reset curriculum (live),live,1612800,63.0,284800.96875,283622.7083333333
E2 + reset curriculum (live),live,1664000,65.0,284725.125,285321.25
E2 + reset curriculum (live),live,1715200,67.0,286437.65625,286696.8958333333
E2 + reset curriculum (live),live,1766400,69.0,288927.90625,288102.6770833333
E2 + reset curriculum (live),live,1817600,71.0,288942.46875,289943.8645833333
E2 + reset curriculum (live),live,1868800,73.0,291961.21875,291627.71875
E2 + reset curriculum (live),live,1920000,75.0,293979.46875,293573.28125
E2 + reset curriculum (live),live,1971200,77.0,294779.15625,294756.2604166667
E2 + reset curriculum (live),live,2022400,79.0,295510.15625,295268.7291666667
E2 + reset curriculum (live),live,2073600,81.0,295516.875,295978.1875
E2 + reset curriculum (live),live,2124800,83.0,296907.53125,296149.9895833333
E2 + reset curriculum (live),live,2176000,85.0,296025.5625,297008.8020833333
E2 + reset curriculum (live),live,2227200,87.0,298093.3125,297700.1979166667
E2 + reset curriculum (live),live,2278400,89.0,298981.71875,299298.6354166667
E2 + reset curriculum (live),live,2329600,91.0,300820.875,300907.1770833333
E2 + reset curriculum (live),live,2380800,93.0,302918.9375,303099.6979166667
E2 + reset curriculum (live),live,2432000,95.0,305559.28125,303514.0
E2 + reset curriculum (live),live,2483200,97.0,302063.78125,303754.2083333333
E2 + reset curriculum (live),live,2534400,99.0,303639.5625,303343.53125
E2 + reset curriculum (live),live,2585600,101.0,304327.25,304518.3125
E2 + reset curriculum (live),live,2636800,103.0,305588.125,305717.4895833333
E2 + reset curriculum (live),live,2688000,105.0,307237.09375,307683.5104166667
E2 + reset curriculum (live),live,2739200,107.0,310225.3125,309536.6041666667
E2 + reset curriculum (live),live,2790400,109.0,311147.40625,311191.59375
E2 + reset curriculum (live),live,2841600,111.0,312202.0625,312371.0104166667
E2 + reset curriculum (live),live,2892800,113.0,313763.5625,313955.4375
E2 + reset curriculum (live),live,2944000,115.0,315900.6875,315765.96875
E2 + reset curriculum (live),live,2995200,117.0,317633.65625,316752.125
E2 + reset curriculum (live),live,3046400,119.0,316722.03125,317100.7083333333
E2 + reset curriculum (live),live,3097600,121.0,316946.4375,317803.6354166667
E2 + reset curriculum (live),live,3148800,123.0,319742.4375,319634.6041666667
E2 + reset curriculum (live),live,3200000,125.0,322214.9375,321070.34375
E2 + reset curriculum (live),live,3251200,127.0,321253.65625,322717.3020833333
E2 + reset curriculum (live),live,3302400,129.0,324683.3125,323541.3333333333
E2 + reset curriculum (live),live,3353600,131.0,324687.03125,325335.5104166667
E2 + reset curriculum (live),live,3404800,133.0,326636.1875,326194.25
E2 + reset curriculum (live),live,3456000,135.0,327259.53125,327362.4895833333
E2 + reset curriculum (live),live,3507200,137.0,328191.75,328696.0416666667
E2 + reset curriculum (live),live,3558400,139.0,330636.84375,330093.21875
E2 + reset curriculum (live),live,3609600,141.0,331451.0625,332069.3958333333
E2 + reset curriculum (live),live,3660800,143.0,334120.28125,332744.75
E2 + reset curriculum (live),live,3712000,145.0,332662.90625,334058.7916666667
E2 + reset curriculum (live),live,3763200,147.0,335393.1875,334355.9895833333
E2 + reset curriculum (live),live,3814400,149.0,335011.875,334845.6770833333
E2 + reset curriculum (live),live,3865600,151.0,334131.96875,335103.7083333333
E2 + reset curriculum (live),live,3916800,153.0,336167.28125,335957.0520833333
E2 + reset curriculum (live),live,3968000,155.0,337571.90625,337106.8020833333
E2 + reset curriculum (live),live,4019200,157.0,337581.21875,338561.0520833333
E2 + reset curriculum (live),live,4070400,159.0,340530.03125,339259.6666666667
E2 + reset curriculum (live),live,4121600,161.0,339667.75,341083.84375
E2 + reset curriculum (live),live,4172800,163.0,343053.75,341649.0104166667
E2 + reset curriculum (live),live,4224000,165.0,342225.53125,343516.7083333333
E2 + reset curriculum (live),live,4275200,167.0,345270.84375,343961.8958333333
E2 + reset curriculum (live),live,4326400,169.0,344389.3125,344219.0520833333
E2 + reset curriculum (live),live,4377600,171.0,342997.0,344515.1041666667
E2 + reset curriculum (live),live,4428800,173.0,346159.0,345407.8333333333
E2 + reset curriculum (live),live,4480000,175.0,347067.5,346843.6979166667
E2 + reset curriculum (live),live,4531200,177.0,347304.59375,347588.28125
E2 + reset curriculum (live),live,4582400,179.0,348392.75,347829.5729166667
E2 + reset curriculum (live),live,4633600,181.0,347791.375,348973.4583333333
E2 + reset curriculum (live),live,4684800,183.0,350736.25,349744.9583333333
E2 + reset curriculum (live),live,4736000,185.0,350707.25,351818.1666666667
E2 + reset curriculum (live),live,4787200,187.0,354011.0,352290.1458333333
E2 + reset curriculum (live),live,4838400,189.0,352152.1875,353539.2395833333
E2 + reset curriculum (live),live,4889600,191.0,354454.53125,353818.2291666667
E2 + reset curriculum (live),live,4940800,193.0,354847.96875,355121.3125
E2 + reset curriculum (live),live,4992000,195.0,356061.4375,355885.6354166667
E2 + reset curriculum (live),live,5043200,197.0,356747.5,356962.4270833333
E2 + reset curriculum (live),live,5094400,199.0,358078.34375,356897.5833333333
E2 + reset curriculum (live),live,5145600,201.0,355866.90625,357636.6041666667
E2 + reset curriculum (live),live,5196800,203.0,358964.5625,357193.65625
E2 + reset curriculum (live),live,5248000,205.0,356749.5,357685.59375
E2 + reset curriculum (live),live,5299200,207.0,357342.71875,358266.5
E2 + reset curriculum (live),live,5350400,209.0,360707.28125,359102.125
E2 + reset curriculum (live),live,5401600,211.0,359256.375,360314.0833333333
E2 + reset curriculum (live),live,5452800,213.0,360978.59375,361229.2291666667
E2 + reset curriculum (live),live,5504000,215.0,363452.71875,362827.40625
E2 + reset curriculum (live),live,5555200,217.0,364050.90625,363056.6145833333
E2 + reset curriculum (live),live,5606400,219.0,361666.21875,362713.3541666667
E2 + reset curriculum (live),live,5657600,221.0,362422.9375,361609.3958333333
E2 + reset curriculum (live),live,5708800,223.0,360739.03125,361818.4895833333
E2 + reset curriculum (live),live,5760000,225.0,362293.5,361897.40625
E2 + reset curriculum (live),live,5811200,227.0,362659.6875,362895.53125
E2 + reset curriculum (live),live,5862400,229.0,363733.40625,363720.6354166667
E2 + reset curriculum (live),live,5913600,231.0,364768.8125,364712.7916666667
E2 + reset curriculum (live),live,5964800,233.0,365636.15625,365705.0104166667
E2 + reset curriculum (live),live,6016000,235.0,366710.0625,366423.5729166667
E2 + reset curriculum (live),live,6067200,237.0,366924.5,366502.5208333333
E2 + reset curriculum (live),live,6118400,239.0,365873.0,366123.6979166667
E2 + reset curriculum (live),live,6169600,241.0,365573.59375,366226.2291666667
E2 + reset curriculum (live),live,6220800,243.0,367232.09375,365961.84375
E2 + reset curriculum (live),live,6272000,245.0,365079.84375,367326.9375
E2 + reset curriculum (live),live,6323200,247.0,369668.875,367557.5
E2 + reset curriculum (live),live,6374400,249.0,367923.78125,368717.6041666667
E2 + reset curriculum (live),live,6425600,251.0,368560.15625,369145.4166666667
E2 + reset curriculum (live),live,6476800,253.0,370952.3125,370287.6770833333
E2 + reset curriculum (live),live,6528000,255.0,371350.5625,371679.7916666667
E2 + reset curriculum (live),live,6579200,257.0,372736.5,373519.9583333333
E2 + reset curriculum (live),live,6630400,259.0,376472.8125,374960.09375
E2 + reset curriculum (live),live,6681600,261.0,375670.96875,375902.0104166667
E2 + reset curriculum (live),live,6732800,263.0,375562.25,375547.875
E2 + reset curriculum (live),live,6784000,265.0,375410.40625,376197.53125
E2 + reset curriculum (live),live,6835200,267.0,377619.9375,376722.21875
E2 + reset curriculum (live),live,6886400,269.0,377136.3125,377593.25
E2 + reset curriculum (live),live,6937600,271.0,378023.5,377170.8541666667
E2 + reset curriculum (live),live,6988800,273.0,376352.75,377285.6875
E2 + reset curriculum (live),live,7040000,275.0,377480.8125,377543.78125
E2 + reset curriculum (live),live,7091200,277.0,378797.78125,378355.0104166667
E2 + reset curriculum (live),live,7142400,279.0,378786.4375,377874.59375
E2 + reset curriculum (live),live,7193600,281.0,376039.5625,376976.09375
E2 + reset curriculum (live),live,7244800,283.0,376102.28125,375416.625
E2 + reset curriculum (live),live,7296000,285.0,374108.03125,375008.28125
E2 + reset curriculum (live),live,7347200,287.0,374814.53125,373949.6979166667
E2 + reset curriculum (live),live,7398400,289.0,372926.53125,373964.7291666667
E2 + reset curriculum (live),live,7449600,291.0,374153.125,374012.5625
E2 + reset curriculum (live),live,7500800,293.0,374958.03125,374283.25
E2 + reset curriculum (live),live,7552000,295.0,373738.59375,375009.1979166667
E2 + reset curriculum (live),live,7603200,297.0,376330.96875,376423.90625
E2 + reset curriculum (live),live,7654400,299.0,379202.15625,377320.6666666667
E2 + reset curriculum (live),live,7705600,301.0,376428.875,377724.1354166667
E2 + reset curriculum (live),live,7756800,303.0,377541.375,377818.8645833333
E2 + reset curriculum (live),live,7808000,305.0,379486.34375,378501.1875
E2 + reset curriculum (live),live,7859200,307.0,378475.84375,379615.1354166667
E2 + reset curriculum (live),live,7910400,309.0,380883.21875,380167.2083333333
E2 + reset curriculum (live),live,7961600,311.0,381142.5625,380243.2291666667
E2 + reset curriculum (live),live,8012800,313.0,378703.90625,380453.5729166667
E2 + reset curriculum (live),live,8064000,315.0,381514.25,379662.6875
E2 + reset curriculum (live),live,8115200,317.0,378769.90625,379625.5520833333
E2 + reset curriculum (live),live,8166400,319.0,378592.5,378739.8333333333
E2 + reset curriculum (live),live,8217600,321.0,378857.09375,379032.3333333333
E2 + reset curriculum (live),live,8268800,323.0,379647.40625,380462.1979166667
E2 + reset curriculum (live),live,8320000,325.0,382882.09375,381785.3958333333
E2 + reset curriculum (live),live,8371200,327.0,382826.6875,382732.0520833333
E2 + reset curriculum (live),live,8422400,329.0,382487.375,382777.6145833333
E2 + reset curriculum (live),live,8473600,331.0,383018.78125,383513.1770833333
E2 + reset curriculum (live),live,8524800,333.0,385033.375,383786.8333333333
E2 + reset curriculum (live),live,8576000,335.0,383308.34375,383939.7291666667
E2 + reset curriculum (live),live,8627200,337.0,383477.46875,383710.9479166667
E2 + reset curriculum (live),live,8678400,339.0,384347.03125,384677.125
E2 + reset curriculum (live),live,8729600,341.0,386206.875,386637.90625
E2 + reset curriculum (live),live,8780800,343.0,389359.8125,388002.03125
E2 + reset curriculum (live),live,8832000,345.0,388439.40625,388756.3125
E2 + reset curriculum (live),live,8883200,347.0,388469.71875,387761.15625
E2 + reset curriculum (live),live,8934400,349.0,386374.34375,387207.5520833333
E2 + reset curriculum (live),live,8985600,351.0,386778.59375,386525.7604166667
E2 + reset curriculum (live),live,9036800,353.0,386424.34375,387242.75
E2 + reset curriculum (live),live,9088000,355.0,388525.3125,387207.8958333333
E2 + reset curriculum (live),live,9139200,357.0,386674.03125,387226.7708333333
E2 + reset curriculum (live),live,9190400,359.0,386480.96875,385136.8541666667
E2 + reset curriculum (live),live,9241600,361.0,382255.5625,383439.1979166667
E2 + reset curriculum (live),live,9292800,363.0,381581.0625,382758.4166666667
E2 + reset curriculum (live),live,9344000,365.0,384438.625,382675.7708333333
E2 + reset curriculum (live),live,9395200,367.0,382007.625,383146.8958333333
E2 + reset curriculum (live),live,9446400,369.0,382994.4375,383872.6979166667
E2 + reset curriculum (live),live,9497600,371.0,386616.03125,385261.28125
E2 + reset curriculum (live),live,9548800,373.0,386173.375,386932.8645833333
E2 + reset curriculum (live),live,9600000,375.0,388009.1875,387181.9375
E2 + reset curriculum (live),live,9651200,377.0,387363.25,389444.3333333333
E2 + reset curriculum (live),live,9702400,379.0,392960.5625,390674.78125
E2 + reset curriculum (live),live,9753600,381.0,391700.53125,391492.1666666667
E2 + reset curriculum (live),live,9804800,383.0,389815.40625,388931.8645833333
E2 + reset curriculum (live),live,9856000,385.0,385279.65625,388308.9270833333
E2 + reset curriculum (live),live,9907200,387.0,389831.71875,388382.1979166667
E2 + reset curriculum (live),live,9958400,389.0,390035.21875,390529.5625
E2 + reset curriculum (live),live,10009600,391.0,391721.75,391843.875
E2 + reset curriculum (live),live,10060800,393.0,393774.65625,392207.46875
E2 + reset curriculum (live),live,10112000,395.0,391126.0,393233.28125
E2 + reset curriculum (live),live,10163200,397.0,394799.1875,393709.0104166667
E2 + reset curriculum (live),live,10214400,399.0,395201.84375,395584.15625
E2 + reset curriculum (live),live,10265600,401.0,396751.4375,397365.3854166667
E2 + reset curriculum (live),live,10316800,403.0,400142.875,397709.90625
E2 + reset curriculum (live),live,10368000,405.0,396235.40625,399119.0833333333
E2 + reset curriculum (live),live,10419200,407.0,400978.96875,400084.1458333333
E2 + reset curriculum (live),live,10470400,409.0,403038.0625,402397.3541666667
E2 + reset curriculum (live),live,10521600,411.0,403175.03125,401874.53125
E2 + reset curriculum (live),live,10572800,413.0,399410.5,401530.0416666667
E2 + reset curriculum (live),live,10624000,415.0,402004.59375,402014.3125
E2 + reset curriculum (live),live,10675200,417.0,404627.84375,403527.8333333333
E2 + reset curriculum (live),live,10726400,419.0,403951.0625,404829.84375
E2 + reset curriculum (live),live,10777600,421.0,405910.625,405629.1458333333
E2 + reset curriculum (live),live,10828800,423.0,407025.75,406201.875
E2 + reset curriculum (live),live,10880000,425.0,405669.25,405261.8125
E2 + reset curriculum (live),live,10931200,427.0,403090.4375,403720.2291666667
E2 + reset curriculum (live),live,10982400,429.0,402401.0,403894.0208333333
E2 + reset curriculum (live),live,11033600,431.0,406190.625,404974.8125
E2 + reset curriculum (live),live,11084800,433.0,406332.8125,405783.7083333333
E2 + reset curriculum (live),live,11136000,435.0,404827.6875,405032.1145833333
E2 + reset curriculum (live),live,11187200,437.0,403935.84375,404052.1041666667
E2 + reset curriculum (live),live,11238400,439.0,403392.78125,404283.6354166667
E2 + reset curriculum (live),live,11289600,441.0,405522.28125,405794.8854166667
E2 + reset curriculum (live),live,11340800,443.0,408469.59375,407237.4270833333
E2 + reset curriculum (live),live,11392000,445.0,407720.40625,407684.1979166667
E2 + reset curriculum (live),live,11443200,447.0,406862.59375,407784.1041666667
E2 + reset curriculum (live),live,11494400,449.0,408769.3125,407999.7395833333
E2 + reset curriculum (live),live,11545600,451.0,408367.3125,408485.4791666667
E2 + reset curriculum (live),live,11596800,453.0,408319.8125,409301.34375
E2 + reset curriculum (live),live,11648000,455.0,411216.90625,409426.0520833333
E2 + reset curriculum (live),live,11699200,457.0,408741.4375,410354.75
E2 + reset curriculum (live),live,11750400,459.0,411105.90625,408770.1145833333
E2 + reset curriculum (live),live,11801600,461.0,406463.0,407268.1979166667
E2 + reset curriculum (live),live,11852800,463.0,404235.6875,407129.4583333333
E2 + reset curriculum (live),live,11904000,465.0,410689.6875,408803.0416666667
E2 + reset curriculum (live),live,11955200,467.0,411483.75,411147.5208333333
E2 + reset curriculum (live),live,12006400,469.0,411269.125,411128.2395833333
E2 + reset curriculum (live),live,12057600,471.0,410631.84375,411550.03125
E2 + reset curriculum (live),live,12108800,473.0,412749.125,412014.1458333333
E2 + reset curriculum (live),live,12160000,475.0,412661.46875,412746.53125
E2 + reset curriculum (live),live,12211200,477.0,412829.0,412539.75
E2 + reset curriculum (live),live,12262400,479.0,412128.78125,411785.0729166667
E2 + reset curriculum (live),live,12313600,481.0,410397.4375,410463.5416666667
E2 + reset curriculum (live),live,12364800,483.0,408864.40625,408875.7604166667
E2 + reset curriculum (live),live,12416000,485.0,407365.4375,409075.875
E2 + reset curriculum (live),live,12467200,487.0,410997.78125,408685.7083333333
E2 + reset curriculum (live),live,12518400,489.0,407693.90625,409115.6458333333
E2 + reset curriculum (live),live,12569600,491.0,408655.25,408856.5729166667
E2 + reset curriculum (live),live,12620800,493.0,410220.5625,410050.4583333333
E2 + reset curriculum (live),live,12672000,495.0,411275.5625,410454.1354166667
E2 + reset curriculum (live),live,12723200,497.0,409866.28125,411241.0625
E2 + reset curriculum (live),live,12774400,499.0,412581.34375,411750.21875
E2 + reset curriculum (live),live,12825600,501.0,412803.03125,413213.875
E2 + reset curriculum (live),live,12876800,503.0,414257.25,412968.2916666667
E2 + reset curriculum (live),live,12928000,505.0,411844.59375,412336.40625
E2 + reset curriculum (live),live,12979200,507.0,410907.375,412254.5625
E2 + reset curriculum (live),live,13030400,509.0,414011.71875,413078.9166666667
E2 + reset curriculum (live),live,13081600,511.0,414317.65625,413821.9166666667
E2 + reset curriculum (live),live,13132800,513.0,413136.375,413946.1354166667
E2 + reset curriculum (live),live,13184000,515.0,414384.375,414512.3541666667
E2 + reset curriculum (live),live,13235200,517.0,416016.3125,414395.2604166667
E2 + reset curriculum (live),live,13286400,519.0,412785.09375,414312.96875
E2 + reset curriculum (live),live,13337600,521.0,414137.5,414135.1979166667
E2 + reset curriculum (live),live,13388800,523.0,415483.0,415262.0416666667
E2 + reset curriculum (live),live,13440000,525.0,416165.625,415852.9166666667
E2 + reset curriculum (live),live,13491200,527.0,415910.125,416328.5625
E2 + reset curriculum (live),live,13542400,529.0,416909.9375,416274.6979166667
E2 + reset curriculum (live),live,13593600,531.0,416004.03125,415456.6979166667
E2 + reset curriculum (live),live,13644800,533.0,413456.125,415443.4895833333
E2 + reset curriculum (live),live,13696000,535.0,416870.3125,417200.84375
E2 + reset curriculum (live),live,13747200,537.0,421276.09375,417490.8854166667
E2 + reset curriculum (live),live,13798400,539.0,414326.25,418560.1770833333
E2 + reset curriculum (live),live,13849600,541.0,420078.1875,417796.21875
E2 + reset curriculum (live),live,13900800,543.0,418984.21875,419395.0833333333
E2 + reset curriculum (live),live,13952000,545.0,419122.84375,420260.9166666667
E2 + reset curriculum (live),live,14003200,547.0,422675.6875,420973.5104166667
E2 + reset curriculum (live),live,14054400,549.0,421122.0,422330.3541666667
E2 + reset curriculum (live),live,14105600,551.0,423193.375,421635.3020833333
E2 + reset curriculum (live),live,14156800,553.0,420590.53125,421545.9895833333
E2 + reset curriculum (live),live,14208000,555.0,420854.0625,420727.8541666667
E2 + reset curriculum (live),live,14259200,557.0,420738.96875,421311.6145833333
E2 + reset curriculum (live),live,14310400,559.0,422341.8125,419379.8333333333
E2 + reset curriculum (live),live,14361600,561.0,415058.71875,417740.2916666667
E2 + reset curriculum (live),live,14412800,563.0,415820.34375,415438.2291666667
E2 + reset curriculum (live),live,14464000,565.0,415435.625,416980.1354166667
E2 + reset curriculum (live),live,14515200,567.0,419684.4375,418888.8958333333
E2 + reset curriculum (live),live,14566400,569.0,421546.625,419214.9166666667
E2 + reset curriculum (live),live,14617600,571.0,416413.6875,418881.8958333333
E2 + reset curriculum (live),live,14668800,573.0,418685.375,418914.9479166667
E2 + reset curriculum (live),live,14720000,575.0,421645.78125,419977.1145833333
E2 + reset curriculum (live),live,14771200,577.0,419600.1875,418921.6770833333
E2 + reset curriculum (live),live,14822400,579.0,415519.0625,417763.84375
E2 + reset curriculum (live),live,14873600,581.0,418172.28125,418793.59375
E2 + reset curriculum (live),live,14924800,583.0,422689.4375,420221.2291666667
E2 + reset curriculum (live),live,14976000,585.0,419801.96875,421777.0625
E2 + reset curriculum (live),live,15027200,587.0,422839.78125,420761.0520833333
E2 + reset curriculum (live),live,15078400,589.0,419641.40625,420973.8541666667
E2 + reset curriculum (live),live,15129600,591.0,420440.375,420090.9791666667
E2 + reset curriculum (live),live,15180800,593.0,420191.15625,419670.1145833333
E2 + reset curriculum (live),live,15232000,595.0,418378.8125,418105.6041666667
E2 + reset curriculum (live),live,15283200,597.0,415746.84375,417967.2604166667
E2 + reset curriculum (live),live,15334400,599.0,419776.125,419314.0
E2 + reset curriculum (live),live,15385600,601.0,422419.03125,421528.28125
E2 + reset curriculum (live),live,15436800,603.0,422389.6875,422535.3125
E2 + reset curriculum (live),live,15488000,605.0,422797.21875,422367.6041666667
E2 + reset curriculum (live),live,15539200,607.0,421915.90625,421602.6979166667
E2 + reset curriculum (live),live,15590400,609.0,420094.96875,420889.8854166667
E2 + reset curriculum (live),live,15641600,611.0,420658.78125,419584.7083333333
E2 + reset curriculum (live),live,15692800,613.0,418000.375,419401.9270833333
E2 + reset curriculum (live),live,15744000,615.0,419546.625,417950.96875
E2 + reset curriculum (live),live,15795200,617.0,416305.90625,418509.3333333333
E2 + reset curriculum (live),live,15846400,619.0,419675.46875,419037.7916666667
E2 + reset curriculum (live),live,15897600,621.0,421132.0,419892.5104166667
E2 + reset curriculum (live),live,15948800,623.0,418870.0625,420066.84375
E2 + reset curriculum (live),live,16000000,625.0,420198.46875,419154.53125
E2 + reset curriculum (live),live,16051200,627.0,418395.0625,419204.9583333333
E2 + reset curriculum (live),live,16102400,629.0,419021.34375,418990.1458333333
E2 + reset curriculum (live),live,16153600,631.0,419554.03125,419978.7604166667
E2 + reset curriculum (live),live,16204800,633.0,421360.90625,419748.4583333333
E2 + reset curriculum (live),live,16256000,635.0,418330.4375,419138.53125
E2 + reset curriculum (live),live,16307200,637.0,417724.25,418639.90625
E2 + reset curriculum (live),live,16358400,639.0,419865.03125,419325.8333333333
E2 + reset curriculum (live),live,16409600,641.0,420388.21875,421414.2916666667
E2 + reset curriculum (live),live,16460800,643.0,423989.625,423439.2916666667
E2 + reset curriculum (live),live,16512000,645.0,425940.03125,425102.8645833333
E2 + reset curriculum (live),live,16563200,647.0,425378.9375,424867.0520833333
E2 + reset curriculum (live),live,16614400,649.0,423282.1875,425063.8125
E2 + reset curriculum (live),live,16665600,651.0,426530.3125,424836.1354166667
E2 + reset curriculum (live),live,16716800,653.0,424695.90625,424248.8125
E2 + reset curriculum (live),live,16768000,655.0,421520.21875,422985.8125
E2 + reset curriculum (live),live,16819200,657.0,422741.3125,422475.84375
E2 + reset curriculum (live),live,16870400,659.0,423166.0,422550.8020833333
E2 + reset curriculum (live),live,16921600,661.0,421745.09375,422119.2916666667
E2 + reset curriculum (live),live,16972800,663.0,421446.78125,421252.4166666667
E2 + reset curriculum (live),live,17024000,665.0,420565.375,421040.28125
E2 + reset curriculum (live),live,17075200,667.0,421108.6875,421615.6041666667
E2 + reset curriculum (live),live,17126400,669.0,423172.75,421797.3333333333
E2 + reset curriculum (live),live,17177600,671.0,421110.5625,422836.7916666667
E2 + reset curriculum (live),live,17228800,673.0,424227.0625,424731.0416666667
E2 + reset curriculum (live),live,17280000,675.0,428855.5,426170.9791666667
E2 + reset curriculum (live),live,17331200,677.0,425430.375,427513.6041666667
E2 + reset curriculum (live),live,17382400,679.0,428254.9375,427216.9270833333
E2 + reset curriculum (live),live,17433600,681.0,427965.46875,428376.03125
E2 + reset curriculum (live),live,17484800,683.0,428907.6875,428141.34375
E2 + reset curriculum (live),live,17536000,685.0,427550.875,427784.90625
E2 + reset curriculum (live),live,17587200,687.0,426896.15625,425388.3645833333
E2 + reset curriculum (live),live,17638400,689.0,421718.0625,424457.6979166667
E2 + reset curriculum (live),live,17689600,691.0,424758.875,423294.59375
E2 + reset curriculum (live),live,17740800,693.0,423406.84375,423840.1145833333
E2 + reset curriculum (live),live,17792000,695.0,423354.625,422936.1458333333
E2 + reset curriculum (live),live,17843200,697.0,422046.96875,422688.9166666667
E2 + reset curriculum (live),live,17894400,699.0,422665.15625,422875.875
E2 + reset curriculum (live),live,17945600,701.0,423915.5,423191.5104166667
E2 + reset curriculum (live),live,17996800,703.0,422993.875,422675.2916666667
E2 + reset curriculum (live),live,18048000,705.0,421116.5,421774.5520833333
E2 + reset curriculum (live),live,18099200,707.0,421213.28125,421385.3125
E2 + reset curriculum (live),live,18150400,709.0,421826.15625,423976.9583333333
E2 + reset curriculum (live),live,18201600,711.0,428891.4375,424917.75
E2 + reset curriculum (live),live,18252800,713.0,424035.65625,426262.8125
E2 + reset curriculum (live),live,18304000,715.0,425861.34375,425566.1875
E2 + reset curriculum (live),live,18355200,717.0,426801.5625,426666.6354166667
E2 + reset curriculum (live),live,18406400,719.0,427337.0,428301.5208333333
E2 + reset curriculum (live),live,18457600,721.0,430766.0,428685.5416666667
E2 + reset curriculum (live),live,18508800,723.0,427953.625,429418.8541666667
E2 + reset curriculum (live),live,18560000,725.0,429536.9375,429075.1875
E2 + reset curriculum (live),live,18611200,727.0,429735.0,428114.5520833333
E2 + reset curriculum (live),live,18662400,729.0,425071.71875,426627.2708333333
E2 + reset curriculum (live),live,18713600,731.0,425075.09375,423440.0729166667
E2 + reset curriculum (live),live,18764800,733.0,420173.40625,421450.1875
E2 + reset curriculum (live),live,18816000,735.0,419102.0625,419320.1145833333
E2 + reset curriculum (live),live,18867200,737.0,418684.875,418790.8229166667
E2 + reset curriculum (live),live,18918400,739.0,418585.53125,419636.6875
E2 + reset curriculum (live),live,18969600,741.0,421639.65625,419377.5416666667
E2 + reset curriculum (live),live,19020800,743.0,417907.4375,420236.0729166667
E2 + reset curriculum (live),live,19072000,745.0,421161.125,420294.6458333333
E2 + reset curriculum (live),live,19123200,747.0,421815.375,422841.2604166667
E2 + reset curriculum (live),live,19174400,749.0,425547.28125,423887.0
E2 + reset curriculum (live),live,19225600,751.0,424298.34375,424600.9895833333
E2 + reset curriculum (live),live,19276800,753.0,423957.34375,423939.4583333333
E2 + reset curriculum (live),live,19328000,755.0,423562.6875,425813.34375
E2 + reset curriculum (live),live,19379200,757.0,429920.0,427235.6145833333
E2 + reset curriculum (live),live,19430400,759.0,428224.15625,427507.8333333333
E2 + reset curriculum (live),live,19481600,761.0,424379.34375,427653.125
E2 + reset curriculum (live),live,19532800,763.0,430355.875,427759.78125
E2 + reset curriculum (live),live,19584000,765.0,428544.125,427226.0208333333
E2 + reset curriculum (live),live,19635200,767.0,422778.0625,426997.34375
E2 + reset curriculum (live),live,19686400,769.0,429669.84375,426819.1666666667
E2 + reset curriculum (live),live,19737600,771.0,428009.59375,430016.2916666667
E2 + reset curriculum (live),live,19788800,773.0,432369.4375,431265.9583333333
E2 + reset curriculum (live),live,19840000,775.0,433418.84375,433443.4375
E2 + reset curriculum (live),live,19891200,777.0,434542.03125,433708.4583333333
E2 + reset curriculum (live),live,19942400,779.0,433164.5,434567.3125
E2 + reset curriculum (live),live,19993600,781.0,435995.40625,434915.6041666667
E2 + reset curriculum (live),live,20044800,783.0,435586.90625,436219.75
E2 + reset curriculum (live),live,20096000,785.0,437076.9375,435707.9583333333
E2 + reset curriculum (live),live,20147200,787.0,434460.03125,435013.125
E2 + reset curriculum (live),live,20198400,789.0,433502.40625,432935.6770833333
E2 + reset curriculum (live),live,20249600,791.0,430844.59375,430702.75
E2 + reset curriculum (live),live,20300800,793.0,427761.25,429288.3958333333
E2 + reset curriculum (live),live,20352000,795.0,429259.34375,428742.2604166667
E2 + reset curriculum (live),live,20403200,797.0,429206.1875,429473.625
E2 + reset curriculum (live),live,20454400,799.0,429955.34375,430103.3229166667
E2 + reset curriculum (live),live,20505600,801.0,431148.4375,432421.4791666667
E2 + reset curriculum (live),live,20556800,803.0,436160.65625,433638.3645833333
E2 + reset curriculum (live),live,20608000,805.0,433606.0,433721.8541666667
E2 + reset curriculum (live),live,20659200,807.0,431398.90625,432164.875
E2 + reset curriculum (live),live,20710400,809.0,431489.71875,432901.9895833333
E2 + reset curriculum (live),live,20761600,811.0,435817.34375,433177.96875
E2 + reset curriculum (live),live,20812800,813.0,432226.84375,433407.9375
E2 + reset curriculum (live),live,20864000,815.0,432179.625,432377.65625
E2 + reset curriculum (live),live,20915200,817.0,432726.5,431066.8541666667
E2 + reset curriculum (live),live,20966400,819.0,428294.4375,429489.9895833333
E2 + reset curriculum (live),live,21017600,821.0,427449.03125,426761.5104166667
E2 + reset curriculum (live),live,21068800,823.0,424541.0625,425497.90625
E2 + reset curriculum (live),live,21120000,825.0,424503.625,424832.6666666667
E2 + reset curriculum (live),live,21171200,827.0,425453.3125,426163.7083333333
E2 + reset curriculum (live),live,21222400,829.0,428534.1875,427483.6875
E2 + reset curriculum (live),live,21273600,831.0,428463.5625,428657.1041666667
E2 + reset curriculum (live),live,21324800,833.0,428973.5625,427836.125
E2 + reset curriculum (live),live,21376000,835.0,426071.25,428254.0520833333
E2 + reset curriculum (live),live,21427200,837.0,429717.34375,428125.3541666667
E2 + reset curriculum (live),live,21478400,839.0,428587.46875,429865.5833333333
E2 + reset curriculum (live),live,21529600,841.0,431291.9375,429486.59375
E2 + reset curriculum (live),live,21580800,843.0,428580.375,427848.4166666667
E2 + reset curriculum (live),live,21632000,845.0,423672.9375,425478.53125
E2 + reset curriculum (live),live,21683200,847.0,424182.28125,425371.625
E2 + reset curriculum (live),live,21734400,849.0,428259.65625,426568.9270833333
E2 + reset curriculum (live),live,21785600,851.0,427264.84375,428496.8958333333
E2 + reset curriculum (live),live,21836800,853.0,429966.1875,428856.5729166667
E2 + reset curriculum (live),live,21888000,855.0,429338.6875,429058.7291666667
E2 + reset curriculum (live),live,21939200,857.0,427871.3125,426479.75
E2 + reset curriculum (live),live,21990400,859.0,422229.25,425101.1666666667
E2 + reset curriculum (live),live,22041600,861.0,425202.9375,425258.6041666667
E2 + reset curriculum (live),live,22092800,863.0,428343.625,427323.2291666667
E2 + reset curriculum (live),live,22144000,865.0,428423.125,428276.5208333333
E2 + reset curriculum (live),live,22195200,867.0,428062.8125,428842.5520833333
E2 + reset curriculum (live),live,22246400,869.0,430041.71875,428936.28125
E2 + reset curriculum (live),live,22297600,871.0,428704.3125,428601.1458333333
E2 + reset curriculum (live),live,22348800,873.0,427057.40625,428127.7395833333
E2 + reset curriculum (live),live,22400000,875.0,428621.5,427922.6666666667
E2 + reset curriculum (live),live,22451200,877.0,428089.09375,428267.28125
E2 + reset curriculum (live),live,22502400,879.0,428091.25,427422.2708333333
E2 + reset curriculum (live),live,22553600,881.0,426086.46875,427832.9270833333
E2 + reset curriculum (live),live,22604800,883.0,429321.0625,427823.3125
E2 + reset curriculum (live),live,22656000,885.0,428062.40625,428280.0
E2 + reset curriculum (live),live,22707200,887.0,427456.53125,428615.5625
E2 + reset curriculum (live),live,22758400,889.0,430327.75,428099.78125
E2 + reset curriculum (live),live,22809600,891.0,426515.0625,428331.6458333333
E2 + reset curriculum (live),live,22860800,893.0,428152.125,427106.1041666667
E2 + reset curriculum (live),live,22912000,895.0,426651.125,427808.46875
E2 + reset curriculum (live),live,22963200,897.0,428622.15625,426854.78125
E2 + reset curriculum (live),live,23014400,899.0,425291.0625,426848.0208333333
E2 + reset curriculum (live),live,23065600,901.0,426630.84375,426929.8854166667
E2 + reset curriculum (live),live,23116800,903.0,428867.75,428995.1354166667
E2 + reset curriculum (live),live,23168000,905.0,431486.8125,431475.1458333333
E2 + reset curriculum (live),live,23219200,907.0,434070.875,433210.3541666667
E2 + reset curriculum (live),live,23270400,909.0,434073.375,433652.1145833333
E2 + reset curriculum (live),live,23321600,911.0,432812.09375,433490.7291666667
E2 + reset curriculum (live),live,23372800,913.0,433586.71875,433732.9166666667
E2 + reset curriculum (live),live,23424000,915.0,434799.9375,433522.3854166667
E2 + reset curriculum (live),live,23475200,917.0,432180.5,432368.6145833333
E2 + reset curriculum (live),live,23526400,919.0,430125.40625,430827.5
E2 + reset curriculum (live),live,23577600,921.0,430176.59375,430730.3020833333
E2 + reset curriculum (live),live,23628800,923.0,431888.90625,428979.96875
E2 + reset curriculum (live),live,23680000,925.0,424874.40625,428302.8125
E2 + reset curriculum (live),live,23731200,927.0,428145.125,428455.6979166667
E2 + reset curriculum (live),live,23782400,929.0,432347.5625,431206.4375
E2 + reset curriculum (live),live,23833600,931.0,433126.625,433039.5729166667
E2 + reset curriculum (live),live,23884800,933.0,433644.53125,433142.875
E2 + reset curriculum (live),live,23936000,935.0,432657.46875,432419.1041666667
E2 + reset curriculum (live),live,23987200,937.0,430955.3125,431281.46875
E2 + reset curriculum (live),live,24038400,939.0,430231.625,430864.1770833333
E2 + reset curriculum (live),live,24089600,941.0,431405.59375,430274.5729166667
E2 + reset curriculum (live),live,24140800,943.0,429186.5,429544.53125
E2 + reset curriculum (live),live,24192000,945.0,428041.5,429518.6666666667
E2 + reset curriculum (live),live,24243200,947.0,431328.0,432360.34375
E2 + reset curriculum (live),live,24294400,949.0,437711.53125,434214.3125
E2 + reset curriculum (live),live,24345600,951.0,433603.40625,436333.34375
E2 + reset curriculum (live),live,24396800,953.0,437685.09375,434923.6666666667
E2 + reset curriculum (live),live,24448000,955.0,433482.5,436263.2604166667
E2 + reset curriculum (live),live,24499200,957.0,437622.1875,436308.75
E2 + reset curriculum (live),live,24550400,959.0,437821.5625,437515.0520833333
E2 + reset curriculum (live),live,24601600,961.0,437101.40625,437136.8333333333
E2 + reset curriculum (live),live,24652800,963.0,436487.53125,435770.4375
E2 + reset curriculum (live),live,24704000,965.0,433722.375,434211.34375
E2 + reset curriculum (live),live,24755200,967.0,432424.125,433422.6354166667
E2 + reset curriculum (live),live,24806400,969.0,434121.40625,433953.875
E2 + reset curriculum (live),live,24857600,971.0,435316.09375,435230.0208333333
E2 + reset curriculum (live),live,24908800,973.0,436252.5625,436014.8020833333
E2 + reset curriculum (live),live,24960000,975.0,436475.75,436745.8020833333
E2 + reset curriculum (live),live,25011200,977.0,437509.09375,436970.71875
E2 + reset curriculum (live),live,25062400,979.0,436927.3125,437071.6666666667
E2 + reset curriculum (live),live,25113600,981.0,436778.59375,436987.1770833333
E2 + reset curriculum (live),live,25164800,983.0,437255.625,437299.2708333333
E2 + reset curriculum (live),live,25216000,985.0,437863.59375,437855.7916666667
E2 + reset curriculum (live),live,25267200,987.0,438448.15625,437420.9166666667
E2 + reset curriculum (live),live,25318400,989.0,435951.0,437772.2395833333
E2 + reset curriculum (live),live,25369600,991.0,438917.5625,436087.96875
E2 + reset curriculum (live),live,25420800,993.0,433395.34375,437112.5416666667
E2 + reset curriculum (live),live,25472000,995.0,439024.71875,437857.75
E2 + reset curriculum (live),live,25523200,997.0,441153.1875,440993.4166666667
E2 + reset curriculum (live),live,25574400,999.0,442802.34375,440565.2291666667
E2 + reset curriculum (live),live,25625600,1001.0,437740.15625,439346.6458333333
E2 + reset curriculum (live),live,25676800,1003.0,437497.4375,437483.75
E2 + reset curriculum (live),live,25728000,1005.0,437213.65625,438412.6145833333
E2 + reset curriculum (live),live,25779200,1007.0,440526.75,438025.4166666667
E2 + reset curriculum (live),live,25830400,1009.0,436335.84375,437427.6041666667
E2 + reset curriculum (live),live,25881600,1011.0,435420.21875,436529.1145833333
E2 + reset curriculum (live),live,25932800,1013.0,437831.28125,437278.1458333333
E2 + reset curriculum (live),live,25984000,1015.0,438582.9375,438436.4375
E2 + reset curriculum (live),live,26035200,1017.0,438895.09375,437801.9270833333
E2 + reset curriculum (live),live,26086400,1019.0,435927.75,438381.59375
E2 + reset curriculum (live),live,26137600,1021.0,440321.9375,439107.9479166667
E2 + reset curriculum (live),live,26188800,1023.0,441074.15625,440233.9166666667
E2 + reset curriculum (live),live,26240000,1025.0,439305.65625,440839.34375
E2 + reset curriculum (live),live,26291200,1027.0,442138.21875,439990.8645833333
E2 + reset curriculum (live),live,26342400,1029.0,438528.71875,439597.15625
E2 + reset curriculum (live),live,26393600,1031.0,438124.53125,439795.28125
E2 + reset curriculum (live),live,26444800,1033.0,442732.59375,440266.75
E2 + reset curriculum (live),live,26496000,1035.0,439943.125,441622.125
E2 + reset curriculum (live),live,26547200,1037.0,442190.65625,441647.21875
E2 + reset curriculum (live),live,26598400,1039.0,442807.875,442138.5104166667
E2 + reset curriculum (live),live,26649600,1041.0,441417.0,441442.0
E2 + reset curriculum (live),live,26700800,1043.0,440101.125,440588.7291666667
E2 + reset curriculum (live),live,26752000,1045.0,440248.0625,439740.2604166667
E2 + reset curriculum (live),live,26803200,1047.0,438871.59375,440507.3645833333
E2 + reset curriculum (live),live,26854400,1049.0,442402.4375,439334.1770833333
E2 + reset curriculum (live),live,26905600,1051.0,436728.5,439490.9375
E2 + reset curriculum (live),live,26956800,1053.0,439341.875,439870.7708333333
E2 + reset curriculum (live),live,27008000,1055.0,443541.9375,439676.59375
E2 + reset curriculum (live),live,27059200,1057.0,436145.96875,440671.6666666667
E2 + reset curriculum (live),live,27110400,1059.0,442327.09375,440006.0416666667
E2 + reset curriculum (live),live,27161600,1061.0,441545.0625,441882.2604166667
E2 + reset curriculum (live),live,27212800,1063.0,441774.625,442471.25
E2 + reset curriculum (live),live,27264000,1065.0,444094.0625,443723.5104166667
E2 + reset curriculum (live),live,27315200,1067.0,445301.84375,443696.7916666667
E2 + reset curriculum (live),live,27366400,1069.0,441694.46875,442565.75
E2 + reset curriculum (live),live,27417600,1071.0,440700.9375,440588.8854166667
E2 + reset curriculum (live),live,27468800,1073.0,439371.25,439863.3020833333
E2 + reset curriculum (live),live,27520000,1075.0,439517.71875,441046.9375
E2 + reset curriculum (live),live,27571200,1077.0,444251.84375,442976.0520833333
E2 + reset curriculum (live),live,27622400,1079.0,445158.59375,443713.59375
E2 + reset curriculum (live),live,27673600,1081.0,441730.34375,444683.25
E2 + reset curriculum (live),live,27724800,1083.0,447160.8125,444461.5208333333
E2 + reset curriculum (live),live,27776000,1085.0,444493.40625,443356.6875
E2 + reset curriculum (live),live,27827200,1087.0,438415.84375,441130.7395833333
E2 + reset curriculum (live),live,27878400,1089.0,440482.96875,439335.3229166667
E2 + reset curriculum (live),live,27929600,1091.0,439107.15625,440020.9270833333
E2 + reset curriculum (live),live,27980800,1093.0,440472.65625,439824.2291666667
E2 + reset curriculum (live),live,28032000,1095.0,439892.875,439986.1770833333
E2 + reset curriculum (live),live,28083200,1097.0,439593.0,440252.7916666667
E2 + reset curriculum (live),live,28134400,1099.0,441272.5,442077.875
E2 + reset curriculum (live),live,28185600,1101.0,445368.125,443616.3854166667
E2 + reset curriculum (live),live,28236800,1103.0,444208.53125,444032.9375
E2 + reset curriculum (live),live,28288000,1105.0,442522.15625,443383.1979166667
E2 + reset curriculum (live),live,28339200,1107.0,443418.90625,442786.4583333333
E2 + reset curriculum (live),live,28390400,1109.0,442418.3125,441111.3333333333
E2 + reset curriculum (live),live,28441600,1111.0,437496.78125,440813.7395833333
E2 + reset curriculum (live),live,28492800,1113.0,442526.125,441651.6041666667
E2 + reset curriculum (live),live,28544000,1115.0,444931.90625,443337.8020833333
E2 + reset curriculum (live),live,28595200,1117.0,442555.375,443299.75
E2 + reset curriculum (live),live,28646400,1119.0,442411.96875,442197.25
E2 + reset curriculum (live),live,28697600,1121.0,441624.40625,440220.0520833333
E2 + reset curriculum (live),live,28748800,1123.0,436623.78125,438433.4791666667
E2 + reset curriculum (live),live,28800000,1125.0,437052.25,438522.3125
E2 + reset curriculum (live),live,28851200,1127.0,441890.90625,439755.3645833333
E2 + reset curriculum (live),live,28902400,1129.0,440322.9375,441118.34375
E2 + reset curriculum (live),live,28953600,1131.0,441141.1875,440719.6979166667
E2 + reset curriculum (live),live,29004800,1133.0,440694.96875,442401.6458333333
E2 + reset curriculum (live),live,29056000,1135.0,445368.78125,442143.15625
E2 + reset curriculum (live),live,29107200,1137.0,440365.71875,441607.6666666667
E2 + reset curriculum (live),live,29158400,1139.0,439088.5,439026.6979166667
E2 + reset curriculum (live),live,29209600,1141.0,437625.875,437494.6979166667
E2 + reset curriculum (live),live,29260800,1143.0,435769.71875,437682.9270833333
E2 + reset curriculum (live),live,29312000,1145.0,439653.1875,437759.9166666667
E2 + reset curriculum (live),live,29363200,1147.0,437856.84375,438443.7604166667
E2 + reset curriculum (live),live,29414400,1149.0,437821.25,438820.5833333333
E2 + reset curriculum (live),live,29465600,1151.0,440783.65625,439259.21875
E2 + reset curriculum (live),live,29516800,1153.0,439172.75,440360.2083333333
E2 + reset curriculum (live),live,29568000,1155.0,441124.21875,440144.8333333333
E2 + reset curriculum (live),live,29619200,1157.0,440137.53125,441529.59375
E2 + reset curriculum (live),live,29670400,1159.0,443327.03125,442382.5729166667
E2 + reset curriculum (live),live,29721600,1161.0,443683.15625,441847.4479166667
E2 + reset curriculum (live),live,29772800,1163.0,438532.15625,441605.90625
E2 + reset curriculum (live),live,29824000,1165.0,442602.40625,442142.8645833333
E2 + reset curriculum (live),live,29875200,1167.0,445294.03125,443801.125
E2 + reset curriculum (live),live,29926400,1169.0,443506.9375,444717.8333333333
E2 + reset curriculum (live),live,29977600,1171.0,445352.53125,444652.2395833333
E2 + reset curriculum (live),live,30028800,1173.0,445097.25,445032.3645833333
E2 + reset curriculum (live),live,30080000,1175.0,444647.3125,445885.0625
E2 + reset curriculum (live),live,30131200,1177.0,447910.625,445826.7395833333
E2 + reset curriculum (live),live,30182400,1179.0,444922.28125,446145.8958333333
E2 + reset curriculum (live),live,30233600,1181.0,445604.78125,445403.9479166667
E2 + reset curriculum (live),live,30284800,1183.0,445684.78125,446655.46875
E2 + reset curriculum (live),live,30336000,1185.0,448676.84375,447748.1979166667
E2 + reset curriculum (live),live,30387200,1187.0,448882.96875,448158.5625
E2 + reset curriculum (live),live,30438400,1189.0,446915.875,448013.78125
E2 + reset curriculum (live),live,30489600,1191.0,448242.5,448110.15625
E2 + reset curriculum (live),live,30540800,1193.0,449172.09375,448890.1145833333
E2 + reset curriculum (live),live,30592000,1195.0,449255.75,447919.09375
E2 + reset curriculum (live),live,30643200,1197.0,445329.4375,446625.125
E2 + reset curriculum (live),live,30694400,1199.0,445290.1875,445897.8958333333
E2 + reset curriculum (live),live,30745600,1201.0,447074.0625,445642.03125
E2 + reset curriculum (live),live,30796800,1203.0,444561.84375,446395.0416666667
E2 + reset curriculum (live),live,30848000,1205.0,447549.21875,445431.4791666667
E2 + reset curriculum (live),live,30899200,1207.0,444183.375,445851.3229166667
E2 + reset curriculum (live),live,30950400,1209.0,445821.375,444991.1354166667
E2 + reset curriculum (live),live,31001600,1211.0,444968.65625,445864.3125
E2 + reset curriculum (live),live,31052800,1213.0,446802.90625,446077.15625
E2 + reset curriculum (live),live,31104000,1215.0,446459.90625,446268.3125
E2 + reset curriculum (live),live,31155200,1217.0,445542.125,445414.0416666667
E2 + reset curriculum (live),live,31206400,1219.0,444240.09375,445390.7083333333
E2 + reset curriculum (live),live,31257600,1221.0,446389.90625,443811.3854166667
E2 + reset curriculum (live),live,31308800,1223.0,440804.15625,444152.59375
E2 + reset curriculum (live),live,31360000,1225.0,445263.71875,442923.4166666667
E2 + reset curriculum (live),live,31411200,1227.0,442702.375,443123.90625
E2 + reset curriculum (live),live,31462400,1229.0,441405.625,441060.5729166667
E2 + reset curriculum (live),live,31513600,1231.0,439073.71875,440199.3541666667
E2 + reset curriculum (live),live,31564800,1233.0,440118.71875,441240.5416666667
E2 + reset curriculum (live),live,31616000,1235.0,444529.1875,443579.28125
E2 + reset curriculum (live),live,31667200,1237.0,446089.9375,445615.6041666667
E2 + reset curriculum (live),live,31718400,1239.0,446227.6875,445529.0625
E2 + reset curriculum (live),live,31769600,1241.0,444269.5625,445208.6354166667
E2 + reset curriculum (live),live,31820800,1243.0,445128.65625,444267.1770833333
E2 + reset curriculum (live),live,31872000,1245.0,443403.3125,442928.46875
E2 + reset curriculum (live),live,31923200,1247.0,440253.4375,443044.09375
E2 + reset curriculum (live),live,31974400,1249.0,445475.53125,443785.5104166667
E2 + reset curriculum (live),live,32025600,1251.0,445627.5625,445828.2708333333
E2 + reset curriculum (live),live,32076800,1253.0,446381.71875,445282.375
E2 + reset curriculum (live),live,32128000,1255.0,443837.84375,446288.46875
E2 + reset curriculum (live),live,32179200,1257.0,448645.84375,446674.8958333333
E2 + reset curriculum (live),live,32230400,1259.0,447541.0,446399.7395833333
E2 + reset curriculum (live),live,32281600,1261.0,443012.375,444638.0416666667
E2 + reset curriculum (live),live,32332800,1263.0,443360.75,443904.8333333333
E2 + reset curriculum (live),live,32384000,1265.0,445341.375,445383.625
E2 + reset curriculum (live),live,32435200,1267.0,447448.75,445859.4479166667
E2 + reset curriculum (live),live,32486400,1269.0,444788.21875,445464.4583333333
E2 + reset curriculum (live),live,32537600,1271.0,444156.40625,444607.4375
E2 + reset curriculum (live),live,32588800,1273.0,444877.6875,445579.7291666667
E2 + reset curriculum (live),live,32640000,1275.0,447705.09375,445340.4479166667
E2 + reset curriculum (live),live,32691200,1277.0,443438.5625,444634.6458333333
E2 + reset curriculum (live),live,32742400,1279.0,442760.28125,443992.65625
E2 + reset curriculum (live),live,32793600,1281.0,445779.125,441814.8854166667
E2 + reset curriculum (live),live,32844800,1283.0,436905.25,441247.1354166667
E2 + reset curriculum (live),live,32896000,1285.0,441057.03125,440954.1458333333
E2 + reset curriculum (live),live,32947200,1287.0,444900.15625,442168.3020833333
E2 + reset curriculum (live),live,32998400,1289.0,440547.71875,443252.7604166667
E2 + reset curriculum (live),live,33049600,1291.0,444310.40625,442090.34375
E2 + reset curriculum (live),live,33100800,1293.0,441412.90625,442707.8229166667
E2 + reset curriculum (live),live,33152000,1295.0,442400.15625,443218.2604166667
E2 + reset curriculum (live),live,33203200,1297.0,445841.71875,444378.2916666667
E2 + reset curriculum (live),live,33254400,1299.0,444893.0,446580.5
E2 + reset curriculum (live),live,33305600,1301.0,449006.78125,447329.9479166667
E2 + reset curriculum (live),live,33356800,1303.0,448090.0625,447311.7291666667
E2 + reset curriculum (live),live,33408000,1305.0,444838.34375,445537.78125
E2 + reset curriculum (live),live,33459200,1307.0,443684.9375,444641.03125
E2 + reset curriculum (live),live,33510400,1309.0,445399.8125,445026.7395833333
E2 + reset curriculum (live),live,33561600,1311.0,445995.46875,444541.6458333333
E2 + reset curriculum (live),live,33612800,1313.0,442229.65625,444202.4583333333
E2 + reset curriculum (live),live,33664000,1315.0,444382.25,444574.1458333333
E2 + reset curriculum (live),live,33715200,1317.0,447110.53125,446011.6354166667
E2 + reset curriculum (live),live,33766400,1319.0,446542.125,446719.3645833333
E2 + reset curriculum (live),live,33817600,1321.0,446505.4375,446503.7708333333
E2 + reset curriculum (live),live,33868800,1323.0,446463.75,446875.1458333333
E2 + reset curriculum (live),live,33920000,1325.0,447656.25,446510.0625
E2 + reset curriculum (live),live,33971200,1327.0,445410.1875,446207.96875
E2 + reset curriculum (live),live,34022400,1329.0,445557.46875,446941.5
E2 + reset curriculum (live),live,34073600,1331.0,449856.84375,447079.1875
E2 + reset curriculum (live),live,34124800,1333.0,445823.25,447132.78125
E2 + reset curriculum (live),live,34176000,1335.0,445718.25,446362.53125
E2 + reset curriculum (live),live,34227200,1337.0,447546.09375,447110.125
E2 + reset curriculum (live),live,34278400,1339.0,448066.03125,448284.4895833333
E2 + reset curriculum (live),live,34329600,1341.0,449241.34375,448039.21875
E2 + reset curriculum (live),live,34380800,1343.0,446810.28125,448654.6875
E2 + reset curriculum (live),live,34432000,1345.0,449912.4375,449017.2395833333
E2 + reset curriculum (live),live,34483200,1347.0,450329.0,450237.2083333333
E2 + reset curriculum (live),live,34534400,1349.0,450470.1875,449750.9166666667
E2 + reset curriculum (live),live,34585600,1351.0,448453.5625,447661.1666666667
E2 + reset curriculum (live),live,34636800,1353.0,444059.75,445249.9583333333
E2 + reset curriculum (live),live,34688000,1355.0,443236.5625,444829.875
E2 + reset curriculum (live),live,34739200,1357.0,447193.3125,443835.3333333333
E2 + reset curriculum (live),live,34790400,1359.0,441076.125,444733.9583333333
E2 + reset curriculum (live),live,34841600,1361.0,445932.4375,445489.2083333333
E2 + reset curriculum (live),live,34892800,1363.0,449459.0625,447354.46875
E2 + reset curriculum (live),live,34944000,1365.0,446671.90625,447001.5208333333
E2 + reset curriculum (live),live,34995200,1367.0,444873.59375,445681.3645833333
E2 + reset curriculum (live),live,35046400,1369.0,445498.59375,445966.1875
E2 + reset curriculum (live),live,35097600,1371.0,447526.375,446210.75
E2 + reset curriculum (live),live,35148800,1373.0,445607.28125,447163.96875
E2 + reset curriculum (live),live,35200000,1375.0,448358.25,446762.2395833333
E2 + reset curriculum (live),live,35251200,1377.0,446321.1875,446828.2291666667
E2 + reset curriculum (live),live,35302400,1379.0,445805.25,445508.625
E2 + reset curriculum (live),live,35353600,1381.0,444399.4375,444004.8541666667
E2 + reset curriculum (live),live,35404800,1383.0,441809.875,443976.1354166667
E2 + reset curriculum (live),live,35456000,1385.0,445719.09375,443823.6354166667
E2 + reset curriculum (live),live,35507200,1387.0,443941.9375,444737.3645833333
E2 + reset curriculum (live),live,35558400,1389.0,444551.0625,444213.625
E2 + reset curriculum (live),live,35609600,1391.0,444147.875,444233.03125
E2 + reset curriculum (live),live,35660800,1393.0,444000.15625,443711.9166666667
E2 + reset curriculum (live),live,35712000,1395.0,442987.71875,443159.4791666667
E2 + reset curriculum (live),live,35763200,1397.0,442490.5625,442105.4479166667
E2 + reset curriculum (live),live,35814400,1399.0,440838.0625,441367.5
E2 + reset curriculum (live),live,35865600,1401.0,440773.875,439738.5
E2 + reset curriculum (live),live,35916800,1403.0,437603.5625,439532.09375
E2 + reset curriculum (live),live,35968000,1405.0,440218.84375,437804.2708333333
E2 + reset curriculum (live),live,36019200,1407.0,435590.40625,437469.8333333333
E2 + reset curriculum (live),live,36070400,1409.0,436600.25,438253.5104166667
E2 + reset curriculum (live),live,36121600,1411.0,442569.875,440404.2916666667
E2 + reset curriculum (live),live,36172800,1413.0,442042.75,443873.9479166667
E2 + reset curriculum (live),live,36224000,1415.0,447009.21875,446431.625
E2 + reset curriculum (live),live,36275200,1417.0,450242.90625,449194.375
E2 + reset curriculum (live),live,36326400,1419.0,450331.0,448992.9479166667
E2 + reset curriculum (live),live,36377600,1421.0,446404.9375,448135.6145833333
E2 + reset curriculum (live),live,36428800,1423.0,447670.90625,447353.6666666667
E2 + reset curriculum (live),live,36480000,1425.0,447985.15625,447870.34375
E2 + reset curriculum (live),live,36531200,1427.0,447954.96875,447179.8541666667
E2 + reset curriculum (live),live,36582400,1429.0,445599.4375,447570.7708333333
E2 + reset curriculum (live),live,36633600,1431.0,449157.90625,448809.21875
E2 + reset curriculum (live),live,36684800,1433.0,451670.3125,450647.8645833333
E2 + reset curriculum (live),live,36736000,1435.0,451115.375,451749.0625
E2 + reset curriculum (live),live,36787200,1437.0,452461.5,450760.84375
E2 + reset curriculum (live),live,36838400,1439.0,448705.65625,451455.4479166667
E2 + reset curriculum (live),live,36889600,1441.0,453199.1875,450866.4479166667
E2 + reset curriculum (live),live,36940800,1443.0,450694.5,449966.21875
E2 + reset curriculum (live),live,36992000,1445.0,446004.96875,448947.96875
E2 + reset curriculum (live),live,37043200,1447.0,450144.4375,449167.46875
E2 + reset curriculum (live),live,37094400,1449.0,451353.0,449289.9270833333
E2 + reset curriculum (live),live,37145600,1451.0,446372.34375,449041.0833333333
E2 + reset curriculum (live),live,37196800,1453.0,449397.90625,448128.15625
E2 + reset curriculum (live),live,37248000,1455.0,448614.21875,448865.1666666667
E2 + reset curriculum (live),live,37299200,1457.0,448583.375,448542.78125
E2 + reset curriculum (live),live,37350400,1459.0,448430.75,450067.59375
E2 + reset curriculum (live),live,37401600,1461.0,453188.65625,452150.1770833333
E2 + reset curriculum (live),live,37452800,1463.0,454831.125,454148.25
E2 + reset curriculum (live),live,37504000,1465.0,454424.96875,455080.1666666667
E2 + reset curriculum (live),live,37555200,1467.0,455984.40625,454305.7604166667
E2 + reset curriculum (live),live,37606400,1469.0,452507.90625,455019.9479166667
E2 + reset curriculum (live),live,37657600,1471.0,456567.53125,454729.25
E2 + reset curriculum (live),live,37708800,1473.0,455112.3125,454610.1979166667
E2 + reset curriculum (live),live,37760000,1475.0,452150.75,454329.6458333333
E2 + reset curriculum (live),live,37811200,1477.0,455725.875,454990.6770833333
E2 + reset curriculum (live),live,37862400,1479.0,457095.40625,456681.59375
E2 + reset curriculum (live),live,37913600,1481.0,457223.5,458251.5208333333
E2 + reset curriculum (live),live,37964800,1483.0,460435.65625,459172.9583333333
E2 + reset curriculum (live),live,38016000,1485.0,459859.71875,460291.3958333333
E2 + reset curriculum (live),live,38067200,1487.0,460578.8125,459818.40625
E2 + reset curriculum (live),live,38118400,1489.0,459016.6875,458857.3125
E2 + reset curriculum (live),live,38169600,1491.0,456976.4375,458799.2395833333
E2 + reset curriculum (live),live,38220800,1493.0,460404.59375,458504.8020833333
E2 + reset curriculum (live),live,38272000,1495.0,458133.375,458788.9166666667
E2 + reset curriculum (live),live,38323200,1497.0,457828.78125,457285.0520833333
E2 + reset curriculum (live),live,38374400,1499.0,455893.0,456274.6458333333
E2 + reset curriculum (live),live,38425600,1501.0,455102.15625,455904.5208333333
E2 + reset curriculum (live),live,38476800,1503.0,456718.40625,457498.8229166667
E2 + reset curriculum (live),live,38528000,1505.0,460675.90625,459096.5833333333
E2 + reset curriculum (live),live,38579200,1507.0,459895.4375,459981.40625
E2 + reset curriculum (live),live,38630400,1509.0,459372.875,457782.4583333333
E2 + reset curriculum (live),live,38681600,1511.0,454079.0625,456803.3333333333
E2 + reset curriculum (live),live,38732800,1513.0,456958.0625,456176.2291666667
E2 + reset curriculum (live),live,38784000,1515.0,457491.5625,457013.96875
E2 + reset curriculum (live),live,38835200,1517.0,456592.28125,457977.9895833333
E2 + reset curriculum (live),live,38886400,1519.0,459850.125,458370.0520833333
E2 + reset curriculum (live),live,38937600,1521.0,458667.75,457818.0625
E2 + reset curriculum (live),live,38988800,1523.0,454936.3125,456608.8333333333
E2 + reset curriculum (live),live,39040000,1525.0,456222.4375,456268.9375
E2 + reset curriculum (live),live,39091200,1527.0,457648.0625,457667.9479166667
E2 + reset curriculum (live),live,39142400,1529.0,459133.34375,459323.8020833333
E2 + reset curriculum (live),live,39193600,1531.0,461190.0,457289.5625
E2 + reset curriculum (live),live,39244800,1533.0,451545.34375,456379.8958333333
E2 + reset curriculum (live),live,39296000,1535.0,456404.34375,454546.8333333333
E2 + reset curriculum (live),live,39347200,1537.0,455690.8125,456277.0
E2 + reset curriculum (live),live,39398400,1539.0,456735.84375,456138.7604166667
E2 + reset curriculum (live),live,39449600,1541.0,455989.625,456203.9270833333
E2 + reset curriculum (live),live,39500800,1543.0,455886.3125,456210.8125
E2 + reset curriculum (live),live,39552000,1545.0,456756.5,456997.7395833333
E2 + reset curriculum (live),live,39603200,1547.0,458350.40625,456791.3541666667
E2 + reset curriculum (live),live,39654400,1549.0,455267.15625,454745.5416666667
E2 + reset curriculum (live),live,39705600,1551.0,450619.0625,453362.28125
E2 + reset curriculum (live),live,39756800,1553.0,454200.625,453860.5729166667
E2 + reset curriculum (live),live,39808000,1555.0,456762.03125,454782.9791666667
E2 + reset curriculum (live),live,39859200,1557.0,453386.28125,454344.3854166667
E2 + reset curriculum (live),live,39910400,1559.0,452884.84375,453688.7708333333
E2 + reset curriculum (live),live,39961600,1561.0,454795.1875,454217.9270833333
E2 + reset curriculum (live),live,40012800,1563.0,454973.75,454694.6041666667
E2 + reset curriculum (live),live,40064000,1565.0,454314.875,454923.03125
E2 + reset curriculum (live),live,40115200,1567.0,455480.46875,454398.3541666667
E2 + reset curriculum (live),live,40166400,1569.0,453399.71875,453965.1666666667
E2 + reset curriculum (live),live,40217600,1571.0,453015.3125,454405.1875
E2 + reset curriculum (live),live,40268800,1573.0,456800.53125,454785.09375
E2 + reset curriculum (live),live,40320000,1575.0,454539.4375,455171.40625
E2 + reset curriculum (live),live,40371200,1577.0,454174.25,454552.2916666667
E2 + reset curriculum (live),live,40422400,1579.0,454943.1875,454421.78125
E2 + reset curriculum (live),live,40473600,1581.0,454147.90625,455121.7395833333
E2 + reset curriculum (live),live,40524800,1583.0,456274.125,455179.7083333333
E2 + reset curriculum (live),live,40576000,1585.0,455117.09375,456197.4166666667
E2 + reset curriculum (live),live,40627200,1587.0,457201.03125,457136.15625
E2 + reset curriculum (live),live,40678400,1589.0,459090.34375,458151.875
E2 + reset curriculum (live),live,40729600,1591.0,458164.25,458738.5520833333
E2 + reset curriculum (live),live,40780800,1593.0,458961.0625,458127.4791666667
E2 + reset curriculum (live),live,40832000,1595.0,457257.125,457907.3333333333
E2 + reset curriculum (live),live,40883200,1597.0,457503.8125,456477.1145833333
E2 + reset curriculum (live),live,40934400,1599.0,454670.40625,456525.4479166667
E2 + reset curriculum (live),live,40985600,1601.0,457402.125,456174.4895833333
E2 + reset curriculum (live),live,41036800,1603.0,456450.9375,457031.0729166667
E2 + reset curriculum (live),live,41088000,1605.0,457240.15625,456492.7604166667
E2 + reset curriculum (live),live,41139200,1607.0,455787.1875,456932.625
E2 + reset curriculum (live),live,41190400,1609.0,457770.53125,457748.0104166667
E2 + reset curriculum (live),live,41241600,1611.0,459686.3125,459157.7395833333
E2 + reset curriculum (live),live,41292800,1613.0,460016.375,459917.9583333333
E2 + reset curriculum (live),live,41344000,1615.0,460051.1875,459657.3958333333
E2 + reset curriculum (live),live,41395200,1617.0,458904.625,459275.9791666667
E2 + reset curriculum (live),live,41446400,1619.0,458872.125,459705.0729166667
E2 + reset curriculum (live),live,41497600,1621.0,461338.46875,460279.90625
E2 + reset curriculum (live),live,41548800,1623.0,460629.125,461063.8125
E2 + reset curriculum (live),live,41600000,1625.0,461223.84375,460552.6354166667
E2 + reset curriculum (live),live,41651200,1627.0,459804.9375,460105.3333333333
E2 + reset curriculum (live),live,41702400,1629.0,459287.21875,459062.96875
E2 + reset curriculum (live),live,41753600,1631.0,458096.75,458858.5520833333
E2 + reset curriculum (live),live,41804800,1633.0,459191.6875,458644.21875
