episode,MAPPO_mean,MAPPO_std,DCPPO_mean,DCPPO_std,ARA_mean,ARA_std
0,164958.59375,1013.1097914159603,165200.37239583334,455.9161681586968,201147.72916666666,2933.4625514763097
1,171178.70659722222,1459.9651800531376,171681.86805555553,537.6295982007235,209537.5399305556,1121.3875163692715
2,183987.13715277775,3574.8060577368715,184407.01736111112,1181.2589727017871,225001.86111111112,8024.862926708965
3,199330.46180555553,2885.227820874989,199125.3055555556,1202.782607781803,244381.79340277778,9861.684201048256
4,212851.30034722222,3217.355285216937,211245.62847222225,1845.568427075915,260365.4930555556,10287.994562191881
5,223831.59722222225,2176.8171905102627,220334.5381944444,1915.9075231236598,273468.4635416667,8222.672118117753
6,232386.0243055556,1530.5671452929955,227090.83159722225,1798.295716611711,281105.5138888888,6376.539887228264
7,238685.83680555553,1700.9496354015466,232394.19270833334,1853.3390358011534,288149.7708333333,5161.2591585666405
8,244968.4288194444,1870.9822480573996,237910.5486111111,1041.5247115817374,294641.25,2262.8298272144407
9,250683.00347222225,3359.6112107376,243191.71354166666,2279.9100468252213,299881.0243055555,2982.8612402224812
10,257508.99479166666,3989.1720313069136,248530.37152777778,2002.1007178272455,304828.6319444445,1315.2281161197975
11,264298.98090277775,3947.2947083750787,254629.21180555553,2509.0750334537174,307325.06944444444,2195.9812750688166
12,270394.80381944444,4503.892436955808,259640.2986111111,4056.011379386786,312808.8958333333,1059.5338915687466
13,276357.93402777775,4332.226676464778,265128.1145833333,3983.905542659092,315543.7638888889,1703.3027066544173
14,281902.5416666667,4287.038924139556,269767.19618055556,3229.462930505265,318872.3333333333,3850.1886590652916
15,286939.22569444444,4773.517072831194,274103.5659722222,3533.930483337281,320359.96875,4569.489431774683
16,291601.5833333333,4973.083819904521,278147.84027777775,3529.489126252144,325385.15277777775,4957.5780825946795
17,297101.5659722222,4730.836851105372,283078.07638888893,2541.1787641622705,330153.96875,5681.755930471716
18,303319.2708333333,5093.115643792723,288414.0347222222,1905.2242975437564,336141.24305555556,7124.4537435605125
19,308659.3055555555,4473.371196756245,292707.78472222225,1497.0933209037219,339974.37152777775,9208.891618306157
20,313912.43402777775,4629.2573016828455,296629.3541666667,3707.1014651030664,344466.30555555556,9666.695972366753
21,317223.25347222225,2978.443202518109,299368.52430555556,4043.624572068004,347656.41319444444,9683.80567018758
22,322285.18055555556,2389.630394641875,303134.77430555556,4962.874765690085,350319.7847222222,7955.092584149378
23,328612.4305555555,1693.4102872835674,307132.3958333333,3639.332947899115,355241.35763888893,4841.056689451058
24,334897.18055555556,2645.647919732276,310744.6041666667,2730.8933556359852,358651.90625,3534.091324699943
25,340234.16319444444,3709.200109994406,313964.1631944445,2870.3737567242692,364123.6041666667,3918.031619607488
26,343688.11111111107,1582.5343705927276,316599.3541666667,3853.8996829121697,366453.46875,3687.3653395845527
27,347384.73263888893,1387.4958838595364,319419.2465277778,3421.031023287772,370551.48263888893,4767.658998387587
28,351519.2083333333,2748.6536990364143,322612.26388888893,894.1465797325591,372036.0104166667,3078.9903403646863
29,354319.52430555556,4006.8282799558037,324367.76736111107,2215.4309557504935,375627.0,2807.4358521259364
30,358165.57986111107,2347.19245246108,326975.93055555556,2265.953852099651,377536.4895833333,3565.2317381454586
31,360823.875,1252.199799942352,329421.05902777775,1308.0683142186624,381287.3159722222,4427.1071600502555
32,363349.99652777775,1834.4987829217596,333115.6284722222,2466.3074935208265,383195.44097222225,5960.325103976142
33,365805.9826388888,2397.764124558477,336348.85069444444,3518.221846993582,385440.0868055555,4336.738792592828
34,367388.95138888893,2159.090260043061,337831.75,3464.0620588225615,386745.48263888893,2992.857127753613
35,370544.3958333333,1118.978826885211,339231.5486111112,2753.6265907319907,388588.56944444444,4250.494746227768
36,372485.4826388888,2201.987850399881,340666.48263888893,3069.2170022276982,391036.81944444444,4913.8191870333985
37,377473.1215277778,2702.525793941626,345232.65277777775,4488.457241198706,393182.3645833333,6367.170966568513
38,379356.8854166667,3436.7163736068164,348222.03819444444,6366.481650636572,397317.1527777778,5262.432586748335
39,382330.76388888893,1569.0676783234808,352193.62152777775,4881.3830079213385,399571.50347222225,4184.448873097145
40,383585.2291666667,786.9569334908174,354041.19444444444,5033.472529305149,401794.15625,3010.1602659156533
41,384209.2291666667,969.8225920932872,355272.59722222225,4684.345594474616,402161.46180555556,1513.7791097708246
42,386338.20138888893,1302.7120863736695,357224.24652777775,5126.695563758896,404412.3333333333,1374.9638151409968
43,387251.09722222225,280.1302013772793,359241.2951388888,4514.722164915764,408140.9618055555,1607.0947203386415
44,390507.8229166667,1699.5811565001527,363470.12152777775,3924.767647773778,411552.5972222222,2035.55470585775
45,392159.1041666667,2197.84451098483,365494.69097222225,2726.402297612354,412026.50347222225,1089.7974814119914
46,393292.6597222222,3331.8396552857052,367088.84722222225,1918.652489982189,410916.68055555556,1142.2341344282197
47,394391.1145833333,2098.1657857252417,367844.6666666667,1181.2850223993323,412081.9826388888,1693.6397232554898
48,394586.00694444444,1491.4621602542304,368457.6875,2358.375896903153,414910.3368055555,4168.735395874551
49,396502.7604166667,800.046171017348,370065.06944444444,1615.8865593043715,419428.54861111107,4105.282882280769
50,396611.90625,702.1981007056102,370345.5555555555,1166.5229743325062,420801.8923611112,2168.0787840278053
51,398446.1666666667,2507.4413939463316,372250.0069444445,1089.955222660996,422952.80555555556,1784.9149512135316
52,399163.37152777775,234.67647493459882,372580.73611111107,2243.2620812618375,422027.0034722222,1181.2044806013855
53,401814.99652777775,3751.8407309584577,374390.31597222225,4575.37265601858,422167.59722222225,3860.261444761363
54,403287.7847222222,3144.249285794095,376218.5798611112,4020.3517077876845,421910.4340277778,4835.126021266594
55,402802.5277777778,1040.7050736800418,377490.0,1414.2549131291346,423302.46180555556,5153.135042548965
56,403134.2708333333,153.42995710133258,379442.78125,1529.3773077064086,424860.0034722222,3777.8154621776866
57,402473.0486111112,1070.4307824611974,379347.0729166667,2958.859743346121,426544.88888888893,2339.240411624709
58,405274.29861111107,3132.787777547458,381607.3229166667,2330.016555004046,427863.9930555555,2824.0222474925868
59,406112.7916666667,3288.664738286741,382068.2638888888,2702.5304517419695,428864.6215277778,3688.7438143611357
60,407356.6979166667,3589.659224688648,384059.8611111112,1664.2542585566093,430963.1770833333,4735.011049213744
61,408377.8645833333,2610.150692422326,384529.82638888893,871.0235950407854,430880.1354166667,3063.4476746072432
62,409374.96527777775,2971.2758734633444,385733.8368055555,1869.7900786417683,432475.74652777775,1675.7865403417375
63,410405.46875,4882.261676664523,386383.59375,2332.838298049846,432112.5729166667,147.31737495176367
64,410170.0104166667,3650.4241843063674,387566.7083333333,1680.050581333113,434017.53819444444,930.5749403751781
65,411544.26388888893,2435.3728780087713,389370.01388888893,1615.498646645938,434152.6631944445,1284.7071009855204
66,413410.0625,2707.6341338638395,391384.59722222225,2743.0831631082556,436510.9479166667,3213.6125758147787
67,414037.1597222222,4754.2790320074155,391711.9618055555,4480.826786664882,437342.05902777775,4397.373091090818
68,413651.6041666667,1798.4252349289864,390690.1458333333,748.0927225034718,438134.5625,3361.067251146839
69,413766.8125,2314.1886071825884,390479.24305555556,588.6467804670526,437716.8263888888,4750.487511079061
70,415061.4548611112,2505.724379982543,391929.18055555556,1160.6600654711901,438043.0104166667,4910.146885609369
71,416583.0972222222,4012.4666707783704,394804.35069444444,1510.866284456249,438072.6631944445,5074.464097452878
72,417760.5520833333,2369.7339571498887,396669.9895833333,2811.3794966446,439103.1979166667,3934.801168106266
73,418453.09027777775,1255.8486094485686,397936.97569444444,4654.401099005364,440528.63888888893,3575.4068219006376
74,417527.17013888893,1214.2457196463374,397129.10069444444,3003.7376324827637,441017.8472222222,4934.625735158292
75,416340.7118055555,10.842655911301126,396188.78819444444,3249.7413116586663,441228.2604166667,5673.282652869803
76,417394.2465277778,1053.4412122292317,396949.6041666667,2784.0866563544937,441387.3090277778,4375.803485547916
77,418887.33680555556,1074.1919795822432,399066.3576388888,4945.977336677093,442335.5972222222,4294.17913115061
78,420835.90972222225,1342.6289267852374,401516.70486111107,4349.243753861677,444666.93055555556,2820.134473458109
79,421931.28125,2336.182177426247,402954.0416666667,5545.8824252871045,445233.61805555556,2624.9278729825814
80,422760.1493055555,2127.319343805957,403698.98611111107,3661.7158022967283,447284.25,3417.518065477428
81,423453.1840277778,1628.725364534703,403935.8958333333,3819.8469179629637,447630.54861111107,3572.4425814348783
82,423869.5833333333,3925.2819072146617,405027.16319444444,3088.9120179922943,449239.125,3616.616322659278
83,424436.38194444444,3397.7039398324628,404795.3854166667,1738.326414581799,447625.2430555555,3790.200979097302
84,424179.9236111112,2677.6310028791545,404534.45486111107,1798.7836621837412,445441.71180555556,3026.495927058019
85,423969.53472222225,2488.950937949681,404582.6180555555,1578.640129118318,443111.42013888893,2353.570704440402
86,424585.2604166667,1795.6526073988623,406516.9965277778,2424.500152977851,444271.89930555556,2208.0268276220745
87,425559.3541666667,2319.366205464778,408411.8229166667,1959.3119366457508,445918.5208333333,858.5968130695413
88,426482.03125,591.8478365708925,409699.99652777775,2234.9257351164742,450507.06597222225,1378.7134920092276
89,427827.96875,2929.935828827331,411706.45138888893,1116.0089586577587,452420.5277777778,3403.7639879124195
90,430800.4756944445,2758.1368538668503,414953.7604166667,2068.2573300094987,455352.80555555556,2496.1520282349165
91,432146.5208333333,3602.1038725587005,416150.26736111107,2224.4152647628457,453975.03819444444,4811.415226422225
92,432158.6284722222,809.4430088821422,415732.90972222225,4530.65879036251,454836.0,3591.0106115616236
93,432771.1284722222,2799.9095051862523,416506.1041666667,2575.2676985268,454219.83680555556,6010.637857772219
94,433602.25694444444,1906.3666373792125,417476.3888888888,2410.921968277662,455677.63194444444,5095.473594907026
95,435529.3645833333,1736.6001432109233,418857.69444444444,3169.4657820131147,455569.09722222225,4115.298198531888
96,434254.76736111107,684.2756373148378,417843.2291666667,4991.119830372019,455397.19097222225,2180.292851531388
97,434311.4861111112,1393.2936546731623,417559.45486111107,5054.115116895977,455553.71875,969.1488102149978
98,434036.6354166667,2339.3433077796954,416976.56944444444,3971.059677678797,454978.51388888893,1551.3828344188234
99,434244.13888888893,903.3986403815704,417346.6388888888,4217.2954422799785,456354.3333333333,1786.7641598344462
100,435098.9375,634.7546865083162,418957.34722222225,4901.332542569723,457957.5416666667,2808.210460710691
101,436218.3958333333,647.226587558287,420997.8229166667,4316.133091369323,460703.3402777778,1634.7287470479714
102,438249.0,3078.1272140608057,423126.02777777775,2787.2767170541124,461417.79513888893,1939.4237969300748
103,439404.9270833333,4866.9158295747875,424911.72569444444,3364.273557919852,461337.50347222225,2443.5290902862716
104,438959.51736111107,5056.8992974113635,426571.9166666667,4114.051426919432,460365.17013888893,4239.319817418697
105,439067.3680555555,2611.9788520341453,427355.57986111107,3156.933788026744,460351.13194444444,2797.5342402056604
106,438613.94444444444,429.91032534701793,427847.2361111112,4918.059367593937,459369.27430555556,1645.7659485590104
107,440356.4548611112,2793.19524725221,429193.66319444444,4565.332128855377,462163.2083333333,2116.168698703268
108,439799.21527777775,3669.029669480881,428682.01388888893,3844.9745919402935,463393.3854166667,701.1920070809927
109,440246.85069444444,3920.6227441942233,428364.7638888888,4850.57572065001,464133.46875,1716.5118394164285
110,439471.86111111107,4795.28722438822,427485.95138888893,4288.1174047454315,462073.4861111112,513.2593730892221
111,439858.78125,4617.966513632234,428669.84027777775,3688.503684708855,459902.86805555556,3280.9202863500586
112,440986.2743055555,5325.904568462244,430483.7708333333,3465.9645803316816,461370.4791666667,3733.0045962240238
113,441797.9305555555,3748.3517601747085,431559.60763888893,5400.731413946784,462419.31597222225,2357.5971666528912
114,442824.34375,2044.2739208044625,433129.6006944445,5341.778443260738,465244.3298611112,592.8342764308878
115,442150.50694444444,1702.546807127923,432657.9826388888,4468.802361451848,465362.2430555555,2372.590773237087
116,441192.54861111107,1517.7058473560246,431632.88194444444,5623.653282405003,464910.4791666667,3735.3963492167986
117,442788.10763888893,1453.2333914298538,432945.24305555556,5285.817903082765,465509.67361111107,3120.6710981615242
118,444245.18402777775,2438.615433979963,434687.0729166667,5181.774828697743,467101.2256944445,3243.6064265608425
119,447197.4583333333,4747.93960005247,437951.84722222225,2512.135397863268,469404.9479166667,4258.446946092753
120,447113.1145833333,5358.597494754167,438362.82986111107,2318.885574927426,469716.5520833333,2525.6028566241407
121,448579.6458333333,5851.234413096918,440134.3298611112,2611.027065180589,469690.3333333333,2345.5322578449322
122,450641.2083333333,4554.242342072924,441378.5451388888,3396.8132611131127,469827.3541666667,2784.714121015923
123,450737.1493055555,3339.8476751005664,441080.75694444444,5049.152515998163,469957.64930555556,4086.07727069113
124,450964.6319444445,1211.7655145058225,441266.04513888893,8444.986885697468,470813.1041666667,2726.121229832567
125,450762.5277777778,642.0730511301437,440961.6770833333,9555.328845111304,471407.83680555556,2172.5386233923687
126,451371.2916666667,351.35557984694555,441549.25694444444,9439.274895543556,471345.53125,1320.0124319190943
127,450764.1875,1023.6479052695381,440741.1076388888,7501.533197181276,469114.21180555556,1854.746604773318
128,449610.2534722222,979.2734973488995,440404.2708333333,5171.7231115137665,469537.00694444444,2108.537314565605
129,451076.43402777775,1982.0801556215674,440930.7881944445,3353.534905247495,470007.98611111107,985.8917022144913
130,451631.7430555555,2928.3605252635034,440349.56944444444,2153.174284388324,471381.37152777775,1437.802897599409
131,453559.6458333333,3340.8668470006437,442536.2430555555,3952.396525604307,471869.54513888893,2381.9147348451816
132,453507.9583333333,1913.8936900899553,444113.12847222225,5997.35752149195,471899.90277777775,4128.76298541702
133,455232.75694444444,3404.5543424118855,446974.0277777778,5852.43819795905,473173.65277777775,4548.069794771076
134,454874.44097222225,2730.463769871741,446585.4895833333,6926.963504571321,473647.45486111107,3123.4723851181925
135,454402.01736111107,1341.1110029592553,445922.06597222225,8540.009539663055,474676.7847222222,3439.4454755038887
136,453129.7326388888,1366.6288927203623,445506.53472222225,9806.062541430285,475402.54861111107,2983.1782851013622
137,453623.22222222225,1495.7776844603507,445163.4305555555,7600.564266807063,475519.4791666667,3254.235818444058
138,454081.4166666667,618.8174290735426,445314.48611111107,7544.336164358238,475822.7604166667,2510.833188064409
139,454552.05902777775,516.0447035905637,445155.43402777775,5550.371839789828,475361.34027777775,5128.558211030596
140,454745.7604166667,1226.3608144073082,445345.4965277778,6173.196984968751,475983.0729166667,3450.2238901159853
141,456139.90972222225,2494.5013186631563,446182.3263888888,4882.36328838475,475207.3645833333,2042.706901585648
142,457471.8854166667,3441.4203592850035,447043.22222222225,6281.909302759818,477079.6319444445,1000.308753460506
143,458193.0729166667,3018.821009362249,448597.6041666667,6444.916486041093,476336.8993055555,1545.431942543441
144,457591.06597222225,3366.872778285181,448439.34722222225,5501.751939194158,477004.9895833333,795.9859575644412
145,459203.11111111107,3633.6874604088016,449534.6666666667,5155.834742779948,476594.52777777775,923.9448318098008
146,460112.62847222225,6390.095014650411,449779.6111111112,2888.06330710302,476301.9305555555,2820.441409456466
147,461711.7083333333,5394.109741618388,450179.3854166667,5528.160522819421,477801.2604166667,2349.0581711275577
148,460379.78125,3779.3667999165564,449964.39930555556,8359.281079238326,477677.375,4208.130818907698
149,459081.4513888888,1963.9597576087574,449891.37152777775,11420.950502419879,478589.3263888888,2918.1342758966625
150,458820.45486111107,2811.226690861941,450614.5173611112,11358.657692153934,477393.59027777775,1529.8586173348153
151,459019.82638888893,4880.132592098712,450184.21875,10061.418609163376,479186.9340277778,1454.3274010279706
152,460917.3333333333,4177.55936107168,450310.17013888893,10477.11782568067,480387.10763888893,2521.1475155521944
153,460699.8333333333,3096.4835144520694,450283.48611111107,10611.056796133214,480190.0520833333,4856.485573582045
154,461693.8576388888,2897.895723649272,450646.21875,10398.055242989576,478977.1875,4335.2089248616985
155,461001.7395833333,3698.829482833362,450677.90625,9528.029997823849,478456.29861111107,339.40863386083606
156,463305.1041666667,5423.410540763355,452770.90277777775,9344.920544766115,481626.1493055555,3262.6445588838355
157,463498.50347222225,5508.372404848083,453908.4131944445,9430.173307841245,481631.1284722222,3157.538681265951
158,465711.3333333333,7180.618590945547,456642.2743055555,8399.228897094732,481737.09722222225,1744.7316752538918
159,465750.22569444444,7336.535829776209,456820.2743055555,8513.8821779268,480900.7395833333,1745.7762947809983
160,467194.08680555556,7276.195384802013,457215.74652777775,8887.438090357193,481849.9895833333,2479.708014075342
161,466998.61111111107,6339.068038027993,455337.8645833333,9860.920692697022,480959.04861111107,4621.980050846439
162,466898.96180555556,5820.433290966334,454082.97569444444,10090.156097142692,479547.4652777778,4254.742740138168
163,466416.8333333333,5229.291869589684,453419.9479166667,9363.482183284148,479040.54513888893,2399.6901979529925
164,466737.37847222225,4497.583274193412,453840.3541666667,10622.358343318641,480851.34375,646.1035589743109
165,467836.5,5578.247311946844,454195.8958333333,9394.592611724975,484228.72222222225,2223.7286054830106
166,469089.65277777775,6837.0217210524015,455086.9479166667,9960.85528450277,484406.7222222222,3857.053161472175
167,469810.5833333333,7240.573929747555,455748.9375,9565.169628207588,484690.53125,3529.819360009957
168,469748.06597222225,6497.37256620195,456292.86111111107,10303.708645433026,482960.32638888893,1369.503639328888
169,469213.6875,5530.447655859067,456433.6354166667,9961.549608649091,484382.7604166667,1091.5361160110256
170,468500.44097222225,2996.3384688796805,457057.8506944445,10952.854126570848,484672.24305555556,1605.6992324195396
171,468979.59375,2851.245535599344,457882.1145833333,10986.422557980566,483592.6076388888,1247.834967820461
172,471253.28125,3742.8964376030553,459366.87847222225,9934.632461965222,482699.5625,559.4202103859042
173,472757.28125,5310.486716101664,459686.70486111107,8827.708091018152,482449.93402777775,2615.6985885111194
174,473306.7430555555,6641.820560370184,460455.4756944445,7724.394233347462,484475.4930555555,2860.5467648653275
175,473025.49652777775,6266.929389667625,461035.10069444444,8250.883934156042,485666.59722222225,4065.3330240449454
176,474210.9479166667,7354.966896765552,462203.77777777775,6613.006409145313,486206.34375,1007.8471296268525
177,474041.17013888893,6037.514742497802,462141.3506944445,6700.574754967746,485928.4652777778,2129.798737524881
178,475168.2916666667,5733.814085002355,462697.8611111112,6767.706971168725,483862.8333333333,725.6659798128975
179,474695.33680555556,6127.119728489513,462966.9652777778,6239.218922244468,485692.9340277778,743.5712943520927
180,476510.97222222225,6155.0458315613705,464375.5208333333,7069.626456364614,486220.72222222225,1313.9961320740865
181,475225.74652777775,5889.809451541719,464318.23611111107,6264.221091333899,487628.9479166667,1395.2124621582352
182,473766.2326388888,4640.946519180606,464045.63888888893,8694.57103942494,485127.5208333333,884.4616118144628
183,473393.28125,6149.2045608717,463883.0729166667,7718.561856055819,484741.35763888893,1997.9582197552706
184,473734.6979166667,6727.16123289489,463969.3993055555,7879.893194240653,484993.7604166667,3133.995005283589
185,474887.1006944445,7984.043203683929,463878.43402777775,6410.190832861992,485515.4201388888,3450.129104970575
186,475891.2708333333,5425.287417271482,465305.20486111107,6271.788162566759,486424.5520833333,2577.7279040987623
187,476001.4270833333,6502.504137062676,466031.9895833333,5274.529564279407,486285.7222222222,659.8903450618153
188,476530.3194444445,6039.955746118932,466712.6909722222,4612.709904493634,485556.4895833333,3885.5937121051816
189,475809.6458333333,8687.717894718227,465315.0694444445,4949.660208972031,485002.4930555555,4914.134525575468
190,476274.5555555555,7236.776969005252,464053.7604166667,6210.2315349045075,484403.46527777775,4150.335207637634
191,476850.0416666667,6652.991671552646,464980.2986111112,6804.758578930455,485859.0763888888,1513.2083731424277
192,476607.79861111107,4161.109376487442,465402.77777777775,7024.23843354745,486213.15277777775,2070.3764394301957
193,477474.44444444444,5541.936244523274,466718.9895833333,6016.994089722822,486967.45138888893,1775.306929165911
194,478654.46875,6079.391290874165,468152.8506944445,7308.840637356632,487399.4375,3070.2475674502307
195,480618.67361111107,7637.43940519364,469417.9375,6849.8689371760165,488105.30902777775,2792.479181244468
196,479884.5694444445,6321.94395515386,469081.74652777775,6630.843109582277,488232.49305555556,3287.2929427614704
197,479191.25,6402.626795299162,467449.29513888893,4447.178598287028,486072.97222222225,1996.341441669964
198,477747.69444444444,5857.3120126278145,466726.92361111107,2752.9553827167197,485036.4583333333,378.8527313291806
199,478862.37847222225,7321.068620089137,467804.79861111107,2813.3628032343995,485233.9583333333,1092.9315753943067
200,479108.4270833333,8242.737291879059,467173.9305555555,3753.829557927618,487499.5520833333,1813.1014547154127
201,479741.9965277778,6435.566354232727,466497.9166666667,5765.284745756535,488445.0451388888,1192.230010634118
202,480999.26388888893,5666.518708434634,466223.7395833333,6761.199416966607,488347.9826388888,1746.723846270968
203,481171.7465277778,5398.329996963197,467195.57986111107,5706.252426840692,488396.21180555556,2870.0752130856986
204,481760.3229166667,7229.398295558235,467894.1458333333,5605.955627752107,487716.26736111107,2692.971023822773
205,480951.1770833333,6722.1139559020285,467585.30555555556,3715.670073293542,489331.80902777775,2923.698022611667
206,482891.21875,5876.790097321988,467746.15277777775,3450.1899183197934,490309.6458333333,2570.7210399739183
207,483806.9270833333,4671.526890400888,467556.9305555555,3671.3614633849056,489299.4166666667,3711.260212853987
208,484441.18402777775,3702.969069858374,468114.75,5798.857554089183,488211.99305555556,4143.132630832933
209,484109.9479166667,3778.9866154623714,469017.02777777775,6587.524800500922,487385.5625,2987.758680960581
210,484028.34027777775,5210.355218980489,469997.38888888893,4841.880924358833,489132.3923611112,1078.253381161327
211,485120.5520833333,5951.097533615161,471875.3229166667,2851.57254045036,490403.3229166667,2127.058427763903
212,483832.5729166667,6324.661901998227,471116.09375,2195.8553308956866,489718.8333333333,1294.6159378521297
213,484903.78472222225,4179.339642966725,472414.5173611112,3796.0450197721493,488753.9270833333,905.9604099691088
214,485469.7083333333,5940.188738008588,472163.99305555556,5474.680646388501,487885.67013888893,3002.1670553170143
215,488259.61111111107,5427.112099025365,473815.90277777775,4836.810262804788,489326.15277777775,1633.8999907349444
216,486974.3333333333,3953.473010469365,471669.76388888893,4700.3810323200705,489800.46180555556,1347.7126470620185
217,486515.3229166667,1508.478822367207,469939.99652777775,5717.318990711548,489845.9895833333,1454.960711603249
218,485490.19097222225,1316.8850155734547,468523.1354166667,5035.875499249888,489206.02777777775,2286.0047823064806
219,487157.2083333333,2339.38579000074,470047.2743055555,4526.312282525623,490279.8020833333,3237.115226407741
220,486957.29513888893,5280.442787180048,470827.3958333333,3041.623231425011,490164.90625,5224.850773086264
221,487982.0069444445,3475.8927671437273,472103.6180555555,3678.6212991378966,490303.2256944445,2469.584912360606
222,488908.32638888893,1527.6356896087607,472616.0,2198.4346988501666,490959.50347222225,1413.480277711313
223,490555.1111111112,849.2813876861929,474192.26388888893,3300.6275665296657,492151.96875,1052.671963840053
224,490959.53125,2170.9781393391854,474364.2083333333,4095.203678659338,492905.94097222225,831.4472924242433
225,489184.79513888893,2594.4942732429126,473615.77430555556,2873.673253581933,491937.25347222225,285.46592057779867
226,489141.8229166667,4518.471708283562,473549.9270833333,3009.544437294802,491898.5416666667,2029.6027495724466
227,488216.13194444444,3697.1725255723386,473240.46875,2342.8169208150803,491988.38888888893,2729.8914546558285
228,489689.56944444444,3327.2154541956997,474372.99305555556,3628.6802550029674,493703.92361111107,3211.838425064538
229,489698.1319444445,3014.6870304083236,474398.81944444444,5032.184770870259,494518.53819444444,2928.325137428608
230,491909.25,4441.061735074602,475696.47222222225,6638.872941665866,494697.7673611112,1968.369767551652
231,492018.90277777775,2937.7188791151975,475268.61805555556,6646.094695343397,495181.4826388888,2784.8974261717917
232,491531.7048611112,3258.0553882000704,474897.5868055555,5995.091236961222,494424.04861111107,2311.6622782880645
233,490526.92013888893,4574.344660774594,474890.8125,4866.285343769275,494381.98263888893,3047.108204970158
234,490914.07986111107,3622.2835453230787,475594.125,4107.712660722497,493511.1215277778,2237.4628413448595
235,492060.49652777775,3403.3456703327074,476155.05555555556,5164.537658152521,493266.38194444444,1897.7640065448363
236,491340.20138888893,2614.150379996817,474604.97222222225,5611.399173996011,493698.1979166667,1948.286476231859
237,492625.32638888893,2590.3645293877053,475933.8645833333,6463.886327442769,494269.96180555556,1652.0509796226766
238,492402.24652777775,2300.6476728658376,476869.03125,4927.514755678177,494508.48263888893,866.392033204994
239,493786.15972222225,1790.29909657002,478912.5833333333,4061.8180812825517,493540.52777777775,787.9456199189111
240,492175.14930555556,2279.1972183437006,477361.1145833333,3010.2809609154547,490826.0520833333,2091.8732543698825
241,492460.5451388888,1718.2337474152528,476339.3229166667,3838.7397084399518,490058.5104166667,1831.1258024578985
242,492997.99305555556,847.0356892788121,476355.4270833333,3936.6208822810836,491021.7361111112,1513.0017505011854
243,494352.32986111107,2033.6986022007711,477326.8125,4691.092636455436,493555.13888888893,1721.7695695292753
244,494697.8368055555,2794.790874047389,477831.87847222225,3818.115637440731,495770.5416666667,2525.261334776912
245,494080.875,2532.964506114561,477357.8958333333,3074.0463222503895,495419.19444444444,3493.392800658571
246,494414.81944444444,1096.6884777967705,477468.10763888893,1962.7494174356016,493907.64930555556,3512.2143456115714
247,495310.3645833333,1779.3790709228454,477664.07638888893,2917.0814073491665,492029.8958333333,2732.69389983498
248,497082.07638888893,562.148900295911,479327.875,4084.9570841093137,492473.35069444444,2175.5258703939094
249,497343.0763888888,847.192293621245,479074.14236111107,5040.290181588727,493412.62152777775,1782.3597807561246
250,498110.73263888893,1750.7898556773573,479271.23263888893,5857.941033813429,493091.1354166667,2043.2712680204268
251,498908.5416666667,903.6280540998326,477749.22222222225,6359.060065820861,493680.4444444445,927.7048052938802
252,499511.31944444444,838.1738150408909,477479.05902777775,7458.743819813814,494758.59027777775,1382.8820853620637
253,498726.1423611112,2177.253945899822,475632.9895833333,10284.157261513226,496216.65972222225,1967.021288934403
254,497293.6770833333,2410.7615340254465,475150.18055555556,10960.341108469745,495287.75347222225,1226.8758553344026
255,496523.94097222225,1189.4217492935152,474993.27777777775,10491.630036621591,495161.5798611112,2260.311961772694
256,497260.0833333333,1376.1847088471022,476614.9236111112,10954.602664122087,495039.4375,3051.868957719375
257,496955.8611111112,2689.9156764662416,476131.6909722222,12345.271311642604,496440.46180555556,2296.298264003837
258,497576.28125,2474.190327126855,476328.62847222225,12794.587358788747,495616.17013888893,658.7463494072367
259,497029.67361111107,3002.1584882510733,475955.97222222225,13220.812089349958,493944.6458333333,592.3297834603097
260,498079.9409722222,2532.005473988011,476895.1145833333,13325.530456143508,492912.4791666667,447.08765421469536
261,497701.5694444445,3899.8165336082766,476723.61805555556,14397.809224371878,492971.9756944445,2593.0977204487654
262,498270.4270833333,2732.963975357781,477667.7708333333,13595.411421128212,495265.90625,1583.3873059605735
263,498621.8333333333,3036.190263556428,477724.17013888893,13028.493148204758,495878.19097222225,1336.290853786297
264,499630.19444444444,4322.188613419748,477996.26736111107,12961.755398835525,496177.9895833333,510.4240221621472
265,500671.8125,3248.0717363124495,477312.48611111107,13792.45599377053,496263.80555555556,591.7556045916745
266,500816.7916666667,1251.6872645539559,477434.4513888888,13693.440113965777,495983.74652777775,519.9541596729061
267,501176.13888888893,1080.1420802133634,477226.0902777778,14110.020128175067,496495.25,1731.7397112491897
268,500589.4618055555,1994.5723816681352,476849.7638888888,13996.658084101966,496136.21180555556,914.5993244576044
269,501137.6076388888,3627.368175461803,477279.7847222222,14511.984914604593,495358.6666666667,918.8077662182775
270,502100.98263888893,1582.2879489043578,478608.4479166667,13531.211785289739,495348.46180555556,2786.2056420923827
271,502282.3472222222,2545.8947600321967,478732.97569444444,14101.634283155758,494679.2604166667,3290.9485552883816
272,502729.21875,2388.016444675175,478344.6944444445,14999.76167805589,495634.7291666667,3601.5916722577085
273,502163.0833333333,4772.594558971819,476997.9618055555,15316.618747602599,495921.40625,2530.8988956598173
274,502437.21527777775,4410.526331772303,476913.83680555556,15748.382846391307,497020.1666666667,2541.006716297691
275,502459.0972222222,4343.9837720659,477079.80902777775,16240.502986682806,497227.28125,2227.1746819237333
276,502543.23611111107,4502.164048777693,477602.5625,17726.602541606135,496808.1354166667,881.6963668964717
277,503133.8645833333,4781.3254421585125,478026.7604166667,18192.67061156207,496355.2638888888,2088.9014033843955
278,503890.93402777775,4593.366482978951,479247.55555555556,17019.15211872536,496810.14236111107,2703.1060583860535
279,504919.26736111107,3929.611660306561,480574.32986111107,15243.684760806414,497310.5590277778,2170.629955392658
280,504974.9895833333,3163.0324638384764,481280.5729166667,14283.705898132777,498319.28472222225,1725.758062640802
281,504636.3993055555,3445.299198156055,480728.6041666667,15002.3795255957,499204.10069444444,1947.7329358630982
282,503715.7430555555,2629.8232049377266,479758.09027777775,16180.249858317242,499014.89930555556,2259.924556751003
283,503969.2083333333,3237.0896778366787,480747.4826388888,15611.523445754596,497498.80555555556,236.50969094738483
284,504062.97222222225,3279.421875017931,481152.9270833333,14645.732247335905,496309.4270833333,2667.9903552077863
285,504981.86111111107,4953.135489302053,482664.9270833333,14617.877906044352,496553.27777777775,3265.395192278408
286,504306.37152777775,4517.039992947566,482328.5208333333,13895.057543300036,496521.29861111107,2446.4985505422455
287,504030.4236111112,4415.206343809196,482925.16319444444,12717.928384789886,496845.25694444444,3378.0061909986057
288,504160.76388888893,2318.184469639807,482600.4166666667,11845.645066782014,497275.43402777775,3855.9616987906325
289,505473.7777777778,1618.9734026562708,483649.43055555556,11484.691382482204,497545.3576388888,3045.893325481011
290,505618.3645833333,1196.9729690013858,483496.375,12093.916502572778,496692.84027777775,2741.0257163286838
291,506246.79513888893,2343.616753095032,483788.0243055555,10803.80564609123,496287.99305555556,2784.0718649743376
292,505369.8020833333,2856.6373288274663,482484.48611111107,10790.877249150904,497200.2256944445,1282.3097291889464
293,506085.55555555556,2762.087852305852,482733.73263888893,10649.893624162758,499234.3541666667,1638.6911558013494
294,505060.80555555556,2375.9827988774205,481754.96875,11170.492064905355,499668.7673611112,1716.7018472178029
295,506044.7673611112,2912.596179979591,482949.6145833333,11417.272159463446,498772.96180555556,1829.5884050560364
296,506115.04861111107,4891.0516364134155,482807.48611111107,10626.386999453067,497740.80555555556,2154.0497486337676
297,507360.4722222222,5439.271365620586,484014.9513888888,11765.2608617766,497151.34375,1215.018196389027
298,507384.75694444444,5825.069600821954,483835.3159722222,12861.772512210453,497569.1388888888,2260.6645317571374
299,507231.28125,3949.285601656963,483928.6770833333,15557.478109263919,497170.00347222225,2190.500526815482
300,507283.7708333333,5041.745477732844,484701.5625,14869.210125387619,496390.62152777775,1103.9286679593072
301,507183.39236111107,5170.077712313422,484983.94444444444,14692.320168814758,498003.3194444445,2024.8257351803666
302,507751.8125,4441.012043448214,485128.0416666667,13360.975146936766,497474.2708333333,2331.3850590857737
303,507878.75347222225,3610.364438702069,484772.3020833333,14345.829893075961,498757.0347222222,1571.2745565380978
304,508607.3055555555,3062.4642308769535,485150.6875,13400.661298498973,498206.98611111107,3415.0760214756733
305,509232.66319444444,4055.9393495328873,485862.3333333333,13538.148212112645,500135.7986111112,2834.4668405189364
306,509914.38194444444,4207.363517072555,486718.62847222225,12458.737966500405,499896.33680555556,1442.3937697205013
307,510361.1041666667,5042.520992451087,487442.7604166667,12318.565397477578,498914.5416666667,1721.2167905343301
308,509982.5729166667,5565.7235507078185,487266.10763888893,12394.090383417733,498519.95138888893,1520.3265392156525
309,509794.6979166667,5250.600594438905,486405.60069444444,11918.003317092402,499077.40972222225,941.8140722992949
310,509610.05902777775,4330.228199656912,485661.53819444444,11524.747126058324,500878.75,1564.6679185760318
311,509864.4895833333,4370.776425255622,485455.94444444444,12012.45013042697,499735.1666666667,2051.6872053946986
312,510130.2152777778,4558.742696073472,487138.47222222225,12895.228784249948,500162.8645833333,2433.2571210016754
313,511005.8020833333,3551.144075155642,487085.84375,13245.158853816194,499668.3333333333,2574.783607433564
314,511669.7083333333,4523.611693213351,488269.9340277778,14274.496726727704,501979.4930555555,2724.007299717891
315,510961.76736111107,5631.074170187161,486179.5,16118.90064045559,501292.04513888893,3539.1713706938067
316,511427.35763888893,5536.79117871325,487792.2916666667,14730.81873555913,502383.74652777775,2677.9210983520156
317,510819.75694444444,4058.449064570732,487625.56597222225,12230.818535841214,501723.78819444444,2969.20601918554
318,512314.8645833333,3298.6606870415794,488923.9236111112,9326.971121707064,502278.30555555556,3152.2406359862266
319,511051.61805555556,3461.377044218854,487639.4722222222,11471.651875139605,500381.21527777775,1869.1736108950352
320,511960.2083333333,2402.7862186022057,487325.96875,11077.307629759483,498921.74652777775,2335.54121660274
321,512241.3055555555,2734.58533679768,487858.4583333333,12688.5333076887,498525.16319444444,1948.3229077373142
322,512642.2916666667,4152.951750799201,488266.1041666667,13049.30555555372,498692.5729166667,1281.0211405105288
323,512798.77777777775,6534.7877773465725,489354.5138888888,13962.757251731564,499803.22222222225,531.0191169379436
324,511936.4236111112,6999.176434078003,488981.3229166667,12523.534652413946,499175.71180555556,1924.416253604409
325,512803.5034722222,4795.700907439127,489630.63888888893,11290.907853906196,500323.7708333333,2809.443271923348
326,512409.4166666667,3722.2592805715553,488590.0034722222,11719.952960892222,499375.6145833333,2467.6488510313698
327,512189.2951388888,3674.3997115248035,488394.62152777775,12916.035910108836,500869.9791666667,3086.020356552905
328,511664.9166666667,6359.149068271979,488481.9930555555,13748.685997632449,500410.78819444444,4126.2631496313525
329,511739.71527777775,4766.4551976139055,489158.1458333333,13704.257315345958,501711.36805555556,5080.246471243952
330,513692.6215277778,4589.274120814996,491509.63194444444,13488.796412714693,501821.8333333333,5180.316385873299
331,514211.94097222225,3292.71387707033,492604.99652777775,14342.558976549628,502420.54861111107,4472.41991111793
332,516095.125,4588.946021473699,493539.93055555556,15798.402594417608,502908.23263888893,2676.3302078071697
333,515426.375,3795.795930297906,491814.14930555556,16932.229502328504,502749.86111111107,2949.5502737016423
334,515414.7743055555,4269.732812149449,491022.42013888893,16438.296141393555,501587.07986111107,3131.5828454779307
335,514480.29861111107,4622.670573212346,490382.3229166667,15229.643390812103,500103.96875,2828.0389715468145
336,515544.09375,4543.791599754177,491588.6666666667,13653.669388942742,499060.3472222222,1390.4242082072703
337,516705.9895833333,5945.236753277134,492327.0104166667,15334.354580273493,499622.1354166667,1006.9478436065566
338,516792.0625,6434.682490359273,493160.75347222225,16586.183409761572,500438.98611111107,2663.12767571895
339,516223.74305555556,7259.840382746522,491723.6041666667,18249.777598150205,501403.71875,3512.318614135187
340,517041.63194444444,5478.228653789116,491409.9270833333,18584.72387971717,502135.31944444444,1361.7900902191723
341,518246.0520833333,5192.888550544138,491482.375,19165.44950247565,503217.38194444444,1473.685953091455
342,518643.8194444445,4789.755627795055,491694.1631944445,17630.44814918545,502832.90625,3306.654383417116
343,517004.73263888893,4760.311531939127,491132.1041666667,16007.80564898718,502994.9583333333,2576.271211825191
344,516207.39236111107,6801.078864900694,490338.6458333333,15777.733819618943,502690.7847222222,1208.4456222221065
345,515555.8368055555,6547.386430379771,491047.0104166667,15973.895169517007,503210.125,2279.13935388874
346,517328.93055555556,5552.26303790178,492690.5451388888,15192.267346153647,504332.03472222225,1617.9059634034227
347,518591.23263888893,3166.5377168155255,494137.7777777778,14266.728296838992,504855.9270833333,1836.6798690884566
348,519262.9791666667,3811.6879060519145,495072.3125,15814.119071027058,506195.1875,2982.4862771961125
349,518480.0833333333,5386.526058172284,494566.6180555555,16285.47237175298,505168.5,2625.824145571783
350,515534.25694444444,5710.384894988044,493130.82986111107,14885.46268166047,504238.21875,3204.6082777229162
351,515222.32986111107,5316.764979022331,492990.25,13304.268762217233,502354.9479166667,2402.0813700438275
352,515322.75347222225,5966.103469643823,492635.97222222225,11269.650685301689,503224.5416666667,4890.53316517212
353,517351.93055555556,5133.521000741454,493416.8194444445,11350.792258310097,504220.9270833333,5217.237639812648
354,517391.4375,4462.619282892133,493319.47569444444,10121.8631567101,505381.3298611112,4108.494339587913
355,516949.7604166667,3192.1156533731155,493398.02430555556,10080.0969474333,505135.15972222225,1301.101169756764
356,516912.96527777775,4044.6900200273803,493909.3715277778,9254.95478905156,505559.17361111107,1776.4196316214232
357,517901.72222222225,4813.992613614392,494554.66319444444,10245.210406712687,505963.8333333333,3628.403113548072
358,518473.7048611112,4271.0693764716925,496087.25694444444,10336.795172304268,505685.1354166667,4040.799844330897
359,518682.4305555555,4659.366547754984,496147.05555555556,11122.374976109832,505488.6145833333,4524.068714678703
360,518180.15625,4234.588639687935,496194.00347222225,10134.482232866738,504922.3611111112,4924.669836961097
361,518995.09722222225,5328.459205532795,495978.52430555556,10714.000847158915,505479.89236111107,5419.598719461093
362,519466.0833333333,5473.201613737831,496265.6979166667,9810.53916269991,504621.36111111107,4459.154640475602
363,519302.39930555556,4806.20591985023,496129.625,9260.026420213924,505485.71180555556,3508.1258552400495
364,519808.98263888893,4690.856447283425,497061.71875,10067.697987832045,506158.78125,5319.764096399495
365,519839.81597222225,3786.9688484698254,498640.6979166667,9659.31124318439,506394.0625,6577.607213027491
366,520102.70138888893,3836.5938031892197,499421.23263888893,9358.89554176958,505445.15972222225,7850.011556563919
367,519254.20486111107,2643.794460987055,499115.75347222225,8241.476722757841,505189.40277777775,5576.01532571239
368,518823.9236111112,3052.4148460517818,497626.4895833333,7671.045594812146,505652.6840277778,3821.846501783653
369,519636.77777777775,1738.7033767829464,497524.7395833333,8487.953317468897,506317.9375,2771.5067608768227
370,518704.6979166667,725.3116915597178,496628.17013888893,8471.30212688526,506261.53125,2248.902566734687
371,519547.7777777778,499.76459522840105,497398.63888888893,9345.496826856826,506517.9826388888,3610.022862736549
372,520398.9791666667,743.6006588072968,498527.1180555555,9158.770100222731,507547.4930555555,4256.235181237641
373,521664.0625,2627.0001259787346,499045.2118055555,9685.723912458454,506386.72569444444,4670.561845846144
374,522183.1527777778,2295.565515665252,499152.95486111107,10706.222349006426,505738.18402777775,4331.516960346624
375,520912.59722222225,678.4697304717158,497581.96875,11429.147994861873,504100.6111111112,3885.9015226456063
376,521489.49652777775,1890.9539115105883,498001.37152777775,11707.72389199352,505258.76736111107,4027.366622110556
377,522151.125,1574.6457055419708,497366.5486111112,10421.914884410251,505326.08680555556,2530.81877331017
378,523745.0729166667,1586.1136973482792,497579.96875,9454.398923321465,505699.1805555555,2099.0721759949597
379,523574.18402777775,202.03945623677853,496971.72222222225,9126.991679053914,505500.3611111112,1779.346533353371
380,522763.1111111112,2068.5680396944053,497810.1458333333,10981.315085194738,506367.9375,2282.431234583688
381,522277.6527777778,2866.3948123188393,499080.42013888893,12073.228819242242,507801.0729166667,2257.6646338547125
382,522667.3854166667,3552.198682893089,499477.2118055555,11999.221347053453,507686.17361111107,3764.028503552658
383,523182.4722222222,2956.342517442751,500021.30555555556,11640.659248897853,507477.1875,4670.997289706656
384,523523.9166666667,3575.818794091407,499837.81597222225,10083.413202686732,506655.6354166667,6224.097595478247
385,523991.77777777775,3136.19005718679,500277.6631944445,10297.681368829062,507393.94097222225,5369.113840507365
386,525068.5868055556,2847.4666982206045,501495.0,9591.013182634364,508039.48611111107,4740.4453642050275
387,526071.8854166666,1767.967635819885,502005.43402777775,8748.047044743276,508419.0173611112,3012.518918154886
388,525688.3958333334,1071.1133331543108,502666.2916666667,7895.875636787511,507336.6319444445,2488.213947880455
389,524549.4618055556,1022.8111169095823,500815.4270833333,8909.86743029513,507273.3020833333,757.725309059085
390,523778.53472222225,2763.0321111600842,500880.5798611112,11220.47973772694,507801.4479166667,1093.359098351057
391,524066.3923611112,5479.007953483303,500538.86111111107,11545.9115704127,508862.0,2200.0579480363517
392,524539.8263888889,4808.584707121381,501325.38194444444,10843.688518759503,508846.24652777775,2735.2007940002686
393,524732.1423611111,4517.778048448711,501810.0104166667,10770.785874996198,508481.64930555556,2120.0173488672353
394,525179.7743055555,4147.098361494993,502218.8506944445,11574.301753964828,507545.18055555556,1579.8681325431621
395,525516.5277777778,4495.921431082565,501714.51736111107,11154.54772589766,507772.49652777775,2256.6593344382436
396,526484.1388888889,3455.2582404152095,501160.40625,10208.660055236063,508538.4340277778,1947.9377410383415
397,526512.2118055555,1951.0294081728239,500093.1111111112,10833.601320915785,508779.5104166667,2656.0296332814187
398,525583.3715277778,3916.4199929847755,500425.98263888893,9731.009220099384,509288.22569444444,3456.7243747401217
399,524820.1736111111,4070.2002501761076,500105.37152777775,8800.847848118903,508703.8715277778,4186.772471850785
400,525411.6423611111,6456.468549936653,500536.6736111112,8865.054057617508,509355.6770833333,4746.092814963317
401,525769.9270833334,5692.238506868379,499288.4027777778,8985.653727927762,508333.37152777775,2684.938561944466
402,525280.0451388889,5770.788417886429,498738.1354166667,9396.814695418376,508708.5833333333,3444.2371544298444
403,525175.3194444444,4012.1995020462637,499604.72569444444,8435.341670683207,509069.00694444444,2516.1878498469914
404,525659.3298611111,4588.194768531213,499940.74305555556,8889.338266595652,507629.7604166667,3707.5778076329952
405,526075.4409722222,3997.043936795696,500787.9965277778,10046.067264490877,507621.29861111107,2209.1762648402105
406,525574.5486111111,4721.57466696826,499796.3993055555,10338.314023130479,507727.4895833333,2334.103540269146
407,525017.4340277779,3204.352330824799,499654.1006944445,7531.437699426895,509241.8055555555,2763.284394088725
408,525787.8020833334,5112.67329596056,499112.7013888888,7215.438583998532,509453.40625,1835.305934011894
409,525342.8159722222,4917.645006347706,498846.30555555556,6263.580519035328,508220.75,1107.1769075155112
410,526749.4861111111,4915.094411938539,500705.3229166667,7497.887428474919,508676.68402777775,2348.7129362146175
411,525887.2326388889,3794.8946690364446,499874.50694444444,9432.778774834442,508893.59027777775,2208.9367631813375
412,526875.1944444444,3592.3542567580403,500481.125,11340.885354409205,509893.9270833333,2480.4091594766883
413,526390.8472222222,4970.771126162059,498781.8993055555,13401.924538366393,509614.36111111107,2034.2217815534834
414,527630.9513888889,4212.049058060185,500211.6805555555,10543.382835469383,508908.4583333333,3030.0076148860167
415,527841.6423611111,4997.470842001939,500629.875,9482.59130586273,509484.2604166667,2244.7306076624345
416,529064.392361111,3346.149074589552,502518.93402777775,8428.0919924549,510269.96180555556,1363.6173853090525
417,527910.3194444444,3409.4071089187796,501742.09027777775,9341.126169505436,509735.99652777775,2645.6444010901428
418,527951.9965277776,1241.4521144477203,500980.74652777775,9281.011198564243,509777.0625,3747.5047100381094
419,528946.9618055555,2850.727441624987,501495.6770833333,9212.625676532318,508637.6458333333,4253.647579996386
420,530866.1319444445,3555.0281848544687,503167.03819444444,9874.797591435712,509473.59375,2811.4158466747886
421,531105.3472222221,4075.585970583484,503656.5486111112,10224.196623731894,508808.6527777778,1813.822630816058
422,530736.9652777779,3114.007471104196,503158.4375,11367.415383115715,510945.5104166667,1850.8694422259307
423,529100.3680555556,2113.6353170821158,502300.32638888893,9790.117110170457,510917.79513888893,2375.813318395242
424,529140.2916666666,1719.3264845078124,502739.7916666667,9054.421410965388,511173.02777777775,1043.2799421998698
425,527352.0625,1728.1758361018,501923.0625,6596.3814753020715,508908.4791666667,2551.685369885563
426,528716.3888888889,2253.5498528722965,502820.00347222225,6433.811482311499,509209.1840277778,3945.824602852643
427,528697.0347222221,3113.164258263497,502756.4305555555,5641.756483788252,509150.9826388888,3962.4381452373823
428,529752.486111111,1661.432236646339,504251.1354166667,7721.508559241966,510962.9479166667,1524.913058627118
429,529293.1527777779,1522.400653620724,504309.26736111107,7338.042515038337,511158.23263888893,1094.0305704291836
430,529888.5763888889,2020.7699431996516,505024.0381944445,9384.451620707003,511937.6666666667,1482.5193945471112
431,530182.4166666666,1692.6250603875872,504699.8125,8318.49153878891,511809.7395833333,2948.0497541365517
432,531083.6736111111,878.3177848712434,505060.84375,8987.520886267703,511733.77430555556,3212.660399765315
433,530366.7083333334,549.5048272049651,504529.38888888893,7344.677130766282,511632.7395833333,2590.1065685524086
434,531398.7916666666,557.0959157766282,505352.2395833333,7343.385919306861,511645.5,4266.20421513943
435,530260.7847222224,593.6845506081271,504194.0625,7413.201463722119,510920.04513888893,5315.554763332324
436,531596.798611111,1959.4145038917634,504290.80555555556,7986.063715281301,511613.74652777775,5802.2674774071265
437,530783.6597222222,2937.905622581062,503154.84722222225,9007.784075472737,511813.4861111112,4636.249251449283
438,530496.2291666666,2362.924615813465,502185.1666666667,10099.319030524604,511691.84722222225,2996.3029339247455
439,530007.2708333334,1797.6667966818784,503019.5833333333,10772.97479383149,511057.43402777775,1963.5197640890913
440,529751.4097222224,931.2841279012578,502848.0416666667,11839.250427800149,509332.15972222225,1207.3693542256135
441,531834.1944444445,3209.9353002964413,504811.24305555556,12854.466583828627,510833.1354166667,2140.532298352618
442,533057.0,3486.1383752322863,504516.4479166667,13133.229903816053,510255.9965277778,2012.0369532951183
443,533644.0277777779,4986.313762454692,505182.14236111107,14174.024429047213,512032.84027777775,2653.049565090676
444,532829.9513888889,2475.2438972430623,504934.5520833333,14037.34923048966,511703.82986111107,741.9747116259633
445,531687.2916666666,2987.326979459244,504480.3541666667,15282.159237886299,512373.625,510.83050899419743
446,531788.3958333334,1693.9116717633133,504231.79513888893,14560.613558117628,513026.11111111107,1573.748339742315
447,532260.5694444445,2494.4790755221065,504090.08680555556,14580.517627284386,513070.93055555556,2240.818732939976
448,533064.1597222221,2337.4057765038447,504060.6979166667,13244.023747027464,513655.1597222222,2655.535484707312
449,533140.25,2990.4186033358415,503863.90972222225,12479.030070970612,512746.24652777775,2611.618897975996
450,533437.0069444444,2617.111908305807,504404.5625,11505.180641980403,512876.76736111107,2119.731070805
451,534258.1527777779,3069.4257474999704,504385.87847222225,11057.550477385677,512629.6006944445,2867.6199196575612
452,534254.9236111111,2940.5574557077425,504318.0625,10072.565935460401,512449.5069444445,2965.7135214172067
453,534694.1041666666,3227.7817807216047,504631.3541666667,12216.190588016683,513540.1875,2379.3391435630074
454,533593.1319444444,3846.0832088229545,504751.85069444444,12772.370932808904,513421.2118055555,1098.5948060535125
455,532652.5,5167.994504607413,503749.8680555555,15087.005032044959,513652.1076388888,1326.3584182982136
456,531546.2638888889,2730.983053342632,502892.7986111112,13737.931639950744,512365.9548611112,3318.3797368511296
457,531269.1180555556,3382.5444350635316,502790.12847222225,14629.907431610798,512763.09375,2787.4835923782325
458,532959.0625,5374.015086482321,504467.09722222225,15377.44959639479,513339.02430555556,1305.3934448380446
459,533073.4583333334,4193.974352129407,504156.3229166667,16283.32968159891,513350.6111111112,1200.4392679419873
460,534403.9652777779,2995.2669388331383,505786.17013888893,16313.848752990576,512825.0138888888,1840.8530239915733
461,534445.3958333334,1850.4274953006354,506515.33680555556,15495.511013310304,512498.43402777775,2292.3662901834596
462,536057.7847222221,1675.0544342747744,508106.625,15031.820482168421,514117.92013888893,2621.9743290293804
463,535453.6319444444,3140.930751032815,506764.4583333333,14828.855625158702,514902.8125,3663.908313964477
464,535246.6319444445,3548.0159419422475,506037.4861111112,13793.891857862587,514255.2569444445,3299.4564831227203
465,534064.9097222221,3860.5539628250904,504391.53472222225,13792.68644078178,513797.6875,4938.216982961709
466,534294.1319444445,3317.4394507953384,504166.04861111107,14794.791419687332,513908.1979166667,3621.9227599819565
467,533585.888888889,4315.971125407699,502736.4270833333,16239.083540480371,514627.3333333333,2930.268329923313
468,533350.9930555555,5220.0296504291955,503244.29861111107,16179.412799231086,514012.2916666667,3465.755204775938
469,532941.0625,4489.086415413729,502520.69097222225,13313.402356221623,513243.43402777775,2995.279791820145
470,534316.1597222221,3320.239850926338,503381.54513888893,11604.765877820606,514190.65972222225,3141.0697395223456
471,534886.2361111111,3095.2588275208773,502159.3298611112,12840.390657230319,513975.19444444444,2378.835858959813
472,535686.3125,2962.534539839086,503780.66319444444,14905.355148550487,514607.56944444444,2494.6410073100656
473,533821.25,4242.28500338124,501840.0208333333,15179.932038231593,513316.2395833333,3932.2846523668127
474,532982.2013888889,3103.7595986123238,502039.71875,14352.963238086662,513712.1041666667,2247.663035269564
475,532605.6041666666,2940.268662064989,501740.09722222225,13938.502927177919,513214.0,2896.0124896431767
476,533815.736111111,2186.073813092917,503924.74652777775,14429.490336228688,513355.5416666667,1807.0135356651867
477,534143.3055555555,1922.8044974883069,504234.9479166667,14269.493778891989,512964.07638888893,2870.553507096178
478,534412.0208333334,2040.6433939744427,503432.4166666667,14883.761096872668,513908.7395833333,1849.7667512904668
479,533520.2361111111,1983.176237796832,502408.76736111107,14680.37959921743,514285.7604166667,1367.9322544151341
480,533188.8680555556,2085.687489941932,501915.42361111107,14755.707908151868,514336.90625,306.4383967356802
481,532752.1597222222,1152.8178212380762,501064.26388888893,13483.055906778774,513447.2256944445,1149.8075518477617
482,533856.7638888889,1946.878927378457,500724.54513888893,14688.682708034172,514865.76736111107,1793.572389227928
483,534681.611111111,1889.748575135873,500919.23611111107,14321.016084334007,514456.50347222225,3262.793647191126
484,535515.6041666666,1386.241964083546,501364.1215277778,14680.816239920227,514511.41319444444,3151.3184641913067
485,535587.6319444444,802.6161948409947,501614.6979166667,14379.399229203435,513382.67013888893,2563.9689759954
486,536416.3333333334,659.8069619188382,502157.8506944445,13858.633683999135,514082.1354166667,2615.2237590700365
487,536999.2152777776,1134.6756405124793,504013.98263888893,13693.433181953651,514277.6875,3787.0060113859654
488,537143.5763888889,2140.298245573701,504164.0208333333,12238.468818388337,513776.9583333333,3037.4662569392062
489,536368.625,1757.2764135624939,504155.8993055555,10406.977200912977,513895.2395833333,2116.1812473706104
490,535874.125,525.4600823821762,503551.6458333333,9632.001869114156,514477.5520833333,2301.038491231575
491,535252.5763888889,2155.742019202817,504447.1875,9973.9000706795,515553.1284722222,2586.4667875233695
492,535489.4652777776,3021.244667421434,504512.8020833333,12082.434900202075,515973.14930555556,3655.533932170003
493,535501.6527777779,2283.8265871893473,504998.8333333333,11735.438596720625,516431.6145833333,2537.572793752674
494,535828.5069444444,1407.9869003970732,504888.1423611112,9645.18505608344,515923.7951388888,2762.0815424394714
495,535515.2222222221,1010.4536772287992,505110.32638888893,9325.44352547738,515617.65625,1310.700315543506
496,535892.7708333334,1880.554401554162,506089.32638888893,9465.956814970576,515344.29513888893,808.0767156918337
497,535490.8541666666,3200.0868209250716,506528.4409722222,10906.548137770404,514456.9479166667,906.9836261901773
498,536529.25,3077.9819518368413,507056.1875,9620.476478783114,515187.76736111107,1122.104626875737
499,535874.4722222224,2762.013263927222,505100.0243055555,9261.283107410602,515482.68055555556,1959.9317383197297
500,537581.236111111,1237.6599197548478,505135.37152777775,8827.903889084077,516173.34722222225,750.6878805345576
501,537451.3125,1279.2521990608745,505345.48263888893,9061.400091348323,515753.82986111107,813.0450832074438
502,538085.3194444445,1412.2582490903692,506859.46527777775,8822.76130267291,514792.9583333333,1825.9517803271613
503,537610.5555555555,1361.8864374636196,507684.2951388888,9968.889675230414,514348.125,2991.1420963359424
504,537348.5486111111,1267.0494284166161,507388.2465277778,10209.616394464994,513514.03472222225,4231.740821692724
505,537206.7152777776,1695.1221692100803,506894.99652777775,9887.931991745641,514224.87152777775,3224.6750533486033
506,537231.9166666666,1137.4265109044775,506711.9861111112,8787.163241892295,514684.45486111107,1273.1482424263545
507,536522.2222222221,332.96788582671456,505991.54513888893,8119.210627491949,515037.8020833333,1471.2685322056102
508,536906.013888889,987.4749852521828,506260.69444444444,9165.734051719513,513079.5243055555,1679.306698608644
509,536887.3819444444,2382.4666617272665,506371.78819444444,10138.341326139342,513460.94444444444,2084.844375596688
510,538092.7916666666,2341.869162081692,508460.0729166667,11606.72517742124,513422.85763888893,3037.9837843891546
511,538119.25,2399.9881961334795,509250.6145833333,11982.324225289174,515613.37847222225,1523.936527609888
512,538240.4027777776,2149.7558707825733,508859.42013888893,10798.950174354944,516132.6423611112,2455.4249590726463
513,538175.4375,2744.1721107377543,508630.71875,10184.149420419255,516079.7708333333,1521.4842132095835
514,537627.7430555556,2248.235779629104,507680.26388888893,10304.599788762707,515767.01388888893,1518.9432081013683
515,537476.1041666666,1305.6210159970303,508709.2951388888,12036.81437753338,515374.9895833333,921.7889723867015
516,538404.4583333334,1052.5827739868014,508942.11805555556,12951.898946742991,516165.14236111107,1265.2605815518177
517,538971.5416666666,521.9480753894939,509534.07986111107,12389.80384399088,515133.56944444444,1924.5218622443895
518,538399.1180555555,1108.1849153315366,508861.0763888888,11300.596598451739,515396.8194444445,1718.3587016802785
519,538266.7152777779,1068.2234315084806,509244.32638888893,9975.186628144458,515165.34375,1926.5054676101417
520,538572.6805555555,774.9344263627036,508808.59027777775,9098.588392530442,515949.6770833333,1557.9664850271774
521,538810.6111111111,955.3778476298787,508684.3645833333,8954.438457980774,515698.3680555555,1206.8255670373067
522,537891.8125,941.6989040849483,508037.6666666667,9319.775732052065,515144.02777777775,1543.0378891096466
523,538023.2013888889,1860.0548426069956,508686.6909722222,10261.928183003954,515622.82638888893,1503.4112775048238
524,539187.1736111111,1080.2209436208304,509922.06944444444,10066.840244871753,515573.79861111107,533.8807753869902
525,539668.5555555556,2639.544838440482,510454.0416666667,9872.233863741001,515496.25,856.5656811120951
526,538478.0208333334,2431.703949694192,509548.01388888893,9539.439515892935,514780.77430555556,1125.4547404787313
527,537914.9861111111,2779.954660927288,509228.9236111112,10266.056489036187,515549.50347222225,2309.1295117965437
528,538382.5208333334,1994.2577623189463,508380.53125,10160.204667864897,516018.96180555556,669.48165724
529,539763.2361111111,860.5790265834846,509416.0451388888,9781.423697796185,516545.1944444445,329.81372095618804
530,540998.5625,1312.0825930187134,509775.3645833333,7902.989913605121,516844.8854166667,2072.0401287210716
531,541552.1805555555,1670.1922167653008,509646.71180555556,7348.504054751616,516784.57638888893,2163.752005712202
532,541380.7222222221,2408.3284203140565,509353.27777777775,7022.993874185716,516782.71527777775,1730.795231847139
533,540891.7222222221,735.64913238449,508825.4340277778,8745.786062694408,515372.76736111107,844.8329363592256
534,540231.6736111111,892.9785322160922,508833.8958333333,9109.533941205586,515738.125,2188.2662352464167
535,540379.4027777779,1808.6600034160704,508315.15972222225,9744.899645292617,514849.4305555555,2144.351121693709
536,540831.1319444444,3674.5494603678894,508483.05902777775,9980.738884848977,515499.2604166667,1342.862271205459
537,541271.2222222221,3005.230930687197,509569.71875,9643.328882124653,515349.375,820.8498462938087
538,541346.8541666666,2343.509611653648,509637.6458333333,8880.552808396898,516020.45138888893,900.1631175925943
539,541219.7152777779,554.1248141046104,508938.1354166667,9391.234191491114,516307.17013888893,513.6102415055403
540,540467.5069444445,859.1410947671059,507234.2604166667,10478.79938666859,516113.14236111107,782.6962768799411
541,539753.6736111111,1186.7370071347118,506564.1076388888,11095.30796530098,515415.05902777775,1794.1464131188359
542,537683.4097222221,1009.8750830198956,505959.0625,9389.224068448375,514882.375,2389.3378238862847
543,537851.8819444444,1851.8935019810033,505893.7152777778,8781.475133360651,515369.43402777775,991.2124798233991
544,538805.75,2263.994692259658,505947.70138888893,10035.193096334613,516292.5277777778,1214.6337599565088
545,540822.8055555555,1560.0826698532705,505455.4097222222,10461.18958892761,515752.375,789.7912655658218
546,540820.3055555555,50.55508432319545,504102.03819444444,10184.148906581486,514430.48263888893,1881.909191948949
547,540485.25,772.8328885412753,503812.06597222225,11758.85246333063,514561.7534722222,1108.9838732134158
548,540476.125,1190.8752465580026,503029.56597222225,12238.839270740626,515743.05555555556,1271.297900115923
549,540098.6319444445,2122.9320125726117,503697.6215277778,12145.704985467204,517167.875,515.3957732266495
550,540709.125,1303.0258115728177,503948.3368055555,12807.076648770046,517944.72222222225,742.6842698104232
551,541045.3194444445,1822.3375510273431,505305.20138888893,13910.764668304098,517515.52430555556,1331.628546137645
552,542403.2430555555,3242.4487146669358,505349.72222222225,15144.881910759714,516586.34722222225,2553.5057258613383
553,541523.5833333334,2551.9035012321438,503185.5520833333,14977.698686948916,514629.88194444444,3121.6399702697754
554,540517.3263888889,2456.8970677530547,500742.0416666667,14962.737177102814,514061.3368055555,2459.2469399044453
555,539585.1388888889,1506.58198167432,499050.3263888888,15370.662487601561,515111.12152777775,2241.615042154891
556,539974.5138888889,1874.93926305949,499307.8229166667,16145.270646582894,516489.48611111107,1578.0734808812006
557,539872.9722222221,1591.5560929542035,500066.7048611112,16144.253578933689,517137.5486111112,1622.8846596829567
558,539537.8263888889,3448.041908244879,500190.05902777775,17371.338424248606,517243.15625,2060.7901419657223
559,539300.6944444444,2319.835412449854,499720.23611111107,16914.908228395354,516960.96527777775,1643.854425889672
560,539578.6041666666,2786.4038409780483,499122.4652777778,18041.63191605081,517048.49652777775,2055.1673327906333
561,540765.326388889,2292.1403162352976,500004.7569444445,18349.837362934024,516369.9652777778,1974.6113621427369
562,541101.7638888889,3149.536102465702,501505.4583333333,18670.007864511364,516276.94097222225,2420.403629487645
563,542651.9930555555,3189.551684290349,503609.84722222225,18807.78676581476,516786.87847222225,2176.695322987608
564,542734.2638888889,1939.4262187230377,504830.6770833333,16835.993087852934,516888.2604166667,2007.2931015390116
565,543000.4097222221,1812.096377752206,505379.4895833333,17172.88797286462,517482.05902777775,1833.3942263896956
566,542074.3263888889,2771.583330227464,505040.5902777778,16780.62633789097,516788.87847222225,2221.4534500656778
567,541966.8611111111,2720.069190674123,505037.8993055555,17170.020321266915,517088.1979166667,1985.1875003279497
568,542396.2013888889,3954.8865624059226,505485.84027777775,17262.255694508192,517630.5069444445,1202.8981034846117
569,542129.4791666666,3118.275184575008,506047.5694444445,15610.193660027157,517975.29513888893,117.99346564734918
570,541528.2777777779,3628.6516273896245,506178.9791666667,15699.244920867852,518446.9791666667,1126.853328156368
571,540949.3333333334,2831.168282561833,506384.71180555556,13725.682991195652,518728.7361111112,1260.5801368396612
572,541159.2222222222,2738.8132793171953,506410.3229166667,14017.032739275135,518411.76736111107,544.6691509321539
573,541996.6041666666,2694.168883791841,507126.53125,13567.338686455296,518269.70486111107,2846.121775476866
574,541981.2569444445,1108.7913044521918,507103.88194444444,13496.301052336705,518017.8993055555,2789.264789997724
575,541763.0486111111,374.34861269305014,506739.0208333333,13530.84836822549,518667.5104166667,3163.4266692583706
576,541661.0972222221,290.6700788913873,506708.96875,14450.40559599559,518215.9479166667,2390.9504795453254
577,542150.9305555556,268.76940040874115,506808.7083333333,13698.052389580293,517094.70486111107,2229.3697965358497
578,542805.0902777779,476.3731984377541,507483.64930555556,13924.784761597904,516716.96180555556,1263.0415098965973
579,543170.638888889,1006.2173610849819,507624.7916666667,14381.582782924917,517240.02430555556,1942.2076298549166
580,543484.4791666666,2022.4181741834464,507333.99652777775,16257.746784079936,517626.69444444444,2268.4244863601657
581,543057.9583333334,3365.1177798569347,506920.28125,16825.4982141125,518416.1354166667,2683.298994022004
582,542792.1805555555,2613.4007272624594,506828.40625,16154.810008331062,518276.54513888893,2158.1051989493903
583,542449.8055555555,1894.5377601930475,506306.83680555556,16008.990922801973,518603.125,1167.2215884970797
584,542613.8541666666,1961.260285961085,506195.84722222225,16034.569136231386,517970.98263888893,1622.2777717320569
585,542266.1944444445,2113.8880252932227,505365.6006944445,16311.949279996776,517197.47222222225,1234.4291151259042
586,541573.0138888889,3216.499141547428,505738.7395833333,16709.564799329324,516924.32986111107,1394.0320478789647
587,541147.7083333334,2945.3492591280833,505482.6145833333,16882.648678070433,516431.7291666667,2196.6992196696237
588,540762.3402777778,3806.1910920873106,505558.12847222225,16885.210832169778,517298.375,1089.2698655302293
589,541356.3125,2512.6606626181638,506207.09722222225,16899.94839296012,516838.6666666667,1670.5681121001128
590,541856.5138888889,2594.2172347181418,505969.59375,17726.215597387283,516860.6701388888,1021.2324562198577
591,542341.7222222224,1810.0124681043662,506405.5833333333,18382.789816181044,515760.9583333333,1872.664637404166
592,541784.2569444444,2798.101793510396,505651.6284722222,18767.97302913746,516219.2118055555,1714.7601778336584
593,542655.8819444445,1697.0714186162768,507152.59027777775,18153.02181376903,516949.71527777775,1099.4457357311437
594,542634.1805555555,1405.3965745755825,506748.90277777775,18230.218237545418,518308.01388888893,2177.481535087738
595,543361.2013888889,373.840639750984,507863.75694444444,17362.154911559697,517811.28125,1538.5148150937712
596,542583.5138888889,633.86201903287,507894.72222222225,17124.544545666617,516928.06597222225,2043.2974839440442
597,542856.2222222221,535.9759810988118,509036.87152777775,16334.484261062731,516906.36111111107,1598.2960077871612
598,542510.0763888889,1241.3911436364033,508419.7465277778,16995.000686783947,517373.8958333333,1882.740958962408
599,542703.7986111111,1012.4049340944173,507755.07986111107,16480.031294710774,517735.5277777778,1663.692906802163
600,542692.7222222221,1224.430641909177,507277.0625,16626.574823476905,517526.89930555556,2268.3304659338614
601,542709.7152777776,2361.7870607593454,507471.40972222225,15327.39911505528,517742.75347222225,2553.3423389901486
602,542689.7708333334,2782.522589552766,506952.32986111107,15211.691915343828,518124.32986111107,3045.3425694800726
603,542524.9375,2837.5681150812543,505270.8333333333,15757.447932738743,518932.21875,2626.3413604111424
604,542288.7291666666,3079.374471731655,504205.0,15876.981279561312,518574.8854166667,2344.1209298837957
605,542231.7986111111,641.7287268193428,504998.4583333333,16171.048806139937,519105.62152777775,1795.6860243965984
606,540636.5486111111,1813.4728239773226,505761.98611111107,15860.775497975228,517982.68402777775,1700.8836615970997
607,540772.75,1504.3586510386938,506325.0069444445,15581.45538715197,518499.77777777775,1510.3384820760684
608,540259.4166666666,1365.7107154322337,506365.8159722222,15462.014540068762,517755.6319444445,1972.3067227563458
609,542030.9444444445,2116.884887079271,507931.27430555556,13507.320352918114,518262.1145833333,1610.1329772497313
610,542488.1527777779,2108.7015326476503,508905.31944444444,13920.331225294547,517669.0902777778,1441.4224769612458
611,542320.3055555555,3227.821807137769,508583.4583333333,12998.3585532264,517403.98263888893,112.1560339332082
612,541944.6527777779,2667.7881668658642,508120.125,14214.33390378297,517732.70138888893,981.2302294946005
613,541575.8472222221,2706.470046652282,508470.70138888893,13663.19030090779,518323.0520833333,1671.667359996685
614,541936.2916666666,3850.3465464524143,507793.12847222225,12995.200857595335,518956.87847222225,2632.9197874062856
615,540904.1805555556,3841.9820630616728,507679.0520833333,13224.788813372865,518112.44444444444,1541.284282403936
616,540266.7986111111,3684.1825445878567,507576.01388888893,13806.088707892353,517394.39930555556,1502.1089197692786
617,539068.9027777779,2378.595813769889,507799.8784722222,15315.535357729854,516364.04513888893,2535.299650013252
618,540269.0416666666,2319.280546614887,509029.6701388888,15291.164119372273,516901.59722222225,1794.7480460073734
619,540110.9791666666,3298.686627322762,509143.1319444445,14119.187202727388,517623.25,1378.7056345250219
620,540462.875,3414.4594905216195,510009.44444444444,13478.459785775207,517550.16319444444,2163.4647938450803
621,539943.6736111111,3059.7713640878014,509074.86111111107,14432.509242921651,517818.75694444444,2603.3973802352007
622,540638.1666666666,2721.1177597474534,509737.9895833333,14576.904029802608,517627.9166666667,3174.336864307789
623,541138.3402777779,2506.3211063213707,509580.7743055555,15476.16719274133,518612.55555555556,1365.4277612430944
624,542073.8472222221,2441.3069384764267,509504.86111111107,14980.796392803815,518927.5104166667,637.2047882477156
625,542140.7777777776,2789.0090700868523,508541.9375,15162.782774142654,518956.25694444444,2390.0670346577613
626,542159.9027777779,4126.897361898924,508397.5,13673.91803028439,518756.06944444444,1822.0048516097868
627,540743.3263888889,4021.3747022385933,507688.6319444445,12996.01215312416,517307.24652777775,1585.60886497661
628,542252.9444444444,3355.052431978571,507797.48611111107,12786.122547798752,518356.07986111107,1021.3446400378918
629,543503.4027777779,1901.2238659644493,508327.5069444445,12871.592196799118,518859.09027777775,1447.6750842501929
630,545067.4166666666,1353.3903831045318,509671.0208333333,13082.920283964688,520173.68055555556,386.8578153905122
631,543359.5972222224,215.00231783043554,509490.2222222222,13271.025827919957,519571.05555555556,1673.690564864229
632,541832.0138888889,234.20593192200832,509787.67013888893,13251.31780837122,520173.2291666667,944.5196765443102
633,540376.7986111111,936.4201842279336,509081.90277777775,12895.321120891436,519695.84722222225,1266.0858825333341
634,540647.7777777779,877.8078599748326,509410.6597222222,12913.40969667067,518896.8229166667,182.4081615860085
635,541577.8888888889,1423.7717755037756,509205.83680555556,13533.344028413647,518315.50694444444,1469.9503115544346
636,542534.9930555556,2042.626729664971,510043.4618055555,12756.822960779129,518122.9548611112,409.0043871235859
637,543027.2777777779,1428.171628878548,510109.06944444444,11334.225876821742,519189.1979166667,904.0866556860483
638,543626.4652777779,987.8990272249048,510664.88194444444,9572.084725696524,519179.9826388888,1174.9429218523044
639,543317.4513888889,483.4509592562267,509856.78472222225,9317.666239682356,519496.02777777775,1429.1826130872369
640,543061.1736111111,1116.8050637832343,510104.3125,9814.283657974447,518757.14236111107,644.0101767701793
641,542922.9236111111,2960.24248998912,510010.0,11016.741080714248,519384.59027777775,1441.6105388705637
642,542924.1041666666,2918.735351274803,510471.7465277778,10627.280991519623,518970.04861111107,611.9743292657434
643,542748.8541666666,2598.6759150996013,510560.5416666667,10895.4421899748,519573.82638888893,1325.6008843842249
644,542316.1805555555,792.7657229371559,510489.9201388888,9250.59513535305,519074.3958333333,2794.83166577865
645,542832.2847222221,1998.1630661769075,511244.7604166667,9195.025837827301,519117.9930555555,1392.1975937380973
646,543593.1458333334,554.9681606076285,511405.13888888893,7699.204831793996,518654.23611111107,616.0733077854229
647,543009.826388889,810.7344464080877,511583.3645833333,7131.823117223862,518357.77430555556,612.2390746252473
648,543221.3819444444,1293.9531517119437,511898.0381944445,6475.690687505416,518524.6145833333,766.8520469800512
649,543007.3333333334,2399.186467568368,511890.74652777775,6298.350348336284,518451.6493055555,1925.7371383649074
650,542769.8333333334,2408.2135933864997,512622.47569444444,7127.769620128831,518241.2048611112,1685.091220971791
651,542969.6736111111,2614.7204479596085,512417.55902777775,7923.970590026369,518188.84375,2426.4731210063187
652,542732.6180555556,3264.261608690541,511924.50694444444,9200.831857803898,518806.52430555556,1507.328173665726
653,544079.7291666666,3409.70017818602,512399.22569444444,9966.004378646938,520163.8020833333,1649.3205057363389
654,543485.4722222221,3721.6067038952606,511817.1111111112,9906.381507858776,520423.1770833333,488.3081823683454
655,543867.3888888889,4455.54302082113,513825.1458333333,9911.80158640494,519906.60763888893,797.3171458789436
656,543595.9305555555,5413.709622031155,512921.16319444444,8906.353958008844,519063.11111111107,1298.0439785211727
657,543906.7083333334,5012.645225582206,513186.2673611112,7335.593906211715,519505.6875,1027.3380642005707
658,543686.5833333334,3324.20184349075,512440.38888888893,6615.578707303152,519383.52777777775,1412.8131016034033
659,543653.9652777779,2027.0123245028055,512502.0104166667,5543.298572532054,519036.73263888893,1315.0658821710058
660,543450.5347222221,3308.267255409956,513715.8020833333,6857.692245336538,518628.26736111107,1294.4087808918912
661,544667.1111111111,4577.008247389604,514104.77430555556,5641.273454573201,520190.8576388888,958.3331332842482
662,544268.7708333334,4877.097785825091,513848.70486111107,7427.159607634407,520965.68402777775,1179.7100386153174
663,544843.4166666666,4291.382705816155,514517.2430555555,7181.990331728116,522292.51388888893,1212.8178687957916
664,543429.0625,5913.68654584431,514544.3333333333,9877.340389707799,521412.28472222225,1922.5511693408994
665,543122.7291666666,6344.796487678079,516109.7951388888,8709.48372190199,520563.98263888893,1097.2751695810855
666,542447.5833333334,8352.064522745262,515256.7673611112,8333.4003531832,519582.7291666667,1788.493155980377
667,541441.5833333334,7674.485661715383,514427.28819444444,7308.690443473232,519334.27430555556,2513.6208878879493
668,541817.2916666666,7921.505184442693,514074.90625,7495.348360637345,519783.31944444444,1942.3647634180736
669,542237.1805555555,6150.948465365518,514055.4131944445,8415.487184381645,520535.93402777775,931.2697285576486
670,543372.361111111,5703.453070713581,514590.96527777775,8541.925409148505,520774.31597222225,957.7957841534384
671,542678.7777777779,5407.599275521761,514395.67361111107,8736.935540007426,520448.7604166667,2090.4022177480933
672,542751.7361111111,5763.231490626934,515217.6805555555,8173.9525490502265,519833.96875,2302.6475288318734
673,542246.4652777779,5242.734679976066,514325.34027777775,8353.460312442421,518889.5138888888,1151.584537391539
674,543236.75,5836.515759094889,515261.1944444445,8135.488705455797,519634.84027777775,705.406828318926
675,542296.1944444444,5475.242270940344,514239.32638888893,8375.047426543071,519269.23263888893,1307.7682154461975
676,542384.951388889,6992.585046716389,514969.4791666667,8875.656248374034,519957.2847222222,2094.2046525006276
677,541930.451388889,7173.255822057809,513898.86805555556,10064.584966073668,519977.58680555556,627.7647953445846
678,542730.2569444444,7385.135272152578,514800.68402777775,9560.688815429032,520138.7604166667,866.4671422470387
679,542560.4513888889,7064.40594784712,515868.3888888888,8617.390930120746,519594.9895833333,858.4994047599034
680,543005.2777777779,7371.481820161489,516597.49652777775,7330.186032287296,518606.86111111107,1094.1420589157
681,542117.2222222221,6782.828459800158,515569.7881944445,7293.418021001717,518155.8645833333,655.4492104093201
682,542903.8541666666,6832.952238769747,515949.9236111112,7443.895733631585,518725.6666666667,980.1411763546809
683,542832.013888889,6473.597216441375,516897.31944444444,7460.770328525163,519588.5243055555,1173.8930268886736
684,543189.8958333334,7053.050745283117,517565.2361111112,7942.410516720812,519328.39236111107,865.8897772655347
685,542931.1597222221,7023.577561801227,516952.32638888893,9125.416461305622,519540.40972222225,312.09079046728596
686,542612.9583333334,7210.481913319616,516507.2916666667,9426.215697083688,518947.86805555556,1466.4108750346543
687,542298.0069444445,7526.0405751248745,517411.98263888893,10013.676958375863,519510.9652777778,1634.0885491064666
688,541727.375,6605.788841552802,517755.6354166667,9831.483124890367,519650.12847222225,1855.837025508684
689,541750.75,7358.414119536908,517890.3645833333,10925.737296479365,520388.6041666667,1733.8381816563133
690,542839.2916666666,7456.232701968377,517622.2395833333,11131.279457618795,521105.125,427.77114114565495
691,543800.1875,7709.691931934069,517634.8333333333,10336.446715226823,520209.04513888893,545.8474996505213
692,543867.6944444445,6312.954984027149,516950.61111111107,9289.919947426526,519775.4895833333,197.60296547912895
693,542972.9583333334,5274.255622381789,516237.28472222225,9157.772040354152,518726.53472222225,1296.9264677844965
694,542631.1736111111,5804.772919265865,515496.6180555555,10027.1747824699,519228.39236111107,720.0808215583131
695,542795.8194444445,5569.138740068744,514452.11111111107,10802.76795718169,519967.24305555556,1145.197341505403
696,544135.75,6174.309870587833,515005.64930555556,11308.282766830007,521173.28125,1189.9185241332789
697,543698.2916666666,6059.167409199743,515102.78125,10460.393058341773,520917.03472222225,1434.405840276549
698,543349.923611111,6911.843137690568,516090.01736111107,10510.09834394865,520966.03125,1307.7446048435436
699,542399.9583333334,6081.957593118865,515760.375,10694.447453791383,520310.86111111107,2575.980329594203
700,543573.8402777776,5811.014672612549,516551.78472222225,11901.844341550794,519881.4583333333,3380.508932496216
701,544691.1944444445,5405.799387945662,516532.4375,12146.159005840516,519057.48611111107,3594.8873032882825
702,544466.0069444444,6384.3600336112895,515408.2048611112,12428.69328031185,518433.7291666667,2108.6603319424903
703,543152.8819444445,6538.859631969687,514740.51736111107,13325.546706852005,519610.8541666667,1201.5860678948402
704,542564.2638888889,5963.77933261254,514528.3680555555,13568.61899818622,519389.1319444445,1198.0337518112165
705,541915.2083333334,5768.633661287754,515105.2256944445,14515.101215404575,519390.2152777778,2099.3043257102895
706,541053.6666666666,5284.651374721302,514570.19444444444,13667.622672392643,518982.4756944445,1878.3179500954357
707,540717.9930555555,5977.586680122157,514808.93402777775,14467.145164741396,519826.6458333333,827.8008050561212
708,541719.2569444445,5302.213470993545,515549.95138888893,15175.31182559168,521612.1145833333,305.7029618596516
709,542599.8611111111,4677.941963517027,515142.10069444444,15063.055452130682,520869.50694444444,1036.323272258162
710,541636.3958333334,5393.711863036284,514730.7118055555,14807.153545391118,519520.27777777775,1516.5640725278083
711,541832.2013888889,5426.77796135157,514972.3125,13135.636083165267,518577.32638888893,1953.3017558167094
712,541631.7708333334,5962.931686562483,516063.70138888893,14364.417481311302,519981.93055555556,943.7617772750768
713,542978.7430555555,4562.8780812874,517323.52430555556,14205.869316381431,521586.89930555556,1209.463146476046
714,543133.013888889,3431.151683873633,518192.20486111107,13799.026725906604,521930.93055555556,827.9732356568588
715,543200.8472222221,1283.4119837461333,519057.8645833333,12679.90911583643,522338.8020833333,1128.5045192546904
716,543118.2152777779,813.0053530805908,519085.0243055555,11376.84835145165,521771.2708333333,1481.4043677254856
717,542477.7152777776,1482.0423309173002,518228.3125,11377.813229577685,521127.1875,1225.432985633505
718,543113.8194444444,2358.0131571282027,518179.80555555556,11305.11177302841,520357.7291666667,823.6968419347133
719,543696.7847222221,3297.7752668500825,518841.4548611112,13146.573172600733,520768.75,920.3223931863029
720,544299.5347222224,3073.013339745827,519366.0104166667,14542.566787152407,520893.04861111107,1914.6989795599509
721,545174.5138888889,4976.138200573159,519222.4166666667,15294.343688078518,520855.30555555556,2952.1423156549677
722,546405.0555555556,5127.143735944345,520161.9652777778,15867.53594386454,520970.46527777775,2590.9326554756067
723,547181.1597222221,5440.9257413502555,519990.77777777775,14710.532863517106,521100.9375,2568.75636195228
724,547393.9930555555,4261.560002725353,520760.8333333333,15436.50423320422,520655.7777777778,1264.2825996547026
725,546610.5138888889,3083.525211254669,519567.53125,14640.525195567994,519964.77430555556,1285.3254673859044
726,546639.1736111111,3216.1287656317454,520558.8020833333,15403.763054643428,519881.85069444444,1847.0244441655761
727,545791.1111111111,3347.6929959465933,520191.68055555556,14430.462025103605,520564.02430555556,1013.9102583424007
728,545102.4861111111,4489.372826287512,519507.09027777775,15680.360548602574,520915.6388888888,684.9319469513642
729,544889.4166666666,4754.509204858043,519306.2291666667,16548.32875936339,521231.6979166667,1494.2549214544406
730,546290.5,5179.788708077766,519369.8854166667,17307.59229901462,521606.0763888888,1990.0392462567402
731,545747.6597222222,5819.961581864654,519856.3055555555,17405.321924603413,521478.7256944445,2488.763690156192
732,545988.3055555555,4596.683646610868,519060.14236111107,16767.216459707233,520969.5034722222,2083.2910908304116
733,545455.1597222221,3824.873565751103,518210.0347222222,15578.234151170616,520412.7604166667,1813.2829392256056
734,546554.2777777776,2609.6173369116605,518005.65972222225,13800.102909400353,520814.8854166667,1016.8952748973235
735,546951.5972222221,4604.339665317603,518739.2847222222,14006.021187031385,520815.7118055555,1353.8209568862383
736,546568.6666666666,5195.826780978565,519703.9305555555,14151.051972799953,520750.8888888888,108.88094583549467
737,546862.0208333334,5924.119424865595,520338.5625,14984.155822055924,520349.06944444444,712.176739407062
738,547589.8611111111,5751.688114679668,520742.3263888888,14481.250160068872,520635.6805555555,368.7425736854274
739,548354.7152777779,6421.203344314355,521358.0381944445,15017.265121044804,521080.1840277778,793.9829812641059
740,548608.3958333334,7616.392334250881,521377.31597222225,14611.885365336104,521684.34375,983.6323013361094
741,547675.4791666666,6855.553252953389,520505.65277777775,15494.408636107235,520715.15972222225,1398.3127612094327
742,547503.7361111111,7809.989141999331,519963.4097222222,15419.717344930146,520619.6215277778,2697.9567013264596
743,547215.9722222221,5503.326456039296,519254.86111111107,15992.85774186576,520195.6423611112,1967.6466009686721
744,547051.0347222222,5135.04658729631,519380.8229166667,16089.469049729156,520621.79513888893,2284.3854236332413
745,547361.2361111111,3032.420469348268,518673.57638888893,16114.775587136746,519706.09722222225,1347.4594675305655
746,547798.9722222221,3646.28186421517,518891.0902777778,16076.37496265636,520134.8993055555,1705.6107889690397
747,548628.0486111111,3923.21308494288,518571.2013888888,15167.438883862955,521139.3854166667,909.8500869176539
748,548159.2638888889,3463.664902966272,519183.59722222225,15225.135463965078,522497.0868055555,1534.4759367376082
749,547444.8194444444,2874.075600659165,519003.5243055555,14220.187204854043,521905.8125,1187.177224362172
750,546493.4097222222,2154.8971986562474,519081.00694444444,14816.910360925433,520844.09027777775,1203.5460951543107
751,547491.3333333334,1822.0330128494752,519100.85763888893,12982.84367397541,520662.2708333333,1097.89487086011
752,548885.5138888889,1023.7642451977957,519657.5243055555,13426.209383765141,520867.2395833333,1011.0342293904463
753,550062.7638888889,1422.738446826626,519383.9375,13088.465553632006,522432.6458333333,1888.9103932248693
754,550763.138888889,2909.258721072142,519141.0138888888,14070.867962003515,522631.9409722222,2320.024969659822
755,550898.7847222221,3788.721842093861,518680.2083333333,15754.79596946235,522640.8541666667,2574.5258304658805
756,550720.0486111111,2593.551912811911,519240.0520833333,15873.280914203842,521664.9201388888,2020.1118308311486
757,550554.3472222221,2094.1337480348484,519851.86805555556,16156.967589537968,520805.53819444444,1951.6534708062322
758,550424.6527777779,2596.7465707590027,520095.12152777775,15825.258057422661,521002.37152777775,1363.223339080922
759,550694.0347222224,4004.708198744233,520066.6875,14970.794321097339,520747.4930555555,2676.0381581723664
760,550649.3125,5228.2228729548215,519811.99305555556,14704.008850668139,521547.90972222225,2284.4923946060085
761,549880.0694444444,5816.762689719511,518985.1041666667,15964.151905951054,520324.3680555555,3720.0770732642
762,550545.0625,6549.238909576071,519189.3333333333,18013.98450995541,520725.6701388888,2888.9700285163003
763,550838.7013888889,5993.202462909905,519225.0069444445,19424.640135916714,521556.04861111107,2959.860087552018
764,551787.3819444444,6305.282824410387,519820.65625,17915.058225225428,522595.0104166667,2522.336836648344
765,551191.6736111111,5700.925270613304,519756.45486111107,16382.631495192842,522055.4201388888,2289.6313479367204
766,550541.0138888889,4696.349771140141,519450.625,15097.863401730341,520472.05555555556,2881.4631030407786
767,550325.0972222221,5059.15944488542,519162.4166666667,14216.190067419133,518842.49652777775,1616.1537354226334
768,550407.5763888889,4453.3643018223165,519126.5104166667,14116.453190792168,519397.59027777775,1533.0972018818832
769,551453.1180555555,5621.170757158514,519534.23263888893,13650.565135816309,519553.95138888893,1507.0218680347434
770,552065.7291666666,6152.086552833877,520882.0972222222,14018.808931093185,521561.3125,2064.7696641657035
771,552759.9236111111,7436.956890660842,521200.4548611112,14724.20839003389,520611.32638888893,2136.987428119266
772,552811.6041666666,6901.880718583841,521849.72222222225,15589.854260535205,520835.77777777775,1711.1968306232666
773,552409.2638888889,5741.920120847183,521179.375,15544.275805941004,519051.09722222225,1827.740824612334
774,551484.9375,4856.34944615214,521299.1944444445,16126.70144441353,520054.37152777775,1743.9842393676697
775,550853.8888888889,6345.965516663803,520680.9131944445,16617.70987230171,519058.7118055555,1244.4706028735084
776,550974.1527777779,6729.9374674100345,520624.1388888888,16723.556378436482,520508.55555555556,2230.9639962768765
777,552334.0833333334,7593.311144812063,520571.125,15811.170171518275,520293.9166666667,2713.8510518404505
778,552625.4236111111,6798.46076077938,520128.51388888893,14346.86351091551,521277.1041666667,2067.1203650547786
779,553425.388888889,7071.468497864552,519899.5590277778,14602.914824795942,520460.6041666667,1612.579619555376
780,553444.5833333334,6212.914512321384,519609.5520833333,15372.133620141407,520278.7847222222,1137.8833926031311
781,552701.1180555555,5408.2871747168665,519301.2291666667,16110.557438673823,519520.9375,1224.4088612756414
782,551204.1527777778,4645.080134260752,518986.43402777775,16484.15868595015,519882.02777777775,1800.4083464625155
783,550903.2916666666,4091.31314261118,518913.04861111107,15249.906344050616,520538.3784722222,1635.0837752470352
784,551419.9652777779,3649.3047441390886,518563.79861111107,15475.942604029542,520903.14236111107,224.73190464222964
785,552311.3819444445,3312.0914280479556,518713.0138888888,15343.82976279172,521197.28125,970.8669023613368
786,551371.2986111111,3044.922219043186,517873.34027777775,14701.178644000722,520142.93402777775,1010.3780258039313
787,551123.3611111111,3238.7004370546765,517747.24652777775,14151.828469532462,519608.7708333333,1385.9392541952943
788,551091.6319444445,3242.7190694980472,517358.03472222225,13352.224897542512,519668.1041666667,1561.963740580434
789,551295.0277777779,2357.8759791298,517666.03819444444,14189.442054827003,520622.9375,2364.1578997559186
790,551706.0972222221,1631.6032004188107,518114.7777777778,14380.582815102922,521238.15972222225,1863.2815817124697
791,551124.8055555556,2039.5757661092628,517953.80902777775,15116.601860190514,521782.1354166667,948.7386864466715
792,552206.1180555555,1662.3158161253782,517839.6076388888,14633.36447169004,522495.60763888893,1728.644239928891
793,551813.9652777779,1459.272275163649,517529.65277777775,14682.047182295217,522224.4895833333,2322.2034403703597
794,551653.5902777779,1210.7757557451675,518039.77777777775,15361.868268558914,521547.2291666667,3715.9664730133068
795,550661.4791666666,3062.5583362499638,517678.4791666667,15824.132765794653,520471.27430555556,2699.1378716644485
796,549562.4583333334,4767.3822432818415,517609.82986111107,17125.939143152835,520602.5034722222,1831.9017780989523
797,550336.3541666666,6277.270807612238,517425.34375,18098.47401698825,520693.125,1169.3797649240194
798,550175.9861111111,5527.554311913307,517332.4583333333,18349.330247094225,520766.08680555556,911.3752652821458
799,551619.2847222222,6099.665260564962,516909.19444444444,18526.913471288357,520972.32986111107,695.1630009641099
800,551858.9027777779,5062.600480198529,517119.61111111107,17844.212393017497,520979.70486111107,783.8676116187304
801,552777.3472222221,4820.555169982627,517736.94444444444,18287.42470731187,521000.49652777775,1280.3562211728727
802,552620.1527777779,3597.9494102166095,518605.20138888893,16858.6475986672,520633.0625,1605.5325867276163
803,552212.9444444444,3877.0322672804214,519264.8958333333,16924.77704037246,520507.63888888893,2227.9863079286456
804,551679.4791666666,3697.946288672437,519974.3715277778,16006.193024529348,520655.25347222225,3313.286913775539
805,552503.4305555556,4550.547188476811,520884.26388888893,16929.672197672076,521286.6215277778,3294.8303185030745
806,553150.6180555555,4798.0167429827625,521343.7777777778,15939.701083084696,521194.8993055555,3240.367723941911
807,553485.3541666666,5228.235705185449,521692.53125,16065.837358002229,520155.50347222225,1726.4900185054096
808,553368.9861111111,5127.076767668706,521813.0520833333,15326.436031321844,520287.18055555556,1689.966608626954
809,553770.1944444444,5199.69373832409,521843.47222222225,14701.036862914209,520625.0520833333,3151.679536556694
810,554242.4583333334,4329.239596905325,521074.4479166667,15812.349901101252,520878.5625,2285.1821217196416
811,554082.7916666666,4447.8230619054,521761.3333333333,16770.202171715384,520523.5138888888,2446.54105343059
812,554689.5416666666,5185.362208265029,521783.95486111107,17009.06688723357,520020.51736111107,2979.1006946427406
813,555149.2291666666,4245.459063433309,522651.8506944445,16809.58063906127,519699.5729166667,2474.897848270712
814,554744.5902777779,3486.960270009334,521044.43402777775,15928.944530676368,518875.9861111112,3145.1224012890107
815,553941.5902777779,2538.2295043273452,520921.4618055555,16624.314006368146,518834.78819444444,2846.527325747193
816,553852.0763888889,2679.2845640801665,520596.56597222225,17289.91808800254,520133.81597222225,2304.2184971315337
817,554473.1458333334,2048.473976071507,519955.73611111107,17196.946024361838,520671.2291666667,1632.971602728236
818,555526.875,527.6784700064361,519810.4791666667,16349.725881111246,520907.1041666667,2444.8222360191276
819,555344.4027777779,1378.271720322454,519755.68402777775,15589.589717547104,520879.7395833333,4378.5167819663475
820,555570.2430555556,538.1168042564236,520876.9131944445,15802.761856196972,520988.9097222222,5318.850185778489
821,554345.9652777779,523.4111760931877,520497.24652777775,15990.3155195225,520485.8854166667,4980.980712880533
822,553765.3194444444,1020.2033637253332,520713.73611111107,16462.818077319316,518707.5,5422.285711479437
823,553128.6805555555,1637.7730201167833,520715.52777777775,17762.39953735971,518482.0173611112,4725.465582821278
824,553005.2569444445,885.0699876039268,521106.07638888893,18530.71426780105,519216.0625,4989.857136581125
825,552604.7569444445,1205.7009772322863,521019.3645833333,17791.47405029357,520735.28125,4925.291827632954
826,552282.8541666666,912.3211361514924,520874.32986111107,16531.542838728776,520711.78819444444,4498.962067393641
827,552006.5277777779,102.83069607076087,521579.80555555556,16084.517904787182,520443.37152777775,4448.465686858618
828,551508.6180555555,1806.988752272401,521678.07986111107,14999.72730969703,520636.1284722222,4671.737359621631
829,551334.9444444445,2241.5563449980377,520533.25,13665.527042741638,519747.50694444444,5401.222485786429
830,551505.0,4470.520227803987,519392.2951388888,14242.802630817378,519483.21527777775,5681.9575024845635
831,551443.0,4958.586149498323,519457.2604166667,15555.584291642846,518520.22569444444,4069.091597154637
832,550199.2847222221,6595.578661129364,520604.0416666667,17446.16014503188,519230.57986111107,3164.0841742455987
833,549825.875,5638.3062070194965,520701.6145833333,17140.995938294207,519370.77777777775,1670.9561416231104
834,549732.8263888889,4724.82729118942,519905.5833333333,16573.506747770738,519684.55555555556,2075.630464020469
835,550314.1458333334,3168.284498804453,519982.27430555556,16046.376253292576,519620.8194444445,2498.5926541431872
836,549910.0555555556,4031.4412656141008,520239.68402777775,14633.362330998245,519795.8298611112,2804.025802657238
837,551315.2708333334,5418.737416003266,522693.4444444445,14683.414616858803,520823.6909722222,2877.8133866312514
838,551936.4583333334,5976.601929717428,521711.1979166667,13201.495155521394,520700.9548611112,4254.931908623171
839,551596.3263888889,4772.898326129365,520938.8819444445,13120.955926016624,520089.4548611112,3814.224554177285
840,550506.298611111,4955.226304813491,518268.5694444445,10989.261312508213,518867.1284722222,5008.724165903913
841,550017.1805555555,6077.477242702046,519166.8402777778,9615.187311136884,519808.4097222222,4523.018482095872
842,550449.3541666666,7735.75032454944,519885.6354166667,8372.809277265786,520812.3993055555,5226.308547147227
843,549203.701388889,9687.823428613814,520066.01388888893,10635.231010955771,520939.09722222225,3233.581886627797
844,548422.4722222221,11789.847122872285,520333.84027777775,11742.238331256567,520537.62847222225,3647.350158281958
845,547153.0625,12616.86464727972,519616.09375,12494.006770057718,520212.0416666667,3832.447843280156
846,546546.6180555556,12731.558172344978,519817.9479166667,10738.349869460608,521044.7291666667,4587.634400740405
847,545839.3125,11306.45284713004,518891.9583333333,11255.936149540817,521510.6979166667,3186.6463660025706
848,545002.7916666666,11454.695512508792,517870.8298611112,11630.179574212181,520211.4166666667,3620.4451134867268
849,546264.1805555555,12402.17688497692,517328.4548611112,12609.243894060302,518958.9270833333,3505.895295595171
850,545995.5,13928.189188955372,516056.38194444444,11641.726253698427,517757.75,5107.969578028976
851,547064.236111111,14757.564796452662,516586.50347222225,12597.759890983369,519758.36111111107,3868.84167133488
852,546152.1944444445,15732.634490188922,515858.49305555556,14546.244862569034,520127.8333333333,3257.5964851945005
853,546626.611111111,15088.016277547898,516228.7986111112,16287.076903575111,520494.3020833333,3168.7982538136434
854,546044.9791666666,15445.51178188755,516156.9097222222,15930.548017822472,519707.34375,4481.537855495437
855,545588.8055555556,15357.053546240775,516125.7916666667,14169.834082231442,519465.75,5086.17782000709
856,545968.5486111111,17282.755015667135,517872.82638888893,13261.935421259539,519394.3541666667,3880.448807551138
857,545780.5520833334,19876.024166738152,518169.8645833333,14018.916516513798,519787.0625,1885.1784854446755
858,547006.6770833334,19719.89472401176,518534.7708333333,15006.234408575287,520265.49305555556,2197.3215725119885
859,546734.0590277779,19445.20477352403,517263.35069444444,14747.686934116837,520422.92361111107,1743.4226602582055
860,547306.8541666666,18470.140017923106,517166.53472222225,15225.098440532569,520897.65625,625.410966534531
861,546575.0694444444,18558.144228770736,518025.99305555556,14490.685740437453,520837.1701388888,643.1843953998202
862,546106.3958333334,18593.516829502005,518367.5138888888,14580.926451894786,520956.5138888888,1066.7272194692882
863,545805.5833333334,17677.845973027757,518634.02777777775,11960.41413462498,520222.80555555556,847.5307580771744
864,544397.8784722221,19216.838424960428,518025.43055555556,12117.591537099086,519703.11805555556,3035.296831620846
865,544281.579861111,19404.70881425006,518890.92361111107,11817.888352604277,520203.6666666667,1948.2109334603308
866,543249.6527777779,20695.71205884302,519056.5868055555,12160.621065023835,520036.06597222225,1766.457058318071
867,543418.7916666666,20228.875152776403,520188.36111111107,12069.64984824936,520669.80555555556,1104.5727174638678
868,542144.3263888889,21810.735526933488,520200.1423611112,13410.946568975089,520027.875,1150.0979128286701
869,542485.7673611111,22674.540320278396,520402.3645833333,13352.003543512761,519748.50694444444,1907.2632403424209
870,541659.7986111111,24272.599990445036,520768.2604166667,12866.30804380417,520041.87152777775,1986.0244916402107
871,542130.4548611111,24250.062366450304,520941.28472222225,12268.673121510372,520411.90625,1733.4390906676495
872,540004.4027777779,25838.469617368588,521267.50694444444,13460.98431315347,520818.30902777775,1365.6747907722306
873,539040.6388888889,26521.40541832185,521270.84722222225,14151.44541505265,520225.24652777775,1114.5319848634006
874,538292.9791666666,26899.004002441263,521468.56944444444,14594.760785456318,520874.57638888893,1006.5954444105143
875,538684.0104166666,26264.21377109921,521479.2986111112,13819.938862707826,521291.2083333333,1645.9676513295003
876,538415.9895833334,25416.640616365148,521421.31944444444,12868.873375985879,522294.69097222225,1683.208374633478
877,537051.3715277778,25572.704924476286,521633.5694444445,12435.942641301837,521497.7013888888,2111.2119110934996
878,535760.28125,25621.15345204462,521827.7361111112,12401.0136291172,521138.8402777778,2749.179987517891
879,535216.5243055555,26585.926899907136,522236.68055555556,13178.944368219565,520475.5451388888,1717.5461277622358
880,535525.2847222224,26212.28375984874,522062.80902777775,12892.904051631833,521056.30902777775,851.1337094079192
881,536021.7361111111,26639.8896429329,521651.1041666667,14443.600980828962,520920.40625,320.68983076551007
882,536424.9652777778,25284.45629752457,520220.7638888888,14871.35379305347,521416.96527777775,1032.4469054950955
883,536032.6840277779,25921.89023020101,519358.97222222225,16747.94437547702,520899.09722222225,1541.0959956714858
884,535497.9895833334,27212.579721082682,519712.7916666667,16193.739618065629,521214.64236111107,2201.790729666497
885,534106.4652777779,27756.72754876358,519122.9166666667,16655.638216419895,519511.6388888888,2470.6677436329805
886,533235.0520833334,28964.292892165795,519064.65625,15455.649142038676,519435.97222222225,2883.52247491109
887,533074.6041666666,27682.64170884829,519241.2395833333,16129.920119313885,520079.19097222225,2134.900562691294
888,533594.7847222221,28388.996349530444,520497.3020833333,15243.652445180785,521655.8125,1626.335668454931
889,533669.5208333334,27586.554915311302,521220.0625,15172.938264507598,522537.94444444444,653.5253195952822
890,534898.8194444445,25615.607152850644,520742.88888888893,13686.183050900263,521371.9583333333,583.3203752280988
891,536825.6631944444,25137.21581383127,521404.30555555556,12605.91207485476,521932.0868055555,1624.5646692635921
892,537083.75,24484.935772570294,521174.75,12157.36598016318,520962.77430555556,1872.8872680689124
893,536318.1840277778,25550.075461147844,522054.75694444444,11181.532013410331,521464.63888888893,2895.2232455611884
894,535250.4583333334,25474.353735285815,521543.77777777775,11142.366091202879,520254.1875,2701.25035455309
895,536020.7118055556,24158.7264061431,522379.7777777778,11024.350734005735,521227.73263888893,2250.4598679433675
896,535214.2256944445,23804.87196657171,521655.09375,12441.38913213543,521261.3229166667,2170.92846033277
897,534970.6840277779,23673.73210582098,522222.8854166667,13162.155593788893,521649.6145833333,2231.7434688861113
898,536291.8506944445,23835.95499159543,522971.1076388888,13037.559946398691,521228.4270833333,2811.3147451020955
899,537432.1284722221,23367.048246409635,524094.09722222225,14159.887448630061,520946.3090277778,2027.4555604827226
900,538702.9340277776,22692.445413886784,524497.8611111111,15220.366378760533,521334.3923611112,2565.8148373892986
901,539126.8229166666,22487.047041373666,524903.4513888889,15094.45612758109,521513.92013888893,1897.3732737911553
902,539459.8784722221,22641.595129918784,524699.3576388889,13662.774072689765,521144.63888888893,2334.7088662766173
903,539418.375,22147.515054453423,524450.4201388889,12881.177708805793,521078.84375,1927.78438543286
904,538191.4305555555,21716.203210534346,523374.4583333333,13380.839456290214,520923.73611111107,3193.642686253131
905,538741.9722222222,22150.59265710306,523737.5590277778,14547.535652643137,521776.9652777778,3191.5317074030795
906,538359.8194444445,21952.797674559897,523098.0208333333,15042.453153766044,520857.6493055555,2822.086687572084
907,538674.5694444445,20883.17501644581,522480.87847222225,14935.218503352216,520610.7986111112,2637.8255627863214
908,539000.9097222221,18137.05846274786,521616.9236111112,15341.207342193862,520493.97222222225,2122.8333374565564
909,539141.5694444444,16873.054315021887,521806.2604166667,14699.223215762486,521119.9236111112,2106.2890359763846
910,540087.9236111111,15744.568775648751,522362.1354166667,15862.720462891371,520662.81944444444,1752.1885752408643
911,540509.2256944445,16647.85713818566,523056.53472222225,15831.527078719906,520168.72569444444,1543.781556847292
912,541214.5590277779,16373.030593218224,522369.4479166667,16044.475994512115,519955.21180555556,1921.179631014185
913,541562.3576388889,18645.217893504472,521883.71180555556,15191.31590286747,520559.4305555555,2109.487447242858
914,540783.6805555555,18293.814267307916,521157.1736111112,14725.082113557586,519941.2083333333,1150.5849831689745
915,541597.2361111111,18153.741345339175,522046.2083333333,14557.003728081821,520420.4548611112,1887.2393056417843
916,542579.9027777776,16106.703122322422,523170.1805555555,15567.282255325883,520476.0277777778,1245.291842255707
917,544560.0972222222,15510.894417036805,523915.1840277778,16419.589869278017,521280.15972222225,1475.040939629194
918,545555.3819444445,15540.44889459864,525523.15625,17388.686755161187,521668.32986111107,815.1449225921966
919,545730.7777777779,15686.725775969262,526317.0902777779,17748.006098410602,521123.5416666667,2267.991187764595
920,545551.7430555556,15906.795402190826,527546.576388889,16930.613505597677,521853.77777777775,2067.775514607955
921,545493.8263888889,16784.763922037968,527695.0729166666,16296.595864130279,521209.2083333333,2743.952188849497
922,546839.8958333334,17996.454667054102,528170.5416666666,15863.770626972935,522289.73263888893,2634.0718999947076
923,547216.423611111,18975.681607320024,528431.2881944445,15730.977204993926,521654.78125,3645.6056020690935
924,546453.0138888889,19215.19306362456,528219.03125,17284.392245243565,521189.14236111107,2255.892333371156
925,544875.7013888889,20852.09767893125,528556.201388889,17406.880723690596,521295.7777777778,2518.1595080923476
926,544289.2152777779,20528.284956206182,528486.4027777779,17240.801949582517,521428.7916666667,2012.155100087937
927,545587.5277777779,20177.443520472192,529396.3576388889,15791.10271030951,522028.7604166667,4628.84800596266
928,545602.75,17933.673323345934,529132.4513888889,14083.314278745924,520538.22569444444,3682.3255147008063
929,545377.875,19502.061578567427,528703.7326388889,14894.97212560831,519757.70486111107,3106.596869768566
930,545381.1319444445,19942.768798597437,528334.1493055555,15207.373659191744,519236.0555555555,1032.673063285349
931,546865.4791666666,20136.19514562541,529547.0069444444,16411.237378713737,520403.59027777775,1368.0159601970681
932,548102.625,19532.56582770943,530315.59375,15982.890459942962,520620.9583333333,2312.3250663000613
933,547735.9965277779,20065.19609264133,529376.3784722222,15817.412938899999,520843.1145833333,2826.0043368764086
934,546883.5069444444,22350.84362844847,527490.642361111,14763.068177719726,519780.4652777778,2944.193677794065
935,547761.6875,21222.597931421315,527059.9166666666,13973.524216312493,520812.93402777775,2277.93064972532
936,549007.6284722221,21898.158059233865,527624.375,13711.172527013796,521522.18055555556,2395.5232175728065
937,550396.8333333334,20320.07349069145,527946.0416666666,13747.08019009993,521973.8333333333,3740.5647995799513
938,551036.1041666666,21771.178471656185,528822.40625,15554.230310671122,521924.75347222225,4636.718695302524
939,551394.4097222221,21092.6401348175,528407.0381944445,15610.289756397267,520998.87152777775,5411.2992795976215
940,550887.8645833334,23541.961837006937,528039.0243055556,16609.472684117278,520461.8229166667,4998.6191239774225
941,549375.4756944445,24413.59337708465,527193.736111111,16325.348866156168,519707.65625,5129.395996144638
942,547864.1284722221,24627.996969221116,526817.5034722221,16713.16145391233,519139.40277777775,5869.978621637561
943,547631.6527777779,22845.756021144512,528169.4583333334,16468.38261190202,520744.4513888888,5664.312007649433
944,547978.8888888889,21477.35572579568,527940.7465277779,15751.897257738565,520142.4791666667,5344.4884876637025
945,548669.8194444444,20818.10100049086,527913.2534722224,14401.797417851603,520832.40625,5226.457697597761
946,548140.8472222221,21762.688442820225,526495.9027777779,14207.009600884492,519352.5069444445,5526.677381949382
947,548232.0173611111,22778.10975453926,527642.6284722221,14495.20124532991,520358.875,5843.371779956249
948,549078.8159722224,22713.24281751427,529395.6180555555,14582.920691696763,520732.10069444444,4957.75849834823
949,549178.1840277778,21975.51828849049,530096.9479166666,14230.244600294918,520413.4270833333,4347.445401046723
950,549111.125,21258.893523873132,529536.6145833334,13037.230464619714,519427.21527777775,4655.123378818205
951,548796.3958333334,21817.280102614888,528836.0,13228.090920845541,518761.19097222225,5607.283736800196
952,549272.3958333334,21424.286991287918,528830.4930555555,13064.77776913287,519122.6180555555,6330.722627399045
953,549434.6111111111,22115.607497543133,528349.8125,13552.43732405021,519131.8680555555,6906.906154305645
954,548299.9513888889,21333.356648550256,527576.2430555556,12622.706831966329,518545.40277777775,7699.175528807422
955,547957.1388888889,21718.857743041444,527712.2256944444,12265.52947979586,518746.375,7525.853409028087
956,548039.1875,20924.19638580959,527712.8333333334,11417.832151941664,519015.84722222225,7529.887173189603
957,548301.1736111111,21827.496891367988,528461.4756944445,12736.085309875843,519796.2291666667,6711.062415706217
958,548267.4583333334,22937.196700547367,527699.3680555555,13569.114235242138,519305.68402777775,7337.340827217302
959,547880.7465277779,24677.4188091827,527489.6319444445,14641.5756431305,518825.6458333333,5940.135984059141
960,548394.5694444445,25400.46119073368,526961.5902777779,14421.715785962575,518722.32986111107,5166.640519006575
961,548336.9930555555,25341.194091682657,526631.7395833334,14302.216431990955,518883.1354166667,5209.857136017511
962,548140.7604166666,24906.650104745382,525801.2430555555,13707.057275688268,519436.9236111112,7061.605787826325
963,546393.1284722221,25386.348151065045,525074.5416666666,13335.740498805302,519686.375,7577.403298996458
964,545363.8090277779,26204.594296835734,524517.9965277779,12928.676903759608,519133.3541666667,7492.633245306786
965,544375.28125,27185.191976188555,524761.7534722221,13397.702852374432,518495.34375,6077.723519847077
966,544866.1736111111,27740.49123318145,524510.59375,14466.367492762503,518273.41319444444,5766.1901817737835
967,544793.2222222222,27349.33576820376,525287.2881944445,13753.607064606002,518709.9097222222,5337.598603535747
968,545602.6805555556,28288.85176838059,525548.0069444445,13678.489326629513,518458.8055555555,4790.5813766669835
969,544859.2673611111,30254.120096617695,526044.3784722222,12815.067556966653,518060.3472222222,4577.39411425391
970,544982.2361111111,31434.372775695087,526160.2430555555,14094.71501214486,518206.91319444444,4627.064188111527
971,542900.6180555555,31865.64751426869,526367.5659722221,14176.284345682581,518052.17013888893,6416.345754423951
972,543048.1944444444,30457.121844367994,526935.8923611111,13579.437950523583,517444.9166666667,6421.392016542942
973,541947.6701388889,29572.62408854612,526777.0173611111,12011.767584179564,517328.53125,5871.7353456354
974,542776.5347222221,27784.679028413302,527694.1770833334,11806.037136866114,517814.7395833333,5692.513164045389
975,543978.4513888889,26971.374354433334,528118.579861111,12878.635498878355,518949.03472222225,5340.345111687892
976,545296.7708333334,25763.403511629396,528924.6388888889,12804.51539239859,519658.2395833333,6029.846169803079
977,545783.3368055555,25777.475531640477,528250.8229166666,12530.569196840575,519262.63194444444,6004.5865170471725
978,545051.46875,25994.987767257335,528613.8645833334,12299.619523570129,519754.68055555556,6072.553039967093
979,544108.0347222221,26183.256618062518,527473.6111111111,12351.577740473665,519443.82986111107,4880.329111636153
980,544166.5694444444,27046.965473245007,528722.4305555555,12672.95867736359,520765.35069444444,4161.636992440636
981,544466.6111111111,27718.778700985204,528495.2673611111,13110.900104847151,520855.7569444445,4410.22992780369
982,546121.4444444444,28278.66814938594,530073.3020833334,14038.463709989666,521336.2708333333,4846.54937010604
983,547339.8229166666,27323.579246412046,529677.4166666666,14711.122206797627,520423.35763888893,5047.271352903995
984,547777.8541666666,26016.278670791944,529805.0972222222,15777.180617964721,519563.8819444445,4842.886132378305
985,548057.5555555556,27731.983989159016,530291.1041666666,15798.195325688657,518992.1076388888,5563.286945790545
986,546894.3125,27680.571710200624,529088.3854166666,14794.035144175976,519464.72222222225,5578.956351538064
987,547385.625,29547.779452400588,529401.4513888889,14508.181088109826,520230.9548611112,5635.53282695993
988,546705.34375,28702.34468089842,528160.9305555555,14255.828285239491,519844.4097222222,5179.590035683644
989,546340.4097222221,29003.008325349332,528940.5069444445,14643.214921288554,519815.67013888893,5550.282802854223
990,544813.9097222221,27705.226508601936,528815.4618055555,14368.567468960244,520014.6041666667,5903.790645628709
991,545389.7048611111,27078.588744783356,529369.0763888889,14246.42628367014,520195.48263888893,6461.159683783249
992,546522.9097222222,27475.040034869446,529584.2430555555,13392.943495516693,519880.8125,6982.221435726426
993,545515.3333333334,29040.727717006877,528758.8715277779,12611.452792143546,519137.8333333333,7854.99470704879
994,543840.15625,29395.696678033626,528758.15625,12637.984706517322,519954.2395833333,7707.514007392633
995,543515.2743055555,30664.019352967385,529268.6909722224,12827.434622495426,522045.4270833333,6000.604982149822
996,543382.2638888889,32102.47225517439,529240.3402777778,13055.734199632874,522306.2361111112,5183.711440034791
997,543225.0347222222,33522.1327554384,529324.982638889,13289.843286481855,522379.54861111107,3453.138529390496
998,542888.7708333334,32960.841418389886,528681.4583333334,12948.701914526693,521140.93402777775,4100.718173311652
999,543931.4131944444,31253.971405258748,529771.2777777779,12262.074772194741,521790.4618055555,4697.511197837884
1000,543437.3506944445,30669.378443328136,529479.045138889,11304.101475991232,522056.81944444444,5269.031979944564
1001,541820.5069444444,31314.187417248657,529858.5625,12186.028065939772,521913.21875,5029.867820723057
1002,540116.5520833334,31651.42715301462,528747.1145833334,12072.928774022397,520335.8020833333,5007.705972291745
1003,541071.0347222221,30718.339623299682,528506.2430555556,13288.779997427298,520833.12847222225,5146.168235773745
1004,541423.8784722221,30607.32099774316,527720.375,12662.778360779923,520857.88888888893,5481.844634552042
1005,541913.4340277779,30772.5712213765,526742.3923611111,13212.520909833502,521742.5625,4238.957135636618
1006,539676.6041666666,31878.927204177315,526215.8055555555,11947.90801366172,520758.67013888893,4572.510913357193
1007,538916.2951388889,29678.84456052749,525311.3333333334,11929.12436801213,521262.6041666667,4156.9015735479825
1008,538915.1770833334,26714.190751117418,526561.0069444445,12635.589174254084,522090.2916666667,5131.009499297301
1009,540305.4756944445,25342.347077286868,526683.2847222224,12522.028820359863,521962.48611111107,4665.687172716994
1010,540576.6284722222,25187.54880240297,527468.5763888889,13199.043801059872,521786.62847222225,3833.368093257456
1011,541257.7638888889,26540.130771309676,527810.8402777779,12390.067579417842,521311.6145833333,4297.917619125038
1012,540299.0555555555,28323.347975846886,528397.0243055555,12649.159653421773,522197.60763888893,4867.0733206837895
1013,540311.2291666666,30326.35888875638,528589.40625,11644.762228075575,522226.7083333333,5529.710609184925
1014,539712.0972222222,31725.526420860217,528561.7916666666,11408.592003112812,522433.0486111112,3889.392453726865
1015,539593.1006944445,30774.07464715213,528271.8090277779,10469.509503763065,521881.7604166667,3694.351272504101
1016,538814.2673611111,31625.53939699123,528655.173611111,10729.38847012506,521783.56597222225,4315.528861045169
1017,537591.9479166666,32135.66652201119,528626.7048611111,11054.293865343227,521875.8958333333,3647.0230223964345
1018,537194.5486111111,32718.733509502737,528232.6180555555,11721.063822393307,521861.23263888893,4270.713109402026
1019,537544.3090277779,33456.506125244814,528153.0520833334,11432.149737297606,522138.68055555556,4768.123219334664
1020,538651.1145833334,31955.893235448275,528824.5590277779,10815.686523521294,522608.37152777775,6103.074728987473
1021,539302.1145833334,32887.256168527936,530198.2777777776,10196.307822899831,522439.5625,6218.599958939913
1022,540065.7638888889,32339.71122594729,530750.34375,9847.364001271893,523133.4131944445,5761.858384158574
1023,540743.4618055556,34226.9510565335,531154.3194444445,11183.781200792222,522750.0104166667,5443.601277757427
1024,541472.6180555556,33408.34881662603,531160.8055555555,10819.107917292116,523407.25,5165.327735731138
1025,540906.2534722222,31889.380201310487,530696.8229166666,10364.349486783001,521868.8958333333,5645.549184577714
1026,541139.4270833334,30837.24164310187,531331.4027777778,8508.712592151567,522161.73611111107,6036.032023254712
1027,540516.84375,31036.183405885364,531435.2430555555,8408.329100653813,522164.8298611112,6311.7330812002465
1028,541098.9236111111,32379.70290360274,532998.8333333334,9964.873130216036,523597.0451388888,5740.583655365234
1029,540423.0902777779,33044.582616343294,532442.9930555556,10839.973263462214,522745.5,7097.854461650175
1030,540032.4166666666,32714.055209397255,532600.9756944445,10845.218462581617,521544.6354166667,7911.1737492087605
1031,539895.9513888889,31319.245271092317,532722.4861111111,11275.901410258091,520963.0625,6930.225626230992
1032,538785.6631944445,29983.359088306835,532520.8541666666,11447.602628294246,521353.96875,6089.700693940137
1033,538419.5902777779,28575.585709086216,532842.3333333334,13250.503432996973,522675.85069444444,4187.799268720608
1034,537149.6631944445,27043.164916704176,532388.3194444445,12363.57367243401,522390.2118055555,4757.211851845013
1035,535866.0277777779,26280.296373976667,532208.4270833334,12822.880041610159,522340.1076388888,5140.698151437642
1036,535324.8611111111,25803.14414513182,532903.2361111111,12564.073185377534,523264.7152777778,4991.422764113028
1037,534230.6111111111,23409.754622586865,533131.1458333334,12355.79156702759,524473.8020833334,4657.696832714798
1038,534905.96875,22972.604628543522,533659.8159722221,12149.33805288585,525166.1805555555,3712.997145815238
1039,534444.40625,22751.798590954822,533173.1354166666,12447.115788170337,524337.9305555555,4131.972911322329
1040,535639.5034722222,23634.12211126294,532191.6805555556,11997.337477452576,523545.9513888888,4339.529606871226
1041,535201.2777777778,21800.460502155605,531584.2951388889,12670.380853720812,522991.93402777775,4107.925814975039
1042,534385.4791666666,20946.90879399324,530253.7638888889,12165.604241290279,522405.1354166667,4158.983379241429
1043,532295.3854166666,20931.78997282015,529913.2847222221,12044.40578379052,521607.28472222225,5545.189937021523
1044,532292.6076388889,21707.026434089923,530144.7708333334,9710.779275863077,521519.5625,6209.424507260834
1045,531805.8611111111,20888.787455515227,530636.3159722221,10287.996327165487,521980.02777777775,6197.965351649923
1046,532963.6111111111,19629.303630456125,531445.1770833334,10824.189938491669,522784.4375,4597.742054955481
1047,532159.2118055556,18245.58520922226,531777.09375,11587.837856797121,522489.4409722222,4273.733995787055
1048,533033.0381944444,18002.05342085238,532188.9965277779,10887.101647610776,521989.32638888893,4164.058751266493
1049,531394.1215277779,18918.81737027777,531616.7534722221,9922.922823456774,520946.98263888893,4254.885747339093
1050,530404.25,20011.340217354387,530795.5625,10434.40804142299,520715.1770833333,4778.094583111628
1051,530370.0416666666,17796.961173628035,531071.1284722222,8981.715887108025,519786.9895833333,5570.550956180515
1052,530055.2881944445,15963.94972602555,530399.2083333334,9322.460249558611,519655.80902777775,6792.223280922767
1053,530361.2881944445,12170.743610983938,531145.6875,8180.296499562024,519595.5763888888,7527.667679815305
1054,529591.5034722221,11300.504985769992,530453.78125,8287.70573145091,519775.5798611112,7238.4682090394135
1055,529844.4548611111,11147.313457516617,531992.6631944445,8629.549415717414,520210.4583333333,7093.975814963115
1056,529258.4340277776,12286.557893541478,531033.4201388889,8253.517002767154,519823.40972222225,6771.3338781114735
1057,528763.0972222222,13271.60402580182,531277.3958333334,9853.484318055373,519996.46875,7856.197889582048
1058,528933.5451388889,11776.315062110609,531460.3402777779,11041.75375960802,519902.46180555556,8750.465492270494
1059,529649.0729166666,13232.81456355925,532938.8958333334,12021.228534105167,520459.3333333333,8429.309129238709
1060,530080.3923611111,13758.83534128539,533158.78125,10977.454688419639,519745.89930555556,8051.622172180724
1061,530999.7777777778,16390.565350970985,533314.4618055555,10545.089530054618,519688.875,8615.023572462216
1062,531446.4965277779,15771.905502222724,533612.1805555556,11090.576401331615,519698.9166666667,8830.068329470872
1063,531442.3576388889,17268.83195126333,534139.9201388889,11611.3982372081,520312.7847222222,7923.989388963569
1064,531480.5381944445,18354.4036147929,534031.6006944444,10470.571370808739,520103.90625,7566.463536530953
1065,530834.2638888889,21047.8855489923,532706.0381944445,10568.179993121183,520114.10069444444,7262.577159489631
1066,531311.2048611111,22042.166103894735,533295.3020833334,9421.522456960416,520362.4930555555,7447.207708990235
1067,529296.375,21122.73328440427,533504.34375,8358.558437772666,520039.1944444445,7357.194385368871
1068,529284.59375,20685.840105574,534426.3298611111,7831.213759991481,519813.47569444444,8617.185040988425
1069,527968.0138888889,17687.478901112914,533370.9027777779,8609.763360023095,519020.4652777778,10140.739226930766
1070,528531.9756944444,18045.6423990092,532978.7881944444,10602.643724394118,519588.13888888893,9410.669778890326
1071,528641.96875,17206.32198797407,532816.7048611111,10139.84273766662,519728.2743055555,8228.127660623375
1072,528851.5486111111,20080.97822014463,533123.375,11319.332237252733,520574.35069444444,6558.719314936355
1073,528881.6770833334,21529.955758500735,532717.75,11742.752343866194,519707.52430555556,7018.951895721019
1074,528602.9513888889,21564.61064636079,532377.1041666666,11903.700766189913,518699.07986111107,7285.80224347206
1075,527785.2916666666,21649.368978436683,532255.3020833334,11363.420550070501,518397.60069444444,7592.0088459572435
1076,527723.8402777779,21766.854208294437,533207.0381944444,11519.48726985373,519733.89236111107,6472.327720534397
1077,526167.7395833334,23274.46432941201,533173.3541666666,11643.54326894966,519838.34722222225,6238.9910434517
1078,525721.9479166666,24543.54299451112,532781.6909722222,11379.251167672333,519314.56597222225,6142.306345061399
1079,525063.3784722222,22142.285876852216,533158.75,10259.541709373365,518289.67361111107,7447.871303885259
1080,525480.5,20475.578535475208,533958.9340277779,10148.668397009453,518901.7916666667,7848.676901425703
1081,524980.71875,20442.589049490096,535279.9618055555,10213.700124452482,519601.9583333333,7622.42664883872
1082,524517.3020833334,23394.938213177033,534712.7326388889,9839.283207917566,520157.0625,6562.303250696478
1083,523077.65972222225,25728.681672810286,533737.8055555556,10273.200654797,519695.12152777775,6243.768249997088
1084,523990.27777777775,25242.312402518888,533231.9930555556,9508.807003711112,520246.65625,6054.32664088616
1085,524637.2395833334,25781.536212327534,533341.5277777778,10406.330424579377,520411.8854166667,6822.4905378777685
1086,525556.0138888889,24186.835527805288,534304.0763888889,10690.483674492407,521534.8229166667,6216.812326587841
1087,525747.8298611111,23770.45682046965,535609.8819444445,11806.091094773043,521884.30902777775,6160.8059979971895
1088,524157.4479166667,23243.532760202084,536566.9583333334,11256.227336584163,521944.75347222225,5665.82603059584
1089,524266.1875,24291.73883508434,537913.375,11706.073215893119,522078.82986111107,5767.802786370034
1090,523354.7083333333,25729.76904638131,536714.9930555555,10894.194618451342,520705.65625,6213.610165704059
1091,524039.8229166667,24908.85452755923,536519.2638888889,12056.926473633199,521593.62152777775,6425.655146274703
1092,524144.9861111112,24852.47175219642,536101.3263888889,11168.565034188083,521766.1354166667,6560.225837876692
1093,523318.0208333333,23393.913079746304,536006.6111111111,10827.46025160772,522271.2083333333,6350.361027823734
1094,522931.35763888893,23508.517798137695,535061.0416666666,9314.716085523287,521466.17361111107,5544.517578785329
1095,522579.9236111112,23153.675235081748,534910.8819444445,8481.026773610181,521162.87847222225,5260.564937270317
1096,522658.2708333333,24087.412376763226,535485.4583333334,9045.67458633068,521407.2951388888,5163.987166582929
1097,522524.48263888893,24511.55630131062,535975.875,9812.64460489256,521828.9444444445,6359.188917188917
1098,521709.75,25189.99953709446,536150.4375,10673.057388155055,522048.03472222225,6609.319829699285
1099,522343.2708333333,24927.711695268248,536626.7152777778,10419.183923267752,522290.1319444445,7032.185055852754
1100,522329.99305555556,24632.82882729606,536287.4166666666,9895.597970644048,521358.4479166667,5849.988174511759
1101,523461.8159722222,23797.10506848351,534900.1041666666,9332.736724537517,520526.1875,5725.185546948089
1102,523117.75,24520.516559161737,533923.5868055555,9807.543960301165,520351.4791666667,5020.923945813129
1103,523113.26736111107,25445.231939869922,534378.21875,10457.668432295137,520769.7395833333,6857.686928398035
1104,522830.65972222225,27444.894991284094,534963.2048611111,10811.059575730455,521614.18402777775,7005.701175540805
1105,522751.3229166667,27412.865638313582,533571.3402777776,10363.719843288009,521271.29861111107,7207.130415452448
1106,522766.69444444444,26992.39621539607,532273.3645833334,9415.157993665387,521028.9409722222,6017.869303808305
1107,522648.6875,27089.00149797984,531588.0763888889,8582.050026191531,520166.0138888888,6016.474901590126
1108,523469.15625,27808.127256926826,531470.1180555556,7716.9342079626085,520324.9756944445,5895.833129659295
1109,523079.4861111112,29507.92613087683,530449.4131944445,8458.54123863388,520698.40625,6402.504491304639
1110,523896.8576388888,29558.79614507405,529673.5451388889,8460.179594019079,521148.7604166667,6786.9429580336855
1111,523559.7326388888,30661.56609549874,530550.2395833334,9285.398914605856,521620.85763888893,7107.461649537436
1112,524789.125,31334.325441047655,531728.9965277778,10304.852145735964,521290.78125,7466.314221599842
1113,523623.3333333333,32814.76005973193,532598.5208333334,11480.279587365452,520770.9305555555,9035.272691414311
1114,524501.65625,30599.79570943397,533079.8368055556,11801.673946830693,520002.0034722222,9973.553080389385
1115,523252.70138888893,29058.19533521428,532706.4444444445,10791.779617678965,519081.1354166667,9245.426377290296
1116,523918.90625,27576.916750092187,531992.0243055555,10803.027189881255,519071.70486111107,8232.501823103157
1117,523600.1284722222,28596.11144546907,530814.7847222222,12278.765314323815,518492.71527777775,7988.178325215318
1118,524819.8090277778,28151.18200617255,530926.2465277779,12197.08855634567,518988.875,8882.724134900804
1119,524716.0277777779,27426.905327267137,531144.3611111111,11891.136457979856,518720.4791666667,9043.717712600972
1120,524642.5243055555,26404.064177329747,531552.9479166666,10633.962973277445,518947.01736111107,9020.738250811994
1121,524314.4722222221,26784.622761215946,531210.2534722221,11547.975887559054,518173.61805555556,9802.53425845405
1122,523981.9583333333,28020.12089567507,530577.6909722224,13409.971475493938,517743.4375,9174.839871025682
1123,523301.3541666667,27874.928886984213,530147.0625,14744.199764405912,518142.36111111107,8712.554327183034
1124,522697.6979166667,27130.644860531527,530468.9409722222,15471.401282471636,518588.2430555555,7921.690005033244
1125,522657.4618055555,26140.573958064182,531123.0659722222,14473.42807090752,518895.9965277778,9067.141259326056
1126,523312.6805555555,26723.05624792465,531587.9409722224,14914.25853944821,518328.60069444444,10193.86455294019
1127,523770.7013888888,26692.620539175387,531354.8125,15636.07559576441,517838.42013888893,10119.650747219292
1128,525553.6180555555,26653.245360208628,531425.0034722224,17091.126507380068,517893.34722222225,9940.784129362743
1129,526790.8090277779,27765.04233348869,531870.0694444444,17061.107984913728,518601.3229166667,8737.051076057758
1130,526846.8472222222,29613.215167967584,531999.6875,15735.08550581896,519349.6354166667,8306.438510964657
1131,525606.8993055555,30306.042059362604,532389.40625,13693.983616943095,519849.0173611112,7091.774282366987
1132,524732.2604166666,29533.945957997803,532913.2430555555,11976.017232628783,519330.3819444445,7697.772131658857
1133,525490.5659722222,29124.676769915874,533640.2291666666,11747.392723822839,519141.57638888893,8961.911394127412
1134,525608.3819444444,28513.895943669784,533605.0034722224,11846.413543653578,518545.2152777778,9879.96247382523
1135,525079.6284722221,29113.805924576078,532773.2986111111,12611.283122979858,518919.7708333333,9469.231289238476
1136,525000.2847222221,29892.451027494106,532680.9409722221,13439.380189941532,519049.09722222225,9127.969764179208
1137,526241.4513888889,32181.951775733403,533794.9861111111,13879.343081072793,520073.37152777775,9057.384640003063
1138,526619.5416666666,33840.19086351049,534249.9201388889,14013.581563071673,520038.62152777775,9311.61301189449
1139,527316.2465277779,34762.17729880619,533798.2673611111,14552.729646327789,520388.40972222225,9316.571383362587
1140,526556.2013888889,35012.16220409525,531703.9479166666,14875.219782591605,519532.75,8809.170191861642
1141,527495.0243055556,35094.547067343905,531719.8506944445,14100.991975194453,520485.80555555556,7845.450630826151
1142,526379.3402777779,35238.56049758536,530737.4965277779,11343.96937101521,519265.24652777775,7538.543689347383
1143,524480.6041666666,34652.95667430511,530784.9131944445,9369.952368030463,518987.5902777778,7676.473675506735
1144,522648.40277777775,34343.971624274374,531143.7048611111,8463.246426544913,518170.6493055555,8670.120816079898
1145,521932.5104166667,32897.88598115014,532602.4618055556,9069.803852593272,519063.2673611112,8713.422919850724
1146,521923.4479166667,32973.47982502898,533331.6666666666,10293.884533143164,519398.38194444444,8764.500893288583
1147,521872.3645833333,32689.092198875245,532695.4097222221,10975.528805722692,518933.4375,8345.02047526132
1148,522472.6041666667,34065.669089912255,532686.0,10886.950269400642,518579.0659722222,8449.549479588943
1149,523980.7777777778,35227.51168387637,532595.1180555555,9985.625359660513,518269.02777777775,8526.870279694998
1150,524798.375,35900.28154098221,533280.8194444445,10592.862148970378,517955.23263888893,8884.141430582169
1151,525453.3645833334,34052.511307661305,534091.6979166666,10607.494450115128,518765.87152777775,9025.019028294735
1152,525785.125,32930.22759209127,535135.5520833334,11062.959491884418,518658.8229166667,9205.528492113815
1153,527200.1354166666,33339.08991179262,535161.6527777778,10043.174906622173,518818.69097222225,9521.524297503678
1154,528982.4826388889,35845.49886685507,534977.7222222221,9772.259639174534,518987.84027777775,8713.345674283464
1155,530354.5,35985.07198887763,534881.8611111111,9581.277161308448,519596.0729166667,7299.569849322275
1156,530655.4201388889,35739.737803104086,535385.4895833334,8876.092982586712,519214.92013888893,5981.445507790428
1157,530971.8715277779,35690.917013704144,536190.7118055555,9198.382471785932,519307.95486111107,6014.267292134117
1158,531411.3263888889,36271.2247281698,536095.3055555556,8969.005643117467,518005.2326388888,7706.4490806994245
1159,531594.0590277779,37117.259508689036,535555.5034722224,10544.295039304652,517698.6423611112,8450.18584537841
1160,531994.3125,36697.81772756083,534513.0868055555,10695.181341519516,516663.8229166667,8452.425201785309
1161,533058.3506944445,36914.459931973346,534924.1076388889,11137.95767635793,518031.5902777778,8058.432438166664
1162,533896.5694444444,37752.576100477774,534171.4791666666,11340.133568180934,518269.53819444444,7662.434953986963
1163,534062.3541666666,38512.651914364396,534759.4027777778,11387.77455586532,518528.7465277778,8118.673772364872
1164,533773.4166666666,38567.59267333545,534922.2569444445,11189.574970601629,518086.60763888893,8679.979500397176
1165,533158.7708333334,36898.251631886546,535445.9548611111,10090.865367233298,518641.18055555556,7950.418772562057
1166,533238.9201388889,35774.72513749986,535367.1875,11212.86001705866,518463.88194444444,6480.641887223488
1167,532940.3819444445,35859.36379166085,535037.53125,12058.604951700843,518178.3958333333,6609.653901916878
1168,532454.1666666666,35699.01702975339,534329.9895833334,13512.906985496358,516988.1944444445,7371.020180764984
1169,531012.7083333334,35548.38187365311,533338.1701388889,13227.634332376661,517052.6006944445,7906.044592483882
1170,529305.8819444445,35098.53826622257,531407.0138888889,11851.486337544307,516394.5451388888,8209.327874885437
1171,529935.2048611111,35689.365852186886,530764.5763888889,11035.77848052195,517374.44444444444,7736.7526578838115
1172,528751.5381944445,35993.56737094922,530510.8819444445,9767.745516382021,516703.97569444444,10405.626579759506
1173,528200.5347222221,35677.71756972953,531325.1944444445,9752.678552772262,516749.05555555556,9781.79788189411
1174,526315.3506944445,34607.07997311937,532071.1493055556,9973.308209155186,516526.6666666667,10480.783250923705
1175,526026.9965277779,32114.085903732775,533287.6180555555,9731.266832933696,517297.65277777775,7648.701216302039
1176,525938.9548611111,30035.953485357466,534163.8715277778,10823.747338271747,517613.44444444444,8027.683863512091
1177,525388.8819444445,29737.81680816876,534896.0486111111,11466.296736067612,517384.5069444445,7807.485001722348
1178,525450.4340277779,29433.1810634405,534505.8229166666,12403.637017208528,516552.4097222222,7436.563257027661
1179,526008.7916666666,29162.70561114826,534632.0208333334,12112.954728431787,516351.53819444444,6726.886778198911
1180,526691.9618055555,28065.203587232903,534700.5486111111,12409.962659606135,516308.9166666667,6875.8000022311335
1181,527829.21875,28549.7434268437,534463.5416666666,12899.941123560198,516092.71875,8937.94689826388
1182,527350.6458333334,27406.012175231852,534846.5520833334,12962.20476525542,516218.52777777775,11577.912382317943
1183,527042.8333333334,27184.671748158395,534899.0,13887.132633264195,515890.2916666667,11759.288467954559
1184,526760.4826388889,26923.006275089192,535567.0972222221,13612.02976540773,516445.3333333333,11649.842729937154
1185,527002.5972222222,27836.546735601743,535248.017361111,14077.32570732563,515817.58680555556,9605.889697490447
1186,527418.4201388889,27174.208097514704,535173.0486111111,13552.84115147282,515093.11111111107,9960.837777002609
1187,527825.28125,27103.748235010346,534872.3888888889,15228.727004887185,514759.4479166667,9801.576245313112
1188,528410.6875,26524.374523196366,534330.4791666666,15974.589134159549,515022.86111111107,10034.803894085027
1189,527830.4513888889,26325.324692993854,534743.5902777779,17360.233329819333,515622.78125,9177.016187922398
1190,527475.4548611111,26031.80057070893,535139.1180555556,17414.997171109833,516050.76736111107,8110.3027871260465
1191,526022.2534722221,25747.886616842152,536109.1284722221,17275.739419557176,515880.65625,7289.216281477429
1192,526666.0763888889,26769.82666294984,536209.0555555556,16156.733382750164,516294.03819444444,6833.589241947618
1193,526079.8159722221,26860.846266468594,536541.0451388889,15475.272546452014,516441.00347222225,7919.810460763013
1194,527417.6770833334,28134.533320340008,536297.78125,16677.710964861206,516793.15972222225,7811.668687384253
1195,526621.1354166666,27732.012490485777,535849.6215277779,16985.725830341868,515078.34027777775,9489.086516714578
1196,526996.7152777779,27636.759677398695,536423.6840277779,17641.45701742732,514718.52777777775,8783.92183446447
1197,526650.1423611111,27733.665276095777,536628.0416666666,17182.825391743412,514703.15277777775,9077.341595956887
1198,527453.0416666666,27594.63941950882,538174.6284722222,16928.38635472695,517199.26736111107,8559.945581980297
1199,526923.1979166666,27230.665810154205,537311.9409722221,16958.151804625544,516822.9895833333,8616.868494517073
1200,527487.0451388889,25553.58360623213,537729.4930555556,16978.420819525116,517656.9965277778,7345.286749910052
1201,526998.2916666666,25141.191527601026,537099.6875,17834.388757672892,517353.43055555556,6954.918233337798
1202,525970.2881944445,25016.02741439796,536748.2881944444,19125.67778347003,516551.75,7669.249119571713
1203,525667.9444444445,24927.09733697136,536264.6354166666,19092.61775000053,515464.6006944445,9764.306607658154
1204,526053.1666666666,25429.96509618067,535417.5555555555,19065.441774105595,514113.14930555556,10457.465467769178
1205,526345.2291666666,25877.21503955863,535220.1423611111,18431.8791666201,514493.6701388888,10336.838213154755
1206,526675.7361111111,26010.004271605038,534270.2916666666,18665.215743264853,515784.37847222225,8990.411051342775
1207,527162.6041666666,25456.637434350512,534151.8472222224,19449.671558503305,517032.4201388888,8269.752137272832
1208,528721.1909722221,25257.572472246637,534458.0798611111,20699.365711508195,517920.68402777775,7099.668574837882
1209,528453.7916666666,25207.615421836515,534506.4409722222,21486.30735052521,516734.5104166667,7000.758196390398
1210,528270.75,25752.932633223958,535253.1805555555,20660.306211810355,516192.625,6887.756476582747
1211,528399.2395833334,25878.730193841355,535015.2013888889,18650.031059203637,515392.7291666667,8222.111027872685
1212,528866.1215277778,26943.35413499722,535802.6284722222,18102.139764971602,515551.4791666667,8702.131915632022
1213,529649.7743055556,28020.889493341998,535061.9340277779,18840.5079271254,515334.86805555556,8500.065487750264
1214,530101.1979166666,28459.162749361407,534937.4270833334,18883.190638110882,515125.64930555556,7034.796006218173
1215,529559.65625,28398.53757941444,534227.3923611111,17841.84415039223,514741.2847222222,8076.792251475541
1216,529172.5138888889,27939.07516242382,534664.5347222224,17724.944517442436,514814.90277777775,7422.922141044939
1217,528664.1909722221,28730.392654747302,534261.8159722221,18535.475316705044,514644.88888888893,7563.621042615433
1218,528718.7638888889,28622.916665683577,535036.1736111111,19561.73895362838,514793.2083333333,6572.0667043138355
1219,529340.3888888889,28532.72081874525,535040.8159722221,19004.45776779741,514942.2291666667,6884.810249739159
1220,529855.3715277779,27721.48392199228,536218.15625,18527.81354066811,516171.04861111107,6681.37947818272
1221,530414.2048611111,28791.33172202201,536561.4548611111,18781.208314499916,516074.7256944445,7235.1789841252585
1222,530100.21875,27680.5635158462,537216.6215277779,18658.030263824017,516349.77430555556,7682.224043066314
1223,530802.4791666666,28206.017955143023,537723.78125,17413.524028484382,515756.0173611112,9175.093165353584
1224,531559.2569444445,27593.53858247096,538346.2118055555,15928.059142627331,515683.20486111107,10247.95800661649
1225,532487.7395833334,28899.15837891951,538269.1145833334,15334.918132926423,515062.3645833333,10050.086154419923
1226,531965.5694444444,29024.931179668973,537485.5277777779,16467.162093241615,513830.9895833333,10203.025375507974
1227,532495.7604166666,28605.732155322217,537009.920138889,16350.877109734276,513853.69097222225,9109.163154253205
1228,532673.5763888889,28899.891846385573,537337.6458333334,16139.665194975483,512750.8020833333,9835.096373376864
1229,533619.0555555555,28699.962036641442,539443.9444444444,16222.956339742355,513853.58680555556,9405.528994505617
1230,533968.1909722222,28333.1994329065,539397.3611111111,15632.172845294495,513440.0138888888,9325.02442424898
1231,534338.4375,27760.246040532547,539007.2743055555,15839.267735715654,513829.51736111107,8872.797357979332
1232,534309.9097222221,27763.368663669604,537700.7534722224,15389.731038998952,512900.42361111107,8177.433599991079
1233,534519.6631944445,30120.15696765756,538157.4930555555,16535.40714583233,512536.6111111112,8745.165477953995
1234,534493.75,31957.52915826685,538777.1979166666,16603.365804030815,512417.625,8332.076870037123
1235,535058.8125,33442.86314178595,539284.1041666666,16237.752933354182,512455.81597222225,9032.469628998326
1236,534859.0381944444,32455.246263896457,539531.6215277779,15255.338102335625,512468.25,9223.076055936748
1237,534949.1875,32463.766846396695,539241.3819444445,15250.507719026256,512202.6041666667,10434.440505096836
1238,535844.5173611111,31361.584132971722,537885.9166666666,14643.534469177825,511872.4791666667,9720.595137453272
1239,535908.6875,32392.718226830395,537681.8576388889,13691.713306064416,511731.32638888893,9246.943637988355
1240,536810.1284722221,31907.417382966254,537716.6805555555,13635.582342549842,510874.0416666667,8751.833040928073
1241,536613.0173611111,31133.08096072098,538870.1770833334,14450.161626050725,511788.0451388888,8058.694001203132
1242,537378.9375,30412.061587154905,538229.375,16817.373475594257,511743.98611111107,7721.437972320166
1243,537471.0590277779,29059.435610162087,538097.2430555555,16161.459055542102,512647.99305555556,6677.608142014646
1244,537286.7847222221,28236.493674961373,536812.3611111111,15490.464352345089,511309.84375,8525.17769890174
1245,537328.7222222221,28299.451048008574,536624.0416666666,15364.542462544541,510310.05555555556,10084.664170613905
1246,537438.232638889,29196.79043439094,535423.1701388889,16798.52650360471,509812.6041666667,10603.89540870004
1247,537226.3298611111,31483.364574815925,535652.7465277778,17603.680709226872,508586.6875,9926.419641010132
1248,536754.0173611111,30215.00350601546,535015.0486111111,17269.934135736083,508726.0520833333,8819.129998684786
1249,536181.7847222221,28519.037984446528,535420.3611111111,16872.647904202535,508421.8506944445,8917.323251188222
1250,535846.9236111111,27347.767736941918,534119.7743055555,17775.105350549286,509389.7152777778,7828.38122130953
1251,536548.1354166666,26439.410805862826,535175.5868055555,17385.89563021188,510020.8958333333,7907.093260921744
1252,537220.2152777779,27458.628416553773,534976.5069444445,16829.13510914465,509792.27430555556,7962.60156816391
1253,537864.0277777779,25945.13466795872,535830.4756944445,14706.961130197797,509148.03819444444,9330.955611439202
1254,538473.2916666666,27491.435495098525,535720.8680555556,13655.352246526154,509171.65972222225,9828.61909548021
1255,538885.90625,27705.027848180693,537329.6909722222,13672.788289814629,509846.5520833333,9279.496691107628
1256,539606.71875,27826.53736354274,539241.076388889,12798.252050355002,510971.1770833333,9458.395684501009
1257,538300.9583333334,27872.94094801587,540240.7881944445,13140.006212187613,510997.18402777775,10126.548939397848
1258,538044.8298611111,26693.501719156964,540538.1458333334,12378.427765081105,510999.3784722222,10894.550398046664
1259,537645.5902777778,27006.471957147463,541145.076388889,13161.062439507059,511710.5659722222,10566.149712609453
1260,539002.3819444445,25803.441465310487,540786.3402777776,13052.44947764457,511590.0104166667,10794.252945305834
1261,539098.1597222221,26047.460616478267,539969.8472222222,13542.199151347051,511593.41319444444,10010.196828590762
1262,540099.2361111111,24676.433038219424,539440.9583333334,12075.009749032795,510629.87847222225,9616.03865896473
1263,540151.6875,22551.878083929354,539591.2708333334,11146.496112634459,510320.5520833333,8717.052171126708
1264,541051.0590277779,21351.171524671616,540221.6319444444,10309.403474547553,510844.98263888893,8149.131320395732
1265,541589.7743055555,20310.78319128417,539801.875,12038.516997771894,511642.82986111107,7563.748240794581
1266,541838.6736111111,20906.187714928965,539654.9722222221,12990.732952741742,511807.87847222225,7973.140568488945
1267,542273.4375,20817.264642121485,539794.4097222224,13935.769769912453,512670.72222222225,7835.976947006148
1268,542663.9479166666,20504.63073191388,540344.7986111111,12578.668462057323,512789.59375,8012.588627311731
1269,542838.4201388889,19495.099332570713,540047.875,12059.014027108085,513248.49652777775,7197.389182480685
1270,542225.6180555555,19605.939255391,539954.9305555556,11628.499620285547,512807.59375,7288.350407122988
1271,541718.6458333334,20041.153864487213,539837.1875,12316.500471839781,512851.44097222225,7022.113329105929
1272,542095.7534722221,20309.858519092984,541376.4236111111,11758.135753388391,513508.70486111107,8267.61972762049
1273,543412.3402777779,18725.767332887597,541282.7638888889,11301.918547806663,513545.62152777775,8129.785074113152
1274,543296.3368055555,19575.2997089755,541260.5694444445,10286.852898684409,513261.40625,7782.885961272716
1275,543542.4722222222,19343.928478066548,539694.84375,11413.854742951946,512622.2395833333,6748.855444251301
1276,542537.5833333334,18742.06707882438,539202.0798611111,10591.61968596329,511640.9166666667,7698.46686962322
1277,542943.7048611111,18287.085113968587,538924.6770833334,11275.562027467364,512087.4444444445,8822.713841002587
1278,542359.6215277779,19532.94060754331,538852.795138889,11960.82323798901,511813.28125,8800.310665058421
1279,542353.4756944445,20365.869499784225,538299.625,12744.811252419902,512345.26388888893,7694.7624716455475
1280,542616.423611111,19445.910694934093,538193.8541666666,14181.15721696056,511293.11805555556,6774.385263744754
1281,543679.0,19593.17224195812,538633.5520833334,13368.467995510313,510654.14930555556,7263.772486580128
1282,544785.4375,19749.538683793508,539311.2881944444,14727.189815198964,510292.7465277778,8770.563176271186
1283,546150.5,19605.823926718458,539745.0520833334,13488.082451329696,510704.3958333333,9151.778763332639
1284,546127.1180555556,18806.08967510793,539485.4930555555,13826.07912992383,510335.4583333333,9071.864859771802
1285,546023.6319444445,18896.931374981763,539360.6909722221,12765.669245411269,509389.32638888893,8529.265951662515
1286,544939.4583333334,19578.87515340372,538778.2951388889,12629.34629636534,508014.05902777775,8463.698142568457
1287,546020.3194444445,19170.569142855304,538990.4305555555,11928.293078974993,508388.7569444445,7745.210179248795
1288,546910.4930555555,20425.037172339824,539941.6527777776,11534.675187575498,508813.2430555555,6880.081575205458
1289,547113.0034722221,20320.37368701094,540664.9166666666,12272.140469021948,509102.18055555556,6638.867396238019
1290,546181.0381944445,20855.278144113843,541555.0625,12754.399130296712,508186.5972222222,6967.395267160233
1291,544666.5034722222,18463.55263620481,542214.9722222221,12644.782893980784,507043.28819444444,7898.332863456339
1292,544119.7847222221,17940.928453571913,542842.7777777776,12809.24026828204,507240.9826388888,7505.455540229086
1293,543824.25,17368.690032931936,542233.2361111111,12453.18080041751,506952.2534722222,7909.761059794398
1294,544739.0138888889,19565.984323466866,541877.3090277779,14068.89878187751,507332.7256944445,7101.509613162776
1295,545532.2673611111,21013.656742020834,541311.5798611111,14226.842200230876,506568.6145833333,6664.5674734510185
1296,545959.96875,20607.986049389376,541346.6180555555,15248.599262575874,507092.6979166667,6030.895702919442
1297,547032.267361111,19773.81159745426,541293.5,15374.50127935783,506215.6770833333,6882.60224381687
1298,547638.8402777776,19316.802096355026,541355.2430555555,16162.80735208392,506861.2673611112,6472.034658632507
1299,548804.3333333334,19247.38091504856,542043.6145833334,15733.254074917782,507024.3888888888,6232.55525727412
1300,549212.4791666666,19018.22675904864,542161.5416666666,15288.415837244223,507753.07638888893,5433.588330308576
1301,550494.5347222224,19315.256954491346,541843.9131944445,15258.891063553832,507697.1319444445,5415.978244096892
1302,550792.5277777779,19627.635587623972,541190.6076388889,15392.852921867836,507299.25,4986.693057763206
1303,551535.3680555555,19645.571560041644,540324.2430555556,15604.152620742667,507416.8020833333,5310.098107517255
1304,551055.4930555555,19432.64280340681,540759.1215277776,14666.433391168088,507987.6527777778,5490.835595609611
1305,550853.5833333334,20730.113347185397,540222.7847222221,14379.600990620362,508544.40625,7153.581896207404
1306,550480.6527777779,20061.373382571248,540942.0520833334,13336.512558465689,509492.27777777775,6160.825921707226
1307,550804.4305555555,19974.04963762627,540701.2604166666,13202.212018290373,508711.15625,6152.734289729847
1308,551775.5555555555,19222.86891436231,542030.9513888889,13423.963202100927,508852.42361111107,5616.4966059845865
1309,551845.361111111,20329.393040520838,542655.4652777776,14252.727261334787,508289.14236111107,5942.412142654696
1310,552217.2777777779,20686.87919432248,542796.3194444445,15184.845568534738,508415.94097222225,6319.665321601649
1311,551154.486111111,20871.28862697907,542447.9444444444,15154.114341146917,507777.5486111112,7368.09814156799
1312,550280.1458333334,20882.165171390283,541254.2326388889,15818.394934247459,506977.1701388888,6840.153455448939
1313,550058.4166666666,21669.62816502238,541405.3506944445,15384.374224672216,507298.3159722222,7033.8207218316
1314,550329.5902777776,21797.741361797973,540751.6319444445,15749.087956746222,507380.1145833333,7799.622072264817
1315,550636.0555555555,21367.78630515128,540954.9479166666,15010.894368089,508600.41319444444,7412.936149633496
1316,551600.3055555556,20622.887476116794,539883.5520833334,16242.274060144895,508891.8333333333,7231.1663727023
1317,551328.21875,22021.693204758172,539408.1076388889,17747.729549364114,509389.76388888893,5787.771278423743
1318,551968.7465277776,23140.147685396183,538868.5972222224,18756.692956748975,508937.7048611112,6045.297905433965
1319,551417.90625,23051.033137084247,539840.125,18793.582481286074,509399.71875,6652.16926880204
1320,552184.0277777779,20138.45246218681,539900.1111111111,18681.850105951,510069.05902777775,6828.735933054938
1321,552657.048611111,19941.96910579673,540491.0,19580.876328324946,509961.7291666667,7012.24888356485
1322,552273.0555555555,18992.76233128821,539714.9340277779,20064.18803627348,509534.5416666667,6200.296759557201
1323,552662.9791666666,18905.26466431449,540200.6006944444,18675.214531651436,508994.3090277778,6626.113931527777
1324,552271.7847222221,18040.336292755215,539525.6319444444,18059.041375789307,508743.71527777775,7309.659588662079
1325,551459.4375,17330.72208885405,539153.1458333334,17208.548251520613,508569.5520833333,6733.2368779430435
1326,551798.6319444445,17944.195514230334,539053.7256944445,17369.468327932358,507900.75694444444,5929.606246445341
1327,552166.8055555556,17165.420961405624,538991.7083333334,16837.185601739176,508429.84375,5205.243938314205
1328,554437.8541666666,17030.210424962155,540082.5868055555,15744.307170998054,508562.06944444444,5109.337917480695
1329,555130.1111111111,16176.446228994066,540439.8715277778,14576.925995821844,509000.75,6801.59871382535
1330,555480.4375,17380.51908402647,541230.763888889,14587.48569658466,509072.1875,6703.910378653432
1331,554482.9791666666,18296.6771286269,541090.9409722221,15024.011309260339,508780.5520833333,7742.355886083723
1332,553141.2083333334,20022.965322693894,540628.1527777779,16652.70357169285,508360.7881944445,7018.036481154652
1333,552667.8194444445,19886.874279172996,540310.8368055556,17027.5954801921,508783.3020833333,6883.865583582352
1334,551871.2569444445,19619.67676190069,539082.2291666666,17977.770767714104,508094.72222222225,6479.537648512532
1335,551877.8333333334,18005.66838551445,538592.78125,17327.67633624457,508673.79861111107,5792.951305017317
1336,551154.8263888889,17619.492527098268,538218.9930555555,17021.678544298207,507731.4375,5089.1994628142775
1337,551010.0902777779,17739.77606154277,538426.763888889,16231.833548549024,507449.4166666667,5129.045760954834
1338,552073.4027777776,18523.404028067744,539545.2708333334,17517.800064637133,507436.5520833333,6343.602677023276
1339,552554.3194444445,19773.578148884466,540516.8368055555,18639.00138190283,507512.96527777775,6946.505642830043
1340,552979.2638888889,20372.833557457547,540015.21875,19789.995118670024,507427.72222222225,7702.529893773077
1341,552101.5625,20498.6083245967,538955.1701388889,19367.781224831935,506387.5833333333,8123.5567595793145
1342,552195.701388889,20369.999634499763,537691.4027777779,18620.8251065812,506015.27777777775,9785.701877853413
1343,551665.1875,20974.434745841234,538145.7361111111,18828.082477249518,506550.3645833333,9817.540654994942
1344,552501.0416666666,20997.271018563286,538058.5590277779,18826.775165025017,506966.3854166667,9250.5507674806
1345,550293.4861111111,19521.322538052907,537705.6458333334,19670.859899820112,505845.75347222225,9018.337343358855
1346,550695.2083333334,18387.5677767913,537482.6180555555,18539.084934894567,505700.48611111107,9306.700386881575
1347,548995.7430555555,18535.48492651549,538408.2534722221,16959.9105806831,505617.09722222225,9552.671263896704
1348,550678.1180555555,20053.165075868706,539430.0763888889,15762.552904370485,507395.35763888893,9721.242345980087
1349,550718.1875,21056.830405451772,539923.0,15459.011879719514,507732.03472222225,9657.111839361902
1350,551794.8263888889,22064.556794927186,540114.0416666666,17108.996515651335,508240.21875,8441.994392887013
1351,550949.2361111111,21390.406826958704,540527.4756944445,16555.177835602954,507807.96875,8770.793962618238
1352,550430.7361111111,22384.426027030677,540653.1840277776,16788.22461088542,507401.43402777775,9957.902764893815
1353,549527.5833333334,22061.19939536723,540359.8402777779,15548.92848772749,507647.0,10396.29610955916
1354,550490.673611111,22401.995209984412,541169.2256944444,14475.9937182753,508423.20138888893,8607.994035603473
1355,551040.1875,21043.023492011063,541852.9027777779,14415.621083626902,509083.8715277778,8070.015109896075
1356,551328.2847222221,20312.870459146736,542135.5104166666,14461.9792489248,509189.38194444444,7618.835627440821
1357,551189.1944444445,19701.70813116808,541710.1423611111,15486.43380725346,508979.4375,7747.344622932971
1358,551024.9131944444,21333.420860060938,541711.4930555556,14913.722371264603,509072.3541666667,8122.249192541831
1359,551046.65625,22359.21421135846,542287.6319444445,14590.292936422835,508748.8645833333,8496.938132548921
1360,551197.5243055555,23446.99913354176,542281.9166666666,14167.977372148374,509346.55902777775,9253.430603596877
1361,550224.4513888889,23001.36388778924,542157.7951388889,14537.065007913652,509284.37847222225,8470.37465730448
1362,550989.7847222221,23051.654362934587,542156.46875,14939.697262038435,509753.54861111107,9086.593610555929
1363,551270.0555555555,22339.621737988597,541454.8645833334,14913.043058251762,509561.88888888893,8940.701651642923
1364,552876.6111111111,22227.77398759758,541773.0138888889,13855.472254965927,508525.34375,8903.988410155405
1365,551776.2743055555,22896.250973604925,541197.8472222221,12802.343568099082,507575.6388888888,9168.504152603286
1366,551544.2048611111,22879.38868551011,540943.3680555555,12316.247966942585,506569.1493055555,8874.319657977354
1367,549722.5729166666,23520.77994836123,540002.6319444445,12568.300515132767,506923.55902777775,8248.345105335207
1368,549577.4236111111,20064.603771073147,539947.8333333334,11056.37433796912,507281.52777777775,6891.849546853775
1369,549425.8125,18426.245577856804,539936.2847222221,11098.869907932894,507822.44444444444,6972.8148965248765
1370,549458.5833333334,15607.030505960282,540123.0972222221,10741.479062807959,508199.37847222225,8170.031580840871
1371,549079.2152777779,15705.394640544699,539861.7013888889,12401.63415794346,507298.7604166667,8470.330297307562
1372,548047.3680555555,17539.291852216516,539506.3819444444,12370.04325323685,506705.26388888893,8464.365703604668
1373,549688.2569444444,17320.37847081023,539025.2152777779,12360.696396655821,506711.6666666667,7025.137218047767
1374,550980.7916666666,18751.411548673033,539143.2708333334,12296.029354358516,508115.01736111107,6684.858607271471
1375,551458.7569444444,17778.017823429567,539004.25,12078.761141415627,507872.2291666667,6625.77356937938
1376,550676.5416666666,18369.826131512396,540275.6597222221,11328.479928641498,508102.89930555556,7261.991124257506
1377,550029.4930555555,18160.119977170136,539725.9166666666,11072.846934477826,507282.6666666667,7637.062810351165
1378,550675.5208333334,18443.194457951206,540377.5625,11229.525023715267,507952.8333333333,7228.378033975662
1379,551380.6597222221,19357.38251835587,539974.8194444444,10603.629755262578,507198.9479166667,6431.95093362881
1380,551871.6180555556,20147.715431832603,540633.5694444445,10400.746530893088,508152.56944444444,5691.208625957059
1381,551115.2569444444,19419.841237268123,540310.6180555556,10201.926534819097,507972.77777777775,5343.062026268337
1382,548977.6076388889,20954.23414110757,540380.7291666666,11492.732035762137,509090.40625,5541.636667143483
1383,548050.6354166666,20995.522648444778,539325.9513888889,11795.42751524953,508570.05555555556,5275.963917619109
1384,548763.6979166666,22617.19433774364,538552.4236111111,11425.28346016458,508633.42361111107,7115.809022030704
1385,550550.3402777778,21037.456880694728,537125.7847222224,11457.885846419906,508229.99305555556,7001.8843632032085
1386,550477.9444444444,20504.537366724664,537150.2986111111,10955.837727283471,507917.6354166667,7498.1954541966925
1387,549446.8680555555,18678.597544125845,537692.9861111111,11274.668654136198,508846.98611111107,6055.053902411094
1388,547497.4305555556,17468.942319930353,538292.6666666666,11390.147727560132,508186.5347222222,6677.107120523901
1389,547638.4375,17669.172705229852,539217.3819444445,11796.169617511894,509169.1076388888,6656.150783284533
1390,546581.513888889,19541.06830178803,539712.0833333334,11791.12739704747,508896.84375,6377.655560974352
1391,547013.4930555556,19592.396995443247,539910.5138888889,10753.047222048543,510159.0590277778,5231.494676139605
1392,546396.4930555555,19657.79137098603,538979.736111111,10978.315264986555,509936.4340277778,4008.057721290101
1393,547319.7152777779,18303.14492453736,538891.2430555556,9942.057863944601,509913.9826388888,4924.435877611759
1394,546720.0138888889,18149.9318018205,539285.7361111111,9574.725722820775,509767.5659722222,4810.73292844729
1395,546179.9444444445,17421.255553677827,538745.0763888889,8197.758559104675,509271.5520833333,4914.888862862314
1396,545940.9652777778,15629.284325269366,538605.8819444444,8569.807760948095,509574.4756944445,5204.539830541456
1397,545377.3194444445,15124.73117152817,537335.9652777776,8751.778319918476,509035.46527777775,6280.867613415329
1398,545150.7361111111,14961.794406433626,538023.2638888889,9126.093367057048,509857.2916666667,7335.897692923872
1399,543144.6666666666,15633.116702826213,537425.0972222221,10506.123300208797,508648.4583333333,7429.500911694877
1400,543056.5833333334,16873.077150261106,538175.2708333334,11558.789788417746,509311.7256944445,7476.693148264442
1401,542710.125,17216.990150690053,538926.0625,10961.371884894625,508980.9166666667,8094.4848781366445
1402,543956.4027777776,19140.74750234418,538784.8680555555,10593.928280914104,509584.375,7086.071915330514
1403,543682.4861111111,19353.489839510275,538451.4930555556,9913.509741668073,509421.6770833333,5978.333638607813
1404,543501.326388889,19455.80687962812,537299.1666666666,11627.779938462438,509512.46180555556,5158.286053107026
1405,542928.8680555555,18479.05191538655,537793.1458333334,11052.267981040795,509260.20486111107,5498.491089944911
1406,543412.5277777779,17932.192381929803,538351.125,10812.007532217856,508944.3888888888,5805.043243121157
1407,543863.7430555555,17005.5500826984,538685.6319444445,10031.602783198898,508589.25694444444,5830.814980910996
1408,544773.875,17049.30067835903,538405.8125,11313.898619399595,508635.23263888893,6385.973762745496
1409,546082.8611111111,17393.946823560167,537859.8333333334,11220.970339784359,509057.71527777775,7118.3368141595365
1410,545281.5763888889,18968.60463815266,537811.7430555556,11379.054250641111,509346.4270833333,7110.1528552715035
1411,544289.3125,19918.057118555476,537170.7743055555,11578.74592800222,509647.5138888888,5861.540216150398
1412,544469.8680555556,20022.477783340062,536084.1666666666,12970.88359830378,509432.97569444444,4980.00212261035
1413,547360.1666666666,19796.406444084514,535297.1354166666,14126.098083319737,509357.6145833333,4561.774856151512
1414,548853.5347222222,18631.248314234654,535243.6180555555,13773.31283959675,509058.02430555556,6059.92710625553
1415,547514.125,18508.120034040312,535822.1979166666,13294.187267371213,508786.71875,7506.050310479845
1416,545675.9375,18811.781791811332,535866.6180555555,12285.077860791847,508891.6770833333,8603.944838576339
1417,544670.5555555555,19481.873262722875,535416.0,12598.926409305664,507616.69097222225,7880.9629773486595
1418,545326.5486111111,19687.317213727412,534424.6770833334,12556.451744389427,507121.50347222225,6597.978648809407
1419,545410.6944444445,18492.614691884606,533806.1701388889,12977.408647593447,506337.80555555556,6893.881751995473
1420,547218.5347222221,17942.949458833777,535043.0104166666,12451.549695432193,507504.2708333333,7658.950861121711
1421,547167.9652777779,19277.269662230545,536375.4652777776,12424.597538095637,508000.93402777775,8484.9273215988
1422,547734.3055555555,20351.43672374581,536486.3611111111,12618.284204182566,507699.3125,8420.731404660255
1423,547308.1597222221,20952.75793385843,535417.4861111111,13011.364887989608,507261.71875,9358.356339500077
1424,548986.875,18999.83983397179,534851.4652777776,13494.688318871797,506967.1493055555,9212.614594954386
1425,548758.0486111111,19452.659017827344,535429.6493055555,14489.467202582207,506487.9270833333,9135.310669027052
1426,549545.8958333334,18311.08769476944,536466.2395833334,14704.285069217403,506843.8680555555,8468.022803574571
1427,548877.25,19421.157580251063,536754.5868055556,14205.195058070824,506515.7430555555,9284.923964667592
1428,550216.7638888889,19228.749610933435,536584.3680555555,13198.77186630597,506984.56597222225,9415.37771933771
1429,549421.5069444444,19165.831441995717,535751.4722222221,13346.5215565817,506604.17013888893,9484.185412485587
1430,548986.013888889,17625.053616722205,535241.8680555555,12801.511771047892,506215.00694444444,10052.892824111183
1431,548094.9583333334,17198.685950478226,534717.03125,13288.987203690447,506258.0694444445,9582.675543889767
1432,549069.0069444445,18593.641300713196,534605.5034722221,13611.377100956917,507004.17361111107,8977.108542479373
1433,550317.1805555555,19796.276863742387,534456.0902777779,14775.608636092958,507624.46875,8102.618008949844
1434,550993.736111111,20152.517545508286,535193.8472222224,14985.369664086678,507904.9166666667,8820.636051165135
1435,550586.4722222221,19411.63407514055,534738.7395833334,15298.617580098116,507367.1354166667,8785.146510517796
1436,550541.0277777776,18921.73187199666,534877.15625,15347.04529618787,506789.33680555556,9290.393649343285
1437,550642.7291666666,18415.426490424237,534831.8958333334,16205.833539649995,506871.19097222225,7889.559258868002
1438,550856.75,17874.057069911574,535438.2673611111,16702.790221219984,507460.7569444445,7844.892042692143
1439,551066.2291666666,18276.764594909142,535647.8125,17027.671238270086,508933.68055555556,6289.5489076768345
1440,551044.3611111111,17755.60634535237,535583.4444444445,16254.057104597618,508826.76388888893,6958.755468937563
1441,550586.6666666666,17898.985960751437,535456.4305555555,15745.976650114226,508210.31944444444,6496.627569562317
1442,550830.201388889,16946.263085105933,535789.1111111111,15030.960921832366,507581.8125,7035.291401749476
1443,550683.8541666666,16677.76300494039,535615.7048611111,14068.631718763128,507804.6076388888,6835.145783377803
1444,551576.5694444445,17415.673488644567,534652.5555555555,13686.57876810631,507543.87152777775,7931.744275408184
1445,552425.9791666666,17616.592771533273,534381.0347222221,14134.253861321817,508064.9131944445,7189.7653496194225
1446,553044.5277777779,17259.521312478748,534252.4340277779,14304.397405253534,507885.36111111107,7956.636176047757
1447,552268.7222222221,16151.871719565012,534755.0833333334,14513.8064336241,507928.6354166667,7865.56918812005
1448,551719.7291666666,15853.337972250929,535637.4236111111,14778.656573114078,507453.25694444444,8729.500578055266
1449,552002.0277777779,15547.833359857836,536345.7847222221,15804.238954986888,507923.2638888888,7507.956591043671
1450,552825.8472222221,15128.939129860442,537937.9236111111,15664.846245637096,508429.76388888893,7207.589015298225
1451,552629.2777777779,15993.677332212135,537630.8576388889,14976.482581628805,508854.6458333333,7086.218280667587
1452,552484.5208333334,17980.02999874148,538301.7777777779,14811.545558683289,508411.5486111112,7450.145001810114
1453,552122.6805555555,19133.111617340324,539804.7291666666,14456.540864108618,509169.23263888893,6909.450522496168
1454,552407.7222222221,19019.921420515693,541173.8020833334,14441.035342793462,508952.9479166667,7068.4923178008685
1455,553197.2291666666,17612.778987137142,541024.9166666666,14288.9258514212,509266.89930555556,6944.366271206695
1456,553314.125,16502.460220796682,539878.0277777779,14156.424210976347,508010.82638888893,6947.553308842121
1457,552809.9236111111,15346.5780747755,540089.9236111111,12714.220469935666,508637.9201388888,7386.76775636935
1458,551351.8263888889,15634.455214891992,540385.8576388889,12704.74594455395,508024.79861111107,7854.369433683023
1459,551705.5555555555,16323.079210799013,541358.3159722222,12673.093938352422,508684.87152777775,7875.552387216436
1460,551902.4583333334,17259.953730263398,540766.173611111,14464.895790295319,507122.52777777775,7642.346914813229
1461,553293.3888888889,16852.078176178977,541886.0659722222,13928.081695799396,508484.2569444445,5823.362133017551
1462,553767.4930555555,16794.854756147575,541980.6006944445,15005.641966553027,508436.81597222225,6067.204493658906
1463,553724.6805555556,15325.58793864283,542591.2013888889,14623.842782925685,509288.8611111112,6225.279070558157
1464,553356.2569444445,14416.190160723649,542262.2708333334,15343.4568898656,507458.7881944445,8246.49339308914
1465,552562.0625,13844.72790382328,541540.3958333334,15496.599205271441,507494.59375,8552.459196514852
1466,552711.2986111111,13973.074447917867,540332.6006944445,16029.760857115776,506793.5729166667,9273.303856152274
1467,552994.5138888889,15659.894413300986,540385.3020833334,15800.512283310314,507483.4166666667,8768.049283194645
1468,552164.7638888889,17393.613523668257,540512.5347222222,16005.537153747962,506344.7604166667,8804.457221503068
1469,552620.1597222224,18447.899473057278,541832.8784722224,16160.255550816697,506641.63194444444,7860.922978922288
1470,552336.8888888889,16885.28231185407,542552.0381944444,16593.696256269966,507383.71527777775,6886.718118101485
1471,554377.3402777779,16101.768609742514,543363.2361111111,15470.316162751531,508953.2083333333,6304.207683113484
1472,554140.125,15666.443390917842,542784.8472222221,13698.589762333419,509406.8368055555,7469.326318422414
1473,553981.2569444445,16770.601807942952,541349.8680555555,12991.290042737772,508808.6979166667,9644.21988597796
1474,553985.1597222224,15457.625233899053,539230.2986111111,13167.223956500136,507747.1805555555,10007.811017923905
1475,553710.8125,15098.459867001957,539398.4409722221,15023.372105112521,507916.9375,9305.392039033544
1476,553489.75,14251.004255289778,538743.875,15342.076852641032,507910.63194444444,8622.94269369922
1477,553434.5347222222,14118.51280776137,539373.5381944445,15303.560430326484,509202.32638888893,8478.096007332131
1478,554291.763888889,14148.103232528025,538094.3194444445,15262.022499018982,508438.66319444444,8933.76707128143
1479,555088.9236111111,13541.689359104941,538612.5069444445,16689.631839292764,508087.36111111107,8641.61683914845
1480,554099.5625,13863.357107009711,538235.8784722221,17362.123847349554,506954.73263888893,9774.839425549822
1481,553151.6319444445,13491.794541587202,538670.9201388889,16624.94018668859,505764.4965277778,10987.801446299429
1482,553951.6736111111,12595.18735157013,538934.9930555556,14843.51653960173,506607.12847222225,11616.156053620265
1483,554533.3055555555,12698.807327533228,538440.375,14894.922348469163,506252.19444444444,11592.848660841315
1484,555121.3680555555,12128.455663997314,538801.4270833334,14687.968925718382,507077.5833333333,11805.160585743271
1485,554619.0069444445,12754.91894602195,538552.6944444445,15341.41530146316,506445.90625,11131.340817244274
1486,554776.625,12214.634138205218,539734.7743055556,15321.052673711287,507179.11111111107,10397.131192914698
1487,553982.0138888889,12501.392765278542,539193.7847222221,15419.529989396382,507222.01388888893,9555.031516595367
1488,553602.1041666666,13300.604694524884,539628.2291666666,15557.977660204877,507399.4166666667,9805.084718071495
1489,554429.4583333334,11908.69319819778,538558.8229166666,14304.272284415487,507576.9583333333,10292.93668467491
1490,555072.4652777779,11375.589038593596,537925.8229166666,14496.54151389361,508487.81944444444,9237.242461196323
1491,554980.8680555555,9685.509736376447,537674.7638888889,13654.492332894255,508701.5520833333,9112.271299427766
1492,553859.75,10180.421189557319,538182.2847222221,13090.797873456226,507691.5659722222,9378.664688142433
1493,553751.4027777779,10627.227139177927,539619.8680555555,11816.400446014752,507892.875,10326.08981992624
1494,552968.0208333334,11740.249551286226,539186.6944444445,11788.67446838274,506746.20486111107,12198.483422938203
1495,553007.1041666666,11841.004315333488,539516.3090277776,12618.438155853171,507293.1770833333,11696.671504768901
1496,552102.0972222224,11511.86459030991,538832.6666666666,13390.888451819763,505429.86111111107,12799.731011257223
1497,552625.048611111,11192.557950446486,538913.0555555555,12695.732833577145,506148.5451388888,11030.558718357925
1498,551049.6666666666,11458.363677213614,538312.5659722221,12695.72148740497,505382.50694444444,10753.057140981198
1499,551797.2916666666,9957.993968502667,539075.7638888889,12015.859403007873,506282.1770833333,11149.458299402586
1500,552601.5763888889,9527.314646704717,539291.9791666666,11526.901995889004,506407.88888888893,12180.616797855828
1501,553516.6458333334,10121.381604557238,539374.138888889,9683.16303579304,505975.7395833333,13413.925642223126
1502,552588.9791666666,10615.801756779227,538673.8125,9713.685592141917,505033.55555555556,13486.76790526248
1503,551687.5,9788.702752634135,539334.9930555555,10425.47784689421,504821.65625,13326.01175492602
1504,551737.8333333334,9506.318776894383,540175.625,12256.261991608382,505238.53472222225,12352.073075865466
1505,552234.7847222224,10339.817780485875,540392.7986111111,11950.655129817322,506302.24305555556,11548.820648082703
1506,551652.9722222221,12946.756308027529,540124.3541666666,11482.586372412468,505963.39930555556,11132.965782942472
1507,551818.6527777779,13124.387466218233,540252.8541666666,10024.506939398008,505392.7256944445,12684.25437755881
1508,552165.2638888889,13562.437041781895,541735.6111111111,9517.717314858723,505638.9930555555,12899.826407102122
1509,552750.2291666666,12228.708279615428,542990.375,8823.317941558567,506137.9375,13478.035912816289
1510,553302.8541666666,11963.574159493708,543673.6111111111,8722.739467224636,506363.6631944445,13228.807715497413
1511,553298.0277777779,11775.571291695542,542508.4861111111,9025.3012312266,505366.5138888888,13119.56908327436
1512,554480.7361111111,13071.109331547312,542382.7152777779,9429.20098504058,504457.8541666667,13938.397667595766
1513,554833.4027777778,15093.593538200661,541805.1944444445,9931.347440813934,504864.14236111107,13872.785527805587
1514,554349.7777777779,15468.408653084709,541773.1597222222,9833.856335719382,505687.8229166667,12748.58153472651
1515,553169.798611111,16484.757281116756,541111.3958333334,10060.599725482112,505379.31944444444,11165.940536269101
1516,553249.6736111111,17091.123032672273,541855.3333333334,9200.661114177274,505516.9201388888,10914.183516336423
1517,554836.9305555555,18566.51036544886,543213.4305555555,9276.074547581893,505861.9722222222,10517.061614484215
1518,554490.0347222221,17685.53727223982,543583.673611111,8088.07457734129,506846.62152777775,11112.434891035404
1519,554243.9236111111,17650.886227029416,543020.9097222224,9959.086588063543,506816.72569444444,10362.743710282784
1520,553231.25,17541.50060059705,542249.8611111111,10029.421401118012,505422.15277777775,11422.46702889471
1521,553302.7152777779,19655.11525297634,541918.8333333334,11482.858728872336,504967.56597222225,10534.775690374203
1522,553707.4791666666,21374.669532624503,542751.1666666666,10673.799629057457,505261.74305555556,11618.072428324647
1523,554013.8472222224,22842.720780321128,543643.3819444444,10461.727643906772,505838.3958333333,10941.895258043685
1524,554769.888888889,20617.147706072228,543839.2083333334,9058.504621866405,506247.61805555556,11865.379818548841
1525,553641.7986111111,18826.812362499975,543090.6180555556,9226.17807410951,505705.07135787065,10714.98194675329
1526,553970.0347222221,18298.1948009898,542997.2847222221,9251.044733426972,506475.57110763347,10910.790515211707
1527,553837.9791666666,21064.309212984543,543128.2222222222,10390.325007414027,508146.99434599583,11936.894061561978
1528,554096.2083333334,21403.933024556605,543456.2847222224,9429.986897238445,508381.4587608439,11469.137324092904
1529,553725.8472222224,20712.69707313724,542973.2847222221,9720.001188694247,508551.102040542,10691.430721259729
1530,553243.7430555555,19727.41767543849,542454.7013888889,10076.312999730955,508618.0229711081,11094.28677261305
1531,552892.2708333334,20011.91684387228,542680.2083333334,10839.559278894925,508826.16919185076,10207.59040103067
1532,552164.8541666666,21203.551218429682,542820.5763888889,11092.948731124667,509228.6273063529,10510.25424941293
1533,552473.3055555556,20434.4456428399,543626.7152777776,9596.828592056787,508675.97663664987,9685.114887144047
1534,552742.3333333334,19479.64541889388,543806.3541666666,10082.145664795882,508855.60977159446,8862.306350118903
1535,553293.2847222221,17982.03749943875,544058.9583333334,8917.905217329802,509902.4216621234,7295.584575297834
1536,552841.3541666666,18177.700152810445,543644.3888888889,9761.039445320197,509534.4326855966,8522.196236641536
1537,552589.5902777778,18234.78130500788,543530.0069444445,8867.99373640952,510382.05935479776,7830.021913758183
1538,552041.4375,17399.648799000483,543408.8194444445,10716.323188190794,509428.67413421633,7124.937996364868
1539,552643.75,17084.826381046052,544585.2083333334,11748.69043923159,509717.30181603,7874.760475647035
1540,552584.5833333334,17612.366938976204,544951.9027777776,12328.231186089168,509865.39126163354,8760.257592933507
1541,552995.7083333334,17212.269161084256,545252.6180555555,11692.570005665315,510768.0248863793,8563.463205956934
1542,550671.3958333334,16846.293469064145,543779.5416666666,10739.705729196661,511088.67628386663,8829.28825166747
1543,550789.0069444445,16748.627718873595,543090.5555555555,10876.447964155632,511135.5913042286,9390.512927801059
1544,550580.8263888889,17674.70517181929,542295.5069444445,11081.228450900502,511684.9652931665,9938.195296998247
1545,552728.625,17762.03079880384,542739.7777777779,12358.306594190532,511484.33166995505,7862.728574353725
1546,553363.7291666666,17706.122710204458,542236.4375,12395.793745752611,511156.82425705134,7323.649306982253
1547,553627.0,16604.84524653748,542082.2847222222,12756.261402567396,511577.9635722228,7566.1325765318215
1548,553156.9375,16787.401968616283,541607.8472222224,13002.515644039617,511691.66298599803,6661.348696070641
1549,552456.7986111111,15425.508614717171,542003.7777777779,13823.510478647211,511918.7970086127,8413.064547923119
1550,551927.5277777779,16774.249183930922,542797.0625,13814.82118059213,512835.9293755425,8429.205523733952
1551,551862.9166666666,15114.50346247272,544082.201388889,13536.186556354249,513756.4093830594,9653.307611945522
1552,551976.9305555555,13560.890279765283,544722.6041666666,12491.157430709467,514064.10205378203,10951.037138649868
1553,552590.0625,12846.007287160823,544854.8472222221,12131.033093049375,515871.659761318,10451.970265284617
1554,552532.9375,14482.789384863692,544217.236111111,11071.6300279908,515837.92866227665,9767.661991539839
1555,553196.1458333334,16781.25391846374,544921.7777777776,11021.754615898464,515461.2808756008,9463.040356321593
1556,552139.7708333334,16092.117288431986,545274.8819444445,10674.747461341947,515150.39922283305,8410.44817475967
1557,552859.625,16878.82084068041,546175.4583333334,10853.650913470367,515466.1445743492,8204.881324079808
1558,553041.5486111111,17069.70344999593,545919.1666666666,10684.658662409598,516069.20328703034,8485.310716700931
1559,554859.4583333334,15853.094834429872,546681.0208333334,9809.351777431677,515631.82582145865,7619.186899808962
1560,554905.0972222222,14283.156465265485,546603.9444444445,8652.709449171205,515700.16460868134,8162.033896372717
1561,554927.6944444445,14127.564517937213,547384.0763888889,9033.54617019246,516320.1036483478,8749.2070196966
1562,554275.8472222224,15378.94157756483,546911.0833333334,8435.06705342322,517304.82828341174,9316.36742842552
1563,554116.5972222221,14744.678464423745,546719.1388888889,8257.418492527471,517905.1078258045,10370.162204383147
1564,553251.2847222221,14711.580806128519,545417.7986111111,7344.8891524972,518114.81281510385,9870.54601041753
1565,552831.875,13962.191824644764,544949.5347222222,7773.920643900481,517460.36163770634,10307.405811999752
1566,552865.5555555555,12505.587369330857,545433.4097222221,8806.47857389887,517682.3911591416,12022.916833189978
1567,552946.5138888889,10351.969823670279,547311.8888888889,8488.573434112775,517828.4160411698,12734.684770364045
1568,551996.5138888889,9942.39214300654,547860.8541666666,8892.347740629435,516729.9243517171,12400.566065721609
1569,551213.5833333334,11059.575436886505,547541.7986111111,9321.644845147659,518007.4403885239,11445.316006969277
1570,550427.9375,11233.925306503572,546846.9027777779,9292.530250328462,517731.62412222935,10020.358228923624
1571,550848.7013888889,10833.155769865627,547174.8055555555,8813.238982026513,518102.64019365824,10044.3135636467
1572,550777.1736111111,10379.464038634733,546981.4722222221,8797.135408281387,517585.4254499815,9589.073762085938
1573,550785.7708333334,9805.183169498332,546331.0763888889,9583.053998427462,517189.24061519,10273.644877431792
1574,550223.9375,9821.594922320055,545656.1388888889,10669.795413133807,518705.14868809487,10073.549060894371
1575,550379.8194444444,9108.87269261018,545928.5486111111,10810.321760647135,519655.8033794232,10207.101024966041
1576,551254.2013888889,8294.63790933754,545764.7916666666,11471.960701937041,519158.23721563537,10218.082069087326
1577,551814.7708333334,7363.663332062972,546192.6875,10655.946257055115,518949.0846511312,9024.499527580485
1578,551305.0902777779,7681.933452957413,546545.0,9965.551097531821,518544.7456449619,8621.237755224554
1579,550782.0763888889,8237.614136800234,547638.5069444445,8764.395774881255,518825.14270489075,9365.91540357815
1580,550853.7083333334,7515.709049801429,547834.3541666666,8135.83149611927,517980.3925004015,9098.30435695643
1581,551390.2430555556,6894.089580142808,548398.3263888889,8615.081014048379,518671.93526165915,8999.630527948872
1582,552135.4583333334,6419.414282237596,549412.2569444445,8743.323461653066,518786.058402163,10340.510279879276
1583,552393.2986111111,7562.227692306216,549630.5902777779,9761.094619494106,519103.88358301745,10364.333789995715
1584,551684.5694444445,9712.248974669981,549482.1458333334,9032.160759320253,519062.9031451878,11104.385548143217
1585,551469.5347222224,10625.66945197628,548669.8402777776,9767.689093559628,520174.82595327153,10943.923634927023
1586,551000.4652777776,12456.16337863154,549640.388888889,10292.980344513442,519613.181484019,11875.688050917073
1587,551603.638888889,12319.898821162704,549746.3472222221,10675.847223900417,518295.32275322784,11582.060616394112
1588,550540.1041666666,13289.143405985344,549956.4444444445,9602.54418960617,517991.42958585784,10373.475338127953
1589,550774.0625,13414.591393524006,547845.4444444444,9444.135395689054,517906.47390719113,10272.915815417831
1590,550186.625,13985.414368327414,547530.861111111,9557.519538185697,517916.21655548434,10173.213796997688
1591,550064.9305555555,13901.230331090397,547410.9861111111,10465.906740848148,516789.4845110557,11310.289717515008
1592,549495.6180555555,14231.043837398864,548073.4652777779,10818.041330662156,517566.57187157177,11747.725010451493
1593,549653.9861111111,13891.515930282447,548615.4166666666,11760.932920227051,515848.5720796639,10566.94980720862
1594,550396.798611111,12956.528067953454,548578.7430555555,12689.22642729102,516215.34642396535,10371.04545161938
1595,551017.4930555555,11115.742600710459,549380.1111111111,12745.747349169438,516437.490113989,8906.383636546418
1596,551125.2013888889,10212.969796635287,548462.0,13027.82392563755,516155.23919319286,9576.211805956364
1597,550935.3194444445,9728.369961342249,548370.263888889,13417.26422002208,516145.17326346814,8335.372035266724
1598,550907.7916666666,10004.836910575032,547924.7430555556,14275.085992643488,515929.5421204686,7512.407011018841
1599,551608.3680555556,9883.077538526302,547988.3472222221,12792.033575786569,515797.84637245553,6531.266515159224
1600,552202.6180555556,9901.021390767732,547536.875,12153.888826975899,515800.96009709523,6543.467561493406
1601,552006.701388889,9362.98757562408,547785.4444444445,11654.541311337012,515866.1147684283,7591.6610513167625
1602,550651.2916666666,9907.356473454485,548019.75,12434.005026242401,515669.02268538205,5822.038053778973
1603,550568.1805555556,10096.612530812827,548427.2569444444,12268.774791152237,516369.7203054077,6405.683767797003
1604,550944.2708333334,9931.425537069217,548674.3819444445,11433.83540946423,515209.51993451687,6339.16346985491
1605,551794.8402777779,9558.178494149031,549050.2291666666,10857.254025427252,515682.5537033414,8578.486976438102
1606,551941.1666666666,9867.129593478337,548671.7222222221,10423.964026145406,515894.17221432045,8563.443280090516
1607,552403.3958333334,11439.608798384248,547625.2847222224,10585.269039069592,516743.1333587983,6167.2695900516765
1608,553926.8472222221,11401.862541035049,547198.4375,9729.841715495362,517874.13487157814,5390.157718209283
1609,553876.5416666666,10741.013539670033,546821.8472222224,9266.713614060023,515801.1836838538,6272.5618350512605
1610,554262.5138888889,8643.798189397636,547123.9513888889,8985.369666590404,517171.60686124,6096.147108618054
1611,554641.6180555556,9208.615885590858,547270.7430555555,9392.973059749862,518135.3291292366,6155.058388465393
1612,554819.8680555556,10310.770559578097,546652.0416666666,8957.951276058428,517716.598366478,6727.9945934459
1613,554405.1666666666,12072.95367662216,546911.4930555556,9037.42547015557,518069.9461337873,6919.6470472113915
1614,553432.7777777776,13732.817400179463,547389.5069444444,10140.862149883478,518095.43481895933,5596.263736616555
1615,553368.5555555555,13960.501521970367,549151.6875,10209.823425345641,519571.418668247,6615.701928796273
1616,553866.8055555555,13923.361770784535,549926.4791666666,9074.287158929254,519343.94562149333,4733.316277538463
1617,553767.3333333334,12392.072160988308,549421.0625,7370.394779886011,520049.36895668315,3625.6509999024597
1618,553731.6597222222,12519.074084434835,549160.9375,7828.844475253569,518459.9822686648,4192.779570849112
1619,553287.0555555556,12938.33703022858,548039.2013888889,8667.514463098767,518122.34926301334,3905.846803599517
1620,553432.4444444445,13260.323131614537,548053.0555555555,9751.538311368076,518123.25317531655,4153.171629987423
1621,555011.451388889,13341.140519540464,547220.6180555556,9748.887635983578,518669.7205373479,5010.082088273392
1622,556022.5694444444,13818.348722774013,546853.0833333334,11342.386816393997,518731.07287774165,4136.216429411037
1623,557100.5347222224,13337.863510034058,546549.8402777776,13353.550098908821,519996.3389180096,5791.303004391189
1624,556689.2222222221,13053.607527430073,546345.5069444445,14744.128063695445,520178.28585884837,5796.596395026846
1625,557029.9305555556,12614.543850016185,546158.8333333334,15803.809684484357,518419.1942765377,6127.895763278503
1626,556828.9097222221,13614.745085310724,545592.923611111,15398.596580317742,518838.3659830968,5724.277307800682
1627,556436.4236111111,13265.924604068856,545456.6527777779,15733.123897550171,517393.58958401805,4915.24014977438
1628,557468.3541666666,12877.445087760276,546823.1805555556,14543.450479868514,516171.2950068901,6323.314140091885
1629,558107.7361111111,11165.699503559583,546663.6597222221,16223.572425551258,515366.094592576,6138.982611314341
1630,558267.7083333334,10737.649249322516,546397.6944444445,16602.401507522452,515312.3377900715,6666.629740951614
1631,556481.8958333334,9298.212890171648,543812.9027777776,17873.076976156906,514222.234247741,6559.7423883631245
1632,555493.8333333334,8911.530916249343,543948.6527777779,17097.260638895084,513789.58572116244,6710.2906565504845
1633,556916.4097222221,9281.94685179356,544756.7291666666,17892.911220966,512772.67427309486,6912.979155518309
1634,557435.0208333334,9245.725487649346,546597.6736111111,18221.503832103324,512613.37215443625,6034.77624980743
1635,558491.25,10334.688788011572,546719.6909722221,19628.776263520176,513016.84176551976,5196.846176848994
1636,557959.0416666666,11172.500851234397,545506.2673611111,19637.390143041575,512751.1596615687,4489.955686153148
1637,558848.0277777779,11437.888316881299,544574.4201388889,20004.848823866367,512497.0113292683,4908.5616737875225
1638,559439.0694444445,11543.202568351608,543984.388888889,18838.28962595584,512737.45683754835,5438.387319226582
1639,559012.5555555556,12248.715044149867,544741.1736111111,18341.638853972054,513749.0590712237,5021.611751288872
1640,559085.3125,13548.350011698712,545397.2847222221,18059.880561028534,513589.9763349352,5261.220230519457
1641,559078.0347222221,14584.584579094544,545585.8368055555,18464.733690388857,514455.636589352,5208.933812407362
1642,558603.9583333334,14051.918430632993,544244.4756944445,18447.60406222277,514732.52438446163,5080.431574399159
1643,557990.7430555555,13807.285349997463,543552.7256944445,17753.98229233604,515074.7381642495,3177.2865406641026
1644,556437.9166666666,13357.5985267366,543682.2777777779,17403.29449908894,515205.6254877734,2955.7346990430337
1645,556749.1319444444,14337.639963797452,544984.1944444444,16922.111222911764,514591.72911332943,4359.309687111512
1646,556733.8541666666,16026.836478408439,545075.5694444444,16718.07810950443,515189.0242288594,3932.3341327722947
1647,557517.4444444445,17137.89493201148,545738.0555555555,16121.64136057487,516339.05598991207,4743.320527777582
1648,558339.7222222221,18554.4196906677,546192.875,17204.557637906844,516376.8158987391,4551.596243983935
1649,559009.2152777779,16811.06615881269,547022.2430555555,17392.965727547,516593.53160048806,4803.125995628305
1650,558881.7847222221,16558.939430909613,546743.7708333334,17767.38235636605,516819.6815421462,4829.037515436634
1651,558725.875,14971.780720252711,546495.8125,17238.19669459899,517952.7370763638,5459.314980619088
1652,557674.375,16335.977476078935,545057.3541666666,17465.76642292052,518049.5361744848,5553.892547630358
1653,557701.8194444445,17204.673162681484,546277.6041666666,17308.59599447375,517667.15933290496,5853.36904028432
1654,556649.7361111111,17358.420767219264,546448.1805555555,17096.455385868554,517875.3868901145,5719.214281391741
1655,556851.0694444444,16600.411780738286,548095.4166666666,17057.89707657166,517126.4592929291,5331.994164770713
1656,556166.0,15032.327961130622,547444.3194444445,17231.54373420115,517589.2434942183,5884.654521467628
1657,556599.9444444444,15394.552413904425,547301.125,16903.82327258845,518456.24244012224,5216.982743863079
1658,556452.9652777778,14662.167815017507,546682.9236111111,16780.746671718356,519889.0763191528,5630.823050027671
1659,556276.9236111111,14656.219300730874,546296.4027777776,17174.31135171152,519202.32672986883,5071.411930747491
1660,556953.7638888889,13589.79943068026,545963.1944444444,17868.394650001424,519459.19513545505,5722.579921745624
1661,556837.8958333334,13487.703805225707,545187.8229166666,18062.204847402885,519233.3721477277,5911.596654996575
1662,557875.1527777779,13503.080198959018,545300.7673611111,17553.850119010553,520534.6927606586,6537.345664012628
1663,558631.4305555556,14612.348598213117,545429.9756944445,17350.472497081944,521670.0190755573,5976.453180530227
1664,559105.4236111111,15348.503551985168,546855.9027777779,16696.168247960566,522717.2972282581,5878.387684645259
1665,558654.5625,15174.116915775036,546392.6805555555,16619.794679480237,522509.29884382285,8252.700053407734
1666,557994.3402777779,13341.382267592811,546791.1180555555,15633.226874281223,522864.3921811566,8537.710876939615
1667,559499.7083333334,11410.793366047003,546724.3263888889,15541.226755061129,523210.63548848947,8950.60074132121
1668,560467.298611111,10863.313198853939,546112.5902777779,16798.683243292522,522842.87455012696,7873.050787591429
1669,560817.7291666666,11374.990354563219,545664.8541666666,17543.984015715,522266.5795867033,8189.154037972254
1670,559983.4236111111,11494.90241999076,545857.5833333334,17898.433412240665,520200.2245338079,8417.746593713477
1671,559928.7986111111,10710.248539016513,546650.0555555555,16086.890835375094,520778.3865964373,9033.892039443359
1672,559275.2152777779,8537.351369098607,548074.6597222222,15854.068308202519,520406.76805236796,8869.995999037981
1673,558310.9930555556,7879.494766115541,548253.375,15540.05041456274,520947.71820774284,8583.647590896686
1674,556436.9166666666,7287.442831423571,548509.0347222221,17098.44039887642,520901.0586188732,8071.960205172286
1675,555787.0972222224,7679.309498195042,548067.8819444445,17688.511592996747,521028.78167088906,6791.690028780644
1676,555324.8888888889,7807.4297696628455,547183.9444444444,17870.485924254608,521579.0060262422,6358.339598887384
1677,556846.5902777776,9251.234216325878,547311.6388888889,17487.217638909267,522111.2491830007,6719.569995381746
1678,557117.0972222224,9377.512842222453,546643.8194444444,17316.766927160672,522360.34438003,6945.680964381795
1679,558709.736111111,10192.35395343609,547851.576388889,17561.02115211675,521901.7116371086,4733.823716328579
1680,557442.0208333334,10042.749046545576,548337.2777777779,17357.165817952973,521851.545194972,4099.424454905879
1681,557255.5,10367.62091181452,549473.8055555555,17187.163232083713,522639.95391294576,3645.723115895894
1682,555453.2916666666,9208.367787171579,549061.125,16071.794123646077,523157.35901196994,5073.164030205815
1683,555863.9444444445,7246.206631662883,549276.4305555555,15076.178406965417,522711.2656631889,6305.118388954575
1684,556031.4166666666,5786.15648556394,549139.7083333334,14052.33804335806,522585.27072699816,6453.880682448653
1685,556123.0555555556,4905.19778589211,549726.625,13889.872141624524,521800.12210969394,7605.331845692131
1686,556511.8541666666,5641.096213504764,549929.2222222222,13282.942766410417,520809.71674953634,7216.789806708024
1687,555842.0138888889,6098.957519973419,549449.875,11812.434984903399,520352.48667470814,7484.248320940722
1688,555980.0555555556,6789.045882677959,549183.1388888889,11200.966442839524,519744.4842371416,7246.94146651814
1689,555110.138888889,6236.11760254318,548436.7152777779,10631.116363805333,519351.19768473064,8777.981676396197
1690,555954.4583333334,6823.774631425529,547967.9375,11410.687991893821,520379.7801275893,8590.254849815348
1691,555547.1805555555,5832.77781098611,547369.076388889,11479.943275762667,521631.51873714867,7117.157333438488
1692,556879.7430555556,5380.144856245933,547498.2361111111,12076.905953759157,520943.9703459183,7656.332786382809
1693,556656.2430555556,3393.6181924177467,547891.3888888889,12595.20657833819,520560.26977949886,8183.320302420402
1694,558020.75,3067.4614124593454,548286.5486111111,13618.839941386457,521003.12001456314,7551.293591483328
1695,558104.9791666666,2423.4174927535705,548763.3194444445,13582.303464670313,521501.76328070584,7667.283004963339
1696,558481.2916666666,3061.2066159843907,549766.1180555555,13599.021774400973,520883.4526129337,7615.896722423226
1697,559052.8402777779,4595.1040182473125,550518.4652777779,13552.141796157704,522041.80752905924,8188.6992585533735
1698,559068.0138888889,4686.032740748485,549902.9722222221,13908.363604207576,522108.1298462536,7438.349536514021
1699,560684.7430555556,5918.502705892662,549473.1597222222,13395.68711111767,523016.4641833355,8269.933996303338
1700,559971.9166666666,5360.731214010984,548744.3888888889,12008.001151473563,523140.697575893,9755.05081726114
1701,560218.8055555555,4558.407121409814,549836.0277777779,11332.779888377261,523421.0456153259,10106.682863560565
1702,559660.2222222221,2740.0171622863268,550856.9861111111,12080.621334331103,524109.27534014825,11605.295833728513
1703,560671.3194444445,3262.3635859979254,552176.861111111,13008.696800477737,525533.9750574478,10572.218472428582
1704,561359.5347222221,4417.809441502608,551888.9861111111,12679.986841238464,525269.3401084027,11346.865603944048
1705,561543.1041666666,3934.210044915953,551515.2013888889,11140.634253236229,525195.1763137553,9738.51802220976
1706,562415.625,3722.2062522265724,551821.9861111111,11330.077405665585,523900.48051946005,11084.260785120736
1707,561482.625,3097.148832565059,552771.701388889,12094.030784752453,523195.86116143153,10905.372960801966
1708,561725.375,2879.947534379967,553506.5763888889,12196.917928108815,524008.3755563134,12345.950439450593
1709,560502.2708333334,2359.7903541681408,552833.8819444445,11055.909713733909,523359.5338398868,12161.058804803737
1710,560665.3402777779,2612.7963206927743,552743.75,10026.31587999473,523368.6673115221,12383.385178803432
1711,559555.6041666666,4245.734436051782,552013.6041666666,9977.56261732053,522662.32077665767,12603.78887068205
1712,558912.1319444445,4789.368983818794,551951.8541666666,10735.28957799234,523472.6389216816,13025.752124267716
1713,558572.9236111111,3762.5545616160825,550531.5902777779,11341.485133105394,524254.7737890499,11652.281401830569
1714,559411.8958333334,2956.995914308909,548356.4305555556,12965.2023685225,524916.5603174906,11795.247803768578
1715,561025.2083333334,1755.9250086067846,546052.6597222224,16970.13673099154,524400.2630408494,11583.013011562067
1716,562849.3472222224,2427.369811627713,544409.8888888889,21990.32417827036,524074.28906487353,12098.930416395175
1717,562308.875,3411.3879866156917,543084.4305555555,27278.13393984569,524444.4756635753,11011.184297337039
1718,562378.0416666666,4741.515882332678,542187.3784722222,28291.405481294587,523876.5393620908,10671.662835006946
1719,561446.0069444444,6182.622078376924,541340.5729166666,29027.686499254836,524857.1534202265,10913.962992331433
1720,562312.4236111111,5673.9668507957695,541717.1076388889,29010.64827091184,524897.3242476893,11274.55479458564
1721,562182.5277777776,4339.482267602777,541714.0486111111,30266.203953852306,525014.5808181135,11096.3877225026
1722,562485.8055555556,4705.79425924973,541862.0659722221,30978.61374243227,524689.3977876306,11219.899229891838
1723,562492.5486111111,5105.557855151325,541956.3125,29589.04484269685,524607.2187504105,11077.678028079716
1724,562495.0138888889,6273.67419241234,542464.4479166666,28667.99826666513,524280.0305725295,11942.828135559184
1725,562177.8472222221,5462.9980787865325,542518.1284722221,28123.390546623752,523673.588597009,11495.592133559378
1726,562448.5277777776,5643.907483434516,542460.1076388889,29053.852301140618,523147.81656385463,10619.18762749875
1727,563288.3680555555,5045.745486149232,542496.9166666666,27948.132849455887,521316.075214314,11635.507958379103
1728,563593.8402777779,5685.798367024381,542736.0347222222,27686.007859915993,521774.93760685466,12147.791444314873
1729,564310.3958333334,6348.508066102191,542851.2534722222,27171.40820586981,522364.1973464607,13105.915924207258
1730,563584.3333333334,7195.729990180292,541684.1770833334,27900.543387687514,521961.0712156409,13345.349064293092
1731,564399.2569444444,7939.970354489961,541497.1006944445,27442.626120978937,522125.4429148171,13730.628345446776
1732,564274.0,7876.45768257747,541857.8611111111,27135.22212110631,522583.6480689084,13031.411484597224
1733,564199.0069444445,7372.930764365975,542798.4097222221,27056.162044853412,522338.61884848075,12751.079215017018
1734,563454.4652777776,7251.55027816648,543054.4965277779,26986.451530960727,522169.915422068,12588.024268711859
1735,563109.5625,6978.992362344535,542557.8229166666,26460.30755651065,522193.96282729995,12305.346062334045
1736,562635.3333333334,6904.45868042565,542379.0833333334,25885.92359369492,521779.31720694574,13707.7469245896
1737,562807.236111111,6230.441944337419,542695.6875,26184.97298221683,522212.92385303625,12632.47818876727
1738,562904.625,6250.014448733299,543088.7534722221,27360.570764588523,522264.62008888804,11966.745333574427
1739,563904.5972222221,5666.477138425648,543186.0659722221,28046.637434641398,522330.70192232385,12358.481472348136
1740,564263.1805555555,5518.542693599638,542249.0729166666,29006.674253379086,522004.13488421176,13049.654534680923
1741,563936.7916666666,4701.165626735566,542189.2708333334,28594.289982704893,521806.82538026106,13069.456925909753
1742,564895.9305555555,4108.271497502688,542205.5208333334,29009.862615146125,523045.3294962347,12561.314643895328
1743,564684.1805555556,2780.929894916432,542553.15625,27227.661031116295,523814.18823247147,11702.688191283476
1744,565138.2569444445,2684.865065886884,542847.3055555555,25796.179489045408,524244.43270622846,10479.71099138452
1745,563761.375,3103.7319850156077,542839.923611111,24907.36891984495,524289.500518329,10203.251219410422
1746,564405.9861111111,3906.2380547780745,543124.4861111111,25086.578610707445,524552.7207409772,9123.099072642568
1747,564141.0138888889,4671.670476122153,542077.5590277779,25831.724780116896,524110.42928443773,7974.53507234767
1748,564209.7569444444,5104.484772627054,541571.9618055555,26065.46560255854,522465.44646494434,8167.924324577295
1749,563720.3333333334,5821.072585800115,541076.75,26165.989476497532,522357.65280019847,7765.460994362068
