series,source_kind,learning_episode,mean,std
"MAPPO (fixed 60, 3 seeds)",historical,1.0,119842.65576171875,1390.527732567138
"MAPPO (fixed 60, 3 seeds)",historical,3.0,127292.04372829862,1797.3477538795123
"MAPPO (fixed 60, 3 seeds)",historical,5.0,142567.01633029513,3810.239624838636
"MAPPO (fixed 60, 3 seeds)",historical,7.0,160000.47233072916,2936.244430941633
"MAPPO (fixed 60, 3 seeds)",historical,9.0,174763.22428385416,3072.1730754595615
"MAPPO (fixed 60, 3 seeds)",historical,11.0,186626.5186631944,2003.261961309604
"MAPPO (fixed 60, 3 seeds)",historical,13.0,195537.97721354166,1215.9515971644676
"MAPPO (fixed 60, 3 seeds)",historical,15.0,202380.81749131947,1260.8358436153646
"MAPPO (fixed 60, 3 seeds)",historical,17.0,208705.33919270834,1646.573020082328
"MAPPO (fixed 60, 3 seeds)",historical,19.0,214543.0236545139,3214.9860313169784
"MAPPO (fixed 60, 3 seeds)",historical,21.0,221660.19292534722,3651.747032864011
"MAPPO (fixed 60, 3 seeds)",historical,23.0,229146.37391493053,3534.009194527718
"MAPPO (fixed 60, 3 seeds)",historical,25.0,235744.62543402778,4274.853109826032
"MAPPO (fixed 60, 3 seeds)",historical,27.0,242218.90494791666,4017.2477990170532
"MAPPO (fixed 60, 3 seeds)",historical,29.0,247815.17751736112,4175.14280858703
"MAPPO (fixed 60, 3 seeds)",historical,31.0,253306.33376736112,4716.538170587801
"MAPPO (fixed 60, 3 seeds)",historical,33.0,257968.34331597222,4922.51134406378
"MAPPO (fixed 60, 3 seeds)",historical,35.0,263923.38758680556,4674.205619840436
"MAPPO (fixed 60, 3 seeds)",historical,37.0,270609.74652777775,4812.555324568871
"MAPPO (fixed 60, 3 seeds)",historical,39.0,276283.83029513893,4317.411511304227
"MAPPO (fixed 60, 3 seeds)",historical,41.0,282038.43359375,4418.848122660874
"MAPPO (fixed 60, 3 seeds)",historical,43.0,285204.1236979167,3026.584949386788
"MAPPO (fixed 60, 3 seeds)",historical,45.0,290800.1901041667,2350.9939177352553
"MAPPO (fixed 60, 3 seeds)",historical,47.0,297535.828125,1706.687294649925
"MAPPO (fixed 60, 3 seeds)",historical,49.0,304725.07465277775,2405.5524513885953
"MAPPO (fixed 60, 3 seeds)",historical,51.0,310539.38194444444,3536.001417585914
"MAPPO (fixed 60, 3 seeds)",historical,53.0,314138.68272569444,1528.9591434723477
"MAPPO (fixed 60, 3 seeds)",historical,55.0,317981.21050347225,1513.477039918288
"MAPPO (fixed 60, 3 seeds)",historical,57.0,322304.42230902775,2751.2227739644563
"MAPPO (fixed 60, 3 seeds)",historical,59.0,325424.42013888893,4190.373077887126
"MAPPO (fixed 60, 3 seeds)",historical,61.0,329755.82421875,2751.7728916563547
"MAPPO (fixed 60, 3 seeds)",historical,63.0,332800.15668402775,1726.1017958870125
"MAPPO (fixed 60, 3 seeds)",historical,65.0,335554.7482638888,1945.085923718843
"MAPPO (fixed 60, 3 seeds)",historical,67.0,337970.38107638893,2221.3355692013097
"MAPPO (fixed 60, 3 seeds)",historical,69.0,339492.62847222225,1868.7273256236142
"MAPPO (fixed 60, 3 seeds)",historical,71.0,342657.3893229167,1073.9091515551322
"MAPPO (fixed 60, 3 seeds)",historical,73.0,344718.0212673612,2171.3920966283517
"MAPPO (fixed 60, 3 seeds)",historical,75.0,350464.5182291667,2782.0883956313014
"MAPPO (fixed 60, 3 seeds)",historical,77.0,352544.9674479167,3423.3863434786863
"MAPPO (fixed 60, 3 seeds)",historical,79.0,355910.39019097225,1466.9211211635
"MAPPO (fixed 60, 3 seeds)",historical,81.0,357119.59592013893,894.2411293201292
"MAPPO (fixed 60, 3 seeds)",historical,83.0,357587.4856770833,913.5726230292662
"MAPPO (fixed 60, 3 seeds)",historical,85.0,359697.1501736112,1333.0576277085859
"MAPPO (fixed 60, 3 seeds)",historical,87.0,360302.1106770833,422.01022001469096
"MAPPO (fixed 60, 3 seeds)",historical,89.0,363902.39236111107,1586.5812778609911
"MAPPO (fixed 60, 3 seeds)",historical,91.0,365634.56727430556,1999.580134938048
"MAPPO (fixed 60, 3 seeds)",historical,93.0,366828.3268229167,3295.5031685591453
"MAPPO (fixed 60, 3 seeds)",historical,95.0,368095.0099826388,2104.848766119559
"MAPPO (fixed 60, 3 seeds)",historical,97.0,368411.18446180556,1342.210659993298
"MAPPO (fixed 60, 3 seeds)",historical,99.0,370609.47265625,909.2471517783656
"MAPPO (fixed 60, 3 seeds)",historical,101.0,370519.55685763893,937.4413578787006
"MAPPO (fixed 60, 3 seeds)",historical,103.0,372305.1966145833,2680.6398708755596
"MAPPO (fixed 60, 3 seeds)",historical,105.0,373088.6106770833,195.52494237934943
"MAPPO (fixed 60, 3 seeds)",historical,107.0,376127.57248263893,3520.2512622488766
"MAPPO (fixed 60, 3 seeds)",historical,109.0,377728.08940972225,2982.8141227792453
"MAPPO (fixed 60, 3 seeds)",historical,111.0,377068.2213541667,1084.7785205294322
"MAPPO (fixed 60, 3 seeds)",historical,113.0,377346.7178819445,149.7795534302143
"MAPPO (fixed 60, 3 seeds)",historical,115.0,376636.8706597222,1241.376473431831
"MAPPO (fixed 60, 3 seeds)",historical,117.0,379816.2013888888,3377.1435488252673
"MAPPO (fixed 60, 3 seeds)",historical,119.0,380705.19444444444,3201.184752616284
"MAPPO (fixed 60, 3 seeds)",historical,121.0,381925.1171875,3348.60949948039
"MAPPO (fixed 60, 3 seeds)",historical,123.0,383072.46918402775,2273.3365370991132
"MAPPO (fixed 60, 3 seeds)",historical,125.0,384349.375,2760.110730026566
"MAPPO (fixed 60, 3 seeds)",historical,127.0,385593.8328993055,4460.437067762907
"MAPPO (fixed 60, 3 seeds)",historical,129.0,385168.8072916667,3173.922616839112
"MAPPO (fixed 60, 3 seeds)",historical,131.0,386483.2209201388,2127.9994727968588
"MAPPO (fixed 60, 3 seeds)",historical,133.0,388474.82421875,2378.6034514777857
"MAPPO (fixed 60, 3 seeds)",historical,135.0,389106.9188368055,4368.805019819736
"MAPPO (fixed 60, 3 seeds)",historical,137.0,388509.6922743055,1528.509170371188
"MAPPO (fixed 60, 3 seeds)",historical,139.0,388669.14887152775,1982.1844758712107
"MAPPO (fixed 60, 3 seeds)",historical,141.0,389930.2903645833,2254.7523576309204
"MAPPO (fixed 60, 3 seeds)",historical,143.0,391945.87890625,3939.861584680153
"MAPPO (fixed 60, 3 seeds)",historical,145.0,393104.75217013893,2522.6574326775512
"MAPPO (fixed 60, 3 seeds)",historical,147.0,393986.0842013888,1447.922759748647
"MAPPO (fixed 60, 3 seeds)",historical,149.0,392506.4127604167,1445.5820589004147
"MAPPO (fixed 60, 3 seeds)",historical,151.0,391310.05164930556,260.44050850350465
"MAPPO (fixed 60, 3 seeds)",historical,153.0,392481.9769965278,1036.4094543783244
"MAPPO (fixed 60, 3 seeds)",historical,155.0,394307.66015625,853.8640063226834
"MAPPO (fixed 60, 3 seeds)",historical,157.0,396387.9743923612,1432.429255540424
"MAPPO (fixed 60, 3 seeds)",historical,159.0,397642.2256944445,2535.1166176441807
"MAPPO (fixed 60, 3 seeds)",historical,161.0,398482.96397569444,2348.526791488006
"MAPPO (fixed 60, 3 seeds)",historical,163.0,399268.0499131945,1644.5880578467097
"MAPPO (fixed 60, 3 seeds)",historical,165.0,399813.0416666667,3401.8195267111864
"MAPPO (fixed 60, 3 seeds)",historical,167.0,400448.69921875,3032.475100573277
"MAPPO (fixed 60, 3 seeds)",historical,169.0,400037.56944444444,2580.1790553263586
"MAPPO (fixed 60, 3 seeds)",historical,171.0,399690.2096354167,2236.4054628192403
"MAPPO (fixed 60, 3 seeds)",historical,173.0,400403.7018229167,1559.1335444580575
"MAPPO (fixed 60, 3 seeds)",historical,175.0,401616.2495659722,1959.7594445080365
"MAPPO (fixed 60, 3 seeds)",historical,177.0,402526.6831597222,486.0986531874146
"MAPPO (fixed 60, 3 seeds)",historical,179.0,403938.48350694444,2698.1261242083647
"MAPPO (fixed 60, 3 seeds)",historical,181.0,407079.8268229167,2583.6758100203247
"MAPPO (fixed 60, 3 seeds)",historical,183.0,408679.5060763888,3585.5165820082198
"MAPPO (fixed 60, 3 seeds)",historical,185.0,408512.47265625,732.2870549719398
"MAPPO (fixed 60, 3 seeds)",historical,187.0,409298.81553819444,2649.0563846502455
"MAPPO (fixed 60, 3 seeds)",historical,189.0,410076.48828125,1829.5700025221267
"MAPPO (fixed 60, 3 seeds)",historical,191.0,412380.52734375,1715.7407628969047
"MAPPO (fixed 60, 3 seeds)",historical,193.0,410849.60980902775,748.0434051180309
"MAPPO (fixed 60, 3 seeds)",historical,195.0,410929.21484375,1425.4785287079185
"MAPPO (fixed 60, 3 seeds)",historical,197.0,410630.6948784722,2430.777411562791
"MAPPO (fixed 60, 3 seeds)",historical,199.0,410753.4370659722,1018.6067349490737
"MAPPO (fixed 60, 3 seeds)",historical,201.0,411499.9058159722,442.53107856489424
"MAPPO (fixed 60, 3 seeds)",historical,203.0,412726.06293402775,785.723643258492
"MAPPO (fixed 60, 3 seeds)",historical,205.0,415019.83420138893,3099.1429771272396
"MAPPO (fixed 60, 3 seeds)",historical,207.0,416445.08506944444,4653.5672615664935
"MAPPO (fixed 60, 3 seeds)",historical,209.0,415863.45138888893,4861.253069050151
"MAPPO (fixed 60, 3 seeds)",historical,211.0,416052.38845486107,2598.3191205354096
"MAPPO (fixed 60, 3 seeds)",historical,213.0,415563.68446180556,736.783267655838
"MAPPO (fixed 60, 3 seeds)",historical,215.0,417588.7894965278,2934.288966148898
"MAPPO (fixed 60, 3 seeds)",historical,217.0,417017.9895833333,3666.525690790444
"MAPPO (fixed 60, 3 seeds)",historical,219.0,417428.01128472225,3824.529830440629
"MAPPO (fixed 60, 3 seeds)",historical,221.0,416524.5442708333,4517.9845145197105
"MAPPO (fixed 60, 3 seeds)",historical,223.0,416821.50824652775,4105.402114802474
"MAPPO (fixed 60, 3 seeds)",historical,225.0,417989.65017361107,4793.245309865309
"MAPPO (fixed 60, 3 seeds)",historical,227.0,419029.90277777775,3210.3094680729273
"MAPPO (fixed 60, 3 seeds)",historical,229.0,420082.40842013893,1888.6398960193187
"MAPPO (fixed 60, 3 seeds)",historical,231.0,419369.56293402775,1497.0970455767995
"MAPPO (fixed 60, 3 seeds)",historical,233.0,418107.0217013888,1474.6102736573298
"MAPPO (fixed 60, 3 seeds)",historical,235.0,419914.8489583333,1391.010907062939
"MAPPO (fixed 60, 3 seeds)",historical,237.0,421543.73220486107,2345.2177635742523
"MAPPO (fixed 60, 3 seeds)",historical,239.0,424769.1605902778,4599.963816335436
"MAPPO (fixed 60, 3 seeds)",historical,241.0,424595.4296875,5113.116513552559
"MAPPO (fixed 60, 3 seeds)",historical,243.0,426208.12890625,5462.429113818714
"MAPPO (fixed 60, 3 seeds)",historical,245.0,428430.0451388888,4222.497059909067
"MAPPO (fixed 60, 3 seeds)",historical,247.0,428471.3567708333,3003.7313633582203
"MAPPO (fixed 60, 3 seeds)",historical,249.0,428814.32421875,1065.7049420102608
"MAPPO (fixed 60, 3 seeds)",historical,251.0,428643.6822916667,255.79239910294555
"MAPPO (fixed 60, 3 seeds)",historical,253.0,429475.09331597225,665.8894405386939
"MAPPO (fixed 60, 3 seeds)",historical,255.0,428600.9986979167,1246.1538646086428
"MAPPO (fixed 60, 3 seeds)",historical,257.0,427285.51258680556,656.7718805487174
"MAPPO (fixed 60, 3 seeds)",historical,259.0,428808.7330729167,1877.8075904392588
"MAPPO (fixed 60, 3 seeds)",historical,261.0,429498.9049479167,2872.404090987778
"MAPPO (fixed 60, 3 seeds)",historical,263.0,431605.8307291667,3259.5416402934416
"MAPPO (fixed 60, 3 seeds)",historical,265.0,431546.15147569444,1823.0848806119395
"MAPPO (fixed 60, 3 seeds)",historical,267.0,433578.9969618055,3194.653053589099
"MAPPO (fixed 60, 3 seeds)",historical,269.0,433268.99001736107,2529.5473938479995
"MAPPO (fixed 60, 3 seeds)",historical,271.0,432820.0638020833,1835.5285656394608
"MAPPO (fixed 60, 3 seeds)",historical,273.0,431152.43359375,1249.9344676113583
"MAPPO (fixed 60, 3 seeds)",historical,275.0,431741.1393229167,1309.74514563983
"MAPPO (fixed 60, 3 seeds)",historical,277.0,432251.56640625,411.4439206789768
"MAPPO (fixed 60, 3 seeds)",historical,279.0,432870.1480034722,625.3019546324524
"MAPPO (fixed 60, 3 seeds)",historical,281.0,432910.9309895833,1422.250448975068
"MAPPO (fixed 60, 3 seeds)",historical,283.0,434476.78342013893,2645.2812487028386
"MAPPO (fixed 60, 3 seeds)",historical,285.0,436079.140625,3470.6209217159926
"MAPPO (fixed 60, 3 seeds)",historical,287.0,436906.0963541667,3013.1267137362715
"MAPPO (fixed 60, 3 seeds)",historical,289.0,436141.75607638893,3200.505994123245
"MAPPO (fixed 60, 3 seeds)",historical,291.0,437905.70529513893,3404.7701240711335
"MAPPO (fixed 60, 3 seeds)",historical,293.0,438878.0638020833,5915.833208476298
"MAPPO (fixed 60, 3 seeds)",historical,295.0,440669.3046875,5211.594126996196
"MAPPO (fixed 60, 3 seeds)",historical,297.0,439093.93142361107,3566.816525599425
"MAPPO (fixed 60, 3 seeds)",historical,299.0,437576.77300347225,1752.4724255113895
"MAPPO (fixed 60, 3 seeds)",historical,301.0,437249.7200520833,2538.272200661235
"MAPPO (fixed 60, 3 seeds)",historical,303.0,437380.39236111107,4593.438398662071
"MAPPO (fixed 60, 3 seeds)",historical,305.0,439658.1705729167,3965.1352555589847
"MAPPO (fixed 60, 3 seeds)",historical,307.0,439367.59331597225,2725.5172262872898
"MAPPO (fixed 60, 3 seeds)",historical,309.0,440492.60633680556,2745.4730717834245
"MAPPO (fixed 60, 3 seeds)",historical,311.0,439419.14539930556,3526.763622316693
"MAPPO (fixed 60, 3 seeds)",historical,313.0,442063.9917534722,5307.009176804986
"MAPPO (fixed 60, 3 seeds)",historical,315.0,442230.9817708333,5243.519566763821
"MAPPO (fixed 60, 3 seeds)",historical,317.0,444818.5052083333,6643.175159119887
"MAPPO (fixed 60, 3 seeds)",historical,319.0,444773.6918402778,6729.140627813245
"MAPPO (fixed 60, 3 seeds)",historical,321.0,446266.8628472222,6559.881117930266
"MAPPO (fixed 60, 3 seeds)",historical,323.0,446170.22743055556,5551.577655124308
"MAPPO (fixed 60, 3 seeds)",historical,325.0,445859.7942708333,5076.605888755732
"MAPPO (fixed 60, 3 seeds)",historical,327.0,445433.96875,4616.8701662096955
"MAPPO (fixed 60, 3 seeds)",historical,329.0,445819.62673611107,4141.804325385334
"MAPPO (fixed 60, 3 seeds)",historical,331.0,447170.3038194445,4983.392955232031
"MAPPO (fixed 60, 3 seeds)",historical,333.0,448515.4965277778,6165.114032837399
"MAPPO (fixed 60, 3 seeds)",historical,335.0,449255.0555555555,6634.063112689578
"MAPPO (fixed 60, 3 seeds)",historical,337.0,449236.62934027775,6075.084789635037
"MAPPO (fixed 60, 3 seeds)",historical,339.0,448690.7994791667,4938.404656196153
"MAPPO (fixed 60, 3 seeds)",historical,341.0,447843.89409722225,2544.2925174253596
"MAPPO (fixed 60, 3 seeds)",historical,343.0,448328.5494791667,2458.242214927071
"MAPPO (fixed 60, 3 seeds)",historical,345.0,450899.22482638893,3341.0658786375443
"MAPPO (fixed 60, 3 seeds)",historical,347.0,452596.2022569445,4701.155370930113
"MAPPO (fixed 60, 3 seeds)",historical,349.0,453135.79774305556,5861.513612118626
"MAPPO (fixed 60, 3 seeds)",historical,351.0,452687.53298611107,5513.892869874282
"MAPPO (fixed 60, 3 seeds)",historical,353.0,453982.54600694444,6678.527316683263
"MAPPO (fixed 60, 3 seeds)",historical,355.0,453831.0616319445,5619.30147093005
"MAPPO (fixed 60, 3 seeds)",historical,357.0,455120.9296875,5365.851291842961
"MAPPO (fixed 60, 3 seeds)",historical,359.0,454599.5989583333,5510.593712114039
"MAPPO (fixed 60, 3 seeds)",historical,361.0,456668.1319444445,5514.784753324369
"MAPPO (fixed 60, 3 seeds)",historical,363.0,455168.2829861112,5223.15726881663
"MAPPO (fixed 60, 3 seeds)",historical,365.0,453344.9904513888,4197.0551581100935
"MAPPO (fixed 60, 3 seeds)",historical,367.0,452740.8333333333,5448.588970888354
"MAPPO (fixed 60, 3 seeds)",historical,369.0,453040.3671875,6049.2778773834025
"MAPPO (fixed 60, 3 seeds)",historical,371.0,454362.1770833333,7285.837630898653
"MAPPO (fixed 60, 3 seeds)",historical,373.0,455777.43663194444,5023.76376887806
"MAPPO (fixed 60, 3 seeds)",historical,375.0,456068.0564236112,6167.8403463454015
"MAPPO (fixed 60, 3 seeds)",historical,377.0,456785.8237847222,5787.300844651781
"MAPPO (fixed 60, 3 seeds)",historical,379.0,455808.3229166667,8223.233476562526
"MAPPO (fixed 60, 3 seeds)",historical,381.0,456448.38888888893,6716.052176572479
"MAPPO (fixed 60, 3 seeds)",historical,383.0,457073.60329861107,6159.484183877883
"MAPPO (fixed 60, 3 seeds)",historical,385.0,456843.9574652778,3877.769833294758
"MAPPO (fixed 60, 3 seeds)",historical,387.0,457768.9123263888,4998.769180146313
"MAPPO (fixed 60, 3 seeds)",historical,389.0,459139.4192708333,5558.500742870809
"MAPPO (fixed 60, 3 seeds)",historical,391.0,461377.01128472225,6912.477852288434
"MAPPO (fixed 60, 3 seeds)",historical,393.0,460469.7786458333,5711.494225389866
"MAPPO (fixed 60, 3 seeds)",historical,395.0,459681.515625,5886.425604681906
"MAPPO (fixed 60, 3 seeds)",historical,397.0,458055.7109375,5409.587318511609
"MAPPO (fixed 60, 3 seeds)",historical,399.0,459199.9348958333,6930.333997061881
"MAPPO (fixed 60, 3 seeds)",historical,401.0,459345.8993055555,7559.773523978284
"MAPPO (fixed 60, 3 seeds)",historical,403.0,459977.69618055556,5907.1924168675705
"MAPPO (fixed 60, 3 seeds)",historical,405.0,461511.0373263888,5237.525643740923
"MAPPO (fixed 60, 3 seeds)",historical,407.0,461720.43836805556,5113.625377770559
"MAPPO (fixed 60, 3 seeds)",historical,409.0,462330.24305555556,6839.942686348313
"MAPPO (fixed 60, 3 seeds)",historical,411.0,461359.0381944445,6302.799449488216
"MAPPO (fixed 60, 3 seeds)",historical,413.0,463476.40277777775,5480.0637975292275
"MAPPO (fixed 60, 3 seeds)",historical,415.0,464617.9557291667,4292.382151721541
"MAPPO (fixed 60, 3 seeds)",historical,417.0,465451.2630208333,3124.306855207751
"MAPPO (fixed 60, 3 seeds)",historical,419.0,465149.8940972222,3275.808859179249
"MAPPO (fixed 60, 3 seeds)",historical,421.0,464928.78559027775,4870.297303804337
"MAPPO (fixed 60, 3 seeds)",historical,423.0,466018.97829861107,5712.134105436427
"MAPPO (fixed 60, 3 seeds)",historical,425.0,464613.25347222225,6060.580368735214
"MAPPO (fixed 60, 3 seeds)",historical,427.0,465997.9053819445,4005.9168456025322
"MAPPO (fixed 60, 3 seeds)",historical,429.0,466731.0833333333,5503.352218998275
"MAPPO (fixed 60, 3 seeds)",historical,431.0,469762.81684027775,4958.96228237659
"MAPPO (fixed 60, 3 seeds)",historical,433.0,468186.8611111112,3572.819192295695
"MAPPO (fixed 60, 3 seeds)",historical,435.0,467638.7552083333,1354.6039123634675
"MAPPO (fixed 60, 3 seeds)",historical,437.0,466460.20746527775,1075.5855416229556
"MAPPO (fixed 60, 3 seeds)",historical,439.0,468305.92534722225,2144.2611960546783
"MAPPO (fixed 60, 3 seeds)",historical,441.0,467987.3402777778,4768.374718021093
"MAPPO (fixed 60, 3 seeds)",historical,443.0,469169.6041666667,2982.3586539427265
"MAPPO (fixed 60, 3 seeds)",historical,445.0,470132.15711805556,1195.517772424486
"MAPPO (fixed 60, 3 seeds)",historical,447.0,471963.31597222225,898.0339551753076
"MAPPO (fixed 60, 3 seeds)",historical,449.0,472505.6475694445,1953.3534058834928
"MAPPO (fixed 60, 3 seeds)",historical,451.0,470532.79774305556,2245.133479239294
"MAPPO (fixed 60, 3 seeds)",historical,453.0,470472.74913194444,4097.037181323736
"MAPPO (fixed 60, 3 seeds)",historical,455.0,469381.99652777775,3582.042634560091
"MAPPO (fixed 60, 3 seeds)",historical,457.0,471082.57204861107,3355.8197573884718
"MAPPO (fixed 60, 3 seeds)",historical,459.0,471219.4479166667,2854.386192445206
"MAPPO (fixed 60, 3 seeds)",historical,461.0,473706.61284722225,4027.1478196725484
"MAPPO (fixed 60, 3 seeds)",historical,463.0,473902.3463541667,2741.8498121057064
"MAPPO (fixed 60, 3 seeds)",historical,465.0,473202.359375,3025.7896952700085
"MAPPO (fixed 60, 3 seeds)",historical,467.0,471972.86284722225,4131.390814222608
"MAPPO (fixed 60, 3 seeds)",historical,469.0,472304.4826388888,3082.7102953103936
"MAPPO (fixed 60, 3 seeds)",historical,471.0,473638.99305555556,2878.9341786630266
"MAPPO (fixed 60, 3 seeds)",historical,473.0,472995.82638888893,2296.6955840157766
"MAPPO (fixed 60, 3 seeds)",historical,475.0,474530.97048611107,2405.73438061381
"MAPPO (fixed 60, 3 seeds)",historical,477.0,474341.0260416667,2239.6094950516995
"MAPPO (fixed 60, 3 seeds)",historical,479.0,475740.61371527775,1763.676231837959
"MAPPO (fixed 60, 3 seeds)",historical,481.0,473815.02690972225,2302.839895395041
"MAPPO (fixed 60, 3 seeds)",historical,483.0,474089.21788194444,1779.5947730449268
"MAPPO (fixed 60, 3 seeds)",historical,485.0,474683.8272569445,1167.4207638603555
"MAPPO (fixed 60, 3 seeds)",historical,487.0,476177.7552083333,2088.997097805142
"MAPPO (fixed 60, 3 seeds)",historical,489.0,476574.0026041667,2832.904627579351
"MAPPO (fixed 60, 3 seeds)",historical,491.0,475982.38628472225,2526.7986109873355
"MAPPO (fixed 60, 3 seeds)",historical,493.0,476399.9401041667,1086.9201838503805
"MAPPO (fixed 60, 3 seeds)",historical,495.0,477470.6458333333,1306.7538159638273
"MAPPO (fixed 60, 3 seeds)",historical,497.0,479457.55555555556,600.3443908570339
"MAPPO (fixed 60, 3 seeds)",historical,499.0,479807.59288194444,918.1118518343621
"MAPPO (fixed 60, 3 seeds)",historical,501.0,480516.7065972222,1752.74994116328
"MAPPO (fixed 60, 3 seeds)",historical,503.0,481386.1640625,1142.356340412922
"MAPPO (fixed 60, 3 seeds)",historical,505.0,482006.2552083333,711.6454225607823
"MAPPO (fixed 60, 3 seeds)",historical,507.0,481195.546875,1910.1477297867239
"MAPPO (fixed 60, 3 seeds)",historical,509.0,479494.78732638893,2229.29770752635
"MAPPO (fixed 60, 3 seeds)",historical,511.0,478598.77951388893,1105.292910322218
"MAPPO (fixed 60, 3 seeds)",historical,513.0,479373.4869791667,1348.0463529608473
"MAPPO (fixed 60, 3 seeds)",historical,515.0,479024.2769097222,2462.9074475850907
"MAPPO (fixed 60, 3 seeds)",historical,517.0,479747.2413194445,2189.5395149312712
"MAPPO (fixed 60, 3 seeds)",historical,519.0,479144.4730902778,2554.2467190897733
"MAPPO (fixed 60, 3 seeds)",historical,521.0,480423.42013888893,2282.8289495928534
"MAPPO (fixed 60, 3 seeds)",historical,523.0,480020.2126736112,3707.8384557800964
"MAPPO (fixed 60, 3 seeds)",historical,525.0,480606.7447916667,2507.9557666761525
"MAPPO (fixed 60, 3 seeds)",historical,527.0,480949.55555555556,2751.186526736604
"MAPPO (fixed 60, 3 seeds)",historical,529.0,481938.25,3927.667362167641
"MAPPO (fixed 60, 3 seeds)",historical,531.0,483182.3836805555,2730.071859335206
"MAPPO (fixed 60, 3 seeds)",historical,533.0,483342.37847222225,1077.8223886786175
"MAPPO (fixed 60, 3 seeds)",historical,535.0,483993.4296875,811.0345612367973
"MAPPO (fixed 60, 3 seeds)",historical,537.0,483169.3229166667,1784.3263234172357
"MAPPO (fixed 60, 3 seeds)",historical,539.0,483783.765625,3297.1121301025146
"MAPPO (fixed 60, 3 seeds)",historical,541.0,484797.3654513888,1474.7248836203717
"MAPPO (fixed 60, 3 seeds)",historical,543.0,485188.9331597222,2175.5075545785303
"MAPPO (fixed 60, 3 seeds)",historical,545.0,485821.98871527775,2024.1719146807902
"MAPPO (fixed 60, 3 seeds)",historical,547.0,485085.7612847222,4308.282388828813
"MAPPO (fixed 60, 3 seeds)",historical,549.0,485312.76736111107,4129.488336370186
"MAPPO (fixed 60, 3 seeds)",historical,551.0,485313.28472222225,4121.740010358145
"MAPPO (fixed 60, 3 seeds)",historical,553.0,485455.15711805556,4210.765061072782
"MAPPO (fixed 60, 3 seeds)",historical,555.0,486142.4479166667,4428.273393329621
"MAPPO (fixed 60, 3 seeds)",historical,557.0,486863.3828125,4200.717733407264
"MAPPO (fixed 60, 3 seeds)",historical,559.0,488044.4184027778,3539.444343731918
"MAPPO (fixed 60, 3 seeds)",historical,561.0,488150.16059027775,2836.0840886417072
"MAPPO (fixed 60, 3 seeds)",historical,563.0,487799.4097222222,3041.3549032519654
"MAPPO (fixed 60, 3 seeds)",historical,565.0,486792.8359375,2383.456209939152
"MAPPO (fixed 60, 3 seeds)",historical,567.0,486999.75,2864.7033092591923
"MAPPO (fixed 60, 3 seeds)",historical,569.0,487091.99045138893,2871.5890847217447
"MAPPO (fixed 60, 3 seeds)",historical,571.0,487978.4019097222,4339.158387760386
"MAPPO (fixed 60, 3 seeds)",historical,573.0,487368.97222222225,4011.412652769525
"MAPPO (fixed 60, 3 seeds)",historical,575.0,487010.04340277775,3946.2195912586562
"MAPPO (fixed 60, 3 seeds)",historical,577.0,487186.25694444444,2106.275141338632
"MAPPO (fixed 60, 3 seeds)",historical,579.0,488600.6284722222,1373.8094757398783
"MAPPO (fixed 60, 3 seeds)",historical,581.0,488910.89756944444,1020.3523103078867
"MAPPO (fixed 60, 3 seeds)",historical,583.0,489619.9487847222,2018.6010360646235
"MAPPO (fixed 60, 3 seeds)",historical,585.0,488478.7361111112,2523.6667712809945
"MAPPO (fixed 60, 3 seeds)",historical,587.0,489226.36631944444,2471.3124404684318
"MAPPO (fixed 60, 3 seeds)",historical,589.0,488118.16232638893,2110.437203611119
"MAPPO (fixed 60, 3 seeds)",historical,591.0,489379.1015625,2753.5411160650838
"MAPPO (fixed 60, 3 seeds)",historical,593.0,489409.4826388888,4335.762822404443
"MAPPO (fixed 60, 3 seeds)",historical,595.0,490851.0008680555,4879.386747243111
"MAPPO (fixed 60, 3 seeds)",historical,597.0,490710.05381944444,5265.866612043748
"MAPPO (fixed 60, 3 seeds)",historical,599.0,490568.66840277775,3684.004916084611
"MAPPO (fixed 60, 3 seeds)",historical,601.0,490570.1302083333,4715.228102602776
"MAPPO (fixed 60, 3 seeds)",historical,603.0,490454.7760416667,4949.651578644444
"MAPPO (fixed 60, 3 seeds)",historical,605.0,491095.7838541667,4222.0130570014135
"MAPPO (fixed 60, 3 seeds)",historical,607.0,491255.05381944444,3527.601570368519
"MAPPO (fixed 60, 3 seeds)",historical,609.0,492143.45399305556,2874.823951195578
"MAPPO (fixed 60, 3 seeds)",historical,611.0,492942.09201388893,3677.840507835015
"MAPPO (fixed 60, 3 seeds)",historical,613.0,493672.7118055555,3809.7559980831215
"MAPPO (fixed 60, 3 seeds)",historical,615.0,494147.2690972222,4475.7684886824645
"MAPPO (fixed 60, 3 seeds)",historical,617.0,493700.86545138893,4963.8097480518045
"MAPPO (fixed 60, 3 seeds)",historical,619.0,493621.02690972225,4681.778975438854
"MAPPO (fixed 60, 3 seeds)",historical,621.0,493565.6223958333,3755.219877082566
"MAPPO (fixed 60, 3 seeds)",historical,623.0,493849.74045138893,3804.5192011823638
"MAPPO (fixed 60, 3 seeds)",historical,625.0,494122.515625,3860.6160338431223
"MAPPO (fixed 60, 3 seeds)",historical,627.0,495085.04774305556,2976.6257541468967
"MAPPO (fixed 60, 3 seeds)",historical,629.0,495616.26736111107,3946.3793832771103
"MAPPO (fixed 60, 3 seeds)",historical,631.0,494824.77777777775,4945.993851790522
"MAPPO (fixed 60, 3 seeds)",historical,633.0,495362.72829861107,4895.679117272479
"MAPPO (fixed 60, 3 seeds)",historical,635.0,494818.2213541667,3622.3665397178656
"MAPPO (fixed 60, 3 seeds)",historical,637.0,496362.33506944444,3007.714987606094
"MAPPO (fixed 60, 3 seeds)",historical,639.0,494763.6866319445,3057.0591181361224
"MAPPO (fixed 60, 3 seeds)",historical,641.0,495712.81076388893,2017.8847596508974
"MAPPO (fixed 60, 3 seeds)",historical,643.0,496026.82378472225,2238.5297773967186
"MAPPO (fixed 60, 3 seeds)",historical,645.0,496438.06684027775,3608.201126676922
"MAPPO (fixed 60, 3 seeds)",historical,647.0,496621.7161458333,5773.145539977211
"MAPPO (fixed 60, 3 seeds)",historical,649.0,495554.9427083333,6253.062348563785
"MAPPO (fixed 60, 3 seeds)",historical,651.0,496676.25,4245.266534189234
"MAPPO (fixed 60, 3 seeds)",historical,653.0,496308.0911458333,3257.6646365082433
"MAPPO (fixed 60, 3 seeds)",historical,655.0,496218.8567708333,3146.0483265911203
"MAPPO (fixed 60, 3 seeds)",historical,657.0,495553.4071180555,5647.181609369538
"MAPPO (fixed 60, 3 seeds)",historical,659.0,495553.26996527775,4190.9280784248995
"MAPPO (fixed 60, 3 seeds)",historical,661.0,497727.5208333333,4106.046456526199
"MAPPO (fixed 60, 3 seeds)",historical,663.0,498364.05121527775,2978.9484783658436
"MAPPO (fixed 60, 3 seeds)",historical,665.0,500421.6840277778,4156.061869726386
"MAPPO (fixed 60, 3 seeds)",historical,667.0,499627.56597222225,3387.616309494098
"MAPPO (fixed 60, 3 seeds)",historical,669.0,499543.5807291667,3698.710192849542
"MAPPO (fixed 60, 3 seeds)",historical,671.0,498531.36284722225,4182.129208946669
"MAPPO (fixed 60, 3 seeds)",historical,673.0,499702.70659722225,4002.333009928456
"MAPPO (fixed 60, 3 seeds)",historical,675.0,501061.4270833333,5367.077653883018
"MAPPO (fixed 60, 3 seeds)",historical,677.0,501174.4262152778,5814.8121871501135
"MAPPO (fixed 60, 3 seeds)",historical,679.0,500463.8654513888,6599.127380182837
"MAPPO (fixed 60, 3 seeds)",historical,681.0,501294.0703125,4983.274786069772
"MAPPO (fixed 60, 3 seeds)",historical,683.0,502705.7057291667,4564.462414344391
"MAPPO (fixed 60, 3 seeds)",historical,685.0,503284.40625,4132.137448850247
"MAPPO (fixed 60, 3 seeds)",historical,687.0,501509.82378472225,4041.8682597032457
"MAPPO (fixed 60, 3 seeds)",historical,689.0,500574.3967013888,5846.3759849376165
"MAPPO (fixed 60, 3 seeds)",historical,691.0,499894.76649305556,5580.613997271291
"MAPPO (fixed 60, 3 seeds)",historical,693.0,501968.27517361107,4574.872227638355
"MAPPO (fixed 60, 3 seeds)",historical,695.0,503380.6432291667,2442.8994134167356
"MAPPO (fixed 60, 3 seeds)",historical,697.0,504034.43836805556,3289.9829123390004
"MAPPO (fixed 60, 3 seeds)",historical,699.0,503023.8515625,4777.82321623621
"MAPPO (fixed 60, 3 seeds)",historical,701.0,499674.9522569445,5038.931609720399
"MAPPO (fixed 60, 3 seeds)",historical,703.0,499292.65451388893,4595.919955901564
"MAPPO (fixed 60, 3 seeds)",historical,705.0,499298.17013888893,5160.39354188659
"MAPPO (fixed 60, 3 seeds)",historical,707.0,501493.6770833333,4437.93608668181
"MAPPO (fixed 60, 3 seeds)",historical,709.0,501526.1276041667,3894.31908213955
"MAPPO (fixed 60, 3 seeds)",historical,711.0,501108.23090277775,2737.1958042156984
"MAPPO (fixed 60, 3 seeds)",historical,713.0,501180.1293402778,3548.952649120574
"MAPPO (fixed 60, 3 seeds)",historical,715.0,502358.2421875,4211.215082781633
"MAPPO (fixed 60, 3 seeds)",historical,717.0,503025.0703125,3847.5611396468876
"MAPPO (fixed 60, 3 seeds)",historical,719.0,503367.16059027775,4272.788659769451
"MAPPO (fixed 60, 3 seeds)",historical,721.0,502768.11284722225,3898.0933215465384
"MAPPO (fixed 60, 3 seeds)",historical,723.0,503735.2855902778,4998.062128469895
"MAPPO (fixed 60, 3 seeds)",historical,725.0,504182.5859375,5024.849859112373
"MAPPO (fixed 60, 3 seeds)",historical,727.0,504270.78472222225,4372.363731938041
"MAPPO (fixed 60, 3 seeds)",historical,729.0,504962.1041666667,4180.705198568091
"MAPPO (fixed 60, 3 seeds)",historical,731.0,505132.98003472225,3360.111674625259
"MAPPO (fixed 60, 3 seeds)",historical,733.0,505165.0598958333,3285.5826333118157
"MAPPO (fixed 60, 3 seeds)",historical,735.0,504102.54774305556,1912.9162552293058
"MAPPO (fixed 60, 3 seeds)",historical,737.0,503526.9036458333,2299.2362685194084
"MAPPO (fixed 60, 3 seeds)",historical,739.0,504482.4756944445,1185.1191513501242
"MAPPO (fixed 60, 3 seeds)",historical,741.0,503252.46006944444,469.6216538101343
"MAPPO (fixed 60, 3 seeds)",historical,743.0,504115.68923611107,826.7583126946117
"MAPPO (fixed 60, 3 seeds)",historical,745.0,505078.19357638893,336.5734439603165
"MAPPO (fixed 60, 3 seeds)",historical,747.0,506681.9227430555,2012.725740356684
"MAPPO (fixed 60, 3 seeds)",historical,749.0,507312.23871527775,1778.4142961439154
"MAPPO (fixed 60, 3 seeds)",historical,751.0,505738.06336805556,559.7206296543717
"MAPPO (fixed 60, 3 seeds)",historical,753.0,506322.3541666667,1481.8890657938678
"MAPPO (fixed 60, 3 seeds)",historical,755.0,507063.91840277775,1051.9243009838838
"MAPPO (fixed 60, 3 seeds)",historical,757.0,508951.53298611107,1023.509240722987
"MAPPO (fixed 60, 3 seeds)",historical,759.0,508738.75086805556,354.5939521939064
"MAPPO (fixed 60, 3 seeds)",historical,761.0,507812.17881944444,1899.6326408495652
"MAPPO (fixed 60, 3 seeds)",historical,763.0,507226.7369791667,2466.2423272995934
"MAPPO (fixed 60, 3 seeds)",historical,765.0,507724.04340277775,3100.074384997143
"MAPPO (fixed 60, 3 seeds)",historical,767.0,508209.34982638893,2665.3461696497984
"MAPPO (fixed 60, 3 seeds)",historical,769.0,508557.96440972225,3414.8554839979784
"MAPPO (fixed 60, 3 seeds)",historical,771.0,508926.59982638893,2990.7840556521983
"MAPPO (fixed 60, 3 seeds)",historical,773.0,510061.1137152778,2578.7305555018256
"MAPPO (fixed 60, 3 seeds)",historical,775.0,511231.91319444444,1568.484171595472
"MAPPO (fixed 60, 3 seeds)",historical,777.0,510841.75868055556,700.6435794346428
"MAPPO (fixed 60, 3 seeds)",historical,779.0,509670.58680555556,1132.446273568682
"MAPPO (fixed 60, 3 seeds)",historical,781.0,508912.89149305556,2623.4438543195392
"MAPPO (fixed 60, 3 seeds)",historical,783.0,509325.8984375,5110.970538911659
"MAPPO (fixed 60, 3 seeds)",historical,785.0,509901.4774305555,4475.168698726726
"MAPPO (fixed 60, 3 seeds)",historical,787.0,509975.71788194444,4188.979275550449
"MAPPO (fixed 60, 3 seeds)",historical,789.0,510403.32899305556,3910.100608884478
"MAPPO (fixed 60, 3 seeds)",historical,791.0,510699.67621527775,4089.603572465248
"MAPPO (fixed 60, 3 seeds)",historical,793.0,511745.0572916667,3028.8519544385003
"MAPPO (fixed 60, 3 seeds)",historical,795.0,511771.43923611107,1784.2944247907274
"MAPPO (fixed 60, 3 seeds)",historical,797.0,510701.1484375,3432.4664758854337
"MAPPO (fixed 60, 3 seeds)",historical,799.0,509901.5017361112,3478.378398139153
"MAPPO (fixed 60, 3 seeds)",historical,801.0,510594.52170138893,5667.1322964749515
"MAPPO (fixed 60, 3 seeds)",historical,803.0,511110.8776041667,5075.57484771736
"MAPPO (fixed 60, 3 seeds)",historical,805.0,510647.27690972225,5093.8646508539205
"MAPPO (fixed 60, 3 seeds)",historical,807.0,510522.05642361107,3464.6386470473353
"MAPPO (fixed 60, 3 seeds)",historical,809.0,511114.9635416667,3881.0666111948844
"MAPPO (fixed 60, 3 seeds)",historical,811.0,511417.9157986112,3455.2461252202365
"MAPPO (fixed 60, 3 seeds)",historical,813.0,510948.45138888893,3985.310838967507
"MAPPO (fixed 60, 3 seeds)",historical,815.0,510159.19357638893,2605.065640870191
"MAPPO (fixed 60, 3 seeds)",historical,817.0,511120.70399305556,4289.9476446300205
"MAPPO (fixed 60, 3 seeds)",historical,819.0,510538.39149305556,4175.370690502758
"MAPPO (fixed 60, 3 seeds)",historical,821.0,512093.96788194444,4302.0129065318015
"MAPPO (fixed 60, 3 seeds)",historical,823.0,511101.43923611107,3396.5347424081224
"MAPPO (fixed 60, 3 seeds)",historical,825.0,512249.1215277778,3164.453645519203
"MAPPO (fixed 60, 3 seeds)",historical,827.0,511691.3767361112,4381.829432724625
"MAPPO (fixed 60, 3 seeds)",historical,829.0,512969.3541666667,3585.7616599958537
"MAPPO (fixed 60, 3 seeds)",historical,831.0,513072.7595486112,4340.742881459452
"MAPPO (fixed 60, 3 seeds)",historical,833.0,514510.3333333333,2809.4828196337803
"MAPPO (fixed 60, 3 seeds)",historical,835.0,513284.35590277775,2918.485494670559
"MAPPO (fixed 60, 3 seeds)",historical,837.0,513337.71267361107,1096.7981029924458
"MAPPO (fixed 60, 3 seeds)",historical,839.0,514390.78298611107,2465.6272080583326
"MAPPO (fixed 60, 3 seeds)",historical,841.0,516574.48524305556,3089.6690414955715
"MAPPO (fixed 60, 3 seeds)",historical,843.0,516900.7829861112,3646.065866807115
"MAPPO (fixed 60, 3 seeds)",historical,845.0,516469.7222222222,2838.473679273344
"MAPPO (fixed 60, 3 seeds)",historical,847.0,514514.22482638893,2130.4722521204503
"MAPPO (fixed 60, 3 seeds)",historical,849.0,514573.42881944444,1831.4592256010149
"MAPPO (fixed 60, 3 seeds)",historical,851.0,512616.1189236112,1724.0316577869864
"MAPPO (fixed 60, 3 seeds)",historical,853.0,514266.8012152778,1996.26219664419
"MAPPO (fixed 60, 3 seeds)",historical,855.0,514181.62326388893,2659.734018853201
"MAPPO (fixed 60, 3 seeds)",historical,857.0,515283.11631944444,1444.6550255576494
"MAPPO (fixed 60, 3 seeds)",historical,859.0,514580.5546875,1365.8159231474333
"MAPPO (fixed 60, 3 seeds)",historical,861.0,515163.5642361112,2203.0022399312643
"MAPPO (fixed 60, 3 seeds)",historical,863.0,515535.5703125,1807.544728235236
"MAPPO (fixed 60, 3 seeds)",historical,865.0,516735.9696180555,1037.0941898395065
"MAPPO (fixed 60, 3 seeds)",historical,867.0,515966.8151041667,467.44107316156646
"MAPPO (fixed 60, 3 seeds)",historical,869.0,517098.3368055555,498.80581582380785
"MAPPO (fixed 60, 3 seeds)",historical,871.0,515643.04079861107,489.8269291958023
"MAPPO (fixed 60, 3 seeds)",historical,873.0,517088.52256944444,1606.3114254741522
"MAPPO (fixed 60, 3 seeds)",historical,875.0,516258.0147569445,2502.081475724768
"MAPPO (fixed 60, 3 seeds)",historical,877.0,516088.09027777775,2120.2851277248774
"MAPPO (fixed 60, 3 seeds)",historical,879.0,515588.8229166667,1523.0484788440278
"MAPPO (fixed 60, 3 seeds)",historical,881.0,515231.4375,862.1217718848272
"MAPPO (fixed 60, 3 seeds)",historical,883.0,517507.96006944444,2744.1506631154175
"MAPPO (fixed 60, 3 seeds)",historical,885.0,518938.10850694444,3035.4909216326587
"MAPPO (fixed 60, 3 seeds)",historical,887.0,519660.24131944444,4344.292934810518
"MAPPO (fixed 60, 3 seeds)",historical,889.0,518782.91840277775,2064.946307616293
"MAPPO (fixed 60, 3 seeds)",historical,891.0,517506.4392361112,2555.0771469651822
"MAPPO (fixed 60, 3 seeds)",historical,893.0,517590.63454861107,1406.1544099878981
"MAPPO (fixed 60, 3 seeds)",historical,895.0,518070.8402777778,2141.522012727937
"MAPPO (fixed 60, 3 seeds)",historical,897.0,518872.0842013888,1952.8120075395873
"MAPPO (fixed 60, 3 seeds)",historical,899.0,518964.84982638893,2668.2624530993176
"MAPPO (fixed 60, 3 seeds)",historical,901.0,519296.97569444444,2325.830264950798
"MAPPO (fixed 60, 3 seeds)",historical,903.0,520363.03125,2704.931415564681
"MAPPO (fixed 60, 3 seeds)",historical,905.0,520328.0494791667,2549.0799718922954
"MAPPO (fixed 60, 3 seeds)",historical,907.0,520773.42100694444,2778.2760322724826
"MAPPO (fixed 60, 3 seeds)",historical,909.0,519371.9114583333,3348.093564542617
"MAPPO (fixed 60, 3 seeds)",historical,911.0,518332.4609375,4655.053836764517
"MAPPO (fixed 60, 3 seeds)",historical,913.0,517208.5286458333,2496.0428241912286
"MAPPO (fixed 60, 3 seeds)",historical,915.0,517013.4574652778,3197.7124782982814
"MAPPO (fixed 60, 3 seeds)",historical,917.0,518906.07899305556,4849.081328635162
"MAPPO (fixed 60, 3 seeds)",historical,919.0,518880.1354166667,3822.8108460586145
"MAPPO (fixed 60, 3 seeds)",historical,921.0,520323.1380208333,2775.724406370443
"MAPPO (fixed 60, 3 seeds)",historical,923.0,520304.9383680555,1634.2057282631497
"MAPPO (fixed 60, 3 seeds)",historical,925.0,522199.8776041667,1412.438803196658
"MAPPO (fixed 60, 3 seeds)",historical,927.0,521565.59461805556,2802.7434056380544
"MAPPO (fixed 60, 3 seeds)",historical,929.0,521414.13888888893,3370.978472344288
"MAPPO (fixed 60, 3 seeds)",historical,931.0,520099.00434027775,3648.136402301805
"MAPPO (fixed 60, 3 seeds)",historical,933.0,520383.92100694444,3057.1344964823516
"MAPPO (fixed 60, 3 seeds)",historical,935.0,519460.4748263888,3742.341394571973
"MAPPO (fixed 60, 3 seeds)",historical,937.0,519203.3255208333,4543.180559428809
"MAPPO (fixed 60, 3 seeds)",historical,939.0,518658.5546875,3775.643501076634
"MAPPO (fixed 60, 3 seeds)",historical,941.0,520292.3871527778,2728.994749993519
"MAPPO (fixed 60, 3 seeds)",historical,943.0,521006.9600694445,2476.945443945669
"MAPPO (fixed 60, 3 seeds)",historical,945.0,521931.07986111107,2491.457558396678
"MAPPO (fixed 60, 3 seeds)",historical,947.0,519817.1293402778,3722.585062166904
"MAPPO (fixed 60, 3 seeds)",historical,949.0,518813.7152777778,2681.3726791751264
"MAPPO (fixed 60, 3 seeds)",historical,951.0,518453.4045138888,2557.973267464312
"MAPPO (fixed 60, 3 seeds)",historical,953.0,519823.65625,1893.410019955155
"MAPPO (fixed 60, 3 seeds)",historical,955.0,520117.375,1753.1069829939934
"MAPPO (fixed 60, 3 seeds)",historical,957.0,520329.40277777775,1861.7852953196686
"MAPPO (fixed 60, 3 seeds)",historical,959.0,519275.8376736112,1736.6897489632636
"MAPPO (fixed 60, 3 seeds)",historical,961.0,518873.7222222222,1798.2894076991097
"MAPPO (fixed 60, 3 seeds)",historical,963.0,518428.88454861107,1267.1167089043693
"MAPPO (fixed 60, 3 seeds)",historical,965.0,519689.3324652778,1760.7603523664998
"MAPPO (fixed 60, 3 seeds)",historical,967.0,520620.3151041667,1807.4444559424985
"MAPPO (fixed 60, 3 seeds)",historical,969.0,521565.8932291667,1073.2846924706346
"MAPPO (fixed 60, 3 seeds)",historical,971.0,521685.92274305556,686.7894881255526
"MAPPO (fixed 60, 3 seeds)",historical,973.0,522694.8151041667,498.33621723724116
"MAPPO (fixed 60, 3 seeds)",historical,975.0,523296.6102430555,1245.1564764677225
"MAPPO (fixed 60, 3 seeds)",historical,977.0,523452.0607638888,2052.9422247934385
"MAPPO (fixed 60, 3 seeds)",historical,979.0,522577.0399305555,1726.562425452419
"MAPPO (fixed 60, 3 seeds)",historical,981.0,522027.4869791667,538.6541128972228
"MAPPO (fixed 60, 3 seeds)",historical,983.0,521328.1015625,1867.575225588106
"MAPPO (fixed 60, 3 seeds)",historical,985.0,521579.2265625,2664.2329018414625
"MAPPO (fixed 60, 3 seeds)",historical,987.0,521545.2395833333,1891.112844810372
"MAPPO (fixed 60, 3 seeds)",historical,989.0,521830.61892361107,1235.177424739546
"MAPPO (fixed 60, 3 seeds)",historical,991.0,521538.19878472225,768.621695540679
"MAPPO (fixed 60, 3 seeds)",historical,993.0,521999.8897569445,1688.8505901786173
"MAPPO (fixed 60, 3 seeds)",historical,995.0,521540.2161458333,2765.034284724742
"MAPPO (fixed 60, 3 seeds)",historical,997.0,522548.7057291667,2710.8706159421354
"MAPPO (fixed 60, 3 seeds)",historical,999.0,521770.22222222225,2361.9366963598914
"MAPPO (fixed 60, 3 seeds)",historical,1001.0,523769.74305555556,958.711095017896
"MAPPO (fixed 60, 3 seeds)",historical,1003.0,523533.2161458333,965.4367292400566
"MAPPO (fixed 60, 3 seeds)",historical,1005.0,524197.9835069445,931.0477591486055
"MAPPO (fixed 60, 3 seeds)",historical,1007.0,523541.33506944444,1120.2765120366926
"MAPPO (fixed 60, 3 seeds)",historical,1009.0,523272.4991319445,1082.4686874674778
"MAPPO (fixed 60, 3 seeds)",historical,1011.0,523138.8802083333,1565.9756829629573
"MAPPO (fixed 60, 3 seeds)",historical,1013.0,523152.77951388893,945.7849246139743
"MAPPO (fixed 60, 3 seeds)",historical,1015.0,522357.9088541667,359.05513626612935
"MAPPO (fixed 60, 3 seeds)",historical,1017.0,522807.8385416667,1013.5291592360016
"MAPPO (fixed 60, 3 seeds)",historical,1019.0,522966.4600694445,2237.6854356651124
"MAPPO (fixed 60, 3 seeds)",historical,1021.0,524402.7769097222,2004.9724499430222
"MAPPO (fixed 60, 3 seeds)",historical,1023.0,524380.1597222222,2008.3295511000035
"MAPPO (fixed 60, 3 seeds)",historical,1025.0,524421.2560763889,1872.518626335625
"MAPPO (fixed 60, 3 seeds)",historical,1027.0,524364.3715277779,2508.5952409594047
"MAPPO (fixed 60, 3 seeds)",historical,1029.0,523790.28993055556,1994.9443175023675
"MAPPO (fixed 60, 3 seeds)",historical,1031.0,523564.04513888893,946.241663747267
"MAPPO (fixed 60, 3 seeds)",historical,1033.0,524601.4279513889,681.8401131049129
"MAPPO (fixed 60, 3 seeds)",historical,1035.0,525295.8064236111,209.0919951168318
"MAPPO (fixed 60, 3 seeds)",historical,1037.0,524551.1831597221,1127.6774747635795
"MAPPO (fixed 60, 3 seeds)",historical,1039.0,524310.2986111111,900.0544113962861
"MAPPO (fixed 60, 3 seeds)",historical,1041.0,524471.8463541666,921.009890523752
"MAPPO (fixed 60, 3 seeds)",historical,1043.0,524776.5868055555,1128.4814491930306
"MAPPO (fixed 60, 3 seeds)",historical,1045.0,523792.11545138893,1155.850783743587
"MAPPO (fixed 60, 3 seeds)",historical,1047.0,524028.3185763888,1859.4361380981159
"MAPPO (fixed 60, 3 seeds)",historical,1049.0,525456.0260416666,1217.514809928828
"MAPPO (fixed 60, 3 seeds)",historical,1051.0,526115.2178819445,2533.6422197968514
"MAPPO (fixed 60, 3 seeds)",historical,1053.0,524760.6197916666,2251.176577976364
"MAPPO (fixed 60, 3 seeds)",historical,1055.0,524022.8541666667,2473.157559100041
"MAPPO (fixed 60, 3 seeds)",historical,1057.0,524488.1119791666,1861.403042470152
"MAPPO (fixed 60, 3 seeds)",historical,1059.0,526062.7916666666,827.9170885412316
"MAPPO (fixed 60, 3 seeds)",historical,1061.0,527426.9270833334,1332.652727150981
"MAPPO (fixed 60, 3 seeds)",historical,1063.0,528090.4479166666,1638.2318956330198
"MAPPO (fixed 60, 3 seeds)",historical,1065.0,527920.9557291666,2019.8288021493101
"MAPPO (fixed 60, 3 seeds)",historical,1067.0,527352.1388888889,688.7184274063427
"MAPPO (fixed 60, 3 seeds)",historical,1069.0,526502.5789930555,815.2640307830726
"MAPPO (fixed 60, 3 seeds)",historical,1071.0,526607.2300347224,1584.6125057978318
"MAPPO (fixed 60, 3 seeds)",historical,1073.0,527222.9071180556,3273.4628510757493
"MAPPO (fixed 60, 3 seeds)",historical,1075.0,527717.6753472224,2675.947185171794
"MAPPO (fixed 60, 3 seeds)",historical,1077.0,527928.6605902779,1860.2196092539864
"MAPPO (fixed 60, 3 seeds)",historical,1079.0,527776.4279513889,341.1844231800893
"MAPPO (fixed 60, 3 seeds)",historical,1081.0,526950.3411458334,752.639769868019
"MAPPO (fixed 60, 3 seeds)",historical,1083.0,526088.4826388889,1239.7032155905745
"MAPPO (fixed 60, 3 seeds)",historical,1085.0,523782.0390625,875.9027232042646
"MAPPO (fixed 60, 3 seeds)",historical,1087.0,523883.1987847222,1703.6010309325613
"MAPPO (fixed 60, 3 seeds)",historical,1089.0,524861.1180555555,2096.2955672724725
"MAPPO (fixed 60, 3 seeds)",historical,1091.0,527101.4019097221,1429.3251940641546
"MAPPO (fixed 60, 3 seeds)",historical,1093.0,527090.1267361111,82.70056694176468
"MAPPO (fixed 60, 3 seeds)",historical,1095.0,526781.986111111,693.8217879906368
"MAPPO (fixed 60, 3 seeds)",historical,1097.0,526758.6840277776,1026.7169960761148
"MAPPO (fixed 60, 3 seeds)",historical,1099.0,526405.8628472224,2077.2731525596582
"MAPPO (fixed 60, 3 seeds)",historical,1101.0,527126.5711805556,1288.7842297437714
"MAPPO (fixed 60, 3 seeds)",historical,1103.0,527550.4956597224,1525.4267167067194
"MAPPO (fixed 60, 3 seeds)",historical,1105.0,529080.6067708334,2811.4605856527623
"MAPPO (fixed 60, 3 seeds)",historical,1107.0,528110.6536458334,2149.1058693836076
"MAPPO (fixed 60, 3 seeds)",historical,1109.0,526986.7751736111,2247.0626103432487
"MAPPO (fixed 60, 3 seeds)",historical,1111.0,525986.1753472221,1224.8837196063675
"MAPPO (fixed 60, 3 seeds)",historical,1113.0,526448.4114583334,1527.2073408125318
"MAPPO (fixed 60, 3 seeds)",historical,1115.0,526459.9704861111,1220.5909560063403
"MAPPO (fixed 60, 3 seeds)",historical,1117.0,526116.6527777779,3025.966784576615
"MAPPO (fixed 60, 3 seeds)",historical,1119.0,525709.1432291666,2123.471811682829
"MAPPO (fixed 60, 3 seeds)",historical,1121.0,525782.9739583334,2530.8047491092707
"MAPPO (fixed 60, 3 seeds)",historical,1123.0,527115.6649305555,1950.54468259592
"MAPPO (fixed 60, 3 seeds)",historical,1125.0,527364.28125,2854.376200848739
"MAPPO (fixed 60, 3 seeds)",historical,1127.0,529250.2595486111,2913.9397660380646
"MAPPO (fixed 60, 3 seeds)",historical,1129.0,529318.5381944445,1729.2937754765817
"MAPPO (fixed 60, 3 seeds)",historical,1131.0,529650.2552083334,1456.471211436526
"MAPPO (fixed 60, 3 seeds)",historical,1133.0,528598.5763888889,2296.7484653998094
"MAPPO (fixed 60, 3 seeds)",historical,1135.0,528438.6597222221,2224.9219690623077
"MAPPO (fixed 60, 3 seeds)",historical,1137.0,529170.5147569445,3508.1690674111937
"MAPPO (fixed 60, 3 seeds)",historical,1139.0,528711.4288194444,2772.63469523773
"MAPPO (fixed 60, 3 seeds)",historical,1141.0,528053.0833333334,3194.3362165703106
"MAPPO (fixed 60, 3 seeds)",historical,1143.0,527311.7890625,2510.987300966997
"MAPPO (fixed 60, 3 seeds)",historical,1145.0,527530.5789930556,2383.4985827194605
"MAPPO (fixed 60, 3 seeds)",historical,1147.0,528437.5008680556,2588.4645553015284
"MAPPO (fixed 60, 3 seeds)",historical,1149.0,528408.8229166666,1412.826283628384
"MAPPO (fixed 60, 3 seeds)",historical,1151.0,528249.6571180556,713.8685295841572
"MAPPO (fixed 60, 3 seeds)",historical,1153.0,528156.4036458334,51.175925456376554
"MAPPO (fixed 60, 3 seeds)",historical,1155.0,528748.4140625,451.5888237883568
"MAPPO (fixed 60, 3 seeds)",historical,1157.0,529584.8237847221,542.891328922509
"MAPPO (fixed 60, 3 seeds)",historical,1159.0,530058.5190972221,777.7941743877277
"MAPPO (fixed 60, 3 seeds)",historical,1161.0,530295.9453125,1720.0836304092738
"MAPPO (fixed 60, 3 seeds)",historical,1163.0,529732.5876736111,2786.6067407246087
"MAPPO (fixed 60, 3 seeds)",historical,1165.0,529307.0303819445,2210.6117726298667
"MAPPO (fixed 60, 3 seeds)",historical,1167.0,529044.7664930555,1554.378044352473
"MAPPO (fixed 60, 3 seeds)",historical,1169.0,529169.5190972221,1729.0289387559228
"MAPPO (fixed 60, 3 seeds)",historical,1171.0,528893.359375,1828.4205820515672
"MAPPO (fixed 60, 3 seeds)",historical,1173.0,528026.7230902778,2831.6472749119034
"MAPPO (fixed 60, 3 seeds)",historical,1175.0,527630.8368055555,2577.8422225639815
"MAPPO (fixed 60, 3 seeds)",historical,1177.0,527113.7204861111,3353.251568627521
"MAPPO (fixed 60, 3 seeds)",historical,1179.0,527826.7517361111,2243.081807036246
"MAPPO (fixed 60, 3 seeds)",historical,1181.0,528314.6276041666,2364.3945733221162
"MAPPO (fixed 60, 3 seeds)",historical,1183.0,528841.1189236111,1546.9335136142356
"MAPPO (fixed 60, 3 seeds)",historical,1185.0,528218.4131944445,2416.954309955545
"MAPPO (fixed 60, 3 seeds)",historical,1187.0,529229.8515625,1432.7569543912343
"MAPPO (fixed 60, 3 seeds)",historical,1189.0,529235.0928819444,1085.0553230727035
"MAPPO (fixed 60, 3 seeds)",historical,1191.0,530058.2873263889,189.9609114009968
"MAPPO (fixed 60, 3 seeds)",historical,1193.0,529214.9583333334,419.571827199421
"MAPPO (fixed 60, 3 seeds)",historical,1195.0,529501.1258680556,476.48157721382444
"MAPPO (fixed 60, 3 seeds)",historical,1197.0,529038.0520833334,1118.384804320043
"MAPPO (fixed 60, 3 seeds)",historical,1199.0,529233.1701388889,1017.5093819069251
"MAPPO (fixed 60, 3 seeds)",historical,1201.0,529184.6284722221,1297.4896418668231
"MAPPO (fixed 60, 3 seeds)",historical,1203.0,529203.7456597221,2381.185509664092
"MAPPO (fixed 60, 3 seeds)",historical,1205.0,529220.1293402779,2460.9971205266447
"MAPPO (fixed 60, 3 seeds)",historical,1207.0,529065.3185763889,2509.3423222451233
"MAPPO (fixed 60, 3 seeds)",historical,1209.0,528855.818576389,2632.954873742007
"MAPPO (fixed 60, 3 seeds)",historical,1211.0,528803.7317708334,512.3072298473897
"MAPPO (fixed 60, 3 seeds)",historical,1213.0,526983.3151041666,1697.2158152573202
"MAPPO (fixed 60, 3 seeds)",historical,1215.0,527198.2378472222,1306.4137931922935
"MAPPO (fixed 60, 3 seeds)",historical,1217.0,526594.9166666666,1073.4135342790585
"MAPPO (fixed 60, 3 seeds)",historical,1219.0,528537.1657986111,1854.450470264431
"MAPPO (fixed 60, 3 seeds)",historical,1221.0,529066.8628472222,1823.9500407890998
"MAPPO (fixed 60, 3 seeds)",historical,1223.0,528861.6770833334,2925.363138543702
"MAPPO (fixed 60, 3 seeds)",historical,1225.0,528513.6414930555,2418.637104424655
"MAPPO (fixed 60, 3 seeds)",historical,1227.0,527992.53125,2502.959483193979
"MAPPO (fixed 60, 3 seeds)",historical,1229.0,528576.0199652779,3390.233580575111
"MAPPO (fixed 60, 3 seeds)",historical,1231.0,527354.5034722224,3431.205622205807
"MAPPO (fixed 60, 3 seeds)",historical,1233.0,526713.0173611111,3300.9535547820956
"MAPPO (fixed 60, 3 seeds)",historical,1235.0,525240.8446180555,2119.9510310952783
"MAPPO (fixed 60, 3 seeds)",historical,1237.0,526801.4947916666,2132.8996950733276
"MAPPO (fixed 60, 3 seeds)",historical,1239.0,526633.8194444444,3013.212856695532
"MAPPO (fixed 60, 3 seeds)",historical,1241.0,527130.0755208334,3169.8549261096364
"MAPPO (fixed 60, 3 seeds)",historical,1243.0,526384.9192708334,2762.7049721091894
"MAPPO (fixed 60, 3 seeds)",historical,1245.0,527104.9817708334,2448.399373972853
"MAPPO (fixed 60, 3 seeds)",historical,1247.0,527625.4184027779,2244.159755968714
"MAPPO (fixed 60, 3 seeds)",historical,1249.0,528676.5303819445,2024.6388122747371
"MAPPO (fixed 60, 3 seeds)",historical,1251.0,528654.3402777776,2329.7057928117533
"MAPPO (fixed 60, 3 seeds)",historical,1253.0,528593.9791666666,3718.2795527790354
"MAPPO (fixed 60, 3 seeds)",historical,1255.0,527083.9383680556,4050.875060253724
"MAPPO (fixed 60, 3 seeds)",historical,1257.0,528823.5060763889,3420.3616846049267
"MAPPO (fixed 60, 3 seeds)",historical,1259.0,530205.3237847221,1993.8155061947978
"MAPPO (fixed 60, 3 seeds)",historical,1261.0,531889.7265625,1351.5049707486357
"MAPPO (fixed 60, 3 seeds)",historical,1263.0,530023.6484375,267.4775454975195
"MAPPO (fixed 60, 3 seeds)",historical,1265.0,528380.0442708334,353.38740508403043
"MAPPO (fixed 60, 3 seeds)",historical,1267.0,526844.9826388889,790.3693550827521
"MAPPO (fixed 60, 3 seeds)",historical,1269.0,527104.4895833334,892.7008822734466
"MAPPO (fixed 60, 3 seeds)",historical,1271.0,528188.1701388889,1408.809642428302
"MAPPO (fixed 60, 3 seeds)",historical,1273.0,529239.6232638889,1952.0097012007614
"MAPPO (fixed 60, 3 seeds)",historical,1275.0,529953.3038194445,1494.0251362113434
"MAPPO (fixed 60, 3 seeds)",historical,1277.0,530524.8576388889,1085.2190444393252
"MAPPO (fixed 60, 3 seeds)",historical,1279.0,530201.7864583334,507.4834251910976
"MAPPO (fixed 60, 3 seeds)",historical,1281.0,529743.423611111,985.3547506804279
"MAPPO (fixed 60, 3 seeds)",historical,1283.0,529559.59375,2518.58769486051
"MAPPO (fixed 60, 3 seeds)",historical,1285.0,529554.459201389,2704.255081048603
"MAPPO (fixed 60, 3 seeds)",historical,1287.0,529346.2786458334,2347.781627900328
"MAPPO (fixed 60, 3 seeds)",historical,1289.0,528941.415798611,755.417303363181
"MAPPO (fixed 60, 3 seeds)",historical,1291.0,529548.6927083334,1791.1719947767654
"MAPPO (fixed 60, 3 seeds)",historical,1293.0,530555.9192708334,615.0491909498572
"MAPPO (fixed 60, 3 seeds)",historical,1295.0,529814.2690972221,889.8152616965724
"MAPPO (fixed 60, 3 seeds)",historical,1297.0,529944.4592013889,1410.191758327028
"MAPPO (fixed 60, 3 seeds)",historical,1299.0,529640.8532986111,2446.4769606285436
"MAPPO (fixed 60, 3 seeds)",historical,1301.0,529433.3420138889,2363.9803410061672
"MAPPO (fixed 60, 3 seeds)",historical,1303.0,529709.9322916666,2526.1763241662948
"MAPPO (fixed 60, 3 seeds)",historical,1305.0,529455.3567708334,2865.316736930518
"MAPPO (fixed 60, 3 seeds)",historical,1307.0,530991.9166666666,3140.21500969741
"MAPPO (fixed 60, 3 seeds)",historical,1309.0,530367.3012152779,3217.130036089531
"MAPPO (fixed 60, 3 seeds)",historical,1311.0,530762.7534722222,3956.817467981972
"MAPPO (fixed 60, 3 seeds)",historical,1313.0,530313.5034722224,4715.368063269967
"MAPPO (fixed 60, 3 seeds)",historical,1315.0,530660.4600694444,4685.91078209249
"MAPPO (fixed 60, 3 seeds)",historical,1317.0,530429.9722222221,3132.758535902901
"MAPPO (fixed 60, 3 seeds)",historical,1319.0,530434.2265625,1962.8365163665812
"MAPPO (fixed 60, 3 seeds)",historical,1321.0,530167.9539930556,2995.0753100047423
"MAPPO (fixed 60, 3 seeds)",historical,1323.0,531659.9592013889,4202.685438135884
"MAPPO (fixed 60, 3 seeds)",historical,1325.0,531291.7769097221,4429.688154262965
"MAPPO (fixed 60, 3 seeds)",historical,1327.0,531934.798611111,3868.577823172678
"MAPPO (fixed 60, 3 seeds)",historical,1329.0,530299.3185763889,5243.642141103777
"MAPPO (fixed 60, 3 seeds)",historical,1331.0,529933.9670138889,5710.704049077383
"MAPPO (fixed 60, 3 seeds)",historical,1333.0,529229.2248263889,7490.298924711107
"MAPPO (fixed 60, 3 seeds)",historical,1335.0,528078.2413194445,6877.926704821149
"MAPPO (fixed 60, 3 seeds)",historical,1337.0,528407.0720486111,7100.887534562655
"MAPPO (fixed 60, 3 seeds)",historical,1339.0,528903.1050347222,5622.920734728564
"MAPPO (fixed 60, 3 seeds)",historical,1341.0,530038.4192708334,5251.462118220101
"MAPPO (fixed 60, 3 seeds)",historical,1343.0,529439.5164930555,4919.929528804406
"MAPPO (fixed 60, 3 seeds)",historical,1345.0,529411.654513889,5128.289621620976
"MAPPO (fixed 60, 3 seeds)",historical,1347.0,528958.0260416666,4541.705325740547
"MAPPO (fixed 60, 3 seeds)",historical,1349.0,530083.8940972221,5149.379345409731
"MAPPO (fixed 60, 3 seeds)",historical,1351.0,529108.0598958334,4983.087584489408
"MAPPO (fixed 60, 3 seeds)",historical,1353.0,529255.90625,6326.881262424706
"MAPPO (fixed 60, 3 seeds)",historical,1355.0,528769.9262152778,6392.840658884986
"MAPPO (fixed 60, 3 seeds)",historical,1357.0,529678.1944444445,6425.1131111067525
"MAPPO (fixed 60, 3 seeds)",historical,1359.0,529452.3515625,6185.99920337061
"MAPPO (fixed 60, 3 seeds)",historical,1361.0,529831.6432291666,6539.2502587191175
"MAPPO (fixed 60, 3 seeds)",historical,1363.0,528757.634548611,6006.115715491641
"MAPPO (fixed 60, 3 seeds)",historical,1365.0,529720.2725694445,5980.595241431478
"MAPPO (fixed 60, 3 seeds)",historical,1367.0,529709.0173611111,5642.34760296581
"MAPPO (fixed 60, 3 seeds)",historical,1369.0,530128.9418402779,6206.133517908544
"MAPPO (fixed 60, 3 seeds)",historical,1371.0,529627.4904513889,6219.406937936378
"MAPPO (fixed 60, 3 seeds)",historical,1373.0,529329.1779513889,6427.100519432057
"MAPPO (fixed 60, 3 seeds)",historical,1375.0,528947.0112847221,6684.347180224664
"MAPPO (fixed 60, 3 seeds)",historical,1377.0,528378.638888889,5876.832693240635
"MAPPO (fixed 60, 3 seeds)",historical,1379.0,528404.4157986111,6508.6734367775125
"MAPPO (fixed 60, 3 seeds)",historical,1381.0,529709.3515625,6504.422700453775
"MAPPO (fixed 60, 3 seeds)",historical,1383.0,530895.8914930556,6580.559357242638
"MAPPO (fixed 60, 3 seeds)",historical,1385.0,530882.4522569444,5282.014325299159
"MAPPO (fixed 60, 3 seeds)",historical,1387.0,529929.9652777779,4514.3186777815645
"MAPPO (fixed 60, 3 seeds)",historical,1389.0,529508.75,5158.648556749348
"MAPPO (fixed 60, 3 seeds)",historical,1391.0,529874.5173611111,4992.231043858754
"MAPPO (fixed 60, 3 seeds)",historical,1393.0,531303.8680555556,5504.586653916844
"MAPPO (fixed 60, 3 seeds)",historical,1395.0,530869.1076388889,5278.1065963037445
"MAPPO (fixed 60, 3 seeds)",historical,1397.0,530360.662326389,6061.535251291482
"MAPPO (fixed 60, 3 seeds)",historical,1399.0,529293.6640625,5196.964886013099
"MAPPO (fixed 60, 3 seeds)",historical,1401.0,530590.7664930555,5133.6151652761855
"MAPPO (fixed 60, 3 seeds)",historical,1403.0,531792.7690972221,4818.515692866007
"MAPPO (fixed 60, 3 seeds)",historical,1405.0,531450.8967013889,5813.741072246706
"MAPPO (fixed 60, 3 seeds)",historical,1407.0,529847.2526041666,5770.765524092433
"MAPPO (fixed 60, 3 seeds)",historical,1409.0,529220.9453125,5258.456411862996
"MAPPO (fixed 60, 3 seeds)",historical,1411.0,528592.8463541666,5077.478840105821
"MAPPO (fixed 60, 3 seeds)",historical,1413.0,527740.8298611111,4731.148459105752
"MAPPO (fixed 60, 3 seeds)",historical,1415.0,527329.9505208334,5260.212242100218
"MAPPO (fixed 60, 3 seeds)",historical,1417.0,528485.2552083334,4515.727705594934
"MAPPO (fixed 60, 3 seeds)",historical,1419.0,529500.1987847221,4012.0551616912308
"MAPPO (fixed 60, 3 seeds)",historical,1421.0,528350.1640625,4788.275507642665
"MAPPO (fixed 60, 3 seeds)",historical,1423.0,528559.9227430556,5011.07258663147
"MAPPO (fixed 60, 3 seeds)",historical,1425.0,528300.4973958334,5429.287302982508
"MAPPO (fixed 60, 3 seeds)",historical,1427.0,529889.7213541666,4125.686054163739
"MAPPO (fixed 60, 3 seeds)",historical,1429.0,529997.8012152776,3026.0826849796294
"MAPPO (fixed 60, 3 seeds)",historical,1431.0,530131.6267361111,1162.087952291119
"MAPPO (fixed 60, 3 seeds)",historical,1433.0,530134.1710069445,811.5355382221315
"MAPPO (fixed 60, 3 seeds)",historical,1435.0,529411.076388889,1355.5440395562453
"MAPPO (fixed 60, 3 seeds)",historical,1437.0,530018.5902777779,2159.8679217458566
"MAPPO (fixed 60, 3 seeds)",historical,1439.0,530505.9375,3113.8039061318573
"MAPPO (fixed 60, 3 seeds)",historical,1441.0,531143.7421875,2827.044890988576
"MAPPO (fixed 60, 3 seeds)",historical,1443.0,532096.2421875,4574.919006800786
"MAPPO (fixed 60, 3 seeds)",historical,1445.0,533591.2925347221,4664.462046959321
"MAPPO (fixed 60, 3 seeds)",historical,1447.0,534532.849826389,5046.4438596469845
"MAPPO (fixed 60, 3 seeds)",historical,1449.0,534825.4348958334,4000.8592614735667
"MAPPO (fixed 60, 3 seeds)",historical,1451.0,533826.2664930555,2917.138053345192
"MAPPO (fixed 60, 3 seeds)",historical,1453.0,533924.1388888889,2957.895184758821
"MAPPO (fixed 60, 3 seeds)",historical,1455.0,532932.8914930555,3150.9717691328883
"MAPPO (fixed 60, 3 seeds)",historical,1457.0,532225.2907986111,4117.801761987353
"MAPPO (fixed 60, 3 seeds)",historical,1459.0,531887.2204861111,4210.304667033396
"MAPPO (fixed 60, 3 seeds)",historical,1461.0,533535.693576389,4466.089524596622
"MAPPO (fixed 60, 3 seeds)",historical,1463.0,532948.3602430555,4961.331101927458
"MAPPO (fixed 60, 3 seeds)",historical,1465.0,533286.7274305555,3910.18107715318
"MAPPO (fixed 60, 3 seeds)",historical,1467.0,532608.9809027779,3218.2684239006558
"MAPPO (fixed 60, 3 seeds)",historical,1469.0,533705.8940972221,2138.847180945428
"MAPPO (fixed 60, 3 seeds)",historical,1471.0,534042.298611111,4049.4650098327447
"MAPPO (fixed 60, 3 seeds)",historical,1473.0,533654.8671875,4590.832907138264
"MAPPO (fixed 60, 3 seeds)",historical,1475.0,534059.3151041666,5343.950823270624
"MAPPO (fixed 60, 3 seeds)",historical,1477.0,534892.240451389,5187.509294324103
"MAPPO (fixed 60, 3 seeds)",historical,1479.0,535739.1840277779,5851.876305934323
"MAPPO (fixed 60, 3 seeds)",historical,1481.0,535997.6119791666,6898.685147547442
"MAPPO (fixed 60, 3 seeds)",historical,1483.0,534957.6519097221,6226.575116450537
"MAPPO (fixed 60, 3 seeds)",historical,1485.0,534768.0347222221,7139.885014041642
"MAPPO (fixed 60, 3 seeds)",historical,1487.0,534574.2864583334,4990.083167993922
"MAPPO (fixed 60, 3 seeds)",historical,1489.0,534515.5052083334,4628.923040083755
"MAPPO (fixed 60, 3 seeds)",historical,1491.0,534835.0503472224,2693.488488423527
"MAPPO (fixed 60, 3 seeds)",historical,1493.0,535193.109375,3445.6953850795303
"MAPPO (fixed 60, 3 seeds)",historical,1495.0,536077.8559027776,3700.6096847407744
"MAPPO (fixed 60, 3 seeds)",historical,1497.0,535580.4262152776,3127.030532609103
"MAPPO (fixed 60, 3 seeds)",historical,1499.0,534669.9453125,2658.634680954063
"MAPPO (fixed 60, 3 seeds)",historical,1501.0,533595.5520833334,1934.8578325430838
"MAPPO (fixed 60, 3 seeds)",historical,1503.0,534693.9921875,1843.9847549110993
"MAPPO (fixed 60, 3 seeds)",historical,1505.0,536327.4262152779,799.2267071598667
"MAPPO (fixed 60, 3 seeds)",historical,1507.0,537681.4140625,1511.377757328143
"MAPPO (fixed 60, 3 seeds)",historical,1509.0,538524.6579861111,2812.1738338669034
"MAPPO (fixed 60, 3 seeds)",historical,1511.0,538807.3663194445,3462.2269121503004
"MAPPO (fixed 60, 3 seeds)",historical,1513.0,538535.9262152779,2447.4258382945154
"MAPPO (fixed 60, 3 seeds)",historical,1515.0,538270.3298611111,1907.3401211035218
"MAPPO (fixed 60, 3 seeds)",historical,1517.0,538090.220486111,2316.9616788982726
"MAPPO (fixed 60, 3 seeds)",historical,1519.0,538302.782986111,3452.3493449231123
"MAPPO (fixed 60, 3 seeds)",historical,1521.0,538270.1901041666,4561.429103715789
"MAPPO (fixed 60, 3 seeds)",historical,1523.0,537361.001736111,5171.895274787828
"MAPPO (fixed 60, 3 seeds)",historical,1525.0,538109.974826389,5850.9965792845705
"MAPPO (fixed 60, 3 seeds)",historical,1527.0,538451.3828125,5363.452405256789
"MAPPO (fixed 60, 3 seeds)",historical,1529.0,539586.5164930555,5607.622785575383
"MAPPO (fixed 60, 3 seeds)",historical,1531.0,538858.6050347221,5133.125147331589
"MAPPO (fixed 60, 3 seeds)",historical,1533.0,538037.3611111111,4235.903526789774
"MAPPO (fixed 60, 3 seeds)",historical,1535.0,537713.9800347221,4558.957928771102
"MAPPO (fixed 60, 3 seeds)",historical,1537.0,537937.9166666666,4048.112511285427
"MAPPO (fixed 60, 3 seeds)",historical,1539.0,539171.087673611,5083.142613959418
"MAPPO (fixed 60, 3 seeds)",historical,1541.0,539887.6067708334,5622.836716481411
"MAPPO (fixed 60, 3 seeds)",historical,1543.0,540675.9348958334,6777.879383326899
"MAPPO (fixed 60, 3 seeds)",historical,1545.0,540659.6362847224,6304.725698798573
"MAPPO (fixed 60, 3 seeds)",historical,1547.0,540200.4331597221,5150.27911101358
"MAPPO (fixed 60, 3 seeds)",historical,1549.0,539042.2760416666,4286.52096164809
"MAPPO (fixed 60, 3 seeds)",historical,1551.0,538415.9635416666,5632.534384604708
"MAPPO (fixed 60, 3 seeds)",historical,1553.0,538528.0677083334,6007.352871759983
"MAPPO (fixed 60, 3 seeds)",historical,1555.0,540132.0121527779,6832.49345641848
"MAPPO (fixed 60, 3 seeds)",historical,1557.0,540527.6362847221,6226.755352416032
"MAPPO (fixed 60, 3 seeds)",historical,1559.0,541397.2534722221,6505.919458719984
"MAPPO (fixed 60, 3 seeds)",historical,1561.0,541464.1866319445,5791.363050367902
"MAPPO (fixed 60, 3 seeds)",historical,1563.0,540523.6319444444,5043.645873363103
"MAPPO (fixed 60, 3 seeds)",historical,1565.0,538827.7473958334,4300.7753667086
"MAPPO (fixed 60, 3 seeds)",historical,1567.0,538356.5199652776,3729.865547255395
"MAPPO (fixed 60, 3 seeds)",historical,1569.0,538974.2387152776,3224.3612720933297
"MAPPO (fixed 60, 3 seeds)",historical,1571.0,540025.4835069445,2816.2688404231367
"MAPPO (fixed 60, 3 seeds)",historical,1573.0,538941.9878472224,2592.2176172203913
"MAPPO (fixed 60, 3 seeds)",historical,1575.0,538573.7265625,2826.8711461472426
"MAPPO (fixed 60, 3 seeds)",historical,1577.0,538483.2413194445,2952.718746996085
"MAPPO (fixed 60, 3 seeds)",historical,1579.0,538798.9739583334,2250.12613326268
"MAPPO (fixed 60, 3 seeds)",historical,1581.0,539326.1909722221,1529.3101546762066
"MAPPO (fixed 60, 3 seeds)",historical,1583.0,538763.5989583334,1803.7064533252778
"MAPPO (fixed 60, 3 seeds)",historical,1585.0,539950.0338541666,1347.3736973640591
"MAPPO (fixed 60, 3 seeds)",historical,1587.0,539525.4244791666,1322.4569717275701
"MAPPO (fixed 60, 3 seeds)",historical,1589.0,539369.1319444445,1141.9755539969897
"MAPPO (fixed 60, 3 seeds)",historical,1591.0,538293.3871527778,2795.2478712999655
"MAPPO (fixed 60, 3 seeds)",historical,1593.0,537099.806423611,4271.00505489867
"MAPPO (fixed 60, 3 seeds)",historical,1595.0,537978.2074652779,5627.924652361321
"MAPPO (fixed 60, 3 seeds)",historical,1597.0,537776.7717013889,4999.677971825753
"MAPPO (fixed 60, 3 seeds)",historical,1599.0,539296.7135416666,5602.84835691777
"MAPPO (fixed 60, 3 seeds)",historical,1601.0,539486.6102430556,4711.558449190529
"MAPPO (fixed 60, 3 seeds)",historical,1603.0,540580.3680555555,4525.804634406382
"MAPPO (fixed 60, 3 seeds)",historical,1605.0,540467.7256944445,3359.1528058553185
"MAPPO (fixed 60, 3 seeds)",historical,1607.0,540037.6701388889,3476.959180667234
"MAPPO (fixed 60, 3 seeds)",historical,1609.0,539417.7135416666,3184.050396131859
"MAPPO (fixed 60, 3 seeds)",historical,1611.0,540401.9244791666,4039.099439307888
"MAPPO (fixed 60, 3 seeds)",historical,1613.0,541235.5295138889,4385.31009587284
"MAPPO (fixed 60, 3 seeds)",historical,1615.0,541639.5451388889,4736.133155245982
"MAPPO (fixed 60, 3 seeds)",historical,1617.0,541406.3133680556,4650.021974794567
"MAPPO (fixed 60, 3 seeds)",historical,1619.0,541842.9895833334,4698.940269296785
"MAPPO (fixed 60, 3 seeds)",historical,1621.0,542414.7690972221,3981.4731709290168
"MAPPO (fixed 60, 3 seeds)",historical,1623.0,542323.375,4014.2940590496305
"MAPPO (fixed 60, 3 seeds)",historical,1625.0,542843.7586805556,4549.435537362314
"MAPPO (fixed 60, 3 seeds)",historical,1627.0,543318.8324652779,3631.887259062124
"MAPPO (fixed 60, 3 seeds)",historical,1629.0,542838.0868055555,2941.3099514589967
"MAPPO (fixed 60, 3 seeds)",historical,1631.0,541984.3211805555,2354.7780700000885
"MAPPO (fixed 60, 3 seeds)",historical,1633.0,541928.7708333334,2564.3612962503366
"MAPPO (fixed 60, 3 seeds)",historical,1635.0,542548.0807291666,1954.5511629812815
"MAPPO (fixed 60, 3 seeds)",historical,1637.0,543775.9887152779,561.1563554890032
"MAPPO (fixed 60, 3 seeds)",historical,1639.0,543507.662326389,1218.4457176916753
"MAPPO (fixed 60, 3 seeds)",historical,1641.0,543746.6059027779,568.6568920267492
"MAPPO (fixed 60, 3 seeds)",historical,1643.0,542261.8836805556,640.5773727296726
"MAPPO (fixed 60, 3 seeds)",historical,1645.0,541473.5546875,1028.4201676406374
"MAPPO (fixed 60, 3 seeds)",historical,1647.0,540845.8368055555,1631.3890706878642
"MAPPO (fixed 60, 3 seeds)",historical,1649.0,540765.2161458334,789.3090163028132
"MAPPO (fixed 60, 3 seeds)",historical,1651.0,540546.1041666666,1017.0453693499702
"MAPPO (fixed 60, 3 seeds)",historical,1653.0,540184.0286458334,893.6216249176761
"MAPPO (fixed 60, 3 seeds)",historical,1655.0,539842.1362847224,94.51867824495186
"MAPPO (fixed 60, 3 seeds)",historical,1657.0,539252.5260416666,1518.3159225692161
"MAPPO (fixed 60, 3 seeds)",historical,1659.0,539043.439236111,1892.8430590784205
"MAPPO (fixed 60, 3 seeds)",historical,1661.0,539354.6067708334,3991.451489727799
"MAPPO (fixed 60, 3 seeds)",historical,1663.0,539129.3914930555,4529.883787434274
"MAPPO (fixed 60, 3 seeds)",historical,1665.0,537769.8689236111,6025.352684905324
"MAPPO (fixed 60, 3 seeds)",historical,1667.0,537173.8029513889,5231.320224366332
"MAPPO (fixed 60, 3 seeds)",historical,1669.0,537169.0833333334,4372.557489942573
"MAPPO (fixed 60, 3 seeds)",historical,1671.0,537698.4730902779,2952.078974982415
"MAPPO (fixed 60, 3 seeds)",historical,1673.0,537306.8758680556,3724.4589175766114
"MAPPO (fixed 60, 3 seeds)",historical,1675.0,538828.96875,4959.888517543832
"MAPPO (fixed 60, 3 seeds)",historical,1677.0,539602.845486111,5638.535884006614
"MAPPO (fixed 60, 3 seeds)",historical,1679.0,539189.2126736111,4595.6619770928055
"MAPPO (fixed 60, 3 seeds)",historical,1681.0,538039.1484375,4788.918819216876
"MAPPO (fixed 60, 3 seeds)",historical,1683.0,537503.3532986111,5743.571269259938
"MAPPO (fixed 60, 3 seeds)",historical,1685.0,538025.5651041666,7037.358489748683
"MAPPO (fixed 60, 3 seeds)",historical,1687.0,536652.859375,8676.652156651218
"MAPPO (fixed 60, 3 seeds)",historical,1689.0,535801.9210069445,10580.623587143697
"MAPPO (fixed 60, 3 seeds)",historical,1691.0,534439.9262152779,11490.699474809984
"MAPPO (fixed 60, 3 seeds)",historical,1693.0,533675.5173611111,11552.297653267919
"MAPPO (fixed 60, 3 seeds)",historical,1695.0,532892.9131944445,10095.86617942049
"MAPPO (fixed 60, 3 seeds)",historical,1697.0,531994.375,10131.292135805865
"MAPPO (fixed 60, 3 seeds)",historical,1699.0,533520.0598958334,10967.441914728577
"MAPPO (fixed 60, 3 seeds)",historical,1701.0,533276.3567708334,12387.483349034488
"MAPPO (fixed 60, 3 seeds)",historical,1703.0,534554.7560763889,13034.730932576635
"MAPPO (fixed 60, 3 seeds)",historical,1705.0,533535.3645833334,13952.380271452676
"MAPPO (fixed 60, 3 seeds)",historical,1707.0,534030.7274305556,13347.876365098851
"MAPPO (fixed 60, 3 seeds)",historical,1709.0,533320.9253472221,13655.365122340761
"MAPPO (fixed 60, 3 seeds)",historical,1711.0,532767.5538194445,13622.643939324895
"MAPPO (fixed 60, 3 seeds)",historical,1713.0,533276.0295138889,15280.70938795484
"MAPPO (fixed 60, 3 seeds)",historical,1715.0,533079.2621527779,17637.220514043023
"MAPPO (fixed 60, 3 seeds)",historical,1717.0,534573.623263889,17540.252994702005
"MAPPO (fixed 60, 3 seeds)",historical,1719.0,534115.7430555555,17320.615012798142
"MAPPO (fixed 60, 3 seeds)",historical,1721.0,534797.5755208334,16350.586013447915
"MAPPO (fixed 60, 3 seeds)",historical,1723.0,533961.6927083334,16278.147041566388
"MAPPO (fixed 60, 3 seeds)",historical,1725.0,533607.3689236111,16263.46973017467
"MAPPO (fixed 60, 3 seeds)",historical,1727.0,533304.6449652779,15622.766858673387
"MAPPO (fixed 60, 3 seeds)",historical,1729.0,531639.5633680555,17103.90528765708
"MAPPO (fixed 60, 3 seeds)",historical,1731.0,531487.9678819445,17156.624966292628
"MAPPO (fixed 60, 3 seeds)",historical,1733.0,530435.8758680555,18133.507864832998
"MAPPO (fixed 60, 3 seeds)",historical,1735.0,530783.0989583334,17520.969762487093
"MAPPO (fixed 60, 3 seeds)",historical,1737.0,529335.6232638889,18963.73105518411
"MAPPO (fixed 60, 3 seeds)",historical,1739.0,529687.0642361111,19700.004047227634
"MAPPO (fixed 60, 3 seeds)",historical,1741.0,528688.1388888889,21213.963100822144
"MAPPO (fixed 60, 3 seeds)",historical,1743.0,529305.6927083334,21111.973714941614
"MAPPO (fixed 60, 3 seeds)",historical,1745.0,526904.2482638889,22458.35425382204
"MAPPO (fixed 60, 3 seeds)",historical,1747.0,525922.4253472222,23012.318926581684
"MAPPO (fixed 60, 3 seeds)",historical,1749.0,525140.2821180555,23344.30102219182
"MAPPO (fixed 60, 3 seeds)",historical,1751.0,525627.2274305555,22724.47886500748
"MAPPO (fixed 60, 3 seeds)",historical,1753.0,525224.4479166666,21911.90274598878
"MAPPO (fixed 60, 3 seeds)",historical,1755.0,523585.18142361107,21964.12267363906
"MAPPO (fixed 60, 3 seeds)",historical,1757.0,522153.0989583333,21968.05345520172
"MAPPO (fixed 60, 3 seeds)",historical,1759.0,521640.0373263888,22617.435582932485
"MAPPO (fixed 60, 3 seeds)",historical,1761.0,522172.9704861112,22307.914000756376
"MAPPO (fixed 60, 3 seeds)",historical,1763.0,522732.9296875,22801.338991089644
"MAPPO (fixed 60, 3 seeds)",historical,1765.0,523203.1484375,21724.97624651028
"MAPPO (fixed 60, 3 seeds)",historical,1767.0,522655.1588541667,22402.129448928103
"MAPPO (fixed 60, 3 seeds)",historical,1769.0,521929.7395833333,23579.114313223756
"MAPPO (fixed 60, 3 seeds)",historical,1771.0,520308.08767361107,24072.31886210517
"MAPPO (fixed 60, 3 seeds)",historical,1773.0,519364.5789930555,25028.655571191237
"MAPPO (fixed 60, 3 seeds)",historical,1775.0,519222.14236111107,23818.65881388585
"MAPPO (fixed 60, 3 seeds)",historical,1777.0,519767.7230902778,24527.103163516458
"MAPPO (fixed 60, 3 seeds)",historical,1779.0,519848.5989583333,23974.94025259543
"MAPPO (fixed 60, 3 seeds)",historical,1781.0,521131.1805555555,22451.01960640176
"MAPPO (fixed 60, 3 seeds)",historical,1783.0,523233.19878472225,22109.722408341408
"MAPPO (fixed 60, 3 seeds)",historical,1785.0,523321.6015625,21498.077236618086
"MAPPO (fixed 60, 3 seeds)",historical,1787.0,522531.3715277778,22386.882607426007
"MAPPO (fixed 60, 3 seeds)",historical,1789.0,521360.72482638893,22355.306743127476
"MAPPO (fixed 60, 3 seeds)",historical,1791.0,522335.6701388888,21291.595873089955
"MAPPO (fixed 60, 3 seeds)",historical,1793.0,521427.8480902778,20974.551901450923
"MAPPO (fixed 60, 3 seeds)",historical,1795.0,521212.7595486112,20719.84519527591
"MAPPO (fixed 60, 3 seeds)",historical,1797.0,522624.1163194445,20845.83180671823
"MAPPO (fixed 60, 3 seeds)",historical,1799.0,523866.3932291667,20399.488145036416
"MAPPO (fixed 60, 3 seeds)",historical,1801.0,525111.3984375,20034.880621193053
"MAPPO (fixed 60, 3 seeds)",historical,1803.0,525511.9678819445,19807.73582253554
"MAPPO (fixed 60, 3 seeds)",historical,1805.0,525804.3211805555,20010.392571689154
"MAPPO (fixed 60, 3 seeds)",historical,1807.0,525966.6076388889,19560.747156713787
"MAPPO (fixed 60, 3 seeds)",historical,1809.0,524681.8697916666,19243.027026387226
"MAPPO (fixed 60, 3 seeds)",historical,1811.0,525311.8020833334,19680.598786371997
"MAPPO (fixed 60, 3 seeds)",historical,1813.0,524705.2552083334,19355.206537730242
"MAPPO (fixed 60, 3 seeds)",historical,1815.0,524981.4461805555,18351.694343497908
"MAPPO (fixed 60, 3 seeds)",historical,1817.0,525264.1414930556,15848.969121583792
"MAPPO (fixed 60, 3 seeds)",historical,1819.0,525526.7413194445,14803.339529493345
"MAPPO (fixed 60, 3 seeds)",historical,1821.0,526613.1059027778,13709.766666406143
"MAPPO (fixed 60, 3 seeds)",historical,1823.0,527219.4210069445,14610.957826021966
"MAPPO (fixed 60, 3 seeds)",historical,1825.0,527847.8211805555,14324.984052861571
"MAPPO (fixed 60, 3 seeds)",historical,1827.0,528163.6362847222,16440.958099039708
"MAPPO (fixed 60, 3 seeds)",historical,1829.0,527098.6388888889,16104.431938701113
"MAPPO (fixed 60, 3 seeds)",historical,1831.0,528133.7309027779,16089.924274019248
"MAPPO (fixed 60, 3 seeds)",historical,1833.0,529175.28125,14354.147844554229
"MAPPO (fixed 60, 3 seeds)",historical,1835.0,531472.8967013889,13790.450214674473
"MAPPO (fixed 60, 3 seeds)",historical,1837.0,532466.9782986111,13818.144204376018
"MAPPO (fixed 60, 3 seeds)",historical,1839.0,532594.9305555556,13981.751758587234
"MAPPO (fixed 60, 3 seeds)",historical,1841.0,532264.2274305555,14102.507488225114
"MAPPO (fixed 60, 3 seeds)",historical,1843.0,532146.7326388889,14823.534811394236
"MAPPO (fixed 60, 3 seeds)",historical,1845.0,533720.8359375,15893.398321962271
"MAPPO (fixed 60, 3 seeds)",historical,1847.0,534155.9288194445,16865.376526568474
"MAPPO (fixed 60, 3 seeds)",historical,1849.0,533254.3645833334,17117.80770187969
"MAPPO (fixed 60, 3 seeds)",historical,1851.0,531577.1380208334,18528.930449808893
"MAPPO (fixed 60, 3 seeds)",historical,1853.0,530805.2934027779,18159.884033781433
"MAPPO (fixed 60, 3 seeds)",historical,1855.0,532391.9435763889,17947.434905814953
"MAPPO (fixed 60, 3 seeds)",historical,1857.0,532317.8671875,15992.497963665846
"MAPPO (fixed 60, 3 seeds)",historical,1859.0,532296.2517361111,17409.276121568455
"MAPPO (fixed 60, 3 seeds)",historical,1861.0,532396.6154513889,17741.467437282954
"MAPPO (fixed 60, 3 seeds)",historical,1863.0,534107.3125,17820.83050780023
"MAPPO (fixed 60, 3 seeds)",historical,1865.0,535545.3125,17223.539880369102
"MAPPO (fixed 60, 3 seeds)",historical,1867.0,534951.7048611111,17752.774451619953
"MAPPO (fixed 60, 3 seeds)",historical,1869.0,533944.5677083334,19908.05316032798
"MAPPO (fixed 60, 3 seeds)",historical,1871.0,534919.8767361111,18909.75901204818
"MAPPO (fixed 60, 3 seeds)",historical,1873.0,536430.3159722222,19488.725350986202
"MAPPO (fixed 60, 3 seeds)",historical,1875.0,537973.2352430555,18010.32938167125
"MAPPO (fixed 60, 3 seeds)",historical,1877.0,538614.9522569445,19531.649455970834
"MAPPO (fixed 60, 3 seeds)",historical,1879.0,538913.0529513889,18983.241217591018
"MAPPO (fixed 60, 3 seeds)",historical,1881.0,538481.1111111111,21271.86322236917
"MAPPO (fixed 60, 3 seeds)",historical,1883.0,536840.8845486111,21902.238781943095
"MAPPO (fixed 60, 3 seeds)",historical,1885.0,535125.6171875,22045.890931106405
"MAPPO (fixed 60, 3 seeds)",historical,1887.0,534722.3064236111,20442.5631446523
"MAPPO (fixed 60, 3 seeds)",historical,1889.0,535078.9409722221,19245.640498832363
"MAPPO (fixed 60, 3 seeds)",historical,1891.0,535915.6753472221,18510.17240738061
"MAPPO (fixed 60, 3 seeds)",historical,1893.0,535258.90625,19329.908749760474
"MAPPO (fixed 60, 3 seeds)",historical,1895.0,535400.4383680556,20099.391225292653
"MAPPO (fixed 60, 3 seeds)",historical,1897.0,536310.1380208334,20116.420901298905
"MAPPO (fixed 60, 3 seeds)",historical,1899.0,536493.2647569445,19414.01994099107
"MAPPO (fixed 60, 3 seeds)",historical,1901.0,536346.6605902779,18836.07860437076
"MAPPO (fixed 60, 3 seeds)",historical,1903.0,536050.5347222221,19378.225476335578
"MAPPO (fixed 60, 3 seeds)",historical,1905.0,536615.1987847224,19062.79069180305
"MAPPO (fixed 60, 3 seeds)",historical,1907.0,536808.8463541666,19735.753596008548
"MAPPO (fixed 60, 3 seeds)",historical,1909.0,535475.6111111111,18973.94021218118
"MAPPO (fixed 60, 3 seeds)",historical,1911.0,535103.9253472221,19278.84097857652
"MAPPO (fixed 60, 3 seeds)",historical,1913.0,535184.0859375,18569.839397271466
"MAPPO (fixed 60, 3 seeds)",historical,1915.0,535570.6545138889,19422.894326615642
"MAPPO (fixed 60, 3 seeds)",historical,1917.0,535609.1414930556,20402.407806992935
"MAPPO (fixed 60, 3 seeds)",historical,1919.0,535116.5625,21945.965419914643
"MAPPO (fixed 60, 3 seeds)",historical,1921.0,535680.2230902778,22624.96267629641
"MAPPO (fixed 60, 3 seeds)",historical,1923.0,535701.4027777779,22521.00471671093
"MAPPO (fixed 60, 3 seeds)",historical,1925.0,535651.6449652779,22151.88861707956
"MAPPO (fixed 60, 3 seeds)",historical,1927.0,533722.2256944445,22440.295526799207
"MAPPO (fixed 60, 3 seeds)",historical,1929.0,532394.6267361111,23274.152103256358
"MAPPO (fixed 60, 3 seeds)",historical,1931.0,531335.9244791666,24071.44319645541
"MAPPO (fixed 60, 3 seeds)",historical,1933.0,532018.6458333334,24584.038204879944
"MAPPO (fixed 60, 3 seeds)",historical,1935.0,532109.3949652779,23998.009628451735
"MAPPO (fixed 60, 3 seeds)",historical,1937.0,533047.5199652779,24793.20760444992
"MAPPO (fixed 60, 3 seeds)",historical,1939.0,532210.7335069445,26586.007453468017
"MAPPO (fixed 60, 3 seeds)",historical,1941.0,532289.7395833334,27890.7431783437
"MAPPO (fixed 60, 3 seeds)",historical,1943.0,529840.6605902779,28370.41897463078
"MAPPO (fixed 60, 3 seeds)",historical,1945.0,529934.4869791666,26946.948432791465
"MAPPO (fixed 60, 3 seeds)",historical,1947.0,528798.9184027779,25985.63257026383
"MAPPO (fixed 60, 3 seeds)",historical,1949.0,529753.0208333334,24406.14400256636
"MAPPO (fixed 60, 3 seeds)",historical,1951.0,531058.8142361111,23755.601331349426
"MAPPO (fixed 60, 3 seeds)",historical,1953.0,532560.9600694445,22648.49663491312
"MAPPO (fixed 60, 3 seeds)",historical,1955.0,533103.3055555556,22486.380668304693
"MAPPO (fixed 60, 3 seeds)",historical,1957.0,532218.7838541666,22742.17947137343
"MAPPO (fixed 60, 3 seeds)",historical,1959.0,531039.3940972221,22911.643678754623
"MAPPO (fixed 60, 3 seeds)",historical,1961.0,531025.5885416666,23783.869512561174
"MAPPO (fixed 60, 3 seeds)",historical,1963.0,531410.4583333334,24441.451169542208
"MAPPO (fixed 60, 3 seeds)",historical,1965.0,533234.7960069444,24985.230090084613
"MAPPO (fixed 60, 3 seeds)",historical,1967.0,534614.4166666666,24337.691077860294
"MAPPO (fixed 60, 3 seeds)",historical,1969.0,535106.5616319445,23306.71378282143
"MAPPO (fixed 60, 3 seeds)",historical,1971.0,535356.6028645834,24942.58773420209
"MAPPO (fixed 60, 3 seeds)",historical,1973.0,534080.9956597221,24810.0772016631
"MAPPO (fixed 60, 3 seeds)",historical,1975.0,534455.5807291666,26472.433739569493
"MAPPO (fixed 60, 3 seeds)",historical,1977.0,533766.52734375,25811.224404300152
"MAPPO (fixed 60, 3 seeds)",historical,1979.0,533274.8715277778,25895.29454524926
"MAPPO (fixed 60, 3 seeds)",historical,1981.0,531749.9270833334,24607.301483283427
"MAPPO (fixed 60, 3 seeds)",historical,1983.0,532365.5217013889,23947.85957824957
"MAPPO (fixed 60, 3 seeds)",historical,1985.0,533778.9635416666,24388.97521666288
"MAPPO (fixed 60, 3 seeds)",historical,1987.0,532595.8815104166,25896.156513382895
"MAPPO (fixed 60, 3 seeds)",historical,1989.0,530678.2973090278,26209.019945394546
"MAPPO (fixed 60, 3 seeds)",historical,1991.0,530285.2291666666,27387.146840259174
"MAPPO (fixed 60, 3 seeds)",historical,1993.0,530034.6328125,28672.1010517297
"MAPPO (fixed 60, 3 seeds)",historical,1995.0,529808.0390625,29975.315642693822
"MAPPO (fixed 60, 3 seeds)",historical,1997.0,529306.8598090279,29445.9218706029
"MAPPO (fixed 60, 3 seeds)",historical,1999.0,530662.515625,27751.259696094967
"MAPPO (fixed 60, 3 seeds)",historical,2001.0,530154.2513020834,27271.6519687579
"MAPPO (fixed 60, 3 seeds)",historical,2003.0,528428.6649305556,27969.44651993289
"MAPPO (fixed 60, 3 seeds)",historical,2005.0,526356.6731770834,28394.89679910552
"MAPPO (fixed 60, 3 seeds)",historical,2007.0,527329.984375,27668.73396746473
"MAPPO (fixed 60, 3 seeds)",historical,2009.0,527627.1124131944,27619.463058788726
"MAPPO (fixed 60, 3 seeds)",historical,2011.0,528057.7330729166,27758.691421246935
"MAPPO (fixed 60, 3 seeds)",historical,2013.0,525509.140625,28618.393016653867
"MAPPO (fixed 60, 3 seeds)",historical,2015.0,524695.1280381944,26479.412452782315
"MAPPO (fixed 60, 3 seeds)",historical,2017.0,524951.4674479166,23858.052292893128
"MAPPO (fixed 60, 3 seeds)",historical,2019.0,526737.4292534721,22544.109145145372
"MAPPO (fixed 60, 3 seeds)",historical,2021.0,527085.5707465279,22287.474451519993
"MAPPO (fixed 60, 3 seeds)",historical,2023.0,527736.6202256945,23533.676743859694
"MAPPO (fixed 60, 3 seeds)",historical,2025.0,526526.96875,25199.698824576113
"MAPPO (fixed 60, 3 seeds)",historical,2027.0,526537.7738715278,26973.021831020662
"MAPPO (fixed 60, 3 seeds)",historical,2029.0,525863.6349826389,28116.59482158935
"MAPPO (fixed 60, 3 seeds)",historical,2031.0,525778.0,27184.0829145213
"MAPPO (fixed 60, 3 seeds)",historical,2033.0,525051.2048611111,27854.60314394068
"MAPPO (fixed 60, 3 seeds)",historical,2035.0,523691.26215277775,28429.47953503331
"MAPPO (fixed 60, 3 seeds)",historical,2037.0,523309.6631944445,28913.599203502446
"MAPPO (fixed 60, 3 seeds)",historical,2039.0,523562.7903645833,29877.181736054437
"MAPPO (fixed 60, 3 seeds)",historical,2041.0,524788.1380208334,28562.799489985864
"MAPPO (fixed 60, 3 seeds)",historical,2043.0,525414.8276909721,29540.444126300416
"MAPPO (fixed 60, 3 seeds)",historical,2045.0,526250.5950520834,29082.148666258498
"MAPPO (fixed 60, 3 seeds)",historical,2047.0,526955.0690104166,30646.475739938694
"MAPPO (fixed 60, 3 seeds)",historical,2049.0,527878.7456597222,29887.835306162146
"MAPPO (fixed 60, 3 seeds)",historical,2051.0,527134.5030381945,28370.95802752125
"MAPPO (fixed 60, 3 seeds)",historical,2053.0,527385.3793402779,27409.207125346922
"MAPPO (fixed 60, 3 seeds)",historical,2055.0,526600.1744791666,27616.459488589655
"MAPPO (fixed 60, 3 seeds)",historical,2057.0,527263.0815972221,28978.923447689034
"MAPPO (fixed 60, 3 seeds)",historical,2059.0,526548.4982638889,29776.51274376516
"MAPPO (fixed 60, 3 seeds)",historical,2061.0,526088.0325520834,29553.36789374539
"MAPPO (fixed 60, 3 seeds)",historical,2063.0,525954.9453125,28198.259361023993
"MAPPO (fixed 60, 3 seeds)",historical,2065.0,524657.8194444445,26800.532360905738
"MAPPO (fixed 60, 3 seeds)",historical,2067.0,524307.2118055556,25539.37464769486
"MAPPO (fixed 60, 3 seeds)",historical,2069.0,522917.8802083333,24197.355187740166
"MAPPO (fixed 60, 3 seeds)",historical,2071.0,521567.3949652778,23661.254402860697
"MAPPO (fixed 60, 3 seeds)",historical,2073.0,520989.5885416667,23116.67121270851
"MAPPO (fixed 60, 3 seeds)",historical,2075.0,519754.8624131945,20960.18913616759
"MAPPO (fixed 60, 3 seeds)",historical,2077.0,520462.4730902778,20564.32448076729
"MAPPO (fixed 60, 3 seeds)",historical,2079.0,519909.65625,20459.25523913706
"MAPPO (fixed 60, 3 seeds)",historical,2081.0,521406.32465277775,21209.266335923123
"MAPPO (fixed 60, 3 seeds)",historical,2083.0,520980.77170138893,19430.63956412448
"MAPPO (fixed 60, 3 seeds)",historical,2085.0,520185.4735243055,18462.53828128537
"MAPPO (fixed 60, 3 seeds)",historical,2087.0,517774.6805555555,18510.69410697649
"MAPPO (fixed 60, 3 seeds)",historical,2089.0,517644.70920138893,19382.20830862689
"MAPPO (fixed 60, 3 seeds)",historical,2091.0,516914.92578125,18772.76573425576
"MAPPO (fixed 60, 3 seeds)",historical,2093.0,518228.6106770833,17595.989941824773
"MAPPO (fixed 60, 3 seeds)",historical,2095.0,517491.4691840278,16342.161802033492
"MAPPO (fixed 60, 3 seeds)",historical,2097.0,518581.6258680555,16064.94202595874
"MAPPO (fixed 60, 3 seeds)",historical,2099.0,516625.42100694444,16963.54791555972
"MAPPO (fixed 60, 3 seeds)",historical,2101.0,515511.28428819444,17931.05053555633
"MAPPO (fixed 60, 3 seeds)",historical,2103.0,515565.6284722222,16121.089570989916
"MAPPO (fixed 60, 3 seeds)",historical,2105.0,515303.8684895833,14520.878138563095
"MAPPO (fixed 60, 3 seeds)",historical,2107.0,515638.8615451388,11025.850043893031
"MAPPO (fixed 60, 3 seeds)",historical,2109.0,514746.85243055556,10026.180685540168
"MAPPO (fixed 60, 3 seeds)",historical,2111.0,515036.0711805555,9806.696348853458
"MAPPO (fixed 60, 3 seeds)",historical,2113.0,514465.9006076388,10847.456896459722
"MAPPO (fixed 60, 3 seeds)",historical,2115.0,513765.4118923612,11803.586245526656
"MAPPO (fixed 60, 3 seeds)",historical,2117.0,513671.68663194444,10505.82857117472
"MAPPO (fixed 60, 3 seeds)",historical,2119.0,514412.7786458333,11807.461494719031
"MAPPO (fixed 60, 3 seeds)",historical,2121.0,514942.8815104167,12301.829717952496
"MAPPO (fixed 60, 3 seeds)",historical,2123.0,516290.7703993055,14709.109384523075
"MAPPO (fixed 60, 3 seeds)",historical,2125.0,516659.8268229167,14267.630693406509
"MAPPO (fixed 60, 3 seeds)",historical,2127.0,516672.2842881945,15625.946261557523
"MAPPO (fixed 60, 3 seeds)",historical,2129.0,516644.8350694445,16489.179268448246
"MAPPO (fixed 60, 3 seeds)",historical,2131.0,516024.6770833333,18793.096785924026
"MAPPO (fixed 60, 3 seeds)",historical,2133.0,516645.85546875,19673.98125876076
"MAPPO (fixed 60, 3 seeds)",historical,2135.0,514325.9548611112,18846.9568805869
"MAPPO (fixed 60, 3 seeds)",historical,2137.0,514293.1614583333,18532.35121905946
"MAPPO (fixed 60, 3 seeds)",historical,2139.0,512729.42578125,15676.290766115597
"MAPPO (fixed 60, 3 seeds)",historical,2141.0,513510.3081597222,16072.674180829377
"MAPPO (fixed 60, 3 seeds)",historical,2143.0,513701.3693576388,15282.598697920072
"MAPPO (fixed 60, 3 seeds)",historical,2145.0,513935.50737847225,17999.42541061146
"MAPPO (fixed 60, 3 seeds)",historical,2147.0,513867.3962673612,19293.078471575835
"MAPPO (fixed 60, 3 seeds)",historical,2149.0,513603.6931423612,19298.640085089868
"MAPPO (fixed 60, 3 seeds)",historical,2151.0,512748.86414930556,19537.361527004887
"MAPPO (fixed 60, 3 seeds)",historical,2153.0,512813.1553819445,19602.553562115023
"MAPPO (fixed 60, 3 seeds)",historical,2155.0,511058.15928819444,21062.415927462094
"MAPPO (fixed 60, 3 seeds)",historical,2157.0,510413.0147569445,22082.416122432238
"MAPPO (fixed 60, 3 seeds)",historical,2159.0,509562.2981770833,19893.16408258774
"MAPPO (fixed 60, 3 seeds)",historical,2161.0,510040.6371527778,18215.23085420997
"MAPPO (fixed 60, 3 seeds)",historical,2163.0,509557.9813368055,18262.874801970476
"MAPPO (fixed 60, 3 seeds)",historical,2165.0,509078.125,20945.856032346663
"MAPPO (fixed 60, 3 seeds)",historical,2167.0,507500.4639756945,23254.44372752752
"MAPPO (fixed 60, 3 seeds)",historical,2169.0,508624.4110243055,22636.983082584426
"MAPPO (fixed 60, 3 seeds)",historical,2171.0,509303.1189236112,23257.93004995809
"MAPPO (fixed 60, 3 seeds)",historical,2173.0,510293.7526041667,21919.854343322135
"MAPPO (fixed 60, 3 seeds)",historical,2175.0,510356.00824652775,21683.522863005433
"MAPPO (fixed 60, 3 seeds)",historical,2177.0,508643.3563368055,21186.620324983676
"MAPPO (fixed 60, 3 seeds)",historical,2179.0,508604.7074652778,21987.834480773898
"MAPPO (fixed 60, 3 seeds)",historical,2181.0,507626.2178819445,23177.060373153552
"MAPPO (fixed 60, 3 seeds)",historical,2183.0,508395.7643229167,22316.158654397124
"MAPPO (fixed 60, 3 seeds)",historical,2185.0,508562.7834201388,22259.085409038245
"MAPPO (fixed 60, 3 seeds)",historical,2187.0,507622.01649305556,21007.484024934376
"MAPPO (fixed 60, 3 seeds)",historical,2189.0,507168.17621527775,21189.492242069548
"MAPPO (fixed 60, 3 seeds)",historical,2191.0,506733.66319444444,20869.192496628846
"MAPPO (fixed 60, 3 seeds)",historical,2193.0,506861.7282986112,21752.29955143557
"MAPPO (fixed 60, 3 seeds)",historical,2195.0,506655.3454861112,22042.41914552047
"MAPPO (fixed 60, 3 seeds)",historical,2197.0,505745.08203125,22628.143600878127
"MAPPO (fixed 60, 3 seeds)",historical,2199.0,506425.8285590278,22277.975764916322
"MAPPO (fixed 60, 3 seeds)",historical,2201.0,506471.76388888893,22078.32871516689
"MAPPO (fixed 60, 3 seeds)",historical,2203.0,507701.8159722222,21316.750828255193
"MAPPO (fixed 60, 3 seeds)",historical,2205.0,507361.74001736107,22036.107829007928
"MAPPO (fixed 60, 3 seeds)",historical,2207.0,507372.99175347225,22866.359469467003
"MAPPO (fixed 60, 3 seeds)",historical,2209.0,507229.08203125,24773.71911717712
"MAPPO (fixed 60, 3 seeds)",historical,2211.0,507125.83029513893,24748.869987366903
"MAPPO (fixed 60, 3 seeds)",historical,2213.0,507082.1362847222,24479.569532487367
"MAPPO (fixed 60, 3 seeds)",historical,2215.0,506837.7690972222,24607.03048868467
"MAPPO (fixed 60, 3 seeds)",historical,2217.0,507691.16015625,25317.077971067785
"MAPPO (fixed 60, 3 seeds)",historical,2219.0,507405.2994791667,26806.148380899544
"MAPPO (fixed 60, 3 seeds)",historical,2221.0,508407.89453125,26927.083729745456
"MAPPO (fixed 60, 3 seeds)",historical,2223.0,508107.94618055556,27934.398887989028
"MAPPO (fixed 60, 3 seeds)",historical,2225.0,509357.9236111112,28707.227922874597
"MAPPO (fixed 60, 3 seeds)",historical,2227.0,507970.4921875,29905.3502880819
"MAPPO (fixed 60, 3 seeds)",historical,2229.0,508875.3372395833,27904.21807361691
"MAPPO (fixed 60, 3 seeds)",historical,2231.0,507488.7890625,26418.25811497427
"MAPPO (fixed 60, 3 seeds)",historical,2233.0,508291.69878472225,25033.21336892457
"MAPPO (fixed 60, 3 seeds)",historical,2235.0,507989.0902777778,25902.01498521095
"MAPPO (fixed 60, 3 seeds)",historical,2237.0,509335.3845486112,25563.42931855803
"MAPPO (fixed 60, 3 seeds)",historical,2239.0,509184.0,25116.234516407538
"MAPPO (fixed 60, 3 seeds)",historical,2241.0,509132.3190104167,24220.669878303615
"MAPPO (fixed 60, 3 seeds)",historical,2243.0,508733.0043402778,24542.652009857993
"MAPPO (fixed 60, 3 seeds)",historical,2245.0,508371.9019097222,25420.924476422442
"MAPPO (fixed 60, 3 seeds)",historical,2247.0,507647.3541666667,25232.22301958495
"MAPPO (fixed 60, 3 seeds)",historical,2249.0,506847.875,24485.988624399168
"MAPPO (fixed 60, 3 seeds)",historical,2251.0,506829.4192708333,23674.76377668768
"MAPPO (fixed 60, 3 seeds)",historical,2253.0,507469.5065104167,24278.56881955394
"MAPPO (fixed 60, 3 seeds)",historical,2255.0,508101.5282118055,24203.422229206044
"MAPPO (fixed 60, 3 seeds)",historical,2257.0,510218.8663194445,24082.792798170096
"MAPPO (fixed 60, 3 seeds)",historical,2259.0,511692.6662326388,25218.365132476873
"MAPPO (fixed 60, 3 seeds)",historical,2261.0,511952.6614583333,26993.46564964182
"MAPPO (fixed 60, 3 seeds)",historical,2263.0,510455.0416666667,27809.909544406473
"MAPPO (fixed 60, 3 seeds)",historical,2265.0,509477.3090277778,27066.673282878906
"MAPPO (fixed 60, 3 seeds)",historical,2267.0,510114.4227430555,26694.864593787624
"MAPPO (fixed 60, 3 seeds)",historical,2269.0,510220.34201388893,26039.055233960575
"MAPPO (fixed 60, 3 seeds)",historical,2271.0,509680.1861979167,26496.572914618115
"MAPPO (fixed 60, 3 seeds)",historical,2273.0,509509.38064236107,27152.70289542426
"MAPPO (fixed 60, 3 seeds)",historical,2275.0,511018.6532118055,29113.679702663147
"MAPPO (fixed 60, 3 seeds)",historical,2277.0,511353.8780381945,30723.11047080064
"MAPPO (fixed 60, 3 seeds)",historical,2279.0,512316.9848090278,31504.55698615498
"MAPPO (fixed 60, 3 seeds)",historical,2281.0,511488.4522569445,31925.876659889007
"MAPPO (fixed 60, 3 seeds)",historical,2283.0,512588.6024305555,31872.8376728516
"MAPPO (fixed 60, 3 seeds)",historical,2285.0,511404.5060763888,31937.050778058085
"MAPPO (fixed 60, 3 seeds)",historical,2287.0,509216.36284722225,31288.598748407738
"MAPPO (fixed 60, 3 seeds)",historical,2289.0,507174.703125,30952.354561210752
"MAPPO (fixed 60, 3 seeds)",historical,2291.0,506247.7651909722,29569.213206521657
"MAPPO (fixed 60, 3 seeds)",historical,2293.0,506215.7434895833,29774.39586650887
"MAPPO (fixed 60, 3 seeds)",historical,2295.0,506134.9123263888,29611.679805093852
"MAPPO (fixed 60, 3 seeds)",historical,2297.0,506912.16493055556,30920.594044921883
"MAPPO (fixed 60, 3 seeds)",historical,2299.0,508594.6050347222,31872.527139120397
"MAPPO (fixed 60, 3 seeds)",historical,2301.0,509474.0946180555,32468.07413837164
"MAPPO (fixed 60, 3 seeds)",historical,2303.0,510098.72265625,30914.520738210078
"MAPPO (fixed 60, 3 seeds)",historical,2305.0,510424.3020833333,29851.94066910394
"MAPPO (fixed 60, 3 seeds)",historical,2307.0,511948.2986111112,30264.650430725655
"MAPPO (fixed 60, 3 seeds)",historical,2309.0,513903.8441840278,32482.893433066914
"MAPPO (fixed 60, 3 seeds)",historical,2311.0,515406.6106770833,32663.390431017575
"MAPPO (fixed 60, 3 seeds)",historical,2313.0,515710.3012152778,32434.642676922194
"MAPPO (fixed 60, 3 seeds)",historical,2315.0,516165.8684895833,32347.137298983223
"MAPPO (fixed 60, 3 seeds)",historical,2317.0,516676.2673611112,32778.197550447854
"MAPPO (fixed 60, 3 seeds)",historical,2319.0,516985.6590711805,33549.72267170469
"MAPPO (fixed 60, 3 seeds)",historical,2321.0,517376.0944010417,33090.49570081713
"MAPPO (fixed 60, 3 seeds)",historical,2323.0,518609.8092447917,33245.259116858746
"MAPPO (fixed 60, 3 seeds)",historical,2325.0,519414.8263888888,33866.069488533554
"MAPPO (fixed 60, 3 seeds)",historical,2327.0,519541.8576388888,34585.5706699631
"MAPPO (fixed 60, 3 seeds)",historical,2329.0,519134.3619791667,34620.81904393487
"MAPPO (fixed 60, 3 seeds)",historical,2331.0,518441.8875868055,33114.34151672026
"MAPPO (fixed 60, 3 seeds)",historical,2333.0,518618.5021701388,32147.769438902655
"MAPPO (fixed 60, 3 seeds)",historical,2335.0,518436.7630208333,32336.480398752108
"MAPPO (fixed 60, 3 seeds)",historical,2337.0,518086.0444878472,32152.425165771685
"MAPPO (fixed 60, 3 seeds)",historical,2339.0,516530.2328559028,31944.995816630555
"MAPPO (fixed 60, 3 seeds)",historical,2341.0,514496.0883246528,31369.623294216344
"MAPPO (fixed 60, 3 seeds)",historical,2343.0,515067.8745659722,31981.212836493236
"MAPPO (fixed 60, 3 seeds)",historical,2345.0,513661.5360243055,32176.250150876782
"MAPPO (fixed 60, 3 seeds)",historical,2347.0,513011.21267361107,31972.302204755495
"MAPPO (fixed 60, 3 seeds)",historical,2349.0,510936.50477430556,31042.719090069346
"MAPPO (fixed 60, 3 seeds)",historical,2351.0,510599.65017361107,28829.772728728458
"MAPPO (fixed 60, 3 seeds)",historical,2353.0,510471.3949652778,26928.46179729658
"MAPPO (fixed 60, 3 seeds)",historical,2355.0,509837.5503472222,26625.069756445544
"MAPPO (fixed 60, 3 seeds)",historical,2357.0,509945.2677951388,26385.7450145381
"MAPPO (fixed 60, 3 seeds)",historical,2359.0,510541.44574652775,26258.07293385137
"MAPPO (fixed 60, 3 seeds)",historical,2361.0,511360.5533854167,25285.62633002016
"MAPPO (fixed 60, 3 seeds)",historical,2363.0,512589.6970486112,25761.471014009083
"MAPPO (fixed 60, 3 seeds)",historical,2365.0,512238.56814236107,24536.9259638871
"MAPPO (fixed 60, 3 seeds)",historical,2367.0,511944.5221354167,24279.039240349477
"MAPPO (fixed 60, 3 seeds)",historical,2369.0,511741.9761284722,24016.84358623321
"MAPPO (fixed 60, 3 seeds)",historical,2371.0,512013.87890625,24794.300624726646
"MAPPO (fixed 60, 3 seeds)",historical,2373.0,512386.7063802083,24039.86479134797
"MAPPO (fixed 60, 3 seeds)",historical,2375.0,512877.72157118056,24009.286630048857
"MAPPO (fixed 60, 3 seeds)",historical,2377.0,513411.3444010417,23532.212790493784
"MAPPO (fixed 60, 3 seeds)",historical,2379.0,512829.34765625,23298.693368392607
"MAPPO (fixed 60, 3 seeds)",historical,2381.0,512318.62217881944,22873.09704238775
"MAPPO (fixed 60, 3 seeds)",historical,2383.0,510764.5442708333,22585.83439149162
"MAPPO (fixed 60, 3 seeds)",historical,2385.0,511480.5451388888,23757.572875792608
"MAPPO (fixed 60, 3 seeds)",historical,2387.0,510795.60373263893,23992.04666965336
"MAPPO (fixed 60, 3 seeds)",historical,2389.0,512216.37521701393,25317.350936080424
"MAPPO (fixed 60, 3 seeds)",historical,2391.0,511207.6998697917,24912.1952580826
"MAPPO (fixed 60, 3 seeds)",historical,2393.0,511564.8179253472,24838.62995930811
"MAPPO (fixed 60, 3 seeds)",historical,2395.0,511132.70811631944,24849.26132881965
"MAPPO (fixed 60, 3 seeds)",historical,2397.0,511988.9233940972,24676.6065710522
"MAPPO (fixed 60, 3 seeds)",historical,2399.0,511513.3216145833,24257.24588410186
"MAPPO (fixed 60, 3 seeds)",historical,2401.0,512297.421875,22814.221859037094
"MAPPO (fixed 60, 3 seeds)",historical,2403.0,511776.8967013888,22556.627158552918
"MAPPO (fixed 60, 3 seeds)",historical,2405.0,510509.15386284725,22577.561229351606
"MAPPO (fixed 60, 3 seeds)",historical,2407.0,509983.3292100695,22457.27790364156
"MAPPO (fixed 60, 3 seeds)",historical,2409.0,510398.4468315972,22738.54224992727
"MAPPO (fixed 60, 3 seeds)",historical,2411.0,510683.8433159722,23026.807072862608
"MAPPO (fixed 60, 3 seeds)",historical,2413.0,511101.3530815972,23257.17651760955
"MAPPO (fixed 60, 3 seeds)",historical,2415.0,511822.7554253472,22848.893218763227
"MAPPO (fixed 60, 3 seeds)",historical,2417.0,513785.5924479167,22790.686834168286
"MAPPO (fixed 60, 3 seeds)",historical,2419.0,513464.4685329862,22675.77482970921
"MAPPO (fixed 60, 3 seeds)",historical,2421.0,513164.521484375,23218.13785701409
"MAPPO (fixed 60, 3 seeds)",historical,2423.0,513293.65277777775,23301.44117007105
"MAPPO (fixed 60, 3 seeds)",historical,2425.0,513863.1202256945,24262.96164948495
"MAPPO (fixed 60, 3 seeds)",historical,2427.0,514622.6119791667,25270.423245007038
"MAPPO (fixed 60, 3 seeds)",historical,2429.0,515076.75564236107,25846.454601193353
"MAPPO (fixed 60, 3 seeds)",historical,2431.0,514520.6953125,25772.032144583747
"MAPPO (fixed 60, 3 seeds)",historical,2433.0,514236.4609375,25464.81887170686
"MAPPO (fixed 60, 3 seeds)",historical,2435.0,513640.3259548612,26203.86232261379
"MAPPO (fixed 60, 3 seeds)",historical,2437.0,513709.1180555555,26172.110867944295
"MAPPO (fixed 60, 3 seeds)",historical,2439.0,514315.3943142362,26132.127798315338
"MAPPO (fixed 60, 3 seeds)",historical,2441.0,514915.986328125,25386.316131412703
"MAPPO (fixed 60, 3 seeds)",historical,2443.0,515551.6121961805,26433.465938521047
"MAPPO (fixed 60, 3 seeds)",historical,2445.0,515384.8880208333,25316.824078304056
"MAPPO (fixed 60, 3 seeds)",historical,2447.0,516304.2081163195,25691.90835075088
"MAPPO (fixed 60, 3 seeds)",historical,2449.0,517146.306640625,25232.16726397792
"MAPPO (fixed 60, 3 seeds)",historical,2451.0,518095.0119357638,26387.085767961966
"MAPPO (fixed 60, 3 seeds)",historical,2453.0,517330.39496527775,26624.421560271672
"MAPPO (fixed 60, 3 seeds)",historical,2455.0,517925.8285590278,26088.8097591352
"MAPPO (fixed 60, 3 seeds)",historical,2457.0,518181.06467013893,26300.138742002695
"MAPPO (fixed 60, 3 seeds)",historical,2459.0,519232.6653645833,25927.526208187635
"MAPPO (fixed 60, 3 seeds)",historical,2461.0,519657.38715277775,25550.006771823908
"MAPPO (fixed 60, 3 seeds)",historical,2463.0,519916.3888888888,25013.035233660434
"MAPPO (fixed 60, 3 seeds)",historical,2465.0,519893.0503472222,24986.642422606452
"MAPPO (fixed 60, 3 seeds)",historical,2467.0,520044.8014322917,27007.65587375987
"MAPPO (fixed 60, 3 seeds)",historical,2469.0,520098.0197482638,28826.485868431817
"MAPPO (fixed 60, 3 seeds)",historical,2471.0,520741.5549045138,30143.27026645195
"MAPPO (fixed 60, 3 seeds)",historical,2473.0,520611.8849826388,29215.315423894714
"MAPPO (fixed 60, 3 seeds)",historical,2475.0,520725.74392361107,29119.87858693176
"MAPPO (fixed 60, 3 seeds)",historical,2477.0,521765.93359375,28175.634879416695
"MAPPO (fixed 60, 3 seeds)",historical,2479.0,521734.43359375,29326.251744482237
"MAPPO (fixed 60, 3 seeds)",historical,2481.0,522670.30512152775,28865.526472259822
"MAPPO (fixed 60, 3 seeds)",historical,2483.0,522385.0529513888,28263.225843152344
"MAPPO (fixed 60, 3 seeds)",historical,2485.0,523357.8059895833,27553.34462170794
"MAPPO (fixed 60, 3 seeds)",historical,2487.0,523616.4140625,26277.526019159097
"MAPPO (fixed 60, 3 seeds)",historical,2489.0,523428.6662326388,25354.785326871057
"MAPPO (fixed 60, 3 seeds)",historical,2491.0,523384.2690972222,25343.23406891843
"MAPPO (fixed 60, 3 seeds)",historical,2493.0,523426.8567708333,26153.395211157913
"MAPPO (fixed 60, 3 seeds)",historical,2495.0,523244.7395833333,28212.852852702978
"MAPPO (fixed 60, 3 seeds)",historical,2497.0,522701.1349826388,27162.372278613322
"MAPPO (fixed 60, 3 seeds)",historical,2499.0,522094.4826388888,25701.90720335282
"MAPPO (fixed 60, 3 seeds)",historical,2501.0,521611.6475694445,24808.219939695584
"MAPPO (fixed 60, 3 seeds)",historical,2503.0,522500.84375,23918.136446163535
"MAPPO (fixed 60, 3 seeds)",historical,2505.0,523191.88671875,24809.177814863233
"MAPPO (fixed 60, 3 seeds)",historical,2507.0,523987.7144097222,23272.57569764086
"MAPPO (fixed 60, 3 seeds)",historical,2509.0,524583.3810763889,24678.397374633307
"MAPPO (fixed 60, 3 seeds)",historical,2511.0,525112.4609375,24865.70310883142
"MAPPO (fixed 60, 3 seeds)",historical,2513.0,525955.5768229166,25029.66571780716
"MAPPO (fixed 60, 3 seeds)",historical,2515.0,524576.7209201389,24894.82475115214
"MAPPO (fixed 60, 3 seeds)",historical,2517.0,524287.9084201388,23845.54871147785
"MAPPO (fixed 60, 3 seeds)",historical,2519.0,523764.4800347222,24227.556907135106
"MAPPO (fixed 60, 3 seeds)",historical,2521.0,525197.2109375,23332.80495347183
"MAPPO (fixed 60, 3 seeds)",historical,2523.0,525272.2903645834,23408.668413535863
"MAPPO (fixed 60, 3 seeds)",historical,2525.0,526260.5633680555,22181.77359345554
"MAPPO (fixed 60, 3 seeds)",historical,2527.0,526316.5503472222,20177.128029201576
"MAPPO (fixed 60, 3 seeds)",historical,2529.0,527224.9713541666,19255.409138379524
"MAPPO (fixed 60, 3 seeds)",historical,2531.0,527928.9266493056,18207.631369886705
"MAPPO (fixed 60, 3 seeds)",historical,2533.0,528165.4856770834,18718.248034925164
"MAPPO (fixed 60, 3 seeds)",historical,2535.0,528670.03515625,18578.316322933057
"MAPPO (fixed 60, 3 seeds)",historical,2537.0,529181.8046875,18273.02879311208
"MAPPO (fixed 60, 3 seeds)",historical,2539.0,529347.1744791666,17394.954760080993
"MAPPO (fixed 60, 3 seeds)",historical,2541.0,528728.8546006944,17620.277059301996
"MAPPO (fixed 60, 3 seeds)",historical,2543.0,528096.2018229166,18029.76804104514
"MAPPO (fixed 60, 3 seeds)",historical,2545.0,528585.7990451389,18257.084900307407
"MAPPO (fixed 60, 3 seeds)",historical,2547.0,530065.2673611111,16659.18274337238
"MAPPO (fixed 60, 3 seeds)",historical,2549.0,530075.1727430555,17292.932926240363
"MAPPO (fixed 60, 3 seeds)",historical,2551.0,530336.1006944445,17099.47655556646
"MAPPO (fixed 60, 3 seeds)",historical,2553.0,529214.4422743056,16486.976084568425
"MAPPO (fixed 60, 3 seeds)",historical,2555.0,529459.4665798611,16215.611768234065
"MAPPO (fixed 60, 3 seeds)",historical,2557.0,528875.8745659722,17348.33421902131
"MAPPO (fixed 60, 3 seeds)",historical,2559.0,528784.7981770834,18238.693242813628
"MAPPO (fixed 60, 3 seeds)",historical,2561.0,529088.0086805556,17434.189406842685
"MAPPO (fixed 60, 3 seeds)",historical,2563.0,530213.6458333334,17611.669103508953
"MAPPO (fixed 60, 3 seeds)",historical,2565.0,531481.1254340279,17762.243424300785
"MAPPO (fixed 60, 3 seeds)",historical,2567.0,533042.9574652778,17685.125451795313
"MAPPO (fixed 60, 3 seeds)",historical,2569.0,533015.265625,16889.727528391573
"MAPPO (fixed 60, 3 seeds)",historical,2571.0,532828.1401909721,16869.336336600056
"MAPPO (fixed 60, 3 seeds)",historical,2573.0,531574.3780381944,17308.655607236255
"MAPPO (fixed 60, 3 seeds)",historical,2575.0,532823.1219618055,17031.765189136677
"MAPPO (fixed 60, 3 seeds)",historical,2577.0,533887.3237847222,18223.469911848522
"MAPPO (fixed 60, 3 seeds)",historical,2579.0,534105.0941840278,18197.596836749504
"MAPPO (fixed 60, 3 seeds)",historical,2581.0,533030.3072916666,18668.082309148223
"MAPPO (fixed 60, 3 seeds)",historical,2583.0,531318.6636284724,16552.844622370172
"MAPPO (fixed 60, 3 seeds)",historical,2585.0,530713.5230034721,15976.866348017687
"MAPPO (fixed 60, 3 seeds)",historical,2587.0,530269.7282986111,15508.342203970202
"MAPPO (fixed 60, 3 seeds)",historical,2589.0,531288.1215277778,17484.108655910688
"MAPPO (fixed 60, 3 seeds)",historical,2591.0,532163.5490451389,18878.466678658773
"MAPPO (fixed 60, 3 seeds)",historical,2593.0,532714.5850694444,18509.25324854763
"MAPPO (fixed 60, 3 seeds)",historical,2595.0,533898.3146701389,17841.983114524377
"MAPPO (fixed 60, 3 seeds)",historical,2597.0,534483.8923611111,17504.94025014208
"MAPPO (fixed 60, 3 seeds)",historical,2599.0,535805.8611111111,17389.05836628206
"MAPPO (fixed 60, 3 seeds)",historical,2601.0,536200.1102430556,17053.293509087365
"MAPPO (fixed 60, 3 seeds)",historical,2603.0,537741.7239583334,17176.04817780383
"MAPPO (fixed 60, 3 seeds)",historical,2605.0,537985.1506076389,17426.70584924307
"MAPPO (fixed 60, 3 seeds)",historical,2607.0,538844.2960069445,17467.53120796294
"MAPPO (fixed 60, 3 seeds)",historical,2609.0,538265.0186631945,17510.48635618859
"MAPPO (fixed 60, 3 seeds)",historical,2611.0,538106.5785590279,18730.250986750932
"MAPPO (fixed 60, 3 seeds)",historical,2613.0,537669.6532118056,18142.785061127914
"MAPPO (fixed 60, 3 seeds)",historical,2615.0,538066.0581597222,18025.959889922495
"MAPPO (fixed 60, 3 seeds)",historical,2617.0,539110.2838541666,17457.86226507173
"MAPPO (fixed 60, 3 seeds)",historical,2619.0,539243.8142361111,18553.219998792545
"MAPPO (fixed 60, 3 seeds)",historical,2621.0,539572.9639756944,18806.177486510845
"MAPPO (fixed 60, 3 seeds)",historical,2623.0,538432.6736111111,18931.050140784566
"MAPPO (fixed 60, 3 seeds)",historical,2625.0,537317.0308159722,18867.81619285243
"MAPPO (fixed 60, 3 seeds)",historical,2627.0,537203.4817708334,19646.882405811855
"MAPPO (fixed 60, 3 seeds)",historical,2629.0,537425.4704861111,19676.099909288227
"MAPPO (fixed 60, 3 seeds)",historical,2631.0,537872.2712673611,19345.128774368102
"MAPPO (fixed 60, 3 seeds)",historical,2633.0,538980.7608506945,18693.90325856474
"MAPPO (fixed 60, 3 seeds)",historical,2635.0,538731.3263888889,20003.366197799427
"MAPPO (fixed 60, 3 seeds)",historical,2637.0,539428.2734375,20995.264171240386
"MAPPO (fixed 60, 3 seeds)",historical,2639.0,538603.0377604166,20904.908274182562
"MAPPO (fixed 60, 3 seeds)",historical,2641.0,539364.6684027778,18261.604859636616
"MAPPO (fixed 60, 3 seeds)",historical,2643.0,539936.9058159721,18200.61392740454
"MAPPO (fixed 60, 3 seeds)",historical,2645.0,539614.2942708334,17452.681554251198
"MAPPO (fixed 60, 3 seeds)",historical,2647.0,540066.2743055556,17432.788463017743
"MAPPO (fixed 60, 3 seeds)",historical,2649.0,539566.7634548611,16602.330087716033
"MAPPO (fixed 60, 3 seeds)",historical,2651.0,538556.4322916666,15937.072649374557
"MAPPO (fixed 60, 3 seeds)",historical,2653.0,538935.8489583334,16512.655369111122
"MAPPO (fixed 60, 3 seeds)",historical,2655.0,539372.322482639,15767.422306235043
"MAPPO (fixed 60, 3 seeds)",historical,2657.0,542035.7795138889,15523.1369346657
"MAPPO (fixed 60, 3 seeds)",historical,2659.0,542778.6974826389,14709.559250980023
"MAPPO (fixed 60, 3 seeds)",historical,2661.0,543226.782986111,15869.18156635149
"MAPPO (fixed 60, 3 seeds)",historical,2663.0,542074.3372395834,16849.41311625335
"MAPPO (fixed 60, 3 seeds)",historical,2665.0,540714.9900173611,18410.127363847965
"MAPPO (fixed 60, 3 seeds)",historical,2667.0,539988.8841145834,18124.718178536146
"MAPPO (fixed 60, 3 seeds)",historical,2669.0,539069.5499131945,17791.35720539862
"MAPPO (fixed 60, 3 seeds)",historical,2671.0,538987.8528645834,16333.192777761318
"MAPPO (fixed 60, 3 seeds)",historical,2673.0,538320.5490451389,16020.941073590593
"MAPPO (fixed 60, 3 seeds)",historical,2675.0,538150.0104166666,16155.554040571718
"MAPPO (fixed 60, 3 seeds)",historical,2677.0,539322.5282118056,16973.499772658197
"MAPPO (fixed 60, 3 seeds)",historical,2679.0,539716.58203125,18195.617193969218
"MAPPO (fixed 60, 3 seeds)",historical,2681.0,540157.0594618055,18833.77565590175
"MAPPO (fixed 60, 3 seeds)",historical,2683.0,539113.9162326389,18897.16993860498
"MAPPO (fixed 60, 3 seeds)",historical,2685.0,539235.7760416666,18793.06407742132
"MAPPO (fixed 60, 3 seeds)",historical,2687.0,538599.6011284721,19169.26469221215
"MAPPO (fixed 60, 3 seeds)",historical,2689.0,539603.3897569444,19267.569004344274
"MAPPO (fixed 60, 3 seeds)",historical,2691.0,537015.6536458334,17808.317687662027
"MAPPO (fixed 60, 3 seeds)",historical,2693.0,537526.4535590278,16769.857592134074
"MAPPO (fixed 60, 3 seeds)",historical,2695.0,535485.23046875,16999.18181530856
"MAPPO (fixed 60, 3 seeds)",historical,2697.0,537438.9522569445,18442.177956033804
"MAPPO (fixed 60, 3 seeds)",historical,2699.0,537492.3294270834,19387.845308005777
"MAPPO (fixed 60, 3 seeds)",historical,2701.0,538722.37109375,20186.014109204385
"MAPPO (fixed 60, 3 seeds)",historical,2703.0,537736.8046875,19544.139937841388
"MAPPO (fixed 60, 3 seeds)",historical,2705.0,537064.6497395834,20416.668454206316
"MAPPO (fixed 60, 3 seeds)",historical,2707.0,536069.4969618055,20010.769836865813
"MAPPO (fixed 60, 3 seeds)",historical,2709.0,537200.9874131945,20312.86027577143
"MAPPO (fixed 60, 3 seeds)",historical,2711.0,537889.1002604166,19151.928357878918
"MAPPO (fixed 60, 3 seeds)",historical,2713.0,538287.2595486111,18558.381503522178
"MAPPO (fixed 60, 3 seeds)",historical,2715.0,538271.2855902779,18085.87670991971
"MAPPO (fixed 60, 3 seeds)",historical,2717.0,538019.0464409722,19474.162336580488
"MAPPO (fixed 60, 3 seeds)",historical,2719.0,537932.3745659721,20328.499564830792
"MAPPO (fixed 60, 3 seeds)",historical,2721.0,537989.0950520834,21298.626553832
"MAPPO (fixed 60, 3 seeds)",historical,2723.0,536961.7894965279,21008.848317693737
"MAPPO (fixed 60, 3 seeds)",historical,2725.0,537848.7109375,21131.59278820445
"MAPPO (fixed 60, 3 seeds)",historical,2727.0,538318.7942708334,20444.091254554696
"MAPPO (fixed 60, 3 seeds)",historical,2729.0,540028.4761284721,20311.831494767805
"MAPPO (fixed 60, 3 seeds)",historical,2731.0,538828.2964409721,20881.230220958914
"MAPPO (fixed 60, 3 seeds)",historical,2733.0,538506.1475694445,20817.020615700723
"MAPPO (fixed 60, 3 seeds)",historical,2735.0,536610.3767361111,21443.660978535474
"MAPPO (fixed 60, 3 seeds)",historical,2737.0,536416.1423611111,18279.19046394622
"MAPPO (fixed 60, 3 seeds)",historical,2739.0,536131.2000868055,17021.602957688425
"MAPPO (fixed 60, 3 seeds)",historical,2741.0,536155.8159722221,14401.583664082602
"MAPPO (fixed 60, 3 seeds)",historical,2743.0,535602.9071180555,14582.12840113094
"MAPPO (fixed 60, 3 seeds)",historical,2745.0,534432.5763888889,16162.319661566984
"MAPPO (fixed 60, 3 seeds)",historical,2747.0,536325.8151041666,15859.513661035737
"MAPPO (fixed 60, 3 seeds)",historical,2749.0,537851.2065972224,17156.52605385857
"MAPPO (fixed 60, 3 seeds)",historical,2751.0,538385.6736111111,16261.581095971851
"MAPPO (fixed 60, 3 seeds)",historical,2753.0,537402.3229166666,16920.178237050117
"MAPPO (fixed 60, 3 seeds)",historical,2755.0,536550.6067708334,16694.633655733294
"MAPPO (fixed 60, 3 seeds)",historical,2757.0,537247.1714409721,16865.575414616254
"MAPPO (fixed 60, 3 seeds)",historical,2759.0,538008.4210069445,17778.74294519927
"MAPPO (fixed 60, 3 seeds)",historical,2761.0,538736.21484375,18465.51058214574
"MAPPO (fixed 60, 3 seeds)",historical,2763.0,537985.4171006945,17860.364989519017
"MAPPO (fixed 60, 3 seeds)",historical,2765.0,535628.5143229166,19139.517017364542
"MAPPO (fixed 60, 3 seeds)",historical,2767.0,534579.7365451389,19144.779173066516
"MAPPO (fixed 60, 3 seeds)",historical,2769.0,535327.4926215279,20603.358854135724
"MAPPO (fixed 60, 3 seeds)",historical,2771.0,537276.0494791666,19209.27359704771
"MAPPO (fixed 60, 3 seeds)",historical,2773.0,537200.04296875,18791.448218325357
"MAPPO (fixed 60, 3 seeds)",historical,2775.0,536015.2269965279,17128.61811296984
"MAPPO (fixed 60, 3 seeds)",historical,2777.0,533886.6137152779,16129.834014003669
"MAPPO (fixed 60, 3 seeds)",historical,2779.0,534022.5946180556,16422.738928923995
"MAPPO (fixed 60, 3 seeds)",historical,2781.0,532901.4735243055,18193.971048638552
"MAPPO (fixed 60, 3 seeds)",historical,2783.0,533378.9205729166,18183.886095614227
"MAPPO (fixed 60, 3 seeds)",historical,2785.0,532674.8758680555,18154.659950190155
"MAPPO (fixed 60, 3 seeds)",historical,2787.0,533593.2092013889,17070.697996074956
"MAPPO (fixed 60, 3 seeds)",historical,2789.0,532938.5499131945,16869.775194714886
"MAPPO (fixed 60, 3 seeds)",historical,2791.0,532461.7039930556,16368.008842756923
"MAPPO (fixed 60, 3 seeds)",historical,2793.0,532260.9691840279,14560.627951243696
"MAPPO (fixed 60, 3 seeds)",historical,2795.0,531589.2387152779,14073.941133924318
"MAPPO (fixed 60, 3 seeds)",historical,2797.0,531191.2877604166,13861.598335747509
"MAPPO (fixed 60, 3 seeds)",historical,2799.0,528979.5464409721,14492.576236222378
"MAPPO (fixed 60, 3 seeds)",historical,2801.0,528926.2638888889,15608.225919914743
"MAPPO (fixed 60, 3 seeds)",historical,2803.0,528706.8650173611,15817.631776636583
"MAPPO (fixed 60, 3 seeds)",historical,2805.0,530110.0329861111,17616.50585023227
"MAPPO (fixed 60, 3 seeds)",historical,2807.0,529834.6150173611,17788.81801491434
"MAPPO (fixed 60, 3 seeds)",historical,2809.0,529580.8342013889,17969.925365006955
"MAPPO (fixed 60, 3 seeds)",historical,2811.0,528903.5026041666,17024.649820733754
"MAPPO (fixed 60, 3 seeds)",historical,2813.0,529384.2131076389,16658.77797715702
"MAPPO (fixed 60, 3 seeds)",historical,2815.0,529865.8815104166,15709.888029522375
"MAPPO (fixed 60, 3 seeds)",historical,2817.0,530919.8151041666,15801.452901746161
"MAPPO (fixed 60, 3 seeds)",historical,2819.0,532409.79296875,16068.760825175876
"MAPPO (fixed 60, 3 seeds)",historical,2821.0,531616.4474826389,17506.015072001795
"MAPPO (fixed 60, 3 seeds)",historical,2823.0,530544.3424479166,18215.701710667534
"MAPPO (fixed 60, 3 seeds)",historical,2825.0,530734.8910590279,18287.712249237764
"MAPPO (fixed 60, 3 seeds)",historical,2827.0,533799.1089409721,18044.126207415455
"MAPPO (fixed 60, 3 seeds)",historical,2829.0,535483.7934027778,17066.487514782137
"MAPPO (fixed 60, 3 seeds)",historical,2831.0,534117.05078125,16917.3780270334
"MAPPO (fixed 60, 3 seeds)",historical,2833.0,532205.10546875,17205.713735821642
"MAPPO (fixed 60, 3 seeds)",historical,2835.0,530995.2634548611,17808.409391555368
"MAPPO (fixed 60, 3 seeds)",historical,2837.0,531618.9526909721,17899.44633580798
"MAPPO (fixed 60, 3 seeds)",historical,2839.0,531613.08203125,16858.6378613297
"MAPPO (fixed 60, 3 seeds)",historical,2841.0,533762.6215277779,16361.185618224477
"MAPPO (fixed 60, 3 seeds)",historical,2843.0,533802.1775173611,17761.314071931323
"MAPPO (fixed 60, 3 seeds)",historical,2845.0,534493.0217013889,18736.92923525992
"MAPPO (fixed 60, 3 seeds)",historical,2847.0,533942.49609375,19263.849569378355
"MAPPO (fixed 60, 3 seeds)",historical,2849.0,535742.3971354166,17495.40254097695
"MAPPO (fixed 60, 3 seeds)",historical,2851.0,535528.6996527779,17845.535412330006
"MAPPO (fixed 60, 3 seeds)",historical,2853.0,536451.1067708334,16839.994657836854
"MAPPO (fixed 60, 3 seeds)",historical,2855.0,535755.0221354166,17821.435796162456
"MAPPO (fixed 60, 3 seeds)",historical,2857.0,537306.0520833334,17689.48059803947
"MAPPO (fixed 60, 3 seeds)",historical,2859.0,536463.8550347221,17689.77974953264
"MAPPO (fixed 60, 3 seeds)",historical,2861.0,536067.6875,16291.517151723876
"MAPPO (fixed 60, 3 seeds)",historical,2863.0,535141.0889756945,15835.718108079816
"MAPPO (fixed 60, 3 seeds)",historical,2865.0,536205.6002604166,17023.297574800847
"MAPPO (fixed 60, 3 seeds)",historical,2867.0,537472.4487847224,18171.038123278868
"MAPPO (fixed 60, 3 seeds)",historical,2869.0,538169.5703125,18549.21741571014
"MAPPO (fixed 60, 3 seeds)",historical,2871.0,537765.1888020834,17825.875022469023
"MAPPO (fixed 60, 3 seeds)",historical,2873.0,537761.1883680556,17316.1885763072
"MAPPO (fixed 60, 3 seeds)",historical,2875.0,537801.3142361111,16784.312291989958
"MAPPO (fixed 60, 3 seeds)",historical,2877.0,537907.3333333334,16336.796270874236
"MAPPO (fixed 60, 3 seeds)",historical,2879.0,538107.1957465279,16729.124783000676
"MAPPO (fixed 60, 3 seeds)",historical,2881.0,538003.41796875,16311.487704806184
"MAPPO (fixed 60, 3 seeds)",historical,2883.0,537521.23828125,16479.733087862714
"MAPPO (fixed 60, 3 seeds)",historical,2885.0,537729.1076388889,15546.100764623865
"MAPPO (fixed 60, 3 seeds)",historical,2887.0,537657.546875,15238.773413944555
"MAPPO (fixed 60, 3 seeds)",historical,2889.0,538547.6202256945,15852.640628535259
"MAPPO (fixed 60, 3 seeds)",historical,2891.0,539531.036892361,16001.870937549931
"MAPPO (fixed 60, 3 seeds)",historical,2893.0,540154.5946180556,15665.512098873665
"MAPPO (fixed 60, 3 seeds)",historical,2895.0,539524.9769965279,14624.969097769468
"MAPPO (fixed 60, 3 seeds)",historical,2897.0,538785.1228298611,14430.923501144587
"MAPPO (fixed 60, 3 seeds)",historical,2899.0,538975.9244791666,14226.401698603073
"MAPPO (fixed 60, 3 seeds)",historical,2901.0,539767.4075520834,13998.278330134744
"MAPPO (fixed 60, 3 seeds)",historical,2903.0,539637.2621527776,14757.915955399827
"MAPPO (fixed 60, 3 seeds)",historical,2905.0,539672.5655381944,16618.531984758807
"MAPPO (fixed 60, 3 seeds)",historical,2907.0,539262.9609375,17541.870073381295
"MAPPO (fixed 60, 3 seeds)",historical,2909.0,539604.6011284722,17394.807538434256
"MAPPO (fixed 60, 3 seeds)",historical,2911.0,540361.6697048611,16032.617989782646
"MAPPO (fixed 60, 3 seeds)",historical,2913.0,540396.9748263889,15098.572396153635
"MAPPO (fixed 60, 3 seeds)",historical,2915.0,539864.5746527778,14049.165781754253
"MAPPO (fixed 60, 3 seeds)",historical,2917.0,538244.4574652779,14293.143256688514
"MAPPO (fixed 60, 3 seeds)",historical,2919.0,538688.2725694445,14957.851274113646
"MAPPO (fixed 60, 3 seeds)",historical,2921.0,538957.4817708334,15879.226306202421
"MAPPO (fixed 60, 3 seeds)",historical,2923.0,540524.3576388889,15471.239182887843
"MAPPO (fixed 60, 3 seeds)",historical,2925.0,541169.8125,15379.396946352017
"MAPPO (fixed 60, 3 seeds)",historical,2927.0,541037.4296875,13953.102404696006
"MAPPO (fixed 60, 3 seeds)",historical,2929.0,540689.9331597221,13181.402736638838
"MAPPO (fixed 60, 3 seeds)",historical,2931.0,539682.8515625,12566.721095494118
"MAPPO (fixed 60, 3 seeds)",historical,2933.0,539866.90625,12756.731798280049
"MAPPO (fixed 60, 3 seeds)",historical,2935.0,540177.9861111111,14259.278489076385
"MAPPO (fixed 60, 3 seeds)",historical,2937.0,539303.1362847221,15919.449771208812
"MAPPO (fixed 60, 3 seeds)",historical,2939.0,539852.2986111111,16821.198628788487
"MAPPO (fixed 60, 3 seeds)",historical,2941.0,539392.4001736111,15413.40127919001
"MAPPO (fixed 60, 3 seeds)",historical,2943.0,541616.5598958334,14632.61821620379
"MAPPO (fixed 60, 3 seeds)",historical,2945.0,541200.8871527779,14326.931469108506
"MAPPO (fixed 60, 3 seeds)",historical,2947.0,540995.662326389,15314.914255372189
"MAPPO (fixed 60, 3 seeds)",historical,2949.0,540960.0868055555,14193.646273804554
"MAPPO (fixed 60, 3 seeds)",historical,2951.0,540635.6189236111,13769.78026424433
"MAPPO (fixed 60, 3 seeds)",historical,2953.0,540454.3741319445,13029.232587333212
"MAPPO (fixed 60, 3 seeds)",historical,2955.0,540496.046875,12771.085149330209
"MAPPO (fixed 60, 3 seeds)",historical,2957.0,541540.4756944445,12833.435729375053
"MAPPO (fixed 60, 3 seeds)",historical,2959.0,542390.5034722221,12435.986345026311
"MAPPO (fixed 60, 3 seeds)",historical,2961.0,541194.2621527779,12840.688325391324
"MAPPO (fixed 60, 3 seeds)",historical,2963.0,540115.4175347224,12449.595255473652
"MAPPO (fixed 60, 3 seeds)",historical,2965.0,541253.9809027779,11521.424442709182
"MAPPO (fixed 60, 3 seeds)",historical,2967.0,541930.5729166666,11652.810255339933
"MAPPO (fixed 60, 3 seeds)",historical,2969.0,542640.0633680555,11186.584775805453
"MAPPO (fixed 60, 3 seeds)",historical,2971.0,541901.4696180555,11833.101603736453
"MAPPO (fixed 60, 3 seeds)",historical,2973.0,542113.2473958334,11280.423277983047
"MAPPO (fixed 60, 3 seeds)",historical,2975.0,541217.1501736111,11559.98859895538
"MAPPO (fixed 60, 3 seeds)",historical,2977.0,540821.7317708334,12242.047943536756
"MAPPO (fixed 60, 3 seeds)",historical,2979.0,541663.9713541666,11039.360108532039
"MAPPO (fixed 60, 3 seeds)",historical,2981.0,542299.6362847222,10549.260672498987
"MAPPO (fixed 60, 3 seeds)",historical,2983.0,542127.8480902779,8989.327411206268
"MAPPO (fixed 60, 3 seeds)",historical,2985.0,540879.2178819445,9384.620538885623
"MAPPO (fixed 60, 3 seeds)",historical,2987.0,540771.9913194444,9776.387698357006
"MAPPO (fixed 60, 3 seeds)",historical,2989.0,539934.4513888889,10772.480200811322
"MAPPO (fixed 60, 3 seeds)",historical,2991.0,540034.5598958334,10948.55437689122
"MAPPO (fixed 60, 3 seeds)",historical,2993.0,539057.6901041666,10678.372727233549
"MAPPO (fixed 60, 3 seeds)",historical,2995.0,539589.1319444445,10496.364690908962
"MAPPO (fixed 60, 3 seeds)",historical,2997.0,537717.6875,10728.008077773056
"MAPPO (fixed 60, 3 seeds)",historical,2999.0,538662.7300347221,9378.032005565923
"MAPPO (fixed 60, 3 seeds)",historical,3001.0,539631.6310763889,8863.817414995565
"MAPPO (fixed 60, 3 seeds)",historical,3003.0,540722.2578125,9416.166941753836
"MAPPO (fixed 60, 3 seeds)",historical,3005.0,539499.0138888889,9928.319562191067
"MAPPO (fixed 60, 3 seeds)",historical,3007.0,538677.8732638889,9211.766945621015
"MAPPO (fixed 60, 3 seeds)",historical,3009.0,538733.5850694445,8896.004973677058
"MAPPO (fixed 60, 3 seeds)",historical,3011.0,539303.2421875,9545.889215165902
"MAPPO (fixed 60, 3 seeds)",historical,3013.0,538462.0720486111,11826.948715467028
"MAPPO (fixed 60, 3 seeds)",historical,3015.0,538705.6319444444,11998.652978013584
"MAPPO (fixed 60, 3 seeds)",historical,3017.0,539175.9340277779,12190.50000977498
"MAPPO (fixed 60, 3 seeds)",historical,3019.0,539862.3142361111,10998.136728034651
"MAPPO (fixed 60, 3 seeds)",historical,3021.0,540457.2821180555,10769.921776397332
"MAPPO (fixed 60, 3 seeds)",historical,3023.0,540445.209201389,10713.412105046864
"MAPPO (fixed 60, 3 seeds)",historical,3025.0,541773.4739583334,11923.410873969651
"MAPPO (fixed 60, 3 seeds)",historical,3027.0,542220.6423611111,13674.496515745328
"MAPPO (fixed 60, 3 seeds)",historical,3029.0,541632.3914930555,13884.13952981177
"MAPPO (fixed 60, 3 seeds)",historical,3031.0,540242.068576389,14756.615789242655
"MAPPO (fixed 60, 3 seeds)",historical,3033.0,540268.0390625,15370.416578373179
"MAPPO (fixed 60, 3 seeds)",historical,3035.0,542055.9279513889,16787.426068807574
"MAPPO (fixed 60, 3 seeds)",historical,3037.0,541729.9774305555,15970.62757751813
"MAPPO (fixed 60, 3 seeds)",historical,3039.0,541515.6414930556,15882.734774421406
"MAPPO (fixed 60, 3 seeds)",historical,3041.0,540397.6137152779,15798.468120178386
"MAPPO (fixed 60, 3 seeds)",historical,3043.0,540422.6388888889,17703.940942222664
"MAPPO (fixed 60, 3 seeds)",historical,3045.0,540894.9626736111,19311.11090947006
"MAPPO (fixed 60, 3 seeds)",historical,3047.0,541186.9696180555,20742.43011672398
"MAPPO (fixed 60, 3 seeds)",historical,3049.0,542045.2473958334,18763.620921263497
"MAPPO (fixed 60, 3 seeds)",historical,3051.0,540804.0737847221,17034.664604073318
"MAPPO (fixed 60, 3 seeds)",historical,3053.0,541300.59375,16431.704789232735
"MAPPO (fixed 60, 3 seeds)",historical,3055.0,541164.6223958334,18973.872458815695
"MAPPO (fixed 60, 3 seeds)",historical,3057.0,541297.5199652779,19441.71540037376
"MAPPO (fixed 60, 3 seeds)",historical,3059.0,540890.892361111,18881.806024152593
"MAPPO (fixed 60, 3 seeds)",historical,3061.0,540320.140625,17987.895089763806
"MAPPO (fixed 60, 3 seeds)",historical,3063.0,539969.6909722221,18222.30469794802
"MAPPO (fixed 60, 3 seeds)",historical,3065.0,539046.4809027778,19341.66775924933
"MAPPO (fixed 60, 3 seeds)",historical,3067.0,539377.1475694444,18688.37673146932
"MAPPO (fixed 60, 3 seeds)",historical,3069.0,539721.3125,17657.579747199223
"MAPPO (fixed 60, 3 seeds)",historical,3071.0,540424.1388888889,16220.955809552468
"MAPPO (fixed 60, 3 seeds)",historical,3073.0,540007.7960069444,16230.111997372316
"MAPPO (fixed 60, 3 seeds)",historical,3075.0,539823.6527777779,16341.12839191722
"MAPPO (fixed 60, 3 seeds)",historical,3077.0,539226.953125,15546.762002152693
"MAPPO (fixed 60, 3 seeds)",historical,3079.0,539873.3567708334,15444.18257203312
"MAPPO (fixed 60, 3 seeds)",historical,3081.0,539725.1276041666,15922.108623759219
"MAPPO (fixed 60, 3 seeds)",historical,3083.0,540230.6684027776,15597.600216329934
"MAPPO (fixed 60, 3 seeds)",historical,3085.0,537756.9253472221,15186.477222591608
"MAPPO (fixed 60, 3 seeds)",historical,3087.0,537875.0772569444,15127.107900124609
"MAPPO (fixed 60, 3 seeds)",historical,3089.0,537530.8767361111,16006.75660476588
"MAPPO (fixed 60, 3 seeds)",historical,3091.0,539884.0581597222,16020.2837796994
"MAPPO (fixed 60, 3 seeds)",historical,3093.0,540651.5381944445,16037.661615316481
"MAPPO (fixed 60, 3 seeds)",historical,3095.0,540963.623263889,15174.174516933268
"MAPPO (fixed 60, 3 seeds)",historical,3097.0,540399.1180555556,15411.071547994854
"MAPPO (fixed 60, 3 seeds)",historical,3099.0,539572.9210069445,14126.223896083286
"MAPPO (fixed 60, 3 seeds)",historical,3101.0,539019.4500868055,15213.718126814769
"MAPPO (fixed 60, 3 seeds)",historical,3103.0,538789.9761284721,13658.671956661197
"MAPPO (fixed 60, 3 seeds)",historical,3105.0,538990.5247395834,12332.54340273719
"MAPPO (fixed 60, 3 seeds)",historical,3107.0,539606.1137152779,11644.163291380404
"MAPPO (fixed 60, 3 seeds)",historical,3109.0,539646.9409722224,13193.513426469983
"MAPPO (fixed 60, 3 seeds)",historical,3111.0,540346.1184895834,15247.136708460643
"MAPPO (fixed 60, 3 seeds)",historical,3113.0,539081.2061631945,14700.552600548486
"MAPPO (fixed 60, 3 seeds)",historical,3115.0,539852.4175347221,15376.793002695775
"MAPPO (fixed 60, 3 seeds)",historical,3117.0,539987.3055555555,15518.836623208344
"MAPPO (fixed 60, 3 seeds)",historical,3119.0,542134.9348958334,14289.595472491726
"MAPPO (fixed 60, 3 seeds)",historical,3121.0,542331.8207465279,12835.380301438508
"MAPPO (fixed 60, 3 seeds)",historical,3123.0,542393.6896701389,12710.238654342047
"MAPPO (fixed 60, 3 seeds)",historical,3125.0,541742.7165798611,13893.08334957792
"MAPPO (fixed 60, 3 seeds)",historical,3127.0,541490.48828125,13355.758431599395
"MAPPO (fixed 60, 3 seeds)",historical,3129.0,540567.3919270834,13404.023889732427
"MAPPO (fixed 60, 3 seeds)",historical,3131.0,539937.8133680556,12755.844071891548
"MAPPO (fixed 60, 3 seeds)",historical,3133.0,540013.2013888889,11414.697596419357
"MAPPO (fixed 60, 3 seeds)",historical,3135.0,540136.2990451389,9429.4708487715
"MAPPO (fixed 60, 3 seeds)",historical,3137.0,539268.6501736111,9085.221288225783
"MAPPO (fixed 60, 3 seeds)",historical,3139.0,538431.9305555555,10083.675384134342
"MAPPO (fixed 60, 3 seeds)",historical,3141.0,537674.9822048611,10221.136142235653
"MAPPO (fixed 60, 3 seeds)",historical,3143.0,538165.5568576389,9762.534534039609
"MAPPO (fixed 60, 3 seeds)",historical,3145.0,538058.2005208334,9281.378310802738
"MAPPO (fixed 60, 3 seeds)",historical,3147.0,537837.3268229166,8719.615758054551
"MAPPO (fixed 60, 3 seeds)",historical,3149.0,537221.4713541666,8664.323457309936
"MAPPO (fixed 60, 3 seeds)",historical,3151.0,537375.8311631945,8081.117719695588
"MAPPO (fixed 60, 3 seeds)",historical,3153.0,538419.9765625,7284.999725163863
"MAPPO (fixed 60, 3 seeds)",historical,3155.0,538897.7057291666,6407.613742233604
"MAPPO (fixed 60, 3 seeds)",historical,3157.0,538282.7730034721,6690.444757564055
"MAPPO (fixed 60, 3 seeds)",historical,3159.0,537764.2013888889,7278.154593303368
"MAPPO (fixed 60, 3 seeds)",historical,3161.0,537843.2634548611,6866.277643274225
"MAPPO (fixed 60, 3 seeds)",historical,3163.0,538680.7248263889,6342.847870594341
"MAPPO (fixed 60, 3 seeds)",historical,3165.0,539437.6215277779,5829.564342693716
"MAPPO (fixed 60, 3 seeds)",historical,3167.0,539820.9678819445,6748.099615009468
"MAPPO (fixed 60, 3 seeds)",historical,3169.0,538825.37109375,8683.17363539232
"MAPPO (fixed 60, 3 seeds)",historical,3171.0,538686.4878472221,9352.54542115099
"MAPPO (fixed 60, 3 seeds)",historical,3173.0,538192.2782118055,10999.770321465621
"MAPPO (fixed 60, 3 seeds)",historical,3175.0,538960.1323784721,10723.112888593314
"MAPPO (fixed 60, 3 seeds)",historical,3177.0,537848.3072916666,11679.908321398774
"MAPPO (fixed 60, 3 seeds)",historical,3179.0,538068.90234375,11694.886324888901
"MAPPO (fixed 60, 3 seeds)",historical,3181.0,537389.6527777779,12316.616350580072
"MAPPO (fixed 60, 3 seeds)",historical,3183.0,537218.4071180556,12339.553696043697
"MAPPO (fixed 60, 3 seeds)",historical,3185.0,536746.0347222221,12728.303858960982
"MAPPO (fixed 60, 3 seeds)",historical,3187.0,537012.7782118055,12415.805959715515
"MAPPO (fixed 60, 3 seeds)",historical,3189.0,537972.0299479166,11507.933076276266
"MAPPO (fixed 60, 3 seeds)",historical,3191.0,538679.8771701389,9786.612747717385
"MAPPO (fixed 60, 3 seeds)",historical,3193.0,538793.1909722222,8971.442187616567
"MAPPO (fixed 60, 3 seeds)",historical,3195.0,538483.2335069444,8548.397088095177
"MAPPO (fixed 60, 3 seeds)",historical,3197.0,538208.7239583334,8888.109270103632
"MAPPO (fixed 60, 3 seeds)",historical,3199.0,538925.2109375,8836.893769377632
"MAPPO (fixed 60, 3 seeds)",historical,3201.0,539578.2647569444,8855.276795332007
"MAPPO (fixed 60, 3 seeds)",historical,3203.0,539622.3328993055,8262.764615657108
"MAPPO (fixed 60, 3 seeds)",historical,3205.0,538071.0160590276,8609.975421736966
"MAPPO (fixed 60, 3 seeds)",historical,3207.0,538033.4088541666,8811.018849461088
"MAPPO (fixed 60, 3 seeds)",historical,3209.0,538214.9105902779,8567.021880008693
"MAPPO (fixed 60, 3 seeds)",historical,3211.0,539296.412326389,8331.327504251758
"MAPPO (fixed 60, 3 seeds)",historical,3213.0,539234.9075520834,8551.867721278903
"MAPPO (fixed 60, 3 seeds)",historical,3215.0,539862.9270833334,10095.243624178673
"MAPPO (fixed 60, 3 seeds)",historical,3217.0,541381.2725694445,10098.079864920252
"MAPPO (fixed 60, 3 seeds)",historical,3219.0,541409.9943576389,9433.100117201619
"MAPPO (fixed 60, 3 seeds)",historical,3221.0,541808.1323784721,7587.892918990806
"MAPPO (fixed 60, 3 seeds)",historical,3223.0,542273.8177083334,8032.457796770217
"MAPPO (fixed 60, 3 seeds)",historical,3225.0,542554.282986111,9207.79641161553
"MAPPO (fixed 60, 3 seeds)",historical,3227.0,542129.0473090279,10823.25598978094
"MAPPO (fixed 60, 3 seeds)",historical,3229.0,541167.5625,12290.671723171967
"MAPPO (fixed 60, 3 seeds)",historical,3231.0,541045.5690104166,12399.87107758324
"MAPPO (fixed 60, 3 seeds)",historical,3233.0,541642.3268229166,12282.764171113806
"MAPPO (fixed 60, 3 seeds)",historical,3235.0,541451.4435763889,10884.020149558071
"MAPPO (fixed 60, 3 seeds)",historical,3237.0,541298.1987847221,11117.305559026043
"MAPPO (fixed 60, 3 seeds)",historical,3239.0,540706.1046006944,11474.566824257416
"MAPPO (fixed 60, 3 seeds)",historical,3241.0,540856.185763889,11796.379708185954
"MAPPO (fixed 60, 3 seeds)",historical,3243.0,542613.3428819445,11666.265678166066
"MAPPO (fixed 60, 3 seeds)",historical,3245.0,543719.5052083334,12046.375945542703
"MAPPO (fixed 60, 3 seeds)",historical,3247.0,544936.5763888889,11585.111757400993
"MAPPO (fixed 60, 3 seeds)",historical,3249.0,544494.3680555556,11306.660866396878
"MAPPO (fixed 60, 3 seeds)",historical,3251.0,544888.142361111,10818.68128388224
"MAPPO (fixed 60, 3 seeds)",historical,3253.0,544640.8029513889,11712.16466528759
"MAPPO (fixed 60, 3 seeds)",historical,3255.0,544280.5625,11380.395362879792
"MAPPO (fixed 60, 3 seeds)",historical,3257.0,545429.0868055555,11170.536512722678
"MAPPO (fixed 60, 3 seeds)",historical,3259.0,546152.4609375,9697.558558858105
"MAPPO (fixed 60, 3 seeds)",historical,3261.0,546231.4600694444,9313.709506572784
"MAPPO (fixed 60, 3 seeds)",historical,3263.0,544127.6206597224,7949.186025870597
"MAPPO (fixed 60, 3 seeds)",historical,3265.0,542991.5598958334,7580.609639288174
"MAPPO (fixed 60, 3 seeds)",historical,3267.0,544620.8532986111,8218.433854617046
"MAPPO (fixed 60, 3 seeds)",historical,3269.0,545286.5,8188.3433644080105
"MAPPO (fixed 60, 3 seeds)",historical,3271.0,546348.390625,9192.631072156213
"MAPPO (fixed 60, 3 seeds)",historical,3273.0,545785.78125,9752.239330348377
"MAPPO (fixed 60, 3 seeds)",historical,3275.0,546791.1675347221,10046.943113037578
"MAPPO (fixed 60, 3 seeds)",historical,3277.0,547679.9392361111,10053.196422957675
"MAPPO (fixed 60, 3 seeds)",historical,3279.0,547188.2647569445,10617.279020280737
"MAPPO (fixed 60, 3 seeds)",historical,3281.0,547212.8784722221,11776.236181188597
"MAPPO (fixed 60, 3 seeds)",historical,3283.0,546981.9592013889,12665.532611518674
"MAPPO (fixed 60, 3 seeds)",historical,3285.0,546381.4331597222,12196.238160182013
"MAPPO (fixed 60, 3 seeds)",historical,3287.0,545827.9270833334,11846.09120940097
"MAPPO (fixed 60, 3 seeds)",historical,3289.0,544297.7161458334,11536.092062083437
"MAPPO (fixed 60, 3 seeds)",historical,3291.0,544698.2317708334,12398.218454883796
"MAPPO (fixed 60, 3 seeds)",historical,3293.0,544688.7335069444,13822.489174571912
"MAPPO (fixed 60, 3 seeds)",historical,3295.0,545534.3480902779,14730.29362348298
"MAPPO (fixed 60, 3 seeds)",historical,3297.0,546555.2309027779,15993.038957164135
"MAPPO (fixed 60, 3 seeds)",historical,3299.0,547255.6440972221,14539.083746433496
"MAPPO (fixed 60, 3 seeds)",historical,3301.0,546923.4461805556,14337.516899138662
"MAPPO (fixed 60, 3 seeds)",historical,3303.0,546638.4817708334,12901.0945757773
"MAPPO (fixed 60, 3 seeds)",historical,3305.0,545462.9322916666,14087.243418915887
"MAPPO (fixed 60, 3 seeds)",historical,3307.0,545702.9652777776,14844.827176853103
"MAPPO (fixed 60, 3 seeds)",historical,3309.0,544598.3615451389,15071.424284840139
"MAPPO (fixed 60, 3 seeds)",historical,3311.0,544844.81640625,14364.022263762352
"MAPPO (fixed 60, 3 seeds)",historical,3313.0,544047.8719618055,13092.839918164053
"MAPPO (fixed 60, 3 seeds)",historical,3315.0,544511.3098958334,13390.834811151546
"MAPPO (fixed 60, 3 seeds)",historical,3317.0,544235.2994791666,12761.750953015993
"MAPPO (fixed 60, 3 seeds)",historical,3319.0,544006.8506944445,12579.716775731005
"MAPPO (fixed 60, 3 seeds)",historical,3321.0,544834.7647569444,11642.142181195717
"MAPPO (fixed 60, 3 seeds)",historical,3323.0,544685.1657986111,11623.51142286696
"MAPPO (fixed 60, 3 seeds)",historical,3325.0,545880.9201388889,11882.05331129104
"MAPPO (fixed 60, 3 seeds)",historical,3327.0,546631.0494791666,12903.361163072641
"MAPPO (fixed 60, 3 seeds)",historical,3329.0,547234.3802083334,13623.252024582502
"MAPPO (fixed 60, 3 seeds)",historical,3331.0,546601.4835069444,13369.147157453053
"MAPPO (fixed 60, 3 seeds)",historical,3333.0,545742.4696180555,11723.06870530941
"MAPPO (fixed 60, 3 seeds)",historical,3335.0,547361.7439236111,9941.540323385187
"MAPPO (fixed 60, 3 seeds)",historical,3337.0,548431.0685763889,9444.588478986532
"MAPPO (fixed 60, 3 seeds)",historical,3339.0,548914.9322916666,9922.946026286234
"MAPPO (fixed 60, 3 seeds)",historical,3341.0,548015.4539930555,10114.744748851563
"MAPPO (fixed 60, 3 seeds)",historical,3343.0,547958.3125,9526.130048261151
"MAPPO (fixed 60, 3 seeds)",historical,3345.0,547287.0277777779,7542.552814344881
"MAPPO (fixed 60, 3 seeds)",historical,3347.0,546212.15625,6923.947401027552
"MAPPO (fixed 60, 3 seeds)",historical,3349.0,544256.8146701389,6374.979960978003
"MAPPO (fixed 60, 3 seeds)",historical,3351.0,543549.2868923611,6615.799463856158
"MAPPO (fixed 60, 3 seeds)",historical,3353.0,543023.7087673611,6681.7899779359395
"MAPPO (fixed 60, 3 seeds)",historical,3355.0,544697.2725694445,7901.8904035643955
"MAPPO (fixed 60, 3 seeds)",historical,3357.0,545008.9131944445,8227.182406525004
"MAPPO (fixed 60, 3 seeds)",historical,3359.0,546966.1979166666,8932.862936139421
"MAPPO (fixed 60, 3 seeds)",historical,3361.0,545623.9809027779,8794.655368593445
"MAPPO (fixed 60, 3 seeds)",historical,3363.0,545481.6918402779,8958.194161449319
"MAPPO (fixed 60, 3 seeds)",historical,3365.0,543360.9401041666,7913.178984662308
"MAPPO (fixed 60, 3 seeds)",historical,3367.0,543772.935763889,6155.703888077661
"MAPPO (fixed 60, 3 seeds)",historical,3369.0,543808.3246527779,4810.034251640448
"MAPPO (fixed 60, 3 seeds)",historical,3371.0,543755.8480902779,3962.3062254599545
"MAPPO (fixed 60, 3 seeds)",historical,3373.0,544081.365451389,4570.970717741594
"MAPPO (fixed 60, 3 seeds)",historical,3375.0,543340.1631944445,4906.040700318598
"MAPPO (fixed 60, 3 seeds)",historical,3377.0,543625.1354166666,5544.7879092344
"MAPPO (fixed 60, 3 seeds)",historical,3379.0,542683.2838541666,5138.367093680429
"MAPPO (fixed 60, 3 seeds)",historical,3381.0,543625.8125,5698.286139960488
"MAPPO (fixed 60, 3 seeds)",historical,3383.0,543170.890625,4886.7511238717925
"MAPPO (fixed 60, 3 seeds)",historical,3385.0,544591.0590277779,4487.747331334633
"MAPPO (fixed 60, 3 seeds)",historical,3387.0,544417.6736111111,2872.7630226233596
"MAPPO (fixed 60, 3 seeds)",historical,3389.0,545916.0885416666,2667.8479822449767
"MAPPO (fixed 60, 3 seeds)",historical,3391.0,546006.2065972221,2289.607726292517
"MAPPO (fixed 60, 3 seeds)",historical,3393.0,546329.9123263889,2364.658731012633
"MAPPO (fixed 60, 3 seeds)",historical,3395.0,546978.9114583334,3828.9961881875174
"MAPPO (fixed 60, 3 seeds)",historical,3397.0,547058.6059027776,3951.25869473746
"MAPPO (fixed 60, 3 seeds)",historical,3399.0,548803.4956597221,5189.802265243705
"MAPPO (fixed 60, 3 seeds)",historical,3401.0,547965.8819444445,4753.931856711284
"MAPPO (fixed 60, 3 seeds)",historical,3403.0,548177.5251736111,4076.300809977412
"MAPPO (fixed 60, 3 seeds)",historical,3405.0,547563.3133680556,2436.222634001794
"MAPPO (fixed 60, 3 seeds)",historical,3407.0,548617.171875,2939.7371303421837
"MAPPO (fixed 60, 3 seeds)",historical,3409.0,549419.5034722222,4015.7199834601174
"MAPPO (fixed 60, 3 seeds)",historical,3411.0,549540.3880208334,3612.6301699073447
"MAPPO (fixed 60, 3 seeds)",historical,3413.0,550558.0494791666,3437.1552979219423
"MAPPO (fixed 60, 3 seeds)",historical,3415.0,549527.1536458334,2720.9358352883664
"MAPPO (fixed 60, 3 seeds)",historical,3417.0,549871.1423611111,2679.786159445872
"MAPPO (fixed 60, 3 seeds)",historical,3419.0,548440.1197916666,2127.282699309132
"MAPPO (fixed 60, 3 seeds)",historical,3421.0,548523.7291666666,2056.2725661016902
"MAPPO (fixed 60, 3 seeds)",historical,3423.0,547377.0442708334,3403.1771762280755
"MAPPO (fixed 60, 3 seeds)",historical,3425.0,546787.9201388889,3914.8409868386007
"MAPPO (fixed 60, 3 seeds)",historical,3427.0,546460.8524305555,3145.4444885666967
"MAPPO (fixed 60, 3 seeds)",historical,3429.0,547345.0295138889,2528.2128069821038
"MAPPO (fixed 60, 3 seeds)",historical,3431.0,549164.8116319445,1721.0360502630838
"MAPPO (fixed 60, 3 seeds)",historical,3433.0,551171.5043402778,2171.0897382659778
"MAPPO (fixed 60, 3 seeds)",historical,3435.0,550518.1354166666,3103.6987616022784
"MAPPO (fixed 60, 3 seeds)",historical,3437.0,550545.6506076389,4267.237584248535
"MAPPO (fixed 60, 3 seeds)",historical,3439.0,549544.2469618055,5665.143004195039
"MAPPO (fixed 60, 3 seeds)",historical,3441.0,550651.4236111111,5192.44282024568
"MAPPO (fixed 60, 3 seeds)",historical,3443.0,550439.4622395834,3796.2926593085763
"MAPPO (fixed 60, 3 seeds)",historical,3445.0,550774.33984375,4074.2471627001696
"MAPPO (fixed 60, 3 seeds)",historical,3447.0,550670.6041666666,4545.444571770624
"MAPPO (fixed 60, 3 seeds)",historical,3449.0,550776.9943576389,5602.810694595052
"MAPPO (fixed 60, 3 seeds)",historical,3451.0,550474.1401909724,4873.028394732522
"MAPPO (fixed 60, 3 seeds)",historical,3453.0,550790.0047743055,4793.530551853041
"MAPPO (fixed 60, 3 seeds)",historical,3455.0,551614.7105034721,4436.6027903631675
"MAPPO (fixed 60, 3 seeds)",historical,3457.0,551896.6397569445,5056.5781702401655
"MAPPO (fixed 60, 3 seeds)",historical,3459.0,552669.953125,5774.086677497992
"MAPPO (fixed 60, 3 seeds)",historical,3461.0,551918.8715277779,6466.98138851876
"MAPPO (fixed 60, 3 seeds)",historical,3463.0,552800.02734375,7117.019520518607
"MAPPO (fixed 60, 3 seeds)",historical,3465.0,552791.4696180555,7044.646752138792
"MAPPO (fixed 60, 3 seeds)",historical,3467.0,552733.4131944445,6583.4624173702105
"MAPPO (fixed 60, 3 seeds)",historical,3469.0,551993.4991319444,6515.582781505369
"MAPPO (fixed 60, 3 seeds)",historical,3471.0,551455.7269965276,6208.273130995915
"MAPPO (fixed 60, 3 seeds)",historical,3473.0,550911.8315972221,6195.438277197363
"MAPPO (fixed 60, 3 seeds)",historical,3475.0,551206.2721354166,5565.855312931686
"MAPPO (fixed 60, 3 seeds)",historical,3477.0,551325.0169270834,5603.934224706353
"MAPPO (fixed 60, 3 seeds)",historical,3479.0,552497.49609375,4998.979050143841
"MAPPO (fixed 60, 3 seeds)",historical,3481.0,552837.8394097221,4872.982270759671
"MAPPO (fixed 60, 3 seeds)",historical,3483.0,552498.5542534724,4094.24344024774
"MAPPO (fixed 60, 3 seeds)",historical,3485.0,553479.9796006945,3568.8994507513835
"MAPPO (fixed 60, 3 seeds)",historical,3487.0,553083.2217881944,2374.1249927217386
"MAPPO (fixed 60, 3 seeds)",historical,3489.0,553684.8016493056,2409.966508500975
"MAPPO (fixed 60, 3 seeds)",historical,3491.0,552062.3454861111,2877.12705512115
"MAPPO (fixed 60, 3 seeds)",historical,3493.0,552868.3689236111,3653.552387051235
"MAPPO (fixed 60, 3 seeds)",historical,3495.0,552461.8732638889,4315.872346891344
"MAPPO (fixed 60, 3 seeds)",historical,3497.0,552715.63671875,4605.019031145143
"MAPPO (fixed 60, 3 seeds)",historical,3499.0,552187.1360677084,5126.27118621899
"DC-PPO (fixed 60, 3 seeds)",historical,1.0,120064.92651367188,214.24900871844673
"DC-PPO (fixed 60, 3 seeds)",historical,3.0,127695.87613932292,337.02585616820693
"DC-PPO (fixed 60, 3 seeds)",historical,5.0,142771.29503038197,1353.8762435458243
"DC-PPO (fixed 60, 3 seeds)",historical,7.0,159519.34526909725,1107.017285075105
"DC-PPO (fixed 60, 3 seeds)",historical,9.0,172847.5837673611,1822.422192179342
"DC-PPO (fixed 60, 3 seeds)",historical,11.0,182665.26540798612,1799.7838891029219
"DC-PPO (fixed 60, 3 seeds)",historical,13.0,189541.568359375,1523.6458433369626
"DC-PPO (fixed 60, 3 seeds)",historical,15.0,195296.66536458334,1166.9902604001843
"DC-PPO (fixed 60, 3 seeds)",historical,17.0,200926.61197916666,1087.8697379000805
"DC-PPO (fixed 60, 3 seeds)",historical,19.0,206498.2371961806,2415.055239842505
"DC-PPO (fixed 60, 3 seeds)",historical,21.0,211876.40690104166,2005.782047978735
"DC-PPO (fixed 60, 3 seeds)",historical,23.0,218586.87934027778,2396.8786160489813
"DC-PPO (fixed 60, 3 seeds)",historical,25.0,223986.32921006947,3790.0058828362176
"DC-PPO (fixed 60, 3 seeds)",historical,27.0,230114.24522569447,3698.038829893608
"DC-PPO (fixed 60, 3 seeds)",historical,29.0,234730.60243055553,3035.874572834268
"DC-PPO (fixed 60, 3 seeds)",historical,31.0,239457.00607638888,3758.7232605546133
"DC-PPO (fixed 60, 3 seeds)",historical,33.0,243511.69487847225,3789.425731484887
"DC-PPO (fixed 60, 3 seeds)",historical,35.0,248960.65798611112,2807.6212920071293
"DC-PPO (fixed 60, 3 seeds)",historical,37.0,254707.41449652778,2132.364030712113
"DC-PPO (fixed 60, 3 seeds)",historical,39.0,259288.7052951389,1466.8698672143096
"DC-PPO (fixed 60, 3 seeds)",historical,41.0,263663.3645833334,3632.77100032875
"DC-PPO (fixed 60, 3 seeds)",historical,43.0,266510.1801215278,3635.903208817538
"DC-PPO (fixed 60, 3 seeds)",historical,45.0,270931.75954861107,4255.309849613726
"DC-PPO (fixed 60, 3 seeds)",historical,47.0,275170.55078125,2824.87489424846
"DC-PPO (fixed 60, 3 seeds)",historical,49.0,279217.0546875,1985.9344301039591
"DC-PPO (fixed 60, 3 seeds)",historical,51.0,282509.13064236107,2528.743782957535
"DC-PPO (fixed 60, 3 seeds)",historical,53.0,285160.9921875,3577.4498207245756
"DC-PPO (fixed 60, 3 seeds)",historical,55.0,288059.62196180556,3166.55386617469
"DC-PPO (fixed 60, 3 seeds)",historical,57.0,291392.22873263893,918.4101031202695
"DC-PPO (fixed 60, 3 seeds)",historical,59.0,293397.890625,2352.2420533847576
"DC-PPO (fixed 60, 3 seeds)",historical,61.0,296345.4231770833,2620.559759111313
"DC-PPO (fixed 60, 3 seeds)",historical,63.0,299261.0052083333,1598.8612224963003
"DC-PPO (fixed 60, 3 seeds)",historical,65.0,303407.7621527778,2481.710989059085
"DC-PPO (fixed 60, 3 seeds)",historical,67.0,306840.78125,3308.5127242525614
"DC-PPO (fixed 60, 3 seeds)",historical,69.0,308321.1063368055,3319.079841003165
"DC-PPO (fixed 60, 3 seeds)",historical,71.0,309548.765625,2771.318158424841
"DC-PPO (fixed 60, 3 seeds)",historical,73.0,311031.37109375,3175.53002121844
"DC-PPO (fixed 60, 3 seeds)",historical,75.0,316254.6323784722,4387.892280639584
"DC-PPO (fixed 60, 3 seeds)",historical,77.0,319606.69444444444,6025.171559872209
"DC-PPO (fixed 60, 3 seeds)",historical,79.0,324164.8203125,4326.489149842261
"DC-PPO (fixed 60, 3 seeds)",historical,81.0,326162.23133680556,4378.570995305307
"DC-PPO (fixed 60, 3 seeds)",historical,83.0,327297.63628472225,3969.730512532679
"DC-PPO (fixed 60, 3 seeds)",historical,85.0,329251.1171875,4540.323685494446
"DC-PPO (fixed 60, 3 seeds)",historical,87.0,331108.0924479167,3895.292563746234
"DC-PPO (fixed 60, 3 seeds)",historical,89.0,335876.76996527775,3424.3024043127048
"DC-PPO (fixed 60, 3 seeds)",historical,91.0,338071.39279513893,2217.7427902935196
"DC-PPO (fixed 60, 3 seeds)",historical,93.0,339855.8359375,1679.0043407258886
"DC-PPO (fixed 60, 3 seeds)",historical,95.0,340731.15147569444,963.6652758142427
"DC-PPO (fixed 60, 3 seeds)",historical,97.0,341601.5260416667,2174.568239778637
"DC-PPO (fixed 60, 3 seeds)",historical,99.0,343435.13671875,1301.7642700050603
"DC-PPO (fixed 60, 3 seeds)",historical,101.0,343618.3580729167,676.0371483379696
"DC-PPO (fixed 60, 3 seeds)",historical,103.0,345483.03993055556,1293.6232640722421
"DC-PPO (fixed 60, 3 seeds)",historical,105.0,345792.31076388893,1935.332636000737
"DC-PPO (fixed 60, 3 seeds)",historical,107.0,347862.2269965278,4365.397224503529
"DC-PPO (fixed 60, 3 seeds)",historical,109.0,349931.28472222225,3929.7169008985165
"DC-PPO (fixed 60, 3 seeds)",historical,111.0,351263.89409722225,1474.2964598474
"DC-PPO (fixed 60, 3 seeds)",historical,113.0,353323.64626736107,1216.522185925217
"DC-PPO (fixed 60, 3 seeds)",historical,115.0,353056.3528645833,2606.619984298584
"DC-PPO (fixed 60, 3 seeds)",historical,117.0,355536.71875,1951.8166057654614
"DC-PPO (fixed 60, 3 seeds)",historical,119.0,355999.41970486107,2084.2066949925525
"DC-PPO (fixed 60, 3 seeds)",historical,121.0,358099.6380208333,1309.862515116276
"DC-PPO (fixed 60, 3 seeds)",historical,123.0,358686.72960069444,509.4725437847289
"DC-PPO (fixed 60, 3 seeds)",historical,125.0,360267.9010416667,1614.5192212857098
"DC-PPO (fixed 60, 3 seeds)",historical,127.0,361118.6519097222,2258.990614462127
"DC-PPO (fixed 60, 3 seeds)",historical,129.0,362385.15798611107,1669.118936961427
"DC-PPO (fixed 60, 3 seeds)",historical,131.0,364093.7356770833,1548.9025136014275
"DC-PPO (fixed 60, 3 seeds)",historical,133.0,366269.20703125,2418.3687451045557
"DC-PPO (fixed 60, 3 seeds)",historical,135.0,366472.64496527775,4404.862594037585
"DC-PPO (fixed 60, 3 seeds)",historical,137.0,365191.4375,912.4238948943072
"DC-PPO (fixed 60, 3 seeds)",historical,139.0,365032.38671875,481.2759999583505
"DC-PPO (fixed 60, 3 seeds)",historical,141.0,366534.85069444444,947.2861696430506
"DC-PPO (fixed 60, 3 seeds)",historical,143.0,370131.39930555556,1315.5707498227287
"DC-PPO (fixed 60, 3 seeds)",historical,145.0,371966.6111111112,2298.182128989575
"DC-PPO (fixed 60, 3 seeds)",historical,147.0,373434.0651041667,3623.4816127077042
"DC-PPO (fixed 60, 3 seeds)",historical,149.0,372060.9375,2169.7663903994826
"DC-PPO (fixed 60, 3 seeds)",historical,151.0,371142.8046875,2498.709357469981
"DC-PPO (fixed 60, 3 seeds)",historical,153.0,371924.2313368055,2337.3052587135035
"DC-PPO (fixed 60, 3 seeds)",historical,155.0,374421.20225694444,4173.902574211702
"DC-PPO (fixed 60, 3 seeds)",historical,157.0,377006.09418402775,3545.01685660912
"DC-PPO (fixed 60, 3 seeds)",historical,159.0,378742.43967013893,4881.888626216357
"DC-PPO (fixed 60, 3 seeds)",historical,161.0,379407.86501736107,3401.8474396518127
"DC-PPO (fixed 60, 3 seeds)",historical,163.0,379541.7408854167,3593.1390396167294
"DC-PPO (fixed 60, 3 seeds)",historical,165.0,380651.22178819444,2741.0932822323857
"DC-PPO (fixed 60, 3 seeds)",historical,167.0,380336.35720486107,1414.6433448967678
"DC-PPO (fixed 60, 3 seeds)",historical,169.0,379957.29253472225,1161.8933818407006
"DC-PPO (fixed 60, 3 seeds)",historical,171.0,379814.0377604167,1078.5851144180579
"DC-PPO (fixed 60, 3 seeds)",historical,173.0,381933.26345486107,1961.4322583282349
"DC-PPO (fixed 60, 3 seeds)",historical,175.0,384081.59071180556,1678.267504646908
"DC-PPO (fixed 60, 3 seeds)",historical,177.0,385458.85894097225,2228.933604663398
"DC-PPO (fixed 60, 3 seeds)",historical,179.0,387659.7044270833,955.4701782927881
"DC-PPO (fixed 60, 3 seeds)",historical,181.0,391136.97569444444,1652.742619692985
"DC-PPO (fixed 60, 3 seeds)",historical,183.0,392514.6302083333,1674.6740498808522
"DC-PPO (fixed 60, 3 seeds)",historical,185.0,391866.8359375,4026.6173893824866
"DC-PPO (fixed 60, 3 seeds)",historical,187.0,392890.61935763893,2135.174605133792
"DC-PPO (fixed 60, 3 seeds)",historical,189.0,393928.9288194445,2108.0510043707136
"DC-PPO (fixed 60, 3 seeds)",historical,191.0,395593.4283854167,2828.043084751782
"DC-PPO (fixed 60, 3 seeds)",historical,193.0,394208.03732638893,4532.469176819879
"DC-PPO (fixed 60, 3 seeds)",historical,195.0,393810.9965277778,4597.85596734341
"DC-PPO (fixed 60, 3 seeds)",historical,197.0,393073.73003472225,3482.6388496196028
"DC-PPO (fixed 60, 3 seeds)",historical,199.0,393505.8537326388,3644.486980327543
"DC-PPO (fixed 60, 3 seeds)",historical,201.0,395143.4036458333,4159.21927061861
"DC-PPO (fixed 60, 3 seeds)",historical,203.0,397484.23524305556,3803.115570695081
"DC-PPO (fixed 60, 3 seeds)",historical,205.0,399914.09939236107,2361.1230860447613
"DC-PPO (fixed 60, 3 seeds)",historical,207.0,402033.2708333333,3085.0743407738823
"DC-PPO (fixed 60, 3 seeds)",historical,209.0,403793.31857638893,3636.3797336588996
"DC-PPO (fixed 60, 3 seeds)",historical,211.0,404713.94878472225,2445.183509338656
"DC-PPO (fixed 60, 3 seeds)",historical,213.0,405260.31987847225,3924.8065625839704
"DC-PPO (fixed 60, 3 seeds)",historical,215.0,406867.8394097222,3805.340110764217
"DC-PPO (fixed 60, 3 seeds)",historical,217.0,406347.1349826388,3365.8914111973304
"DC-PPO (fixed 60, 3 seeds)",historical,219.0,405778.58376736107,4448.724278985108
"DC-PPO (fixed 60, 3 seeds)",historical,221.0,404664.42578125,4079.392837833271
"DC-PPO (fixed 60, 3 seeds)",historical,223.0,405673.2252604167,3498.1396787110843
"DC-PPO (fixed 60, 3 seeds)",historical,225.0,407721.91362847225,3413.5000816103916
"DC-PPO (fixed 60, 3 seeds)",historical,227.0,408967.62456597225,4923.584513328787
"DC-PPO (fixed 60, 3 seeds)",historical,229.0,410654.9114583333,4679.430992914005
"DC-PPO (fixed 60, 3 seeds)",historical,231.0,410048.71657986107,3826.332318418415
"DC-PPO (fixed 60, 3 seeds)",historical,233.0,408768.09982638893,4827.5685178685335
"DC-PPO (fixed 60, 3 seeds)",historical,235.0,410336.14279513893,4380.265670049325
"DC-PPO (fixed 60, 3 seeds)",historical,237.0,412293.94314236107,4234.20803064234
"DC-PPO (fixed 60, 3 seeds)",historical,239.0,415948.21961805556,1799.8793833282475
"DC-PPO (fixed 60, 3 seeds)",historical,241.0,416354.67751736107,1711.791965739619
"DC-PPO (fixed 60, 3 seeds)",historical,243.0,418322.7122395833,2089.0677619155026
"DC-PPO (fixed 60, 3 seeds)",historical,245.0,419637.48263888893,2693.6513692960843
"DC-PPO (fixed 60, 3 seeds)",historical,247.0,419170.4921875,4153.899564325
"DC-PPO (fixed 60, 3 seeds)",historical,249.0,419522.0651041667,7325.3628427992535
"DC-PPO (fixed 60, 3 seeds)",historical,251.0,419180.77690972225,8454.763654459504
"DC-PPO (fixed 60, 3 seeds)",historical,253.0,420039.11328125,8338.11795459994
"DC-PPO (fixed 60, 3 seeds)",historical,255.0,418894.8828125,6536.979370751705
"DC-PPO (fixed 60, 3 seeds)",historical,257.0,418509.4192708333,4217.73918917384
"DC-PPO (fixed 60, 3 seeds)",historical,259.0,418892.46484375,2554.045143205107
"DC-PPO (fixed 60, 3 seeds)",historical,261.0,418316.53515625,1435.1473709530228
"DC-PPO (fixed 60, 3 seeds)",historical,263.0,420706.5091145833,3137.2896176416175
"DC-PPO (fixed 60, 3 seeds)",historical,265.0,422579.2434895833,5240.919809172543
"DC-PPO (fixed 60, 3 seeds)",historical,267.0,425959.05555555556,5022.671666491935
"DC-PPO (fixed 60, 3 seeds)",historical,269.0,425664.82118055556,5786.249707920184
"DC-PPO (fixed 60, 3 seeds)",historical,271.0,424983.46006944444,7312.971043200168
"DC-PPO (fixed 60, 3 seeds)",historical,273.0,424293.3472222222,8557.094054094945
"DC-PPO (fixed 60, 3 seeds)",historical,275.0,423930.3854166667,6566.187829909619
"DC-PPO (fixed 60, 3 seeds)",historical,277.0,424077.7335069445,6575.988080724494
"DC-PPO (fixed 60, 3 seeds)",historical,279.0,423921.5286458333,4617.429824163586
"DC-PPO (fixed 60, 3 seeds)",historical,281.0,423883.9930555555,5191.0754807111725
"DC-PPO (fixed 60, 3 seeds)",historical,283.0,424832.3637152778,3979.820485084521
"DC-PPO (fixed 60, 3 seeds)",historical,285.0,425953.7430555555,5194.145814471761
"DC-PPO (fixed 60, 3 seeds)",historical,287.0,427795.76215277775,5297.297870303932
"DC-PPO (fixed 60, 3 seeds)",historical,289.0,427509.640625,4663.268646222043
"DC-PPO (fixed 60, 3 seeds)",historical,291.0,428710.88107638893,4493.142554757393
"DC-PPO (fixed 60, 3 seeds)",historical,293.0,429012.82118055556,2400.1802617231865
"DC-PPO (fixed 60, 3 seeds)",historical,295.0,429481.96267361107,4291.197322180805
"DC-PPO (fixed 60, 3 seeds)",historical,297.0,429174.0112847222,6754.143628492274
"DC-PPO (fixed 60, 3 seeds)",historical,299.0,428980.7977430555,9562.120460243365
"DC-PPO (fixed 60, 3 seeds)",historical,301.0,429783.38888888893,9718.000500595297
"DC-PPO (fixed 60, 3 seeds)",historical,303.0,429200.77170138893,8419.748130040522
"DC-PPO (fixed 60, 3 seeds)",historical,305.0,429527.3194444445,8789.307608133753
"DC-PPO (fixed 60, 3 seeds)",historical,307.0,429523.6067708333,8953.545496745877
"DC-PPO (fixed 60, 3 seeds)",historical,309.0,429984.2387152778,8636.137377809378
"DC-PPO (fixed 60, 3 seeds)",historical,311.0,429748.6302083333,7862.572779785578
"DC-PPO (fixed 60, 3 seeds)",historical,313.0,432171.64236111107,7457.270964886844
"DC-PPO (fixed 60, 3 seeds)",historical,315.0,433404.5815972222,7545.906265655257
"DC-PPO (fixed 60, 3 seeds)",historical,317.0,436603.04079861107,6648.94926292595
"DC-PPO (fixed 60, 3 seeds)",historical,319.0,436747.1831597222,6838.279508310669
"DC-PPO (fixed 60, 3 seeds)",historical,321.0,437054.52690972225,7278.791457251853
"DC-PPO (fixed 60, 3 seeds)",historical,323.0,435032.82986111107,8331.636135652192
"DC-PPO (fixed 60, 3 seeds)",historical,325.0,433360.7604166667,8520.708520049728
"DC-PPO (fixed 60, 3 seeds)",historical,327.0,432732.70920138893,7853.401926774491
"DC-PPO (fixed 60, 3 seeds)",historical,329.0,433321.9270833333,8757.899205462072
"DC-PPO (fixed 60, 3 seeds)",historical,331.0,434011.38194444444,7718.469851103019
"DC-PPO (fixed 60, 3 seeds)",historical,333.0,434982.5260416667,8126.2461692093675
"DC-PPO (fixed 60, 3 seeds)",historical,335.0,435673.00954861107,7826.991850951795
"DC-PPO (fixed 60, 3 seeds)",historical,337.0,436214.5763888888,8470.619115451007
"DC-PPO (fixed 60, 3 seeds)",historical,339.0,436371.93142361107,8403.40400778843
"DC-PPO (fixed 60, 3 seeds)",historical,341.0,436824.29079861107,9352.197803246603
"DC-PPO (fixed 60, 3 seeds)",historical,343.0,437550.18055555556,9468.944755620148
"DC-PPO (fixed 60, 3 seeds)",historical,345.0,439264.8463541667,8449.914943744065
"DC-PPO (fixed 60, 3 seeds)",historical,347.0,439624.14756944444,7478.054914362451
"DC-PPO (fixed 60, 3 seeds)",historical,349.0,440520.53472222225,6433.654953982625
"DC-PPO (fixed 60, 3 seeds)",historical,351.0,440984.13628472225,6848.465943264381
"DC-PPO (fixed 60, 3 seeds)",historical,353.0,442334.2126736112,5195.617096809317
"DC-PPO (fixed 60, 3 seeds)",historical,355.0,442278.7586805555,5225.5371379489125
"DC-PPO (fixed 60, 3 seeds)",historical,357.0,442964.55555555556,5308.705010424037
"DC-PPO (fixed 60, 3 seeds)",historical,359.0,443275.2708333333,5074.513939183438
"DC-PPO (fixed 60, 3 seeds)",historical,361.0,444786.2682291667,5952.774222362503
"DC-PPO (fixed 60, 3 seeds)",historical,363.0,444626.52690972225,5309.259716100429
"DC-PPO (fixed 60, 3 seeds)",historical,365.0,444097.76996527775,7526.845173311605
"DC-PPO (fixed 60, 3 seeds)",historical,367.0,443752.16232638893,6732.798743082965
"DC-PPO (fixed 60, 3 seeds)",historical,369.0,443762.0,6875.898478640287
"DC-PPO (fixed 60, 3 seeds)",historical,371.0,443666.82725694444,5550.899830742898
"DC-PPO (fixed 60, 3 seeds)",historical,373.0,445522.23003472225,5207.430845959468
"DC-PPO (fixed 60, 3 seeds)",historical,375.0,446367.20486111107,4074.630479150572
"DC-PPO (fixed 60, 3 seeds)",historical,377.0,447182.89409722225,3383.3969533462223
"DC-PPO (fixed 60, 3 seeds)",historical,379.0,445498.51388888893,3944.2373971888114
"DC-PPO (fixed 60, 3 seeds)",historical,381.0,444268.81684027775,5112.413137083653
"DC-PPO (fixed 60, 3 seeds)",historical,383.0,445335.6145833333,5654.05230116844
"DC-PPO (fixed 60, 3 seeds)",historical,385.0,445834.0798611112,5815.891135828178
"DC-PPO (fixed 60, 3 seeds)",historical,387.0,447245.1137152778,5086.30084301663
"DC-PPO (fixed 60, 3 seeds)",historical,389.0,448936.35329861107,6245.083960754448
"DC-PPO (fixed 60, 3 seeds)",historical,391.0,450373.1223958333,5909.992996536235
"DC-PPO (fixed 60, 3 seeds)",historical,393.0,450002.9548611112,5657.719108158692
"DC-PPO (fixed 60, 3 seeds)",historical,395.0,448132.01996527775,3696.278560370775
"DC-PPO (fixed 60, 3 seeds)",historical,397.0,447302.4661458333,2063.8875730070217
"DC-PPO (fixed 60, 3 seeds)",historical,399.0,448394.61284722225,2143.68057976707
"DC-PPO (fixed 60, 3 seeds)",historical,401.0,447483.42361111107,3061.4963494813087
"DC-PPO (fixed 60, 3 seeds)",historical,403.0,446720.5651041667,4972.790048110771
"DC-PPO (fixed 60, 3 seeds)",historical,405.0,446409.96701388893,5849.126449425124
"DC-PPO (fixed 60, 3 seeds)",historical,407.0,447665.1137152778,4704.1248741579075
"DC-PPO (fixed 60, 3 seeds)",historical,409.0,448464.9765625,4858.264306049751
"DC-PPO (fixed 60, 3 seeds)",historical,411.0,448193.39930555556,3092.575599259066
"DC-PPO (fixed 60, 3 seeds)",historical,413.0,448281.61631944444,2810.645168570746
"DC-PPO (fixed 60, 3 seeds)",historical,415.0,448041.01649305556,2902.743390783435
"DC-PPO (fixed 60, 3 seeds)",historical,417.0,448675.32725694444,4909.49570355497
"DC-PPO (fixed 60, 3 seeds)",historical,419.0,449724.90711805556,5652.199284747076
"DC-PPO (fixed 60, 3 seeds)",historical,421.0,450722.6467013888,4123.179842783771
"DC-PPO (fixed 60, 3 seeds)",historical,423.0,452714.1536458333,2236.7868327966203
"DC-PPO (fixed 60, 3 seeds)",historical,425.0,451860.10069444444,1551.2538367261093
"DC-PPO (fixed 60, 3 seeds)",historical,427.0,453352.76475694444,2958.2465672828357
"DC-PPO (fixed 60, 3 seeds)",historical,429.0,453084.53819444444,4679.461491666421
"DC-PPO (fixed 60, 3 seeds)",historical,431.0,454777.9973958333,4076.675123164466
"DC-PPO (fixed 60, 3 seeds)",historical,433.0,452397.80555555556,4085.4853020667147
"DC-PPO (fixed 60, 3 seeds)",historical,435.0,450559.5347222222,5036.972736424715
"DC-PPO (fixed 60, 3 seeds)",historical,437.0,449067.59201388893,4418.876082278351
"DC-PPO (fixed 60, 3 seeds)",historical,439.0,450815.0190972222,3899.586804849303
"DC-PPO (fixed 60, 3 seeds)",historical,441.0,451654.9270833333,2733.686820739348
"DC-PPO (fixed 60, 3 seeds)",historical,443.0,453067.7256944445,3466.1063296290404
"DC-PPO (fixed 60, 3 seeds)",historical,445.0,453562.2126736112,1940.8599144575562
"DC-PPO (fixed 60, 3 seeds)",historical,447.0,455245.4296875,2847.8302752807735
"DC-PPO (fixed 60, 3 seeds)",historical,449.0,455522.2560763888,3461.331801198357
"DC-PPO (fixed 60, 3 seeds)",historical,451.0,454699.65625,2392.0798919284857
"DC-PPO (fixed 60, 3 seeds)",historical,453.0,454620.8272569445,2626.682994968056
"DC-PPO (fixed 60, 3 seeds)",historical,455.0,454286.68315972225,1884.942400536648
"DC-PPO (fixed 60, 3 seeds)",historical,457.0,455584.734375,2883.0402737008058
"DC-PPO (fixed 60, 3 seeds)",historical,459.0,455703.18142361107,4055.0707707403203
"DC-PPO (fixed 60, 3 seeds)",historical,461.0,457134.234375,5587.165487634269
"DC-PPO (fixed 60, 3 seeds)",historical,463.0,456704.7595486112,5590.535689257484
"DC-PPO (fixed 60, 3 seeds)",historical,465.0,456169.92100694444,5197.974645420553
"DC-PPO (fixed 60, 3 seeds)",historical,467.0,456029.21440972225,4183.277538723039
"DC-PPO (fixed 60, 3 seeds)",historical,469.0,456609.48263888893,3316.0990254707813
"DC-PPO (fixed 60, 3 seeds)",historical,471.0,457235.2769097222,4274.992009998729
"DC-PPO (fixed 60, 3 seeds)",historical,473.0,455631.2005208333,4737.562961412269
"DC-PPO (fixed 60, 3 seeds)",historical,475.0,457245.8723958333,5638.192881637254
"DC-PPO (fixed 60, 3 seeds)",historical,477.0,458320.02777777775,4261.919916824447
"DC-PPO (fixed 60, 3 seeds)",historical,479.0,460494.66840277775,3499.29588192714
"DC-PPO (fixed 60, 3 seeds)",historical,481.0,458685.8784722222,2510.5944474930693
"DC-PPO (fixed 60, 3 seeds)",historical,483.0,457543.5868055555,3164.246947754809
"DC-PPO (fixed 60, 3 seeds)",historical,485.0,457523.7248263888,3126.1941334251846
"DC-PPO (fixed 60, 3 seeds)",historical,487.0,458611.4184027778,3806.437282577111
"DC-PPO (fixed 60, 3 seeds)",historical,489.0,459188.3203125,3269.360939901538
"DC-PPO (fixed 60, 3 seeds)",historical,491.0,458828.8515625,2673.7764659074064
"DC-PPO (fixed 60, 3 seeds)",historical,493.0,458958.8732638888,1615.9174062275933
"DC-PPO (fixed 60, 3 seeds)",historical,495.0,459279.80902777775,2262.4517938379577
"DC-PPO (fixed 60, 3 seeds)",historical,497.0,461077.9748263888,3493.067479849784
"DC-PPO (fixed 60, 3 seeds)",historical,499.0,460928.4461805555,4412.22476189249
"DC-PPO (fixed 60, 3 seeds)",historical,501.0,461063.98871527775,5077.125785102172
"DC-PPO (fixed 60, 3 seeds)",historical,503.0,459438.45659722225,5554.578664893266
"DC-PPO (fixed 60, 3 seeds)",historical,505.0,459040.34027777775,6278.966178545871
"DC-PPO (fixed 60, 3 seeds)",historical,507.0,457037.68142361107,8820.933794596009
"DC-PPO (fixed 60, 3 seeds)",historical,509.0,456425.0651041667,9218.075513963315
"DC-PPO (fixed 60, 3 seeds)",historical,511.0,456286.1796875,8792.92983375239
"DC-PPO (fixed 60, 3 seeds)",historical,513.0,458070.48611111107,9311.165637854145
"DC-PPO (fixed 60, 3 seeds)",historical,515.0,457475.0173611112,10661.83544698727
"DC-PPO (fixed 60, 3 seeds)",historical,517.0,457658.22222222225,11117.38228819162
"DC-PPO (fixed 60, 3 seeds)",historical,519.0,457182.04253472225,11494.18915464996
"DC-PPO (fixed 60, 3 seeds)",historical,521.0,458344.4453125,11706.334698802237
"DC-PPO (fixed 60, 3 seeds)",historical,523.0,458088.3697916667,12866.098976450354
"DC-PPO (fixed 60, 3 seeds)",historical,525.0,459072.3385416667,11979.609120872727
"DC-PPO (fixed 60, 3 seeds)",historical,527.0,459021.53472222225,11400.717524269245
"DC-PPO (fixed 60, 3 seeds)",historical,529.0,459292.63368055556,11253.472925358366
"DC-PPO (fixed 60, 3 seeds)",historical,531.0,458663.2543402778,12149.283747539446
"DC-PPO (fixed 60, 3 seeds)",historical,533.0,458833.90711805556,12104.53109470906
"DC-PPO (fixed 60, 3 seeds)",historical,535.0,458787.37065972225,12453.473357916431
"DC-PPO (fixed 60, 3 seeds)",historical,537.0,458160.27951388893,12383.376122548947
"DC-PPO (fixed 60, 3 seeds)",historical,539.0,458628.1640625,12819.438765619803
"DC-PPO (fixed 60, 3 seeds)",historical,541.0,460146.78038194444,11843.415928557853
"DC-PPO (fixed 60, 3 seeds)",historical,543.0,460431.8715277778,12230.604622176155
"DC-PPO (fixed 60, 3 seeds)",historical,545.0,460111.67144097225,13019.004954979973
"DC-PPO (fixed 60, 3 seeds)",historical,547.0,458386.1940104167,13417.942398136549
"DC-PPO (fixed 60, 3 seeds)",historical,549.0,458150.6176215278,13861.847887373362
"DC-PPO (fixed 60, 3 seeds)",historical,551.0,458391.7239583333,14275.968800138471
"DC-PPO (fixed 60, 3 seeds)",historical,553.0,459073.3828125,15543.884548332877
"DC-PPO (fixed 60, 3 seeds)",historical,555.0,459704.0794270833,15929.570747821177
"DC-PPO (fixed 60, 3 seeds)",historical,557.0,460835.57421875,14865.065623072987
"DC-PPO (fixed 60, 3 seeds)",historical,559.0,462225.5108506945,13252.956238646662
"DC-PPO (fixed 60, 3 seeds)",historical,561.0,462917.2291666667,12446.796261424557
"DC-PPO (fixed 60, 3 seeds)",historical,563.0,462273.07204861107,13176.671874148453
"DC-PPO (fixed 60, 3 seeds)",historical,565.0,461268.03211805556,14379.780124196926
"DC-PPO (fixed 60, 3 seeds)",historical,567.0,462316.0416666667,13831.051180504519
"DC-PPO (fixed 60, 3 seeds)",historical,569.0,462780.9973958333,13046.510254078097
"DC-PPO (fixed 60, 3 seeds)",historical,571.0,464318.7109375,13031.800629247924
"DC-PPO (fixed 60, 3 seeds)",historical,573.0,464053.00086805556,12432.63525508158
"DC-PPO (fixed 60, 3 seeds)",historical,575.0,464753.3888888888,11261.792406575252
"DC-PPO (fixed 60, 3 seeds)",historical,577.0,464479.28038194444,10442.188537789465
"DC-PPO (fixed 60, 3 seeds)",historical,579.0,465712.8637152778,10286.332167010709
"DC-PPO (fixed 60, 3 seeds)",historical,581.0,465643.17621527775,11004.053918783697
"DC-PPO (fixed 60, 3 seeds)",historical,583.0,465953.71875,9876.479070813302
"DC-PPO (fixed 60, 3 seeds)",historical,585.0,464348.95138888893,9630.874275985025
"DC-PPO (fixed 60, 3 seeds)",historical,587.0,464570.25954861107,9626.84361692043
"DC-PPO (fixed 60, 3 seeds)",historical,589.0,463501.2039930555,10110.65233749572
"DC-PPO (fixed 60, 3 seeds)",historical,591.0,464990.3567708333,10420.079163362583
"DC-PPO (fixed 60, 3 seeds)",historical,593.0,464859.61892361107,9375.922437648962
"DC-PPO (fixed 60, 3 seeds)",historical,595.0,466312.8741319445,10294.098184469021
"DC-PPO (fixed 60, 3 seeds)",historical,597.0,465890.3272569445,11248.866555445042
"DC-PPO (fixed 60, 3 seeds)",historical,599.0,465928.90711805556,13849.943106572156
"DC-PPO (fixed 60, 3 seeds)",historical,601.0,466726.4713541667,13194.33422607124
"DC-PPO (fixed 60, 3 seeds)",historical,603.0,467097.3463541667,13125.386256932661
"DC-PPO (fixed 60, 3 seeds)",historical,605.0,467318.4505208333,11871.863904436841
"DC-PPO (fixed 60, 3 seeds)",historical,607.0,466956.1414930555,12794.26737317921
"DC-PPO (fixed 60, 3 seeds)",historical,609.0,467469.4036458333,11757.401308160595
"DC-PPO (fixed 60, 3 seeds)",historical,611.0,468426.7369791667,11901.25419332047
"DC-PPO (fixed 60, 3 seeds)",historical,613.0,469428.640625,10941.659652078028
"DC-PPO (fixed 60, 3 seeds)",historical,615.0,470322.38888888893,10873.586655137824
"DC-PPO (fixed 60, 3 seeds)",historical,617.0,470059.01475694444,10910.109095366879
"DC-PPO (fixed 60, 3 seeds)",historical,619.0,469210.79340277775,10462.736765498556
"DC-PPO (fixed 60, 3 seeds)",historical,621.0,468444.2161458333,10023.973508106777
"DC-PPO (fixed 60, 3 seeds)",historical,623.0,468127.0520833333,10404.875808599105
"DC-PPO (fixed 60, 3 seeds)",historical,625.0,469884.90711805556,11118.620171715684
"DC-PPO (fixed 60, 3 seeds)",historical,627.0,469719.8984375,11425.410684396815
"DC-PPO (fixed 60, 3 seeds)",historical,629.0,470943.71527777775,12491.853095149707
"DC-PPO (fixed 60, 3 seeds)",historical,631.0,468586.8958333333,14209.647568870185
"DC-PPO (fixed 60, 3 seeds)",historical,633.0,470476.2178819445,12936.493959648726
"DC-PPO (fixed 60, 3 seeds)",historical,635.0,470488.81684027775,10679.21313132558
"DC-PPO (fixed 60, 3 seeds)",historical,637.0,471864.30381944444,8231.896141161686
"DC-PPO (fixed 60, 3 seeds)",historical,639.0,470142.08940972225,10140.48413490292
"DC-PPO (fixed 60, 3 seeds)",historical,641.0,469609.55555555556,9669.640882386111
"DC-PPO (fixed 60, 3 seeds)",historical,643.0,470108.15190972225,11025.942376786095
"DC-PPO (fixed 60, 3 seeds)",historical,645.0,470548.3671875,11462.818648500574
"DC-PPO (fixed 60, 3 seeds)",historical,647.0,471750.8385416667,12279.939716821542
"DC-PPO (fixed 60, 3 seeds)",historical,649.0,471323.5,11022.474927992613
"DC-PPO (fixed 60, 3 seeds)",historical,651.0,472216.1024305555,9901.663968905394
"DC-PPO (fixed 60, 3 seeds)",historical,653.0,471132.37934027775,10373.035339467295
"DC-PPO (fixed 60, 3 seeds)",historical,655.0,471048.5295138888,11288.41081400075
"DC-PPO (fixed 60, 3 seeds)",historical,657.0,471066.2786458333,11979.42341553564
"DC-PPO (fixed 60, 3 seeds)",historical,659.0,471679.85329861107,11733.648336936276
"DC-PPO (fixed 60, 3 seeds)",historical,661.0,474317.1649305555,11574.411704614306
"DC-PPO (fixed 60, 3 seeds)",historical,663.0,475590.9227430555,12495.74075663725
"DC-PPO (fixed 60, 3 seeds)",historical,665.0,476679.8723958333,13789.582219670572
"DC-PPO (fixed 60, 3 seeds)",historical,667.0,474720.68923611107,14872.148042076513
"DC-PPO (fixed 60, 3 seeds)",historical,669.0,473819.83767361107,14278.130827668345
"DC-PPO (fixed 60, 3 seeds)",historical,671.0,473054.33246527775,13488.905952054698
"DC-PPO (fixed 60, 3 seeds)",historical,673.0,474382.2543402778,12075.220251185065
"DC-PPO (fixed 60, 3 seeds)",historical,675.0,475267.47482638893,13561.035019369267
"DC-PPO (fixed 60, 3 seeds)",historical,677.0,476285.32899305556,14598.366873794832
"DC-PPO (fixed 60, 3 seeds)",historical,679.0,474738.9600694445,16046.74962873548
"DC-PPO (fixed 60, 3 seeds)",historical,681.0,474289.55642361107,16416.35767957035
"DC-PPO (fixed 60, 3 seeds)",historical,683.0,474543.2786458333,16881.044157524953
"DC-PPO (fixed 60, 3 seeds)",historical,685.0,474844.08246527775,15475.126881259674
"DC-PPO (fixed 60, 3 seeds)",historical,687.0,474347.92274305556,13908.7172688824
"DC-PPO (fixed 60, 3 seeds)",historical,689.0,473374.9375,13512.647488220586
"DC-PPO (fixed 60, 3 seeds)",historical,691.0,474195.89149305556,13769.09831802662
"DC-PPO (fixed 60, 3 seeds)",historical,693.0,475993.8046875,13231.883055921404
"DC-PPO (fixed 60, 3 seeds)",historical,695.0,477530.875,12639.822748807439
"DC-PPO (fixed 60, 3 seeds)",historical,697.0,478467.6171875,14019.525564564061
"DC-PPO (fixed 60, 3 seeds)",historical,699.0,477839.7005208333,14334.683834046533
"DC-PPO (fixed 60, 3 seeds)",historical,701.0,476262.9704861112,13037.484586919678
"DC-PPO (fixed 60, 3 seeds)",historical,703.0,476042.7743055555,11554.090557488009
"DC-PPO (fixed 60, 3 seeds)",historical,705.0,475560.6796875,9687.430017145434
"DC-PPO (fixed 60, 3 seeds)",historical,707.0,476325.6197916667,9784.081297237395
"DC-PPO (fixed 60, 3 seeds)",historical,709.0,476215.1571180555,8736.748815681402
"DC-PPO (fixed 60, 3 seeds)",historical,711.0,476369.2204861112,8685.515265409449
"DC-PPO (fixed 60, 3 seeds)",historical,713.0,477007.3697916667,7884.6118453668205
"DC-PPO (fixed 60, 3 seeds)",historical,715.0,477705.5807291667,8846.934488613322
"DC-PPO (fixed 60, 3 seeds)",historical,717.0,479375.15625,9103.758676397918
"DC-PPO (fixed 60, 3 seeds)",historical,719.0,479582.34375,9850.617602655215
"DC-PPO (fixed 60, 3 seeds)",historical,721.0,479603.62673611107,8898.699048738532
"DC-PPO (fixed 60, 3 seeds)",historical,723.0,479477.09288194444,9477.986066396794
"DC-PPO (fixed 60, 3 seeds)",historical,725.0,479683.38628472225,8620.471224850711
"DC-PPO (fixed 60, 3 seeds)",historical,727.0,479716.72309027775,8058.371979860686
"DC-PPO (fixed 60, 3 seeds)",historical,729.0,480775.2786458333,8802.104004438499
"DC-PPO (fixed 60, 3 seeds)",historical,731.0,482582.0720486112,8526.936926970213
"DC-PPO (fixed 60, 3 seeds)",historical,733.0,483280.81597222225,8339.833304570035
"DC-PPO (fixed 60, 3 seeds)",historical,735.0,482964.33246527775,7481.056488348974
"DC-PPO (fixed 60, 3 seeds)",historical,737.0,481218.00694444444,6874.9005263352
"DC-PPO (fixed 60, 3 seeds)",historical,739.0,481169.4401041667,7617.5135064766055
"DC-PPO (fixed 60, 3 seeds)",historical,741.0,479868.28559027775,7452.465866389028
"DC-PPO (fixed 60, 3 seeds)",historical,743.0,480723.5677083333,8292.39136734103
"DC-PPO (fixed 60, 3 seeds)",historical,745.0,481989.59548611107,8050.195333734963
"DC-PPO (fixed 60, 3 seeds)",historical,747.0,482741.8663194445,8457.062102855236
"DC-PPO (fixed 60, 3 seeds)",historical,749.0,482906.97048611107,9485.572977884562
"DC-PPO (fixed 60, 3 seeds)",historical,751.0,481004.99131944444,10118.418105018149
"DC-PPO (fixed 60, 3 seeds)",historical,753.0,481561.5581597222,10366.716881532362
"DC-PPO (fixed 60, 3 seeds)",historical,755.0,480842.875,9224.312003839497
"DC-PPO (fixed 60, 3 seeds)",historical,757.0,481180.67621527775,8494.954641137412
"DC-PPO (fixed 60, 3 seeds)",historical,759.0,480504.06076388893,8125.528118104283
"DC-PPO (fixed 60, 3 seeds)",historical,761.0,481470.22309027775,9644.808689458361
"DC-PPO (fixed 60, 3 seeds)",historical,763.0,482825.63368055556,10517.99449156384
"DC-PPO (fixed 60, 3 seeds)",historical,765.0,483209.1119791667,10560.398481451373
"DC-PPO (fixed 60, 3 seeds)",historical,767.0,483688.47048611107,10117.381987084846
"DC-PPO (fixed 60, 3 seeds)",historical,769.0,483451.5911458333,8908.991822758528
"DC-PPO (fixed 60, 3 seeds)",historical,771.0,483815.2838541667,9019.783394923483
"DC-PPO (fixed 60, 3 seeds)",historical,773.0,485162.58506944444,8478.434955106373
"DC-PPO (fixed 60, 3 seeds)",historical,775.0,485841.08680555556,7667.6332558246695
"DC-PPO (fixed 60, 3 seeds)",historical,777.0,486588.9817708333,6961.118976097973
"DC-PPO (fixed 60, 3 seeds)",historical,779.0,484574.27170138893,7927.995943578255
"DC-PPO (fixed 60, 3 seeds)",historical,781.0,484748.5052083333,9974.256651892276
"DC-PPO (fixed 60, 3 seeds)",historical,783.0,484537.0486111112,10245.813042228992
"DC-PPO (fixed 60, 3 seeds)",historical,785.0,485415.92274305556,9666.17285194928
"DC-PPO (fixed 60, 3 seeds)",historical,787.0,485788.07638888893,9655.381745486777
"DC-PPO (fixed 60, 3 seeds)",historical,789.0,486107.90017361107,10324.814698331125
"DC-PPO (fixed 60, 3 seeds)",historical,791.0,485597.5182291667,9810.630813280355
"DC-PPO (fixed 60, 3 seeds)",historical,793.0,485083.21875,8911.071304366758
"DC-PPO (fixed 60, 3 seeds)",historical,795.0,483960.6354166667,9724.068064621026
"DC-PPO (fixed 60, 3 seeds)",historical,797.0,484242.3229166667,8662.13815189016
"DC-PPO (fixed 60, 3 seeds)",historical,799.0,483873.6371527778,7828.209768495706
"DC-PPO (fixed 60, 3 seeds)",historical,801.0,484273.2916666667,7854.422282552064
"DC-PPO (fixed 60, 3 seeds)",historical,803.0,482929.07638888893,8066.917406074374
"DC-PPO (fixed 60, 3 seeds)",historical,805.0,482285.08246527775,8337.992110044348
"DC-PPO (fixed 60, 3 seeds)",historical,807.0,483267.7951388888,7328.773433820439
"DC-PPO (fixed 60, 3 seeds)",historical,809.0,483739.3125,7496.319325369051
"DC-PPO (fixed 60, 3 seeds)",historical,811.0,484613.77170138893,8536.10987640396
"DC-PPO (fixed 60, 3 seeds)",historical,813.0,483641.75,8807.001840272062
"DC-PPO (fixed 60, 3 seeds)",historical,815.0,483414.5677083333,6452.648973187449
"DC-PPO (fixed 60, 3 seeds)",historical,817.0,482927.9184027778,6003.162545522666
"DC-PPO (fixed 60, 3 seeds)",historical,819.0,482609.0173611112,5206.481880752117
"DC-PPO (fixed 60, 3 seeds)",historical,821.0,484634.11631944444,6320.687621070059
"DC-PPO (fixed 60, 3 seeds)",historical,823.0,483705.9453125,8181.128776119494
"DC-PPO (fixed 60, 3 seeds)",historical,825.0,484476.12065972225,9893.326116254406
"DC-PPO (fixed 60, 3 seeds)",historical,827.0,482583.85243055556,11793.350122694023
"DC-PPO (fixed 60, 3 seeds)",historical,829.0,484112.87934027775,9261.352689918212
"DC-PPO (fixed 60, 3 seeds)",historical,831.0,484451.7664930555,8135.5197926308865
"DC-PPO (fixed 60, 3 seeds)",historical,833.0,486639.5147569445,7364.89234564566
"DC-PPO (fixed 60, 3 seeds)",historical,835.0,485785.9887152778,8180.557788491022
"DC-PPO (fixed 60, 3 seeds)",historical,837.0,484890.7395833333,8244.759912519421
"DC-PPO (fixed 60, 3 seeds)",historical,839.0,485411.1536458333,7872.5521184040335
"DC-PPO (fixed 60, 3 seeds)",historical,841.0,487351.31423611107,8443.52806250922
"DC-PPO (fixed 60, 3 seeds)",historical,843.0,488004.1041666667,8871.703024487771
"DC-PPO (fixed 60, 3 seeds)",historical,845.0,487453.27517361107,10066.659179819977
"DC-PPO (fixed 60, 3 seeds)",historical,847.0,486398.59809027775,8802.421495712919
"DC-PPO (fixed 60, 3 seeds)",historical,849.0,486903.3220486112,8198.261356056442
"DC-PPO (fixed 60, 3 seeds)",historical,851.0,485945.84461805556,5921.135642237473
"DC-PPO (fixed 60, 3 seeds)",historical,853.0,487135.0434027778,5747.668957971736
"DC-PPO (fixed 60, 3 seeds)",historical,855.0,487074.43836805556,4860.545417513973
"DC-PPO (fixed 60, 3 seeds)",historical,857.0,488844.1901041667,6905.141598168288
"DC-PPO (fixed 60, 3 seeds)",historical,859.0,488665.671875,6653.911027114804
"DC-PPO (fixed 60, 3 seeds)",historical,861.0,489383.06597222225,8681.879289535045
"DC-PPO (fixed 60, 3 seeds)",historical,863.0,488978.2039930555,7702.656435384964
"DC-PPO (fixed 60, 3 seeds)",historical,865.0,489555.02517361107,8305.602365361301
"DC-PPO (fixed 60, 3 seeds)",historical,867.0,488936.62326388893,6615.1505667000265
"DC-PPO (fixed 60, 3 seeds)",historical,869.0,489827.49305555556,6422.303821726949
"DC-PPO (fixed 60, 3 seeds)",historical,871.0,488429.7994791667,6222.9777303813735
"DC-PPO (fixed 60, 3 seeds)",historical,873.0,488496.33420138893,6820.141395458395
"DC-PPO (fixed 60, 3 seeds)",historical,875.0,487463.9409722222,7761.310346407977
"DC-PPO (fixed 60, 3 seeds)",historical,877.0,486498.23090277775,8894.249400822277
"DC-PPO (fixed 60, 3 seeds)",historical,879.0,487491.5243055555,9447.682327140194
"DC-PPO (fixed 60, 3 seeds)",historical,881.0,487146.29253472225,10611.36669169319
"DC-PPO (fixed 60, 3 seeds)",historical,883.0,489284.6362847222,11217.283592186965
"DC-PPO (fixed 60, 3 seeds)",historical,885.0,488961.0338541667,11479.467378534237
"DC-PPO (fixed 60, 3 seeds)",historical,887.0,489825.9427083333,12239.665369477401
"DC-PPO (fixed 60, 3 seeds)",historical,889.0,489641.38107638893,12289.252351468147
"DC-PPO (fixed 60, 3 seeds)",historical,891.0,489255.71180555556,13348.637941634963
"DC-PPO (fixed 60, 3 seeds)",historical,893.0,489000.85069444444,12668.06931534667
"DC-PPO (fixed 60, 3 seeds)",historical,895.0,488887.6848958333,12500.102291877654
"DC-PPO (fixed 60, 3 seeds)",historical,897.0,488871.37065972225,11346.26571050172
"DC-PPO (fixed 60, 3 seeds)",historical,899.0,488642.9817708333,10561.461456914436
"DC-PPO (fixed 60, 3 seeds)",historical,901.0,489167.9539930555,9817.671587899407
"DC-PPO (fixed 60, 3 seeds)",historical,903.0,489205.4010416667,9384.976090854794
"DC-PPO (fixed 60, 3 seeds)",historical,905.0,489067.40538194444,8545.165983214365
"DC-PPO (fixed 60, 3 seeds)",historical,907.0,489303.17100694444,10486.179719827836
"DC-PPO (fixed 60, 3 seeds)",historical,909.0,489265.6727430555,11073.30457695129
"DC-PPO (fixed 60, 3 seeds)",historical,911.0,488060.46701388893,13299.016663363758
"DC-PPO (fixed 60, 3 seeds)",historical,913.0,487247.35069444444,12041.757734044955
"DC-PPO (fixed 60, 3 seeds)",historical,915.0,487186.72829861107,12906.173813993248
"DC-PPO (fixed 60, 3 seeds)",historical,917.0,489025.94444444444,13572.231937151455
"DC-PPO (fixed 60, 3 seeds)",historical,919.0,488536.89756944444,14475.378960854816
"DC-PPO (fixed 60, 3 seeds)",historical,921.0,490387.60590277775,14375.527152927552
"DC-PPO (fixed 60, 3 seeds)",historical,923.0,491247.01475694444,13537.639737526304
"DC-PPO (fixed 60, 3 seeds)",historical,925.0,493075.07725694444,13067.752805156288
"DC-PPO (fixed 60, 3 seeds)",historical,927.0,491569.4505208333,12807.95024678748
"DC-PPO (fixed 60, 3 seeds)",historical,929.0,490875.8020833333,11839.20238293777
"DC-PPO (fixed 60, 3 seeds)",historical,931.0,489123.75434027775,11661.3376674492
"DC-PPO (fixed 60, 3 seeds)",historical,933.0,488880.2100694445,12570.268765736007
"DC-PPO (fixed 60, 3 seeds)",historical,935.0,487178.046875,13892.8726598516
"DC-PPO (fixed 60, 3 seeds)",historical,937.0,487759.0807291667,13940.0783636139
"DC-PPO (fixed 60, 3 seeds)",historical,939.0,486959.2517361112,11291.741243899221
"DC-PPO (fixed 60, 3 seeds)",historical,941.0,488079.265625,9754.554012265671
"DC-PPO (fixed 60, 3 seeds)",historical,943.0,486742.8307291667,10830.29267957183
"DC-PPO (fixed 60, 3 seeds)",historical,945.0,488572.64149305556,12741.824488336188
"DC-PPO (fixed 60, 3 seeds)",historical,947.0,486284.82118055556,12881.540765215705
"DC-PPO (fixed 60, 3 seeds)",historical,949.0,486561.5503472222,12157.695614292461
"DC-PPO (fixed 60, 3 seeds)",historical,951.0,486289.0208333333,11799.619390665037
"DC-PPO (fixed 60, 3 seeds)",historical,953.0,488736.10503472225,12301.570047277733
"DC-PPO (fixed 60, 3 seeds)",historical,955.0,488985.33246527775,12144.055257015696
"DC-PPO (fixed 60, 3 seeds)",historical,957.0,487979.2647569445,12671.811454020371
"DC-PPO (fixed 60, 3 seeds)",historical,959.0,486810.4079861112,12450.384091970245
"DC-PPO (fixed 60, 3 seeds)",historical,961.0,486232.14149305556,12482.831511068853
"DC-PPO (fixed 60, 3 seeds)",historical,963.0,485401.9253472222,11387.512037899043
"DC-PPO (fixed 60, 3 seeds)",historical,965.0,485114.77951388893,12446.391348289399
"DC-PPO (fixed 60, 3 seeds)",historical,967.0,485372.98003472225,12141.965705932249
"DC-PPO (fixed 60, 3 seeds)",historical,969.0,485898.75954861107,12260.692131728465
"DC-PPO (fixed 60, 3 seeds)",historical,971.0,486206.93836805556,11922.929090133202
"DC-PPO (fixed 60, 3 seeds)",historical,973.0,486937.8394097222,11417.254108221909
"DC-PPO (fixed 60, 3 seeds)",historical,975.0,488997.2256944445,11388.344583850849
"DC-PPO (fixed 60, 3 seeds)",historical,977.0,489108.2213541667,10308.476442236466
"DC-PPO (fixed 60, 3 seeds)",historical,979.0,489003.0572916667,8639.414303946285
"DC-PPO (fixed 60, 3 seeds)",historical,981.0,488235.9479166667,8087.969541840361
"DC-PPO (fixed 60, 3 seeds)",historical,983.0,489135.359375,8465.971260165206
"DC-PPO (fixed 60, 3 seeds)",historical,985.0,489181.0598958333,10388.493300710004
"DC-PPO (fixed 60, 3 seeds)",historical,987.0,489581.49392361107,9930.378547529894
"DC-PPO (fixed 60, 3 seeds)",historical,989.0,489439.03125,7935.022922473698
"DC-PPO (fixed 60, 3 seeds)",historical,991.0,489678.2543402778,7789.168711378684
"DC-PPO (fixed 60, 3 seeds)",historical,993.0,490905.25434027775,7956.036439076699
"DC-PPO (fixed 60, 3 seeds)",historical,995.0,491363.82465277775,9265.266957484733
"DC-PPO (fixed 60, 3 seeds)",historical,997.0,491927.25,8029.318050589154
"DC-PPO (fixed 60, 3 seeds)",historical,999.0,489701.9973958333,7815.448005079789
"DC-PPO (fixed 60, 3 seeds)",historical,1001.0,489854.25434027775,7484.97807399979
"DC-PPO (fixed 60, 3 seeds)",historical,1003.0,489896.6736111112,7914.359177027432
"DC-PPO (fixed 60, 3 seeds)",historical,1005.0,491600.8324652778,7897.871248489045
"DC-PPO (fixed 60, 3 seeds)",historical,1007.0,492372.49392361107,9007.616264263283
"DC-PPO (fixed 60, 3 seeds)",historical,1009.0,492081.1822916667,9101.588163942351
"DC-PPO (fixed 60, 3 seeds)",historical,1011.0,491440.79600694444,8529.521000652448
"DC-PPO (fixed 60, 3 seeds)",historical,1013.0,491184.87847222225,7493.570992171791
"DC-PPO (fixed 60, 3 seeds)",historical,1015.0,490355.95138888893,7043.281295355887
"DC-PPO (fixed 60, 3 seeds)",historical,1017.0,490654.2717013888,8040.160980065586
"DC-PPO (fixed 60, 3 seeds)",historical,1019.0,490898.8376736112,9038.439994233107
"DC-PPO (fixed 60, 3 seeds)",historical,1021.0,493284.9609375,10248.706148597968
"DC-PPO (fixed 60, 3 seeds)",historical,1023.0,494154.7717013888,10545.644346759576
"DC-PPO (fixed 60, 3 seeds)",historical,1025.0,493644.38368055556,9209.793344726835
"DC-PPO (fixed 60, 3 seeds)",historical,1027.0,493436.03125,8626.02664192013
"DC-PPO (fixed 60, 3 seeds)",historical,1029.0,492480.7994791667,8832.23210470872
"DC-PPO (fixed 60, 3 seeds)",historical,1031.0,493773.734375,10495.999713690297
"DC-PPO (fixed 60, 3 seeds)",historical,1033.0,494096.2760416667,11291.076691419325
"DC-PPO (fixed 60, 3 seeds)",historical,1035.0,494813.9201388888,10713.232563724087
"DC-PPO (fixed 60, 3 seeds)",historical,1037.0,493927.4982638888,9704.567022282896
"DC-PPO (fixed 60, 3 seeds)",historical,1039.0,494211.77690972225,8620.30270341487
"DC-PPO (fixed 60, 3 seeds)",historical,1041.0,493558.74131944444,7890.858675675154
"DC-PPO (fixed 60, 3 seeds)",historical,1043.0,493548.65190972225,7728.733261144052
"DC-PPO (fixed 60, 3 seeds)",historical,1045.0,492865.0859375,8122.174166252203
"DC-PPO (fixed 60, 3 seeds)",historical,1047.0,493664.59288194444,8934.9330802071
"DC-PPO (fixed 60, 3 seeds)",historical,1049.0,495087.1770833333,8831.328237804755
"DC-PPO (fixed 60, 3 seeds)",historical,1051.0,495864.47482638893,8416.99867972905
"DC-PPO (fixed 60, 3 seeds)",historical,1053.0,494816.1362847222,8095.465926439387
"DC-PPO (fixed 60, 3 seeds)",historical,1055.0,494350.43402777775,8696.58089718429
"DC-PPO (fixed 60, 3 seeds)",historical,1057.0,493331.4661458333,8721.956195253004
"DC-PPO (fixed 60, 3 seeds)",historical,1059.0,494577.2161458333,8456.206290634482
"DC-PPO (fixed 60, 3 seeds)",historical,1061.0,494908.53125,6930.3276622918365
"DC-PPO (fixed 60, 3 seeds)",historical,1063.0,494875.2395833333,6498.474366785002
"DC-PPO (fixed 60, 3 seeds)",historical,1065.0,494520.8090277778,6180.190874805533
"DC-PPO (fixed 60, 3 seeds)",historical,1067.0,493973.11111111107,7437.332014312196
"DC-PPO (fixed 60, 3 seeds)",historical,1069.0,493868.0086805555,7668.014015781289
"DC-PPO (fixed 60, 3 seeds)",historical,1071.0,493254.3263888888,8169.191073435578
"DC-PPO (fixed 60, 3 seeds)",historical,1073.0,493525.3680555555,8567.286947002565
"DC-PPO (fixed 60, 3 seeds)",historical,1075.0,494679.85763888893,8381.202300333507
"DC-PPO (fixed 60, 3 seeds)",historical,1077.0,494802.8480902778,7768.309281688443
"DC-PPO (fixed 60, 3 seeds)",historical,1079.0,494102.14149305556,8290.89678564421
"DC-PPO (fixed 60, 3 seeds)",historical,1081.0,492138.46440972225,9342.3765870025
"DC-PPO (fixed 60, 3 seeds)",historical,1083.0,491432.1154513888,9980.524530765992
"DC-PPO (fixed 60, 3 seeds)",historical,1085.0,490708.2873263888,8375.839182115044
"DC-PPO (fixed 60, 3 seeds)",historical,1087.0,490740.7456597222,7624.6874181792555
"DC-PPO (fixed 60, 3 seeds)",historical,1089.0,490766.4366319445,8724.898348064882
"DC-PPO (fixed 60, 3 seeds)",historical,1091.0,490441.5208333333,8887.508971835958
"DC-PPO (fixed 60, 3 seeds)",historical,1093.0,489056.4861111112,8322.571036308836
"DC-PPO (fixed 60, 3 seeds)",historical,1095.0,488860.1744791667,9515.090853492093
"DC-PPO (fixed 60, 3 seeds)",historical,1097.0,487879.6041666667,9852.838663632507
"DC-PPO (fixed 60, 3 seeds)",historical,1099.0,488660.0685763888,9817.692074255787
"DC-PPO (fixed 60, 3 seeds)",historical,1101.0,488979.5277777778,10389.085241198629
"DC-PPO (fixed 60, 3 seeds)",historical,1103.0,490538.4626736112,11445.710458527532
"DC-PPO (fixed 60, 3 seeds)",historical,1105.0,490659.203125,12533.78620373682
"DC-PPO (fixed 60, 3 seeds)",historical,1107.0,488387.2621527778,12173.637647990588
"DC-PPO (fixed 60, 3 seeds)",historical,1109.0,485869.30815972225,12279.500427688059
"DC-PPO (fixed 60, 3 seeds)",historical,1111.0,484091.8159722222,12539.54189487135
"DC-PPO (fixed 60, 3 seeds)",historical,1113.0,484456.4609375,13200.142026390378
"DC-PPO (fixed 60, 3 seeds)",historical,1115.0,485372.60329861107,13055.697672897224
"DC-PPO (fixed 60, 3 seeds)",historical,1117.0,485469.4661458333,14153.961414442618
"DC-PPO (fixed 60, 3 seeds)",historical,1119.0,484716.3845486112,13780.591336053669
"DC-PPO (fixed 60, 3 seeds)",historical,1121.0,483843.1015625,14811.466017294382
"DC-PPO (fixed 60, 3 seeds)",historical,1123.0,484897.63454861107,15048.489358377727
"DC-PPO (fixed 60, 3 seeds)",historical,1125.0,486521.34809027775,15475.07900306599
"DC-PPO (fixed 60, 3 seeds)",historical,1127.0,488884.2057291667,15601.938205275506
"DC-PPO (fixed 60, 3 seeds)",historical,1129.0,490103.52256944444,13900.310580564994
"DC-PPO (fixed 60, 3 seeds)",historical,1131.0,490607.2135416667,14057.355462385905
"DC-PPO (fixed 60, 3 seeds)",historical,1133.0,490141.10329861107,13789.546385676533
"DC-PPO (fixed 60, 3 seeds)",historical,1135.0,490129.140625,14075.851942873564
"DC-PPO (fixed 60, 3 seeds)",historical,1137.0,490911.31163194444,14375.604321559213
"DC-PPO (fixed 60, 3 seeds)",historical,1139.0,491461.203125,12980.412345778059
"DC-PPO (fixed 60, 3 seeds)",historical,1141.0,491588.42881944444,13143.55727409588
"DC-PPO (fixed 60, 3 seeds)",historical,1143.0,491603.9479166667,11221.188738844408
"DC-PPO (fixed 60, 3 seeds)",historical,1145.0,491511.9166666667,11489.96884819539
"DC-PPO (fixed 60, 3 seeds)",historical,1147.0,492245.36371527775,11305.280506032524
"DC-PPO (fixed 60, 3 seeds)",historical,1149.0,492223.9730902778,11376.173282202797
"DC-PPO (fixed 60, 3 seeds)",historical,1151.0,491914.99131944444,11420.719986903887
"DC-PPO (fixed 60, 3 seeds)",historical,1153.0,491953.69184027775,12072.341340322404
"DC-PPO (fixed 60, 3 seeds)",historical,1155.0,492124.14236111107,11191.882938482933
"DC-PPO (fixed 60, 3 seeds)",historical,1157.0,492983.7413194445,11326.434453596781
"DC-PPO (fixed 60, 3 seeds)",historical,1159.0,493185.61284722225,11753.579197147312
"DC-PPO (fixed 60, 3 seeds)",historical,1161.0,492760.17795138893,13365.27364105085
"DC-PPO (fixed 60, 3 seeds)",historical,1163.0,492184.4383680555,13874.013075584015
"DC-PPO (fixed 60, 3 seeds)",historical,1165.0,491954.38107638893,13311.391765480941
"DC-PPO (fixed 60, 3 seeds)",historical,1167.0,491513.6961805555,13437.917640073329
"DC-PPO (fixed 60, 3 seeds)",historical,1169.0,491307.2734375,13570.645297793357
"DC-PPO (fixed 60, 3 seeds)",historical,1171.0,490424.15451388893,13800.084412484255
"DC-PPO (fixed 60, 3 seeds)",historical,1173.0,490705.375,14134.76068337122
"DC-PPO (fixed 60, 3 seeds)",historical,1175.0,490520.9453125,14095.798903229046
"DC-PPO (fixed 60, 3 seeds)",historical,1177.0,490582.484375,14027.07582896285
"DC-PPO (fixed 60, 3 seeds)",historical,1179.0,491334.8524305555,14134.126363946896
"DC-PPO (fixed 60, 3 seeds)",historical,1181.0,491098.3385416667,15108.544024626179
"DC-PPO (fixed 60, 3 seeds)",historical,1183.0,491498.56163194444,15741.704644014397
"DC-PPO (fixed 60, 3 seeds)",historical,1185.0,490609.859375,15968.781000263367
"DC-PPO (fixed 60, 3 seeds)",historical,1187.0,492203.7161458333,15366.17701756257
"DC-PPO (fixed 60, 3 seeds)",historical,1189.0,491767.5234375,15427.519355785033
"DC-PPO (fixed 60, 3 seeds)",historical,1191.0,493013.625,14722.405616052247
"DC-PPO (fixed 60, 3 seeds)",historical,1193.0,493104.1796875,14492.434217894202
"DC-PPO (fixed 60, 3 seeds)",historical,1195.0,494347.8828125,13863.631340833477
"DC-PPO (fixed 60, 3 seeds)",historical,1197.0,493622.2065972222,14373.475380629785
"DC-PPO (fixed 60, 3 seeds)",historical,1199.0,492864.6788194445,13818.902726137127
"DC-PPO (fixed 60, 3 seeds)",historical,1201.0,492387.7265625,13936.05141029764
"DC-PPO (fixed 60, 3 seeds)",historical,1203.0,492712.0598958333,12666.237719168865
"DC-PPO (fixed 60, 3 seeds)",historical,1205.0,492146.5928819445,12640.513660388995
"DC-PPO (fixed 60, 3 seeds)",historical,1207.0,490286.19444444444,13194.541549637868
"DC-PPO (fixed 60, 3 seeds)",historical,1209.0,489123.3385416667,13586.372183284235
"DC-PPO (fixed 60, 3 seeds)",historical,1211.0,490067.7829861112,13988.295854993949
"DC-PPO (fixed 60, 3 seeds)",historical,1213.0,490842.28993055556,13696.845755311344
"DC-PPO (fixed 60, 3 seeds)",historical,1215.0,491479.66059027775,13390.998299541247
"DC-PPO (fixed 60, 3 seeds)",historical,1217.0,491487.12413194444,13166.111462546725
"DC-PPO (fixed 60, 3 seeds)",historical,1219.0,493261.8836805555,11326.373036438454
"DC-PPO (fixed 60, 3 seeds)",historical,1221.0,494368.74392361107,11688.932083895388
"DC-PPO (fixed 60, 3 seeds)",historical,1223.0,493929.02690972225,10809.81085601447
"DC-PPO (fixed 60, 3 seeds)",historical,1225.0,493390.69444444444,12031.542115428168
"DC-PPO (fixed 60, 3 seeds)",historical,1227.0,493698.71527777775,11465.5499687484
"DC-PPO (fixed 60, 3 seeds)",historical,1229.0,493035.4644097222,10887.544320761235
"DC-PPO (fixed 60, 3 seeds)",historical,1231.0,492810.62326388893,11135.143724543752
"DC-PPO (fixed 60, 3 seeds)",historical,1233.0,492603.5373263888,11644.156460443783
"DC-PPO (fixed 60, 3 seeds)",historical,1235.0,492868.1640625,12924.361652047624
"DC-PPO (fixed 60, 3 seeds)",historical,1237.0,494371.2291666667,12784.974356411829
"DC-PPO (fixed 60, 3 seeds)",historical,1239.0,494684.90798611107,11758.42657024804
"DC-PPO (fixed 60, 3 seeds)",historical,1241.0,495660.69965277775,11269.183808496213
"DC-PPO (fixed 60, 3 seeds)",historical,1243.0,494515.1701388888,12034.670658191284
"DC-PPO (fixed 60, 3 seeds)",historical,1245.0,495174.8654513888,12185.997178552063
"DC-PPO (fixed 60, 3 seeds)",historical,1247.0,494897.890625,13009.050340113417
"DC-PPO (fixed 60, 3 seeds)",historical,1249.0,494874.4895833333,12764.847197858573
"DC-PPO (fixed 60, 3 seeds)",historical,1251.0,493672.6354166667,12945.160208799085
"DC-PPO (fixed 60, 3 seeds)",historical,1253.0,493508.2109375,11468.73987711796
"DC-PPO (fixed 60, 3 seeds)",historical,1255.0,492793.21440972225,10645.382614628654
"DC-PPO (fixed 60, 3 seeds)",historical,1257.0,492957.9244791667,10547.175058316752
"DC-PPO (fixed 60, 3 seeds)",historical,1259.0,493549.9817708333,10663.180576946967
"DC-PPO (fixed 60, 3 seeds)",historical,1261.0,494946.1796875,10954.131602700618
"DC-PPO (fixed 60, 3 seeds)",historical,1263.0,494758.2309027778,11030.431724016724
"DC-PPO (fixed 60, 3 seeds)",historical,1265.0,495081.8880208333,11153.649975970311
"DC-PPO (fixed 60, 3 seeds)",historical,1267.0,494350.78732638893,10898.197876667055
"DC-PPO (fixed 60, 3 seeds)",historical,1269.0,494644.9088541667,10939.790449638827
"DC-PPO (fixed 60, 3 seeds)",historical,1271.0,494522.08246527775,11653.773401600305
"DC-PPO (fixed 60, 3 seeds)",historical,1273.0,495474.8671875,11044.290976031605
"DC-PPO (fixed 60, 3 seeds)",historical,1275.0,495697.4548611112,9863.860117363032
"DC-PPO (fixed 60, 3 seeds)",historical,1277.0,496258.4192708333,8165.917830653571
"DC-PPO (fixed 60, 3 seeds)",historical,1279.0,495296.9947916667,7892.330088679957
"DC-PPO (fixed 60, 3 seeds)",historical,1281.0,495411.51475694444,8299.526955040124
"DC-PPO (fixed 60, 3 seeds)",historical,1283.0,495185.50954861107,9358.44296073978
"DC-PPO (fixed 60, 3 seeds)",historical,1285.0,495755.6597222222,9025.65776614377
"DC-PPO (fixed 60, 3 seeds)",historical,1287.0,495828.2083333333,9237.180505215374
"DC-PPO (fixed 60, 3 seeds)",historical,1289.0,495788.2578125,7739.5999143671925
"DC-PPO (fixed 60, 3 seeds)",historical,1291.0,496635.6397569445,7866.4722581104825
"DC-PPO (fixed 60, 3 seeds)",historical,1293.0,496956.11545138893,6581.711434141519
"DC-PPO (fixed 60, 3 seeds)",historical,1295.0,497238.7361111112,6119.966678750979
"DC-PPO (fixed 60, 3 seeds)",historical,1297.0,497477.2699652778,5495.703788820827
"DC-PPO (fixed 60, 3 seeds)",historical,1299.0,497471.1901041667,5319.93064985208
"DC-PPO (fixed 60, 3 seeds)",historical,1301.0,498204.15017361107,6046.2670703250205
"DC-PPO (fixed 60, 3 seeds)",historical,1303.0,498078.76649305556,6638.083356612382
"DC-PPO (fixed 60, 3 seeds)",historical,1305.0,497523.515625,7763.362659260913
"DC-PPO (fixed 60, 3 seeds)",historical,1307.0,498096.4036458333,8437.4467501055
"DC-PPO (fixed 60, 3 seeds)",historical,1309.0,497423.1432291667,8342.756699316984
"DC-PPO (fixed 60, 3 seeds)",historical,1311.0,499608.8828125,8511.16554170756
"DC-PPO (fixed 60, 3 seeds)",historical,1313.0,498507.51475694444,7538.53617947114
"DC-PPO (fixed 60, 3 seeds)",historical,1315.0,498821.0920138888,6266.930592855289
"DC-PPO (fixed 60, 3 seeds)",historical,1317.0,497922.70659722225,5487.23259233932
"DC-PPO (fixed 60, 3 seeds)",historical,1319.0,497980.7942708333,4530.157096283468
"DC-PPO (fixed 60, 3 seeds)",historical,1321.0,499214.7065972222,5776.057841815264
"DC-PPO (fixed 60, 3 seeds)",historical,1323.0,499739.30642361107,4676.161817014556
"DC-PPO (fixed 60, 3 seeds)",historical,1325.0,499444.0755208333,6213.915566014176
"DC-PPO (fixed 60, 3 seeds)",historical,1327.0,500129.6614583333,5853.812408270556
"DC-PPO (fixed 60, 3 seeds)",historical,1329.0,500186.19878472225,8419.085009600109
"DC-PPO (fixed 60, 3 seeds)",historical,1331.0,501959.1822916667,7642.717578105515
"DC-PPO (fixed 60, 3 seeds)",historical,1333.0,501169.97222222225,7429.7543189301905
"DC-PPO (fixed 60, 3 seeds)",historical,1335.0,500148.5668402778,6729.733327692681
"DC-PPO (fixed 60, 3 seeds)",historical,1337.0,499725.7803819445,6646.0499734618925
"DC-PPO (fixed 60, 3 seeds)",historical,1339.0,499593.29079861107,7461.099524065539
"DC-PPO (fixed 60, 3 seeds)",historical,1341.0,500183.4635416667,7497.1847657441895
"DC-PPO (fixed 60, 3 seeds)",historical,1343.0,500028.5902777778,7611.446286527432
"DC-PPO (fixed 60, 3 seeds)",historical,1345.0,500895.3645833333,7088.776463757644
"DC-PPO (fixed 60, 3 seeds)",historical,1347.0,499939.4279513888,7065.660296456009
"DC-PPO (fixed 60, 3 seeds)",historical,1349.0,501047.5138888888,7067.571290919635
"DC-PPO (fixed 60, 3 seeds)",historical,1351.0,500007.9140625,7263.836799573315
"DC-PPO (fixed 60, 3 seeds)",historical,1353.0,500809.92621527775,7889.106285960456
"DC-PPO (fixed 60, 3 seeds)",historical,1355.0,499574.4366319445,8955.041405367265
"DC-PPO (fixed 60, 3 seeds)",historical,1357.0,500605.1475694445,8458.75342544406
"DC-PPO (fixed 60, 3 seeds)",historical,1359.0,501793.2005208333,7679.983307861198
"DC-PPO (fixed 60, 3 seeds)",historical,1361.0,502548.96006944444,6558.299830546504
"DC-PPO (fixed 60, 3 seeds)",historical,1363.0,501339.4947916667,6518.700662298979
"DC-PPO (fixed 60, 3 seeds)",historical,1365.0,501834.43923611107,6560.249848147525
"DC-PPO (fixed 60, 3 seeds)",historical,1367.0,502898.265625,6497.574294397339
"DC-PPO (fixed 60, 3 seeds)",historical,1369.0,503677.03472222225,6923.9052993747755
"DC-PPO (fixed 60, 3 seeds)",historical,1371.0,502935.1779513888,8149.678842014234
"DC-PPO (fixed 60, 3 seeds)",historical,1373.0,502562.2161458333,8446.427127943574
"DC-PPO (fixed 60, 3 seeds)",historical,1375.0,503522.3185763888,9172.673846321775
"DC-PPO (fixed 60, 3 seeds)",historical,1377.0,503826.7560763888,8880.220348415702
"DC-PPO (fixed 60, 3 seeds)",historical,1379.0,503873.31597222225,9826.028643501648
"DC-PPO (fixed 60, 3 seeds)",historical,1381.0,503627.2994791667,9923.080723622612
"DC-PPO (fixed 60, 3 seeds)",historical,1383.0,503691.1935763888,9245.317267488485
"DC-PPO (fixed 60, 3 seeds)",historical,1385.0,502933.9583333333,8205.376467777669
"DC-PPO (fixed 60, 3 seeds)",historical,1387.0,502306.49826388893,8096.022660581619
"DC-PPO (fixed 60, 3 seeds)",historical,1389.0,501464.77690972225,8871.646298379394
"DC-PPO (fixed 60, 3 seeds)",historical,1391.0,500339.0225694445,9754.041777633547
"DC-PPO (fixed 60, 3 seeds)",historical,1393.0,500754.2699652778,10231.41999320779
"DC-PPO (fixed 60, 3 seeds)",historical,1395.0,500880.56423611107,9367.339382897202
"DC-PPO (fixed 60, 3 seeds)",historical,1397.0,501873.68142361107,9549.161682811015
"DC-PPO (fixed 60, 3 seeds)",historical,1399.0,501514.1953125,9681.162039314057
"DC-PPO (fixed 60, 3 seeds)",historical,1401.0,502364.4348958333,10861.50349651394
"DC-PPO (fixed 60, 3 seeds)",historical,1403.0,502256.40017361107,10997.462118056907
"DC-PPO (fixed 60, 3 seeds)",historical,1405.0,500944.2690972222,11231.365351506001
"DC-PPO (fixed 60, 3 seeds)",historical,1407.0,500162.5807291667,11992.689264395043
"DC-PPO (fixed 60, 3 seeds)",historical,1409.0,500010.88194444444,12166.256652983036
"DC-PPO (fixed 60, 3 seeds)",historical,1411.0,500630.10069444444,13040.45133617762
"DC-PPO (fixed 60, 3 seeds)",historical,1413.0,500090.82378472225,12218.820470030965
"DC-PPO (fixed 60, 3 seeds)",historical,1415.0,500397.99045138893,12854.183109247073
"DC-PPO (fixed 60, 3 seeds)",historical,1417.0,501332.9453125,13398.305200765575
"DC-PPO (fixed 60, 3 seeds)",historical,1419.0,500852.69965277775,13360.535875875601
"DC-PPO (fixed 60, 3 seeds)",historical,1421.0,500291.41319444444,13192.416187268047
"DC-PPO (fixed 60, 3 seeds)",historical,1423.0,500524.30902777775,11866.60555299264
"DC-PPO (fixed 60, 3 seeds)",historical,1425.0,501637.16579861107,13123.46898956552
"DC-PPO (fixed 60, 3 seeds)",historical,1427.0,503102.1484375,13062.579448522863
"DC-PPO (fixed 60, 3 seeds)",historical,1429.0,503955.68576388893,12581.294235326908
"DC-PPO (fixed 60, 3 seeds)",historical,1431.0,505019.60850694444,11347.351337172786
"DC-PPO (fixed 60, 3 seeds)",historical,1433.0,505078.8949652778,9893.146765569356
"DC-PPO (fixed 60, 3 seeds)",historical,1435.0,504093.9279513888,9895.09573211896
"DC-PPO (fixed 60, 3 seeds)",historical,1437.0,504020.234375,9865.324485976147
"DC-PPO (fixed 60, 3 seeds)",historical,1439.0,504675.46788194444,11547.720563182636
"DC-PPO (fixed 60, 3 seeds)",historical,1441.0,505339.8602430555,13084.898198945224
"DC-PPO (fixed 60, 3 seeds)",historical,1443.0,505128.33159722225,13739.254333579023
"DC-PPO (fixed 60, 3 seeds)",historical,1445.0,506233.4947916667,14283.805724751212
"DC-PPO (fixed 60, 3 seeds)",historical,1447.0,506034.34982638893,13064.405517965708
"DC-PPO (fixed 60, 3 seeds)",historical,1449.0,506946.5520833333,13760.258943973584
"DC-PPO (fixed 60, 3 seeds)",historical,1451.0,505582.15972222225,13105.332198808801
"DC-PPO (fixed 60, 3 seeds)",historical,1453.0,506795.32465277775,13755.709104023637
"DC-PPO (fixed 60, 3 seeds)",historical,1455.0,506317.94444444444,12966.462577202487
"DC-PPO (fixed 60, 3 seeds)",historical,1457.0,505550.3637152778,14030.614562084083
"DC-PPO (fixed 60, 3 seeds)",historical,1459.0,505242.8385416667,14740.63460112254
"DC-PPO (fixed 60, 3 seeds)",historical,1461.0,505413.9192708333,15298.943243627802
"DC-PPO (fixed 60, 3 seeds)",historical,1463.0,506042.2473958333,15406.63461528931
"DC-PPO (fixed 60, 3 seeds)",historical,1465.0,505183.8697916667,14698.148483669476
"DC-PPO (fixed 60, 3 seeds)",historical,1467.0,504196.6909722222,13572.117192776062
"DC-PPO (fixed 60, 3 seeds)",historical,1469.0,503840.63975694444,11907.922713875598
"DC-PPO (fixed 60, 3 seeds)",historical,1471.0,504510.7829861112,12295.103556779224
"DC-PPO (fixed 60, 3 seeds)",historical,1473.0,505633.0503472222,12486.849094326266
"DC-PPO (fixed 60, 3 seeds)",historical,1475.0,506350.2447916667,13156.747131321363
"DC-PPO (fixed 60, 3 seeds)",historical,1477.0,506911.19184027775,12773.592703814567
"DC-PPO (fixed 60, 3 seeds)",historical,1479.0,507556.6302083333,13343.393367715466
"DC-PPO (fixed 60, 3 seeds)",historical,1481.0,507590.18576388893,13085.096935226138
"DC-PPO (fixed 60, 3 seeds)",historical,1483.0,506541.49045138893,13658.905667681958
"DC-PPO (fixed 60, 3 seeds)",historical,1485.0,505898.27690972225,13543.87898443718
"DC-PPO (fixed 60, 3 seeds)",historical,1487.0,505096.04861111107,14040.226800983557
"DC-PPO (fixed 60, 3 seeds)",historical,1489.0,505321.91493055556,14262.010009464506
"DC-PPO (fixed 60, 3 seeds)",historical,1491.0,504341.93836805556,14269.547915106703
"DC-PPO (fixed 60, 3 seeds)",historical,1493.0,504516.09027777775,14253.360416299385
"DC-PPO (fixed 60, 3 seeds)",historical,1495.0,504157.6822916667,13370.573195005078
"DC-PPO (fixed 60, 3 seeds)",historical,1497.0,505130.3472222222,13391.08835824357
"DC-PPO (fixed 60, 3 seeds)",historical,1499.0,504894.55902777775,12473.250456675563
"DC-PPO (fixed 60, 3 seeds)",historical,1501.0,504904.71527777775,12959.396554835965
"DC-PPO (fixed 60, 3 seeds)",historical,1503.0,504689.0911458333,11201.839881408332
"DC-PPO (fixed 60, 3 seeds)",historical,1505.0,505308.36805555556,11494.285243710721
"DC-PPO (fixed 60, 3 seeds)",historical,1507.0,505093.89409722225,11154.820577554476
"DC-PPO (fixed 60, 3 seeds)",historical,1509.0,504904.7248263888,12199.31422766127
"DC-PPO (fixed 60, 3 seeds)",historical,1511.0,504463.66493055556,13882.773466367664
"DC-PPO (fixed 60, 3 seeds)",historical,1513.0,504991.7664930555,13995.328004770885
"DC-PPO (fixed 60, 3 seeds)",historical,1515.0,505623.5868055555,14246.026533557675
"DC-PPO (fixed 60, 3 seeds)",historical,1517.0,505963.2717013888,13939.29112154631
"DC-PPO (fixed 60, 3 seeds)",historical,1519.0,505980.4184027778,13205.647481627306
"DC-PPO (fixed 60, 3 seeds)",historical,1521.0,505855.3229166667,12923.03522549975
"DC-PPO (fixed 60, 3 seeds)",historical,1523.0,504930.2222222222,14073.464436896285
"DC-PPO (fixed 60, 3 seeds)",historical,1525.0,505044.3871527778,16006.901760444089
"DC-PPO (fixed 60, 3 seeds)",historical,1527.0,505063.65711805556,17105.80343592295
"DC-PPO (fixed 60, 3 seeds)",historical,1529.0,505678.00868055556,15653.035189818984
"DC-PPO (fixed 60, 3 seeds)",historical,1531.0,505599.91059027775,14239.04632520901
"DC-PPO (fixed 60, 3 seeds)",historical,1533.0,505141.43055555556,13426.221003323903
"DC-PPO (fixed 60, 3 seeds)",historical,1535.0,504802.0486111112,12727.33521486266
"DC-PPO (fixed 60, 3 seeds)",historical,1537.0,504864.9366319445,12630.235566055673
"DC-PPO (fixed 60, 3 seeds)",historical,1539.0,505399.77690972225,12014.115279403144
"DC-PPO (fixed 60, 3 seeds)",historical,1541.0,506936.9036458333,12351.028976166903
"DC-PPO (fixed 60, 3 seeds)",historical,1543.0,507252.4079861112,13217.983223571513
"DC-PPO (fixed 60, 3 seeds)",historical,1545.0,507982.2881944445,13951.952540507837
"DC-PPO (fixed 60, 3 seeds)",historical,1547.0,507220.21875,13921.096343296293
"DC-PPO (fixed 60, 3 seeds)",historical,1549.0,507319.3715277778,14240.746089113094
"DC-PPO (fixed 60, 3 seeds)",historical,1551.0,506653.45225694444,14667.0210813499
"DC-PPO (fixed 60, 3 seeds)",historical,1553.0,506546.40538194444,14828.873740155637
"DC-PPO (fixed 60, 3 seeds)",historical,1555.0,506584.20399305556,14014.459223983786
"DC-PPO (fixed 60, 3 seeds)",historical,1557.0,506118.40711805556,12773.40898457011
"DC-PPO (fixed 60, 3 seeds)",historical,1559.0,505873.828125,12750.119897746288
"DC-PPO (fixed 60, 3 seeds)",historical,1561.0,505619.16493055556,13448.277047647953
"DC-PPO (fixed 60, 3 seeds)",historical,1563.0,505251.27690972225,13931.96422020278
"DC-PPO (fixed 60, 3 seeds)",historical,1565.0,504840.6866319445,14366.160833217298
"DC-PPO (fixed 60, 3 seeds)",historical,1567.0,504576.7239583333,13227.792674440336
"DC-PPO (fixed 60, 3 seeds)",historical,1569.0,504074.47482638893,13748.444556020393
"DC-PPO (fixed 60, 3 seeds)",historical,1571.0,504317.1076388888,13645.88546752133
"DC-PPO (fixed 60, 3 seeds)",historical,1573.0,503401.12934027775,12940.784600983752
"DC-PPO (fixed 60, 3 seeds)",historical,1575.0,503312.9131944445,12379.842270790112
"DC-PPO (fixed 60, 3 seeds)",historical,1577.0,502897.5920138888,11698.886335666632
"DC-PPO (fixed 60, 3 seeds)",historical,1579.0,503363.5260416667,12559.690934038357
"DC-PPO (fixed 60, 3 seeds)",historical,1581.0,503890.82986111107,12677.029457408806
"DC-PPO (fixed 60, 3 seeds)",historical,1583.0,503733.7647569445,13380.100299352604
"DC-PPO (fixed 60, 3 seeds)",historical,1585.0,503500.90190972225,12853.688161930426
"DC-PPO (fixed 60, 3 seeds)",historical,1587.0,503144.11111111107,12807.331259848586
"DC-PPO (fixed 60, 3 seeds)",historical,1589.0,503839.1927083333,13289.570357972178
"DC-PPO (fixed 60, 3 seeds)",historical,1591.0,503517.9253472222,13801.592216169676
"DC-PPO (fixed 60, 3 seeds)",historical,1593.0,503538.8645833333,14955.573766660174
"DC-PPO (fixed 60, 3 seeds)",historical,1595.0,503409.5546875,15784.263825829423
"DC-PPO (fixed 60, 3 seeds)",historical,1597.0,503278.42534722225,16087.171603945799
"DC-PPO (fixed 60, 3 seeds)",historical,1599.0,502685.4982638888,16297.279521303743
"DC-PPO (fixed 60, 3 seeds)",historical,1601.0,502766.57118055556,15713.79820356133
"DC-PPO (fixed 60, 3 seeds)",historical,1603.0,503517.4140625,15964.88357051721
"DC-PPO (fixed 60, 3 seeds)",historical,1605.0,504621.25607638893,14735.827578670167
"DC-PPO (fixed 60, 3 seeds)",historical,1607.0,505228.7369791667,14844.262569439852
"DC-PPO (fixed 60, 3 seeds)",historical,1609.0,505951.1510416667,13985.338952223
"DC-PPO (fixed 60, 3 seeds)",historical,1611.0,506896.70486111107,14826.360430097324
"DC-PPO (fixed 60, 3 seeds)",historical,1613.0,507518.90625,13925.715473861113
"DC-PPO (fixed 60, 3 seeds)",historical,1615.0,507937.7821180555,14126.417286393802
"DC-PPO (fixed 60, 3 seeds)",historical,1617.0,507940.22829861107,13497.439801534278
"DC-PPO (fixed 60, 3 seeds)",historical,1619.0,507965.97222222225,12991.13512267013
"DC-PPO (fixed 60, 3 seeds)",historical,1621.0,507048.07118055556,14019.13469410434
"DC-PPO (fixed 60, 3 seeds)",historical,1623.0,507913.2135416667,14831.262261684462
"DC-PPO (fixed 60, 3 seeds)",historical,1625.0,507875.4296875,15066.219043383615
"DC-PPO (fixed 60, 3 seeds)",historical,1627.0,508887.5755208333,14988.415339172258
"DC-PPO (fixed 60, 3 seeds)",historical,1629.0,507131.11545138893,14196.338900787421
"DC-PPO (fixed 60, 3 seeds)",historical,1631.0,507020.82725694444,14816.762461365988
"DC-PPO (fixed 60, 3 seeds)",historical,1633.0,506722.6953125,15309.825006003537
"DC-PPO (fixed 60, 3 seeds)",historical,1635.0,505965.9045138888,15156.603208304748
"DC-PPO (fixed 60, 3 seeds)",historical,1637.0,505894.5208333333,14244.261725855724
"DC-PPO (fixed 60, 3 seeds)",historical,1639.0,505827.55381944444,13545.553234314859
"DC-PPO (fixed 60, 3 seeds)",historical,1641.0,507030.0052083333,13727.014047561815
"DC-PPO (fixed 60, 3 seeds)",historical,1643.0,506481.01909722225,13988.669767114427
"DC-PPO (fixed 60, 3 seeds)",historical,1645.0,506588.37586805556,14491.421791617086
"DC-PPO (fixed 60, 3 seeds)",historical,1647.0,506616.3802083333,15865.522797212954
"DC-PPO (fixed 60, 3 seeds)",historical,1649.0,507018.4192708333,16493.576989136665
"DC-PPO (fixed 60, 3 seeds)",historical,1651.0,507015.52170138893,15735.649122669514
"DC-PPO (fixed 60, 3 seeds)",historical,1653.0,506850.86371527775,14595.582946011307
"DC-PPO (fixed 60, 3 seeds)",historical,1655.0,507652.50434027775,14303.52238596552
"DC-PPO (fixed 60, 3 seeds)",historical,1657.0,507735.13628472225,13397.753727953927
"DC-PPO (fixed 60, 3 seeds)",historical,1659.0,506484.2213541667,12128.199986693313
"DC-PPO (fixed 60, 3 seeds)",historical,1661.0,505303.84461805556,12672.232587379596
"DC-PPO (fixed 60, 3 seeds)",historical,1663.0,505274.43836805556,13892.101544105284
"DC-PPO (fixed 60, 3 seeds)",historical,1665.0,506548.97222222225,15623.275213978573
"DC-PPO (fixed 60, 3 seeds)",historical,1667.0,506575.7395833333,15451.493755284164
"DC-PPO (fixed 60, 3 seeds)",historical,1669.0,505760.4453125,14969.086724628296
"DC-PPO (fixed 60, 3 seeds)",historical,1671.0,505700.52517361107,14506.575457921428
"DC-PPO (fixed 60, 3 seeds)",historical,1673.0,505937.7604166667,13201.997455383853
"DC-PPO (fixed 60, 3 seeds)",historical,1675.0,508610.55642361107,13280.529606552502
"DC-PPO (fixed 60, 3 seeds)",historical,1677.0,507594.13194444444,12139.24333757977
"DC-PPO (fixed 60, 3 seeds)",historical,1679.0,506743.98524305556,12163.51281587354
"DC-PPO (fixed 60, 3 seeds)",historical,1681.0,503771.25086805556,10205.538081725517
"DC-PPO (fixed 60, 3 seeds)",historical,1683.0,504800.8776041667,8763.23980634141
"DC-PPO (fixed 60, 3 seeds)",historical,1685.0,505619.4105902778,7427.36336719643
"DC-PPO (fixed 60, 3 seeds)",historical,1687.0,505760.3671875,9606.633296231426
"DC-PPO (fixed 60, 3 seeds)",historical,1689.0,506029.1510416667,10567.768939852305
"DC-PPO (fixed 60, 3 seeds)",historical,1691.0,505151.9175347222,11355.723556298837
"DC-PPO (fixed 60, 3 seeds)",historical,1693.0,505434.7699652778,9666.72688856669
"DC-PPO (fixed 60, 3 seeds)",historical,1695.0,504341.77517361107,10146.368475557701
"DC-PPO (fixed 60, 3 seeds)",historical,1697.0,503355.11024305556,10363.892021778813
"DC-PPO (fixed 60, 3 seeds)",historical,1699.0,502910.7838541667,11236.122460789678
"DC-PPO (fixed 60, 3 seeds)",historical,1701.0,501708.58506944444,10276.741428237578
"DC-PPO (fixed 60, 3 seeds)",historical,1703.0,502443.61545138893,11085.07297443171
"DC-PPO (fixed 60, 3 seeds)",historical,1705.0,501679.85590277775,12727.658586453283
"DC-PPO (fixed 60, 3 seeds)",historical,1707.0,502003.62413194444,14221.483823372551
"DC-PPO (fixed 60, 3 seeds)",historical,1709.0,501875.83246527775,13745.56032962747
"DC-PPO (fixed 60, 3 seeds)",historical,1711.0,501742.22048611107,12101.073542070088
"DC-PPO (fixed 60, 3 seeds)",historical,1713.0,503780.46701388893,11343.889263959161
"DC-PPO (fixed 60, 3 seeds)",historical,1715.0,503995.13628472225,12327.932967124967
"DC-PPO (fixed 60, 3 seeds)",historical,1717.0,504543.2196180555,13431.579187335654
"DC-PPO (fixed 60, 3 seeds)",historical,1719.0,503066.609375,13306.558943030732
"DC-PPO (fixed 60, 3 seeds)",historical,1721.0,503069.8151041667,13706.215887249611
"DC-PPO (fixed 60, 3 seeds)",historical,1723.0,503882.7760416667,12978.447317175083
"DC-PPO (fixed 60, 3 seeds)",historical,1725.0,504269.7586805555,12993.450833395487
"DC-PPO (fixed 60, 3 seeds)",historical,1727.0,504545.9817708333,10693.771363232387
"DC-PPO (fixed 60, 3 seeds)",historical,1729.0,503782.40277777775,10809.643077032748
"DC-PPO (fixed 60, 3 seeds)",historical,1731.0,504861.2508680555,10393.140470920753
"DC-PPO (fixed 60, 3 seeds)",historical,1733.0,505150.7387152778,10647.479268387004
"DC-PPO (fixed 60, 3 seeds)",historical,1735.0,506591.6432291667,10436.843180556772
"DC-PPO (fixed 60, 3 seeds)",historical,1737.0,506405.75,11827.696234252784
"DC-PPO (fixed 60, 3 seeds)",historical,1739.0,506389.5104166667,11877.6207173986
"DC-PPO (fixed 60, 3 seeds)",historical,1741.0,506703.0954861112,11678.801862956003
"DC-PPO (fixed 60, 3 seeds)",historical,1743.0,506896.609375,11043.820156124386
"DC-PPO (fixed 60, 3 seeds)",historical,1745.0,507350.1848958333,12036.457295752041
"DC-PPO (fixed 60, 3 seeds)",historical,1747.0,507335.54340277775,12679.939961940821
"DC-PPO (fixed 60, 3 seeds)",historical,1749.0,507666.9053819445,13164.030560766234
"DC-PPO (fixed 60, 3 seeds)",historical,1751.0,507668.34027777775,12551.631287722503
"DC-PPO (fixed 60, 3 seeds)",historical,1753.0,507540.62586805556,11520.692744616363
"DC-PPO (fixed 60, 3 seeds)",historical,1755.0,507757.38368055556,11087.376662795456
"DC-PPO (fixed 60, 3 seeds)",historical,1757.0,507948.03211805556,10853.68525930167
"DC-PPO (fixed 60, 3 seeds)",historical,1759.0,508507.88454861107,11440.431723580285
"DC-PPO (fixed 60, 3 seeds)",historical,1761.0,508397.2925347222,11184.495099883989
"DC-PPO (fixed 60, 3 seeds)",historical,1763.0,508081.1067708333,12557.774774270687
"DC-PPO (fixed 60, 3 seeds)",historical,1765.0,506515.5286458333,12987.750858015956
"DC-PPO (fixed 60, 3 seeds)",historical,1767.0,505472.3220486112,14657.246895649698
"DC-PPO (fixed 60, 3 seeds)",historical,1769.0,505700.97309027775,14288.372732055834
"DC-PPO (fixed 60, 3 seeds)",historical,1771.0,505001.72482638893,14648.907670559001
"DC-PPO (fixed 60, 3 seeds)",historical,1773.0,504941.95138888893,13540.510577873743
"DC-PPO (fixed 60, 3 seeds)",historical,1775.0,505272.29600694444,14108.786147066254
"DC-PPO (fixed 60, 3 seeds)",historical,1777.0,506693.1857638888,13360.262296722209
"DC-PPO (fixed 60, 3 seeds)",historical,1779.0,507561.5026041667,13389.825412825097
"DC-PPO (fixed 60, 3 seeds)",historical,1781.0,506902.6857638888,12130.124331080178
"DC-PPO (fixed 60, 3 seeds)",historical,1783.0,507656.8880208333,11193.153252760252
"DC-PPO (fixed 60, 3 seeds)",historical,1785.0,507261.78819444444,10814.894207704388
"DC-PPO (fixed 60, 3 seeds)",historical,1787.0,508299.37152777775,10044.574257749886
"DC-PPO (fixed 60, 3 seeds)",historical,1789.0,507703.6675347222,10205.692024511143
"DC-PPO (fixed 60, 3 seeds)",historical,1791.0,508712.36892361107,10164.458341844604
"DC-PPO (fixed 60, 3 seeds)",historical,1793.0,507828.921875,11393.616965406276
"DC-PPO (fixed 60, 3 seeds)",historical,1795.0,508480.57118055556,11913.798247743483
"DC-PPO (fixed 60, 3 seeds)",historical,1797.0,509426.6371527778,11791.708361164941
"DC-PPO (fixed 60, 3 seeds)",historical,1799.0,510778.4947916667,12872.840355579832
"DC-PPO (fixed 60, 3 seeds)",historical,1801.0,511235.6814236112,14007.344072118367
"DC-PPO (fixed 60, 3 seeds)",historical,1803.0,511508.23524305556,13849.838836990213
"DC-PPO (fixed 60, 3 seeds)",historical,1805.0,511292.32378472225,12420.485553705736
"DC-PPO (fixed 60, 3 seeds)",historical,1807.0,511107.9418402778,11682.258457145685
"DC-PPO (fixed 60, 3 seeds)",historical,1809.0,509992.2725694445,12190.019486330539
"DC-PPO (fixed 60, 3 seeds)",historical,1811.0,510333.57986111107,13240.051081804813
"DC-PPO (fixed 60, 3 seeds)",historical,1813.0,509528.375,13497.000206710643
"DC-PPO (fixed 60, 3 seeds)",historical,1815.0,508836.2005208333,13225.541092674559
"DC-PPO (fixed 60, 3 seeds)",historical,1817.0,507909.0807291667,13422.259074734218
"DC-PPO (fixed 60, 3 seeds)",historical,1819.0,508166.3159722222,12889.194792794286
"DC-PPO (fixed 60, 3 seeds)",historical,1821.0,508876.1414930555,13932.845119853846
"DC-PPO (fixed 60, 3 seeds)",historical,1823.0,509854.5277777778,13966.548321832097
"DC-PPO (fixed 60, 3 seeds)",historical,1825.0,509099.6987847222,14188.116639791735
"DC-PPO (fixed 60, 3 seeds)",historical,1827.0,508501.234375,13447.639268003712
"DC-PPO (fixed 60, 3 seeds)",historical,1829.0,507563.85503472225,13012.788668027946
"DC-PPO (fixed 60, 3 seeds)",historical,1831.0,508671.00607638893,12821.895668709893
"DC-PPO (fixed 60, 3 seeds)",historical,1833.0,509960.09375,13697.897744492122
"DC-PPO (fixed 60, 3 seeds)",historical,1835.0,510819.5364583333,14558.988899626936
"DC-PPO (fixed 60, 3 seeds)",historical,1837.0,512488.0616319445,15444.847330666076
"DC-PPO (fixed 60, 3 seeds)",historical,1839.0,513259.15625,15921.001786033898
"DC-PPO (fixed 60, 3 seeds)",historical,1841.0,514360.4947916667,15049.258645925245
"DC-PPO (fixed 60, 3 seeds)",historical,1843.0,514344.8984375,14379.79701208736
"DC-PPO (fixed 60, 3 seeds)",historical,1845.0,514859.8246527778,13837.537952198149
"DC-PPO (fixed 60, 3 seeds)",historical,1847.0,515249.05034722225,13789.841962573013
"DC-PPO (fixed 60, 3 seeds)",historical,1849.0,515009.1041666667,15324.674880031273
"DC-PPO (fixed 60, 3 seeds)",historical,1851.0,515358.7421875,15539.313522978186
"DC-PPO (fixed 60, 3 seeds)",historical,1853.0,515169.2369791667,15286.52506986531
"DC-PPO (fixed 60, 3 seeds)",historical,1855.0,516232.5842013888,14029.626406116364
"DC-PPO (fixed 60, 3 seeds)",historical,1857.0,515900.6189236112,12567.215043189562
"DC-PPO (fixed 60, 3 seeds)",historical,1859.0,515455.6553819445,13483.950414360399
"DC-PPO (fixed 60, 3 seeds)",historical,1861.0,515182.63715277775,13630.973821738567
"DC-PPO (fixed 60, 3 seeds)",historical,1863.0,516541.3255208333,14617.628010881297
"DC-PPO (fixed 60, 3 seeds)",historical,1865.0,517517.7734375,14114.947721855217
"DC-PPO (fixed 60, 3 seeds)",historical,1867.0,516296.86631944444,14099.5120099247
"DC-PPO (fixed 60, 3 seeds)",historical,1869.0,514204.32725694444,13248.182269668026
"DC-PPO (fixed 60, 3 seeds)",historical,1871.0,513756.8706597222,12641.09481700655
"DC-PPO (fixed 60, 3 seeds)",historical,1873.0,514575.32638888893,12310.132478351105
"DC-PPO (fixed 60, 3 seeds)",historical,1875.0,514907.15972222225,12231.066600091852
"DC-PPO (fixed 60, 3 seeds)",historical,1877.0,515820.0703125,13872.468494982859
"DC-PPO (fixed 60, 3 seeds)",historical,1879.0,515168.67795138893,13894.117182689453
"DC-PPO (fixed 60, 3 seeds)",historical,1881.0,514959.63715277775,14847.307074969418
"DC-PPO (fixed 60, 3 seeds)",historical,1883.0,514129.86892361107,14599.655452192752
"DC-PPO (fixed 60, 3 seeds)",historical,1885.0,513717.90538194444,14976.93103123674
"DC-PPO (fixed 60, 3 seeds)",historical,1887.0,515172.6380208333,14843.843396355192
"DC-PPO (fixed 60, 3 seeds)",historical,1889.0,514764.06163194444,14268.859701263622
"DC-PPO (fixed 60, 3 seeds)",historical,1891.0,514730.57118055556,12962.603858824785
"DC-PPO (fixed 60, 3 seeds)",historical,1893.0,513068.6796875,12665.876990383436
"DC-PPO (fixed 60, 3 seeds)",historical,1895.0,514465.8029513888,12845.108231406795
"DC-PPO (fixed 60, 3 seeds)",historical,1897.0,516469.51649305556,13011.946695677905
"DC-PPO (fixed 60, 3 seeds)",historical,1899.0,517290.83420138893,12729.42735793685
"DC-PPO (fixed 60, 3 seeds)",historical,1901.0,516585.0625,11704.07200059126
"DC-PPO (fixed 60, 3 seeds)",historical,1903.0,515804.9904513888,11926.28955631905
"DC-PPO (fixed 60, 3 seeds)",historical,1905.0,515745.4244791667,11756.886241708022
"DC-PPO (fixed 60, 3 seeds)",historical,1907.0,515244.0807291667,12170.31113698388
"DC-PPO (fixed 60, 3 seeds)",historical,1909.0,514336.86284722225,11239.238900059863
"DC-PPO (fixed 60, 3 seeds)",historical,1911.0,514499.8671875,10901.534573257133
"DC-PPO (fixed 60, 3 seeds)",historical,1913.0,514548.13715277775,10084.665211081046
"DC-PPO (fixed 60, 3 seeds)",historical,1915.0,515450.31597222225,11315.243037101001
"DC-PPO (fixed 60, 3 seeds)",historical,1917.0,514695.3307291667,12197.29668530764
"DC-PPO (fixed 60, 3 seeds)",historical,1919.0,514376.6701388888,13156.018809279345
"DC-PPO (fixed 60, 3 seeds)",historical,1921.0,513837.9765625,12916.478982411305
"DC-PPO (fixed 60, 3 seeds)",historical,1923.0,513505.50347222225,12609.04138338808
"DC-PPO (fixed 60, 3 seeds)",historical,1925.0,512712.7074652778,12076.114848950212
"DC-PPO (fixed 60, 3 seeds)",historical,1927.0,511890.73090277775,11740.8130773733
"DC-PPO (fixed 60, 3 seeds)",historical,1929.0,511268.94965277775,11387.53682601156
"DC-PPO (fixed 60, 3 seeds)",historical,1931.0,511480.2161458333,11958.1363116802
"DC-PPO (fixed 60, 3 seeds)",historical,1933.0,511349.1458333333,12916.278456282536
"DC-PPO (fixed 60, 3 seeds)",historical,1935.0,512171.97309027775,12351.75338707022
"DC-PPO (fixed 60, 3 seeds)",historical,1937.0,512504.27777777775,12100.67964253508
"DC-PPO (fixed 60, 3 seeds)",historical,1939.0,512946.93142361107,11353.759899296067
"DC-PPO (fixed 60, 3 seeds)",historical,1941.0,512991.73350694444,12677.583332995646
"DC-PPO (fixed 60, 3 seeds)",historical,1943.0,513085.640625,13037.413449908092
"DC-PPO (fixed 60, 3 seeds)",historical,1945.0,513565.15625,12483.948418986165
"DC-PPO (fixed 60, 3 seeds)",historical,1947.0,513469.9652777778,10883.11263509593
"DC-PPO (fixed 60, 3 seeds)",historical,1949.0,514511.2612847222,10607.841547494905
"DC-PPO (fixed 60, 3 seeds)",historical,1951.0,515129.48090277775,11495.573930795194
"DC-PPO (fixed 60, 3 seeds)",historical,1953.0,516052.73263888893,11420.920320806214
"DC-PPO (fixed 60, 3 seeds)",historical,1955.0,515334.4140625,11032.59624931413
"DC-PPO (fixed 60, 3 seeds)",historical,1957.0,515647.8541666667,10937.64077868311
"DC-PPO (fixed 60, 3 seeds)",historical,1959.0,514317.9348958333,11030.112174432628
"DC-PPO (fixed 60, 3 seeds)",historical,1961.0,515641.72309027775,11310.379847855536
"DC-PPO (fixed 60, 3 seeds)",historical,1963.0,515468.1111111112,11651.145071477076
"DC-PPO (fixed 60, 3 seeds)",historical,1965.0,517212.9088541667,12455.65603834803
"DC-PPO (fixed 60, 3 seeds)",historical,1967.0,516840.3854166667,13162.56797203597
"DC-PPO (fixed 60, 3 seeds)",historical,1969.0,516933.3029513888,14184.37143366694
"DC-PPO (fixed 60, 3 seeds)",historical,1971.0,517476.2604166667,14242.019877274846
"DC-PPO (fixed 60, 3 seeds)",historical,1973.0,516166.2378472222,13302.119136845977
"DC-PPO (fixed 60, 3 seeds)",historical,1975.0,516478.14409722225,12987.210073096181
"DC-PPO (fixed 60, 3 seeds)",historical,1977.0,515020.40798611107,12874.645173373536
"DC-PPO (fixed 60, 3 seeds)",historical,1979.0,515772.7552083333,13213.327447338213
"DC-PPO (fixed 60, 3 seeds)",historical,1981.0,515678.78211805556,13043.403638921514
"DC-PPO (fixed 60, 3 seeds)",historical,1983.0,516361.28298611107,12926.348247840593
"DC-PPO (fixed 60, 3 seeds)",historical,1985.0,516632.4661458333,12319.05098683944
"DC-PPO (fixed 60, 3 seeds)",historical,1987.0,515638.86024305556,11665.298231418941
"DC-PPO (fixed 60, 3 seeds)",historical,1989.0,515718.0711805555,11589.861882531075
"DC-PPO (fixed 60, 3 seeds)",historical,1991.0,516460.37413194444,11637.730987062003
"DC-PPO (fixed 60, 3 seeds)",historical,1993.0,516450.6189236112,11888.889659121873
"DC-PPO (fixed 60, 3 seeds)",historical,1995.0,516537.4991319445,12161.05646776521
"DC-PPO (fixed 60, 3 seeds)",historical,1997.0,515893.38194444444,11790.818122362443
"DC-PPO (fixed 60, 3 seeds)",historical,1999.0,517293.0442708333,10938.92359018011
"DC-PPO (fixed 60, 3 seeds)",historical,2001.0,516962.21006944444,10072.295947963767
"DC-PPO (fixed 60, 3 seeds)",historical,2003.0,517257.13715277775,10963.600633776483
"DC-PPO (fixed 60, 3 seeds)",historical,2005.0,515920.76996527775,10873.177856686185
"DC-PPO (fixed 60, 3 seeds)",historical,2007.0,515581.7604166667,12102.021527233852
"DC-PPO (fixed 60, 3 seeds)",historical,2009.0,514788.546875,11446.932421128058
"DC-PPO (fixed 60, 3 seeds)",historical,2011.0,513614.07204861107,12066.335991299295
"DC-PPO (fixed 60, 3 seeds)",historical,2013.0,513111.4071180555,10718.391595252098
"DC-PPO (fixed 60, 3 seeds)",historical,2015.0,512028.3298611112,10695.138670901244
"DC-PPO (fixed 60, 3 seeds)",historical,2017.0,513659.4114583333,11381.7103663737
"DC-PPO (fixed 60, 3 seeds)",historical,2019.0,513920.06423611107,11224.891028958365
"DC-PPO (fixed 60, 3 seeds)",historical,2021.0,514801.41493055556,11863.423052972577
"DC-PPO (fixed 60, 3 seeds)",historical,2023.0,515009.6814236112,11105.183188238063
"DC-PPO (fixed 60, 3 seeds)",historical,2025.0,515424.6189236112,11497.054305681831
"DC-PPO (fixed 60, 3 seeds)",historical,2027.0,515693.4895833333,10493.051025142699
"DC-PPO (fixed 60, 3 seeds)",historical,2029.0,515707.0086805555,10301.307436266346
"DC-PPO (fixed 60, 3 seeds)",historical,2031.0,515491.49652777775,9395.220393970834
"DC-PPO (fixed 60, 3 seeds)",historical,2033.0,515917.4435763888,9611.994336366583
"DC-PPO (fixed 60, 3 seeds)",historical,2035.0,515874.92881944444,10030.864615647419
"DC-PPO (fixed 60, 3 seeds)",historical,2037.0,515431.7005208333,10623.301042162342
"DC-PPO (fixed 60, 3 seeds)",historical,2039.0,515251.68402777775,10522.091209456536
"DC-PPO (fixed 60, 3 seeds)",historical,2041.0,515945.09027777775,9968.974571709241
"DC-PPO (fixed 60, 3 seeds)",historical,2043.0,517435.63628472225,9418.668571092854
"DC-PPO (fixed 60, 3 seeds)",historical,2045.0,518030.25868055556,9054.214514023475
"DC-PPO (fixed 60, 3 seeds)",historical,2047.0,518489.6901041667,10128.142587700257
"DC-PPO (fixed 60, 3 seeds)",historical,2049.0,518445.1979166667,9869.658749848013
"DC-PPO (fixed 60, 3 seeds)",historical,2051.0,517763.3072916667,9373.508136696435
"DC-PPO (fixed 60, 3 seeds)",historical,2053.0,518306.0442708333,7677.924263129152
"DC-PPO (fixed 60, 3 seeds)",historical,2055.0,518308.87847222225,7400.325045297139
"DC-PPO (fixed 60, 3 seeds)",historical,2057.0,520118.00694444444,8846.820925680495
"DC-PPO (fixed 60, 3 seeds)",historical,2059.0,519544.51909722225,9635.004518204434
"DC-PPO (fixed 60, 3 seeds)",historical,2061.0,519765.33767361107,9601.40252588601
"DC-PPO (fixed 60, 3 seeds)",historical,2063.0,519854.9661458333,9949.546316411428
"DC-PPO (fixed 60, 3 seeds)",historical,2065.0,519521.5651041667,10065.469815817445
"DC-PPO (fixed 60, 3 seeds)",historical,2067.0,519905.0954861112,11807.299184584488
"DC-PPO (fixed 60, 3 seeds)",historical,2069.0,519408.30034722225,10947.052918345298
"DC-PPO (fixed 60, 3 seeds)",historical,2071.0,519316.4618055555,11418.89373432493
"DC-PPO (fixed 60, 3 seeds)",historical,2073.0,520101.515625,11159.845110043761
"DC-PPO (fixed 60, 3 seeds)",historical,2075.0,520327.96180555556,10962.239112577752
"DC-PPO (fixed 60, 3 seeds)",historical,2077.0,520822.9947916667,10807.786580787768
"DC-PPO (fixed 60, 3 seeds)",historical,2079.0,520196.8072916667,11072.367947112707
"DC-PPO (fixed 60, 3 seeds)",historical,2081.0,519186.78732638893,10803.466566269086
"DC-PPO (fixed 60, 3 seeds)",historical,2083.0,518518.7265625,11398.323098620462
"DC-PPO (fixed 60, 3 seeds)",historical,2085.0,517155.0772569445,10809.604854556688
"DC-PPO (fixed 60, 3 seeds)",historical,2087.0,516707.9696180555,10690.417066800104
"DC-PPO (fixed 60, 3 seeds)",historical,2089.0,516944.9609375,8661.401945736012
"DC-PPO (fixed 60, 3 seeds)",historical,2091.0,517316.8246527778,9347.744580367644
"DC-PPO (fixed 60, 3 seeds)",historical,2093.0,518327.60590277775,9868.335490357651
"DC-PPO (fixed 60, 3 seeds)",historical,2095.0,518767.5182291667,10587.978229786126
"DC-PPO (fixed 60, 3 seeds)",historical,2097.0,519311.7803819445,9973.991678397084
"DC-PPO (fixed 60, 3 seeds)",historical,2099.0,518476.53732638893,9005.891405008108
"DC-PPO (fixed 60, 3 seeds)",historical,2101.0,517520.9505208333,9495.44411190164
"DC-PPO (fixed 60, 3 seeds)",historical,2103.0,517841.1605902778,8157.028590659115
"DC-PPO (fixed 60, 3 seeds)",historical,2105.0,517132.7795138888,8620.350750840715
"DC-PPO (fixed 60, 3 seeds)",historical,2107.0,517963.4826388888,7449.910667748961
"DC-PPO (fixed 60, 3 seeds)",historical,2109.0,517207.3394097222,7540.449818576972
"DC-PPO (fixed 60, 3 seeds)",historical,2111.0,518971.9105902778,7807.537033363958
"DC-PPO (fixed 60, 3 seeds)",historical,2113.0,517993.79861111107,7653.483484337942
"DC-PPO (fixed 60, 3 seeds)",historical,2115.0,518130.25868055556,9138.085464347982
"DC-PPO (fixed 60, 3 seeds)",historical,2117.0,518201.75,10224.991807947237
"DC-PPO (fixed 60, 3 seeds)",historical,2119.0,519826.24913194444,10912.23512798861
"DC-PPO (fixed 60, 3 seeds)",historical,2121.0,520114.46006944444,9951.772623934858
"DC-PPO (fixed 60, 3 seeds)",historical,2123.0,520322.3559027778,9622.54233854001
"DC-PPO (fixed 60, 3 seeds)",historical,2125.0,520545.4965277778,10166.535776315352
"DC-PPO (fixed 60, 3 seeds)",historical,2127.0,521223.6310763888,10646.596146890319
"DC-PPO (fixed 60, 3 seeds)",historical,2129.0,521158.4366319445,9573.453229347459
"DC-PPO (fixed 60, 3 seeds)",historical,2131.0,519729.6666666667,9655.034195783812
"DC-PPO (fixed 60, 3 seeds)",historical,2133.0,520352.03298611107,8532.16779835069
"DC-PPO (fixed 60, 3 seeds)",historical,2135.0,520545.6467013888,7537.837564623566
"DC-PPO (fixed 60, 3 seeds)",historical,2137.0,521637.2395833333,7120.2414013236175
"DC-PPO (fixed 60, 3 seeds)",historical,2139.0,520400.1657986112,7833.423900568407
"DC-PPO (fixed 60, 3 seeds)",historical,2141.0,520100.2569444445,9689.677765670081
"DC-PPO (fixed 60, 3 seeds)",historical,2143.0,519946.3654513888,9194.404406169704
"DC-PPO (fixed 60, 3 seeds)",historical,2145.0,520374.2508680555,10378.501230346725
"DC-PPO (fixed 60, 3 seeds)",historical,2147.0,519878.5564236112,10783.805928831945
"DC-PPO (fixed 60, 3 seeds)",historical,2149.0,519509.3619791667,10969.265677401949
"DC-PPO (fixed 60, 3 seeds)",historical,2151.0,519424.4852430555,10460.60554833443
"DC-PPO (fixed 60, 3 seeds)",historical,2153.0,520515.01909722225,10584.790576116477
"DC-PPO (fixed 60, 3 seeds)",historical,2155.0,520404.8541666667,10845.995267552371
"DC-PPO (fixed 60, 3 seeds)",historical,2157.0,519763.3072916667,10760.199180027188
"DC-PPO (fixed 60, 3 seeds)",historical,2159.0,520246.5642361112,9770.71531854348
"DC-PPO (fixed 60, 3 seeds)",historical,2161.0,521291.30121527775,9437.777464040902
"DC-PPO (fixed 60, 3 seeds)",historical,2163.0,522828.3107638888,9397.41048891083
"DC-PPO (fixed 60, 3 seeds)",historical,2165.0,522144.1354166667,8908.826639025994
"DC-PPO (fixed 60, 3 seeds)",historical,2167.0,520952.18836805556,9458.635898555542
"DC-PPO (fixed 60, 3 seeds)",historical,2169.0,520546.6206597222,8726.47593978503
"DC-PPO (fixed 60, 3 seeds)",historical,2171.0,520577.0373263888,9737.511557792883
"DC-PPO (fixed 60, 3 seeds)",historical,2173.0,521727.55121527775,10058.656971558186
"DC-PPO (fixed 60, 3 seeds)",historical,2175.0,523119.5824652778,11109.885640224906
"DC-PPO (fixed 60, 3 seeds)",historical,2177.0,524228.6848958333,10605.716984341865
"DC-PPO (fixed 60, 3 seeds)",historical,2179.0,525604.7491319445,10975.225731703042
"DC-PPO (fixed 60, 3 seeds)",historical,2181.0,524302.9418402779,10225.198466642387
"DC-PPO (fixed 60, 3 seeds)",historical,2183.0,524131.1710069445,11230.711366389874
"DC-PPO (fixed 60, 3 seeds)",historical,2185.0,523665.0017361112,10354.59711691911
"DC-PPO (fixed 60, 3 seeds)",historical,2187.0,523534.5668402778,10032.323090881406
"DC-PPO (fixed 60, 3 seeds)",historical,2189.0,522527.1857638888,8624.943711215466
"DC-PPO (fixed 60, 3 seeds)",historical,2191.0,522480.4201388888,7871.932262879394
"DC-PPO (fixed 60, 3 seeds)",historical,2193.0,523077.7065972222,8379.488593489254
"DC-PPO (fixed 60, 3 seeds)",historical,2195.0,523613.5295138888,9030.814597423774
"DC-PPO (fixed 60, 3 seeds)",historical,2197.0,523822.1631944445,9758.914148129847
"DC-PPO (fixed 60, 3 seeds)",historical,2199.0,524414.3967013889,9430.825729474924
"DC-PPO (fixed 60, 3 seeds)",historical,2201.0,523991.6657986112,8928.423688212073
"DC-PPO (fixed 60, 3 seeds)",historical,2203.0,522338.4644097222,8416.648487464801
"DC-PPO (fixed 60, 3 seeds)",historical,2205.0,521380.6649305555,8975.640248395517
"DC-PPO (fixed 60, 3 seeds)",historical,2207.0,521933.2786458333,9593.465399016126
"DC-PPO (fixed 60, 3 seeds)",historical,2209.0,522777.2682291667,9905.613986978527
"DC-PPO (fixed 60, 3 seeds)",historical,2211.0,521201.0043402778,9394.613177363108
"DC-PPO (fixed 60, 3 seeds)",historical,2213.0,519811.8506944445,8541.194767704412
"DC-PPO (fixed 60, 3 seeds)",historical,2215.0,518968.9097222222,7794.934407427589
"DC-PPO (fixed 60, 3 seeds)",historical,2217.0,518780.63975694444,7097.835437886165
"DC-PPO (fixed 60, 3 seeds)",historical,2219.0,517758.92100694444,7712.676168807912
"DC-PPO (fixed 60, 3 seeds)",historical,2221.0,516968.3697916667,7733.414755815132
"DC-PPO (fixed 60, 3 seeds)",historical,2223.0,517983.23871527775,8298.846636523564
"DC-PPO (fixed 60, 3 seeds)",historical,2225.0,519127.9513888888,9325.441308896754
"DC-PPO (fixed 60, 3 seeds)",historical,2227.0,520023.8602430555,10274.721560681262
"DC-PPO (fixed 60, 3 seeds)",historical,2229.0,520510.1875,10564.340262140378
"DC-PPO (fixed 60, 3 seeds)",historical,2231.0,520155.3828125,9514.260204446771
"DC-PPO (fixed 60, 3 seeds)",historical,2233.0,519393.59809027775,9507.552881505082
"DC-PPO (fixed 60, 3 seeds)",historical,2235.0,518154.59722222225,10689.169612658652
"DC-PPO (fixed 60, 3 seeds)",historical,2237.0,518258.32204861107,10676.830002894116
"DC-PPO (fixed 60, 3 seeds)",historical,2239.0,518627.8394097222,10401.765998796489
"DC-PPO (fixed 60, 3 seeds)",historical,2241.0,519125.28298611107,9341.654420754925
"DC-PPO (fixed 60, 3 seeds)",historical,2243.0,518839.0651041667,9983.259066704413
"DC-PPO (fixed 60, 3 seeds)",historical,2245.0,518006.6163194445,11531.105828230842
"DC-PPO (fixed 60, 3 seeds)",historical,2247.0,517530.9835069445,12689.70413380011
"DC-PPO (fixed 60, 3 seeds)",historical,2249.0,517772.6293402778,13366.1555408486
"DC-PPO (fixed 60, 3 seeds)",historical,2251.0,518484.04600694444,12431.9581625195
"DC-PPO (fixed 60, 3 seeds)",historical,2253.0,518886.4392361112,12827.595693462072
"DC-PPO (fixed 60, 3 seeds)",historical,2255.0,518612.7473958333,13438.140419358528
"DC-PPO (fixed 60, 3 seeds)",historical,2257.0,518854.9305555555,14636.214652224307
"DC-PPO (fixed 60, 3 seeds)",historical,2259.0,519460.1032986112,14743.049703411036
"DC-PPO (fixed 60, 3 seeds)",historical,2261.0,519757.31423611107,13559.323489080409
"DC-PPO (fixed 60, 3 seeds)",historical,2263.0,520051.859375,11884.1234055045
"DC-PPO (fixed 60, 3 seeds)",historical,2265.0,520680.3020833333,10432.096457092224
"DC-PPO (fixed 60, 3 seeds)",historical,2267.0,521371.76128472225,10383.808466129101
"DC-PPO (fixed 60, 3 seeds)",historical,2269.0,521237.9487847222,10597.125229971763
"DC-PPO (fixed 60, 3 seeds)",historical,2271.0,520251.5954861112,11216.598708208878
"DC-PPO (fixed 60, 3 seeds)",historical,2273.0,520097.40017361107,11900.754481292357
"DC-PPO (fixed 60, 3 seeds)",historical,2275.0,521434.765625,12104.174152928792
"DC-PPO (fixed 60, 3 seeds)",historical,2277.0,521890.66059027775,12288.945721380083
"DC-PPO (fixed 60, 3 seeds)",historical,2279.0,521450.8697916667,12834.444704190455
"DC-PPO (fixed 60, 3 seeds)",historical,2281.0,519151.7074652778,13319.386352557838
"DC-PPO (fixed 60, 3 seeds)",historical,2283.0,519218.5625,12441.339861639512
"DC-PPO (fixed 60, 3 seeds)",historical,2285.0,518213.49826388893,9956.05124864589
"DC-PPO (fixed 60, 3 seeds)",historical,2287.0,518246.28559027775,8041.323203807528
"DC-PPO (fixed 60, 3 seeds)",historical,2289.0,518649.10329861107,7309.6303268707725
"DC-PPO (fixed 60, 3 seeds)",historical,2291.0,520158.1076388888,7814.311201395582
"DC-PPO (fixed 60, 3 seeds)",historical,2293.0,520899.24913194444,9021.489816619136
"DC-PPO (fixed 60, 3 seeds)",historical,2295.0,520171.2213541667,9779.534879139996
"DC-PPO (fixed 60, 3 seeds)",historical,2297.0,520171.9852430555,9557.174348010567
"DC-PPO (fixed 60, 3 seeds)",historical,2299.0,520104.76388888893,8808.355991261973
"DC-PPO (fixed 60, 3 seeds)",historical,2301.0,520629.9236111112,9233.572495986544
"DC-PPO (fixed 60, 3 seeds)",historical,2303.0,521509.1901041667,9452.72216613919
"DC-PPO (fixed 60, 3 seeds)",historical,2305.0,522636.7994791667,9764.540252161267
"DC-PPO (fixed 60, 3 seeds)",historical,2307.0,522774.8029513888,8996.231664860012
"DC-PPO (fixed 60, 3 seeds)",historical,2309.0,522531.54079861107,8748.88000283941
"DC-PPO (fixed 60, 3 seeds)",historical,2311.0,522386.62326388893,8583.747610207403
"DC-PPO (fixed 60, 3 seeds)",historical,2313.0,522846.9765625,7875.928695904407
"DC-PPO (fixed 60, 3 seeds)",historical,2315.0,523763.99305555556,8198.12904498254
"DC-PPO (fixed 60, 3 seeds)",historical,2317.0,523582.0503472222,8015.63858116503
"DC-PPO (fixed 60, 3 seeds)",historical,2319.0,523152.0503472222,9552.10061570845
"DC-PPO (fixed 60, 3 seeds)",historical,2321.0,522003.7248263888,9748.867281839848
"DC-PPO (fixed 60, 3 seeds)",historical,2323.0,522641.8888888888,10160.488360914698
"DC-PPO (fixed 60, 3 seeds)",historical,2325.0,521694.0225694445,10298.695241995765
"DC-PPO (fixed 60, 3 seeds)",historical,2327.0,522319.4895833333,10275.006723581992
"DC-PPO (fixed 60, 3 seeds)",historical,2329.0,522321.0798611112,10048.72219962177
"DC-PPO (fixed 60, 3 seeds)",historical,2331.0,522922.1675347222,8989.11720206628
"DC-PPO (fixed 60, 3 seeds)",historical,2333.0,522853.4791666667,10094.555613108343
"DC-PPO (fixed 60, 3 seeds)",historical,2335.0,522611.0225694445,11015.71750830735
"DC-PPO (fixed 60, 3 seeds)",historical,2337.0,521870.7647569445,12428.5294851634
"DC-PPO (fixed 60, 3 seeds)",historical,2339.0,520901.9791666667,12093.781192698576
"DC-PPO (fixed 60, 3 seeds)",historical,2341.0,518782.4140625,10721.985958058205
"DC-PPO (fixed 60, 3 seeds)",historical,2343.0,518143.9765625,9987.536586663264
"DC-PPO (fixed 60, 3 seeds)",historical,2345.0,517784.92361111107,9018.497983989728
"DC-PPO (fixed 60, 3 seeds)",historical,2347.0,518543.0590277778,9129.210028381527
"DC-PPO (fixed 60, 3 seeds)",historical,2349.0,519374.6605902778,9325.258637769652
"DC-PPO (fixed 60, 3 seeds)",historical,2351.0,520585.8871527778,8983.950223481515
"DC-PPO (fixed 60, 3 seeds)",historical,2353.0,521699.15277777775,9793.329437718208
"DC-PPO (fixed 60, 3 seeds)",historical,2355.0,522518.5078125,10231.606366280583
"DC-PPO (fixed 60, 3 seeds)",historical,2357.0,522144.8133680555,11052.740566253615
"DC-PPO (fixed 60, 3 seeds)",historical,2359.0,522188.4895833333,10907.621104382913
"DC-PPO (fixed 60, 3 seeds)",historical,2361.0,522176.6571180555,11341.112036665967
"DC-PPO (fixed 60, 3 seeds)",historical,2363.0,521868.9418402778,11801.046526041355
"DC-PPO (fixed 60, 3 seeds)",historical,2365.0,522390.92621527775,11682.247942009304
"DC-PPO (fixed 60, 3 seeds)",historical,2367.0,522560.5616319445,12292.788784383978
"DC-PPO (fixed 60, 3 seeds)",historical,2369.0,523398.9904513888,12087.019224472857
"DC-PPO (fixed 60, 3 seeds)",historical,2371.0,523007.7178819445,12586.561669945211
"DC-PPO (fixed 60, 3 seeds)",historical,2373.0,522811.1657986112,12095.338192802434
"DC-PPO (fixed 60, 3 seeds)",historical,2375.0,522531.97309027775,13662.293768327712
"DC-PPO (fixed 60, 3 seeds)",historical,2377.0,521855.2916666667,14334.015746744848
"DC-PPO (fixed 60, 3 seeds)",historical,2379.0,522292.8255208333,15661.703207060436
"DC-PPO (fixed 60, 3 seeds)",historical,2381.0,522525.23090277775,15538.36310820949
"DC-PPO (fixed 60, 3 seeds)",historical,2383.0,523490.1171875,15472.577521669647
"DC-PPO (fixed 60, 3 seeds)",historical,2385.0,523577.6267361112,14509.797986499794
"DC-PPO (fixed 60, 3 seeds)",historical,2387.0,523961.3420138888,13940.866815236403
"DC-PPO (fixed 60, 3 seeds)",historical,2389.0,523796.4505208333,15031.940684506373
"DC-PPO (fixed 60, 3 seeds)",historical,2391.0,523298.7118055555,15256.253391542567
"DC-PPO (fixed 60, 3 seeds)",historical,2393.0,523952.0208333333,15853.438124400334
"DC-PPO (fixed 60, 3 seeds)",historical,2395.0,524117.4791666667,15269.763225795481
"DC-PPO (fixed 60, 3 seeds)",historical,2397.0,525863.4088541666,15039.577310665663
"DC-PPO (fixed 60, 3 seeds)",historical,2399.0,524950.1458333334,15014.027353229265
"DC-PPO (fixed 60, 3 seeds)",historical,2401.0,525478.2960069445,15103.98296818389
"DC-PPO (fixed 60, 3 seeds)",historical,2403.0,524734.7595486111,15887.055003184216
"DC-PPO (fixed 60, 3 seeds)",historical,2405.0,524325.0946180555,17139.161383776816
"DC-PPO (fixed 60, 3 seeds)",historical,2407.0,523753.13628472225,17047.769888106584
"DC-PPO (fixed 60, 3 seeds)",historical,2409.0,522772.02951388893,16845.642383114377
"DC-PPO (fixed 60, 3 seeds)",historical,2411.0,522444.65625,16168.204453919145
"DC-PPO (fixed 60, 3 seeds)",historical,2413.0,521402.515625,16430.376451082655
"DC-PPO (fixed 60, 3 seeds)",historical,2415.0,521306.4314236112,17252.848716671586
"DC-PPO (fixed 60, 3 seeds)",historical,2417.0,521790.97829861107,18436.945282989625
"DC-PPO (fixed 60, 3 seeds)",historical,2419.0,521779.6380208333,19074.368548631704
"DC-PPO (fixed 60, 3 seeds)",historical,2421.0,522567.7421875,18288.013529041185
"DC-PPO (fixed 60, 3 seeds)",historical,2423.0,522311.5763888888,16333.765877694948
"DC-PPO (fixed 60, 3 seeds)",historical,2425.0,523229.7907986112,15700.663066781945
"DC-PPO (fixed 60, 3 seeds)",historical,2427.0,522434.1215277778,16371.507067079549
"DC-PPO (fixed 60, 3 seeds)",historical,2429.0,522336.0095486112,16485.73953635393
"DC-PPO (fixed 60, 3 seeds)",historical,2431.0,521601.5,15710.722817231366
"DC-PPO (fixed 60, 3 seeds)",historical,2433.0,522136.9010416667,15752.2469287465
"DC-PPO (fixed 60, 3 seeds)",historical,2435.0,521555.39149305556,16633.021261087913
"DC-PPO (fixed 60, 3 seeds)",historical,2437.0,522332.203125,17626.29000803413
"DC-PPO (fixed 60, 3 seeds)",historical,2439.0,522224.2421875,17136.55638226157
"DC-PPO (fixed 60, 3 seeds)",historical,2441.0,523657.4548611112,16662.125606013713
"DC-PPO (fixed 60, 3 seeds)",historical,2443.0,524021.4765625,16898.49505996209
"DC-PPO (fixed 60, 3 seeds)",historical,2445.0,524780.7352430556,16724.093653250067
"DC-PPO (fixed 60, 3 seeds)",historical,2447.0,525252.6770833334,15612.84317527334
"DC-PPO (fixed 60, 3 seeds)",historical,2449.0,525895.6605902779,14242.001175466512
"DC-PPO (fixed 60, 3 seeds)",historical,2451.0,525832.7916666666,13638.04264176969
"DC-PPO (fixed 60, 3 seeds)",historical,2453.0,524810.1935763889,14696.34661320033
"DC-PPO (fixed 60, 3 seeds)",historical,2455.0,524309.6840277778,14540.001408922351
"DC-PPO (fixed 60, 3 seeds)",historical,2457.0,524658.8576388889,14415.761139216916
"DC-PPO (fixed 60, 3 seeds)",historical,2459.0,527051.2751736111,14302.022755309752
"DC-PPO (fixed 60, 3 seeds)",historical,2461.0,527060.3619791666,13722.893114497765
"DC-PPO (fixed 60, 3 seeds)",historical,2463.0,526534.4123263889,13870.011129272847
"DC-PPO (fixed 60, 3 seeds)",historical,2465.0,525207.9539930555,13533.489731026886
"DC-PPO (fixed 60, 3 seeds)",historical,2467.0,525768.0625,14560.582627482525
"DC-PPO (fixed 60, 3 seeds)",historical,2469.0,526617.0616319445,14617.613542222309
"DC-PPO (fixed 60, 3 seeds)",historical,2471.0,527155.5017361111,14289.527869302297
"DC-PPO (fixed 60, 3 seeds)",historical,2473.0,527390.7482638889,13326.400506287702
"DC-PPO (fixed 60, 3 seeds)",historical,2475.0,527046.0911458334,13280.03632367591
"DC-PPO (fixed 60, 3 seeds)",historical,2477.0,525571.7994791666,12732.012623566976
"DC-PPO (fixed 60, 3 seeds)",historical,2479.0,525271.3394097221,12048.608585070619
"DC-PPO (fixed 60, 3 seeds)",historical,2481.0,525238.9079861111,12186.210955547976
"DC-PPO (fixed 60, 3 seeds)",historical,2483.0,526454.6875,13024.96126412763
"DC-PPO (fixed 60, 3 seeds)",historical,2485.0,525896.5,15117.326201266404
"DC-PPO (fixed 60, 3 seeds)",historical,2487.0,525866.3133680555,14358.791627291384
"DC-PPO (fixed 60, 3 seeds)",historical,2489.0,524428.3489583334,13664.178517144059
"DC-PPO (fixed 60, 3 seeds)",historical,2491.0,524128.3723958333,13569.097962417258
"DC-PPO (fixed 60, 3 seeds)",historical,2493.0,522747.60763888893,14930.70503806
"DC-PPO (fixed 60, 3 seeds)",historical,2495.0,522999.9088541667,15655.141505255546
"DC-PPO (fixed 60, 3 seeds)",historical,2497.0,522213.4635416667,15403.307435942586
"DC-PPO (fixed 60, 3 seeds)",historical,2499.0,522542.29079861107,15082.84634263052
"DC-PPO (fixed 60, 3 seeds)",historical,2501.0,520979.078125,15986.826159737328
"DC-PPO (fixed 60, 3 seeds)",historical,2503.0,522223.31076388893,15621.1738680898
"DC-PPO (fixed 60, 3 seeds)",historical,2505.0,521979.5104166667,15142.844618463238
"DC-PPO (fixed 60, 3 seeds)",historical,2507.0,522989.3055555555,13250.818591474203
"DC-PPO (fixed 60, 3 seeds)",historical,2509.0,522734.1814236112,12304.849310588994
"DC-PPO (fixed 60, 3 seeds)",historical,2511.0,524500.5763888889,12417.006576523054
"DC-PPO (fixed 60, 3 seeds)",historical,2513.0,526612.1085069445,11715.617984465916
"DC-PPO (fixed 60, 3 seeds)",historical,2515.0,527691.7673611111,12097.409777980649
"DC-PPO (fixed 60, 3 seeds)",historical,2517.0,528030.6449652778,11304.233838606191
"DC-PPO (fixed 60, 3 seeds)",historical,2519.0,528752.2161458334,12061.713727230866
"DC-PPO (fixed 60, 3 seeds)",historical,2521.0,528459.0295138889,12030.858387368764
"DC-PPO (fixed 60, 3 seeds)",historical,2523.0,527643.2760416666,12572.32994082279
"DC-PPO (fixed 60, 3 seeds)",historical,2525.0,526972.8029513889,11191.741144133719
"DC-PPO (fixed 60, 3 seeds)",historical,2527.0,527154.9678819445,10253.652605940584
"DC-PPO (fixed 60, 3 seeds)",historical,2529.0,527858.4826388889,9548.00618530019
"DC-PPO (fixed 60, 3 seeds)",historical,2531.0,527481.0425347221,10991.818060538866
"DC-PPO (fixed 60, 3 seeds)",historical,2533.0,527323.2022569444,11875.101683852343
"DC-PPO (fixed 60, 3 seeds)",historical,2535.0,527413.9904513889,12684.983776221428
"DC-PPO (fixed 60, 3 seeds)",historical,2537.0,528005.5347222222,11475.764190922055
"DC-PPO (fixed 60, 3 seeds)",historical,2539.0,527631.0633680555,11091.861925432775
"DC-PPO (fixed 60, 3 seeds)",historical,2541.0,527661.3038194445,10772.697737955483
"DC-PPO (fixed 60, 3 seeds)",historical,2543.0,527629.3932291666,11413.520403940347
"DC-PPO (fixed 60, 3 seeds)",historical,2545.0,529424.4670138889,10852.453601895673
"DC-PPO (fixed 60, 3 seeds)",historical,2547.0,529348.1354166666,10352.05501619823
"DC-PPO (fixed 60, 3 seeds)",historical,2549.0,529333.4123263889,9233.250286717572
"DC-PPO (fixed 60, 3 seeds)",historical,2551.0,527699.3767361111,10271.022810798324
"DC-PPO (fixed 60, 3 seeds)",historical,2553.0,527131.4505208334,9320.982820068171
"DC-PPO (fixed 60, 3 seeds)",historical,2555.0,526834.2144097221,9997.452621372437
"DC-PPO (fixed 60, 3 seeds)",historical,2557.0,526666.2534722221,10530.40679353524
"DC-PPO (fixed 60, 3 seeds)",historical,2559.0,526098.8697916666,11393.489521169873
"DC-PPO (fixed 60, 3 seeds)",historical,2561.0,526020.4253472221,12803.5480248564
"DC-PPO (fixed 60, 3 seeds)",historical,2563.0,526577.0729166666,12101.269335376397
"DC-PPO (fixed 60, 3 seeds)",historical,2565.0,527386.6319444445,13300.19926106229
"DC-PPO (fixed 60, 3 seeds)",historical,2567.0,527794.1883680556,12160.218562055816
"DC-PPO (fixed 60, 3 seeds)",historical,2569.0,527581.9270833334,12241.606267831838
"DC-PPO (fixed 60, 3 seeds)",historical,2571.0,527458.8784722221,11245.88310060433
"DC-PPO (fixed 60, 3 seeds)",historical,2573.0,526855.3246527779,11048.176630897739
"DC-PPO (fixed 60, 3 seeds)",historical,2575.0,527044.1987847221,10542.976830256483
"DC-PPO (fixed 60, 3 seeds)",historical,2577.0,528124.3125,10199.568080706806
"DC-PPO (fixed 60, 3 seeds)",historical,2579.0,528903.8420138889,10844.26608593773
"DC-PPO (fixed 60, 3 seeds)",historical,2581.0,529871.640625,11263.346269008061
"DC-PPO (fixed 60, 3 seeds)",historical,2583.0,530413.8567708334,11079.994331933352
"DC-PPO (fixed 60, 3 seeds)",historical,2585.0,531103.1727430555,11179.94007120411
"DC-PPO (fixed 60, 3 seeds)",historical,2587.0,530346.0703125,10882.230687743418
"DC-PPO (fixed 60, 3 seeds)",historical,2589.0,530119.1666666666,12403.860634231623
"DC-PPO (fixed 60, 3 seeds)",historical,2591.0,529396.171875,12491.871774411375
"DC-PPO (fixed 60, 3 seeds)",historical,2593.0,529498.4965277776,13374.372997989381
"DC-PPO (fixed 60, 3 seeds)",historical,2595.0,529264.5512152778,13409.812923660602
"DC-PPO (fixed 60, 3 seeds)",historical,2597.0,529472.2664930555,14134.869136375206
"DC-PPO (fixed 60, 3 seeds)",historical,2599.0,530295.2404513889,13721.93798185879
"DC-PPO (fixed 60, 3 seeds)",historical,2601.0,530433.5390625,13292.251423719807
"DC-PPO (fixed 60, 3 seeds)",historical,2603.0,530092.5963541666,13262.066888400248
"DC-PPO (fixed 60, 3 seeds)",historical,2605.0,529344.2256944445,13303.668150768637
"DC-PPO (fixed 60, 3 seeds)",historical,2607.0,528415.6362847221,13516.151889316876
"DC-PPO (fixed 60, 3 seeds)",historical,2609.0,528841.2543402779,12739.477024219439
"DC-PPO (fixed 60, 3 seeds)",historical,2611.0,528221.0538194445,12538.50423455639
"DC-PPO (fixed 60, 3 seeds)",historical,2613.0,529069.2925347221,11515.74132137697
"DC-PPO (fixed 60, 3 seeds)",historical,2615.0,528771.5442708334,11260.374477932095
"DC-PPO (fixed 60, 3 seeds)",historical,2617.0,530190.5407986111,11426.164458715106
"DC-PPO (fixed 60, 3 seeds)",historical,2619.0,530930.6206597224,12181.302922247889
"DC-PPO (fixed 60, 3 seeds)",historical,2621.0,531087.6736111111,13030.09525775752
"DC-PPO (fixed 60, 3 seeds)",historical,2623.0,530735.4114583334,13005.677991616758
"DC-PPO (fixed 60, 3 seeds)",historical,2625.0,529276.5694444445,13619.871306642926
"DC-PPO (fixed 60, 3 seeds)",historical,2627.0,529394.9878472221,13278.510494595372
"DC-PPO (fixed 60, 3 seeds)",historical,2629.0,528644.7803819444,13516.967524106622
"DC-PPO (fixed 60, 3 seeds)",historical,2631.0,528902.7395833334,12784.291794576444
"DC-PPO (fixed 60, 3 seeds)",historical,2633.0,527736.6032986111,13870.250096108362
"DC-PPO (fixed 60, 3 seeds)",historical,2635.0,527210.0902777779,15222.265987309054
"DC-PPO (fixed 60, 3 seeds)",historical,2637.0,526612.2604166666,16130.014116796632
"DC-PPO (fixed 60, 3 seeds)",historical,2639.0,527710.0928819445,16168.967304725082
"DC-PPO (fixed 60, 3 seeds)",historical,2641.0,527699.6788194445,16020.910271080136
"DC-PPO (fixed 60, 3 seeds)",historical,2643.0,528380.3298611111,16843.167619164917
"DC-PPO (fixed 60, 3 seeds)",historical,2645.0,527628.7595486111,17315.898768677427
"DC-PPO (fixed 60, 3 seeds)",historical,2647.0,528219.65625,16047.71577771924
"DC-PPO (fixed 60, 3 seeds)",historical,2649.0,527454.6024305555,15540.019311192907
"DC-PPO (fixed 60, 3 seeds)",historical,2651.0,526898.1024305555,14791.321685079629
"DC-PPO (fixed 60, 3 seeds)",historical,2653.0,526800.5972222221,14946.687629525512
"DC-PPO (fixed 60, 3 seeds)",historical,2655.0,526757.6328125,14436.9770850526
"DC-PPO (fixed 60, 3 seeds)",historical,2657.0,528065.1388888889,13385.995886695104
"DC-PPO (fixed 60, 3 seeds)",historical,2659.0,528426.4114583334,12361.763373391012
"DC-PPO (fixed 60, 3 seeds)",historical,2661.0,529334.0494791666,12463.538939160879
"DC-PPO (fixed 60, 3 seeds)",historical,2663.0,529128.7256944445,12965.235843083607
"DC-PPO (fixed 60, 3 seeds)",historical,2665.0,528632.8854166666,14414.85234979153
"DC-PPO (fixed 60, 3 seeds)",historical,2667.0,528194.2204861111,14632.391318151009
"DC-PPO (fixed 60, 3 seeds)",historical,2669.0,526822.0277777779,15440.287410869974
"DC-PPO (fixed 60, 3 seeds)",historical,2671.0,526235.9930555555,14879.051553569576
"DC-PPO (fixed 60, 3 seeds)",historical,2673.0,525798.1215277778,14572.417640014028
"DC-PPO (fixed 60, 3 seeds)",historical,2675.0,526008.1501736111,13773.724268610247
"DC-PPO (fixed 60, 3 seeds)",historical,2677.0,527252.9401041666,14955.555380638942
"DC-PPO (fixed 60, 3 seeds)",historical,2679.0,528400.46875,16031.821927590043
"DC-PPO (fixed 60, 3 seeds)",historical,2681.0,527838.2065972221,17209.75774418726
"DC-PPO (fixed 60, 3 seeds)",historical,2683.0,526692.6284722222,16740.700150237604
"DC-PPO (fixed 60, 3 seeds)",historical,2685.0,525381.3324652778,16060.949489404386
"DC-PPO (fixed 60, 3 seeds)",historical,2687.0,525858.4826388889,16018.34313862868
"DC-PPO (fixed 60, 3 seeds)",historical,2689.0,525734.4513888889,16157.174528370033
"DC-PPO (fixed 60, 3 seeds)",historical,2691.0,525148.3854166666,16863.40172515002
"DC-PPO (fixed 60, 3 seeds)",historical,2693.0,524925.2916666666,15833.695405788952
"DC-PPO (fixed 60, 3 seeds)",historical,2695.0,525931.0338541666,14428.096210724685
"DC-PPO (fixed 60, 3 seeds)",historical,2697.0,527132.8229166666,13414.077281555477
"DC-PPO (fixed 60, 3 seeds)",historical,2699.0,527692.1293402779,13169.202111781902
"DC-PPO (fixed 60, 3 seeds)",historical,2701.0,528028.0164930556,14572.3007184517
"DC-PPO (fixed 60, 3 seeds)",historical,2703.0,528384.6666666666,14081.464085584958
"DC-PPO (fixed 60, 3 seeds)",historical,2705.0,528339.9756944445,14437.474146473787
"DC-PPO (fixed 60, 3 seeds)",historical,2707.0,527822.7317708334,13451.679085034866
"DC-PPO (fixed 60, 3 seeds)",historical,2709.0,528735.3376736111,12438.837948693377
"DC-PPO (fixed 60, 3 seeds)",historical,2711.0,529508.8394097222,12380.728595480627
"DC-PPO (fixed 60, 3 seeds)",historical,2713.0,529917.1362847221,12363.834034193254
"DC-PPO (fixed 60, 3 seeds)",historical,2715.0,529507.1848958334,13368.56363518891
"DC-PPO (fixed 60, 3 seeds)",historical,2717.0,529558.6727430555,12911.177700254526
"DC-PPO (fixed 60, 3 seeds)",historical,2719.0,530132.6067708334,12654.476613091063
"DC-PPO (fixed 60, 3 seeds)",historical,2721.0,530036.3940972221,12213.149560578408
"DC-PPO (fixed 60, 3 seeds)",historical,2723.0,530032.1927083334,12441.802315021327
"DC-PPO (fixed 60, 3 seeds)",historical,2725.0,530114.7282986111,12687.876680050418
"DC-PPO (fixed 60, 3 seeds)",historical,2727.0,529398.8697916666,12599.012620834714
"DC-PPO (fixed 60, 3 seeds)",historical,2729.0,529688.4427083334,11713.207665045835
"DC-PPO (fixed 60, 3 seeds)",historical,2731.0,528924.1649305555,10904.455290917977
"DC-PPO (fixed 60, 3 seeds)",historical,2733.0,528640.6501736111,10502.990369568073
"DC-PPO (fixed 60, 3 seeds)",historical,2735.0,527685.6875,10799.192426863612
"DC-PPO (fixed 60, 3 seeds)",historical,2737.0,527788.107638889,9264.85592866002
"DC-PPO (fixed 60, 3 seeds)",historical,2739.0,527773.7630208334,9312.779863031014
"DC-PPO (fixed 60, 3 seeds)",historical,2741.0,527955.296875,8911.387907337219
"DC-PPO (fixed 60, 3 seeds)",historical,2743.0,527610.1640625,10397.172587808174
"DC-PPO (fixed 60, 3 seeds)",historical,2745.0,527261.9618055555,10317.82497930619
"DC-PPO (fixed 60, 3 seeds)",historical,2747.0,526799.8177083334,10145.212909957861
"DC-PPO (fixed 60, 3 seeds)",historical,2749.0,526993.6753472221,10093.439002746716
"DC-PPO (fixed 60, 3 seeds)",historical,2751.0,526896.0694444444,9840.979497505572
"DC-PPO (fixed 60, 3 seeds)",historical,2753.0,528296.1822916666,9148.463901519763
"DC-PPO (fixed 60, 3 seeds)",historical,2755.0,527555.5833333334,8838.976166459663
"DC-PPO (fixed 60, 3 seeds)",historical,2757.0,528167.5729166666,8972.657152488504
"DC-PPO (fixed 60, 3 seeds)",historical,2759.0,527636.8689236111,8453.168958827786
"DC-PPO (fixed 60, 3 seeds)",historical,2761.0,528473.5772569445,8326.758206773457
"DC-PPO (fixed 60, 3 seeds)",historical,2763.0,528241.8376736111,8144.342470369193
"DC-PPO (fixed 60, 3 seeds)",historical,2765.0,528468.5885416666,9208.027702908033
"DC-PPO (fixed 60, 3 seeds)",historical,2767.0,527352.6215277779,9412.661366492197
"DC-PPO (fixed 60, 3 seeds)",historical,2769.0,526586.3237847222,9004.966421063775
"DC-PPO (fixed 60, 3 seeds)",historical,2771.0,525005.6302083334,9025.00239849384
"DC-PPO (fixed 60, 3 seeds)",historical,2773.0,525088.7352430555,8583.261968125773
"DC-PPO (fixed 60, 3 seeds)",historical,2775.0,525647.8454861111,8990.098619589893
"DC-PPO (fixed 60, 3 seeds)",historical,2777.0,526292.1267361111,9217.133215033218
"DC-PPO (fixed 60, 3 seeds)",historical,2779.0,527281.3454861111,9539.336589080753
"DC-PPO (fixed 60, 3 seeds)",historical,2781.0,527838.8003472222,9500.552064988226
"DC-PPO (fixed 60, 3 seeds)",historical,2783.0,528040.0295138889,8700.607628284646
"DC-PPO (fixed 60, 3 seeds)",historical,2785.0,526958.3038194444,8981.539978110237
"DC-PPO (fixed 60, 3 seeds)",historical,2787.0,526786.9375000001,8117.8511281082665
"DC-PPO (fixed 60, 3 seeds)",historical,2789.0,527234.7612847221,7687.250524832019
"DC-PPO (fixed 60, 3 seeds)",historical,2791.0,526667.2881944445,6479.709165168472
"DC-PPO (fixed 60, 3 seeds)",historical,2793.0,526557.8072916666,6820.336462686526
"DC-PPO (fixed 60, 3 seeds)",historical,2795.0,525196.3012152778,7018.000022968423
"DC-PPO (fixed 60, 3 seeds)",historical,2797.0,525908.8098958334,7312.1827714202
"DC-PPO (fixed 60, 3 seeds)",historical,2799.0,525176.1128472221,8566.840706569841
"DC-PPO (fixed 60, 3 seeds)",historical,2801.0,526006.0347222221,9444.08890304439
"DC-PPO (fixed 60, 3 seeds)",historical,2803.0,527012.6232638889,8894.1551548614
"DC-PPO (fixed 60, 3 seeds)",historical,2805.0,526891.8645833334,8524.794202793553
"DC-PPO (fixed 60, 3 seeds)",historical,2807.0,526416.9782986111,7819.318400218929
"DC-PPO (fixed 60, 3 seeds)",historical,2809.0,525141.046875,9324.331970389532
"DC-PPO (fixed 60, 3 seeds)",historical,2811.0,525790.5625,8774.605642871938
"DC-PPO (fixed 60, 3 seeds)",historical,2813.0,526518.3263888889,8588.993316759315
"DC-PPO (fixed 60, 3 seeds)",historical,2815.0,526906.2925347221,7883.377835074053
"DC-PPO (fixed 60, 3 seeds)",historical,2817.0,526614.2829861111,9008.587434470517
"DC-PPO (fixed 60, 3 seeds)",historical,2819.0,526030.8020833334,9015.042750337814
"DC-PPO (fixed 60, 3 seeds)",historical,2821.0,525989.0980902778,9167.47322027004
"DC-PPO (fixed 60, 3 seeds)",historical,2823.0,525234.5173611111,9421.947425552158
"DC-PPO (fixed 60, 3 seeds)",historical,2825.0,524069.6579861112,10609.10321245477
"DC-PPO (fixed 60, 3 seeds)",historical,2827.0,523160.4583333333,11617.581308451163
"DC-PPO (fixed 60, 3 seeds)",historical,2829.0,523193.40711805556,11392.972007017686
"DC-PPO (fixed 60, 3 seeds)",historical,2831.0,523844.52864583343,10945.74498429326
"DC-PPO (fixed 60, 3 seeds)",historical,2833.0,523792.90451388893,10103.215514222495
"DC-PPO (fixed 60, 3 seeds)",historical,2835.0,523137.4010416667,10271.399011630247
"DC-PPO (fixed 60, 3 seeds)",historical,2837.0,521843.22222222225,10242.217503545131
"DC-PPO (fixed 60, 3 seeds)",historical,2839.0,521169.16059027775,10510.913040520596
"DC-PPO (fixed 60, 3 seeds)",historical,2841.0,522681.4644097222,9907.727725619761
"DC-PPO (fixed 60, 3 seeds)",historical,2843.0,524266.046875,9974.36816958873
"DC-PPO (fixed 60, 3 seeds)",historical,2845.0,524447.9704861111,10321.542416739921
"DC-PPO (fixed 60, 3 seeds)",historical,2847.0,523233.4930555555,10735.199066899107
"DC-PPO (fixed 60, 3 seeds)",historical,2849.0,522592.4114583333,11056.477045210137
"DC-PPO (fixed 60, 3 seeds)",historical,2851.0,523189.00086805556,11989.046053640199
"DC-PPO (fixed 60, 3 seeds)",historical,2853.0,524216.17013888893,12357.002748349538
"DC-PPO (fixed 60, 3 seeds)",historical,2855.0,524497.8967013889,12137.332564661754
"DC-PPO (fixed 60, 3 seeds)",historical,2857.0,524425.0008680555,11303.384494465121
"DC-PPO (fixed 60, 3 seeds)",historical,2859.0,523619.03038194444,11343.264179281392
"DC-PPO (fixed 60, 3 seeds)",historical,2861.0,523211.9782986112,10715.786376509426
"DC-PPO (fixed 60, 3 seeds)",historical,2863.0,522613.0130208333,11061.434955000781
"DC-PPO (fixed 60, 3 seeds)",historical,2865.0,522486.88715277775,11395.348470058178
"DC-PPO (fixed 60, 3 seeds)",historical,2867.0,522297.03993055556,12436.529710182293
"DC-PPO (fixed 60, 3 seeds)",historical,2869.0,523050.8229166667,12664.532425810423
"DC-PPO (fixed 60, 3 seeds)",historical,2871.0,522537.10590277775,12881.975743477684
"DC-PPO (fixed 60, 3 seeds)",historical,2873.0,522598.7664930555,12977.943583379662
"DC-PPO (fixed 60, 3 seeds)",historical,2875.0,522625.10590277775,13752.382639287785
"DC-PPO (fixed 60, 3 seeds)",historical,2877.0,523272.45399305556,14155.732254378538
"DC-PPO (fixed 60, 3 seeds)",historical,2879.0,523542.375,14467.07918331525
"DC-PPO (fixed 60, 3 seeds)",historical,2881.0,523411.7569444445,13820.548845062825
"DC-PPO (fixed 60, 3 seeds)",historical,2883.0,523145.625,13560.69807075968
"DC-PPO (fixed 60, 3 seeds)",historical,2885.0,523449.9270833333,12763.22216545294
"DC-PPO (fixed 60, 3 seeds)",historical,2887.0,523254.5043402778,11950.723829818358
"DC-PPO (fixed 60, 3 seeds)",historical,2889.0,522246.86371527775,11506.826902806008
"DC-PPO (fixed 60, 3 seeds)",historical,2891.0,521951.7682291667,12029.80622265261
"DC-PPO (fixed 60, 3 seeds)",historical,2893.0,521779.6440972222,12147.273003815264
"DC-PPO (fixed 60, 3 seeds)",historical,2895.0,522443.4409722222,12228.04336944398
"DC-PPO (fixed 60, 3 seeds)",historical,2897.0,523352.2621527778,12511.775766778139
"DC-PPO (fixed 60, 3 seeds)",historical,2899.0,524000.1736111112,13596.068601982555
"DC-PPO (fixed 60, 3 seeds)",historical,2901.0,525655.9479166666,13741.20078465127
"DC-PPO (fixed 60, 3 seeds)",historical,2903.0,525304.9513888889,13232.993537271737
"DC-PPO (fixed 60, 3 seeds)",historical,2905.0,526108.5147569444,13112.086560085547
"DC-PPO (fixed 60, 3 seeds)",historical,2907.0,527693.9001736111,12780.973644244554
"DC-PPO (fixed 60, 3 seeds)",historical,2909.0,529172.3246527779,12753.447311117938
"DC-PPO (fixed 60, 3 seeds)",historical,2911.0,528981.4088541666,12623.480348791456
"DC-PPO (fixed 60, 3 seeds)",historical,2913.0,527658.3246527778,12536.036860501164
"DC-PPO (fixed 60, 3 seeds)",historical,2915.0,527888.8645833334,11264.570278673262
"DC-PPO (fixed 60, 3 seeds)",historical,2917.0,528183.4010416666,11192.846152255854
"DC-PPO (fixed 60, 3 seeds)",historical,2919.0,529255.7977430555,11123.897325500038
"DC-PPO (fixed 60, 3 seeds)",historical,2921.0,528575.4279513889,12727.708672927298
"DC-PPO (fixed 60, 3 seeds)",historical,2923.0,529654.046875,12227.727160224309
"DC-PPO (fixed 60, 3 seeds)",historical,2925.0,529847.1996527779,13107.76969116183
"DC-PPO (fixed 60, 3 seeds)",historical,2927.0,530601.2899305555,12734.596326728919
"DC-PPO (fixed 60, 3 seeds)",historical,2929.0,530434.3776041666,13391.14370729373
"DC-PPO (fixed 60, 3 seeds)",historical,2931.0,529614.3125,13528.530329804664
"DC-PPO (fixed 60, 3 seeds)",historical,2933.0,528295.6510416666,13992.778449061461
"DC-PPO (fixed 60, 3 seeds)",historical,2935.0,528313.1302083334,13726.101531292346
"DC-PPO (fixed 60, 3 seeds)",historical,2937.0,528443.28125,14005.30828402674
"DC-PPO (fixed 60, 3 seeds)",historical,2939.0,529766.3428819445,14129.25917601879
"DC-PPO (fixed 60, 3 seeds)",historical,2941.0,530369.0564236111,14562.70336097857
"DC-PPO (fixed 60, 3 seeds)",historical,2943.0,531221.1293402779,13475.509825657751
"DC-PPO (fixed 60, 3 seeds)",historical,2945.0,530634.4513888889,11948.720045865444
"DC-PPO (fixed 60, 3 seeds)",historical,2947.0,529098.0564236111,11213.701945047651
"DC-PPO (fixed 60, 3 seeds)",historical,2949.0,526748.234375,11372.7974370639
"DC-PPO (fixed 60, 3 seeds)",historical,2951.0,526911.5642361111,13057.336605705881
"DC-PPO (fixed 60, 3 seeds)",historical,2953.0,526257.2135416666,13313.672484070397
"DC-PPO (fixed 60, 3 seeds)",historical,2955.0,527005.9878472221,13352.355302819511
"DC-PPO (fixed 60, 3 seeds)",historical,2957.0,525662.1857638889,13390.921596740052
"DC-PPO (fixed 60, 3 seeds)",historical,2959.0,526334.1762152779,14857.520055848338
"DC-PPO (fixed 60, 3 seeds)",historical,2961.0,525875.0390625,15507.244804329344
"DC-PPO (fixed 60, 3 seeds)",historical,2963.0,526401.3159722221,14620.56794155611
"DC-PPO (fixed 60, 3 seeds)",historical,2965.0,526713.1067708334,12919.71723574988
"DC-PPO (fixed 60, 3 seeds)",historical,2967.0,526242.1145833334,12918.773028751257
"DC-PPO (fixed 60, 3 seeds)",historical,2969.0,526563.171875,12833.316245328988
"DC-PPO (fixed 60, 3 seeds)",historical,2971.0,526163.8524305555,13530.955294796444
"DC-PPO (fixed 60, 3 seeds)",historical,2973.0,527466.2213541666,13607.655762573744
"DC-PPO (fixed 60, 3 seeds)",historical,2975.0,526902.6432291666,13675.123359970283
"DC-PPO (fixed 60, 3 seeds)",historical,2977.0,527525.2517361111,13735.966274745368
"DC-PPO (fixed 60, 3 seeds)",historical,2979.0,526273.1519097221,12540.10585316854
"DC-PPO (fixed 60, 3 seeds)",historical,2981.0,525425.3333333334,12786.765606534378
"DC-PPO (fixed 60, 3 seeds)",historical,2983.0,525054.3394097222,12070.483626398107
"DC-PPO (fixed 60, 3 seeds)",historical,2985.0,525598.8090277778,11652.968472253073
"DC-PPO (fixed 60, 3 seeds)",historical,2987.0,527311.3585069445,10444.793573823645
"DC-PPO (fixed 60, 3 seeds)",historical,2989.0,526844.1197916666,10336.422204477141
"DC-PPO (fixed 60, 3 seeds)",historical,2991.0,527301.5494791666,11102.139949053459
"DC-PPO (fixed 60, 3 seeds)",historical,2993.0,526568.5286458334,11843.441950224194
"DC-PPO (fixed 60, 3 seeds)",historical,2995.0,526651.5477430555,11267.74758468791
"DC-PPO (fixed 60, 3 seeds)",historical,2997.0,525783.1597222222,11208.521998544933
"DC-PPO (fixed 60, 3 seeds)",historical,2999.0,526668.4618055555,10590.187892786445
"DC-PPO (fixed 60, 3 seeds)",historical,3001.0,526942.1032986111,10149.767647036038
"DC-PPO (fixed 60, 3 seeds)",historical,3003.0,527071.1875,8596.736487560243
"DC-PPO (fixed 60, 3 seeds)",historical,3005.0,526107.4600694444,8650.909301995047
"DC-PPO (fixed 60, 3 seeds)",historical,3007.0,526933.8567708334,9300.815074073089
"DC-PPO (fixed 60, 3 seeds)",historical,3009.0,527944.7769097222,10868.99871811674
"DC-PPO (fixed 60, 3 seeds)",historical,3011.0,528224.6171875,10654.099495151611
"DC-PPO (fixed 60, 3 seeds)",historical,3013.0,527771.6553819445,10231.620149135706
"DC-PPO (fixed 60, 3 seeds)",historical,3015.0,527891.4730902779,8878.228356221147
"DC-PPO (fixed 60, 3 seeds)",historical,3017.0,529621.0911458334,8186.529600499385
"DC-PPO (fixed 60, 3 seeds)",historical,3019.0,531057.7552083334,7645.6786871307795
"DC-PPO (fixed 60, 3 seeds)",historical,3021.0,531808.6684027779,7523.2319774520865
"DC-PPO (fixed 60, 3 seeds)",historical,3023.0,530496.1319444445,8081.667161251657
"DC-PPO (fixed 60, 3 seeds)",historical,3025.0,530369.6232638889,8328.752698850007
"DC-PPO (fixed 60, 3 seeds)",historical,3027.0,529833.2734375,8799.036239211884
"DC-PPO (fixed 60, 3 seeds)",historical,3029.0,529754.2994791666,8611.58627340782
"DC-PPO (fixed 60, 3 seeds)",historical,3031.0,529036.0026041666,8723.88590768548
"DC-PPO (fixed 60, 3 seeds)",historical,3033.0,529814.0,8063.252213002701
"DC-PPO (fixed 60, 3 seeds)",historical,3035.0,531327.4748263889,8077.427989067798
"DC-PPO (fixed 60, 3 seeds)",historical,3037.0,531756.9149305555,7155.976405563204
"DC-PPO (fixed 60, 3 seeds)",historical,3039.0,531073.3628472221,8848.607790737628
"DC-PPO (fixed 60, 3 seeds)",historical,3041.0,530176.8428819445,8912.632544130882
"DC-PPO (fixed 60, 3 seeds)",historical,3043.0,529753.0815972221,10266.845882288584
"DC-PPO (fixed 60, 3 seeds)",historical,3045.0,530772.6892361111,9325.271723099635
"DC-PPO (fixed 60, 3 seeds)",historical,3047.0,531831.5373263889,9097.35094875627
"DC-PPO (fixed 60, 3 seeds)",historical,3049.0,532036.7682291666,7677.4657563053015
"DC-PPO (fixed 60, 3 seeds)",historical,3051.0,531165.5026041666,8016.35160896682
"DC-PPO (fixed 60, 3 seeds)",historical,3053.0,531060.1397569445,8019.68760564318
"DC-PPO (fixed 60, 3 seeds)",historical,3055.0,531206.1796875,9049.8650175904
"DC-PPO (fixed 60, 3 seeds)",historical,3057.0,531473.3342013889,8059.240541702377
"DC-PPO (fixed 60, 3 seeds)",historical,3059.0,530935.0121527779,8432.834612072334
"DC-PPO (fixed 60, 3 seeds)",historical,3061.0,530280.6128472221,8715.968432678974
"DC-PPO (fixed 60, 3 seeds)",historical,3063.0,530578.3585069444,9294.242523571053
"DC-PPO (fixed 60, 3 seeds)",historical,3065.0,530743.7230902779,9516.932686864699
"DC-PPO (fixed 60, 3 seeds)",historical,3067.0,531687.4123263889,8228.262238135043
"DC-PPO (fixed 60, 3 seeds)",historical,3069.0,531832.6553819445,8839.757801462534
"DC-PPO (fixed 60, 3 seeds)",historical,3071.0,532065.4956597224,7800.6341521624045
"DC-PPO (fixed 60, 3 seeds)",historical,3073.0,531603.6961805556,8556.62717832328
"DC-PPO (fixed 60, 3 seeds)",historical,3075.0,531601.310763889,7734.914068580025
"DC-PPO (fixed 60, 3 seeds)",historical,3077.0,531497.7309027778,9282.56499477815
"DC-PPO (fixed 60, 3 seeds)",historical,3079.0,532777.9427083334,10277.715105163004
"DC-PPO (fixed 60, 3 seeds)",historical,3081.0,533114.7977430555,10818.52178337032
"DC-PPO (fixed 60, 3 seeds)",historical,3083.0,533537.5416666666,10239.810968013484
"DC-PPO (fixed 60, 3 seeds)",historical,3085.0,532063.3411458334,9467.681306412249
"DC-PPO (fixed 60, 3 seeds)",historical,3087.0,531380.5529513889,9590.488599533544
"DC-PPO (fixed 60, 3 seeds)",historical,3089.0,530385.5668402779,9855.4145258974
"DC-PPO (fixed 60, 3 seeds)",historical,3091.0,530829.0373263889,10915.035987418702
"DC-PPO (fixed 60, 3 seeds)",historical,3093.0,530201.4149305555,10911.543248177599
"DC-PPO (fixed 60, 3 seeds)",historical,3095.0,530060.1527777779,11321.20213141237
"DC-PPO (fixed 60, 3 seeds)",historical,3097.0,529478.9053819445,11504.572908054848
"DC-PPO (fixed 60, 3 seeds)",historical,3099.0,529935.9244791666,12286.120675138816
"DC-PPO (fixed 60, 3 seeds)",historical,3101.0,530846.900173611,11986.145377060473
"DC-PPO (fixed 60, 3 seeds)",historical,3103.0,532271.7578125,11785.176423402798
"DC-PPO (fixed 60, 3 seeds)",historical,3105.0,532883.4453125,10764.490988678417
"DC-PPO (fixed 60, 3 seeds)",historical,3107.0,533044.6145833334,10697.896560080017
"DC-PPO (fixed 60, 3 seeds)",historical,3109.0,532212.6597222221,9803.80801627871
"DC-PPO (fixed 60, 3 seeds)",historical,3111.0,533028.7769097221,9870.641466832029
"DC-PPO (fixed 60, 3 seeds)",historical,3113.0,533284.2925347222,9446.846305725163
"DC-PPO (fixed 60, 3 seeds)",historical,3115.0,534381.4592013889,9527.182506992754
"DC-PPO (fixed 60, 3 seeds)",historical,3117.0,534099.0104166666,9327.48714302504
"DC-PPO (fixed 60, 3 seeds)",historical,3119.0,534949.8637152778,8606.138988611936
"DC-PPO (fixed 60, 3 seeds)",historical,3121.0,534748.3697916666,7631.98070574187
"DC-PPO (fixed 60, 3 seeds)",historical,3123.0,535572.4409722222,8060.499257804527
"DC-PPO (fixed 60, 3 seeds)",historical,3125.0,535083.1293402779,7461.100762234196
"DC-PPO (fixed 60, 3 seeds)",historical,3127.0,534919.3151041666,7344.164746423156
"DC-PPO (fixed 60, 3 seeds)",historical,3129.0,533607.5416666666,6584.722391747181
"DC-PPO (fixed 60, 3 seeds)",historical,3131.0,533111.1909722221,7019.607432030685
"DC-PPO (fixed 60, 3 seeds)",historical,3133.0,533681.9166666666,7880.682730959559
"DC-PPO (fixed 60, 3 seeds)",historical,3135.0,535668.7022569444,7604.959633271696
"DC-PPO (fixed 60, 3 seeds)",historical,3137.0,536198.2777777779,7986.750665144448
"DC-PPO (fixed 60, 3 seeds)",historical,3139.0,535856.9774305555,8477.957994500308
"DC-PPO (fixed 60, 3 seeds)",historical,3141.0,535153.5720486111,8453.724249467585
"DC-PPO (fixed 60, 3 seeds)",historical,3143.0,535515.6145833334,8064.6021096032
"DC-PPO (fixed 60, 3 seeds)",historical,3145.0,535228.8220486111,7965.72157066591
"DC-PPO (fixed 60, 3 seeds)",historical,3147.0,534293.9722222224,8645.523124548708
"DC-PPO (fixed 60, 3 seeds)",historical,3149.0,533629.4314236111,9530.524357626642
"DC-PPO (fixed 60, 3 seeds)",historical,3151.0,533987.592013889,9664.696513845682
"DC-PPO (fixed 60, 3 seeds)",historical,3153.0,533950.2994791666,10144.609019605561
"DC-PPO (fixed 60, 3 seeds)",historical,3155.0,534368.2673611111,9346.138763036211
"DC-PPO (fixed 60, 3 seeds)",historical,3157.0,534687.2161458334,8723.2980659321
"DC-PPO (fixed 60, 3 seeds)",historical,3159.0,535898.3064236111,7602.353067706824
"DC-PPO (fixed 60, 3 seeds)",historical,3161.0,536170.1935763889,7134.102996185101
"DC-PPO (fixed 60, 3 seeds)",historical,3163.0,536861.5173611111,7582.640816241946
"DC-PPO (fixed 60, 3 seeds)",historical,3165.0,537989.9852430555,7733.62328400804
"DC-PPO (fixed 60, 3 seeds)",historical,3167.0,538239.4019097224,8572.911767206053
"DC-PPO (fixed 60, 3 seeds)",historical,3169.0,538030.8472222222,7833.041832558126
"DC-PPO (fixed 60, 3 seeds)",historical,3171.0,537083.4322916666,8478.982377086979
"DC-PPO (fixed 60, 3 seeds)",historical,3173.0,538090.3819444445,9020.089720769914
"DC-PPO (fixed 60, 3 seeds)",historical,3175.0,538298.1944444445,9328.202923410288
"DC-PPO (fixed 60, 3 seeds)",historical,3177.0,538588.3385416666,8411.2741420819
"DC-PPO (fixed 60, 3 seeds)",historical,3179.0,536163.1076388889,8138.125407012128
"DC-PPO (fixed 60, 3 seeds)",historical,3181.0,535747.8385416666,8274.928338345942
"DC-PPO (fixed 60, 3 seeds)",historical,3183.0,535608.6970486111,9006.284926184251
"DC-PPO (fixed 60, 3 seeds)",historical,3185.0,536490.2491319444,9410.556601307444
"DC-PPO (fixed 60, 3 seeds)",historical,3187.0,537036.2769097221,10225.544563811887
"DC-PPO (fixed 60, 3 seeds)",historical,3189.0,537037.7421875,11074.799125434854
"DC-PPO (fixed 60, 3 seeds)",historical,3191.0,537926.9322916666,11019.132620149965
"DC-PPO (fixed 60, 3 seeds)",historical,3193.0,536958.4114583334,11255.697342698439
"DC-PPO (fixed 60, 3 seeds)",historical,3195.0,536757.5954861111,11589.60308835751
"DC-PPO (fixed 60, 3 seeds)",historical,3197.0,536124.0034722221,12476.141897562109
"DC-PPO (fixed 60, 3 seeds)",historical,3199.0,536231.2595486111,11218.06632821315
"DC-PPO (fixed 60, 3 seeds)",historical,3201.0,535836.4340277779,10603.944408589456
"DC-PPO (fixed 60, 3 seeds)",historical,3203.0,536290.6154513889,10091.946502836625
"DC-PPO (fixed 60, 3 seeds)",historical,3205.0,536477.2248263889,10764.32516309136
"DC-PPO (fixed 60, 3 seeds)",historical,3207.0,536820.6753472221,10912.996566602269
"DC-PPO (fixed 60, 3 seeds)",historical,3209.0,536886.3793402776,10170.088586135604
"DC-PPO (fixed 60, 3 seeds)",historical,3211.0,537353.9696180556,9619.163983418339
"DC-PPO (fixed 60, 3 seeds)",historical,3213.0,536956.7526041666,9055.77495001538
"DC-PPO (fixed 60, 3 seeds)",historical,3215.0,535926.2057291666,9396.897672973926
"DC-PPO (fixed 60, 3 seeds)",historical,3217.0,535382.9140625,8675.178122488338
"DC-PPO (fixed 60, 3 seeds)",historical,3219.0,534952.5616319445,8203.800191382046
"DC-PPO (fixed 60, 3 seeds)",historical,3221.0,535277.3784722221,7959.488883440911
"DC-PPO (fixed 60, 3 seeds)",historical,3223.0,535568.8046875,8314.54308339969
"DC-PPO (fixed 60, 3 seeds)",historical,3225.0,534952.6484375,8094.283391825865
"DC-PPO (fixed 60, 3 seeds)",historical,3227.0,535235.3368055555,8100.437479635205
"DC-PPO (fixed 60, 3 seeds)",historical,3229.0,535779.5538194444,9146.465870990876
"DC-PPO (fixed 60, 3 seeds)",historical,3231.0,537680.8324652779,9147.993618642739
"DC-PPO (fixed 60, 3 seeds)",historical,3233.0,538622.9913194445,8001.92887252082
"DC-PPO (fixed 60, 3 seeds)",historical,3235.0,537974.6527777776,6352.762605839153
"DC-PPO (fixed 60, 3 seeds)",historical,3237.0,537687.4210069445,7005.2718776193715
"DC-PPO (fixed 60, 3 seeds)",historical,3239.0,536391.4817708334,7863.206079169217
"DC-PPO (fixed 60, 3 seeds)",historical,3241.0,536372.8177083334,9029.355220733627
"DC-PPO (fixed 60, 3 seeds)",historical,3243.0,535474.1475694445,8900.262947417768
"DC-PPO (fixed 60, 3 seeds)",historical,3245.0,535047.3645833334,10304.128217799976
"DC-PPO (fixed 60, 3 seeds)",historical,3247.0,534852.4947916666,11909.36493848478
"DC-PPO (fixed 60, 3 seeds)",historical,3249.0,534609.7743055555,13110.1025187636
"DC-PPO (fixed 60, 3 seeds)",historical,3251.0,534405.4670138889,13972.779353452428
"DC-PPO (fixed 60, 3 seeds)",historical,3253.0,533663.6909722222,13584.066342589333
"DC-PPO (fixed 60, 3 seeds)",historical,3255.0,533561.2864583334,13834.046035681604
"DC-PPO (fixed 60, 3 seeds)",historical,3257.0,535040.8368055555,12802.463617382884
"DC-PPO (fixed 60, 3 seeds)",historical,3259.0,534894.203125,14498.415815563263
"DC-PPO (fixed 60, 3 seeds)",historical,3261.0,534523.984375,14883.140981235902
"DC-PPO (fixed 60, 3 seeds)",historical,3263.0,531509.8289930556,16061.95979014378
"DC-PPO (fixed 60, 3 seeds)",historical,3265.0,531585.0546875,15346.720590052619
"DC-PPO (fixed 60, 3 seeds)",historical,3267.0,532478.2621527779,16228.281860416522
"DC-PPO (fixed 60, 3 seeds)",historical,3269.0,534573.9748263889,16553.01067670033
"DC-PPO (fixed 60, 3 seeds)",historical,3271.0,534681.5147569445,17753.80164647827
"DC-PPO (fixed 60, 3 seeds)",historical,3273.0,533341.0329861111,17604.28654279038
"DC-PPO (fixed 60, 3 seeds)",historical,3275.0,532373.4652777779,17925.35003131421
"DC-PPO (fixed 60, 3 seeds)",historical,3277.0,531836.7100694445,16864.63056821286
"DC-PPO (fixed 60, 3 seeds)",historical,3279.0,532699.763888889,16349.46271954243
"DC-PPO (fixed 60, 3 seeds)",historical,3281.0,533482.4513888889,16198.86966222519
"DC-PPO (fixed 60, 3 seeds)",historical,3283.0,533582.381076389,16548.227160254406
"DC-PPO (fixed 60, 3 seeds)",historical,3285.0,532054.1050347221,16668.210461689985
"DC-PPO (fixed 60, 3 seeds)",historical,3287.0,531305.1848958334,15877.600215498824
"DC-PPO (fixed 60, 3 seeds)",historical,3289.0,531600.8203125,15676.904959721298
"DC-PPO (fixed 60, 3 seeds)",historical,3291.0,533117.5998263889,15229.581416399005
"DC-PPO (fixed 60, 3 seeds)",historical,3293.0,533185.328125,15127.256345008256
"DC-PPO (fixed 60, 3 seeds)",historical,3295.0,533773.9921875,14589.6558676292
"DC-PPO (fixed 60, 3 seeds)",historical,3297.0,534287.8810763889,15583.404736757011
"DC-PPO (fixed 60, 3 seeds)",historical,3299.0,535224.0850694445,15759.693884380038
"DC-PPO (fixed 60, 3 seeds)",historical,3301.0,534844.9713541666,16081.78307027905
"DC-PPO (fixed 60, 3 seeds)",historical,3303.0,534548.9236111111,15580.030607665873
"DC-PPO (fixed 60, 3 seeds)",historical,3305.0,532904.3081597224,15716.653672794533
"DC-PPO (fixed 60, 3 seeds)",historical,3307.0,534363.2743055555,15402.700627022747
"DC-PPO (fixed 60, 3 seeds)",historical,3309.0,534512.6310763889,15178.494298040416
"DC-PPO (fixed 60, 3 seeds)",historical,3311.0,536378.4852430555,15109.612032809295
"DC-PPO (fixed 60, 3 seeds)",historical,3313.0,535693.0208333334,15418.544361394444
"DC-PPO (fixed 60, 3 seeds)",historical,3315.0,535459.6909722224,15130.342410080548
"DC-PPO (fixed 60, 3 seeds)",historical,3317.0,534640.2855902778,15143.345456114914
"DC-PPO (fixed 60, 3 seeds)",historical,3319.0,534135.3550347224,15405.726019119682
"DC-PPO (fixed 60, 3 seeds)",historical,3321.0,533813.3315972224,16055.58774569951
"DC-PPO (fixed 60, 3 seeds)",historical,3323.0,532953.4210069444,16268.009267931768
"DC-PPO (fixed 60, 3 seeds)",historical,3325.0,533162.6814236111,16035.42863902683
"DC-PPO (fixed 60, 3 seeds)",historical,3327.0,533401.4765625,15878.020536573036
"DC-PPO (fixed 60, 3 seeds)",historical,3329.0,535066.5138888889,15375.012334396439
"DC-PPO (fixed 60, 3 seeds)",historical,3331.0,534509.6727430555,15266.592189184228
"DC-PPO (fixed 60, 3 seeds)",historical,3333.0,534821.3680555556,14407.115862574607
"DC-PPO (fixed 60, 3 seeds)",historical,3335.0,534713.7612847221,14259.24424708654
"DC-PPO (fixed 60, 3 seeds)",historical,3337.0,533995.0164930556,15363.24491548134
"DC-PPO (fixed 60, 3 seeds)",historical,3339.0,533600.2083333334,16000.578959095754
"DC-PPO (fixed 60, 3 seeds)",historical,3341.0,533931.584201389,16314.188859391945
"DC-PPO (fixed 60, 3 seeds)",historical,3343.0,534810.4791666666,14772.456465369754
"DC-PPO (fixed 60, 3 seeds)",historical,3345.0,536416.7256944444,14490.180622043863
"DC-PPO (fixed 60, 3 seeds)",historical,3347.0,536565.4913194445,14143.380577536127
"DC-PPO (fixed 60, 3 seeds)",historical,3349.0,536879.9869791666,15499.71513338627
"DC-PPO (fixed 60, 3 seeds)",historical,3351.0,536207.0807291666,16018.983743070512
"DC-PPO (fixed 60, 3 seeds)",historical,3353.0,535222.0069444444,16295.926832658648
"DC-PPO (fixed 60, 3 seeds)",historical,3355.0,535278.204861111,15943.330885376354
"DC-PPO (fixed 60, 3 seeds)",historical,3357.0,534491.4895833334,15891.841179455258
"DC-PPO (fixed 60, 3 seeds)",historical,3359.0,535752.3654513889,16007.855449503133
"DC-PPO (fixed 60, 3 seeds)",historical,3361.0,536357.3151041666,15775.584838063152
"DC-PPO (fixed 60, 3 seeds)",historical,3363.0,537759.1762152779,15534.401949469799
"DC-PPO (fixed 60, 3 seeds)",historical,3365.0,537297.3046875,14660.3063485116
"DC-PPO (fixed 60, 3 seeds)",historical,3367.0,537489.1137152779,13830.11755642815
"DC-PPO (fixed 60, 3 seeds)",historical,3369.0,537295.9392361111,13003.277281849007
"DC-PPO (fixed 60, 3 seeds)",historical,3371.0,537965.5815972221,12806.719676944258
"DC-PPO (fixed 60, 3 seeds)",historical,3373.0,538204.6059027778,12163.06249080544
"DC-PPO (fixed 60, 3 seeds)",historical,3375.0,537773.1875,10813.383144520343
"DC-PPO (fixed 60, 3 seeds)",historical,3377.0,537506.1449652779,10219.744705547364
"DC-PPO (fixed 60, 3 seeds)",historical,3379.0,536676.9756944445,9656.474608458668
"DC-PPO (fixed 60, 3 seeds)",historical,3381.0,536116.498263889,10232.348266808807
"DC-PPO (fixed 60, 3 seeds)",historical,3383.0,535471.8628472221,10271.54931060195
"DC-PPO (fixed 60, 3 seeds)",historical,3385.0,535715.1241319445,10849.557073248847
"DC-PPO (fixed 60, 3 seeds)",historical,3387.0,536242.4939236111,11386.832072317513
"DC-PPO (fixed 60, 3 seeds)",historical,3389.0,536738.1649305555,12216.821943321882
"DC-PPO (fixed 60, 3 seeds)",historical,3391.0,537166.2317708334,12144.704953947401
"DC-PPO (fixed 60, 3 seeds)",historical,3393.0,538267.1927083334,12177.96365951135
"DC-PPO (fixed 60, 3 seeds)",historical,3395.0,539109.4722222221,12202.961494519193
"DC-PPO (fixed 60, 3 seeds)",historical,3397.0,538513.5095486111,12597.21067609448
"DC-PPO (fixed 60, 3 seeds)",historical,3399.0,537861.9340277778,12110.247986749475
"DC-PPO (fixed 60, 3 seeds)",historical,3401.0,536947.1901041666,10934.301373080409
"DC-PPO (fixed 60, 3 seeds)",historical,3403.0,538037.1163194445,10225.3930805868
"DC-PPO (fixed 60, 3 seeds)",historical,3405.0,539104.34375,10895.522478692339
"DC-PPO (fixed 60, 3 seeds)",historical,3407.0,540549.2960069445,11672.822455700425
"DC-PPO (fixed 60, 3 seeds)",historical,3409.0,540166.4366319444,11363.595288555938
"DC-PPO (fixed 60, 3 seeds)",historical,3411.0,539762.859375,10012.81435955662
"DC-PPO (fixed 60, 3 seeds)",historical,3413.0,540044.9444444445,10172.417730775018
"DC-PPO (fixed 60, 3 seeds)",historical,3415.0,541083.9583333334,10900.113201964963
"DC-PPO (fixed 60, 3 seeds)",historical,3417.0,541886.1015625,10932.078773141835
"DC-PPO (fixed 60, 3 seeds)",historical,3419.0,541010.092013889,9934.202391768513
"DC-PPO (fixed 60, 3 seeds)",historical,3421.0,540923.2482638889,8906.035278362204
"DC-PPO (fixed 60, 3 seeds)",historical,3423.0,540220.4748263889,8856.317643060023
"DC-PPO (fixed 60, 3 seeds)",historical,3425.0,540374.7621527778,9559.948886696347
"DC-PPO (fixed 60, 3 seeds)",historical,3427.0,538926.2890625,10252.9195277898
"DC-PPO (fixed 60, 3 seeds)",historical,3429.0,536624.7855902776,11503.555980401585
"DC-PPO (fixed 60, 3 seeds)",historical,3431.0,534398.9227430555,14717.911923423091
"DC-PPO (fixed 60, 3 seeds)",historical,3433.0,532875.5842013889,18761.994995576082
"DC-PPO (fixed 60, 3 seeds)",historical,3435.0,531550.0243055555,23294.0364636253
"DC-PPO (fixed 60, 3 seeds)",historical,3437.0,530536.9904513889,24083.13636736277
"DC-PPO (fixed 60, 3 seeds)",historical,3439.0,529558.875,24739.344729766413
"DC-PPO (fixed 60, 3 seeds)",historical,3441.0,530069.4982638889,24829.581576133176
"DC-PPO (fixed 60, 3 seeds)",historical,3443.0,529948.6189236111,25907.40974799236
"DC-PPO (fixed 60, 3 seeds)",historical,3445.0,530140.4626736111,26452.129798215446
"DC-PPO (fixed 60, 3 seeds)",historical,3447.0,530172.5034722221,24988.836359233806
"DC-PPO (fixed 60, 3 seeds)",historical,3449.0,530823.453125,24157.361132815742
"DC-PPO (fixed 60, 3 seeds)",historical,3451.0,530931.75,23612.436259971495
"DC-PPO (fixed 60, 3 seeds)",historical,3453.0,530952.4014756945,24479.482235920117
"DC-PPO (fixed 60, 3 seeds)",historical,3455.0,531086.8893229166,23458.818328134043
"DC-PPO (fixed 60, 3 seeds)",historical,3457.0,531299.0863715279,23280.769927024772
"DC-PPO (fixed 60, 3 seeds)",historical,3459.0,531382.6440972221,22815.671268507238
"DC-PPO (fixed 60, 3 seeds)",historical,3461.0,529949.9314236111,23450.431006293642
"DC-PPO (fixed 60, 3 seeds)",historical,3463.0,529771.1545138889,23163.140359836147
"DC-PPO (fixed 60, 3 seeds)",historical,3465.0,530330.7126736111,22954.61883928228
"DC-PPO (fixed 60, 3 seeds)",historical,3467.0,531526.9409722221,22950.444631602448
"DC-PPO (fixed 60, 3 seeds)",historical,3469.0,531877.8029513889,22920.33945139031
"DC-PPO (fixed 60, 3 seeds)",historical,3471.0,531155.2178819445,22423.583326149124
"DC-PPO (fixed 60, 3 seeds)",historical,3473.0,530927.2777777779,21922.33755248251
"DC-PPO (fixed 60, 3 seeds)",historical,3475.0,531285.5234375,22120.702627543204
"DC-PPO (fixed 60, 3 seeds)",historical,3477.0,531849.4071180555,23131.433888862488
"DC-PPO (fixed 60, 3 seeds)",historical,3479.0,532012.9184027779,23606.417381108273
"DC-PPO (fixed 60, 3 seeds)",historical,3481.0,531069.1727430555,24374.34694604838
"DC-PPO (fixed 60, 3 seeds)",historical,3483.0,531017.5104166666,23905.62318595194
"DC-PPO (fixed 60, 3 seeds)",historical,3485.0,530978.8072916666,24310.164440655528
"DC-PPO (fixed 60, 3 seeds)",historical,3487.0,531312.9991319444,22682.17781691335
"DC-PPO (fixed 60, 3 seeds)",historical,3489.0,531614.8515625,21560.48336210648
"DC-PPO (fixed 60, 3 seeds)",historical,3491.0,531493.9131944445,20919.85630891846
"DC-PPO (fixed 60, 3 seeds)",historical,3493.0,531653.0720486111,21176.878890300875
"DC-PPO (fixed 60, 3 seeds)",historical,3495.0,530412.3446180555,21890.75781439314
"DC-PPO (fixed 60, 3 seeds)",historical,3497.0,530072.0625,22018.42131707133
"DC-PPO (fixed 60, 3 seeds)",historical,3499.0,529650.54296875,22096.118132472962
"MAPPO (strict 1+5, seed2)",current,1.0,93380.3671875,
"MAPPO (strict 1+5, seed2)",current,3.0,94596.98502604167,
"MAPPO (strict 1+5, seed2)",current,5.0,98762.73177083333,
"MAPPO (strict 1+5, seed2)",current,7.0,105007.06315104167,
"MAPPO (strict 1+5, seed2)",current,9.0,114478.505859375,
"MAPPO (strict 1+5, seed2)",current,11.0,126191.66438802083,
"MAPPO (strict 1+5, seed2)",current,13.0,136016.96875,
"MAPPO (strict 1+5, seed2)",current,15.0,146393.689453125,
"MAPPO (strict 1+5, seed2)",current,17.0,154602.73893229166,
"MAPPO (strict 1+5, seed2)",current,19.0,164804.92643229166,
"MAPPO (strict 1+5, seed2)",current,21.0,170966.052734375,
"MAPPO (strict 1+5, seed2)",current,23.0,178577.23697916666,
"MAPPO (strict 1+5, seed2)",current,25.0,184275.29296875,
"MAPPO (strict 1+5, seed2)",current,27.0,190945.55924479166,
"MAPPO (strict 1+5, seed2)",current,29.0,195993.03841145834,
"MAPPO (strict 1+5, seed2)",current,31.0,198591.16861979166,
"MAPPO (strict 1+5, seed2)",current,33.0,203440.50455729166,
"MAPPO (strict 1+5, seed2)",current,35.0,206606.369140625,
"MAPPO (strict 1+5, seed2)",current,37.0,211685.255859375,
"MAPPO (strict 1+5, seed2)",current,39.0,217650.06380208334,
"MAPPO (strict 1+5, seed2)",current,41.0,226046.296875,
"MAPPO (strict 1+5, seed2)",current,43.0,234441.94791666666,
"MAPPO (strict 1+5, seed2)",current,45.0,240849.02734375,
"MAPPO (strict 1+5, seed2)",current,47.0,246144.14713541666,
"MAPPO (strict 1+5, seed2)",current,49.0,249937.36458333334,
"MAPPO (strict 1+5, seed2)",current,51.0,255524.91015625,
"MAPPO (strict 1+5, seed2)",current,53.0,257886.0859375,
"MAPPO (strict 1+5, seed2)",current,55.0,262463.94140625,
"MAPPO (strict 1+5, seed2)",current,57.0,265289.2578125,
"MAPPO (strict 1+5, seed2)",current,59.0,267030.18359375,
"MAPPO (strict 1+5, seed2)",current,61.0,267891.1341145833,
"MAPPO (strict 1+5, seed2)",current,63.0,268273.5026041667,
"MAPPO (strict 1+5, seed2)",current,65.0,273597.2109375,
"MAPPO (strict 1+5, seed2)",current,67.0,276888.9791666667,
"MAPPO (strict 1+5, seed2)",current,69.0,280097.7122395833,
"MAPPO (strict 1+5, seed2)",current,71.0,280641.2161458333,
"MAPPO (strict 1+5, seed2)",current,73.0,283067.7721354167,
"MAPPO (strict 1+5, seed2)",current,75.0,284657.2200520833,
"MAPPO (strict 1+5, seed2)",current,77.0,287909.2213541667,
"MAPPO (strict 1+5, seed2)",current,79.0,291183.1588541667,
"MAPPO (strict 1+5, seed2)",current,81.0,294436.2994791667,
"MAPPO (strict 1+5, seed2)",current,83.0,296460.7018229167,
"MAPPO (strict 1+5, seed2)",current,85.0,298777.0416666667,
"MAPPO (strict 1+5, seed2)",current,87.0,300252.6145833333,
"MAPPO (strict 1+5, seed2)",current,89.0,302314.0234375,
"MAPPO (strict 1+5, seed2)",current,91.0,302850.37890625,
"MAPPO (strict 1+5, seed2)",current,93.0,304276.8854166667,
"MAPPO (strict 1+5, seed2)",current,95.0,305360.8268229167,
"MAPPO (strict 1+5, seed2)",current,97.0,308344.6028645833,
"MAPPO (strict 1+5, seed2)",current,99.0,309361.2825520833,
"MAPPO (strict 1+5, seed2)",current,101.0,311166.56640625,
"MAPPO (strict 1+5, seed2)",current,103.0,311100.9752604167,
"MAPPO (strict 1+5, seed2)",current,105.0,312091.0520833333,
"MAPPO (strict 1+5, seed2)",current,107.0,313353.3333333333,
"MAPPO (strict 1+5, seed2)",current,109.0,313954.9895833333,
"MAPPO (strict 1+5, seed2)",current,111.0,315756.7408854167,
"MAPPO (strict 1+5, seed2)",current,113.0,314465.0911458333,
"MAPPO (strict 1+5, seed2)",current,115.0,314612.2356770833,
"MAPPO (strict 1+5, seed2)",current,117.0,314666.8841145833,
"MAPPO (strict 1+5, seed2)",current,119.0,317810.7096354167,
"MAPPO (strict 1+5, seed2)",current,121.0,320628.8932291667,
"MAPPO (strict 1+5, seed2)",current,123.0,324558.2786458333,
"MAPPO (strict 1+5, seed2)",current,125.0,324118.05078125,
"MAPPO (strict 1+5, seed2)",current,127.0,324952.2578125,
"MAPPO (strict 1+5, seed2)",current,129.0,322970.6731770833,
"MAPPO (strict 1+5, seed2)",current,131.0,322996.5026041667,
"MAPPO (strict 1+5, seed2)",current,133.0,323342.9505208333,
"MAPPO (strict 1+5, seed2)",current,135.0,325285.9544270833,
"MAPPO (strict 1+5, seed2)",current,137.0,327711.0325520833,
"MAPPO (strict 1+5, seed2)",current,139.0,327153.7669270833,
"MAPPO (strict 1+5, seed2)",current,141.0,329072.4466145833,
"MAPPO (strict 1+5, seed2)",current,143.0,332372.3346354167,
"MAPPO (strict 1+5, seed2)",current,145.0,338295.97265625,
"MAPPO (strict 1+5, seed2)",current,147.0,338294.2122395833,
"MAPPO (strict 1+5, seed2)",current,149.0,335650.6796875,
"MAPPO (strict 1+5, seed2)",current,151.0,331358.68359375,
"MAPPO (strict 1+5, seed2)",current,153.0,331336.7981770833,
"MAPPO (strict 1+5, seed2)",current,155.0,333020.5286458333,
"MAPPO (strict 1+5, seed2)",current,157.0,338366.6145833333,
"MAPPO (strict 1+5, seed2)",current,159.0,342568.3450520833,
"MAPPO (strict 1+5, seed2)",current,161.0,346390.4778645833,
"MAPPO (strict 1+5, seed2)",current,163.0,345783.2838541667,
"MAPPO (strict 1+5, seed2)",current,165.0,343250.9075520833,
"MAPPO (strict 1+5, seed2)",current,167.0,341372.98828125,
"MAPPO (strict 1+5, seed2)",current,169.0,341576.6953125,
"MAPPO (strict 1+5, seed2)",current,171.0,343252.48828125,
"MAPPO (strict 1+5, seed2)",current,173.0,344042.7291666667,
"MAPPO (strict 1+5, seed2)",current,175.0,344098.3984375,
"MAPPO (strict 1+5, seed2)",current,177.0,343833.9791666667,
"MAPPO (strict 1+5, seed2)",current,179.0,347149.5130208333,
"MAPPO (strict 1+5, seed2)",current,181.0,348571.375,
"MAPPO (strict 1+5, seed2)",current,183.0,351088.88671875,
"MAPPO (strict 1+5, seed2)",current,185.0,351860.8059895833,
"MAPPO (strict 1+5, seed2)",current,187.0,353776.82421875,
"MAPPO (strict 1+5, seed2)",current,189.0,355404.8684895833,
"MAPPO (strict 1+5, seed2)",current,191.0,352553.8854166667,
"MAPPO (strict 1+5, seed2)",current,193.0,353354.3671875,
"MAPPO (strict 1+5, seed2)",current,195.0,354329.3841145833,
"MAPPO (strict 1+5, seed2)",current,197.0,360258.6158854167,
"MAPPO (strict 1+5, seed2)",current,199.0,363411.4322916667,
"MAPPO (strict 1+5, seed2)",current,201.0,364619.5455729167,
"MAPPO (strict 1+5, seed2)",current,203.0,365065.3671875,
"MAPPO (strict 1+5, seed2)",current,205.0,366008.38671875,
"MAPPO (strict 1+5, seed2)",current,207.0,365363.953125,
"MAPPO (strict 1+5, seed2)",current,209.0,362333.5611979167,
"MAPPO (strict 1+5, seed2)",current,211.0,359303.9817708333,
"MAPPO (strict 1+5, seed2)",current,213.0,360678.6848958333,
"MAPPO (strict 1+5, seed2)",current,215.0,361346.0403645833,
"MAPPO (strict 1+5, seed2)",current,217.0,361864.9505208333,
"MAPPO (strict 1+5, seed2)",current,219.0,360931.5729166667,
"MAPPO (strict 1+5, seed2)",current,221.0,361950.2356770833,
"MAPPO (strict 1+5, seed2)",current,223.0,360677.03515625,
"MAPPO (strict 1+5, seed2)",current,225.0,359978.6302083333,
"MAPPO (strict 1+5, seed2)",current,227.0,360131.39453125,
"MAPPO (strict 1+5, seed2)",current,229.0,362761.65625,
"MAPPO (strict 1+5, seed2)",current,231.0,367778.5481770833,
"MAPPO (strict 1+5, seed2)",current,233.0,370035.42578125,
"MAPPO (strict 1+5, seed2)",current,235.0,371628.8203125,
"MAPPO (strict 1+5, seed2)",current,237.0,370746.8997395833,
"MAPPO (strict 1+5, seed2)",current,239.0,372877.0716145833,
"MAPPO (strict 1+5, seed2)",current,241.0,373474.6966145833,
"MAPPO (strict 1+5, seed2)",current,243.0,373472.3671875,
"MAPPO (strict 1+5, seed2)",current,245.0,373334.5143229167,
"MAPPO (strict 1+5, seed2)",current,247.0,374454.1653645833,
"MAPPO (strict 1+5, seed2)",current,249.0,377043.7161458333,
"MAPPO (strict 1+5, seed2)",current,251.0,378715.03125,
"MAPPO (strict 1+5, seed2)",current,253.0,380602.7825520833,
"MAPPO (strict 1+5, seed2)",current,255.0,379503.25,
"MAPPO (strict 1+5, seed2)",current,257.0,379875.6953125,
"MAPPO (strict 1+5, seed2)",current,259.0,378327.3255208333,
"MAPPO (strict 1+5, seed2)",current,261.0,379261.0221354167,
"MAPPO (strict 1+5, seed2)",current,263.0,379955.18359375,
"MAPPO (strict 1+5, seed2)",current,265.0,381170.3828125,
"MAPPO (strict 1+5, seed2)",current,267.0,381028.9205729167,
"MAPPO (strict 1+5, seed2)",current,269.0,380950.2890625,
"MAPPO (strict 1+5, seed2)",current,271.0,381970.4557291667,
"MAPPO (strict 1+5, seed2)",current,273.0,383543.19921875,
"MAPPO (strict 1+5, seed2)",current,275.0,383397.2447916667,
"MAPPO (strict 1+5, seed2)",current,277.0,382387.41796875,
"MAPPO (strict 1+5, seed2)",current,279.0,380649.2708333333,
"MAPPO (strict 1+5, seed2)",current,281.0,379354.5520833333,
"MAPPO (strict 1+5, seed2)",current,283.0,379827.7291666667,
"MAPPO (strict 1+5, seed2)",current,285.0,380611.6458333333,
"MAPPO (strict 1+5, seed2)",current,287.0,381392.5481770833,
"MAPPO (strict 1+5, seed2)",current,289.0,382637.07421875,
"MAPPO (strict 1+5, seed2)",current,291.0,383754.0,
"MAPPO (strict 1+5, seed2)",current,293.0,386002.7200520833,
"MAPPO (strict 1+5, seed2)",current,295.0,389351.8932291667,
"MAPPO (strict 1+5, seed2)",current,297.0,392254.4635416667,
"MAPPO (strict 1+5, seed2)",current,299.0,392567.8802083333,
"MAPPO (strict 1+5, seed2)",current,301.0,388989.0859375,
"MAPPO (strict 1+5, seed2)",current,303.0,388340.1223958333,
"MAPPO (strict 1+5, seed2)",current,305.0,388833.9466145833,
"MAPPO (strict 1+5, seed2)",current,307.0,389473.1979166667,
"MAPPO (strict 1+5, seed2)",current,309.0,388602.5364583333,
"MAPPO (strict 1+5, seed2)",current,311.0,386455.71484375,
"MAPPO (strict 1+5, seed2)",current,313.0,386116.7213541667,
"MAPPO (strict 1+5, seed2)",current,315.0,385028.6966145833,
"MAPPO (strict 1+5, seed2)",current,317.0,386021.69140625,
"MAPPO (strict 1+5, seed2)",current,319.0,386166.640625,
"MAPPO (strict 1+5, seed2)",current,321.0,385679.5403645833,
"MAPPO (strict 1+5, seed2)",current,323.0,387135.1705729167,
"MAPPO (strict 1+5, seed2)",current,325.0,388901.5611979167,
"MAPPO (strict 1+5, seed2)",current,327.0,394609.2473958333,
"MAPPO (strict 1+5, seed2)",current,329.0,391666.7916666667,
"MAPPO (strict 1+5, seed2)",current,331.0,392016.66015625,
"MAPPO (strict 1+5, seed2)",current,333.0,387929.9921875,
"MAPPO (strict 1+5, seed2)",current,335.0,389031.6328125,
"MAPPO (strict 1+5, seed2)",current,337.0,388934.03125,
"MAPPO (strict 1+5, seed2)",current,339.0,389087.3385416667,
"MAPPO (strict 1+5, seed2)",current,341.0,393079.1380208333,
"MAPPO (strict 1+5, seed2)",current,343.0,391865.7981770833,
"MAPPO (strict 1+5, seed2)",current,345.0,391489.4205729167,
"MAPPO (strict 1+5, seed2)",current,347.0,388935.9869791667,
"MAPPO (strict 1+5, seed2)",current,349.0,391189.984375,
"MAPPO (strict 1+5, seed2)",current,351.0,392786.5104166667,
"MAPPO (strict 1+5, seed2)",current,353.0,392780.1770833333,
"MAPPO (strict 1+5, seed2)",current,355.0,393843.1927083333,
"MAPPO (strict 1+5, seed2)",current,357.0,394876.1575520833,
"MAPPO (strict 1+5, seed2)",current,359.0,399181.5703125,
"MAPPO (strict 1+5, seed2)",current,361.0,400421.8385416667,
"MAPPO (strict 1+5, seed2)",current,363.0,401522.56640625,
"MAPPO (strict 1+5, seed2)",current,365.0,399924.68359375,
"MAPPO (strict 1+5, seed2)",current,367.0,401527.63671875,
"MAPPO (strict 1+5, seed2)",current,369.0,402421.1067708333,
"MAPPO (strict 1+5, seed2)",current,371.0,403941.6953125,
"MAPPO (strict 1+5, seed2)",current,373.0,400668.37109375,
"MAPPO (strict 1+5, seed2)",current,375.0,398782.05859375,
"MAPPO (strict 1+5, seed2)",current,377.0,398152.7981770833,
"MAPPO (strict 1+5, seed2)",current,379.0,399587.1028645833,
"MAPPO (strict 1+5, seed2)",current,381.0,399711.32421875,
"MAPPO (strict 1+5, seed2)",current,383.0,398885.9986979167,
"MAPPO (strict 1+5, seed2)",current,385.0,399496.48828125,
"MAPPO (strict 1+5, seed2)",current,387.0,401562.015625,
"MAPPO (strict 1+5, seed2)",current,389.0,402811.8684895833,
"MAPPO (strict 1+5, seed2)",current,391.0,402288.9830729167,
"MAPPO (strict 1+5, seed2)",current,393.0,401327.015625,
"MAPPO (strict 1+5, seed2)",current,395.0,401381.5260416667,
"MAPPO (strict 1+5, seed2)",current,397.0,402220.96875,
"MAPPO (strict 1+5, seed2)",current,399.0,403262.88671875,
"MAPPO (strict 1+5, seed2)",current,401.0,405594.9986979167,
"MAPPO (strict 1+5, seed2)",current,403.0,405473.3125,
"MAPPO (strict 1+5, seed2)",current,405.0,405684.9075520833,
"MAPPO (strict 1+5, seed2)",current,407.0,402083.1015625,
"MAPPO (strict 1+5, seed2)",current,409.0,400694.41015625,
"MAPPO (strict 1+5, seed2)",current,411.0,397933.28125,
"MAPPO (strict 1+5, seed2)",current,413.0,400172.9895833333,
"MAPPO (strict 1+5, seed2)",current,415.0,401144.5091145833,
"MAPPO (strict 1+5, seed2)",current,417.0,403435.5768229167,
"MAPPO (strict 1+5, seed2)",current,419.0,404472.3059895833,
"MAPPO (strict 1+5, seed2)",current,421.0,403731.80859375,
"MAPPO (strict 1+5, seed2)",current,423.0,403242.2994791667,
"MAPPO (strict 1+5, seed2)",current,425.0,403717.3828125,
"MAPPO (strict 1+5, seed2)",current,427.0,403650.2682291667,
"MAPPO (strict 1+5, seed2)",current,429.0,405046.0052083333,
"MAPPO (strict 1+5, seed2)",current,431.0,404162.4869791667,
"MAPPO (strict 1+5, seed2)",current,433.0,406941.0651041667,
"MAPPO (strict 1+5, seed2)",current,435.0,407041.0911458333,
"MAPPO (strict 1+5, seed2)",current,437.0,407568.1653645833,
"MAPPO (strict 1+5, seed2)",current,439.0,406937.2447916667,
"MAPPO (strict 1+5, seed2)",current,441.0,407903.98828125,
"MAPPO (strict 1+5, seed2)",current,443.0,408601.9192708333,
"MAPPO (strict 1+5, seed2)",current,445.0,410328.6875,
"MAPPO (strict 1+5, seed2)",current,447.0,408937.0143229167,
"MAPPO (strict 1+5, seed2)",current,449.0,408158.87109375,
"MAPPO (strict 1+5, seed2)",current,451.0,408707.0208333333,
"MAPPO (strict 1+5, seed2)",current,453.0,409513.4505208333,
"MAPPO (strict 1+5, seed2)",current,455.0,411208.6549479167,
"MAPPO (strict 1+5, seed2)",current,457.0,409108.1002604167,
"MAPPO (strict 1+5, seed2)",current,459.0,406470.90625,
"MAPPO (strict 1+5, seed2)",current,461.0,405852.3528645833,
"MAPPO (strict 1+5, seed2)",current,463.0,406214.1145833333,
"MAPPO (strict 1+5, seed2)",current,465.0,408307.01171875,
"MAPPO (strict 1+5, seed2)",current,467.0,406047.5364583333,
"MAPPO (strict 1+5, seed2)",current,469.0,404998.5794270833,
"MAPPO (strict 1+5, seed2)",current,471.0,405299.390625,
"MAPPO (strict 1+5, seed2)",current,473.0,408784.6393229167,
"MAPPO (strict 1+5, seed2)",current,475.0,409946.8190104167,
"MAPPO (strict 1+5, seed2)",current,477.0,411147.1380208333,
"MAPPO (strict 1+5, seed2)",current,479.0,409275.01171875,
"MAPPO (strict 1+5, seed2)",current,481.0,407215.8333333333,
"MAPPO (strict 1+5, seed2)",current,483.0,405157.2513020833,
"MAPPO (strict 1+5, seed2)",current,485.0,402327.55859375,
"MAPPO (strict 1+5, seed2)",current,487.0,405004.3372395833,
"MAPPO (strict 1+5, seed2)",current,489.0,405522.1536458333,
"MAPPO (strict 1+5, seed2)",current,491.0,407945.8138020833,
"MAPPO (strict 1+5, seed2)",current,493.0,408383.6809895833,
"MAPPO (strict 1+5, seed2)",current,495.0,410548.0208333333,
"MAPPO (strict 1+5, seed2)",current,497.0,412178.8346354167,
"MAPPO (strict 1+5, seed2)",current,499.0,412069.86328125,
"MAPPO (strict 1+5, seed2)",current,501.0,411187.2083333333,
"MAPPO (strict 1+5, seed2)",current,503.0,409494.5481770833,
"MAPPO (strict 1+5, seed2)",current,505.0,408988.4114583333,
"MAPPO (strict 1+5, seed2)",current,507.0,409268.4140625,
"MAPPO (strict 1+5, seed2)",current,509.0,410306.84765625,
"MAPPO (strict 1+5, seed2)",current,511.0,411613.0065104167,
"MAPPO (strict 1+5, seed2)",current,513.0,412583.2317708333,
"MAPPO (strict 1+5, seed2)",current,515.0,413056.3359375,
"MAPPO (strict 1+5, seed2)",current,517.0,412668.4544270833,
"MAPPO (strict 1+5, seed2)",current,519.0,412227.1666666667,
"MAPPO (strict 1+5, seed2)",current,521.0,413015.6419270833,
"MAPPO (strict 1+5, seed2)",current,523.0,414072.98046875,
"MAPPO (strict 1+5, seed2)",current,525.0,415730.0989583333,
"MAPPO (strict 1+5, seed2)",current,527.0,417430.9921875,
"MAPPO (strict 1+5, seed2)",current,529.0,417927.3515625,
"MAPPO (strict 1+5, seed2)",current,531.0,416152.2565104167,
"MAPPO (strict 1+5, seed2)",current,533.0,413972.7838541667,
"MAPPO (strict 1+5, seed2)",current,535.0,412705.6588541667,
"MAPPO (strict 1+5, seed2)",current,537.0,413835.2734375,
"MAPPO (strict 1+5, seed2)",current,539.0,415698.9309895833,
"MAPPO (strict 1+5, seed2)",current,541.0,419095.6940104167,
"MAPPO (strict 1+5, seed2)",current,543.0,422310.53125,
"MAPPO (strict 1+5, seed2)",current,545.0,422390.4986979167,
"MAPPO (strict 1+5, seed2)",current,547.0,420503.1666666667,
"MAPPO (strict 1+5, seed2)",current,549.0,417331.1354166667,
"MAPPO (strict 1+5, seed2)",current,551.0,417113.3828125,
"MAPPO (strict 1+5, seed2)",current,553.0,416095.6380208333,
"MAPPO (strict 1+5, seed2)",current,555.0,418242.9518229167,
"MAPPO (strict 1+5, seed2)",current,557.0,420195.2734375,
"MAPPO (strict 1+5, seed2)",current,559.0,422332.6809895833,
"MAPPO (strict 1+5, seed2)",current,561.0,422230.1588541667,
"MAPPO (strict 1+5, seed2)",current,563.0,421829.0234375,
"MAPPO (strict 1+5, seed2)",current,565.0,421703.703125,
"MAPPO (strict 1+5, seed2)",current,567.0,422710.75,
"MAPPO (strict 1+5, seed2)",current,569.0,422763.1302083333,
"MAPPO (strict 1+5, seed2)",current,571.0,423888.34375,
"MAPPO (strict 1+5, seed2)",current,573.0,423766.2317708333,
"MAPPO (strict 1+5, seed2)",current,575.0,424275.7421875,
"MAPPO (strict 1+5, seed2)",current,577.0,424058.3880208333,
"MAPPO (strict 1+5, seed2)",current,579.0,423912.3697916667,
"MAPPO (strict 1+5, seed2)",current,581.0,422886.5481770833,
"MAPPO (strict 1+5, seed2)",current,583.0,422364.3294270833,
"MAPPO (strict 1+5, seed2)",current,585.0,421789.3958333333,
"MAPPO (strict 1+5, seed2)",current,587.0,421847.28515625,
"MAPPO (strict 1+5, seed2)",current,589.0,420159.46484375,
"MAPPO (strict 1+5, seed2)",current,591.0,419973.0729166667,
"MAPPO (strict 1+5, seed2)",current,593.0,421076.9140625,
"MAPPO (strict 1+5, seed2)",current,595.0,422907.0026041667,
"MAPPO (strict 1+5, seed2)",current,597.0,424540.2395833333,
"MAPPO (strict 1+5, seed2)",current,599.0,423545.84375,
"MAPPO (strict 1+5, seed2)",current,601.0,423219.1705729167,
"MAPPO (strict 1+5, seed2)",current,603.0,422475.6940104167,
"MAPPO (strict 1+5, seed2)",current,605.0,422976.7799479167,
"MAPPO (strict 1+5, seed2)",current,607.0,421466.34765625,
"MAPPO (strict 1+5, seed2)",current,609.0,419977.6497395833,
"MAPPO (strict 1+5, seed2)",current,611.0,417711.6510416667,
"MAPPO (strict 1+5, seed2)",current,613.0,417680.2434895833,
"MAPPO (strict 1+5, seed2)",current,615.0,418105.7252604167,
"MAPPO (strict 1+5, seed2)",current,617.0,419475.6796875,
"MAPPO (strict 1+5, seed2)",current,619.0,421515.3854166667,
"MAPPO (strict 1+5, seed2)",current,621.0,423252.0338541667,
"MAPPO (strict 1+5, seed2)",current,623.0,422634.5833333333,
"MAPPO (strict 1+5, seed2)",current,625.0,423016.3880208333,
"MAPPO (strict 1+5, seed2)",current,627.0,423674.0364583333,
"MAPPO (strict 1+5, seed2)",current,629.0,426435.6901041667,
"MAPPO (strict 1+5, seed2)",current,631.0,424611.40625,
"MAPPO (strict 1+5, seed2)",current,633.0,424594.6276041667,
"MAPPO (strict 1+5, seed2)",current,635.0,425326.1015625,
"MAPPO (strict 1+5, seed2)",current,637.0,428193.2734375,
"MAPPO (strict 1+5, seed2)",current,639.0,428367.4192708333,
"MAPPO (strict 1+5, seed2)",current,641.0,427231.2864583333,
"MAPPO (strict 1+5, seed2)",current,643.0,427723.2473958333,
"MAPPO (strict 1+5, seed2)",current,645.0,426381.2786458333,
"MAPPO (strict 1+5, seed2)",current,647.0,425922.7604166667,
"MAPPO (strict 1+5, seed2)",current,649.0,425730.1770833333,
"MAPPO (strict 1+5, seed2)",current,651.0,425670.8489583333,
"MAPPO (strict 1+5, seed2)",current,653.0,428337.1848958333,
"MAPPO (strict 1+5, seed2)",current,655.0,429671.9895833333,
"MAPPO (strict 1+5, seed2)",current,657.0,433655.7760416667,
"MAPPO (strict 1+5, seed2)",current,659.0,433412.7213541667,
"MAPPO (strict 1+5, seed2)",current,661.0,433661.65625,
"MAPPO (strict 1+5, seed2)",current,663.0,432325.1171875,
"MAPPO (strict 1+5, seed2)",current,665.0,431809.4010416667,
"MAPPO (strict 1+5, seed2)",current,667.0,431676.2864583333,
"MAPPO (strict 1+5, seed2)",current,669.0,430732.0494791667,
"MAPPO (strict 1+5, seed2)",current,671.0,430903.1276041667,
"MAPPO (strict 1+5, seed2)",current,673.0,432055.0833333333,
"MAPPO (strict 1+5, seed2)",current,675.0,433781.4947916667,
"MAPPO (strict 1+5, seed2)",current,677.0,435318.3151041667,
"MAPPO (strict 1+5, seed2)",current,679.0,436126.5390625,
"MAPPO (strict 1+5, seed2)",current,681.0,437758.4869791667,
"MAPPO (strict 1+5, seed2)",current,683.0,438301.2916666667,
"MAPPO (strict 1+5, seed2)",current,685.0,438408.3854166667,
"MAPPO (strict 1+5, seed2)",current,687.0,438757.5390625,
"MAPPO (strict 1+5, seed2)",current,689.0,439551.4348958333,
"MAPPO (strict 1+5, seed2)",current,691.0,437013.3151041667,
"MAPPO (strict 1+5, seed2)",current,693.0,434705.1380208333,
"MAPPO (strict 1+5, seed2)",current,695.0,433435.4765625,
"MAPPO (strict 1+5, seed2)",current,697.0,433863.3958333333,
"MAPPO (strict 1+5, seed2)",current,699.0,433625.7447916667,
"MAPPO (strict 1+5, seed2)",current,701.0,430778.6458333333,
"MAPPO (strict 1+5, seed2)",current,703.0,428891.9895833333,
"MAPPO (strict 1+5, seed2)",current,705.0,426436.7005208333,
"MAPPO (strict 1+5, seed2)",current,707.0,426727.8255208333,
"MAPPO (strict 1+5, seed2)",current,709.0,427504.0989583333,
"MAPPO (strict 1+5, seed2)",current,711.0,430763.296875,
"MAPPO (strict 1+5, seed2)",current,713.0,432176.0442708333,
"MAPPO (strict 1+5, seed2)",current,715.0,432235.4479166667,
"MAPPO (strict 1+5, seed2)",current,717.0,432988.4010416667,
"MAPPO (strict 1+5, seed2)",current,719.0,433696.0963541667,
"MAPPO (strict 1+5, seed2)",current,721.0,436778.0911458333,
"MAPPO (strict 1+5, seed2)",current,723.0,437779.6119791667,
"MAPPO (strict 1+5, seed2)",current,725.0,438544.6432291667,
"MAPPO (strict 1+5, seed2)",current,727.0,437530.0234375,
"MAPPO (strict 1+5, seed2)",current,729.0,436718.1119791667,
"MAPPO (strict 1+5, seed2)",current,731.0,437650.8671875,
"MAPPO (strict 1+5, seed2)",current,733.0,439521.1796875,
"MAPPO (strict 1+5, seed2)",current,735.0,440548.9609375,
"MAPPO (strict 1+5, seed2)",current,737.0,439189.75,
"MAPPO (strict 1+5, seed2)",current,739.0,436510.6510416667,
"MAPPO (strict 1+5, seed2)",current,741.0,434827.296875,
"MAPPO (strict 1+5, seed2)",current,743.0,436193.8046875,
"MAPPO (strict 1+5, seed2)",current,745.0,437781.3359375,
"MAPPO (strict 1+5, seed2)",current,747.0,440170.8255208333,
"MAPPO (strict 1+5, seed2)",current,749.0,439828.8385416667,
"MAPPO (strict 1+5, seed2)",current,751.0,440241.6640625,
"MAPPO (strict 1+5, seed2)",current,753.0,439770.8385416667,
"MAPPO (strict 1+5, seed2)",current,755.0,440691.1901041667,
"MAPPO (strict 1+5, seed2)",current,757.0,440026.2552083333,
"MAPPO (strict 1+5, seed2)",current,759.0,439062.984375,
"MAPPO (strict 1+5, seed2)",current,761.0,439089.6901041667,
"MAPPO (strict 1+5, seed2)",current,763.0,439402.8854166667,
"MAPPO (strict 1+5, seed2)",current,765.0,439661.7369791667,
"MAPPO (strict 1+5, seed2)",current,767.0,440275.7265625,
"MAPPO (strict 1+5, seed2)",current,769.0,442046.2760416667,
"MAPPO (strict 1+5, seed2)",current,771.0,442394.4427083333,
"MAPPO (strict 1+5, seed2)",current,773.0,441226.2942708333,
"MAPPO (strict 1+5, seed2)",current,775.0,440359.7109375,
"MAPPO (strict 1+5, seed2)",current,777.0,439219.5729166667,
"MAPPO (strict 1+5, seed2)",current,779.0,438901.0625,
"MAPPO (strict 1+5, seed2)",current,781.0,438955.0416666667,
"MAPPO (strict 1+5, seed2)",current,783.0,439159.0989583333,
"MAPPO (strict 1+5, seed2)",current,785.0,439831.0286458333,
"MAPPO (strict 1+5, seed2)",current,787.0,437799.9244791667,
"MAPPO (strict 1+5, seed2)",current,789.0,437581.7317708333,
"MAPPO (strict 1+5, seed2)",current,791.0,435851.3567708333,
"MAPPO (strict 1+5, seed2)",current,793.0,437416.5546875,
"MAPPO (strict 1+5, seed2)",current,795.0,438056.8697916667,
"MAPPO (strict 1+5, seed2)",current,797.0,440130.0078125,
"MAPPO (strict 1+5, seed2)",current,799.0,441726.203125,
"MAPPO (strict 1+5, seed2)",current,801.0,443964.9947916667,
"MAPPO (strict 1+5, seed2)",current,803.0,446785.1536458333,
"MAPPO (strict 1+5, seed2)",current,805.0,446549.5598958333,
"MAPPO (strict 1+5, seed2)",current,807.0,446969.4140625,
"MAPPO (strict 1+5, seed2)",current,809.0,444989.1953125,
"MAPPO (strict 1+5, seed2)",current,811.0,446576.6796875,
"MAPPO (strict 1+5, seed2)",current,813.0,447966.0078125,
"MAPPO (strict 1+5, seed2)",current,815.0,449100.9427083333,
"MAPPO (strict 1+5, seed2)",current,817.0,448966.4661458333,
"MAPPO (strict 1+5, seed2)",current,819.0,447120.2604166667,
"MAPPO (strict 1+5, seed2)",current,821.0,446680.4505208333,
"MAPPO (strict 1+5, seed2)",current,823.0,445130.8359375,
"MAPPO (strict 1+5, seed2)",current,825.0,444249.4557291667,
"MAPPO (strict 1+5, seed2)",current,827.0,442125.4270833333,
"MAPPO (strict 1+5, seed2)",current,829.0,441364.9401041667,
"MAPPO (strict 1+5, seed2)",current,831.0,440864.2421875,
"MAPPO (strict 1+5, seed2)",current,833.0,441742.2239583333,
"MAPPO (strict 1+5, seed2)",current,835.0,441117.1458333333,
"MAPPO (strict 1+5, seed2)",current,837.0,440558.1822916667,
"MAPPO (strict 1+5, seed2)",current,839.0,440787.8463541667,
"MAPPO (strict 1+5, seed2)",current,841.0,441893.2083333333,
"MAPPO (strict 1+5, seed2)",current,843.0,443970.1484375,
"MAPPO (strict 1+5, seed2)",current,845.0,445401.1979166667,
"MAPPO (strict 1+5, seed2)",current,847.0,447326.1614583333,
"MAPPO (strict 1+5, seed2)",current,849.0,449405.3203125,
"MAPPO (strict 1+5, seed2)",current,851.0,450085.234375,
"MAPPO (strict 1+5, seed2)",current,853.0,450377.359375,
"MAPPO (strict 1+5, seed2)",current,855.0,448503.5755208333,
"MAPPO (strict 1+5, seed2)",current,857.0,446225.8203125,
"MAPPO (strict 1+5, seed2)",current,859.0,445607.21875,
"MAPPO (strict 1+5, seed2)",current,861.0,445499.4088541667,
"MAPPO (strict 1+5, seed2)",current,863.0,446145.9557291667,
"MAPPO (strict 1+5, seed2)",current,865.0,444599.0885416667,
"MAPPO (strict 1+5, seed2)",current,867.0,445234.2526041667,
"MAPPO (strict 1+5, seed2)",current,869.0,445167.6119791667,
"MAPPO (strict 1+5, seed2)",current,871.0,446491.1354166667,
"MAPPO (strict 1+5, seed2)",current,873.0,446634.9348958333,
"MAPPO (strict 1+5, seed2)",current,875.0,447304.6692708333,
"MAPPO (strict 1+5, seed2)",current,877.0,447671.7708333333,
"MAPPO (strict 1+5, seed2)",current,879.0,448633.0364583333,
"MAPPO (strict 1+5, seed2)",current,881.0,449823.7291666667,
"MAPPO (strict 1+5, seed2)",current,883.0,451535.5208333333,
"MAPPO (strict 1+5, seed2)",current,885.0,451355.0390625,
"MAPPO (strict 1+5, seed2)",current,887.0,451053.515625,
"MAPPO (strict 1+5, seed2)",current,889.0,449980.2630208333,
"MAPPO (strict 1+5, seed2)",current,891.0,449179.3098958333,
"MAPPO (strict 1+5, seed2)",current,893.0,447834.234375,
"MAPPO (strict 1+5, seed2)",current,895.0,448264.1536458333,
"MAPPO (strict 1+5, seed2)",current,897.0,448421.3203125,
"MAPPO (strict 1+5, seed2)",current,899.0,448901.3723958333,
"MAPPO (strict 1+5, seed2)",current,901.0,447645.8671875,
"MAPPO (strict 1+5, seed2)",current,903.0,447890.578125,
"MAPPO (strict 1+5, seed2)",current,905.0,448958.7161458333,
"MAPPO (strict 1+5, seed2)",current,907.0,449592.125,
"MAPPO (strict 1+5, seed2)",current,909.0,449900.5598958333,
"MAPPO (strict 1+5, seed2)",current,911.0,449749.6432291667,
"MAPPO (strict 1+5, seed2)",current,913.0,449093.1640625,
"MAPPO (strict 1+5, seed2)",current,915.0,449216.5234375,
"MAPPO (strict 1+5, seed2)",current,917.0,450708.5885416667,
"MAPPO (strict 1+5, seed2)",current,919.0,453226.9375,
"MAPPO (strict 1+5, seed2)",current,921.0,454530.6848958333,
"MAPPO (strict 1+5, seed2)",current,923.0,454196.5286458333,
"MAPPO (strict 1+5, seed2)",current,925.0,453663.9479166667,
"MAPPO (strict 1+5, seed2)",current,927.0,453216.28125,
"MAPPO (strict 1+5, seed2)",current,929.0,453751.7239583333,
"MAPPO (strict 1+5, seed2)",current,931.0,453528.2317708333,
"MAPPO (strict 1+5, seed2)",current,933.0,452845.1015625,
"MAPPO (strict 1+5, seed2)",current,935.0,451291.65625,
"MAPPO (strict 1+5, seed2)",current,937.0,451740.7552083333,
"MAPPO (strict 1+5, seed2)",current,939.0,452367.8567708333,
"MAPPO (strict 1+5, seed2)",current,941.0,453458.2916666667,
"MAPPO (strict 1+5, seed2)",current,943.0,452427.9921875,
"MAPPO (strict 1+5, seed2)",current,945.0,450897.9427083333,
"MAPPO (strict 1+5, seed2)",current,947.0,449616.5703125,
"MAPPO (strict 1+5, seed2)",current,949.0,449127.9609375,
"MAPPO (strict 1+5, seed2)",current,951.0,449067.5989583333,
"MAPPO (strict 1+5, seed2)",current,953.0,448433.7994791667,
"MAPPO (strict 1+5, seed2)",current,955.0,448545.8776041667,
"MAPPO (strict 1+5, seed2)",current,957.0,449413.1536458333,
"MAPPO (strict 1+5, seed2)",current,959.0,450134.0885416667,
"MAPPO (strict 1+5, seed2)",current,961.0,449821.9114583333,
"MAPPO (strict 1+5, seed2)",current,963.0,450210.4296875,
"MAPPO (strict 1+5, seed2)",current,965.0,450810.6302083333,
"MAPPO (strict 1+5, seed2)",current,967.0,451875.9114583333,
"MAPPO (strict 1+5, seed2)",current,969.0,451287.921875,
"MAPPO (strict 1+5, seed2)",current,971.0,450879.265625,
"MAPPO (strict 1+5, seed2)",current,973.0,450069.0416666667,
"MAPPO (strict 1+5, seed2)",current,975.0,450696.6015625,
"MAPPO (strict 1+5, seed2)",current,977.0,450601.0416666667,
"MAPPO (strict 1+5, seed2)",current,979.0,450571.0572916667,
"MAPPO (strict 1+5, seed2)",current,981.0,448970.4713541667,
"MAPPO (strict 1+5, seed2)",current,983.0,448858.3072916667,
"MAPPO (strict 1+5, seed2)",current,985.0,449294.515625,
"MAPPO (strict 1+5, seed2)",current,987.0,449523.2578125,
"MAPPO (strict 1+5, seed2)",current,989.0,449927.5911458333,
"MAPPO (strict 1+5, seed2)",current,991.0,450097.6510416667,
"MAPPO (strict 1+5, seed2)",current,993.0,450906.34375,
"MAPPO (strict 1+5, seed2)",current,995.0,450367.7395833333,
"MAPPO (strict 1+5, seed2)",current,997.0,450567.0598958333,
"MAPPO (strict 1+5, seed2)",current,999.0,452010.1041666667,
"MAPPO (strict 1+5, seed2)",current,1001.0,453731.4453125,
"MAPPO (strict 1+5, seed2)",current,1003.0,453823.1171875,
"MAPPO (strict 1+5, seed2)",current,1005.0,452756.7890625,
"MAPPO (strict 1+5, seed2)",current,1007.0,451982.375,
"MAPPO (strict 1+5, seed2)",current,1009.0,450857.2604166667,
"MAPPO (strict 1+5, seed2)",current,1011.0,449863.0755208333,
"MAPPO (strict 1+5, seed2)",current,1013.0,449170.1953125,
"MAPPO (strict 1+5, seed2)",current,1015.0,448865.7708333333,
"MAPPO (strict 1+5, seed2)",current,1017.0,448886.9296875,
"MAPPO (strict 1+5, seed2)",current,1019.0,449414.6770833333,
"MAPPO (strict 1+5, seed2)",current,1021.0,450334.921875,
"MAPPO (strict 1+5, seed2)",current,1023.0,451751.3359375,
"MAPPO (strict 1+5, seed2)",current,1025.0,451487.9192708333,
"MAPPO (strict 1+5, seed2)",current,1027.0,452427.4947916667,
"MAPPO (strict 1+5, seed2)",current,1029.0,453450.9895833333,
"MAPPO (strict 1+5, seed2)",current,1031.0,454702.75,
"MAPPO (strict 1+5, seed2)",current,1033.0,456058.4609375,
"MAPPO (strict 1+5, seed2)",current,1035.0,456145.4140625,
"MAPPO (strict 1+5, seed2)",current,1037.0,456389.1692708333,
"MAPPO (strict 1+5, seed2)",current,1039.0,456800.1692708333,
"MAPPO (strict 1+5, seed2)",current,1041.0,457207.6328125,
"MAPPO (strict 1+5, seed2)",current,1043.0,457695.0208333333,
"MAPPO (strict 1+5, seed2)",current,1045.0,456862.2161458333,
"MAPPO (strict 1+5, seed2)",current,1047.0,456324.5338541667,
"MAPPO (strict 1+5, seed2)",current,1049.0,454970.1380208333,
"MAPPO (strict 1+5, seed2)",current,1051.0,452929.5598958333,
"MAPPO (strict 1+5, seed2)",current,1053.0,452611.7005208333,
"MAPPO (strict 1+5, seed2)",current,1055.0,453137.3828125,
"MAPPO (strict 1+5, seed2)",current,1057.0,454120.703125,
"MAPPO (strict 1+5, seed2)",current,1059.0,453454.0026041667,
"MAPPO (strict 1+5, seed2)",current,1061.0,453851.1744791667,
"MAPPO (strict 1+5, seed2)",current,1063.0,453251.40625,
"MAPPO (strict 1+5, seed2)",current,1065.0,454312.5677083333,
"MAPPO (strict 1+5, seed2)",current,1067.0,454121.2526041667,
"MAPPO (strict 1+5, seed2)",current,1069.0,455120.0104166667,
"MAPPO (strict 1+5, seed2)",current,1071.0,454495.921875,
"MAPPO (strict 1+5, seed2)",current,1073.0,454367.3567708333,
"MAPPO (strict 1+5, seed2)",current,1075.0,455981.4765625,
"MAPPO (strict 1+5, seed2)",current,1077.0,457044.15625,
"MAPPO (strict 1+5, seed2)",current,1079.0,456906.0677083333,
"MAPPO (strict 1+5, seed2)",current,1081.0,453920.4947916667,
"MAPPO (strict 1+5, seed2)",current,1083.0,453071.53125,
"MAPPO (strict 1+5, seed2)",current,1085.0,453678.5755208333,
"MAPPO (strict 1+5, seed2)",current,1087.0,456073.1979166667,
"MAPPO (strict 1+5, seed2)",current,1089.0,456187.703125,
"MAPPO (strict 1+5, seed2)",current,1091.0,455769.046875,
"MAPPO (strict 1+5, seed2)",current,1093.0,454189.296875,
"MAPPO (strict 1+5, seed2)",current,1095.0,453911.4140625,
"MAPPO (strict 1+5, seed2)",current,1097.0,453395.1276041667,
"MAPPO (strict 1+5, seed2)",current,1099.0,454087.7708333333,
"MAPPO (strict 1+5, seed2)",current,1101.0,453880.3697916667,
"MAPPO (strict 1+5, seed2)",current,1103.0,454345.4296875,
"MAPPO (strict 1+5, seed2)",current,1105.0,452496.1822916667,
"MAPPO (strict 1+5, seed2)",current,1107.0,452000.4375,
"MAPPO (strict 1+5, seed2)",current,1109.0,452008.2057291667,
"MAPPO (strict 1+5, seed2)",current,1111.0,454294.0078125,
"MAPPO (strict 1+5, seed2)",current,1113.0,454402.265625,
"MAPPO (strict 1+5, seed2)",current,1115.0,453736.40625,
"MAPPO (strict 1+5, seed2)",current,1117.0,450259.96875,
"MAPPO (strict 1+5, seed2)",current,1119.0,448556.125,
"MAPPO (strict 1+5, seed2)",current,1121.0,446494.453125,
"MAPPO (strict 1+5, seed2)",current,1123.0,446876.6380208333,
"MAPPO (strict 1+5, seed2)",current,1125.0,445748.7526041667,
"MAPPO (strict 1+5, seed2)",current,1127.0,445940.6822916667,
"MAPPO (strict 1+5, seed2)",current,1129.0,447159.2291666667,
"MAPPO (strict 1+5, seed2)",current,1131.0,449899.7083333333,
"MAPPO (strict 1+5, seed2)",current,1133.0,451304.625,
"MAPPO (strict 1+5, seed2)",current,1135.0,451540.8203125,
"MAPPO (strict 1+5, seed2)",current,1137.0,452057.5625,
"MAPPO (strict 1+5, seed2)",current,1139.0,452207.7916666667,
"MAPPO (strict 1+5, seed2)",current,1141.0,453098.1197916667,
"MAPPO (strict 1+5, seed2)",current,1143.0,452020.2682291667,
"MAPPO (strict 1+5, seed2)",current,1145.0,451802.4244791667,
"MAPPO (strict 1+5, seed2)",current,1147.0,451701.09375,
"MAPPO (strict 1+5, seed2)",current,1149.0,451771.4713541667,
"MAPPO (strict 1+5, seed2)",current,1151.0,452010.9505208333,
"MAPPO (strict 1+5, seed2)",current,1153.0,451836.0911458333,
"MAPPO (strict 1+5, seed2)",current,1155.0,453347.6432291667,
"MAPPO (strict 1+5, seed2)",current,1157.0,454230.6432291667,
"MAPPO (strict 1+5, seed2)",current,1159.0,454241.4453125,
"MAPPO (strict 1+5, seed2)",current,1161.0,454004.0729166667,
"MAPPO (strict 1+5, seed2)",current,1163.0,452406.40625,
"MAPPO (strict 1+5, seed2)",current,1165.0,453839.2890625,
"MAPPO (strict 1+5, seed2)",current,1167.0,453474.5651041667,
"MAPPO (strict 1+5, seed2)",current,1169.0,456102.7864583333,
"MAPPO (strict 1+5, seed2)",current,1171.0,456009.609375,
"MAPPO (strict 1+5, seed2)",current,1173.0,458006.3984375,
"MAPPO (strict 1+5, seed2)",current,1175.0,458487.7395833333,
"MAPPO (strict 1+5, seed2)",current,1177.0,459528.5755208333,
"MAPPO (strict 1+5, seed2)",current,1179.0,459524.1067708333,
"MAPPO (strict 1+5, seed2)",current,1181.0,459313.2994791667,
"MAPPO (strict 1+5, seed2)",current,1183.0,458135.0416666667,
"MAPPO (strict 1+5, seed2)",current,1185.0,457109.7057291667,
"MAPPO (strict 1+5, seed2)",current,1187.0,456624.53125,
"MAPPO (strict 1+5, seed2)",current,1189.0,456700.2473958333,
"MAPPO (strict 1+5, seed2)",current,1191.0,456581.4427083333,
"MAPPO (strict 1+5, seed2)",current,1193.0,456629.9114583333,
"MAPPO (strict 1+5, seed2)",current,1195.0,456332.7578125,
"MAPPO (strict 1+5, seed2)",current,1197.0,455752.2916666667,
"MAPPO (strict 1+5, seed2)",current,1199.0,455749.8411458333,
"MAPPO (strict 1+5, seed2)",current,1201.0,455798.1432291667,
"MAPPO (strict 1+5, seed2)",current,1203.0,457714.1510416667,
"MAPPO (strict 1+5, seed2)",current,1205.0,457743.4427083333,
"MAPPO (strict 1+5, seed2)",current,1207.0,457883.4088541667,
"MAPPO (strict 1+5, seed2)",current,1209.0,458678.2057291667,
"MAPPO (strict 1+5, seed2)",current,1211.0,460040.1458333333,
"MAPPO (strict 1+5, seed2)",current,1213.0,461974.6953125,
"MAPPO (strict 1+5, seed2)",current,1215.0,462474.8854166667,
"MAPPO (strict 1+5, seed2)",current,1217.0,463810.9869791667,
"MAPPO (strict 1+5, seed2)",current,1219.0,464938.828125,
"MAPPO (strict 1+5, seed2)",current,1221.0,465756.15625,
"MAPPO (strict 1+5, seed2)",current,1223.0,464961.296875,
"MAPPO (strict 1+5, seed2)",current,1225.0,462769.9296875,
"MAPPO (strict 1+5, seed2)",current,1227.0,459974.1328125,
"MAPPO (strict 1+5, seed2)",current,1229.0,458731.59375,
"MAPPO (strict 1+5, seed2)",current,1231.0,458358.7994791667,
"MAPPO (strict 1+5, seed2)",current,1233.0,458229.5572916667,
"MAPPO (strict 1+5, seed2)",current,1235.0,458438.3411458333,
"MAPPO (strict 1+5, seed2)",current,1237.0,459360.4401041667,
"MAPPO (strict 1+5, seed2)",current,1239.0,461489.515625,
"MAPPO (strict 1+5, seed2)",current,1241.0,462109.2942708333,
"MAPPO (strict 1+5, seed2)",current,1243.0,463370.7239583333,
"MAPPO (strict 1+5, seed2)",current,1245.0,463136.6197916667,
"MAPPO (strict 1+5, seed2)",current,1247.0,463303.4010416667,
"MAPPO (strict 1+5, seed2)",current,1249.0,461683.7708333333,
"MAPPO (strict 1+5, seed2)",current,1251.0,459258.3802083333,
"MAPPO (strict 1+5, seed2)",current,1253.0,457013.4453125,
"MAPPO (strict 1+5, seed2)",current,1255.0,455524.4270833333,
"MAPPO (strict 1+5, seed2)",current,1257.0,455010.8203125,
"MAPPO (strict 1+5, seed2)",current,1259.0,454875.3151041667,
"MAPPO (strict 1+5, seed2)",current,1261.0,455471.3958333333,
"MAPPO (strict 1+5, seed2)",current,1263.0,455983.4921875,
"MAPPO (strict 1+5, seed2)",current,1265.0,455382.1901041667,
"MAPPO (strict 1+5, seed2)",current,1267.0,454440.9114583333,
"MAPPO (strict 1+5, seed2)",current,1269.0,453704.125,
"MAPPO (strict 1+5, seed2)",current,1271.0,454388.6640625,
"MAPPO (strict 1+5, seed2)",current,1273.0,453994.9661458333,
"MAPPO (strict 1+5, seed2)",current,1275.0,454098.3645833333,
"MAPPO (strict 1+5, seed2)",current,1277.0,453540.2760416667,
"MAPPO (strict 1+5, seed2)",current,1279.0,454490.5651041667,
"MAPPO (strict 1+5, seed2)",current,1281.0,455595.7317708333,
"MAPPO (strict 1+5, seed2)",current,1283.0,456127.2395833333,
"MAPPO (strict 1+5, seed2)",current,1285.0,456371.3619791667,
"MAPPO (strict 1+5, seed2)",current,1287.0,455199.2473958333,
"MAPPO (strict 1+5, seed2)",current,1289.0,455500.7682291667,
"MAPPO (strict 1+5, seed2)",current,1291.0,455799.59375,
"MAPPO (strict 1+5, seed2)",current,1293.0,456932.5546875,
"MAPPO (strict 1+5, seed2)",current,1295.0,457322.6015625,
"MAPPO (strict 1+5, seed2)",current,1297.0,457394.765625,
"MAPPO (strict 1+5, seed2)",current,1299.0,457340.2916666667,
"MAPPO (strict 1+5, seed2)",current,1301.0,457501.09375,
"MAPPO (strict 1+5, seed2)",current,1303.0,457944.046875,
"MAPPO (strict 1+5, seed2)",current,1305.0,458807.0677083333,
"MAPPO (strict 1+5, seed2)",current,1307.0,459720.8463541667,
"MAPPO (strict 1+5, seed2)",current,1309.0,460820.4583333333,
"MAPPO (strict 1+5, seed2)",current,1311.0,461602.4791666667,
"MAPPO (strict 1+5, seed2)",current,1313.0,461841.0677083333,
"MAPPO (strict 1+5, seed2)",current,1315.0,461540.9635416667,
"MAPPO (strict 1+5, seed2)",current,1317.0,461351.3333333333,
"MAPPO (strict 1+5, seed2)",current,1319.0,460925.8958333333,
"MAPPO (strict 1+5, seed2)",current,1321.0,460137.0911458333,
"MAPPO (strict 1+5, seed2)",current,1323.0,459746.0572916667,
"MAPPO (strict 1+5, seed2)",current,1325.0,460593.7578125,
"MAPPO (strict 1+5, seed2)",current,1327.0,460412.4114583333,
"MAPPO (strict 1+5, seed2)",current,1329.0,459382.2447916667,
"MAPPO (strict 1+5, seed2)",current,1331.0,458037.2005208333,
"MAPPO (strict 1+5, seed2)",current,1333.0,457476.1927083333,
"MAPPO (strict 1+5, seed2)",current,1335.0,456535.078125,
"MAPPO (strict 1+5, seed2)",current,1337.0,456517.2552083333,
"MAPPO (strict 1+5, seed2)",current,1339.0,456814.9140625,
"MAPPO (strict 1+5, seed2)",current,1341.0,457808.0,
"MAPPO (strict 1+5, seed2)",current,1343.0,458172.1510416667,
"MAPPO (strict 1+5, seed2)",current,1345.0,458856.1536458333,
"MAPPO (strict 1+5, seed2)",current,1347.0,460375.0208333333,
"MAPPO (strict 1+5, seed2)",current,1349.0,460206.640625,
"MAPPO (strict 1+5, seed2)",current,1351.0,459851.3359375,
"MAPPO (strict 1+5, seed2)",current,1353.0,459328.8151041667,
"MAPPO (strict 1+5, seed2)",current,1355.0,459530.0390625,
"MAPPO (strict 1+5, seed2)",current,1357.0,460562.0651041667,
"MAPPO (strict 1+5, seed2)",current,1359.0,461122.65625,
"MAPPO (strict 1+5, seed2)",current,1361.0,461649.5442708333,
"MAPPO (strict 1+5, seed2)",current,1363.0,460711.7447916667,
"MAPPO (strict 1+5, seed2)",current,1365.0,460274.8151041667,
"MAPPO (strict 1+5, seed2)",current,1367.0,460172.3072916667,
"MAPPO (strict 1+5, seed2)",current,1369.0,461238.6302083333,
"MAPPO (strict 1+5, seed2)",current,1371.0,461982.3046875,
"MAPPO (strict 1+5, seed2)",current,1373.0,461869.0338541667,
"MAPPO (strict 1+5, seed2)",current,1375.0,461596.2838541667,
"MAPPO (strict 1+5, seed2)",current,1377.0,460715.7708333333,
"MAPPO (strict 1+5, seed2)",current,1379.0,461744.109375,
"MAPPO (strict 1+5, seed2)",current,1381.0,461412.3932291667,
"MAPPO (strict 1+5, seed2)",current,1383.0,461696.8307291667,
"MAPPO (strict 1+5, seed2)",current,1385.0,460747.4713541667,
"MAPPO (strict 1+5, seed2)",current,1387.0,461182.1380208333,
"MAPPO (strict 1+5, seed2)",current,1389.0,460704.3723958333,
"MAPPO (strict 1+5, seed2)",current,1391.0,461085.6119791667,
"MAPPO (strict 1+5, seed2)",current,1393.0,461270.4244791667,
"MAPPO (strict 1+5, seed2)",current,1395.0,461284.1744791667,
"MAPPO (strict 1+5, seed2)",current,1397.0,461339.5494791667,
"MAPPO (strict 1+5, seed2)",current,1399.0,461165.3098958333,
"MAPPO (strict 1+5, seed2)",current,1401.0,462480.2083333333,
"MAPPO (strict 1+5, seed2)",current,1403.0,462671.8723958333,
"MAPPO (strict 1+5, seed2)",current,1405.0,462479.3203125,
"MAPPO (strict 1+5, seed2)",current,1407.0,461199.5625,
"MAPPO (strict 1+5, seed2)",current,1409.0,460052.7135416667,
"MAPPO (strict 1+5, seed2)",current,1411.0,459661.2291666667,
"MAPPO (strict 1+5, seed2)",current,1413.0,459843.1614583333,
"MAPPO (strict 1+5, seed2)",current,1415.0,461229.578125,
"MAPPO (strict 1+5, seed2)",current,1417.0,461968.8723958333,
"MAPPO (strict 1+5, seed2)",current,1419.0,462328.3984375,
"MAPPO (strict 1+5, seed2)",current,1421.0,461686.796875,
"MAPPO (strict 1+5, seed2)",current,1423.0,461208.2369791667,
"MAPPO (strict 1+5, seed2)",current,1425.0,460483.203125,
"MAPPO (strict 1+5, seed2)",current,1427.0,460105.9401041667,
"MAPPO (strict 1+5, seed2)",current,1429.0,460126.1692708333,
"MAPPO (strict 1+5, seed2)",current,1431.0,460107.6640625,
"MAPPO (strict 1+5, seed2)",current,1433.0,461068.6432291667,
"MAPPO (strict 1+5, seed2)",current,1435.0,461465.421875,
"MAPPO (strict 1+5, seed2)",current,1437.0,462050.2526041667,
"MAPPO (strict 1+5, seed2)",current,1439.0,461548.3411458333,
"MAPPO (strict 1+5, seed2)",current,1441.0,462093.2473958333,
"MAPPO (strict 1+5, seed2)",current,1443.0,463420.5130208333,
"MAPPO (strict 1+5, seed2)",current,1445.0,465250.9140625,
"MAPPO (strict 1+5, seed2)",current,1447.0,466330.6927083333,
"MAPPO (strict 1+5, seed2)",current,1449.0,466483.359375,
"MAPPO (strict 1+5, seed2)",current,1451.0,465389.6848958333,
"MAPPO (strict 1+5, seed2)",current,1453.0,462780.9322916667,
"MAPPO (strict 1+5, seed2)",current,1455.0,461122.0859375,
"MAPPO (strict 1+5, seed2)",current,1457.0,459624.6979166667,
"MAPPO (strict 1+5, seed2)",current,1459.0,460819.0989583333,
"MAPPO (strict 1+5, seed2)",current,1461.0,461947.328125,
"MAPPO (strict 1+5, seed2)",current,1463.0,464319.5677083333,
"MAPPO (strict 1+5, seed2)",current,1465.0,466289.7890625,
"MAPPO (strict 1+5, seed2)",current,1467.0,467408.1536458333,
"MAPPO (strict 1+5, seed2)",current,1469.0,467459.2552083333,
"MAPPO (strict 1+5, seed2)",current,1471.0,466396.6354166667,
"MAPPO (strict 1+5, seed2)",current,1473.0,465789.0286458333,
"MAPPO (strict 1+5, seed2)",current,1475.0,464835.515625,
"MAPPO (strict 1+5, seed2)",current,1477.0,464972.71875,
"MAPPO (strict 1+5, seed2)",current,1479.0,465261.9088541667,
"MAPPO (strict 1+5, seed2)",current,1481.0,466178.3619791667,
"MAPPO (strict 1+5, seed2)",current,1483.0,465209.3463541667,
"MAPPO (strict 1+5, seed2)",current,1485.0,464711.9635416667,
"MAPPO (strict 1+5, seed2)",current,1487.0,463866.4270833333,
"MAPPO (strict 1+5, seed2)",current,1489.0,465332.3203125,
"MAPPO (strict 1+5, seed2)",current,1491.0,465918.1822916667,
"MAPPO (strict 1+5, seed2)",current,1493.0,467217.8307291667,
"MAPPO (strict 1+5, seed2)",current,1495.0,466586.8307291667,
"MAPPO (strict 1+5, seed2)",current,1497.0,465235.9791666667,
"MAPPO (strict 1+5, seed2)",current,1499.0,464120.7604166667,
"MAPPO (strict 1+5, seed2)",current,1501.0,464050.9765625,
"MAPPO (strict 1+5, seed2)",current,1503.0,465053.0911458333,
"MAPPO (strict 1+5, seed2)",current,1505.0,465797.0208333333,
"MAPPO (strict 1+5, seed2)",current,1507.0,466070.4192708333,
"MAPPO (strict 1+5, seed2)",current,1509.0,466817.4817708333,
"MAPPO (strict 1+5, seed2)",current,1511.0,468246.0442708333,
"MAPPO (strict 1+5, seed2)",current,1513.0,469238.7864583333,
"MAPPO (strict 1+5, seed2)",current,1515.0,469760.5625,
"MAPPO (strict 1+5, seed2)",current,1517.0,468920.328125,
"MAPPO (strict 1+5, seed2)",current,1519.0,469276.5885416667,
"MAPPO (strict 1+5, seed2)",current,1521.0,468636.7578125,
"MAPPO (strict 1+5, seed2)",current,1523.0,468399.4453125,
"MAPPO (strict 1+5, seed2)",current,1525.0,467604.7994791667,
"MAPPO (strict 1+5, seed2)",current,1527.0,467168.3333333333,
"MAPPO (strict 1+5, seed2)",current,1529.0,466566.6197916667,
"MAPPO (strict 1+5, seed2)",current,1531.0,466483.1588541667,
"MAPPO (strict 1+5, seed2)",current,1533.0,466586.7473958333,
"MAPPO (strict 1+5, seed2)",current,1535.0,467206.8046875,
"MAPPO (strict 1+5, seed2)",current,1537.0,467636.65625,
"MAPPO (strict 1+5, seed2)",current,1539.0,468691.78125,
"MAPPO (strict 1+5, seed2)",current,1541.0,469008.578125,
"MAPPO (strict 1+5, seed2)",current,1543.0,469307.6223958333,
"MAPPO (strict 1+5, seed2)",current,1545.0,468187.1302083333,
"MAPPO (strict 1+5, seed2)",current,1547.0,467247.1770833333,
"MAPPO (strict 1+5, seed2)",current,1549.0,466564.9401041667,
"MAPPO (strict 1+5, seed2)",current,1551.0,466447.3776041667,
"MAPPO (strict 1+5, seed2)",current,1553.0,467503.0989583333,
"MAPPO (strict 1+5, seed2)",current,1555.0,467538.4609375,
"MAPPO (strict 1+5, seed2)",current,1557.0,468426.6510416667,
"MAPPO (strict 1+5, seed2)",current,1559.0,467610.5572916667,
"MAPPO (strict 1+5, seed2)",current,1561.0,466648.5260416667,
"MAPPO (strict 1+5, seed2)",current,1563.0,465513.2526041667,
"MAPPO (strict 1+5, seed2)",current,1565.0,464744.6119791667,
"MAPPO (strict 1+5, seed2)",current,1567.0,464677.2473958333,
"MAPPO (strict 1+5, seed2)",current,1569.0,463839.5859375,
"MAPPO (strict 1+5, seed2)",current,1571.0,463148.2552083333,
"MAPPO (strict 1+5, seed2)",current,1573.0,463144.125,
"MAPPO (strict 1+5, seed2)",current,1575.0,463707.2447916667,
"MAPPO (strict 1+5, seed2)",current,1577.0,463811.3515625,
"MAPPO (strict 1+5, seed2)",current,1579.0,463887.1927083333,
"MAPPO (strict 1+5, seed2)",current,1581.0,463948.2109375,
"MAPPO (strict 1+5, seed2)",current,1583.0,464241.7604166667,
"MAPPO (strict 1+5, seed2)",current,1585.0,464073.8723958333,
"MAPPO (strict 1+5, seed2)",current,1587.0,463791.3333333333,
"MAPPO (strict 1+5, seed2)",current,1589.0,463923.7161458333,
"MAPPO (strict 1+5, seed2)",current,1591.0,464935.7552083333,
"MAPPO (strict 1+5, seed2)",current,1593.0,465477.5520833333,
"MAPPO (strict 1+5, seed2)",current,1595.0,466089.2526041667,
"MAPPO (strict 1+5, seed2)",current,1597.0,465576.2239583333,
"MAPPO (strict 1+5, seed2)",current,1599.0,465410.5052083333,
"MAPPO (strict 1+5, seed2)",current,1601.0,464026.8567708333,
"MAPPO (strict 1+5, seed2)",current,1603.0,462955.5989583333,
"MAPPO (strict 1+5, seed2)",current,1605.0,462331.4947916667,
"MAPPO (strict 1+5, seed2)",current,1607.0,463453.4713541667,
"MAPPO (strict 1+5, seed2)",current,1609.0,464768.7942708333,
"MAPPO (strict 1+5, seed2)",current,1611.0,466426.6197916667,
"MAPPO (strict 1+5, seed2)",current,1613.0,467416.8567708333,
"MAPPO (strict 1+5, seed2)",current,1615.0,467686.4713541667,
"MAPPO (strict 1+5, seed2)",current,1617.0,467370.5911458333,
"MAPPO (strict 1+5, seed2)",current,1619.0,467070.6875,
"MAPPO (strict 1+5, seed2)",current,1621.0,466933.546875,
"MAPPO (strict 1+5, seed2)",current,1623.0,466593.2630208333,
"MAPPO (strict 1+5, seed2)",current,1625.0,466185.9036458333,
"MAPPO (strict 1+5, seed2)",current,1627.0,465951.0859375,
"MAPPO (strict 1+5, seed2)",current,1629.0,466493.9713541667,
"MAPPO (strict 1+5, seed2)",current,1631.0,466990.6432291667,
"MAPPO (strict 1+5, seed2)",current,1633.0,467243.9505208333,
"MAPPO (strict 1+5, seed2)",current,1635.0,467248.7604166667,
"MAPPO (strict 1+5, seed2)",current,1637.0,467787.6380208333,
"MAPPO (strict 1+5, seed2)",current,1639.0,469237.390625,
"MAPPO (strict 1+5, seed2)",current,1641.0,470652.5625,
"MAPPO (strict 1+5, seed2)",current,1643.0,470951.8880208333,
"MAPPO (strict 1+5, seed2)",current,1645.0,471192.3359375,
"MAPPO (strict 1+5, seed2)",current,1647.0,470566.9296875,
"MAPPO (strict 1+5, seed2)",current,1649.0,470274.5,
"MAPPO (strict 1+5, seed2)",current,1651.0,468977.3177083333,
"MAPPO (strict 1+5, seed2)",current,1653.0,467950.546875,
"MAPPO (strict 1+5, seed2)",current,1655.0,468606.7994791667,
"MAPPO (strict 1+5, seed2)",current,1657.0,468124.6953125,
"MAPPO (strict 1+5, seed2)",current,1659.0,469274.9010416667,
"MAPPO (strict 1+5, seed2)",current,1661.0,469799.0807291667,
"MAPPO (strict 1+5, seed2)",current,1663.0,471849.84375,
"MAPPO (strict 1+5, seed2)",current,1665.0,472016.2291666667,
"MAPPO (strict 1+5, seed2)",current,1667.0,472171.3619791667,
"MAPPO (strict 1+5, seed2)",current,1669.0,472399.5677083333,
"MAPPO (strict 1+5, seed2)",current,1671.0,472841.96875,
"MAPPO (strict 1+5, seed2)",current,1673.0,472096.0286458333,
"MAPPO (strict 1+5, seed2)",current,1675.0,470628.9739583333,
"MAPPO (strict 1+5, seed2)",current,1677.0,469150.71875,
"MAPPO (strict 1+5, seed2)",current,1679.0,467725.4322916667,
"MAPPO (strict 1+5, seed2)",current,1681.0,466414.3098958333,
"MAPPO (strict 1+5, seed2)",current,1683.0,465908.2161458333,
"MAPPO (strict 1+5, seed2)",current,1685.0,466376.3828125,
"MAPPO (strict 1+5, seed2)",current,1687.0,468132.8828125,
"MAPPO (strict 1+5, seed2)",current,1689.0,470132.0833333333,
"MAPPO (strict 1+5, seed2)",current,1691.0,471159.6380208333,
"MAPPO (strict 1+5, seed2)",current,1693.0,470875.0338541667,
"MAPPO (strict 1+5, seed2)",current,1695.0,469686.9765625,
"MAPPO (strict 1+5, seed2)",current,1697.0,469814.8307291667,
"MAPPO (strict 1+5, seed2)",current,1699.0,470311.0598958333,
"MAPPO (strict 1+5, seed2)",current,1701.0,470709.1041666667,
"MAPPO (strict 1+5, seed2)",current,1703.0,470363.0078125,
"MAPPO (strict 1+5, seed2)",current,1705.0,469199.5729166667,
"MAPPO (strict 1+5, seed2)",current,1707.0,468092.640625,
"MAPPO (strict 1+5, seed2)",current,1709.0,466493.4661458333,
"MAPPO (strict 1+5, seed2)",current,1711.0,466987.578125,
"MAPPO (strict 1+5, seed2)",current,1713.0,467566.3098958333,
"MAPPO (strict 1+5, seed2)",current,1715.0,469428.546875,
"MAPPO (strict 1+5, seed2)",current,1717.0,469349.1067708333,
"MAPPO (strict 1+5, seed2)",current,1719.0,469586.8385416667,
"MAPPO (strict 1+5, seed2)",current,1721.0,469046.9895833333,
"MAPPO (strict 1+5, seed2)",current,1723.0,468952.6796875,
"MAPPO (strict 1+5, seed2)",current,1725.0,469840.5989583333,
"MAPPO (strict 1+5, seed2)",current,1727.0,470581.4166666667,
"MAPPO (strict 1+5, seed2)",current,1729.0,472416.1979166667,
"MAPPO (strict 1+5, seed2)",current,1731.0,472068.6666666667,
"MAPPO (strict 1+5, seed2)",current,1733.0,471692.1510416667,
"MAPPO (strict 1+5, seed2)",current,1735.0,470595.9244791667,
"MAPPO (strict 1+5, seed2)",current,1737.0,471097.2942708333,
"MAPPO (strict 1+5, seed2)",current,1739.0,471257.1380208333,
"MAPPO (strict 1+5, seed2)",current,1741.0,472167.5208333333,
"MAPPO (strict 1+5, seed2)",current,1743.0,472902.5338541667,
"MAPPO (strict 1+5, seed2)",current,1745.0,473426.34375,
"MAPPO (strict 1+5, seed2)",current,1747.0,472924.546875,
"MAPPO (strict 1+5, seed2)",current,1749.0,471590.25,
"MAPPO (strict 1+5, seed2)",current,1751.0,470639.625,
"MAPPO (strict 1+5, seed2)",current,1753.0,470896.3151041667,
"MAPPO (strict 1+5, seed2)",current,1755.0,471255.9192708333,
"MAPPO (strict 1+5, seed2)",current,1757.0,471814.6536458333,
"MAPPO (strict 1+5, seed2)",current,1759.0,471216.8645833333,
"MAPPO (strict 1+5, seed2)",current,1761.0,471252.9010416667,
"MAPPO (strict 1+5, seed2)",current,1763.0,471659.7369791667,
"MAPPO (strict 1+5, seed2)",current,1765.0,471902.7057291667,
"MAPPO (strict 1+5, seed2)",current,1767.0,472293.2317708333,
"MAPPO (strict 1+5, seed2)",current,1769.0,471196.765625,
"MAPPO (strict 1+5, seed2)",current,1771.0,471270.6171875,
"MAPPO (strict 1+5, seed2)",current,1773.0,470526.1692708333,
"MAPPO (strict 1+5, seed2)",current,1775.0,470263.7552083333,
"MAPPO (strict 1+5, seed2)",current,1777.0,468835.4479166667,
"MAPPO (strict 1+5, seed2)",current,1779.0,468009.65625,
"MAPPO (strict 1+5, seed2)",current,1781.0,467506.1276041667,
"MAPPO (strict 1+5, seed2)",current,1783.0,467950.0989583333,
"MAPPO (strict 1+5, seed2)",current,1785.0,467853.234375,
"MAPPO (strict 1+5, seed2)",current,1787.0,467712.7239583333,
"MAPPO (strict 1+5, seed2)",current,1789.0,465920.296875,
"MAPPO (strict 1+5, seed2)",current,1791.0,464490.0104166667,
"MAPPO (strict 1+5, seed2)",current,1793.0,463355.3359375,
"MAPPO (strict 1+5, seed2)",current,1795.0,464138.09375,
"MAPPO (strict 1+5, seed2)",current,1797.0,464401.6484375,
"MAPPO (strict 1+5, seed2)",current,1799.0,465201.1302083333,
"MAPPO (strict 1+5, seed2)",current,1801.0,465401.1302083333,
"MAPPO (strict 1+5, seed2)",current,1803.0,467008.5729166667,
"MAPPO (strict 1+5, seed2)",current,1805.0,467827.8072916667,
"MAPPO (strict 1+5, seed2)",current,1807.0,469298.0130208333,
"MAPPO (strict 1+5, seed2)",current,1809.0,469584.4583333333,
"MAPPO (strict 1+5, seed2)",current,1811.0,469299.0078125,
"MAPPO (strict 1+5, seed2)",current,1813.0,469135.8984375,
"MAPPO (strict 1+5, seed2)",current,1815.0,468992.5598958333,
"MAPPO (strict 1+5, seed2)",current,1817.0,468723.3645833333,
"MAPPO (strict 1+5, seed2)",current,1819.0,468859.1770833333,
"MAPPO (strict 1+5, seed2)",current,1821.0,468346.3203125,
"MAPPO (strict 1+5, seed2)",current,1823.0,468753.2734375,
"MAPPO (strict 1+5, seed2)",current,1825.0,467653.3307291667,
"MAPPO (strict 1+5, seed2)",current,1827.0,467751.984375,
"MAPPO (strict 1+5, seed2)",current,1829.0,467527.0703125,
"MAPPO (strict 1+5, seed2)",current,1831.0,467510.2708333333,
"MAPPO (strict 1+5, seed2)",current,1833.0,466645.2526041667,
"MAPPO (strict 1+5, seed2)",current,1835.0,466194.4739583333,
"MAPPO (strict 1+5, seed2)",current,1837.0,465616.25,
"MAPPO (strict 1+5, seed2)",current,1839.0,466104.8333333333,
"MAPPO (strict 1+5, seed2)",current,1841.0,467764.609375,
"MAPPO (strict 1+5, seed2)",current,1843.0,468893.53125,
"MAPPO (strict 1+5, seed2)",current,1845.0,469675.6692708333,
"MAPPO (strict 1+5, seed2)",current,1847.0,468607.9401041667,
"MAPPO (strict 1+5, seed2)",current,1849.0,467848.5911458333,
"MAPPO (strict 1+5, seed2)",current,1851.0,467482.7369791667,
"MAPPO (strict 1+5, seed2)",current,1853.0,467140.2317708333,
"MAPPO (strict 1+5, seed2)",current,1855.0,467178.6692708333,
"MAPPO (strict 1+5, seed2)",current,1857.0,465912.6041666667,
"MAPPO (strict 1+5, seed2)",current,1859.0,465374.4895833333,
"MAPPO (strict 1+5, seed2)",current,1861.0,465820.234375,
"MAPPO (strict 1+5, seed2)",current,1863.0,467619.6875,
"MAPPO (strict 1+5, seed2)",current,1865.0,469379.8541666667,
"MAPPO (strict 1+5, seed2)",current,1867.0,470194.9895833333,
"MAPPO (strict 1+5, seed2)",current,1869.0,470739.6848958333,
"MAPPO (strict 1+5, seed2)",current,1871.0,470422.6640625,
"MAPPO (strict 1+5, seed2)",current,1873.0,470499.9661458333,
"MAPPO (strict 1+5, seed2)",current,1875.0,470116.4140625,
"MAPPO (strict 1+5, seed2)",current,1877.0,469872.5390625,
"MAPPO (strict 1+5, seed2)",current,1879.0,469185.8463541667,
"MAPPO (strict 1+5, seed2)",current,1881.0,468019.4817708333,
"MAPPO (strict 1+5, seed2)",current,1883.0,467518.3828125,
"MAPPO (strict 1+5, seed2)",current,1885.0,466888.5833333333,
"MAPPO (strict 1+5, seed2)",current,1887.0,465990.0755208333,
"MAPPO (strict 1+5, seed2)",current,1889.0,465676.7239583333,
"MAPPO (strict 1+5, seed2)",current,1891.0,464694.2213541667,
"MAPPO (strict 1+5, seed2)",current,1893.0,464357.0182291667,
"MAPPO (strict 1+5, seed2)",current,1895.0,463373.6770833333,
"MAPPO (strict 1+5, seed2)",current,1897.0,462966.3359375,
"MAPPO (strict 1+5, seed2)",current,1899.0,462681.0625,
"MAPPO (strict 1+5, seed2)",current,1901.0,462450.7682291667,
"MAPPO (strict 1+5, seed2)",current,1903.0,462012.1302083333,
"MAPPO (strict 1+5, seed2)",current,1905.0,461725.3958333333,
"MAPPO (strict 1+5, seed2)",current,1907.0,461264.8307291667,
"MAPPO (strict 1+5, seed2)",current,1909.0,461376.5208333333,
"MAPPO (strict 1+5, seed2)",current,1911.0,462046.1171875,
"MAPPO (strict 1+5, seed2)",current,1913.0,463101.8463541667,
"MAPPO (strict 1+5, seed2)",current,1915.0,464167.1171875,
"MAPPO (strict 1+5, seed2)",current,1917.0,465692.5390625,
"MAPPO (strict 1+5, seed2)",current,1919.0,467309.5234375,
"MAPPO (strict 1+5, seed2)",current,1921.0,468350.4479166667,
"MAPPO (strict 1+5, seed2)",current,1923.0,468300.6015625,
"MAPPO (strict 1+5, seed2)",current,1925.0,468776.2942708333,
"MAPPO (strict 1+5, seed2)",current,1927.0,469049.4010416667,
"MAPPO (strict 1+5, seed2)",current,1929.0,469341.4270833333,
"MAPPO (strict 1+5, seed2)",current,1931.0,469320.5078125,
"MAPPO (strict 1+5, seed2)",current,1933.0,469723.2057291667,
"MAPPO (strict 1+5, seed2)",current,1935.0,469973.1380208333,
"MAPPO (strict 1+5, seed2)",current,1937.0,470731.2369791667,
"MAPPO (strict 1+5, seed2)",current,1939.0,470886.5442708333,
"MAPPO (strict 1+5, seed2)",current,1941.0,471619.859375,
"MAPPO (strict 1+5, seed2)",current,1943.0,471863.6276041667,
"MAPPO (strict 1+5, seed2)",current,1945.0,471810.3333333333,
"MAPPO (strict 1+5, seed2)",current,1947.0,471487.109375,
"MAPPO (strict 1+5, seed2)",current,1949.0,470902.3828125,
"MAPPO (strict 1+5, seed2)",current,1951.0,470995.4166666667,
"MAPPO (strict 1+5, seed2)",current,1953.0,471079.70703125,
"DC-PPO (strict 1+5, seed2)",current,1.0,92503.82983398438,
"DC-PPO (strict 1+5, seed2)",current,3.0,92850.33919270833,
"DC-PPO (strict 1+5, seed2)",current,5.0,95235.14371744792,
"DC-PPO (strict 1+5, seed2)",current,7.0,99860.80891927083,
"DC-PPO (strict 1+5, seed2)",current,9.0,107659.63981119792,
"DC-PPO (strict 1+5, seed2)",current,11.0,117232.97819010417,
"DC-PPO (strict 1+5, seed2)",current,13.0,125407.57486979167,
"DC-PPO (strict 1+5, seed2)",current,15.0,134968.8740234375,
"DC-PPO (strict 1+5, seed2)",current,17.0,143287.99055989584,
"DC-PPO (strict 1+5, seed2)",current,19.0,153097.73763020834,
"DC-PPO (strict 1+5, seed2)",current,21.0,159115.08333333334,
"DC-PPO (strict 1+5, seed2)",current,23.0,166034.3828125,
"DC-PPO (strict 1+5, seed2)",current,25.0,171370.63346354166,
"DC-PPO (strict 1+5, seed2)",current,27.0,177236.12434895834,
"DC-PPO (strict 1+5, seed2)",current,29.0,181685.224609375,
"DC-PPO (strict 1+5, seed2)",current,31.0,183557.65364583334,
"DC-PPO (strict 1+5, seed2)",current,33.0,186003.77083333334,
"DC-PPO (strict 1+5, seed2)",current,35.0,187014.76106770834,
"DC-PPO (strict 1+5, seed2)",current,37.0,189956.02864583334,
"DC-PPO (strict 1+5, seed2)",current,39.0,193399.966796875,
"DC-PPO (strict 1+5, seed2)",current,41.0,197492.70638020834,
"DC-PPO (strict 1+5, seed2)",current,43.0,201700.40885416666,
"DC-PPO (strict 1+5, seed2)",current,45.0,204887.470703125,
"DC-PPO (strict 1+5, seed2)",current,47.0,208146.14127604166,
"DC-PPO (strict 1+5, seed2)",current,49.0,210798.515625,
"DC-PPO (strict 1+5, seed2)",current,51.0,216947.10416666666,
"DC-PPO (strict 1+5, seed2)",current,53.0,220355.98697916666,
"DC-PPO (strict 1+5, seed2)",current,55.0,224893.83723958334,
"DC-PPO (strict 1+5, seed2)",current,57.0,225050.49739583334,
"DC-PPO (strict 1+5, seed2)",current,59.0,225292.88151041666,
"DC-PPO (strict 1+5, seed2)",current,61.0,225231.17252604166,
"DC-PPO (strict 1+5, seed2)",current,63.0,227085.10221354166,
"DC-PPO (strict 1+5, seed2)",current,65.0,230749.46940104166,
"DC-PPO (strict 1+5, seed2)",current,67.0,233538.46744791666,
"DC-PPO (strict 1+5, seed2)",current,69.0,236140.04817708334,
"DC-PPO (strict 1+5, seed2)",current,71.0,238670.51692708334,
"DC-PPO (strict 1+5, seed2)",current,73.0,241023.24088541666,
"DC-PPO (strict 1+5, seed2)",current,75.0,240234.02864583334,
"DC-PPO (strict 1+5, seed2)",current,77.0,240477.24348958334,
"DC-PPO (strict 1+5, seed2)",current,79.0,241943.32682291666,
"DC-PPO (strict 1+5, seed2)",current,81.0,246769.14192708334,
"DC-PPO (strict 1+5, seed2)",current,83.0,252435.61197916666,
"DC-PPO (strict 1+5, seed2)",current,85.0,256787.125,
"DC-PPO (strict 1+5, seed2)",current,87.0,257881.39973958334,
"DC-PPO (strict 1+5, seed2)",current,89.0,258770.74739583334,
"DC-PPO (strict 1+5, seed2)",current,91.0,259167.35026041666,
"DC-PPO (strict 1+5, seed2)",current,93.0,261222.25651041666,
"DC-PPO (strict 1+5, seed2)",current,95.0,260906.74479166666,
"DC-PPO (strict 1+5, seed2)",current,97.0,261900.90234375,
"DC-PPO (strict 1+5, seed2)",current,99.0,261784.34765625,
"DC-PPO (strict 1+5, seed2)",current,101.0,262253.9088541667,
"DC-PPO (strict 1+5, seed2)",current,103.0,262285.3346354167,
"DC-PPO (strict 1+5, seed2)",current,105.0,262342.30078125,
"DC-PPO (strict 1+5, seed2)",current,107.0,263937.0247395833,
"DC-PPO (strict 1+5, seed2)",current,109.0,266151.953125,
"DC-PPO (strict 1+5, seed2)",current,111.0,270628.3815104167,
"DC-PPO (strict 1+5, seed2)",current,113.0,272576.3138020833,
"DC-PPO (strict 1+5, seed2)",current,115.0,272861.6158854167,
"DC-PPO (strict 1+5, seed2)",current,117.0,272771.1927083333,
"DC-PPO (strict 1+5, seed2)",current,119.0,275930.6458333333,
"DC-PPO (strict 1+5, seed2)",current,121.0,278883.5625,
"DC-PPO (strict 1+5, seed2)",current,123.0,282238.671875,
"DC-PPO (strict 1+5, seed2)",current,125.0,279464.9830729167,
"DC-PPO (strict 1+5, seed2)",current,127.0,280032.28515625,
"DC-PPO (strict 1+5, seed2)",current,129.0,278638.5208333333,
"DC-PPO (strict 1+5, seed2)",current,131.0,279886.9609375,
"DC-PPO (strict 1+5, seed2)",current,133.0,278564.6236979167,
"DC-PPO (strict 1+5, seed2)",current,135.0,278967.2890625,
"DC-PPO (strict 1+5, seed2)",current,137.0,281237.9908854167,
"DC-PPO (strict 1+5, seed2)",current,139.0,282712.8515625,
"DC-PPO (strict 1+5, seed2)",current,141.0,286154.8684895833,
"DC-PPO (strict 1+5, seed2)",current,143.0,289152.1419270833,
"DC-PPO (strict 1+5, seed2)",current,145.0,293618.8645833333,
"DC-PPO (strict 1+5, seed2)",current,147.0,292480.3515625,
"DC-PPO (strict 1+5, seed2)",current,149.0,290678.6002604167,
"DC-PPO (strict 1+5, seed2)",current,151.0,288292.6328125,
"DC-PPO (strict 1+5, seed2)",current,153.0,288024.7786458333,
"DC-PPO (strict 1+5, seed2)",current,155.0,288264.1484375,
"DC-PPO (strict 1+5, seed2)",current,157.0,291171.8828125,
"DC-PPO (strict 1+5, seed2)",current,159.0,294322.8385416667,
"DC-PPO (strict 1+5, seed2)",current,161.0,297738.7552083333,
"DC-PPO (strict 1+5, seed2)",current,163.0,296500.2591145833,
"DC-PPO (strict 1+5, seed2)",current,165.0,294226.91796875,
"DC-PPO (strict 1+5, seed2)",current,167.0,293624.1979166667,
"DC-PPO (strict 1+5, seed2)",current,169.0,294746.3697916667,
"DC-PPO (strict 1+5, seed2)",current,171.0,296218.5221354167,
"DC-PPO (strict 1+5, seed2)",current,173.0,297172.05859375,
"DC-PPO (strict 1+5, seed2)",current,175.0,297590.0807291667,
"DC-PPO (strict 1+5, seed2)",current,177.0,299267.1848958333,
"DC-PPO (strict 1+5, seed2)",current,179.0,300991.7955729167,
"DC-PPO (strict 1+5, seed2)",current,181.0,301190.9895833333,
"DC-PPO (strict 1+5, seed2)",current,183.0,301243.1106770833,
"DC-PPO (strict 1+5, seed2)",current,185.0,299840.0546875,
"DC-PPO (strict 1+5, seed2)",current,187.0,301913.2330729167,
"DC-PPO (strict 1+5, seed2)",current,189.0,303127.5013020833,
"DC-PPO (strict 1+5, seed2)",current,191.0,302281.65234375,
"DC-PPO (strict 1+5, seed2)",current,193.0,301386.2916666667,
"DC-PPO (strict 1+5, seed2)",current,195.0,301204.2604166667,
"DC-PPO (strict 1+5, seed2)",current,197.0,304612.8606770833,
"DC-PPO (strict 1+5, seed2)",current,199.0,308089.3385416667,
"DC-PPO (strict 1+5, seed2)",current,201.0,310335.26171875,
"DC-PPO (strict 1+5, seed2)",current,203.0,312653.328125,
"DC-PPO (strict 1+5, seed2)",current,205.0,314159.98828125,
"DC-PPO (strict 1+5, seed2)",current,207.0,314391.6015625,
"DC-PPO (strict 1+5, seed2)",current,209.0,311793.9231770833,
"DC-PPO (strict 1+5, seed2)",current,211.0,310001.2864583333,
"DC-PPO (strict 1+5, seed2)",current,213.0,310494.8346354167,
"DC-PPO (strict 1+5, seed2)",current,215.0,310931.4244791667,
"DC-PPO (strict 1+5, seed2)",current,217.0,310774.8125,
"DC-PPO (strict 1+5, seed2)",current,219.0,310427.2916666667,
"DC-PPO (strict 1+5, seed2)",current,221.0,310971.6263020833,
"DC-PPO (strict 1+5, seed2)",current,223.0,309781.1640625,
"DC-PPO (strict 1+5, seed2)",current,225.0,308923.171875,
"DC-PPO (strict 1+5, seed2)",current,227.0,308672.4544270833,
"DC-PPO (strict 1+5, seed2)",current,229.0,311818.0247395833,
"DC-PPO (strict 1+5, seed2)",current,231.0,315702.9583333333,
"DC-PPO (strict 1+5, seed2)",current,233.0,318215.5260416667,
"DC-PPO (strict 1+5, seed2)",current,235.0,319519.2239583333,
"DC-PPO (strict 1+5, seed2)",current,237.0,317262.1002604167,
"DC-PPO (strict 1+5, seed2)",current,239.0,317339.66796875,
"DC-PPO (strict 1+5, seed2)",current,241.0,316909.8958333333,
"DC-PPO (strict 1+5, seed2)",current,243.0,318670.1875,
"DC-PPO (strict 1+5, seed2)",current,245.0,318822.5299479167,
"DC-PPO (strict 1+5, seed2)",current,247.0,319454.5442708333,
"DC-PPO (strict 1+5, seed2)",current,249.0,322623.95703125,
"DC-PPO (strict 1+5, seed2)",current,251.0,325879.5065104167,
"DC-PPO (strict 1+5, seed2)",current,253.0,327435.6966145833,
"DC-PPO (strict 1+5, seed2)",current,255.0,327634.9348958333,
"DC-PPO (strict 1+5, seed2)",current,257.0,329023.4140625,
"DC-PPO (strict 1+5, seed2)",current,259.0,328766.2526041667,
"DC-PPO (strict 1+5, seed2)",current,261.0,328558.0963541667,
"DC-PPO (strict 1+5, seed2)",current,263.0,327910.8815104167,
"DC-PPO (strict 1+5, seed2)",current,265.0,329071.4778645833,
"DC-PPO (strict 1+5, seed2)",current,267.0,328808.7473958333,
"DC-PPO (strict 1+5, seed2)",current,269.0,328114.2786458333,
"DC-PPO (strict 1+5, seed2)",current,271.0,328212.8932291667,
"DC-PPO (strict 1+5, seed2)",current,273.0,328149.9791666667,
"DC-PPO (strict 1+5, seed2)",current,275.0,328868.1783854167,
"DC-PPO (strict 1+5, seed2)",current,277.0,327503.9348958333,
"DC-PPO (strict 1+5, seed2)",current,279.0,326637.59765625,
"DC-PPO (strict 1+5, seed2)",current,281.0,324250.7643229167,
"DC-PPO (strict 1+5, seed2)",current,283.0,325335.578125,
"DC-PPO (strict 1+5, seed2)",current,285.0,325925.1432291667,
"DC-PPO (strict 1+5, seed2)",current,287.0,328761.0494791667,
"DC-PPO (strict 1+5, seed2)",current,289.0,330615.265625,
"DC-PPO (strict 1+5, seed2)",current,291.0,331972.6927083333,
"DC-PPO (strict 1+5, seed2)",current,293.0,332895.34375,
"DC-PPO (strict 1+5, seed2)",current,295.0,334999.2044270833,
"DC-PPO (strict 1+5, seed2)",current,297.0,338225.9075520833,
"DC-PPO (strict 1+5, seed2)",current,299.0,340536.9544270833,
"DC-PPO (strict 1+5, seed2)",current,301.0,338112.3619791667,
"DC-PPO (strict 1+5, seed2)",current,303.0,338832.3450520833,
"DC-PPO (strict 1+5, seed2)",current,305.0,339375.30859375,
"DC-PPO (strict 1+5, seed2)",current,307.0,341383.5598958333,
"DC-PPO (strict 1+5, seed2)",current,309.0,340577.64453125,
"DC-PPO (strict 1+5, seed2)",current,311.0,339740.9700520833,
"DC-PPO (strict 1+5, seed2)",current,313.0,338595.87890625,
"DC-PPO (strict 1+5, seed2)",current,315.0,337946.7044270833,
"DC-PPO (strict 1+5, seed2)",current,317.0,338407.0794270833,
"DC-PPO (strict 1+5, seed2)",current,319.0,339435.90234375,
"DC-PPO (strict 1+5, seed2)",current,321.0,338942.5677083333,
"DC-PPO (strict 1+5, seed2)",current,323.0,337722.61328125,
"DC-PPO (strict 1+5, seed2)",current,325.0,337689.4192708333,
"DC-PPO (strict 1+5, seed2)",current,327.0,342053.8541666667,
"DC-PPO (strict 1+5, seed2)",current,329.0,340962.0755208333,
"DC-PPO (strict 1+5, seed2)",current,331.0,341730.9140625,
"DC-PPO (strict 1+5, seed2)",current,333.0,339862.7213541667,
"DC-PPO (strict 1+5, seed2)",current,335.0,342827.1080729167,
"DC-PPO (strict 1+5, seed2)",current,337.0,344868.5091145833,
"DC-PPO (strict 1+5, seed2)",current,339.0,344902.8502604167,
"DC-PPO (strict 1+5, seed2)",current,341.0,347588.1875,
"DC-PPO (strict 1+5, seed2)",current,343.0,347448.3450520833,
"DC-PPO (strict 1+5, seed2)",current,345.0,348487.9921875,
"DC-PPO (strict 1+5, seed2)",current,347.0,347688.4921875,
"DC-PPO (strict 1+5, seed2)",current,349.0,350993.3372395833,
"DC-PPO (strict 1+5, seed2)",current,351.0,352885.1328125,
"DC-PPO (strict 1+5, seed2)",current,353.0,353054.4791666667,
"DC-PPO (strict 1+5, seed2)",current,355.0,352393.546875,
"DC-PPO (strict 1+5, seed2)",current,357.0,350944.765625,
"DC-PPO (strict 1+5, seed2)",current,359.0,353015.5442708333,
"DC-PPO (strict 1+5, seed2)",current,361.0,354331.8958333333,
"DC-PPO (strict 1+5, seed2)",current,363.0,356952.6197916667,
"DC-PPO (strict 1+5, seed2)",current,365.0,357090.7265625,
"DC-PPO (strict 1+5, seed2)",current,367.0,356839.9609375,
"DC-PPO (strict 1+5, seed2)",current,369.0,359763.30078125,
"DC-PPO (strict 1+5, seed2)",current,371.0,359643.8919270833,
"DC-PPO (strict 1+5, seed2)",current,373.0,358259.5559895833,
"DC-PPO (strict 1+5, seed2)",current,375.0,354538.0807291667,
"DC-PPO (strict 1+5, seed2)",current,377.0,355576.23828125,
"DC-PPO (strict 1+5, seed2)",current,379.0,357472.1419270833,
"DC-PPO (strict 1+5, seed2)",current,381.0,358063.1575520833,
"DC-PPO (strict 1+5, seed2)",current,383.0,357938.6848958333,
"DC-PPO (strict 1+5, seed2)",current,385.0,356607.3932291667,
"DC-PPO (strict 1+5, seed2)",current,387.0,357882.0325520833,
"DC-PPO (strict 1+5, seed2)",current,389.0,355633.3072916667,
"DC-PPO (strict 1+5, seed2)",current,391.0,354017.578125,
"DC-PPO (strict 1+5, seed2)",current,393.0,352179.9934895833,
"DC-PPO (strict 1+5, seed2)",current,395.0,354920.7330729167,
"DC-PPO (strict 1+5, seed2)",current,397.0,356448.8098958333,
"DC-PPO (strict 1+5, seed2)",current,399.0,357941.94921875,
"DC-PPO (strict 1+5, seed2)",current,401.0,358012.1484375,
"DC-PPO (strict 1+5, seed2)",current,403.0,359717.8919270833,
"DC-PPO (strict 1+5, seed2)",current,405.0,358199.1510416667,
"DC-PPO (strict 1+5, seed2)",current,407.0,356434.71875,
"DC-PPO (strict 1+5, seed2)",current,409.0,353905.7356770833,
"DC-PPO (strict 1+5, seed2)",current,411.0,352877.19921875,
"DC-PPO (strict 1+5, seed2)",current,413.0,354308.0247395833,
"DC-PPO (strict 1+5, seed2)",current,415.0,356952.63671875,
"DC-PPO (strict 1+5, seed2)",current,417.0,358413.5520833333,
"DC-PPO (strict 1+5, seed2)",current,419.0,357882.6354166667,
"DC-PPO (strict 1+5, seed2)",current,421.0,356243.8177083333,
"DC-PPO (strict 1+5, seed2)",current,423.0,354697.4778645833,
"DC-PPO (strict 1+5, seed2)",current,425.0,355420.2825520833,
"DC-PPO (strict 1+5, seed2)",current,427.0,354710.8125,
"DC-PPO (strict 1+5, seed2)",current,429.0,357382.19921875,
"DC-PPO (strict 1+5, seed2)",current,431.0,357389.2734375,
"DC-PPO (strict 1+5, seed2)",current,433.0,361698.4153645833,
"DC-PPO (strict 1+5, seed2)",current,435.0,363197.9244791667,
"DC-PPO (strict 1+5, seed2)",current,437.0,365212.6341145833,
"DC-PPO (strict 1+5, seed2)",current,439.0,364565.1796875,
"DC-PPO (strict 1+5, seed2)",current,441.0,364734.8684895833,
"DC-PPO (strict 1+5, seed2)",current,443.0,366007.9192708333,
"DC-PPO (strict 1+5, seed2)",current,445.0,368685.4635416667,
"DC-PPO (strict 1+5, seed2)",current,447.0,370689.6888020833,
"DC-PPO (strict 1+5, seed2)",current,449.0,370790.2408854167,
"DC-PPO (strict 1+5, seed2)",current,451.0,369120.0208333333,
"DC-PPO (strict 1+5, seed2)",current,453.0,368289.8151041667,
"DC-PPO (strict 1+5, seed2)",current,455.0,369020.22265625,
"DC-PPO (strict 1+5, seed2)",current,457.0,369745.5911458333,
"DC-PPO (strict 1+5, seed2)",current,459.0,367313.52734375,
"DC-PPO (strict 1+5, seed2)",current,461.0,365700.6380208333,
"DC-PPO (strict 1+5, seed2)",current,463.0,364062.6549479167,
"DC-PPO (strict 1+5, seed2)",current,465.0,365559.203125,
"DC-PPO (strict 1+5, seed2)",current,467.0,365014.3984375,
"DC-PPO (strict 1+5, seed2)",current,469.0,365749.84375,
"DC-PPO (strict 1+5, seed2)",current,471.0,367659.8411458333,
"DC-PPO (strict 1+5, seed2)",current,473.0,370822.578125,
"DC-PPO (strict 1+5, seed2)",current,475.0,372906.0924479167,
"DC-PPO (strict 1+5, seed2)",current,477.0,372350.7630208333,
"DC-PPO (strict 1+5, seed2)",current,479.0,371630.8333333333,
"DC-PPO (strict 1+5, seed2)",current,481.0,369648.9440104167,
"DC-PPO (strict 1+5, seed2)",current,483.0,368832.4908854167,
"DC-PPO (strict 1+5, seed2)",current,485.0,367078.9791666667,
"DC-PPO (strict 1+5, seed2)",current,487.0,367930.2109375,
"DC-PPO (strict 1+5, seed2)",current,489.0,367670.8919270833,
"DC-PPO (strict 1+5, seed2)",current,491.0,367696.51171875,
"DC-PPO (strict 1+5, seed2)",current,493.0,369053.3658854167,
"DC-PPO (strict 1+5, seed2)",current,495.0,371293.3815104167,
"DC-PPO (strict 1+5, seed2)",current,497.0,372579.2291666667,
"DC-PPO (strict 1+5, seed2)",current,499.0,371140.5104166667,
"DC-PPO (strict 1+5, seed2)",current,501.0,370161.9869791667,
"DC-PPO (strict 1+5, seed2)",current,503.0,370289.9010416667,
"DC-PPO (strict 1+5, seed2)",current,505.0,370147.4791666667,
"DC-PPO (strict 1+5, seed2)",current,507.0,371026.1614583333,
"DC-PPO (strict 1+5, seed2)",current,509.0,372138.0247395833,
"DC-PPO (strict 1+5, seed2)",current,511.0,372993.8138020833,
"DC-PPO (strict 1+5, seed2)",current,513.0,374262.1419270833,
"DC-PPO (strict 1+5, seed2)",current,515.0,373340.8424479167,
"DC-PPO (strict 1+5, seed2)",current,517.0,373523.7877604167,
"DC-PPO (strict 1+5, seed2)",current,519.0,371187.6028645833,
"DC-PPO (strict 1+5, seed2)",current,521.0,371904.6471354167,
"DC-PPO (strict 1+5, seed2)",current,523.0,372233.4309895833,
"DC-PPO (strict 1+5, seed2)",current,525.0,373437.16015625,
"DC-PPO (strict 1+5, seed2)",current,527.0,375039.109375,
"DC-PPO (strict 1+5, seed2)",current,529.0,375888.1822916667,
"DC-PPO (strict 1+5, seed2)",current,531.0,376168.4049479167,
"DC-PPO (strict 1+5, seed2)",current,533.0,374982.7473958333,
"DC-PPO (strict 1+5, seed2)",current,535.0,375401.8606770833,
"DC-PPO (strict 1+5, seed2)",current,537.0,377645.3046875,
"DC-PPO (strict 1+5, seed2)",current,539.0,380069.59765625,
"DC-PPO (strict 1+5, seed2)",current,541.0,382078.33203125,
"DC-PPO (strict 1+5, seed2)",current,543.0,382946.9947916667,
"DC-PPO (strict 1+5, seed2)",current,545.0,381192.7213541667,
"DC-PPO (strict 1+5, seed2)",current,547.0,379780.7955729167,
"DC-PPO (strict 1+5, seed2)",current,549.0,377887.5182291667,
"DC-PPO (strict 1+5, seed2)",current,551.0,377678.2721354167,
"DC-PPO (strict 1+5, seed2)",current,553.0,376196.2330729167,
"DC-PPO (strict 1+5, seed2)",current,555.0,376249.2473958333,
"DC-PPO (strict 1+5, seed2)",current,557.0,378202.6497395833,
"DC-PPO (strict 1+5, seed2)",current,559.0,380517.71875,
"DC-PPO (strict 1+5, seed2)",current,561.0,382060.46484375,
"DC-PPO (strict 1+5, seed2)",current,563.0,381709.9869791667,
"DC-PPO (strict 1+5, seed2)",current,565.0,381930.0872395833,
"DC-PPO (strict 1+5, seed2)",current,567.0,380807.4114583333,
"DC-PPO (strict 1+5, seed2)",current,569.0,381646.33203125,
"DC-PPO (strict 1+5, seed2)",current,571.0,381790.0494791667,
"DC-PPO (strict 1+5, seed2)",current,573.0,381947.2903645833,
"DC-PPO (strict 1+5, seed2)",current,575.0,379825.74609375,
"DC-PPO (strict 1+5, seed2)",current,577.0,378971.0364583333,
"DC-PPO (strict 1+5, seed2)",current,579.0,378752.3645833333,
"DC-PPO (strict 1+5, seed2)",current,581.0,377223.3606770833,
"DC-PPO (strict 1+5, seed2)",current,583.0,376907.3072916667,
"DC-PPO (strict 1+5, seed2)",current,585.0,376855.5,
"DC-PPO (strict 1+5, seed2)",current,587.0,378596.7473958333,
"DC-PPO (strict 1+5, seed2)",current,589.0,378538.8072916667,
"DC-PPO (strict 1+5, seed2)",current,591.0,379030.62890625,
"DC-PPO (strict 1+5, seed2)",current,593.0,381414.3229166667,
"DC-PPO (strict 1+5, seed2)",current,595.0,382621.8424479167,
"DC-PPO (strict 1+5, seed2)",current,597.0,384121.7552083333,
"DC-PPO (strict 1+5, seed2)",current,599.0,382475.6979166667,
"DC-PPO (strict 1+5, seed2)",current,601.0,382009.5481770833,
"DC-PPO (strict 1+5, seed2)",current,603.0,381660.4440104167,
"DC-PPO (strict 1+5, seed2)",current,605.0,382057.0924479167,
"DC-PPO (strict 1+5, seed2)",current,607.0,379716.8046875,
"DC-PPO (strict 1+5, seed2)",current,609.0,377430.33203125,
"DC-PPO (strict 1+5, seed2)",current,611.0,375849.4934895833,
"DC-PPO (strict 1+5, seed2)",current,613.0,376998.9661458333,
"DC-PPO (strict 1+5, seed2)",current,615.0,377136.12109375,
"DC-PPO (strict 1+5, seed2)",current,617.0,377075.47265625,
"DC-PPO (strict 1+5, seed2)",current,619.0,377740.12109375,
"DC-PPO (strict 1+5, seed2)",current,621.0,379246.1861979167,
"DC-PPO (strict 1+5, seed2)",current,623.0,379344.6770833333,
"DC-PPO (strict 1+5, seed2)",current,625.0,380255.4309895833,
"DC-PPO (strict 1+5, seed2)",current,627.0,380053.6692708333,
"DC-PPO (strict 1+5, seed2)",current,629.0,381063.11328125,
"DC-PPO (strict 1+5, seed2)",current,631.0,379464.09375,
"DC-PPO (strict 1+5, seed2)",current,633.0,380509.7682291667,
"DC-PPO (strict 1+5, seed2)",current,635.0,383776.27734375,
"DC-PPO (strict 1+5, seed2)",current,637.0,386686.2565104167,
"DC-PPO (strict 1+5, seed2)",current,639.0,387137.8567708333,
"DC-PPO (strict 1+5, seed2)",current,641.0,385176.5572916667,
"DC-PPO (strict 1+5, seed2)",current,643.0,387074.3984375,
"DC-PPO (strict 1+5, seed2)",current,645.0,386738.1354166667,
"DC-PPO (strict 1+5, seed2)",current,647.0,385784.9114583333,
"DC-PPO (strict 1+5, seed2)",current,649.0,383176.2447916667,
"DC-PPO (strict 1+5, seed2)",current,651.0,380910.3098958333,
"DC-PPO (strict 1+5, seed2)",current,653.0,381830.1848958333,
"DC-PPO (strict 1+5, seed2)",current,655.0,382026.4283854167,
"DC-PPO (strict 1+5, seed2)",current,657.0,387445.0390625,
"DC-PPO (strict 1+5, seed2)",current,659.0,390125.015625,
"DC-PPO (strict 1+5, seed2)",current,661.0,391826.85546875,
"DC-PPO (strict 1+5, seed2)",current,663.0,390501.7513020833,
"DC-PPO (strict 1+5, seed2)",current,665.0,389583.078125,
"DC-PPO (strict 1+5, seed2)",current,667.0,390737.1640625,
"DC-PPO (strict 1+5, seed2)",current,669.0,390895.8919270833,
"DC-PPO (strict 1+5, seed2)",current,671.0,391528.6432291667,
"DC-PPO (strict 1+5, seed2)",current,673.0,392289.3333333333,
"DC-PPO (strict 1+5, seed2)",current,675.0,393456.8815104167,
"DC-PPO (strict 1+5, seed2)",current,677.0,394217.3645833333,
"DC-PPO (strict 1+5, seed2)",current,679.0,394899.2669270833,
"DC-PPO (strict 1+5, seed2)",current,681.0,394053.7799479167,
"DC-PPO (strict 1+5, seed2)",current,683.0,392384.5286458333,
"DC-PPO (strict 1+5, seed2)",current,685.0,391290.19140625,
"DC-PPO (strict 1+5, seed2)",current,687.0,393278.3515625,
"DC-PPO (strict 1+5, seed2)",current,689.0,394608.0013020833,
"DC-PPO (strict 1+5, seed2)",current,691.0,394285.15625,
"DC-PPO (strict 1+5, seed2)",current,693.0,392544.9557291667,
"DC-PPO (strict 1+5, seed2)",current,695.0,391315.73828125,
"DC-PPO (strict 1+5, seed2)",current,697.0,389855.8046875,
"DC-PPO (strict 1+5, seed2)",current,699.0,389425.9114583333,
"DC-PPO (strict 1+5, seed2)",current,701.0,389096.3450520833,
"DC-PPO (strict 1+5, seed2)",current,703.0,388776.4752604167,
"DC-PPO (strict 1+5, seed2)",current,705.0,386288.6419270833,
"DC-PPO (strict 1+5, seed2)",current,707.0,385464.19921875,
"DC-PPO (strict 1+5, seed2)",current,709.0,383708.9010416667,
"DC-PPO (strict 1+5, seed2)",current,711.0,385907.9270833333,
"DC-PPO (strict 1+5, seed2)",current,713.0,386511.5169270833,
"DC-PPO (strict 1+5, seed2)",current,715.0,387395.21875,
"DC-PPO (strict 1+5, seed2)",current,717.0,387896.5377604167,
"DC-PPO (strict 1+5, seed2)",current,719.0,389082.2994791667,
"DC-PPO (strict 1+5, seed2)",current,721.0,390587.5833333333,
"DC-PPO (strict 1+5, seed2)",current,723.0,390765.9127604167,
"DC-PPO (strict 1+5, seed2)",current,725.0,391823.12109375,
"DC-PPO (strict 1+5, seed2)",current,727.0,392604.3229166667,
"DC-PPO (strict 1+5, seed2)",current,729.0,392424.7760416667,
"DC-PPO (strict 1+5, seed2)",current,731.0,392299.7838541667,
"DC-PPO (strict 1+5, seed2)",current,733.0,394480.390625,
"DC-PPO (strict 1+5, seed2)",current,735.0,396195.1979166667,
"DC-PPO (strict 1+5, seed2)",current,737.0,397555.0078125,
"DC-PPO (strict 1+5, seed2)",current,739.0,394544.5091145833,
"DC-PPO (strict 1+5, seed2)",current,741.0,393116.4244791667,
"DC-PPO (strict 1+5, seed2)",current,743.0,390963.16015625,
"DC-PPO (strict 1+5, seed2)",current,745.0,390572.6432291667,
"DC-PPO (strict 1+5, seed2)",current,747.0,390776.0325520833,
"DC-PPO (strict 1+5, seed2)",current,749.0,390499.3203125,
"DC-PPO (strict 1+5, seed2)",current,751.0,392057.9973958333,
"DC-PPO (strict 1+5, seed2)",current,753.0,392693.2942708333,
"DC-PPO (strict 1+5, seed2)",current,755.0,393465.1328125,
"DC-PPO (strict 1+5, seed2)",current,757.0,394160.4895833333,
"DC-PPO (strict 1+5, seed2)",current,759.0,393124.9010416667,
"DC-PPO (strict 1+5, seed2)",current,761.0,393855.6653645833,
"DC-PPO (strict 1+5, seed2)",current,763.0,392393.0638020833,
"DC-PPO (strict 1+5, seed2)",current,765.0,392688.13671875,
"DC-PPO (strict 1+5, seed2)",current,767.0,392065.3841145833,
"DC-PPO (strict 1+5, seed2)",current,769.0,393273.3776041667,
"DC-PPO (strict 1+5, seed2)",current,771.0,393675.2630208333,
"DC-PPO (strict 1+5, seed2)",current,773.0,394115.265625,
"DC-PPO (strict 1+5, seed2)",current,775.0,393991.36328125,
"DC-PPO (strict 1+5, seed2)",current,777.0,394750.0794270833,
"DC-PPO (strict 1+5, seed2)",current,779.0,394932.8919270833,
"DC-PPO (strict 1+5, seed2)",current,781.0,394597.36328125,
"DC-PPO (strict 1+5, seed2)",current,783.0,394498.04296875,
"DC-PPO (strict 1+5, seed2)",current,785.0,395568.5286458333,
"DC-PPO (strict 1+5, seed2)",current,787.0,395057.4244791667,
"DC-PPO (strict 1+5, seed2)",current,789.0,394865.1979166667,
"DC-PPO (strict 1+5, seed2)",current,791.0,394105.5078125,
"DC-PPO (strict 1+5, seed2)",current,793.0,395291.7916666667,
"DC-PPO (strict 1+5, seed2)",current,795.0,396167.6015625,
"DC-PPO (strict 1+5, seed2)",current,797.0,396817.625,
"DC-PPO (strict 1+5, seed2)",current,799.0,398042.7369791667,
"DC-PPO (strict 1+5, seed2)",current,801.0,399107.0494791667,
"DC-PPO (strict 1+5, seed2)",current,803.0,400277.4609375,
"DC-PPO (strict 1+5, seed2)",current,805.0,400333.4635416667,
"DC-PPO (strict 1+5, seed2)",current,807.0,401453.6484375,
"DC-PPO (strict 1+5, seed2)",current,809.0,399868.2135416667,
"DC-PPO (strict 1+5, seed2)",current,811.0,399898.0234375,
"DC-PPO (strict 1+5, seed2)",current,813.0,399222.5885416667,
"DC-PPO (strict 1+5, seed2)",current,815.0,399710.2526041667,
"DC-PPO (strict 1+5, seed2)",current,817.0,398569.5638020833,
"DC-PPO (strict 1+5, seed2)",current,819.0,396382.4583333333,
"DC-PPO (strict 1+5, seed2)",current,821.0,397221.5078125,
"DC-PPO (strict 1+5, seed2)",current,823.0,399280.7877604167,
"DC-PPO (strict 1+5, seed2)",current,825.0,399870.3229166667,
"DC-PPO (strict 1+5, seed2)",current,827.0,399492.265625,
"DC-PPO (strict 1+5, seed2)",current,829.0,398352.9791666667,
"DC-PPO (strict 1+5, seed2)",current,831.0,398893.0338541667,
"DC-PPO (strict 1+5, seed2)",current,833.0,396911.9322916667,
"DC-PPO (strict 1+5, seed2)",current,835.0,395408.04296875,
"DC-PPO (strict 1+5, seed2)",current,837.0,394514.5494791667,
"DC-PPO (strict 1+5, seed2)",current,839.0,396517.6979166667,
"DC-PPO (strict 1+5, seed2)",current,841.0,397937.4674479167,
"DC-PPO (strict 1+5, seed2)",current,843.0,399417.8971354167,
"DC-PPO (strict 1+5, seed2)",current,845.0,399605.953125,
"DC-PPO (strict 1+5, seed2)",current,847.0,400213.26171875,
"DC-PPO (strict 1+5, seed2)",current,849.0,400900.7630208333,
"DC-PPO (strict 1+5, seed2)",current,851.0,401952.890625,
"DC-PPO (strict 1+5, seed2)",current,853.0,404008.015625,
"DC-PPO (strict 1+5, seed2)",current,855.0,403603.8880208333,
"DC-PPO (strict 1+5, seed2)",current,857.0,401394.8138020833,
"DC-PPO (strict 1+5, seed2)",current,859.0,399950.953125,
"DC-PPO (strict 1+5, seed2)",current,861.0,400219.875,
"DC-PPO (strict 1+5, seed2)",current,863.0,401735.2799479167,
"DC-PPO (strict 1+5, seed2)",current,865.0,400120.83984375,
"DC-PPO (strict 1+5, seed2)",current,867.0,398741.45703125,
"DC-PPO (strict 1+5, seed2)",current,869.0,397916.7578125,
"DC-PPO (strict 1+5, seed2)",current,871.0,399064.3359375,
"DC-PPO (strict 1+5, seed2)",current,873.0,399089.66015625,
"DC-PPO (strict 1+5, seed2)",current,875.0,398066.2356770833,
"DC-PPO (strict 1+5, seed2)",current,877.0,396887.6328125,
"DC-PPO (strict 1+5, seed2)",current,879.0,396568.40234375,
"DC-PPO (strict 1+5, seed2)",current,881.0,396517.1979166667,
"DC-PPO (strict 1+5, seed2)",current,883.0,398298.9231770833,
"DC-PPO (strict 1+5, seed2)",current,885.0,398014.7552083333,
"DC-PPO (strict 1+5, seed2)",current,887.0,399707.9322916667,
"DC-PPO (strict 1+5, seed2)",current,889.0,398622.59765625,
"DC-PPO (strict 1+5, seed2)",current,891.0,399793.0234375,
"DC-PPO (strict 1+5, seed2)",current,893.0,398534.61328125,
"DC-PPO (strict 1+5, seed2)",current,895.0,399423.1822916667,
"DC-PPO (strict 1+5, seed2)",current,897.0,399699.5234375,
"DC-PPO (strict 1+5, seed2)",current,899.0,401606.8880208333,
"DC-PPO (strict 1+5, seed2)",current,901.0,401828.3020833333,
"DC-PPO (strict 1+5, seed2)",current,903.0,401511.9661458333,
"DC-PPO (strict 1+5, seed2)",current,905.0,400825.0768229167,
"DC-PPO (strict 1+5, seed2)",current,907.0,400323.26171875,
"DC-PPO (strict 1+5, seed2)",current,909.0,399900.1510416667,
"DC-PPO (strict 1+5, seed2)",current,911.0,398532.0833333333,
"DC-PPO (strict 1+5, seed2)",current,913.0,396913.203125,
"DC-PPO (strict 1+5, seed2)",current,915.0,396950.4908854167,
"DC-PPO (strict 1+5, seed2)",current,917.0,398316.7942708333,
"DC-PPO (strict 1+5, seed2)",current,919.0,398248.1901041667,
"DC-PPO (strict 1+5, seed2)",current,921.0,398240.0052083333,
"DC-PPO (strict 1+5, seed2)",current,923.0,396930.6354166667,
"DC-PPO (strict 1+5, seed2)",current,925.0,398807.0026041667,
"DC-PPO (strict 1+5, seed2)",current,927.0,399731.4505208333,
"DC-PPO (strict 1+5, seed2)",current,929.0,402084.859375,
"DC-PPO (strict 1+5, seed2)",current,931.0,402473.0247395833,
"DC-PPO (strict 1+5, seed2)",current,933.0,403265.9583333333,
"DC-PPO (strict 1+5, seed2)",current,935.0,403502.7265625,
"DC-PPO (strict 1+5, seed2)",current,937.0,403896.0611979167,
"DC-PPO (strict 1+5, seed2)",current,939.0,402849.3020833333,
"DC-PPO (strict 1+5, seed2)",current,941.0,401088.46875,
"DC-PPO (strict 1+5, seed2)",current,943.0,399868.5208333333,
"DC-PPO (strict 1+5, seed2)",current,945.0,399056.1822916667,
"DC-PPO (strict 1+5, seed2)",current,947.0,401136.4661458333,
"DC-PPO (strict 1+5, seed2)",current,949.0,402260.2734375,
"DC-PPO (strict 1+5, seed2)",current,951.0,403841.828125,
"DC-PPO (strict 1+5, seed2)",current,953.0,403127.6953125,
"DC-PPO (strict 1+5, seed2)",current,955.0,403674.5546875,
"DC-PPO (strict 1+5, seed2)",current,957.0,404601.6770833333,
"DC-PPO (strict 1+5, seed2)",current,959.0,404899.6484375,
"DC-PPO (strict 1+5, seed2)",current,961.0,404099.8333333333,
"DC-PPO (strict 1+5, seed2)",current,963.0,401709.2682291667,
"DC-PPO (strict 1+5, seed2)",current,965.0,398784.4322916667,
"DC-PPO (strict 1+5, seed2)",current,967.0,397800.9973958333,
"DC-PPO (strict 1+5, seed2)",current,969.0,397476.1354166667,
"DC-PPO (strict 1+5, seed2)",current,971.0,398823.3893229167,
"DC-PPO (strict 1+5, seed2)",current,973.0,397390.33203125,
"DC-PPO (strict 1+5, seed2)",current,975.0,397138.0299479167,
"DC-PPO (strict 1+5, seed2)",current,977.0,396579.1875,
"DC-PPO (strict 1+5, seed2)",current,979.0,397162.8815104167,
"DC-PPO (strict 1+5, seed2)",current,981.0,396684.4427083333,
"DC-PPO (strict 1+5, seed2)",current,983.0,395882.9622395833,
"DC-PPO (strict 1+5, seed2)",current,985.0,395881.4583333333,
"DC-PPO (strict 1+5, seed2)",current,987.0,395491.265625,
"DC-PPO (strict 1+5, seed2)",current,989.0,395285.7526041667,
"DC-PPO (strict 1+5, seed2)",current,991.0,394756.5169270833,
"DC-PPO (strict 1+5, seed2)",current,993.0,397069.6393229167,
"DC-PPO (strict 1+5, seed2)",current,995.0,398820.0598958333,
"DC-PPO (strict 1+5, seed2)",current,997.0,400020.4453125,
"DC-PPO (strict 1+5, seed2)",current,999.0,399268.4401041667,
"DC-PPO (strict 1+5, seed2)",current,1001.0,399118.33203125,
"DC-PPO (strict 1+5, seed2)",current,1003.0,398062.74609375,
"DC-PPO (strict 1+5, seed2)",current,1005.0,398015.1627604167,
"DC-PPO (strict 1+5, seed2)",current,1007.0,398943.2174479167,
"DC-PPO (strict 1+5, seed2)",current,1009.0,400186.3307291667,
"DC-PPO (strict 1+5, seed2)",current,1011.0,400630.90625,
"DC-PPO (strict 1+5, seed2)",current,1013.0,401455.3190104167,
"DC-PPO (strict 1+5, seed2)",current,1015.0,403428.8567708333,
"DC-PPO (strict 1+5, seed2)",current,1017.0,404441.4869791667,
"DC-PPO (strict 1+5, seed2)",current,1019.0,403525.0221354167,
"DC-PPO (strict 1+5, seed2)",current,1021.0,401959.3203125,
"DC-PPO (strict 1+5, seed2)",current,1023.0,401307.6549479167,
"DC-PPO (strict 1+5, seed2)",current,1025.0,402535.24609375,
"DC-PPO (strict 1+5, seed2)",current,1027.0,403726.2682291667,
"DC-PPO (strict 1+5, seed2)",current,1029.0,404936.9453125,
"DC-PPO (strict 1+5, seed2)",current,1031.0,404711.64453125,
"DC-PPO (strict 1+5, seed2)",current,1033.0,405069.9114583333,
"DC-PPO (strict 1+5, seed2)",current,1035.0,405798.6848958333,
"DC-PPO (strict 1+5, seed2)",current,1037.0,406606.8567708333,
"DC-PPO (strict 1+5, seed2)",current,1039.0,407476.1484375,
"DC-PPO (strict 1+5, seed2)",current,1041.0,407550.4505208333,
"DC-PPO (strict 1+5, seed2)",current,1043.0,407616.3307291667,
"DC-PPO (strict 1+5, seed2)",current,1045.0,407048.5625,
"DC-PPO (strict 1+5, seed2)",current,1047.0,406606.0260416667,
"DC-PPO (strict 1+5, seed2)",current,1049.0,405956.0286458333,
"DC-PPO (strict 1+5, seed2)",current,1051.0,404800.3802083333,
"DC-PPO (strict 1+5, seed2)",current,1053.0,405393.3385416667,
"DC-PPO (strict 1+5, seed2)",current,1055.0,405491.4453125,
"DC-PPO (strict 1+5, seed2)",current,1057.0,406236.0494791667,
"DC-PPO (strict 1+5, seed2)",current,1059.0,406166.5494791667,
"DC-PPO (strict 1+5, seed2)",current,1061.0,406346.9270833333,
"DC-PPO (strict 1+5, seed2)",current,1063.0,405661.2447916667,
"DC-PPO (strict 1+5, seed2)",current,1065.0,405685.2734375,
"DC-PPO (strict 1+5, seed2)",current,1067.0,405375.2864583333,
"DC-PPO (strict 1+5, seed2)",current,1069.0,406152.2239583333,
"DC-PPO (strict 1+5, seed2)",current,1071.0,405051.7708333333,
"DC-PPO (strict 1+5, seed2)",current,1073.0,405346.0286458333,
"DC-PPO (strict 1+5, seed2)",current,1075.0,406602.0182291667,
"DC-PPO (strict 1+5, seed2)",current,1077.0,408142.7291666667,
"DC-PPO (strict 1+5, seed2)",current,1079.0,408243.9453125,
"DC-PPO (strict 1+5, seed2)",current,1081.0,406890.7083333333,
"DC-PPO (strict 1+5, seed2)",current,1083.0,406627.9401041667,
"DC-PPO (strict 1+5, seed2)",current,1085.0,407599.1119791667,
"DC-PPO (strict 1+5, seed2)",current,1087.0,409356.796875,
"DC-PPO (strict 1+5, seed2)",current,1089.0,409991.7239583333,
"DC-PPO (strict 1+5, seed2)",current,1091.0,409694.5390625,
"DC-PPO (strict 1+5, seed2)",current,1093.0,409232.7369791667,
"DC-PPO (strict 1+5, seed2)",current,1095.0,408785.4583333333,
"DC-PPO (strict 1+5, seed2)",current,1097.0,408379.4479166667,
"DC-PPO (strict 1+5, seed2)",current,1099.0,408007.4973958333,
"DC-PPO (strict 1+5, seed2)",current,1101.0,407112.15625,
"DC-PPO (strict 1+5, seed2)",current,1103.0,408541.859375,
"DC-PPO (strict 1+5, seed2)",current,1105.0,408305.4296875,
"DC-PPO (strict 1+5, seed2)",current,1107.0,408763.1119791667,
"DC-PPO (strict 1+5, seed2)",current,1109.0,406627.2083333333,
"DC-PPO (strict 1+5, seed2)",current,1111.0,405605.4661458333,
"DC-PPO (strict 1+5, seed2)",current,1113.0,404063.1614583333,
"DC-PPO (strict 1+5, seed2)",current,1115.0,402472.3619791667,
"DC-PPO (strict 1+5, seed2)",current,1117.0,399223.9765625,
"DC-PPO (strict 1+5, seed2)",current,1119.0,397934.2721354167,
"DC-PPO (strict 1+5, seed2)",current,1121.0,397252.8229166667,
"DC-PPO (strict 1+5, seed2)",current,1123.0,397819.3723958333,
"DC-PPO (strict 1+5, seed2)",current,1125.0,397579.34375,
"DC-PPO (strict 1+5, seed2)",current,1127.0,397789.1328125,
"DC-PPO (strict 1+5, seed2)",current,1129.0,398307.9231770833,
"DC-PPO (strict 1+5, seed2)",current,1131.0,399314.4895833333,
"DC-PPO (strict 1+5, seed2)",current,1133.0,399616.7708333333,
"DC-PPO (strict 1+5, seed2)",current,1135.0,401134.3489583333,
"DC-PPO (strict 1+5, seed2)",current,1137.0,401637.390625,
"DC-PPO (strict 1+5, seed2)",current,1139.0,401800.4583333333,
"DC-PPO (strict 1+5, seed2)",current,1141.0,401075.6861979167,
"DC-PPO (strict 1+5, seed2)",current,1143.0,399822.55859375,
"DC-PPO (strict 1+5, seed2)",current,1145.0,400430.4609375,
"DC-PPO (strict 1+5, seed2)",current,1147.0,401054.125,
"DC-PPO (strict 1+5, seed2)",current,1149.0,402135.34375,
"DC-PPO (strict 1+5, seed2)",current,1151.0,401665.9140625,
"DC-PPO (strict 1+5, seed2)",current,1153.0,401378.4895833333,
"DC-PPO (strict 1+5, seed2)",current,1155.0,401565.4557291667,
"DC-PPO (strict 1+5, seed2)",current,1157.0,401826.765625,
"DC-PPO (strict 1+5, seed2)",current,1159.0,402450.1901041667,
"DC-PPO (strict 1+5, seed2)",current,1161.0,402574.8385416667,
"DC-PPO (strict 1+5, seed2)",current,1163.0,402258.8307291667,
"DC-PPO (strict 1+5, seed2)",current,1165.0,403073.8854166667,
"DC-PPO (strict 1+5, seed2)",current,1167.0,403723.6822916667,
"DC-PPO (strict 1+5, seed2)",current,1169.0,405877.3046875,
"DC-PPO (strict 1+5, seed2)",current,1171.0,406137.625,
"DC-PPO (strict 1+5, seed2)",current,1173.0,405748.6953125,
"DC-PPO (strict 1+5, seed2)",current,1175.0,405586.6223958333,
"DC-PPO (strict 1+5, seed2)",current,1177.0,406414.6145833333,
"DC-PPO (strict 1+5, seed2)",current,1179.0,407215.7213541667,
"DC-PPO (strict 1+5, seed2)",current,1181.0,407337.4010416667,
"DC-PPO (strict 1+5, seed2)",current,1183.0,406111.2630208333,
"DC-PPO (strict 1+5, seed2)",current,1185.0,405718.7734375,
"DC-PPO (strict 1+5, seed2)",current,1187.0,407513.7213541667,
"DC-PPO (strict 1+5, seed2)",current,1189.0,410109.7473958333,
"DC-PPO (strict 1+5, seed2)",current,1191.0,413352.390625,
"DC-PPO (strict 1+5, seed2)",current,1193.0,414072.828125,
"DC-PPO (strict 1+5, seed2)",current,1195.0,413717.5520833333,
"DC-PPO (strict 1+5, seed2)",current,1197.0,413014.7734375,
"DC-PPO (strict 1+5, seed2)",current,1199.0,412708.21875,
"DC-PPO (strict 1+5, seed2)",current,1201.0,414157.4244791667,
"DC-PPO (strict 1+5, seed2)",current,1203.0,415446.125,
"DC-PPO (strict 1+5, seed2)",current,1205.0,416045.8984375,
"DC-PPO (strict 1+5, seed2)",current,1207.0,415579.1666666667,
"DC-PPO (strict 1+5, seed2)",current,1209.0,416491.5,
"DC-PPO (strict 1+5, seed2)",current,1211.0,417566.1276041667,
"DC-PPO (strict 1+5, seed2)",current,1213.0,418917.6796875,
"DC-PPO (strict 1+5, seed2)",current,1215.0,419125.2942708333,
"DC-PPO (strict 1+5, seed2)",current,1217.0,420165.6614583333,
"DC-PPO (strict 1+5, seed2)",current,1219.0,420211.2552083333,
"DC-PPO (strict 1+5, seed2)",current,1221.0,420269.9322916667,
"DC-PPO (strict 1+5, seed2)",current,1223.0,419395.3151041667,
"DC-PPO (strict 1+5, seed2)",current,1225.0,419055.9947916667,
"DC-PPO (strict 1+5, seed2)",current,1227.0,416925.2916666667,
"DC-PPO (strict 1+5, seed2)",current,1229.0,415288.0755208333,
"DC-PPO (strict 1+5, seed2)",current,1231.0,413830.984375,
"DC-PPO (strict 1+5, seed2)",current,1233.0,413143.9635416667,
"DC-PPO (strict 1+5, seed2)",current,1235.0,412648.8645833333,
"DC-PPO (strict 1+5, seed2)",current,1237.0,412463.2395833333,
"DC-PPO (strict 1+5, seed2)",current,1239.0,412658.0,
"DC-PPO (strict 1+5, seed2)",current,1241.0,412610.2578125,
"DC-PPO (strict 1+5, seed2)",current,1243.0,412940.1927083333,
"DC-PPO (strict 1+5, seed2)",current,1245.0,413741.0755208333,
"DC-PPO (strict 1+5, seed2)",current,1247.0,415120.8333333333,
"DC-PPO (strict 1+5, seed2)",current,1249.0,415115.2161458333,
"DC-PPO (strict 1+5, seed2)",current,1251.0,415832.46875,
"DC-PPO (strict 1+5, seed2)",current,1253.0,415187.84375,
"DC-PPO (strict 1+5, seed2)",current,1255.0,415605.7526041667,
"DC-PPO (strict 1+5, seed2)",current,1257.0,414170.1640625,
"DC-PPO (strict 1+5, seed2)",current,1259.0,415069.6510416667,
"DC-PPO (strict 1+5, seed2)",current,1261.0,415098.4140625,
"DC-PPO (strict 1+5, seed2)",current,1263.0,415756.7291666667,
"DC-PPO (strict 1+5, seed2)",current,1265.0,414533.3203125,
"DC-PPO (strict 1+5, seed2)",current,1267.0,414174.2838541667,
"DC-PPO (strict 1+5, seed2)",current,1269.0,414677.4375,
"DC-PPO (strict 1+5, seed2)",current,1271.0,415005.6848958333,
"DC-PPO (strict 1+5, seed2)",current,1273.0,415970.2526041667,
"DC-PPO (strict 1+5, seed2)",current,1275.0,417431.5442708333,
"DC-PPO (strict 1+5, seed2)",current,1277.0,418023.8958333333,
"DC-PPO (strict 1+5, seed2)",current,1279.0,418917.5807291667,
"DC-PPO (strict 1+5, seed2)",current,1281.0,418974.5286458333,
"DC-PPO (strict 1+5, seed2)",current,1283.0,420470.4739583333,
"DC-PPO (strict 1+5, seed2)",current,1285.0,419641.0729166667,
"DC-PPO (strict 1+5, seed2)",current,1287.0,419342.7473958333,
"DC-PPO (strict 1+5, seed2)",current,1289.0,418181.5833333333,
"DC-PPO (strict 1+5, seed2)",current,1291.0,418542.4088541667,
"DC-PPO (strict 1+5, seed2)",current,1293.0,418038.4348958333,
"DC-PPO (strict 1+5, seed2)",current,1295.0,418589.7109375,
"DC-PPO (strict 1+5, seed2)",current,1297.0,419634.7526041667,
"DC-PPO (strict 1+5, seed2)",current,1299.0,419905.9505208333,
"DC-PPO (strict 1+5, seed2)",current,1301.0,419489.8671875,
"DC-PPO (strict 1+5, seed2)",current,1303.0,418071.25,
"DC-PPO (strict 1+5, seed2)",current,1305.0,418329.7890625,
"DC-PPO (strict 1+5, seed2)",current,1307.0,420490.6171875,
"DC-PPO (strict 1+5, seed2)",current,1309.0,422940.078125,
"DC-PPO (strict 1+5, seed2)",current,1311.0,423860.2369791667,
"DC-PPO (strict 1+5, seed2)",current,1313.0,422141.5,
"DC-PPO (strict 1+5, seed2)",current,1315.0,421664.0807291667,
"DC-PPO (strict 1+5, seed2)",current,1317.0,421701.5286458333,
"DC-PPO (strict 1+5, seed2)",current,1319.0,422796.5234375,
"DC-PPO (strict 1+5, seed2)",current,1321.0,422917.8828125,
"DC-PPO (strict 1+5, seed2)",current,1323.0,423365.7604166667,
"DC-PPO (strict 1+5, seed2)",current,1325.0,423959.5286458333,
"DC-PPO (strict 1+5, seed2)",current,1327.0,424184.8984375,
"DC-PPO (strict 1+5, seed2)",current,1329.0,424503.90625,
"DC-PPO (strict 1+5, seed2)",current,1331.0,424308.2369791667,
"DC-PPO (strict 1+5, seed2)",current,1333.0,423916.5833333333,
"DC-PPO (strict 1+5, seed2)",current,1335.0,423025.421875,
"DC-PPO (strict 1+5, seed2)",current,1337.0,423173.4947916667,
"DC-PPO (strict 1+5, seed2)",current,1339.0,423082.4010416667,
"DC-PPO (strict 1+5, seed2)",current,1341.0,423081.2395833333,
"DC-PPO (strict 1+5, seed2)",current,1343.0,421117.8203125,
"DC-PPO (strict 1+5, seed2)",current,1345.0,420386.1927083333,
"DC-PPO (strict 1+5, seed2)",current,1347.0,419425.1640625,
"DC-PPO (strict 1+5, seed2)",current,1349.0,418938.0546875,
"DC-PPO (strict 1+5, seed2)",current,1351.0,418607.9869791667,
"DC-PPO (strict 1+5, seed2)",current,1353.0,418618.7760416667,
"DC-PPO (strict 1+5, seed2)",current,1355.0,419521.546875,
"DC-PPO (strict 1+5, seed2)",current,1357.0,419267.3255208333,
"DC-PPO (strict 1+5, seed2)",current,1359.0,419655.1979166667,
"DC-PPO (strict 1+5, seed2)",current,1361.0,419403.578125,
"DC-PPO (strict 1+5, seed2)",current,1363.0,418356.4140625,
"DC-PPO (strict 1+5, seed2)",current,1365.0,417522.3125,
"DC-PPO (strict 1+5, seed2)",current,1367.0,416013.6927083333,
"DC-PPO (strict 1+5, seed2)",current,1369.0,416510.0364583333,
"DC-PPO (strict 1+5, seed2)",current,1371.0,415582.5,
"DC-PPO (strict 1+5, seed2)",current,1373.0,416926.9609375,
"DC-PPO (strict 1+5, seed2)",current,1375.0,417231.3385416667,
"DC-PPO (strict 1+5, seed2)",current,1377.0,418046.4609375,
"DC-PPO (strict 1+5, seed2)",current,1379.0,418554.140625,
"DC-PPO (strict 1+5, seed2)",current,1381.0,418779.8125,
"DC-PPO (strict 1+5, seed2)",current,1383.0,419882.8255208333,
"DC-PPO (strict 1+5, seed2)",current,1385.0,420374.4010416667,
"DC-PPO (strict 1+5, seed2)",current,1387.0,421773.109375,
"DC-PPO (strict 1+5, seed2)",current,1389.0,421602.5677083333,
"DC-PPO (strict 1+5, seed2)",current,1391.0,422571.6302083333,
"DC-PPO (strict 1+5, seed2)",current,1393.0,422526.4296875,
"DC-PPO (strict 1+5, seed2)",current,1395.0,423111.8723958333,
"DC-PPO (strict 1+5, seed2)",current,1397.0,421852.3723958333,
"DC-PPO (strict 1+5, seed2)",current,1399.0,421307.4869791667,
"DC-PPO (strict 1+5, seed2)",current,1401.0,421369.4661458333,
"DC-PPO (strict 1+5, seed2)",current,1403.0,421488.5755208333,
"DC-PPO (strict 1+5, seed2)",current,1405.0,422059.2708333333,
"DC-PPO (strict 1+5, seed2)",current,1407.0,421871.28125,
"DC-PPO (strict 1+5, seed2)",current,1409.0,422428.3880208333,
"DC-PPO (strict 1+5, seed2)",current,1411.0,424062.5494791667,
"DC-PPO (strict 1+5, seed2)",current,1413.0,426343.3255208333,
"DC-PPO (strict 1+5, seed2)",current,1415.0,429001.2135416667,
"DC-PPO (strict 1+5, seed2)",current,1417.0,428684.59375,
"DC-PPO (strict 1+5, seed2)",current,1419.0,428421.5364583333,
"DC-PPO (strict 1+5, seed2)",current,1421.0,426757.9635416667,
"DC-PPO (strict 1+5, seed2)",current,1423.0,426047.5208333333,
"DC-PPO (strict 1+5, seed2)",current,1425.0,425864.4661458333,
"DC-PPO (strict 1+5, seed2)",current,1427.0,425218.3177083333,
"DC-PPO (strict 1+5, seed2)",current,1429.0,425326.0989583333,
"DC-PPO (strict 1+5, seed2)",current,1431.0,424094.0234375,
"DC-PPO (strict 1+5, seed2)",current,1433.0,424352.890625,
"DC-PPO (strict 1+5, seed2)",current,1435.0,423927.90625,
"DC-PPO (strict 1+5, seed2)",current,1437.0,423500.2317708333,
"DC-PPO (strict 1+5, seed2)",current,1439.0,423118.3177083333,
"DC-PPO (strict 1+5, seed2)",current,1441.0,423654.9947916667,
"DC-PPO (strict 1+5, seed2)",current,1443.0,423106.3177083333,
"DC-PPO (strict 1+5, seed2)",current,1445.0,423425.65625,
"DC-PPO (strict 1+5, seed2)",current,1447.0,422635.8697916667,
"DC-PPO (strict 1+5, seed2)",current,1449.0,423728.6484375,
"DC-PPO (strict 1+5, seed2)",current,1451.0,423394.953125,
"DC-PPO (strict 1+5, seed2)",current,1453.0,424076.359375,
"DC-PPO (strict 1+5, seed2)",current,1455.0,424111.9557291667,
"DC-PPO (strict 1+5, seed2)",current,1457.0,424072.7890625,
"DC-PPO (strict 1+5, seed2)",current,1459.0,424934.5651041667,
"DC-PPO (strict 1+5, seed2)",current,1461.0,426723.625,
"DC-PPO (strict 1+5, seed2)",current,1463.0,429404.4583333333,
"DC-PPO (strict 1+5, seed2)",current,1465.0,430866.5625,
"DC-PPO (strict 1+5, seed2)",current,1467.0,431422.0989583333,
"DC-PPO (strict 1+5, seed2)",current,1469.0,431388.6822916667,
"DC-PPO (strict 1+5, seed2)",current,1471.0,430729.6328125,
"DC-PPO (strict 1+5, seed2)",current,1473.0,431700.7734375,
"DC-PPO (strict 1+5, seed2)",current,1475.0,432165.8203125,
"DC-PPO (strict 1+5, seed2)",current,1477.0,433539.6979166667,
"DC-PPO (strict 1+5, seed2)",current,1479.0,433460.3229166667,
"DC-PPO (strict 1+5, seed2)",current,1481.0,434208.7630208333,
"DC-PPO (strict 1+5, seed2)",current,1483.0,433612.125,
"DC-PPO (strict 1+5, seed2)",current,1485.0,432656.8723958333,
"DC-PPO (strict 1+5, seed2)",current,1487.0,432327.703125,
"DC-PPO (strict 1+5, seed2)",current,1489.0,432630.2864583333,
"DC-PPO (strict 1+5, seed2)",current,1491.0,432792.1692708333,
"DC-PPO (strict 1+5, seed2)",current,1493.0,432197.125,
"DC-PPO (strict 1+5, seed2)",current,1495.0,431013.3802083333,
"DC-PPO (strict 1+5, seed2)",current,1497.0,430367.6380208333,
"DC-PPO (strict 1+5, seed2)",current,1499.0,430141.8177083333,
"DC-PPO (strict 1+5, seed2)",current,1501.0,430361.2447916667,
"DC-PPO (strict 1+5, seed2)",current,1503.0,430483.1927083333,
"DC-PPO (strict 1+5, seed2)",current,1505.0,429956.1770833333,
"DC-PPO (strict 1+5, seed2)",current,1507.0,430395.4869791667,
"DC-PPO (strict 1+5, seed2)",current,1509.0,430852.6328125,
"DC-PPO (strict 1+5, seed2)",current,1511.0,431904.15625,
"DC-PPO (strict 1+5, seed2)",current,1513.0,432595.1432291667,
"DC-PPO (strict 1+5, seed2)",current,1515.0,434053.1041666667,
"DC-PPO (strict 1+5, seed2)",current,1517.0,434306.5859375,
"DC-PPO (strict 1+5, seed2)",current,1519.0,435569.3932291667,
"DC-PPO (strict 1+5, seed2)",current,1521.0,435558.9609375,
"DC-PPO (strict 1+5, seed2)",current,1523.0,435554.0598958333,
"DC-PPO (strict 1+5, seed2)",current,1525.0,433149.1302083333,
"DC-PPO (strict 1+5, seed2)",current,1527.0,431847.953125,
"DC-PPO (strict 1+5, seed2)",current,1529.0,430653.9166666667,
"DC-PPO (strict 1+5, seed2)",current,1531.0,429739.8880208333,
"DC-PPO (strict 1+5, seed2)",current,1533.0,428626.3489583333,
"DC-PPO (strict 1+5, seed2)",current,1535.0,428927.3307291667,
"DC-PPO (strict 1+5, seed2)",current,1537.0,430686.6536458333,
"DC-PPO (strict 1+5, seed2)",current,1539.0,432087.6432291667,
"DC-PPO (strict 1+5, seed2)",current,1541.0,432967.71875,
"DC-PPO (strict 1+5, seed2)",current,1543.0,433705.1328125,
"DC-PPO (strict 1+5, seed2)",current,1545.0,433954.78125,
"DC-PPO (strict 1+5, seed2)",current,1547.0,433467.9557291667,
"DC-PPO (strict 1+5, seed2)",current,1549.0,433888.5208333333,
"DC-PPO (strict 1+5, seed2)",current,1551.0,435073.5625,
"DC-PPO (strict 1+5, seed2)",current,1553.0,436248.8880208333,
"DC-PPO (strict 1+5, seed2)",current,1555.0,436425.6875,
"DC-PPO (strict 1+5, seed2)",current,1557.0,437280.4296875,
"DC-PPO (strict 1+5, seed2)",current,1559.0,438189.2552083333,
"DC-PPO (strict 1+5, seed2)",current,1561.0,437808.9114583333,
"DC-PPO (strict 1+5, seed2)",current,1563.0,436372.2526041667,
"DC-PPO (strict 1+5, seed2)",current,1565.0,435585.4453125,
"DC-PPO (strict 1+5, seed2)",current,1567.0,434154.9973958333,
"DC-PPO (strict 1+5, seed2)",current,1569.0,433039.2135416667,
"DC-PPO (strict 1+5, seed2)",current,1571.0,431726.6901041667,
"DC-PPO (strict 1+5, seed2)",current,1573.0,431413.328125,
"DC-PPO (strict 1+5, seed2)",current,1575.0,431341.3385416667,
"DC-PPO (strict 1+5, seed2)",current,1577.0,430821.8880208333,
"DC-PPO (strict 1+5, seed2)",current,1579.0,432022.1848958333,
"DC-PPO (strict 1+5, seed2)",current,1581.0,433341.8333333333,
"DC-PPO (strict 1+5, seed2)",current,1583.0,434085.7786458333,
"DC-PPO (strict 1+5, seed2)",current,1585.0,433912.7395833333,
"DC-PPO (strict 1+5, seed2)",current,1587.0,432637.8802083333,
"DC-PPO (strict 1+5, seed2)",current,1589.0,432066.3958333333,
"DC-PPO (strict 1+5, seed2)",current,1591.0,431590.4427083333,
"DC-PPO (strict 1+5, seed2)",current,1593.0,430960.4192708333,
"DC-PPO (strict 1+5, seed2)",current,1595.0,431193.0234375,
"DC-PPO (strict 1+5, seed2)",current,1597.0,431335.90625,
"DC-PPO (strict 1+5, seed2)",current,1599.0,431672.8958333333,
"DC-PPO (strict 1+5, seed2)",current,1601.0,430699.2421875,
"DC-PPO (strict 1+5, seed2)",current,1603.0,429427.9244791667,
"DC-PPO (strict 1+5, seed2)",current,1605.0,428978.140625,
"DC-PPO (strict 1+5, seed2)",current,1607.0,429363.5234375,
"DC-PPO (strict 1+5, seed2)",current,1609.0,428694.1692708333,
"DC-PPO (strict 1+5, seed2)",current,1611.0,428634.734375,
"DC-PPO (strict 1+5, seed2)",current,1613.0,428635.0520833333,
"DC-PPO (strict 1+5, seed2)",current,1615.0,428345.2890625,
"DC-PPO (strict 1+5, seed2)",current,1617.0,427672.2864583333,
"DC-PPO (strict 1+5, seed2)",current,1619.0,427079.5182291667,
"DC-PPO (strict 1+5, seed2)",current,1621.0,427540.9479166667,
"DC-PPO (strict 1+5, seed2)",current,1623.0,427935.359375,
"DC-PPO (strict 1+5, seed2)",current,1625.0,428906.5859375,
"DC-PPO (strict 1+5, seed2)",current,1627.0,430226.9010416667,
"DC-PPO (strict 1+5, seed2)",current,1629.0,430942.40625,
"DC-PPO (strict 1+5, seed2)",current,1631.0,430755.9453125,
"DC-PPO (strict 1+5, seed2)",current,1633.0,430582.7916666667,
"DC-PPO (strict 1+5, seed2)",current,1635.0,431032.921875,
"DC-PPO (strict 1+5, seed2)",current,1637.0,432119.0208333333,
"DC-PPO (strict 1+5, seed2)",current,1639.0,432453.3125,
"DC-PPO (strict 1+5, seed2)",current,1641.0,432801.203125,
"DC-PPO (strict 1+5, seed2)",current,1643.0,431760.8463541667,
"DC-PPO (strict 1+5, seed2)",current,1645.0,432720.2916666667,
"DC-PPO (strict 1+5, seed2)",current,1647.0,433178.34375,
"DC-PPO (strict 1+5, seed2)",current,1649.0,434423.1640625,
"DC-PPO (strict 1+5, seed2)",current,1651.0,433816.984375,
"DC-PPO (strict 1+5, seed2)",current,1653.0,433232.9140625,
"DC-PPO (strict 1+5, seed2)",current,1655.0,433542.0494791667,
"DC-PPO (strict 1+5, seed2)",current,1657.0,433305.9088541667,
"DC-PPO (strict 1+5, seed2)",current,1659.0,433674.78125,
"DC-PPO (strict 1+5, seed2)",current,1661.0,432435.7161458333,
"DC-PPO (strict 1+5, seed2)",current,1663.0,433510.4114583333,
"DC-PPO (strict 1+5, seed2)",current,1665.0,433271.015625,
"DC-PPO (strict 1+5, seed2)",current,1667.0,433525.296875,
"DC-PPO (strict 1+5, seed2)",current,1669.0,431808.1927083333,
"DC-PPO (strict 1+5, seed2)",current,1671.0,430832.4661458333,
"DC-PPO (strict 1+5, seed2)",current,1673.0,430078.2786458333,
"DC-PPO (strict 1+5, seed2)",current,1675.0,429653.984375,
"DC-PPO (strict 1+5, seed2)",current,1677.0,430203.1614583333,
"DC-PPO (strict 1+5, seed2)",current,1679.0,430722.71875,
"DC-PPO (strict 1+5, seed2)",current,1681.0,431784.5078125,
"DC-PPO (strict 1+5, seed2)",current,1683.0,432669.3072916667,
"DC-PPO (strict 1+5, seed2)",current,1685.0,433580.8645833333,
"DC-PPO (strict 1+5, seed2)",current,1687.0,435078.8463541667,
"DC-PPO (strict 1+5, seed2)",current,1689.0,436063.0755208333,
"DC-PPO (strict 1+5, seed2)",current,1691.0,436387.3098958333,
"DC-PPO (strict 1+5, seed2)",current,1693.0,436646.1510416667,
"DC-PPO (strict 1+5, seed2)",current,1695.0,436567.8984375,
"DC-PPO (strict 1+5, seed2)",current,1697.0,436936.7578125,
"DC-PPO (strict 1+5, seed2)",current,1699.0,437481.1875,
"DC-PPO (strict 1+5, seed2)",current,1701.0,437401.0260416667,
"DC-PPO (strict 1+5, seed2)",current,1703.0,437542.8125,
"DC-PPO (strict 1+5, seed2)",current,1705.0,437261.34375,
"DC-PPO (strict 1+5, seed2)",current,1707.0,436714.6953125,
"DC-PPO (strict 1+5, seed2)",current,1709.0,435121.2630208333,
"DC-PPO (strict 1+5, seed2)",current,1711.0,433043.3567708333,
"DC-PPO (strict 1+5, seed2)",current,1713.0,433033.0442708333,
"DC-PPO (strict 1+5, seed2)",current,1715.0,434782.1927083333,
"DC-PPO (strict 1+5, seed2)",current,1717.0,435978.3984375,
"DC-PPO (strict 1+5, seed2)",current,1719.0,435924.3151041667,
"DC-PPO (strict 1+5, seed2)",current,1721.0,435451.5260416667,
"DC-PPO (strict 1+5, seed2)",current,1723.0,435421.5625,
"DC-PPO (strict 1+5, seed2)",current,1725.0,437231.546875,
"DC-PPO (strict 1+5, seed2)",current,1727.0,439223.875,
"DC-PPO (strict 1+5, seed2)",current,1729.0,441118.5729166667,
"DC-PPO (strict 1+5, seed2)",current,1731.0,440628.59375,
"DC-PPO (strict 1+5, seed2)",current,1733.0,439268.3098958333,
"DC-PPO (strict 1+5, seed2)",current,1735.0,437758.7682291667,
"DC-PPO (strict 1+5, seed2)",current,1737.0,438053.9921875,
"DC-PPO (strict 1+5, seed2)",current,1739.0,438727.7760416667,
"DC-PPO (strict 1+5, seed2)",current,1741.0,440702.7526041667,
"DC-PPO (strict 1+5, seed2)",current,1743.0,441039.0,
"DC-PPO (strict 1+5, seed2)",current,1745.0,441117.3229166667,
"DC-PPO (strict 1+5, seed2)",current,1747.0,440115.8984375,
"DC-PPO (strict 1+5, seed2)",current,1749.0,438964.6276041667,
"DC-PPO (strict 1+5, seed2)",current,1751.0,437968.6458333333,
"DC-PPO (strict 1+5, seed2)",current,1753.0,437845.8229166667,
"DC-PPO (strict 1+5, seed2)",current,1755.0,437935.84375,
"DC-PPO (strict 1+5, seed2)",current,1757.0,438918.0677083333,
"DC-PPO (strict 1+5, seed2)",current,1759.0,438769.2994791667,
"DC-PPO (strict 1+5, seed2)",current,1761.0,439654.6796875,
"DC-PPO (strict 1+5, seed2)",current,1763.0,439295.140625,
"DC-PPO (strict 1+5, seed2)",current,1765.0,438940.5572916667,
"DC-PPO (strict 1+5, seed2)",current,1767.0,437775.1927083333,
"DC-PPO (strict 1+5, seed2)",current,1769.0,436728.625,
"DC-PPO (strict 1+5, seed2)",current,1771.0,436543.7682291667,
"DC-PPO (strict 1+5, seed2)",current,1773.0,436405.6432291667,
"DC-PPO (strict 1+5, seed2)",current,1775.0,435091.5182291667,
"DC-PPO (strict 1+5, seed2)",current,1777.0,434311.7526041667,
"DC-PPO (strict 1+5, seed2)",current,1779.0,433143.5338541667,
"DC-PPO (strict 1+5, seed2)",current,1781.0,433924.765625,
"DC-PPO (strict 1+5, seed2)",current,1783.0,433388.0078125,
"DC-PPO (strict 1+5, seed2)",current,1785.0,433838.296875,
"DC-PPO (strict 1+5, seed2)",current,1787.0,433080.2682291667,
"DC-PPO (strict 1+5, seed2)",current,1789.0,432068.9557291667,
"DC-PPO (strict 1+5, seed2)",current,1791.0,430777.53125,
"DC-PPO (strict 1+5, seed2)",current,1793.0,430013.8984375,
"DC-PPO (strict 1+5, seed2)",current,1795.0,430932.96875,
"DC-PPO (strict 1+5, seed2)",current,1797.0,430497.1119791667,
"DC-PPO (strict 1+5, seed2)",current,1799.0,431026.0416666667,
"DC-PPO (strict 1+5, seed2)",current,1801.0,431148.5729166667,
"DC-PPO (strict 1+5, seed2)",current,1803.0,433467.7369791667,
"DC-PPO (strict 1+5, seed2)",current,1805.0,434178.8385416667,
"DC-PPO (strict 1+5, seed2)",current,1807.0,434240.9791666667,
"DC-PPO (strict 1+5, seed2)",current,1809.0,433721.4010416667,
"DC-PPO (strict 1+5, seed2)",current,1811.0,433845.6875,
"DC-PPO (strict 1+5, seed2)",current,1813.0,433193.34375,
"DC-PPO (strict 1+5, seed2)",current,1815.0,432700.0885416667,
"DC-PPO (strict 1+5, seed2)",current,1817.0,431420.5494791667,
"DC-PPO (strict 1+5, seed2)",current,1819.0,431276.4661458333,
"DC-PPO (strict 1+5, seed2)",current,1821.0,432103.4765625,
"DC-PPO (strict 1+5, seed2)",current,1823.0,433194.8177083333,
"DC-PPO (strict 1+5, seed2)",current,1825.0,433681.4635416667,
"DC-PPO (strict 1+5, seed2)",current,1827.0,432055.7447916667,
"DC-PPO (strict 1+5, seed2)",current,1829.0,430290.7734375,
"DC-PPO (strict 1+5, seed2)",current,1831.0,429196.9973958333,
"DC-PPO (strict 1+5, seed2)",current,1833.0,427831.2526041667,
"DC-PPO (strict 1+5, seed2)",current,1835.0,428094.390625,
"DC-PPO (strict 1+5, seed2)",current,1837.0,428191.6223958333,
"DC-PPO (strict 1+5, seed2)",current,1839.0,429049.2317708333,
"DC-PPO (strict 1+5, seed2)",current,1841.0,430781.078125,
"DC-PPO (strict 1+5, seed2)",current,1843.0,431744.2630208333,
"DC-PPO (strict 1+5, seed2)",current,1845.0,433764.0885416667,
"DC-PPO (strict 1+5, seed2)",current,1847.0,434648.2734375,
"DC-PPO (strict 1+5, seed2)",current,1849.0,436021.1380208333,
"DC-PPO (strict 1+5, seed2)",current,1851.0,436349.203125,
"DC-PPO (strict 1+5, seed2)",current,1853.0,435681.0390625,
"DC-PPO (strict 1+5, seed2)",current,1855.0,434739.3229166667,
"DC-PPO (strict 1+5, seed2)",current,1857.0,433838.4375,
"DC-PPO (strict 1+5, seed2)",current,1859.0,432626.6067708333,
"DC-PPO (strict 1+5, seed2)",current,1861.0,431265.4322916667,
"DC-PPO (strict 1+5, seed2)",current,1863.0,430475.2890625,
"DC-PPO (strict 1+5, seed2)",current,1865.0,430564.3854166667,
"DC-PPO (strict 1+5, seed2)",current,1867.0,432246.2473958333,
"DC-PPO (strict 1+5, seed2)",current,1869.0,432468.625,
"DC-PPO (strict 1+5, seed2)",current,1871.0,433714.1666666667,
"DC-PPO (strict 1+5, seed2)",current,1873.0,433865.5,
"DC-PPO (strict 1+5, seed2)",current,1875.0,434411.4036458333,
"DC-PPO (strict 1+5, seed2)",current,1877.0,434415.0885416667,
"DC-PPO (strict 1+5, seed2)",current,1879.0,435144.7864583333,
"DC-PPO (strict 1+5, seed2)",current,1881.0,435564.4114583333,
"DC-PPO (strict 1+5, seed2)",current,1883.0,436150.75,
"DC-PPO (strict 1+5, seed2)",current,1885.0,436600.2994791667,
"DC-PPO (strict 1+5, seed2)",current,1887.0,437620.6510416667,
"DC-PPO (strict 1+5, seed2)",current,1889.0,438966.6640625,
"DC-PPO (strict 1+5, seed2)",current,1891.0,439720.109375,
"DC-PPO (strict 1+5, seed2)",current,1893.0,441113.2083333333,
"DC-PPO (strict 1+5, seed2)",current,1895.0,439714.2109375,
"DC-PPO (strict 1+5, seed2)",current,1897.0,438403.8854166667,
"DC-PPO (strict 1+5, seed2)",current,1899.0,435331.140625,
"DC-PPO (strict 1+5, seed2)",current,1901.0,433848.2526041667,
"DC-PPO (strict 1+5, seed2)",current,1903.0,432356.9869791667,
"DC-PPO (strict 1+5, seed2)",current,1905.0,431997.78125,
"DC-PPO (strict 1+5, seed2)",current,1907.0,432447.3880208333,
"DC-PPO (strict 1+5, seed2)",current,1909.0,432105.0130208333,
"DC-PPO (strict 1+5, seed2)",current,1911.0,432266.0052083333,
"DC-PPO (strict 1+5, seed2)",current,1913.0,431793.1119791667,
"DC-PPO (strict 1+5, seed2)",current,1915.0,431782.5130208333,
"DC-PPO (strict 1+5, seed2)",current,1917.0,431404.1119791667,
"DC-PPO (strict 1+5, seed2)",current,1919.0,431901.328125,
"DC-PPO (strict 1+5, seed2)",current,1921.0,432675.6979166667,
"DC-PPO (strict 1+5, seed2)",current,1923.0,434210.9921875,
"DC-PPO (strict 1+5, seed2)",current,1925.0,435486.5546875,
"DC-PPO (strict 1+5, seed2)",current,1927.0,435936.1223958333,
"DC-PPO (strict 1+5, seed2)",current,1929.0,435271.7239583333,
"DC-PPO (strict 1+5, seed2)",current,1931.0,434902.5234375,
"DC-PPO (strict 1+5, seed2)",current,1933.0,435992.7265625,
"DC-PPO (strict 1+5, seed2)",current,1935.0,436888.6015625,
"DC-PPO (strict 1+5, seed2)",current,1937.0,437456.609375,
"DC-PPO (strict 1+5, seed2)",current,1939.0,437104.4661458333,
"DC-PPO (strict 1+5, seed2)",current,1941.0,437762.1796875,
"DC-PPO (strict 1+5, seed2)",current,1943.0,438543.28125,
"DC-PPO (strict 1+5, seed2)",current,1945.0,439256.8411458333,
"DC-PPO (strict 1+5, seed2)",current,1947.0,438234.1588541667,
"DC-PPO (strict 1+5, seed2)",current,1949.0,436250.359375,
"DC-PPO (strict 1+5, seed2)",current,1951.0,434364.2135416667,
"DC-PPO (strict 1+5, seed2)",current,1953.0,434019.1640625,
